   173  2.278629815039994E+05   9.999928  3.716971  4.405437  0.7200000E+00  0.2659559E+00  4.4148454E-05  2.5648146E-03  3.1125577E-05  7.4002602E-04  6.4239375E-03  2.5450983E-06  1.4491123E-05  2.1084332E-03  1.7053625E-04  0.3369    4.405437  -9.522  1.038952  7.518224  0.7169955E+00  0.2686523E+00  3.5019295E-07  2.6172091E-05  7.1255119E-06  4.2397716E-03  5.8293146E-03  2.9301620E-05  2.3654411E-08  2.1084332E-03  1.7053625E-04  5.210E-10  1.484E-16  4.037E+11  2.716E+12  9.609E+01  2.933E+06  0.56809640  9.017E-05  9.017E-05  9.466E-01  0.000E+00  0.000E+00  1.051E+00  323    3.3524  1.01E-02 2.9882E+01 4.9087E+01    5.95E+02 0.00E+00 2.38E+02  0.568190  0.013780 5.95E+02 0.00E+00 2.38E+02  0.568096  0.013779  0.0000000E+00  0.0000000E+00  3.5972208E-08  8.2284307E-02  7.4197413E-02  3.3438807E-04 -1.4962269E-01  7.2904469E-02  5.5079371E-03 0.000 0.339 1.000 1.000 1.000 1.000 1.000 1.000 1.000 1.000 1.000 1.000 1.000 1.000 1.000 1.000 1.000 1.000 1.000 1.000 1.000 1.000 1.000 1.000 1.000 1.000 1.000 1.000 1.000 1.000 1.000 1.000 1.000 1.000 1.000 1.000 1.000 1.000 1.000 1.000  8.4132386485E-02   0.99580   1.00000   0.00000   0.00000   0.1116751E-01
   197  2.768244623923191E+05   9.999913  3.717642  4.405144  0.7200000E+00  0.2659559E+00  4.4148868E-05  2.5648146E-03  3.1125577E-05  7.4002602E-04  6.4239375E-03  2.5450983E-06  1.4491123E-05  2.1084332E-03  1.7053625E-04  0.3372    4.405144  -9.521  1.037444  7.517768  0.7164583E+00  0.2692022E+00  4.2795963E-07  2.6404917E-05  7.1995839E-06  4.3293865E-03  5.7259280E-03  2.9901494E-05  2.4840567E-08  2.1084332E-03  1.7053625E-04  6.120E-10  1.723E-16  4.532E+11  3.155E+12  1.079E+02  3.407E+06  0.56829776  8.992E-05  8.990E-05  9.466E-01  0.000E+00  0.000E+00  1.051E+00  322    3.3922  1.01E-02 2.9865E+01 4.9065E+01    5.94E+02 0.00E+00 2.38E+02  0.568225  0.013801 5.94E+02 0.00E+00 2.38E+02  0.568298  0.013801  0.0000000E+00  0.0000000E+00  7.0803377E-08  8.2524665E-02  7.4188265E-02  3.3333262E-04 -1.4941586E-01  7.2800755E-02  5.5052162E-03 0.000 0.343 1.000 1.000 1.000 1.000 1.000 1.000 1.000 1.000 1.000 1.000 1.000 1.000 1.000 1.000 1.000 1.000 1.000 1.000 1.000 1.000 1.000 1.000 1.000 1.000 1.000 1.000 1.000 1.000 1.000 1.000 1.000 1.000 1.000 1.000 1.000 1.000 1.000 1.000  8.4131169290E-02   0.99508   1.00000   0.00000   0.00000   0.1113883E-01
   208  3.160516583362548E+05   9.999901  3.717870  4.404848  0.7200000E+00  0.2659559E+00  4.4149187E-05  2.5648146E-03  3.1125577E-05  7.4002602E-04  6.4239375E-03  2.5450983E-06  1.4491123E-05  2.1084332E-03  1.7053625E-04  0.3372    4.404848  -9.521  1.036040  7.517370  0.7159516E+00  0.2697208E+00  4.6399521E-07  2.6771741E-05  7.2901464E-06  4.4118533E-03  5.6304428E-03  3.0575509E-05  2.5700550E-08  2.1084332E-03  1.7053625E-04  6.644E-10  1.848E-16  4.831E+11  3.372E+12  1.150E+02  3.642E+06  0.56803395  8.965E-05  8.968E-05  9.467E-01  0.000E+00  0.000E+00  1.051E+00  323    3.3524  1.01E-02 2.9856E+01 4.9054E+01    5.94E+02 0.00E+00 2.38E+02  0.568211  0.013807 5.94E+02 0.00E+00 2.38E+02  0.568034  0.013808  0.0000000E+00  0.0000000E+00  9.9177873E-08  8.2732998E-02  7.4185089E-02  3.3246550E-04 -1.4923480E-01  7.2710258E-02  5.5027610E-03 0.000 0.339 1.000 1.000 1.000 1.000 1.000 1.000 1.000 1.000 1.000 1.000 1.000 1.000 1.000 1.000 1.000 1.000 1.000 1.000 1.000 1.000 1.000 1.000 1.000 1.000 1.000 1.000 1.000 1.000 1.000 1.000 1.000 1.000 1.000 1.000 1.000 1.000 1.000 1.000  8.4130191852E-02   0.99438   1.00000   0.00000   0.00000   0.1112306E-01
   215  3.502759655221234E+05   9.999891  3.718141  4.404550  0.7200000E+00  0.2659559E+00  4.4149491E-05  2.5648146E-03  3.1125577E-05  7.4002602E-04  6.4239375E-03  2.5450983E-06  1.4491123E-05  2.1084332E-03  1.7053625E-04  0.3369    4.404550  -9.521  1.034620  7.516958  0.7154993E+00  0.2701832E+00  5.1406537E-07  2.7346948E-05  7.4505911E-06  4.4822992E-03  5.5484678E-03  3.1102352E-05  2.9484605E-08  2.1084332E-03  1.7053625E-04  7.413E-10  2.020E-16  5.251E+11  3.682E+12  1.250E+02  3.976E+06  0.56797119  8.942E-05  8.944E-05  9.467E-01  0.000E+00  0.000E+00  1.051E+00  323    3.3524  1.01E-02 2.9844E+01 4.9042E+01    5.93E+02 0.00E+00 2.38E+02  0.568354  0.013817 5.93E+02 0.00E+00 2.37E+02  0.567971  0.013817  0.0000000E+00  0.0000000E+00  1.3908995E-07  8.2944491E-02  7.4181438E-02  3.3158568E-04 -1.4905147E-01  7.2618878E-02  5.4996789E-03 0.000 0.339 1.000 1.000 1.000 1.000 1.000 1.000 1.000 1.000 1.000 1.000 1.000 1.000 1.000 1.000 1.000 1.000 1.000 1.000 1.000 1.000 1.000 1.000 1.000 1.000 1.000 1.000 1.000 1.000 1.000 1.000 1.000 1.000 1.000 1.000 1.000 1.000 1.000 1.000  8.4129337920E-02   0.99375   1.00000   0.00000   0.00000   0.1110533E-01
   222  3.915043169692862E+05   9.999878  3.718451  4.404205  0.7200000E+00  0.2659559E+00  4.4149893E-05  2.5648146E-03  3.1125577E-05  7.4002602E-04  6.4239375E-03  2.5450983E-06  1.4491123E-05  2.1084332E-03  1.7053625E-04  0.3368    4.404205  -9.521  1.032906  7.516462  0.7149624E+00  0.2707319E+00  5.4908701E-07  2.8072678E-05  7.6558388E-06  4.5627301E-03  5.4550565E-03  3.1383420E-05  3.3531514E-08  2.1084332E-03  1.7053625E-04  8.237E-10  2.189E-16  5.518E+11  3.864E+12  1.313E+02  4.173E+06  0.56798258  8.916E-05  8.916E-05  9.467E-01  0.000E+00  0.000E+00  1.051E+00  323    3.3524  1.01E-02 2.9830E+01 4.9026E+01    5.93E+02 0.00E+00 2.37E+02  0.568139  0.013828 5.93E+02 0.00E+00 2.37E+02  0.567983  0.013826  0.0000000E+00  0.0000000E+00  1.9498488E-07  8.3197047E-02  7.4173039E-02  3.3050483E-04 -1.4883277E-01  7.2509944E-02  5.4961274E-03 0.000 0.339 1.000 1.000 1.000 1.000 1.000 1.000 1.000 1.000 1.000 1.000 1.000 1.000 1.000 1.000 1.000 1.000 1.000 1.000 1.000 1.000 1.000 1.000 1.000 1.000 1.000 1.000 1.000 1.000 1.000 1.000 1.000 1.000 1.000 1.000 1.000 1.000 1.000 1.000  8.4128308063E-02   0.99300   1.00000   0.00000   0.00000   0.1108692E-01
   227  4.305041088787646E+05   9.999867  3.718802  4.403906  0.7200000E+00  0.2659559E+00  4.4150314E-05  2.5648146E-03  3.1125577E-05  7.4002602E-04  6.4239375E-03  2.5450983E-06  1.4491123E-05  2.1084332E-03  1.7053625E-04  0.3365    4.403906  -9.521  1.031412  7.516022  0.7144598E+00  0.2712449E+00  5.7672373E-07  2.8651403E-05  7.8221952E-06  4.6347538E-03  5.3714327E-03  3.1734402E-05  3.6490338E-08  2.1084332E-03  1.7053625E-04  8.237E-10  2.189E-16  5.719E+11  3.996E+12  1.361E+02  4.316E+06  0.56791817  8.891E-05  8.891E-05  9.467E-01  0.000E+00  0.000E+00  1.051E+00  323    3.3524  1.01E-02 2.9818E+01 4.9012E+01    5.92E+02 0.00E+00 2.37E+02  0.568058  0.013838 5.92E+02 0.00E+00 2.37E+02  0.567918  0.013838  0.0000000E+00  0.0000000E+00  1.9519702E-07  8.3423223E-02  7.4167743E-02  3.2956231E-04 -1.4863859E-01  7.2413064E-02  5.4931409E-03 0.000 0.339 1.000 1.000 1.000 1.000 1.000 1.000 1.000 1.000 1.000 1.000 1.000 1.000 1.000 1.000 1.000 1.000 1.000 1.000 1.000 1.000 1.000 1.000 1.000 1.000 1.000 1.000 1.000 1.000 1.000 1.000 1.000 1.000 1.000 1.000 1.000 1.000 1.000 1.000  8.4127332754E-02   0.99230   1.00000   0.00000   0.00000   0.1106883E-01
   232  4.726238841410013E+05   9.999854  3.719076  4.403586  0.7200000E+00  0.2659559E+00  4.4150814E-05  2.5648146E-03  3.1125577E-05  7.4002602E-04  6.4239375E-03  2.5450983E-06  1.4491123E-05  2.1084332E-03  1.7053625E-04  0.3366    4.403586  -9.520  1.029871  7.515609  0.7139206E+00  0.2717951E+00  6.1271575E-07  2.9343636E-05  8.0191915E-06  4.7092045E-03  5.2850391E-03  3.1878896E-05  4.0908603E-08  2.1084332E-03  1.7053625E-04  9.140E-10  2.361E-16  5.992E+11  4.183E+12  1.426E+02  4.518E+06  0.56769394  8.863E-05  8.867E-05  9.467E-01  0.000E+00  0.000E+00  1.051E+00  323    3.3524  1.01E-02 2.9806E+01 4.8999E+01    5.92E+02 0.00E+00 2.37E+02  0.568220  0.013850 5.92E+02 0.00E+00 2.37E+02  0.567694  0.013846  0.0000000E+00  0.0000000E+00  2.7400164E-07  8.3649367E-02  7.4163512E-02  3.2863461E-04 -1.4844459E-01  7.2316070E-02  5.4906114E-03 0.000 0.339 1.000 1.000 1.000 1.000 1.000 1.000 1.000 1.000 1.000 1.000 1.000 1.000 1.000 1.000 1.000 1.000 1.000 1.000 1.000 1.000 1.000 1.000 1.000 1.000 1.000 1.000 1.000 1.000 1.000 1.000 1.000 1.000 1.000 1.000 1.000 1.000 1.000 1.000  8.4126277055E-02   0.99155   1.00000   0.00000   0.00000   0.1105961E-01
   237  5.272235928142710E+05   9.999838  3.719628  4.403257  0.7200000E+00  0.2659559E+00  4.4151539E-05  2.5648146E-03  3.1125578E-05  7.4002602E-04  6.4239375E-03  2.5450983E-06  1.4491123E-05  2.1084332E-03  1.7053625E-04  0.3362    4.403257  -9.519  1.028192  7.515128  0.7132299E+00  0.2724989E+00  6.4042270E-07  2.9951327E-05  8.1939497E-06  4.8001887E-03  5.1797663E-03  3.2156095E-05  4.3647513E-08  2.1084332E-03  1.7053625E-04  9.140E-10  2.361E-16  6.185E+11  4.300E+12  1.472E+02  4.644E+06  0.56768477  8.834E-05  8.838E-05  9.467E-01  0.000E+00  0.000E+00  1.051E+00  323    3.3524  1.01E-02 2.9791E+01 4.8980E+01    5.91E+02 0.00E+00 2.37E+02  0.568133  0.013864 5.91E+02 0.00E+00 2.36E+02  0.567685  0.013864  0.0000000E+00  0.0000000E+00  2.7454050E-07  8.3914098E-02  7.4157160E-02  3.2754256E-04 -1.4822089E-01  7.2203871E-02  5.4881074E-03 0.000 0.339 1.000 1.000 1.000 1.000 1.000 1.000 1.000 1.000 1.000 1.000 1.000 1.000 1.000 1.000 1.000 1.000 1.000 1.000 1.000 1.000 1.000 1.000 1.000 1.000 1.000 1.000 1.000 1.000 1.000 1.000 1.000 1.000 1.000 1.000 1.000 1.000 1.000 1.000  8.4124906740E-02   0.99060   1.00000   0.00000   0.00000   0.1102538E-01
   242  5.850992840079367E+05   9.999820  3.720029  4.402924  0.7200000E+00  0.2659559E+00  4.4152407E-05  2.5648146E-03  3.1125578E-05  7.4002602E-04  6.4239375E-03  2.5450983E-06  1.4491123E-05  2.1084332E-03  1.7053625E-04  0.3363    4.402924  -9.519  1.026560  7.514701  0.7125030E+00  0.2732391E+00  6.7154305E-07  3.0671568E-05  8.3970864E-06  4.8917687E-03  5.0739243E-03  3.2117097E-05  4.7516084E-08  2.1084332E-03  1.7053625E-04  9.900E-10  2.486E-16  6.410E+11  4.443E+12  1.525E+02  4.798E+06  0.56775554  8.809E-05  8.810E-05  9.467E-01  0.000E+00  0.000E+00  1.051E+00  323    3.3524  1.00E-02 2.9774E+01 4.8960E+01    5.91E+02 0.00E+00 2.36E+02  0.568074  0.013881 5.91E+02 0.00E+00 2.36E+02  0.567756  0.013877  0.0000000E+00  0.0000000E+00  3.5794850E-07  8.4164978E-02  7.4147592E-02  3.2648281E-04 -1.4800880E-01  7.2097147E-02  5.4865799E-03 0.000 0.339 1.000 1.000 1.000 1.000 1.000 1.000 1.000 1.000 1.000 1.000 1.000 1.000 1.000 1.000 1.000 1.000 1.000 1.000 1.000 1.000 1.000 1.000 1.000 1.000 1.000 1.000 1.000 1.000 1.000 1.000 1.000 1.000 1.000 1.000 1.000 1.000 1.000 1.000  8.4123449206E-02   0.98959   1.00000   0.00000   0.00000   0.1100362E-01
   247  6.560789052831874E+05   9.999798  3.720749  4.402600  0.7200000E+00  0.2659559E+00  4.4153624E-05  2.5648146E-03  3.1125581E-05  7.4002602E-04  6.4239375E-03  2.5450983E-06  1.4491123E-05  2.1084332E-03  1.7053625E-04  0.3359    4.402600  -9.518  1.024907  7.514257  0.7116218E+00  0.2741356E+00  6.9257688E-07  3.1220010E-05  8.5505392E-06  4.9969833E-03  4.9527402E-03  3.2133078E-05  4.8877617E-08  2.1084332E-03  1.7053625E-04  9.900E-10  2.486E-16  6.547E+11  4.515E+12  1.558E+02  4.876E+06  0.56781590  8.780E-05  8.781E-05  9.467E-01  0.000E+00  0.000E+00  1.051E+00  323    3.3524  1.00E-02 2.9754E+01 4.8937E+01    5.90E+02 0.00E+00 2.36E+02  0.567982  0.013900 5.90E+02 0.00E+00 2.36E+02  0.567816  0.013900  0.0000000E+00  0.0000000E+00  3.5912330E-07  8.4438681E-02  7.4138408E-02  3.2534503E-04 -1.4778160E-01  7.1982247E-02  5.4856441E-03 0.000 0.339 1.000 1.000 1.000 1.000 1.000 1.000 1.000 1.000 1.000 1.000 1.000 1.000 1.000 1.000 1.000 1.000 1.000 1.000 1.000 1.000 1.000 1.000 1.000 1.000 1.000 1.000 1.000 1.000 1.000 1.000 1.000 1.000 1.000 1.000 1.000 1.000 1.000 1.000  8.4121656958E-02   0.98836   1.00000   0.00000   0.00000   0.1097420E-01
   253  7.412544508134882E+05   9.999773  3.721521  4.402286  0.7200000E+00  0.2659559E+00  4.4155323E-05  2.5648146E-03  3.1125586E-05  7.4002602E-04  6.4239375E-03  2.5450983E-06  1.4491123E-05  2.1084332E-03  1.7053625E-04  0.3357    4.402286  -9.516  1.023363  7.513880  0.7105737E+00  0.2752009E+00  6.9134888E-07  3.1695496E-05  8.6802966E-06  5.1164640E-03  4.8159513E-03  3.1542542E-05  4.7599838E-08  2.1084332E-03  1.7053625E-04  9.904E-10  2.438E-16  6.502E+11  4.454E+12  1.547E+02  4.810E+06  0.56794302  8.751E-05  8.752E-05  9.467E-01  0.000E+00  0.000E+00  1.051E+00  323    3.3524  1.00E-02 2.9731E+01 4.8910E+01    5.89E+02 0.00E+00 2.36E+02  0.568081  0.013925 5.89E+02 0.00E+00 2.36E+02  0.567943  0.013925  0.0000000E+00  0.0000000E+00  3.6094386E-07  8.4704547E-02  7.4128453E-02  3.2423810E-04 -1.4756329E-01  7.1870759E-02  5.4866299E-03 0.000 0.339 1.000 1.000 1.000 1.000 1.000 1.000 1.000 1.000 1.000 1.000 1.000 1.000 1.000 1.000 1.000 1.000 1.000 1.000 1.000 1.000 1.000 1.000 1.000 1.000 1.000 1.000 1.000 1.000 1.000 1.000 1.000 1.000 1.000 1.000 1.000 1.000 1.000 1.000  8.4119495429E-02   0.98691   1.00000   0.00000   0.00000   0.1094178E-01
   259  8.264299963437890E+05   9.999747  3.722295  4.401995  0.7200000E+00  0.2659559E+00  4.4157305E-05  2.5648146E-03  3.1125599E-05  7.4002602E-04  6.4239375E-03  2.5450983E-06  1.4491123E-05  2.1084332E-03  1.7053625E-04  0.3356    4.401995  -9.514  1.021948  7.513548  0.7095333E+00  0.2762576E+00  6.8934614E-07  3.2133425E-05  8.7977929E-06  5.2289005E-03  4.6873891E-03  3.0834616E-05  4.6023734E-08  2.1084332E-03  1.7053625E-04  9.904E-10  2.438E-16  6.456E+11  4.396E+12  1.536E+02  4.748E+06  0.56794077  8.722E-05  8.726E-05  9.467E-01  0.000E+00  0.000E+00  1.051E+00  323    3.3524  9.99E-03 2.9708E+01 4.8884E+01    5.88E+02 0.00E+00 2.36E+02  0.568357  0.013950 5.88E+02 0.00E+00 2.35E+02  0.567941  0.013950  0.0000000E+00  0.0000000E+00  3.6297404E-07  8.4953228E-02  7.4119326E-02  3.2321079E-04 -1.4736073E-01  7.1766907E-02  5.4881880E-03 0.000 0.339 1.000 1.000 1.000 1.000 1.000 1.000 1.000 1.000 1.000 1.000 1.000 1.000 1.000 1.000 1.000 1.000 1.000 1.000 1.000 1.000 1.000 1.000 1.000 1.000 1.000 1.000 1.000 1.000 1.000 1.000 1.000 1.000 1.000 1.000 1.000 1.000 1.000 1.000  8.4117322684E-02   0.98546   1.00000   0.00000   0.00000   0.1090916E-01
   266  9.258014661291400E+05   9.999716  3.723212  4.401687  0.7200000E+00  0.2659559E+00  4.4160005E-05  2.5648146E-03  3.1125632E-05  7.4002602E-04  6.4239375E-03  2.5450983E-06  1.4491123E-05  2.1084332E-03  1.7053625E-04  0.3354    4.401687  -9.512  1.020421  7.513202  0.7083276E+00  0.2774812E+00  6.8682536E-07  3.2617900E-05  8.9262253E-06  5.3520588E-03  4.5466094E-03  3.0008223E-05  4.4139985E-08  2.1084332E-03  1.7053625E-04  9.906E-10  2.396E-16  6.407E+11  4.335E+12  1.525E+02  4.682E+06  0.56811333  8.692E-05  8.696E-05  9.466E-01  0.000E+00  0.000E+00  1.051E+00  323    3.3524  9.97E-03 2.9682E+01 4.8853E+01    5.88E+02 0.00E+00 2.35E+02  0.568515  0.013979 5.88E+02 0.00E+00 2.35E+02  0.568113  0.013979  0.0000000E+00  0.0000000E+00  3.6529037E-07  8.5227055E-02  7.4107454E-02  3.2207073E-04 -1.4713945E-01  7.1653101E-02  5.4905689E-03 0.000 0.339 1.000 1.000 1.000 1.000 1.000 1.000 1.000 1.000 1.000 1.000 1.000 1.000 1.000 1.000 1.000 1.000 1.000 1.000 1.000 1.000 1.000 1.000 1.000 1.000 1.000 1.000 1.000 1.000 1.000 1.000 1.000 1.000 1.000 1.000 1.000 1.000 1.000 1.000  8.4114773059E-02   0.98379   1.00000   0.00000   0.00000   0.1087266E-01
   273  1.025172935914491E+06   9.999685  3.724142  4.401403  0.7200000E+00  0.2659559E+00  4.4163156E-05  2.5648145E-03  3.1125703E-05  7.4002602E-04  6.4239375E-03  2.5450983E-06  1.4491123E-05  2.1084332E-03  1.7053625E-04  0.3352    4.401403  -9.510  1.018997  7.512894  0.7071296E+00  0.2786959E+00  6.8420284E-07  3.3082947E-05  9.0487101E-06  5.4674998E-03  4.4146540E-03  2.9212387E-05  4.2332827E-08  2.1084332E-03  1.7053625E-04  9.908E-10  2.360E-16  6.364E+11  4.280E+12  1.515E+02  4.622E+06  0.56830611  8.665E-05  8.668E-05  9.466E-01  0.000E+00  0.000E+00  1.051E+00  323    3.3524  9.95E-03 2.9656E+01 4.8822E+01    5.87E+02 0.00E+00 2.35E+02  0.568695  0.014009 5.87E+02 0.00E+00 2.35E+02  0.568306  0.014009  0.0000000E+00  0.0000000E+00  3.6770097E-07  8.5486902E-02  7.4096078E-02  3.2099477E-04 -1.4693115E-01  7.1545600E-02  5.4934284E-03 0.000 0.339 1.000 1.000 1.000 1.000 1.000 1.000 1.000 1.000 1.000 1.000 1.000 1.000 1.000 1.000 1.000 1.000 1.000 1.000 1.000 1.000 1.000 1.000 1.000 1.000 1.000 1.000 1.000 1.000 1.000 1.000 1.000 1.000 1.000 1.000 1.000 1.000 1.000 1.000  8.4112206846E-02   0.98212   1.00000   0.00000   0.00000   0.1083651E-01
   280  1.124544405699841E+06   9.999655  3.725086  4.401145  0.7200000E+00  0.2659559E+00  4.4166788E-05  2.5648144E-03  3.1125848E-05  7.4002603E-04  6.4239375E-03  2.5450983E-06  1.4491123E-05  2.1084332E-03  1.7053625E-04  0.3350    4.401145  -9.508  1.017676  7.512617  0.7059384E+00  0.2799029E+00  6.8147772E-07  3.3531332E-05  9.1665190E-06  5.5760444E-03  4.2905732E-03  2.8453723E-05  4.0639990E-08  2.1084332E-03  1.7053625E-04  9.908E-10  2.360E-16  6.324E+11  4.229E+12  1.505E+02  4.568E+06  0.56864028  8.641E-05  8.642E-05  9.465E-01  0.000E+00  0.000E+00  1.051E+00  323    3.3524  9.94E-03 2.9630E+01 4.8791E+01    5.86E+02 0.00E+00 2.35E+02  0.568739  0.014039 5.86E+02 0.00E+00 2.35E+02  0.568640  0.014040  0.0000000E+00  0.0000000E+00  3.7006578E-07  8.5733804E-02  7.4082391E-02  3.1995363E-04 -1.4673476E-01  7.1443939E-02  5.4967412E-03 0.000 0.339 1.000 1.000 1.000 1.000 1.000 1.000 1.000 1.000 1.000 1.000 1.000 1.000 1.000 1.000 1.000 1.000 1.000 1.000 1.000 1.000 1.000 1.000 1.000 1.000 1.000 1.000 1.000 1.000 1.000 1.000 1.000 1.000 1.000 1.000 1.000 1.000 1.000 1.000  8.4109623535E-02   0.98047   1.00000   0.00000   0.00000   0.1080166E-01
   287  1.223915875485191E+06   9.999624  3.726035  4.400895  0.7200000E+00  0.2659559E+00  4.4170929E-05  2.5648141E-03  3.1126130E-05  7.4002605E-04  6.4239375E-03  2.5450983E-06  1.4491123E-05  2.1084332E-03  1.7053625E-04  0.3349    4.400895  -9.505  1.016434  7.512367  0.7047533E+00  0.2811028E+00  6.7867676E-07  3.3964505E-05  9.2802848E-06  5.6783946E-03  4.1735640E-03  2.7730155E-05  3.9072461E-08  2.1084332E-03  1.7053625E-04  9.910E-10  2.328E-16  6.287E+11  4.183E+12  1.496E+02  4.518E+06  0.56888218  8.616E-05  8.617E-05  9.465E-01  0.000E+00  0.000E+00  1.051E+00  323    3.3524  9.92E-03 2.9605E+01 4.8761E+01    5.86E+02 0.00E+00 2.35E+02  0.569048  0.014071 5.86E+02 0.00E+00 2.35E+02  0.568882  0.014070  0.0000000E+00  0.0000000E+00  3.7275658E-07  8.5970490E-02  7.4071801E-02  3.1898315E-04 -1.4654793E-01  7.1346834E-02  5.5003883E-03 0.000 0.339 1.000 1.000 1.000 1.000 1.000 1.000 1.000 1.000 1.000 1.000 1.000 1.000 1.000 1.000 1.000 1.000 1.000 1.000 1.000 1.000 1.000 1.000 1.000 1.000 1.000 1.000 1.000 1.000 1.000 1.000 1.000 1.000 1.000 1.000 1.000 1.000 1.000 1.000  8.4107022355E-02   0.97882   1.00000   0.00000   0.00000   0.1076512E-01
   294  1.323287345270541E+06   9.999592  3.726999  4.400670  0.7200000E+00  0.2659559E+00  4.4175596E-05  2.5648136E-03  3.1126656E-05  7.4002610E-04  6.4239375E-03  2.5450984E-06  1.4491122E-05  2.1084332E-03  1.7053625E-04  0.3347    4.400670  -9.503  1.015265  7.512142  0.7035738E+00  0.2822963E+00  6.7579922E-07  3.4382663E-05  9.3901685E-06  5.7751514E-03  4.0629415E-03  2.7039121E-05  3.7621670E-08  2.1084332E-03  1.7053625E-04  9.911E-10  2.299E-16  6.253E+11  4.141E+12  1.488E+02  4.472E+06  0.56908808  8.592E-05  8.593E-05  9.464E-01  0.000E+00  0.000E+00  1.051E+00  323    3.3524  9.91E-03 2.9579E+01 4.8730E+01    5.85E+02 0.00E+00 2.35E+02  0.569124  0.014102 5.85E+02 0.00E+00 2.35E+02  0.569088  0.014102  0.0000000E+00  0.0000000E+00  3.7526726E-07  8.6197468E-02  7.4058793E-02  3.1803308E-04 -1.4636998E-01  7.1254123E-02  5.5043906E-03 0.000 0.339 1.000 1.000 1.000 1.000 1.000 1.000 1.000 1.000 1.000 1.000 1.000 1.000 1.000 1.000 1.000 1.000 1.000 1.000 1.000 1.000 1.000 1.000 1.000 1.000 1.000 1.000 1.000 1.000 1.000 1.000 1.000 1.000 1.000 1.000 1.000 1.000 1.000 1.000  8.4104402998E-02   0.97719   1.00000   0.00000   0.00000   0.1073095E-01
   301  1.422658815055892E+06   9.999561  3.727967  4.400451  0.7200000E+00  0.2659559E+00  4.4180793E-05  2.5648127E-03  3.1127596E-05  7.4002621E-04  6.4239375E-03  2.5450988E-06  1.4491121E-05  2.1084332E-03  1.7053625E-04  0.3345    4.400451  -9.500  1.014160  7.511937  0.7023992E+00  0.2834842E+00  6.7284276E-07  3.4786528E-05  9.4963988E-06  5.8668341E-03  3.9581128E-03  2.6378527E-05  3.6280242E-08  2.1084332E-03  1.7053625E-04  9.608E-10  2.207E-16  6.221E+11  4.101E+12  1.481E+02  4.429E+06  0.56919841  8.566E-05  8.570E-05  9.464E-01  0.000E+00  0.000E+00  1.051E+00  323    3.3524  9.90E-03 2.9555E+01 4.8701E+01    5.85E+02 0.00E+00 2.35E+02  0.569506  0.014133 5.85E+02 0.00E+00 2.34E+02  0.569198  0.014133  0.0000000E+00  0.0000000E+00  3.7810754E-07  8.6416237E-02  7.4048824E-02  3.1714424E-04 -1.4619968E-01  7.1165048E-02  5.5086617E-03 0.000 0.339 1.000 1.000 1.000 1.000 1.000 1.000 1.000 1.000 1.000 1.000 1.000 1.000 1.000 1.000 1.000 1.000 1.000 1.000 1.000 1.000 1.000 1.000 1.000 1.000 1.000 1.000 1.000 1.000 1.000 1.000 1.000 1.000 1.000 1.000 1.000 1.000 1.000 1.000  8.4101764784E-02   0.97555   1.00000   0.00000   0.00000   0.1069505E-01
   309  1.524869469692252E+06   9.999529  3.728979  4.400260  0.7200000E+00  0.2659559E+00  4.4186684E-05  2.5648110E-03  3.1129271E-05  7.4002653E-04  6.4239375E-03  2.5451000E-06  1.4491119E-05  2.1084332E-03  1.7053625E-04  0.3343    4.400260  -9.498  1.013146  7.511764  0.7011980E+00  0.2846985E+00  6.4918938E-07  3.5166732E-05  9.5947419E-06  5.9569131E-03  3.8554389E-03  2.5421397E-05  3.3310528E-08  2.1084332E-03  1.7053625E-04  9.608E-10  2.207E-16  6.016E+11  3.942E+12  1.432E+02  4.257E+06  0.56961274  8.547E-05  8.547E-05  9.463E-01  0.000E+00  0.000E+00  1.051E+00  323    3.3524  9.88E-03 2.9528E+01 4.8669E+01    5.84E+02 0.00E+00 2.34E+02  0.569662  0.014166 5.84E+02 0.00E+00 2.34E+02  0.569613  0.014166  0.0000000E+00  0.0000000E+00  3.4277697E-07  8.6625109E-02  7.4035796E-02  3.1626983E-04 -1.4603864E-01  7.1080363E-02  5.5136053E-03 0.000 0.339 1.000 1.000 1.000 1.000 1.000 1.000 1.000 1.000 1.000 1.000 1.000 1.000 1.000 1.000 1.000 1.000 1.000 1.000 1.000 1.000 1.000 1.000 1.000 1.000 1.000 1.000 1.000 1.000 1.000 1.000 1.000 1.000 1.000 1.000 1.000 1.000 1.000 1.000  8.4099031159E-02   0.97389   1.00000   0.00000   0.00000   0.1066037E-01
   317  1.627080124328613E+06   9.999496  3.729992  4.400063  0.7200000E+00  0.2659559E+00  4.4193091E-05  2.5648079E-03  3.1132067E-05  7.4002732E-04  6.4239375E-03  2.5451035E-06  1.4491114E-05  2.1084332E-03  1.7053625E-04  0.3342    4.400063  -9.495  1.012114  7.511590  0.6999998E+00  0.2859091E+00  6.4602407E-07  3.5563350E-05  9.6996764E-06  6.0422852E-03  3.7578324E-03  2.4762071E-05  3.2164107E-08  2.1084332E-03  1.7053625E-04  9.607E-10  2.186E-16  5.986E+11  3.907E+12  1.425E+02  4.219E+06  0.56987098  8.525E-05  8.525E-05  9.463E-01  0.000E+00  0.000E+00  1.051E+00  323    3.3524  9.87E-03 2.9503E+01 4.8637E+01    5.83E+02 0.00E+00 2.34E+02  0.569869  0.014199 5.83E+02 0.00E+00 2.34E+02  0.569871  0.014199  0.0000000E+00  0.0000000E+00  3.4538530E-07  8.6836096E-02  7.4022931E-02  3.1539342E-04 -1.4587642E-01  7.0995078E-02  5.5185103E-03 0.000 0.339 1.000 1.000 1.000 1.000 1.000 1.000 1.000 1.000 1.000 1.000 1.000 1.000 1.000 1.000 1.000 1.000 1.000 1.000 1.000 1.000 1.000 1.000 1.000 1.000 1.000 1.000 1.000 1.000 1.000 1.000 1.000 1.000 1.000 1.000 1.000 1.000 1.000 1.000  8.4096276884E-02   0.97222   1.00000   0.00000   0.00000   0.1062492E-01
   325  1.729290778964974E+06   9.999463  3.731011  4.399874  0.7199999E+00  0.2659559E+00  4.4199957E-05  2.5648025E-03  3.1136545E-05  7.4002911E-04  6.4239374E-03  2.5451121E-06  1.4491104E-05  2.1084332E-03  1.7053625E-04  0.3340    4.399874  -9.493  1.011137  7.511434  0.6988056E+00  0.2871151E+00  6.4287491E-07  3.5945527E-05  9.8008160E-06  6.1234801E-03  3.6649654E-03  2.4164857E-05  3.1121211E-08  2.1084332E-03  1.7053625E-04  9.606E-10  2.167E-16  5.959E+11  3.874E+12  1.418E+02  4.184E+06  0.57002687  8.501E-05  8.504E-05  9.462E-01  0.000E+00  0.000E+00  1.052E+00  322    3.3524  9.86E-03 2.9478E+01 4.8608E+01    5.83E+02 0.00E+00 2.34E+02  0.570294  0.014233 5.83E+02 0.00E+00 2.34E+02  0.570027  0.014233  0.0000000E+00  0.0000000E+00  3.4818841E-07  8.7039858E-02  7.4013384E-02  3.1443870E-04 -1.4572082E-01  7.0912966E-02  5.5236618E-03 0.000 0.339 1.000 1.000 1.000 1.000 1.000 1.000 1.000 1.000 1.000 1.000 1.000 1.000 1.000 1.000 1.000 1.000 1.000 1.000 1.000 1.000 1.000 1.000 1.000 1.000 1.000 1.000 1.000 1.000 1.000 1.000 1.000 1.000 1.000 1.000 1.000 1.000 1.000 1.000  8.4093501255E-02   0.97056   1.00000   0.00000   0.00000   0.1058873E-01
   333  1.831501433601334E+06   9.999430  3.732038  4.399700  0.7199999E+00  0.2659559E+00  4.4207198E-05  2.5647934E-03  3.1143430E-05  7.4003282E-04  6.4239373E-03  2.5451306E-06  1.4491085E-05  2.1084332E-03  1.7053625E-04  0.3338    4.399700  -9.490  1.010208  7.511295  0.6976149E+00  0.2883170E+00  6.3965791E-07  3.6313786E-05  9.8983478E-06  6.2008597E-03  3.5764530E-03  2.3598059E-05  3.0151150E-08  2.1084332E-03  1.7053625E-04  9.604E-10  2.149E-16  5.933E+11  3.844E+12  1.412E+02  4.152E+06  0.57030488  8.481E-05  8.484E-05  9.462E-01  0.000E+00  0.000E+00  1.052E+00  322    3.3524  9.85E-03 2.9453E+01 4.8578E+01    5.82E+02 0.00E+00 2.34E+02  0.570583  0.014267 5.82E+02 0.00E+00 2.34E+02  0.570305  0.014267  0.0000000E+00  0.0000000E+00  3.5091856E-07  8.7237210E-02  7.4001679E-02  3.1362974E-04 -1.4557104E-01  7.0833705E-02  5.5290536E-03 0.000 0.339 1.000 1.000 1.000 1.000 1.000 1.000 1.000 1.000 1.000 1.000 1.000 1.000 1.000 1.000 1.000 1.000 1.000 1.000 1.000 1.000 1.000 1.000 1.000 1.000 1.000 1.000 1.000 1.000 1.000 1.000 1.000 1.000 1.000 1.000 1.000 1.000 1.000 1.000  8.4090704074E-02   0.96891   1.00000   0.00000   0.00000   0.1055367E-01
   341  1.933712088237695E+06   9.999397  3.733072  4.399536  0.7199999E+00  0.2659559E+00  4.4214704E-05  2.5647785E-03  3.1153614E-05  7.4003992E-04  6.4239371E-03  2.5451674E-06  1.4491049E-05  2.1084332E-03  1.7053625E-04  0.3338    4.399536  -9.487  1.009322  7.511170  0.6964275E+00  0.2895152E+00  6.3637899E-07  3.6668608E-05  9.9924115E-06  6.2747260E-03  3.4919555E-03  2.3055198E-05  2.9242646E-08  2.1084332E-03  1.7053625E-04  9.602E-10  2.132E-16  5.908E+11  3.816E+12  1.406E+02  4.121E+06  0.57059568  8.461E-05  8.464E-05  9.461E-01  0.000E+00  0.000E+00  1.052E+00  322    3.3524  9.84E-03 2.9428E+01 4.8548E+01    5.82E+02 0.00E+00 2.34E+02  0.570855  0.014301 5.82E+02 0.00E+00 2.34E+02  0.570596  0.014301  0.0000000E+00  0.0000000E+00  3.5370559E-07  8.7428682E-02  7.3990081E-02  3.1284639E-04 -1.4542662E-01  7.0757046E-02  5.5346628E-03 0.000 0.339 1.000 1.000 1.000 1.000 1.000 1.000 1.000 1.000 1.000 1.000 1.000 1.000 1.000 1.000 1.000 1.000 1.000 1.000 1.000 1.000 1.000 1.000 1.000 1.000 1.000 1.000 1.000 1.000 1.000 1.000 1.000 1.000 1.000 1.000 1.000 1.000 1.000 1.000  8.4087884801E-02   0.96726   1.00000   0.00000   0.00000   0.1051886E-01
   349  2.035922742874056E+06   9.999364  3.734113  4.399386  0.7199999E+00  0.2659559E+00  4.4222338E-05  2.5647553E-03  3.1168156E-05  7.4005260E-04  6.4239366E-03  2.5452345E-06  1.4490987E-05  2.1084332E-03  1.7053625E-04  0.3337    4.399386  -9.484  1.008477  7.511060  0.6952429E+00  0.2907100E+00  6.3304158E-07  3.7010855E-05  1.0083222E-05  6.3453448E-03  3.4111701E-03  2.2533833E-05  2.8389973E-08  2.1084332E-03  1.7053625E-04  9.602E-10  2.132E-16  5.884E+11  3.789E+12  1.400E+02  4.092E+06  0.57101490  8.444E-05  8.444E-05  9.460E-01  0.000E+00  0.000E+00  1.052E+00  322    3.3524  9.83E-03 2.9403E+01 4.8516E+01    5.81E+02 0.00E+00 2.34E+02  0.571007  0.014335 5.81E+02 0.00E+00 2.34E+02  0.571015  0.014335  0.0000000E+00  0.0000000E+00  3.5641255E-07  8.7614728E-02  7.3975915E-02  3.1206401E-04 -1.4528711E-01  7.0682801E-02  5.5404835E-03 0.000 0.339 1.000 1.000 1.000 1.000 1.000 1.000 1.000 1.000 1.000 1.000 1.000 1.000 1.000 1.000 1.000 1.000 1.000 1.000 1.000 1.000 1.000 1.000 1.000 1.000 1.000 1.000 1.000 1.000 1.000 1.000 1.000 1.000 1.000 1.000 1.000 1.000 1.000 1.000  8.4085043149E-02   0.96562   1.00000   0.00000   0.00000   0.1048512E-01
   357  2.138133397510417E+06   9.999330  3.735156  4.399234  0.7199999E+00  0.2659559E+00  4.4229944E-05  2.5647200E-03  3.1188253E-05  7.4007384E-04  6.4239356E-03  2.5453491E-06  1.4490885E-05  2.1084332E-03  1.7053625E-04  0.3335    4.399234  -9.482  1.007669  7.510961  0.6940610E+00  0.2919017E+00  6.2965937E-07  3.7341362E-05  1.0170992E-05  6.4129490E-03  3.3338305E-03  2.2032431E-05  2.7589719E-08  2.1084332E-03  1.7053625E-04  9.598E-10  2.117E-16  5.861E+11  3.764E+12  1.395E+02  4.065E+06  0.57119998  8.423E-05  8.426E-05  9.460E-01  0.000E+00  0.000E+00  1.052E+00  322    3.3524  9.82E-03 2.9379E+01 4.8488E+01    5.81E+02 0.00E+00 2.34E+02  0.571451  0.014370 5.81E+02 0.00E+00 2.34E+02  0.571200  0.014369  0.0000000E+00  0.0000000E+00  3.5942783E-07  8.7796085E-02  7.3967390E-02  3.1134938E-04 -1.4515195E-01  7.0610566E-02  5.5464570E-03 0.000 0.339 1.000 1.000 1.000 1.000 1.000 1.000 1.000 1.000 1.000 1.000 1.000 1.000 1.000 1.000 1.000 1.000 1.000 1.000 1.000 1.000 1.000 1.000 1.000 1.000 1.000 1.000 1.000 1.000 1.000 1.000 1.000 1.000 1.000 1.000 1.000 1.000 1.000 1.000  8.4082178349E-02   0.96397   1.00000   0.00000   0.00000   0.1044970E-01
   365  2.240344052146778E+06   9.999296  3.736208  4.399100  0.7199999E+00  0.2659559E+00  4.4237344E-05  2.5646686E-03  3.1215221E-05  7.4010760E-04  6.4239338E-03  2.5455338E-06  1.4490728E-05  2.1084332E-03  1.7053625E-04  0.3333    4.399100  -9.479  1.006895  7.510875  0.6928815E+00  0.2930907E+00  6.2622954E-07  3.7660354E-05  1.0255766E-05  6.4777506E-03  3.2596955E-03  2.1549668E-05  2.6832635E-08  2.1084332E-03  1.7053625E-04  9.444E-10  2.070E-16  5.838E+11  3.740E+12  1.390E+02  4.039E+06  0.57147599  8.404E-05  8.407E-05  9.459E-01  0.000E+00  0.000E+00  1.052E+00  322    3.3524  9.81E-03 2.9354E+01 4.8457E+01    5.80E+02 0.00E+00 2.34E+02  0.571603  0.014404 5.80E+02 0.00E+00 2.34E+02  0.571476  0.014404  0.0000000E+00  0.0000000E+00  3.6223442E-07  8.7972666E-02  7.3953519E-02  3.1060954E-04 -1.4502105E-01  7.0540489E-02  5.5526389E-03 0.000 0.339 1.000 1.000 1.000 1.000 1.000 1.000 1.000 1.000 1.000 1.000 1.000 1.000 1.000 1.000 1.000 1.000 1.000 1.000 1.000 1.000 1.000 1.000 1.000 1.000 1.000 1.000 1.000 1.000 1.000 1.000 1.000 1.000 1.000 1.000 1.000 1.000 1.000 1.000  8.4079290488E-02   0.96234   1.00000   0.00000   0.00000   0.1041979E-01
   373  2.342554706783138E+06   9.999262  3.737316  4.398963  0.7199998E+00  0.2659559E+00  4.4244348E-05  2.5645956E-03  3.1250456E-05  7.4015885E-04  6.4239307E-03  2.5458173E-06  1.4490494E-05  2.1084332E-03  1.7053625E-04  0.3335    4.398963  -9.476  1.006210  7.510796  0.6916974E+00  0.2942839E+00  6.2608238E-07  3.8027641E-05  1.0356748E-05  6.5403526E-03  3.1879768E-03  2.1079999E-05  2.6948440E-08  2.1084332E-03  1.7053625E-04  9.603E-10  2.093E-16  5.756E+11  3.668E+12  1.370E+02  3.962E+06  0.57197208  8.389E-05  8.390E-05  9.458E-01  0.000E+00  0.000E+00  1.052E+00  322    3.3524  9.80E-03 2.9327E+01 4.8426E+01    5.80E+02 0.00E+00 2.34E+02  0.572123  0.014438 5.80E+02 0.00E+00 2.34E+02  0.571972  0.014441  0.0000000E+00  0.0000000E+00  3.6525064E-07  8.8142862E-02  7.3942063E-02  3.0991528E-04 -1.4489704E-01  7.0473649E-02  5.5589754E-03 0.000 0.339 1.000 1.000 1.000 1.000 1.000 1.000 1.000 1.000 1.000 1.000 1.000 1.000 1.000 1.000 1.000 1.000 1.000 1.000 1.000 1.000 1.000 1.000 1.000 1.000 1.000 1.000 1.000 1.000 1.000 1.000 1.000 1.000 1.000 1.000 1.000 1.000 1.000 1.000  8.4076378229E-02   0.96066   1.00000   0.00000   0.00000   0.1037725E-01
   381  2.444765361419499E+06   9.999228  3.738407  4.398857  0.7199998E+00  0.2659559E+00  4.4250756E-05  2.5644952E-03  3.1295394E-05  7.4023359E-04  6.4239258E-03  2.5462345E-06  1.4490158E-05  2.1084332E-03  1.7053625E-04  0.3333    4.398857  -9.473  1.005551  7.510753  0.6905256E+00  0.2954643E+00  6.1931046E-07  3.8270027E-05  1.0418095E-05  6.5998481E-03  3.1200052E-03  2.0631673E-05  2.5472159E-08  2.1084332E-03  1.7053625E-04  9.404E-10  2.038E-16  5.805E+11  3.703E+12  1.382E+02  4.000E+06  0.57216130  8.370E-05  8.372E-05  9.458E-01  0.000E+00  0.000E+00  1.052E+00  322    3.3524  9.79E-03 2.9304E+01 4.8397E+01    5.79E+02 0.00E+00 2.34E+02  0.572327  0.014477 5.79E+02 0.00E+00 2.34E+02  0.572161  0.014478  0.0000000E+00  0.0000000E+00  3.6853569E-07  8.8310637E-02  7.3930977E-02  3.0923550E-04 -1.4477375E-01  7.0407268E-02  5.5654856E-03 0.000 0.339 1.000 1.000 1.000 1.000 1.000 1.000 1.000 1.000 1.000 1.000 1.000 1.000 1.000 1.000 1.000 1.000 1.000 1.000 1.000 1.000 1.000 1.000 1.000 1.000 1.000 1.000 1.000 1.000 1.000 1.000 1.000 1.000 1.000 1.000 1.000 1.000 1.000 1.000  8.4073440168E-02   0.95906   1.00000   0.00000   0.00000   0.1034643E-01
   389  2.546976016055860E+06   9.999193  3.739477  4.398745  0.7199997E+00  0.2659560E+00  4.4256363E-05  2.5643607E-03  3.1351480E-05  7.4033886E-04  6.4239181E-03  2.5468264E-06  1.4489693E-05  2.1084332E-03  1.7053625E-04  0.3335    4.398745  -9.470  1.004887  7.510691  0.6893613E+00  0.2966369E+00  6.1692251E-07  3.8571764E-05  1.0499425E-05  6.6565117E-03  3.0551477E-03  2.0202069E-05  2.5084947E-08  2.1084332E-03  1.7053625E-04  9.404E-10  2.038E-16  5.684E+11  3.608E+12  1.353E+02  3.897E+06  0.57264846  8.356E-05  8.356E-05  9.457E-01  0.000E+00  0.000E+00  1.052E+00  322    3.3524  9.78E-03 2.9278E+01 4.8366E+01    5.79E+02 0.00E+00 2.34E+02  0.572620  0.014513 5.79E+02 0.00E+00 2.34E+02  0.572648  0.014513  0.0000000E+00  0.0000000E+00  3.7163807E-07  8.8469271E-02  7.3917269E-02  3.0856808E-04 -1.4465909E-01  7.0345025E-02  5.5722879E-03 0.000 0.339 1.000 1.000 1.000 1.000 1.000 1.000 1.000 1.000 1.000 1.000 1.000 1.000 1.000 1.000 1.000 1.000 1.000 1.000 1.000 1.000 1.000 1.000 1.000 1.000 1.000 1.000 1.000 1.000 1.000 1.000 1.000 1.000 1.000 1.000 1.000 1.000 1.000 1.000  8.4070477816E-02   0.95744   1.00000   0.00000   0.00000   0.1031100E-01
   397  2.649186670692220E+06   9.999159  3.740611  4.398651  0.7199996E+00  0.2659561E+00  4.4260961E-05  2.5641847E-03  3.1420130E-05  7.4048271E-04  6.4239066E-03  2.5476401E-06  1.4489066E-05  2.1084332E-03  1.7053625E-04  0.3332    4.398651  -9.467  1.004278  7.510658  0.6881488E+00  0.2978578E+00  6.0517668E-07  3.8796705E-05  1.0553425E-05  6.7147895E-03  2.9885824E-03  1.9773041E-05  2.3275055E-08  2.1084332E-03  1.7053625E-04  9.482E-10  2.044E-16  5.710E+11  3.619E+12  1.359E+02  3.908E+06  0.57280320  8.337E-05  8.339E-05  9.456E-01  0.000E+00  0.000E+00  1.052E+00  323    3.3124  9.77E-03 2.9252E+01 4.8336E+01    5.78E+02 0.00E+00 2.33E+02  0.572981  0.014551 5.78E+02 0.00E+00 2.33E+02  0.572803  0.014551  0.0000000E+00  0.0000000E+00  3.7493993E-07  8.8633149E-02  7.3907362E-02  3.0791682E-04 -1.4454152E-01  7.0281339E-02  5.5789058E-03 0.000 0.335 1.000 1.000 1.000 1.000 1.000 1.000 1.000 1.000 1.000 1.000 1.000 1.000 1.000 1.000 1.000 1.000 1.000 1.000 1.000 1.000 1.000 1.000 1.000 1.000 1.000 1.000 1.000 1.000 1.000 1.000 1.000 1.000 1.000 1.000 1.000 1.000 1.000 1.000  8.4067489784E-02   0.95576   1.00000   0.00000   0.00000   0.1027829E-01
   405  2.751397325328581E+06   9.999123  3.741685  4.398532  0.7199995E+00  0.2659562E+00  4.4264350E-05  2.5639593E-03  3.1502688E-05  7.4067407E-04  6.4238898E-03  2.5487274E-06  1.4488242E-05  2.1084332E-03  1.7053625E-04  0.3330    4.398532  -9.463  1.003610  7.510609  0.6869521E+00  0.2990625E+00  6.0246318E-07  3.9088443E-05  1.0632192E-05  6.7696726E-03  2.9257662E-03  1.9354044E-05  2.2982603E-08  2.1084332E-03  1.7053625E-04  9.479E-10  2.033E-16  5.700E+11  3.604E+12  1.357E+02  3.893E+06  0.57314598  8.320E-05  8.323E-05  9.456E-01  0.000E+00  0.000E+00  1.052E+00  323    3.3124  9.76E-03 2.9227E+01 4.8307E+01    5.78E+02 0.00E+00 2.33E+02  0.573399  0.014587 5.78E+02 0.00E+00 2.33E+02  0.573146  0.014587  0.0000000E+00  0.0000000E+00  3.7821469E-07  8.8798117E-02  7.3896676E-02  3.0725760E-04 -1.4442212E-01  7.0216702E-02  5.5856668E-03 0.000 0.335 1.000 1.000 1.000 1.000 1.000 1.000 1.000 1.000 1.000 1.000 1.000 1.000 1.000 1.000 1.000 1.000 1.000 1.000 1.000 1.000 1.000 1.000 1.000 1.000 1.000 1.000 1.000 1.000 1.000 1.000 1.000 1.000 1.000 1.000 1.000 1.000 1.000 1.000  8.4064475676E-02   0.95410   1.00000   0.00000   0.00000   0.1024397E-01
   413  2.853607979964942E+06   9.999088  3.742765  4.398424  0.7199993E+00  0.2659563E+00  4.4266332E-05  2.5636763E-03  3.1600406E-05  7.4092268E-04  6.4238662E-03  2.5501450E-06  1.4487186E-05  2.1084332E-03  1.7053625E-04  0.3328    4.398424  -9.460  1.002984  7.510575  0.6857634E+00  0.3002588E+00  5.9881955E-07  3.9359116E-05  1.0704552E-05  6.8220557E-03  2.8658258E-03  1.8953856E-05  2.2493828E-08  2.1084332E-03  1.7053625E-04  9.470E-10  2.022E-16  5.682E+11  3.586E+12  1.352E+02  3.873E+06  0.57362582  8.306E-05  8.306E-05  9.455E-01  0.000E+00  0.000E+00  1.052E+00  323    3.3124  9.76E-03 2.9202E+01 4.8276E+01    5.77E+02 0.00E+00 2.33E+02  0.573583  0.014624 5.77E+02 0.00E+00 2.33E+02  0.573626  0.014624  0.0000000E+00  0.0000000E+00  3.8130844E-07  8.8956781E-02  7.3882736E-02  3.0659544E-04 -1.4430803E-01  7.0154682E-02  5.5926611E-03 0.000 0.335 1.000 1.000 1.000 1.000 1.000 1.000 1.000 1.000 1.000 1.000 1.000 1.000 1.000 1.000 1.000 1.000 1.000 1.000 1.000 1.000 1.000 1.000 1.000 1.000 1.000 1.000 1.000 1.000 1.000 1.000 1.000 1.000 1.000 1.000 1.000 1.000 1.000 1.000  8.4061436136E-02   0.95245   1.00000   0.00000   0.00000   0.1021071E-01
   421  2.955818634601302E+06   9.999053  3.743847  4.398317  0.7199991E+00  0.2659565E+00  4.4266721E-05  2.5633270E-03  3.1714420E-05  7.4123898E-04  6.4238338E-03  2.5519530E-06  1.4485859E-05  2.1084332E-03  1.7053625E-04  0.3326    4.398317  -9.458  1.002384  7.510549  0.6845785E+00  0.3014510E+00  5.9510395E-07  3.9619042E-05  1.0773953E-05  6.8723698E-03  2.8082536E-03  1.8568917E-05  2.1991865E-08  2.1084332E-03  1.7053625E-04  9.461E-10  2.011E-16  5.663E+11  3.569E+12  1.348E+02  3.854E+06  0.57383293  8.288E-05  8.291E-05  9.454E-01  0.000E+00  0.000E+00  1.052E+00  323    3.3124  9.75E-03 2.9178E+01 4.8247E+01    5.77E+02 0.00E+00 2.33E+02  0.573992  0.014660 5.77E+02 0.00E+00 2.33E+02  0.573833  0.014660  0.0000000E+00  0.0000000E+00  3.8459624E-07  8.9112007E-02  7.3871675E-02  3.0597160E-04 -1.4419705E-01  7.0094105E-02  5.5997802E-03 0.000 0.335 1.000 1.000 1.000 1.000 1.000 1.000 1.000 1.000 1.000 1.000 1.000 1.000 1.000 1.000 1.000 1.000 1.000 1.000 1.000 1.000 1.000 1.000 1.000 1.000 1.000 1.000 1.000 1.000 1.000 1.000 1.000 1.000 1.000 1.000 1.000 1.000 1.000 1.000  8.4058370467E-02   0.95080   1.00000   0.00000   0.00000   0.1017643E-01
   429  3.058029289237663E+06   9.999017  3.744932  4.398211  0.7199988E+00  0.2659567E+00  4.4265344E-05  2.5629029E-03  3.1845733E-05  7.4163395E-04  6.4237903E-03  2.5542144E-06  1.4484221E-05  2.1084332E-03  1.7053625E-04  0.3325    4.398211  -9.454  1.001804  7.510531  0.6833959E+00  0.3026407E+00  5.9136798E-07  3.9870191E-05  1.0840997E-05  6.9208295E-03  2.7528026E-03  1.8197387E-05  2.1498216E-08  2.1084332E-03  1.7053625E-04  9.461E-10  2.011E-16  5.644E+11  3.552E+12  1.343E+02  3.836E+06  0.57421808  8.273E-05  8.275E-05  9.453E-01  0.000E+00  0.000E+00  1.053E+00  323    3.3124  9.74E-03 2.9154E+01 4.8219E+01    5.76E+02 0.00E+00 2.33E+02  0.574447  0.014697 5.76E+02 0.00E+00 2.33E+02  0.574218  0.014697  0.0000000E+00  0.0000000E+00  3.8803666E-07  8.9264383E-02  7.3860668E-02  3.0536001E-04 -1.4408866E-01  7.0034753E-02  5.6070173E-03 0.000 0.335 1.000 1.000 1.000 1.000 1.000 1.000 1.000 1.000 1.000 1.000 1.000 1.000 1.000 1.000 1.000 1.000 1.000 1.000 1.000 1.000 1.000 1.000 1.000 1.000 1.000 1.000 1.000 1.000 1.000 1.000 1.000 1.000 1.000 1.000 1.000 1.000 1.000 1.000  8.4055278437E-02   0.94916   1.00000   0.00000   0.00000   0.1014176E-01
   437  3.160239943874024E+06   9.998981  3.746025  4.398120  0.7199984E+00  0.2659571E+00  4.4262042E-05  2.5623954E-03  3.1995208E-05  7.4211905E-04  6.4237331E-03  2.5569937E-06  1.4482233E-05  2.1084332E-03  1.7053625E-04  0.3323    4.398120  -9.451  1.001244  7.510520  0.6822148E+00  0.3038285E+00  5.8761854E-07  4.0113695E-05  1.0906009E-05  6.9675782E-03  2.6993084E-03  1.7838127E-05  2.1020625E-08  2.1084332E-03  1.7053625E-04  9.451E-10  2.001E-16  5.625E+11  3.536E+12  1.339E+02  3.819E+06  0.57455446  8.257E-05  8.260E-05  9.453E-01  0.000E+00  0.000E+00  1.053E+00  323    3.3124  9.74E-03 2.9129E+01 4.8188E+01    5.76E+02 0.00E+00 2.33E+02  0.574661  0.014734 5.76E+02 0.00E+00 2.33E+02  0.574554  0.014734  0.0000000E+00  0.0000000E+00  3.9127062E-07  8.9413933E-02  7.3846998E-02  3.0473819E-04 -1.4398275E-01  6.9976668E-02  5.6143980E-03 0.000 0.335 1.000 1.000 1.000 1.000 1.000 1.000 1.000 1.000 1.000 1.000 1.000 1.000 1.000 1.000 1.000 1.000 1.000 1.000 1.000 1.000 1.000 1.000 1.000 1.000 1.000 1.000 1.000 1.000 1.000 1.000 1.000 1.000 1.000 1.000 1.000 1.000 1.000 1.000  8.4052159760E-02   0.94752   1.00000   0.00000   0.00000   0.1010883E-01
   445  3.262450598510385E+06   9.998945  3.747120  4.398028  0.7199979E+00  0.2659575E+00  4.4256669E-05  2.5617957E-03  3.2163553E-05  7.4270600E-04  6.4236593E-03  2.5603565E-06  1.4479853E-05  2.1084332E-03  1.7053625E-04  0.3321    4.398028  -9.448  1.000702  7.510515  0.6810349E+00  0.3050151E+00  5.8387139E-07  4.0349801E-05  1.0969060E-05  7.0127305E-03  2.6476400E-03  1.7490331E-05  2.0558494E-08  2.1084332E-03  1.7053625E-04  9.441E-10  1.991E-16  5.607E+11  3.520E+12  1.335E+02  3.802E+06  0.57506611  8.245E-05  8.245E-05  9.452E-01  0.000E+00  0.000E+00  1.053E+00  323    3.3124  9.73E-03 2.9104E+01 4.8158E+01    5.75E+02 0.00E+00 2.33E+02  0.575030  0.014771 5.75E+02 0.00E+00 2.33E+02  0.575066  0.014771  0.0000000E+00  0.0000000E+00  3.9467706E-07  8.9561198E-02  7.3833410E-02  3.0412680E-04 -1.4387897E-01  6.9919576E-02  5.6218812E-03 0.000 0.335 1.000 1.000 1.000 1.000 1.000 1.000 1.000 1.000 1.000 1.000 1.000 1.000 1.000 1.000 1.000 1.000 1.000 1.000 1.000 1.000 1.000 1.000 1.000 1.000 1.000 1.000 1.000 1.000 1.000 1.000 1.000 1.000 1.000 1.000 1.000 1.000 1.000 1.000  8.4049013960E-02   0.94588   1.00000   0.00000   0.00000   0.1007527E-01
   453  3.364661253146745E+06   9.998908  3.748220  4.397940  0.7199973E+00  0.2659580E+00  4.4249098E-05  2.5610957E-03  3.2351316E-05  7.4340668E-04  6.4235657E-03  2.5643677E-06  1.4477043E-05  2.1084332E-03  1.7053625E-04  0.3320    4.397940  -9.445  1.000177  7.510516  0.6798556E+00  0.3062007E+00  5.8011705E-07  4.0579169E-05  1.1030331E-05  7.0563841E-03  2.5976856E-03  1.7153321E-05  2.0113255E-08  2.1084332E-03  1.7053625E-04  9.430E-10  1.982E-16  5.589E+11  3.506E+12  1.330E+02  3.786E+06  0.57544460  8.230E-05  8.230E-05  9.451E-01  0.000E+00  0.000E+00  1.053E+00  323    3.3124  9.72E-03 2.9080E+01 4.8129E+01    5.75E+02 0.00E+00 2.33E+02  0.575439  0.014809 5.75E+02 0.00E+00 2.33E+02  0.575445  0.014809  0.0000000E+00  0.0000000E+00  3.9815314E-07  8.9706270E-02  7.3822658E-02  3.0354832E-04 -1.4377722E-01  6.9863430E-02  5.6294648E-03 0.000 0.335 1.000 1.000 1.000 1.000 1.000 1.000 1.000 1.000 1.000 1.000 1.000 1.000 1.000 1.000 1.000 1.000 1.000 1.000 1.000 1.000 1.000 1.000 1.000 1.000 1.000 1.000 1.000 1.000 1.000 1.000 1.000 1.000 1.000 1.000 1.000 1.000 1.000 1.000  8.4045840515E-02   0.94424   1.00000   0.00000   0.00000   0.1004174E-01
   461  3.466871907783106E+06   9.998871  3.749321  4.397852  0.7199965E+00  0.2659587E+00  4.4239218E-05  2.5602873E-03  3.2558898E-05  7.4423303E-04  6.4234489E-03  2.5690911E-06  1.4473764E-05  2.1084332E-03  1.7053625E-04  0.3318    4.397852  -9.442  0.999667  7.510522  0.6786768E+00  0.3073856E+00  5.7636017E-07  4.0802163E-05  1.1089919E-05  7.0986227E-03  2.5493492E-03  1.6826518E-05  1.9684544E-08  2.1084332E-03  1.7053625E-04  9.419E-10  1.973E-16  5.572E+11  3.491E+12  1.326E+02  3.771E+06  0.57568771  8.213E-05  8.216E-05  9.450E-01  0.000E+00  0.000E+00  1.053E+00  323    3.3124  9.72E-03 2.9057E+01 4.8101E+01    5.74E+02 0.00E+00 2.33E+02  0.575925  0.014847 5.74E+02 0.00E+00 2.33E+02  0.575688  0.014847  0.0000000E+00  0.0000000E+00  4.0178647E-07  8.9849430E-02  7.3811907E-02  3.0297831E-04 -1.4367726E-01  6.9808117E-02  5.6371413E-03 0.000 0.335 1.000 1.000 1.000 1.000 1.000 1.000 1.000 1.000 1.000 1.000 1.000 1.000 1.000 1.000 1.000 1.000 1.000 1.000 1.000 1.000 1.000 1.000 1.000 1.000 1.000 1.000 1.000 1.000 1.000 1.000 1.000 1.000 1.000 1.000 1.000 1.000 1.000 1.000  8.4042639179E-02   0.94261   1.00000   0.00000   0.00000   0.1000839E-01
   469  3.569082562419467E+06   9.998834  3.750430  4.397776  0.7199956E+00  0.2659595E+00  4.4226932E-05  2.5593629E-03  3.2786545E-05  7.4519693E-04  6.4233050E-03  2.5745889E-06  1.4469979E-05  2.1084332E-03  1.7053625E-04  0.3317    4.397776  -9.439  0.999172  7.510534  0.6774982E+00  0.3085701E+00  5.7259460E-07  4.1019095E-05  1.1147900E-05  7.1395237E-03  2.5025426E-03  1.6509397E-05  1.9270645E-08  2.1084332E-03  1.7053625E-04  9.419E-10  1.973E-16  5.555E+11  3.478E+12  1.322E+02  3.756E+06  0.57603710  8.199E-05  8.201E-05  9.449E-01  0.000E+00  0.000E+00  1.053E+00  323    3.3124  9.71E-03 2.9032E+01 4.8071E+01    5.74E+02 0.00E+00 2.33E+02  0.576137  0.014885 5.74E+02 0.00E+00 2.33E+02  0.576037  0.014885  0.0000000E+00  0.0000000E+00  4.0520224E-07  8.9990473E-02  7.3798438E-02  3.0239486E-04 -1.4357918E-01  6.9753771E-02  5.6449431E-03 0.000 0.335 1.000 1.000 1.000 1.000 1.000 1.000 1.000 1.000 1.000 1.000 1.000 1.000 1.000 1.000 1.000 1.000 1.000 1.000 1.000 1.000 1.000 1.000 1.000 1.000 1.000 1.000 1.000 1.000 1.000 1.000 1.000 1.000 1.000 1.000 1.000 1.000 1.000 1.000  8.4039409717E-02   0.94097   1.00000   0.00000   0.00000   0.9974955E-02
   477  3.671293217055827E+06   9.998797  3.751541  4.397700  0.7199944E+00  0.2659605E+00  4.4212162E-05  2.5583154E-03  3.3034357E-05  7.4631006E-04  6.4231301E-03  2.5809201E-06  1.4465652E-05  2.1084332E-03  1.7053625E-04  0.3315    4.397700  -9.436  0.998691  7.510552  0.6763197E+00  0.3097544E+00  5.6882389E-07  4.1230242E-05  1.1204349E-05  7.1791569E-03  2.4571857E-03  1.6201497E-05  1.8870980E-08  2.1084332E-03  1.7053625E-04  9.407E-10  1.965E-16  5.538E+11  3.465E+12  1.318E+02  3.742E+06  0.57656112  8.187E-05  8.187E-05  9.448E-01  0.000E+00  0.000E+00  1.053E+00  323    3.3124  9.71E-03 2.9007E+01 4.8040E+01    5.73E+02 0.00E+00 2.33E+02  0.576518  0.014923 5.73E+02 0.00E+00 2.33E+02  0.576561  0.014923  0.0000000E+00  0.0000000E+00  4.0879547E-07  9.0129865E-02  7.3785045E-02  3.0181931E-04 -1.4348268E-01  6.9700151E-02  5.6528316E-03 0.000 0.335 1.000 1.000 1.000 1.000 1.000 1.000 1.000 1.000 1.000 1.000 1.000 1.000 1.000 1.000 1.000 1.000 1.000 1.000 1.000 1.000 1.000 1.000 1.000 1.000 1.000 1.000 1.000 1.000 1.000 1.000 1.000 1.000 1.000 1.000 1.000 1.000 1.000 1.000  8.4036151640E-02   0.93933   1.00000   0.00000   0.00000   0.9941980E-02
   485  3.773503871692188E+06   9.998759  3.752656  4.397626  0.7199930E+00  0.2659618E+00  4.4194844E-05  2.5571381E-03  3.3302311E-05  7.4758391E-04  6.4229200E-03  2.5881408E-06  1.4460751E-05  2.1084332E-03  1.7053625E-04  0.3313    4.397626  -9.433  0.998223  7.510573  0.6751410E+00  0.3109387E+00  5.6505098E-07  4.1436020E-05  1.1259376E-05  7.2175847E-03  2.4132071E-03  1.5902395E-05  1.8486294E-08  2.1084332E-03  1.7053625E-04  9.396E-10  1.957E-16  5.521E+11  3.452E+12  1.314E+02  3.728E+06  0.57679497  8.171E-05  8.174E-05  9.448E-01  0.000E+00  0.000E+00  1.053E+00  323    3.3124  9.70E-03 2.8984E+01 4.8012E+01    5.73E+02 0.00E+00 2.33E+02  0.576941  0.014961 5.73E+02 0.00E+00 2.33E+02  0.576795  0.014961  0.0000000E+00  0.0000000E+00  4.1246221E-07  9.0267632E-02  7.3774454E-02  3.0127411E-04 -1.4338771E-01  6.9647236E-02  5.6608052E-03 0.000 0.335 1.000 1.000 1.000 1.000 1.000 1.000 1.000 1.000 1.000 1.000 1.000 1.000 1.000 1.000 1.000 1.000 1.000 1.000 1.000 1.000 1.000 1.000 1.000 1.000 1.000 1.000 1.000 1.000 1.000 1.000 1.000 1.000 1.000 1.000 1.000 1.000 1.000 1.000  8.4032864386E-02   0.93770   1.00000   0.00000   0.00000   0.9908783E-02
   493  3.875714526328549E+06   9.998721  3.753772  4.397551  0.7199914E+00  0.2659633E+00  4.4174930E-05  2.5558248E-03  3.3590245E-05  7.4902957E-04  6.4226703E-03  2.5963027E-06  1.4455243E-05  2.1084332E-03  1.7053625E-04  0.3312    4.397551  -9.429  0.997768  7.510600  0.6739621E+00  0.3121231E+00  5.6127788E-07  4.1636426E-05  1.1312980E-05  7.2548656E-03  2.3705403E-03  1.5611699E-05  1.8113644E-08  2.1084332E-03  1.7053625E-04  9.383E-10  1.949E-16  5.504E+11  3.439E+12  1.310E+02  3.715E+06  0.57720578  8.158E-05  8.160E-05  9.447E-01  0.000E+00  0.000E+00  1.053E+00  323    3.3124  9.69E-03 2.8960E+01 4.7984E+01    5.72E+02 0.00E+00 2.33E+02  0.577421  0.015000 5.72E+02 0.00E+00 2.33E+02  0.577206  0.015000  0.0000000E+00  0.0000000E+00  4.1628723E-07  9.0403957E-02  7.3763852E-02  3.0073519E-04 -1.4329414E-01  6.9594959E-02  5.6688608E-03 0.000 0.335 1.000 1.000 1.000 1.000 1.000 1.000 1.000 1.000 1.000 1.000 1.000 1.000 1.000 1.000 1.000 1.000 1.000 1.000 1.000 1.000 1.000 1.000 1.000 1.000 1.000 1.000 1.000 1.000 1.000 1.000 1.000 1.000 1.000 1.000 1.000 1.000 1.000 1.000  8.4029547758E-02   0.93606   1.00000   0.00000   0.00000   0.9875125E-02
   501  3.977925180964909E+06   9.998683  3.754897  4.397488  0.7199895E+00  0.2659650E+00  4.4152386E-05  2.5543702E-03  3.3897888E-05  7.5065773E-04  6.4223765E-03  2.6054536E-06  1.4449100E-05  2.1084332E-03  1.7053625E-04  0.3310    4.397488  -9.426  0.997324  7.510630  0.6727827E+00  0.3133077E+00  5.5749917E-07  4.1831864E-05  1.1365266E-05  7.2910543E-03  2.3291224E-03  1.5329027E-05  1.7753233E-08  2.1084332E-03  1.7053625E-04  9.370E-10  1.941E-16  5.488E+11  3.428E+12  1.306E+02  3.702E+06  0.57756448  8.144E-05  8.146E-05  9.446E-01  0.000E+00  0.000E+00  1.053E+00  323    3.3124  9.69E-03 2.8936E+01 4.7954E+01    5.72E+02 0.00E+00 2.33E+02  0.577708  0.015038 5.72E+02 0.00E+00 2.33E+02  0.577564  0.015039  0.0000000E+00  0.0000000E+00  4.1990082E-07  9.0538620E-02  7.3750564E-02  3.0018158E-04 -1.4320205E-01  6.9543455E-02  5.6770305E-03 0.000 0.335 1.000 1.000 1.000 1.000 1.000 1.000 1.000 1.000 1.000 1.000 1.000 1.000 1.000 1.000 1.000 1.000 1.000 1.000 1.000 1.000 1.000 1.000 1.000 1.000 1.000 1.000 1.000 1.000 1.000 1.000 1.000 1.000 1.000 1.000 1.000 1.000 1.000 1.000  8.4026201483E-02   0.93442   1.00000   0.00000   0.00000   0.9843106E-02
   509  4.080135835601270E+06   9.998645  3.756023  4.397424  0.7199873E+00  0.2659671E+00  4.4127190E-05  2.5527691E-03  3.4224862E-05  7.5247859E-04  6.4220338E-03  2.6156361E-06  1.4442297E-05  2.1084332E-03  1.7053625E-04  0.3309    4.397424  -9.423  0.996891  7.510665  0.6716027E+00  0.3144928E+00  5.5371964E-07  4.2022519E-05  1.1416284E-05  7.3262007E-03  2.2888964E-03  1.5054047E-05  1.7404466E-08  2.1084332E-03  1.7053625E-04  9.370E-10  1.941E-16  5.471E+11  3.416E+12  1.302E+02  3.689E+06  0.57794336  8.131E-05  8.133E-05  9.445E-01  0.000E+00  0.000E+00  1.053E+00  323    3.3124  9.68E-03 2.8911E+01 4.7924E+01    5.72E+02 0.00E+00 2.33E+02  0.578037  0.015078 5.72E+02 0.00E+00 2.33E+02  0.577943  0.015078  0.0000000E+00  0.0000000E+00  4.2367368E-07  9.0672049E-02  7.3737235E-02  2.9963339E-04 -1.4311118E-01  6.9492499E-02  5.6852765E-03 0.000 0.335 1.000 1.000 1.000 1.000 1.000 1.000 1.000 1.000 1.000 1.000 1.000 1.000 1.000 1.000 1.000 1.000 1.000 1.000 1.000 1.000 1.000 1.000 1.000 1.000 1.000 1.000 1.000 1.000 1.000 1.000 1.000 1.000 1.000 1.000 1.000 1.000 1.000 1.000  8.4022825069E-02   0.93278   1.00000   0.00000   0.00000   0.9810247E-02
   517  4.182346490237631E+06   9.998606  3.757152  4.397362  0.7199847E+00  0.2659695E+00  4.4099335E-05  2.5510173E-03  3.4570700E-05  7.5450187E-04  6.4216375E-03  2.6268883E-06  1.4434808E-05  2.1084332E-03  1.7053625E-04  0.3307    4.397362  -9.420  0.996468  7.510704  0.6704220E+00  0.3156785E+00  5.4994032E-07  4.2208604E-05  1.1466089E-05  7.3603512E-03  2.2498092E-03  1.4786441E-05  1.7066805E-08  2.1084332E-03  1.7053625E-04  9.357E-10  1.934E-16  5.455E+11  3.405E+12  1.298E+02  3.677E+06  0.57847961  8.120E-05  8.120E-05  9.444E-01  0.000E+00  0.000E+00  1.053E+00  323    3.3124  9.68E-03 2.8887E+01 4.7894E+01    5.71E+02 0.00E+00 2.33E+02  0.578432  0.015117 5.71E+02 0.00E+00 2.33E+02  0.578480  0.015117  0.0000000E+00  0.0000000E+00  4.2750758E-07  9.0804222E-02  7.3723974E-02  2.9909141E-04 -1.4302152E-01  6.9442113E-02  5.6936062E-03 0.000 0.335 1.000 1.000 1.000 1.000 1.000 1.000 1.000 1.000 1.000 1.000 1.000 1.000 1.000 1.000 1.000 1.000 1.000 1.000 1.000 1.000 1.000 1.000 1.000 1.000 1.000 1.000 1.000 1.000 1.000 1.000 1.000 1.000 1.000 1.000 1.000 1.000 1.000 1.000  8.4019418117E-02   0.93114   1.00000   0.00000   0.00000   0.9777951E-02
   525  4.284557144873992E+06   9.998567  3.758286  4.397302  0.7199817E+00  0.2659723E+00  4.4068822E-05  2.5491111E-03  3.4934856E-05  7.5673675E-04  6.4211829E-03  2.6392430E-06  1.4426614E-05  2.1084332E-03  1.7053625E-04  0.3306    4.397302  -9.417  0.996056  7.510747  0.6692405E+00  0.3168648E+00  5.4616525E-07  4.2390325E-05  1.1514738E-05  7.3935491E-03  2.2118113E-03  1.4525917E-05  1.6740145E-08  2.1084332E-03  1.7053625E-04  9.344E-10  1.927E-16  5.439E+11  3.394E+12  1.295E+02  3.665E+06  0.57872530  8.104E-05  8.107E-05  9.444E-01  0.000E+00  0.000E+00  1.054E+00  323    3.3124  9.67E-03 2.8864E+01 4.7866E+01    5.71E+02 0.00E+00 2.33E+02  0.578866  0.015156 5.71E+02 0.00E+00 2.33E+02  0.578725  0.015157  0.0000000E+00  0.0000000E+00  4.3141611E-07  9.0935216E-02  7.3713497E-02  2.9857771E-04 -1.4293302E-01  6.9392246E-02  5.7020112E-03 0.000 0.335 1.000 1.000 1.000 1.000 1.000 1.000 1.000 1.000 1.000 1.000 1.000 1.000 1.000 1.000 1.000 1.000 1.000 1.000 1.000 1.000 1.000 1.000 1.000 1.000 1.000 1.000 1.000 1.000 1.000 1.000 1.000 1.000 1.000 1.000 1.000 1.000 1.000 1.000  8.4015980070E-02   0.92950   1.00000   0.00000   0.00000   0.9745222E-02
   533  4.386767799510352E+06   9.998527  3.759422  4.397246  0.7199782E+00  0.2659755E+00  4.4035665E-05  2.5470472E-03  3.5316713E-05  7.5919181E-04  6.4206649E-03  2.6527278E-06  1.4417695E-05  2.1084332E-03  1.7053625E-04  0.3304    4.397246  -9.413  0.995653  7.510793  0.6680581E+00  0.3180519E+00  5.4238842E-07  4.2567842E-05  1.1562268E-05  7.4258358E-03  2.1748554E-03  1.4272182E-05  1.6423036E-08  2.1084332E-03  1.7053625E-04  9.330E-10  1.920E-16  5.423E+11  3.383E+12  1.291E+02  3.654E+06  0.57926704  8.094E-05  8.094E-05  9.442E-01  0.000E+00  0.000E+00  1.054E+00  323    3.3124  9.67E-03 2.8839E+01 4.7837E+01    5.70E+02 0.00E+00 2.33E+02  0.579202  0.015196 5.70E+02 0.00E+00 2.33E+02  0.579267  0.015196  0.0000000E+00  0.0000000E+00  4.3533343E-07  9.1065101E-02  7.3700226E-02  2.9804631E-04 -1.4284558E-01  6.9342901E-02  5.7105040E-03 0.000 0.335 1.000 1.000 1.000 1.000 1.000 1.000 1.000 1.000 1.000 1.000 1.000 1.000 1.000 1.000 1.000 1.000 1.000 1.000 1.000 1.000 1.000 1.000 1.000 1.000 1.000 1.000 1.000 1.000 1.000 1.000 1.000 1.000 1.000 1.000 1.000 1.000 1.000 1.000  8.4012510866E-02   0.92786   1.00000   0.00000   0.00000   0.9713098E-02
   541  4.488978454146713E+06   9.998488  3.760563  4.397188  0.7199743E+00  0.2659792E+00  4.3999885E-05  2.5448231E-03  3.5715600E-05  7.6187512E-04  6.4200789E-03  2.6673658E-06  1.4408035E-05  2.1084332E-03  1.7053625E-04  0.3302    4.397188  -9.410  0.995260  7.510842  0.6668747E+00  0.3192400E+00  5.3861585E-07  4.2741430E-05  1.1608754E-05  7.4572484E-03  2.1388989E-03  1.4024981E-05  1.6116506E-08  2.1084332E-03  1.7053625E-04  9.316E-10  1.913E-16  5.408E+11  3.373E+12  1.287E+02  3.643E+06  0.57952052  8.079E-05  8.081E-05  9.442E-01  0.000E+00  0.000E+00  1.054E+00  323    3.3124  9.66E-03 2.8816E+01 4.7809E+01    5.70E+02 0.00E+00 2.33E+02  0.579660  0.015236 5.70E+02 0.00E+00 2.33E+02  0.579521  0.015236  0.0000000E+00  0.0000000E+00  4.3934393E-07  9.1193966E-02  7.3689622E-02  2.9754156E-04 -1.4275917E-01  6.9294011E-02  5.7190675E-03 0.000 0.335 1.000 1.000 1.000 1.000 1.000 1.000 1.000 1.000 1.000 1.000 1.000 1.000 1.000 1.000 1.000 1.000 1.000 1.000 1.000 1.000 1.000 1.000 1.000 1.000 1.000 1.000 1.000 1.000 1.000 1.000 1.000 1.000 1.000 1.000 1.000 1.000 1.000 1.000  8.4009009773E-02   0.92622   1.00000   0.00000   0.00000   0.9680465E-02
   549  4.591189108783074E+06   9.998448  3.761706  4.397132  0.7199699E+00  0.2659833E+00  4.3961515E-05  2.5424367E-03  3.6130779E-05  7.6479393E-04  6.4194198E-03  2.6831736E-06  1.4397621E-05  2.1084332E-03  1.7053625E-04  0.3301    4.397132  -9.407  0.994875  7.510895  0.6656901E+00  0.3204290E+00  5.3484534E-07  4.2911041E-05  1.1654184E-05  7.4878235E-03  2.1039001E-03  1.3784063E-05  1.5817875E-08  2.1084332E-03  1.7053625E-04  9.316E-10  1.913E-16  5.392E+11  3.363E+12  1.283E+02  3.632E+06  0.57992332  8.066E-05  8.068E-05  9.441E-01  0.000E+00  0.000E+00  1.054E+00  323    3.3124  9.66E-03 2.8791E+01 4.7779E+01    5.69E+02 0.00E+00 2.33E+02  0.580013  0.015277 5.69E+02 0.00E+00 2.33E+02  0.579923  0.015276  0.0000000E+00  0.0000000E+00  4.4336946E-07  9.1321873E-02  7.3675920E-02  2.9701629E-04 -1.4267371E-01  6.9245577E-02  5.7277130E-03 0.000 0.335 1.000 1.000 1.000 1.000 1.000 1.000 1.000 1.000 1.000 1.000 1.000 1.000 1.000 1.000 1.000 1.000 1.000 1.000 1.000 1.000 1.000 1.000 1.000 1.000 1.000 1.000 1.000 1.000 1.000 1.000 1.000 1.000 1.000 1.000 1.000 1.000 1.000 1.000  8.4005476685E-02   0.92457   1.00000   0.00000   0.00000   0.9647457E-02
   557  4.693399763419434E+06   9.998408  3.762854  4.397076  0.7199650E+00  0.2659880E+00  4.3920592E-05  2.5398866E-03  3.6561486E-05  7.6795498E-04  6.4186830E-03  2.7001635E-06  1.4386443E-05  2.1084332E-03  1.7053625E-04  0.3299    4.397076  -9.404  0.994498  7.510952  0.6645043E+00  0.3216191E+00  5.3107838E-07  4.3076944E-05  1.1698628E-05  7.5175952E-03  2.0698201E-03  1.3549192E-05  1.5527844E-08  2.1084332E-03  1.7053625E-04  9.301E-10  1.907E-16  5.377E+11  3.353E+12  1.280E+02  3.621E+06  0.58048614  8.056E-05  8.056E-05  9.440E-01  0.000E+00  0.000E+00  1.054E+00  323    3.3124  9.66E-03 2.8767E+01 4.7749E+01    5.69E+02 0.00E+00 2.33E+02  0.580434  0.015317 5.69E+02 0.00E+00 2.33E+02  0.580486  0.015317  0.0000000E+00  0.0000000E+00  4.4746019E-07  9.1448892E-02  7.3662163E-02  2.9649484E-04 -1.4258917E-01  6.9197558E-02  5.7364326E-03 0.000 0.335 1.000 1.000 1.000 1.000 1.000 1.000 1.000 1.000 1.000 1.000 1.000 1.000 1.000 1.000 1.000 1.000 1.000 1.000 1.000 1.000 1.000 1.000 1.000 1.000 1.000 1.000 1.000 1.000 1.000 1.000 1.000 1.000 1.000 1.000 1.000 1.000 1.000 1.000  8.4001911010E-02   0.92292   1.00000   0.00000   0.00000   0.9614988E-02
   565  4.795610418055795E+06   9.998367  3.764002  4.397016  0.7199594E+00  0.2659933E+00  4.3877163E-05  2.5371718E-03  3.7006919E-05  7.7136437E-04  6.4178638E-03  2.7183427E-06  1.4374492E-05  2.1084332E-03  1.7053625E-04  0.3298    4.397016  -9.400  0.994129  7.511011  0.6633171E+00  0.3228105E+00  5.2731867E-07  4.3239279E-05  1.1742125E-05  7.5465954E-03  2.0366222E-03  1.3320145E-05  1.5246305E-08  2.1084332E-03  1.7053625E-04  9.286E-10  1.900E-16  5.361E+11  3.344E+12  1.276E+02  3.611E+06  0.58077655  8.041E-05  8.043E-05  9.439E-01  0.000E+00  0.000E+00  1.054E+00  323    3.3124  9.65E-03 2.8743E+01 4.7720E+01    5.68E+02 0.00E+00 2.33E+02  0.581000  0.015358 5.68E+02 0.00E+00 2.33E+02  0.580777  0.015357  0.0000000E+00  0.0000000E+00  4.5176448E-07  9.1575184E-02  7.3651108E-02  2.9599917E-04 -1.4250543E-01  6.9149864E-02  5.7452105E-03 0.000 0.335 1.000 1.000 1.000 1.000 1.000 1.000 1.000 1.000 1.000 1.000 1.000 1.000 1.000 1.000 1.000 1.000 1.000 1.000 1.000 1.000 1.000 1.000 1.000 1.000 1.000 1.000 1.000 1.000 1.000 1.000 1.000 1.000 1.000 1.000 1.000 1.000 1.000 1.000  8.3998312182E-02   0.92127   1.00000   0.00000   0.00000   0.9581291E-02
   573  4.897821072692156E+06   9.998326  3.765159  4.396968  0.7199532E+00  0.2659992E+00  4.3831275E-05  2.5342917E-03  3.7466273E-05  7.7502770E-04  6.4169574E-03  2.7377146E-06  1.4361761E-05  2.1084332E-03  1.7053625E-04  0.3296    4.396968  -9.397  0.993768  7.511073  0.6621286E+00  0.3240032E+00  5.2356158E-07  4.3398213E-05  1.1784716E-05  7.5748541E-03  2.0042721E-03  1.3096699E-05  1.4972519E-08  2.1084332E-03  1.7053625E-04  9.271E-10  1.894E-16  5.346E+11  3.334E+12  1.272E+02  3.601E+06  0.58132909  8.031E-05  8.031E-05  9.438E-01  0.000E+00  0.000E+00  1.054E+00  323    3.3124  9.65E-03 2.8719E+01 4.7690E+01    5.68E+02 0.00E+00 2.33E+02  0.581312  0.015398 5.68E+02 0.00E+00 2.33E+02  0.581329  0.015398  0.0000000E+00  0.0000000E+00  4.5582804E-07  9.1700444E-02  7.3637468E-02  2.9548726E-04 -1.4242264E-01  6.9102679E-02  5.7540892E-03 0.000 0.335 1.000 1.000 1.000 1.000 1.000 1.000 1.000 1.000 1.000 1.000 1.000 1.000 1.000 1.000 1.000 1.000 1.000 1.000 1.000 1.000 1.000 1.000 1.000 1.000 1.000 1.000 1.000 1.000 1.000 1.000 1.000 1.000 1.000 1.000 1.000 1.000 1.000 1.000  8.3994680046E-02   0.91962   1.00000   0.00000   0.00000   0.9549587E-02
   581  5.000031727328517E+06   9.998285  3.766314  4.396912  0.7199464E+00  0.2660058E+00  4.3782984E-05  2.5312463E-03  3.7938714E-05  7.7894987E-04  6.4159594E-03  2.7582774E-06  1.4348247E-05  2.1084332E-03  1.7053625E-04  0.3295    4.396912  -9.394  0.993414  7.511138  0.6609385E+00  0.3251973E+00  5.1981415E-07  4.3553884E-05  1.1826444E-05  7.6023985E-03  1.9727387E-03  1.2878665E-05  1.4707277E-08  2.1084332E-03  1.7053625E-04  8.976E-10  1.831E-16  5.331E+11  3.325E+12  1.269E+02  3.591E+06  0.58162318  8.016E-05  8.019E-05  9.437E-01  0.000E+00  0.000E+00  1.054E+00  323    3.3124  9.64E-03 2.8695E+01 4.7662E+01    5.68E+02 0.00E+00 2.33E+02  0.581845  0.015439 5.68E+02 0.00E+00 2.33E+02  0.581623  0.015439  0.0000000E+00  0.0000000E+00  4.6022522E-07  9.1825184E-02  7.3626405E-02  2.9499931E-04 -1.4234051E-01  6.9055725E-02  5.7630155E-03 0.000 0.335 1.000 1.000 1.000 1.000 1.000 1.000 1.000 1.000 1.000 1.000 1.000 1.000 1.000 1.000 1.000 1.000 1.000 1.000 1.000 1.000 1.000 1.000 1.000 1.000 1.000 1.000 1.000 1.000 1.000 1.000 1.000 1.000 1.000 1.000 1.000 1.000 1.000 1.000  8.3991013923E-02   0.91797   1.00000   0.00000   0.00000   0.9516157E-02
   589  5.092021316501245E+06   9.998248  3.767357  4.396864  0.7199396E+00  0.2660123E+00  4.3737518E-05  2.5283645E-03  3.8374403E-05  7.8270472E-04  6.4149792E-03  2.7777974E-06  1.4335412E-05  2.1084332E-03  1.7053625E-04  0.3293    4.396864  -9.391  0.993059  7.511179  0.6598689E+00  0.3262705E+00  5.0087434E-07  4.3797468E-05  1.1893498E-05  7.6265916E-03  1.9449936E-03  1.2547915E-05  1.3894991E-08  2.1084332E-03  1.7053625E-04  8.976E-10  1.831E-16  5.168E+11  3.215E+12  1.230E+02  3.472E+06  0.58198464  8.005E-05  8.007E-05  9.436E-01  0.000E+00  0.000E+00  1.054E+00  323    3.3124  9.64E-03 2.8673E+01 4.7635E+01    5.67E+02 0.00E+00 2.33E+02  0.582111  0.015476 5.67E+02 0.00E+00 2.33E+02  0.581985  0.015477  0.0000000E+00  0.0000000E+00  4.1753622E-07  9.1943437E-02  7.3614120E-02  2.9452341E-04 -1.4226210E-01  6.9011347E-02  5.7709091E-03 0.000 0.335 1.000 1.000 1.000 1.000 1.000 1.000 1.000 1.000 1.000 1.000 1.000 1.000 1.000 1.000 1.000 1.000 1.000 1.000 1.000 1.000 1.000 1.000 1.000 1.000 1.000 1.000 1.000 1.000 1.000 1.000 1.000 1.000 1.000 1.000 1.000 1.000 1.000 1.000  8.3987685746E-02   0.91648   1.00000   0.00000   0.00000   0.9487662E-02
   597  5.184010905673973E+06   9.998210  3.768466  4.396835  0.7199322E+00  0.2660194E+00  4.3690193E-05  2.5253491E-03  3.8819447E-05  7.8667602E-04  6.4139179E-03  2.7982730E-06  1.4321939E-05  2.1084332E-03  1.7053625E-04  0.3291    4.396835  -9.387  0.992794  7.511254  0.6587743E+00  0.3273687E+00  4.9318766E-07  4.3949620E-05  1.1931113E-05  7.6512581E-03  1.9167561E-03  1.2333242E-05  1.3516926E-08  2.1084332E-03  1.7053625E-04  8.939E-10  1.821E-16  5.171E+11  3.218E+12  1.231E+02  3.476E+06  0.58244089  7.995E-05  7.996E-05  9.435E-01  0.000E+00  0.000E+00  1.054E+00  324    3.2722  9.64E-03 2.8647E+01 4.7605E+01    5.67E+02 0.00E+00 2.33E+02  0.582488  0.015520 5.67E+02 0.00E+00 2.33E+02  0.582441  0.015516  0.0000000E+00  0.0000000E+00  4.2158199E-07  9.2054537E-02  7.3600570E-02  2.9406145E-04 -1.4219102E-01  6.8970529E-02  5.7789626E-03 0.000 0.331 1.000 1.000 1.000 1.000 1.000 1.000 1.000 1.000 1.000 1.000 1.000 1.000 1.000 1.000 1.000 1.000 1.000 1.000 1.000 1.000 1.000 1.000 1.000 1.000 1.000 1.000 1.000 1.000 1.000 1.000 1.000 1.000 1.000 1.000 1.000 1.000 1.000 1.000  8.3984327919E-02   0.91498   1.00000   0.00000   0.00000   0.9458567E-02
   605  5.276000494846702E+06   9.998172  3.769509  4.396787  0.7199241E+00  0.2660272E+00  4.3641058E-05  2.5222010E-03  3.9273219E-05  7.9086620E-04  6.4127726E-03  2.8196948E-06  1.4307828E-05  2.1084332E-03  1.7053625E-04  0.3289    4.396787  -9.384  0.992476  7.511320  0.6576814E+00  0.3284650E+00  4.9239971E-07  4.4077581E-05  1.1967140E-05  7.6752366E-03  1.8893179E-03  1.2140820E-05  1.3369796E-08  2.1084332E-03  1.7053625E-04  8.955E-10  1.823E-16  5.165E+11  3.215E+12  1.229E+02  3.472E+06  0.58275422  7.983E-05  7.985E-05  9.435E-01  0.000E+00  0.000E+00  1.054E+00  324    3.2722  9.63E-03 2.8626E+01 4.7580E+01    5.66E+02 0.00E+00 2.33E+02  0.582828  0.015553 5.66E+02 0.00E+00 2.33E+02  0.582754  0.015553  0.0000000E+00  0.0000000E+00  4.2476614E-07  9.2167839E-02  7.3589987E-02  2.9361741E-04 -1.4211689E-01  6.8928120E-02  5.7871294E-03 0.000 0.331 1.000 1.000 1.000 1.000 1.000 1.000 1.000 1.000 1.000 1.000 1.000 1.000 1.000 1.000 1.000 1.000 1.000 1.000 1.000 1.000 1.000 1.000 1.000 1.000 1.000 1.000 1.000 1.000 1.000 1.000 1.000 1.000 1.000 1.000 1.000 1.000 1.000 1.000  8.3980941950E-02   0.91343   1.00000   0.00000   0.00000   0.9429059E-02
   613  5.367990084019430E+06   9.998134  3.770599  4.396746  0.7199154E+00  0.2660356E+00  4.3590167E-05  2.5189216E-03  3.9735078E-05  7.9527668E-04  6.4115405E-03  2.8420485E-06  1.4293084E-05  2.1084332E-03  1.7053625E-04  0.3293    4.396746  -9.381  0.992237  7.511385  0.6566238E+00  0.3295258E+00  4.9120787E-07  4.4207144E-05  1.2003669E-05  7.6971199E-03  1.8642548E-03  1.1965768E-05  1.3315057E-08  2.1084332E-03  1.7053625E-04  8.927E-10  1.815E-16  5.129E+11  3.192E+12  1.221E+02  3.448E+06  0.58317056  7.972E-05  7.974E-05  9.434E-01  0.000E+00  0.000E+00  1.055E+00  323    3.3124  9.63E-03 2.8604E+01 4.7553E+01    5.66E+02 0.00E+00 2.33E+02  0.583260  0.015592 5.66E+02 0.00E+00 2.33E+02  0.583171  0.015592  0.0000000E+00  0.0000000E+00  4.2853874E-07  9.2276616E-02  7.3577183E-02  2.9317112E-04 -1.4204585E-01  6.8887228E-02  5.7954640E-03 0.000 0.335 1.000 1.000 1.000 1.000 1.000 1.000 1.000 1.000 1.000 1.000 1.000 1.000 1.000 1.000 1.000 1.000 1.000 1.000 1.000 1.000 1.000 1.000 1.000 1.000 1.000 1.000 1.000 1.000 1.000 1.000 1.000 1.000 1.000 1.000 1.000 1.000 1.000 1.000  8.3977526281E-02   0.91198   1.00000   0.00000   0.00000   0.9397906E-02
   621  5.459979673192158E+06   9.998096  3.771656  4.396709  0.7199059E+00  0.2660447E+00  4.3537570E-05  2.5155122E-03  4.0204412E-05  7.9990909E-04  6.4102189E-03  2.8653200E-06  1.4277709E-05  2.1084332E-03  1.7053625E-04  0.3292    4.396709  -9.378  0.991947  7.511455  0.6555534E+00  0.3305994E+00  4.8779467E-07  4.4333493E-05  1.2037521E-05  7.7190038E-03  1.8391960E-03  1.1793960E-05  1.3070587E-08  2.1084332E-03  1.7053625E-04  8.824E-10  1.793E-16  5.114E+11  3.184E+12  1.217E+02  3.439E+06  0.58355157  7.961E-05  7.964E-05  9.433E-01  0.000E+00  0.000E+00  1.055E+00  323    3.3124  9.63E-03 2.8582E+01 4.7526E+01    5.66E+02 0.00E+00 2.33E+02  0.583642  0.015630 5.66E+02 0.00E+00 2.33E+02  0.583552  0.015630  0.0000000E+00  0.0000000E+00  4.3218654E-07  9.2385314E-02  7.3565325E-02  2.9273370E-04 -1.4197543E-01  6.8846625E-02  5.8038101E-03 0.000 0.335 1.000 1.000 1.000 1.000 1.000 1.000 1.000 1.000 1.000 1.000 1.000 1.000 1.000 1.000 1.000 1.000 1.000 1.000 1.000 1.000 1.000 1.000 1.000 1.000 1.000 1.000 1.000 1.000 1.000 1.000 1.000 1.000 1.000 1.000 1.000 1.000 1.000 1.000  8.3974081251E-02   0.91049   1.00000   0.00000   0.00000   0.9369069E-02
   629  5.551969262364887E+06   9.998057  3.772765  4.396673  0.7198958E+00  0.2660546E+00  4.3483311E-05  2.5119734E-03  4.0680694E-05  8.0476568E-04  6.4088048E-03  2.8894978E-06  1.4261706E-05  2.1084332E-03  1.7053625E-04  0.3291    4.396673  -9.375  0.991706  7.511528  0.6544180E+00  0.3317383E+00  4.7911474E-07  4.4462411E-05  1.2068714E-05  7.7430290E-03  1.8117000E-03  1.1611648E-05  1.2394099E-08  2.1084332E-03  1.7053625E-04  8.824E-10  1.793E-16  5.065E+11  3.144E+12  1.205E+02  3.396E+06  0.58410889  7.953E-05  7.953E-05  9.432E-01  0.000E+00  0.000E+00  1.055E+00  324    3.2722  9.62E-03 2.8556E+01 4.7497E+01    5.65E+02 0.00E+00 2.33E+02  0.584046  0.015671 5.65E+02 0.00E+00 2.33E+02  0.584109  0.015670  0.0000000E+00  0.0000000E+00  4.3608114E-07  9.2497465E-02  7.3552820E-02  2.9228116E-04 -1.4190472E-01  6.8805803E-02  5.8120283E-03 0.000 0.331 1.000 1.000 1.000 1.000 1.000 1.000 1.000 1.000 1.000 1.000 1.000 1.000 1.000 1.000 1.000 1.000 1.000 1.000 1.000 1.000 1.000 1.000 1.000 1.000 1.000 1.000 1.000 1.000 1.000 1.000 1.000 1.000 1.000 1.000 1.000 1.000 1.000 1.000  8.3970605988E-02   0.90891   1.00000   0.00000   0.00000   0.9339104E-02
   637  5.643958851537615E+06   9.998018  3.773827  4.396633  0.7198848E+00  0.2660652E+00  4.3427445E-05  2.5083072E-03  4.1163310E-05  8.0984700E-04  6.4072959E-03  2.9145622E-06  1.4245080E-05  2.1084332E-03  1.7053625E-04  0.3289    4.396633  -9.372  0.991414  7.511599  0.6533110E+00  0.3328486E+00  4.7632710E-07  4.4595028E-05  1.2104477E-05  7.7652230E-03  1.7862794E-03  1.1436132E-05  1.2309796E-08  2.1084332E-03  1.7053625E-04  8.815E-10  1.789E-16  5.058E+11  3.140E+12  1.204E+02  3.391E+06  0.58448875  7.942E-05  7.942E-05  9.431E-01  0.000E+00  0.000E+00  1.055E+00  324    3.2722  9.62E-03 2.8534E+01 4.7471E+01    5.65E+02 0.00E+00 2.33E+02  0.584424  0.015709 5.65E+02 0.00E+00 2.33E+02  0.584489  0.015709  0.0000000E+00  0.0000000E+00  4.3978401E-07  9.2609904E-02  7.3540712E-02  2.9183210E-04 -1.4183201E-01  6.8764027E-02  5.8204174E-03 0.000 0.331 1.000 1.000 1.000 1.000 1.000 1.000 1.000 1.000 1.000 1.000 1.000 1.000 1.000 1.000 1.000 1.000 1.000 1.000 1.000 1.000 1.000 1.000 1.000 1.000 1.000 1.000 1.000 1.000 1.000 1.000 1.000 1.000 1.000 1.000 1.000 1.000 1.000 1.000  8.3967100473E-02   0.90738   1.00000   0.00000   0.00000   0.9310320E-02
   645  5.735948440710343E+06   9.997979  3.774889  4.396590  0.7198731E+00  0.2660766E+00  4.3370026E-05  2.5045154E-03  4.1651668E-05  8.1515367E-04  6.4056897E-03  2.9404936E-06  1.4227838E-05  2.1084332E-03  1.7053625E-04  0.3288    4.396590  -9.369  0.991132  7.511672  0.6522088E+00  0.3339539E+00  4.7305215E-07  4.4721901E-05  1.2138548E-05  7.7866592E-03  1.7617284E-03  1.1267185E-05  1.2141762E-08  2.1084332E-03  1.7053625E-04  8.798E-10  1.783E-16  5.045E+11  3.133E+12  1.201E+02  3.383E+06  0.58475035  7.929E-05  7.931E-05  9.430E-01  0.000E+00  0.000E+00  1.055E+00  324    3.2722  9.62E-03 2.8512E+01 4.7446E+01    5.65E+02 0.00E+00 2.33E+02  0.584960  0.015747 5.65E+02 0.00E+00 2.33E+02  0.584750  0.015747  0.0000000E+00  0.0000000E+00  4.4369212E-07  9.2720846E-02  7.3531444E-02  2.9141148E-04 -1.4176061E-01  6.8722818E-02  5.8288726E-03 0.000 0.331 1.000 1.000 1.000 1.000 1.000 1.000 1.000 1.000 1.000 1.000 1.000 1.000 1.000 1.000 1.000 1.000 1.000 1.000 1.000 1.000 1.000 1.000 1.000 1.000 1.000 1.000 1.000 1.000 1.000 1.000 1.000 1.000 1.000 1.000 1.000 1.000 1.000 1.000  8.3963564899E-02   0.90585   1.00000   0.00000   0.00000   0.9280759E-02
   653  5.827938029883072E+06   9.997940  3.775956  4.396554  0.7198605E+00  0.2660888E+00  4.3311107E-05  2.5005998E-03  4.2145212E-05  8.2068616E-04  6.4039840E-03  2.9672716E-06  1.4209986E-05  2.1084332E-03  1.7053625E-04  0.3288    4.396554  -9.366  0.990855  7.511748  0.6511076E+00  0.3350582E+00  4.6975860E-07  4.4845703E-05  1.2171788E-05  7.8075170E-03  1.7378393E-03  1.1102988E-05  1.1964641E-08  2.1084332E-03  1.7053625E-04  8.781E-10  1.778E-16  5.032E+11  3.125E+12  1.198E+02  3.375E+06  0.58513205  7.918E-05  7.920E-05  9.430E-01  0.000E+00  0.000E+00  1.055E+00  324    3.2722  9.61E-03 2.8490E+01 4.7419E+01    5.64E+02 0.00E+00 2.33E+02  0.585342  0.015786 5.64E+02 0.00E+00 2.33E+02  0.585132  0.015786  0.0000000E+00  0.0000000E+00  4.4748864E-07  9.2830949E-02  7.3519406E-02  2.9097250E-04 -1.4168995E-01  6.8682003E-02  5.8374067E-03 0.000 0.331 1.000 1.000 1.000 1.000 1.000 1.000 1.000 1.000 1.000 1.000 1.000 1.000 1.000 1.000 1.000 1.000 1.000 1.000 1.000 1.000 1.000 1.000 1.000 1.000 1.000 1.000 1.000 1.000 1.000 1.000 1.000 1.000 1.000 1.000 1.000 1.000 1.000 1.000  8.3959999230E-02   0.90432   1.00000   0.00000   0.00000   0.9252201E-02
   661  5.919927619055800E+06   9.997900  3.777028  4.396525  0.7198471E+00  0.2661019E+00  4.3250740E-05  2.4965623E-03  4.2643403E-05  8.2644466E-04  6.4021766E-03  2.9948745E-06  1.4191532E-05  2.1084332E-03  1.7053625E-04  0.3287    4.396525  -9.363  0.990583  7.511826  0.6500062E+00  0.3361625E+00  4.6648067E-07  4.4966972E-05  1.2204352E-05  7.8278642E-03  1.7145340E-03  1.0942822E-05  1.1787200E-08  2.1084332E-03  1.7053625E-04  8.764E-10  1.774E-16  5.019E+11  3.118E+12  1.194E+02  3.368E+06  0.58549776  7.908E-05  7.910E-05  9.429E-01  0.000E+00  0.000E+00  1.055E+00  324    3.2722  9.61E-03 2.8467E+01 4.7392E+01    5.64E+02 0.00E+00 2.33E+02  0.585623  0.015825 5.64E+02 0.00E+00 2.33E+02  0.585498  0.015825  0.0000000E+00  0.0000000E+00  4.5119888E-07  9.2940417E-02  7.3507380E-02  2.9053667E-04 -1.4161991E-01  6.8641491E-02  5.8460092E-03 0.000 0.331 1.000 1.000 1.000 1.000 1.000 1.000 1.000 1.000 1.000 1.000 1.000 1.000 1.000 1.000 1.000 1.000 1.000 1.000 1.000 1.000 1.000 1.000 1.000 1.000 1.000 1.000 1.000 1.000 1.000 1.000 1.000 1.000 1.000 1.000 1.000 1.000 1.000 1.000  8.3956402947E-02   0.90279   1.00000   0.00000   0.00000   0.9224503E-02
   669  6.011917208228528E+06   9.997860  3.778101  4.396493  0.7198328E+00  0.2661158E+00  4.3188976E-05  2.4924051E-03  4.3145713E-05  8.3242910E-04  6.4002656E-03  3.0232794E-06  1.4172483E-05  2.1084332E-03  1.7053625E-04  0.3285    4.396493  -9.360  0.990316  7.511906  0.6489041E+00  0.3372675E+00  4.6322018E-07  4.5085946E-05  1.2236305E-05  7.8477409E-03  1.6917668E-03  1.0786318E-05  1.1611527E-08  2.1084332E-03  1.7053625E-04  8.764E-10  1.774E-16  5.005E+11  3.111E+12  1.191E+02  3.360E+06  0.58588124  7.897E-05  7.899E-05  9.428E-01  0.000E+00  0.000E+00  1.055E+00  324    3.2722  9.61E-03 2.8445E+01 4.7366E+01    5.63E+02 0.00E+00 2.33E+02  0.586006  0.015864 5.63E+02 0.00E+00 2.33E+02  0.585881  0.015864  0.0000000E+00  0.0000000E+00  4.5508331E-07  9.3049572E-02  7.3495322E-02  2.9010261E-04 -1.4155028E-01  6.8601141E-02  5.8546596E-03 0.000 0.331 1.000 1.000 1.000 1.000 1.000 1.000 1.000 1.000 1.000 1.000 1.000 1.000 1.000 1.000 1.000 1.000 1.000 1.000 1.000 1.000 1.000 1.000 1.000 1.000 1.000 1.000 1.000 1.000 1.000 1.000 1.000 1.000 1.000 1.000 1.000 1.000 1.000 1.000  8.3952775725E-02   0.90126   1.00000   0.00000   0.00000   0.9196087E-02
   677  6.103906797401257E+06   9.997820  3.779177  4.396461  0.7198176E+00  0.2661307E+00  4.3125868E-05  2.4881303E-03  4.3651633E-05  8.3863915E-04  6.3982489E-03  3.0524625E-06  1.4152848E-05  2.1084332E-03  1.7053625E-04  0.3284    4.396461  -9.357  0.990053  7.511988  0.6478008E+00  0.3383736E+00  4.5996812E-07  4.5202933E-05  1.2267729E-05  7.8671757E-03  1.6695047E-03  1.0633346E-05  1.1439206E-08  2.1084332E-03  1.7053625E-04  8.747E-10  1.769E-16  4.992E+11  3.104E+12  1.188E+02  3.352E+06  0.58642223  7.889E-05  7.889E-05  9.427E-01  0.000E+00  0.000E+00  1.055E+00  324    3.2722  9.60E-03 2.8422E+01 4.7339E+01    5.63E+02 0.00E+00 2.33E+02  0.586390  0.015903 5.63E+02 0.00E+00 2.34E+02  0.586422  0.015903  0.0000000E+00  0.0000000E+00  4.5901289E-07  9.3158221E-02  7.3483263E-02  2.8967110E-04 -1.4148120E-01  6.8561035E-02  5.8633708E-03 0.000 0.331 1.000 1.000 1.000 1.000 1.000 1.000 1.000 1.000 1.000 1.000 1.000 1.000 1.000 1.000 1.000 1.000 1.000 1.000 1.000 1.000 1.000 1.000 1.000 1.000 1.000 1.000 1.000 1.000 1.000 1.000 1.000 1.000 1.000 1.000 1.000 1.000 1.000 1.000  8.3949117213E-02   0.89972   1.00000   0.00000   0.00000   0.9167901E-02
   685  6.195896386573985E+06   9.997779  3.780255  4.396419  0.7198014E+00  0.2661465E+00  4.3061467E-05  2.4837401E-03  4.4160671E-05  8.4507430E-04  6.3961248E-03  3.0823992E-06  1.4132635E-05  2.1084332E-03  1.7053625E-04  0.3282    4.396419  -9.354  0.989795  7.512072  0.6466961E+00  0.3394811E+00  4.5674170E-07  4.5317789E-05  1.2298584E-05  7.8861896E-03  1.6477240E-03  1.0483672E-05  1.1269375E-08  2.1084332E-03  1.7053625E-04  8.730E-10  1.764E-16  4.979E+11  3.097E+12  1.185E+02  3.345E+06  0.58683363  7.878E-05  7.878E-05  9.426E-01  0.000E+00  0.000E+00  1.055E+00  324    3.2722  9.60E-03 2.8399E+01 4.7312E+01    5.63E+02 0.00E+00 2.33E+02  0.586751  0.015943 5.63E+02 0.00E+00 2.34E+02  0.586834  0.015943  0.0000000E+00  0.0000000E+00  4.6298327E-07  9.3266622E-02  7.3470262E-02  2.8923405E-04 -1.4141250E-01  6.8521066E-02  5.8721294E-03 0.000 0.331 1.000 1.000 1.000 1.000 1.000 1.000 1.000 1.000 1.000 1.000 1.000 1.000 1.000 1.000 1.000 1.000 1.000 1.000 1.000 1.000 1.000 1.000 1.000 1.000 1.000 1.000 1.000 1.000 1.000 1.000 1.000 1.000 1.000 1.000 1.000 1.000 1.000 1.000  8.3945426995E-02   0.89819   1.00000   0.00000   0.00000   0.9139016E-02
   693  6.287885975746714E+06   9.997738  3.781334  4.396374  0.7197843E+00  0.2661632E+00  4.2995826E-05  2.4792371E-03  4.4672326E-05  8.5173338E-04  6.3938919E-03  3.1130622E-06  1.4111855E-05  2.1084332E-03  1.7053625E-04  0.3281    4.396374  -9.351  0.989541  7.512157  0.6455899E+00  0.3405900E+00  4.5352756E-07  4.5430752E-05  1.2328939E-05  7.9048024E-03  1.6264019E-03  1.0337103E-05  1.1102839E-08  2.1084332E-03  1.7053625E-04  8.713E-10  1.760E-16  4.966E+11  3.091E+12  1.182E+02  3.338E+06  0.58713962  7.866E-05  7.868E-05  9.425E-01  0.000E+00  0.000E+00  1.055E+00  324    3.2722  9.60E-03 2.8378E+01 4.7286E+01    5.62E+02 0.00E+00 2.34E+02  0.587332  0.015982 5.62E+02 0.00E+00 2.34E+02  0.587140  0.015982  0.0000000E+00  0.0000000E+00  4.6719510E-07  9.3374897E-02  7.3459786E-02  2.8881838E-04 -1.4134410E-01  6.8481175E-02  5.8809251E-03 0.000 0.331 1.000 1.000 1.000 1.000 1.000 1.000 1.000 1.000 1.000 1.000 1.000 1.000 1.000 1.000 1.000 1.000 1.000 1.000 1.000 1.000 1.000 1.000 1.000 1.000 1.000 1.000 1.000 1.000 1.000 1.000 1.000 1.000 1.000 1.000 1.000 1.000 1.000 1.000  8.3941704410E-02   0.89665   1.00000   0.00000   0.00000   0.9108045E-02
   701  6.379875564919442E+06   9.997697  3.782419  4.396340  0.7197662E+00  0.2661810E+00  4.2928994E-05  2.4746237E-03  4.5186156E-05  8.5861557E-04  6.3915486E-03  3.1444263E-06  1.4090517E-05  2.1084332E-03  1.7053625E-04  0.3280    4.396340  -9.347  0.989290  7.512244  0.6444819E+00  0.3417007E+00  4.5032424E-07  4.5541932E-05  1.2358818E-05  7.9230298E-03  1.6055204E-03  1.0193498E-05  1.0939522E-08  2.1084332E-03  1.7053625E-04  8.695E-10  1.755E-16  4.953E+11  3.084E+12  1.179E+02  3.331E+06  0.58754189  7.855E-05  7.857E-05  9.424E-01  0.000E+00  0.000E+00  1.056E+00  324    3.2722  9.60E-03 2.8355E+01 4.7259E+01    5.62E+02 0.00E+00 2.34E+02  0.587750  0.016022 5.62E+02 0.00E+00 2.34E+02  0.587542  0.016022  0.0000000E+00  0.0000000E+00  4.7127104E-07  9.3482771E-02  7.3447167E-02  2.8838803E-04 -1.4127610E-01  6.8441522E-02  5.8897974E-03 0.000 0.331 1.000 1.000 1.000 1.000 1.000 1.000 1.000 1.000 1.000 1.000 1.000 1.000 1.000 1.000 1.000 1.000 1.000 1.000 1.000 1.000 1.000 1.000 1.000 1.000 1.000 1.000 1.000 1.000 1.000 1.000 1.000 1.000 1.000 1.000 1.000 1.000 1.000 1.000  8.3937949478E-02   0.89511   1.00000   0.00000   0.00000   0.9079379E-02
   709  6.471865154092170E+06   9.997655  3.783509  4.396313  0.7197470E+00  0.2661998E+00  4.2861021E-05  2.4699022E-03  4.5701723E-05  8.6571969E-04  6.3890936E-03  3.1764649E-06  1.4068632E-05  2.1084332E-03  1.7053625E-04  0.3278    4.396313  -9.344  0.989043  7.512333  0.6433721E+00  0.3428131E+00  4.4713342E-07  4.5651388E-05  1.2388239E-05  7.9408861E-03  1.5850634E-03  1.0052753E-05  1.0779529E-08  2.1084332E-03  1.7053625E-04  8.695E-10  1.755E-16  4.940E+11  3.078E+12  1.176E+02  3.324E+06  0.58792823  7.845E-05  7.847E-05  9.423E-01  0.000E+00  0.000E+00  1.056E+00  324    3.2722  9.59E-03 2.8332E+01 4.7231E+01    5.61E+02 0.00E+00 2.34E+02  0.588053  0.016062 5.62E+02 0.00E+00 2.34E+02  0.587928  0.016062  0.0000000E+00  0.0000000E+00  4.7525444E-07  9.3590318E-02  7.3434529E-02  2.8795956E-04 -1.4120849E-01  6.8402060E-02  5.8987343E-03 0.000 0.331 1.000 1.000 1.000 1.000 1.000 1.000 1.000 1.000 1.000 1.000 1.000 1.000 1.000 1.000 1.000 1.000 1.000 1.000 1.000 1.000 1.000 1.000 1.000 1.000 1.000 1.000 1.000 1.000 1.000 1.000 1.000 1.000 1.000 1.000 1.000 1.000 1.000 1.000  8.3934161715E-02   0.89357   1.00000   0.00000   0.00000   0.9051591E-02
   717  6.563854743264899E+06   9.997613  3.784600  4.396283  0.7197268E+00  0.2662196E+00  4.2791954E-05  2.4650751E-03  4.6218604E-05  8.7304437E-04  6.3865255E-03  3.2091508E-06  1.4046209E-05  2.1084332E-03  1.7053625E-04  0.3277    4.396283  -9.341  0.988799  7.512423  0.6422603E+00  0.3439275E+00  4.4395423E-07  4.5759161E-05  1.2417212E-05  7.9583843E-03  1.5650157E-03  9.9147707E-06  1.0622619E-08  2.1084332E-03  1.7053625E-04  8.678E-10  1.751E-16  4.927E+11  3.071E+12  1.173E+02  3.317E+06  0.58833136  7.834E-05  7.837E-05  9.422E-01  0.000E+00  0.000E+00  1.056E+00  324    3.2722  9.59E-03 2.8309E+01 4.7204E+01    5.61E+02 0.00E+00 2.34E+02  0.588456  0.016102 5.61E+02 0.00E+00 2.34E+02  0.588331  0.016102  0.0000000E+00  0.0000000E+00  4.7942116E-07  9.3697805E-02  7.3421866E-02  2.8753209E-04 -1.4114111E-01  6.8362665E-02  5.9077160E-03 0.000 0.331 1.000 1.000 1.000 1.000 1.000 1.000 1.000 1.000 1.000 1.000 1.000 1.000 1.000 1.000 1.000 1.000 1.000 1.000 1.000 1.000 1.000 1.000 1.000 1.000 1.000 1.000 1.000 1.000 1.000 1.000 1.000 1.000 1.000 1.000 1.000 1.000 1.000 1.000  8.3930340781E-02   0.89203   1.00000   0.00000   0.00000   0.9023127E-02
   725  6.655844332437627E+06   9.997571  3.785694  4.396253  0.7197056E+00  0.2662405E+00  4.2721841E-05  2.4601450E-03  4.6736396E-05  8.8058806E-04  6.3838433E-03  3.2424568E-06  1.4023260E-05  2.1084332E-03  1.7053625E-04  0.3275    4.396253  -9.338  0.988558  7.512514  0.6411464E+00  0.3450438E+00  4.4078660E-07  4.5865327E-05  1.2445757E-05  7.9755363E-03  1.5453639E-03  9.7794597E-06  1.0468850E-08  2.1084332E-03  1.7053625E-04  8.660E-10  1.747E-16  4.914E+11  3.065E+12  1.170E+02  3.310E+06  0.58873574  7.824E-05  7.826E-05  9.422E-01  0.000E+00  0.000E+00  1.056E+00  324    3.2722  9.59E-03 2.8286E+01 4.7177E+01    5.61E+02 0.00E+00 2.34E+02  0.588809  0.016143 5.61E+02 0.00E+00 2.34E+02  0.588736  0.016143  0.0000000E+00  0.0000000E+00  4.8361738E-07  9.3805143E-02  7.3409155E-02  2.8710573E-04 -1.4107400E-01  6.8323382E-02  5.9167517E-03 0.000 0.331 1.000 1.000 1.000 1.000 1.000 1.000 1.000 1.000 1.000 1.000 1.000 1.000 1.000 1.000 1.000 1.000 1.000 1.000 1.000 1.000 1.000 1.000 1.000 1.000 1.000 1.000 1.000 1.000 1.000 1.000 1.000 1.000 1.000 1.000 1.000 1.000 1.000 1.000  8.3926486294E-02   0.89048   1.00000   0.00000   0.00000   0.8994693E-02
   733  6.747833921610355E+06   9.997529  3.786791  4.396224  0.7196832E+00  0.2662625E+00  4.2650728E-05  2.4551144E-03  4.7254713E-05  8.8834907E-04  6.3810460E-03  3.2763551E-06  1.3999796E-05  2.1084332E-03  1.7053625E-04  0.3274    4.396224  -9.335  0.988321  7.512608  0.6400305E+00  0.3461622E+00  4.3763009E-07  4.5969932E-05  1.2473887E-05  7.9923532E-03  1.5260951E-03  9.6467374E-06  1.0318063E-08  2.1084332E-03  1.7053625E-04  8.643E-10  1.742E-16  4.901E+11  3.059E+12  1.166E+02  3.304E+06  0.58913977  7.814E-05  7.816E-05  9.421E-01  0.000E+00  0.000E+00  1.056E+00  324    3.2722  9.59E-03 2.8263E+01 4.7150E+01    5.60E+02 0.00E+00 2.34E+02  0.589213  0.016184 5.60E+02 0.00E+00 2.34E+02  0.589140  0.016184  0.0000000E+00  0.0000000E+00  4.8787635E-07  9.3912350E-02  7.3396438E-02  2.8668072E-04 -1.4100716E-01  6.8284206E-02  5.9258415E-03 0.000 0.331 1.000 1.000 1.000 1.000 1.000 1.000 1.000 1.000 1.000 1.000 1.000 1.000 1.000 1.000 1.000 1.000 1.000 1.000 1.000 1.000 1.000 1.000 1.000 1.000 1.000 1.000 1.000 1.000 1.000 1.000 1.000 1.000 1.000 1.000 1.000 1.000 1.000 1.000  8.3922597875E-02   0.88893   1.00000   0.00000   0.00000   0.8966367E-02
   741  6.839823510783084E+06   9.997486  3.787891  4.396196  0.7196597E+00  0.2662856E+00  4.2578661E-05  2.4499860E-03  4.7773186E-05  8.9632554E-04  6.3781327E-03  3.3108181E-06  1.3975827E-05  2.1084332E-03  1.7053625E-04  0.3272    4.396196  -9.332  0.988087  7.512702  0.6389123E+00  0.3472828E+00  4.3448473E-07  4.6073032E-05  1.2501616E-05  8.0088455E-03  1.5071975E-03  9.5165252E-06  1.0170234E-08  2.1084332E-03  1.7053625E-04  8.625E-10  1.738E-16  4.888E+11  3.053E+12  1.163E+02  3.297E+06  0.58954412  7.804E-05  7.806E-05  9.420E-01  0.000E+00  0.000E+00  1.056E+00  324    3.2722  9.58E-03 2.8240E+01 4.7122E+01    5.60E+02 0.00E+00 2.34E+02  0.589633  0.016224 5.60E+02 0.00E+00 2.34E+02  0.589544  0.016224  0.0000000E+00  0.0000000E+00  4.9218448E-07  9.4019455E-02  7.3383697E-02  2.8625684E-04 -1.4094055E-01  6.8245124E-02  5.9349850E-03 0.000 0.331 1.000 1.000 1.000 1.000 1.000 1.000 1.000 1.000 1.000 1.000 1.000 1.000 1.000 1.000 1.000 1.000 1.000 1.000 1.000 1.000 1.000 1.000 1.000 1.000 1.000 1.000 1.000 1.000 1.000 1.000 1.000 1.000 1.000 1.000 1.000 1.000 1.000 1.000  8.3918675148E-02   0.88738   1.00000   0.00000   0.00000   0.8938105E-02
   749  6.931813099955812E+06   9.997443  3.788994  4.396170  0.7196351E+00  0.2663099E+00  4.2505685E-05  2.4447623E-03  4.8291464E-05  9.0451549E-04  6.3751027E-03  3.3458179E-06  1.3951364E-05  2.1084332E-03  1.7053625E-04  0.3271    4.396170  -9.329  0.987853  7.512798  0.6377918E+00  0.3484056E+00  4.3134799E-07  4.6174605E-05  1.2528934E-05  8.0250226E-03  1.4886603E-03  9.3888000E-06  1.0025175E-08  2.1084332E-03  1.7053625E-04  8.625E-10  1.738E-16  4.875E+11  3.047E+12  1.160E+02  3.290E+06  0.58994872  7.793E-05  7.796E-05  9.419E-01  0.000E+00  0.000E+00  1.056E+00  324    3.2722  9.58E-03 2.8217E+01 4.7095E+01    5.60E+02 0.00E+00 2.34E+02  0.590038  0.016266 5.60E+02 0.00E+00 2.34E+02  0.589949  0.016266  0.0000000E+00  0.0000000E+00  4.9653754E-07  9.4126216E-02  7.3370943E-02  2.8583490E-04 -1.4087438E-01  6.8206187E-02  5.9441790E-03 0.000 0.331 1.000 1.000 1.000 1.000 1.000 1.000 1.000 1.000 1.000 1.000 1.000 1.000 1.000 1.000 1.000 1.000 1.000 1.000 1.000 1.000 1.000 1.000 1.000 1.000 1.000 1.000 1.000 1.000 1.000 1.000 1.000 1.000 1.000 1.000 1.000 1.000 1.000 1.000  8.3914717728E-02   0.88582   1.00000   0.00000   0.00000   0.8910189E-02
   757  7.023802689128540E+06   9.997400  3.790100  4.396144  0.7196092E+00  0.2663353E+00  4.2431842E-05  2.4394459E-03  4.8809210E-05  9.1291685E-04  6.3719553E-03  3.3813268E-06  1.3926420E-05  2.1084332E-03  1.7053625E-04  0.3269    4.396144  -9.325  0.987625  7.512895  0.6366690E+00  0.3495308E+00  4.2821821E-07  4.6274931E-05  1.2555923E-05  8.0408942E-03  1.4704721E-03  9.2634034E-06  9.8834973E-09  2.1084332E-03  1.7053625E-04  8.606E-10  1.734E-16  4.862E+11  3.041E+12  1.157E+02  3.284E+06  0.59051039  7.786E-05  7.785E-05  9.418E-01  0.000E+00  0.000E+00  1.056E+00  324    3.2722  9.58E-03 2.8194E+01 4.7067E+01    5.59E+02 0.00E+00 2.34E+02  0.590443  0.016307 5.59E+02 0.00E+00 2.34E+02  0.590510  0.016307  0.0000000E+00  0.0000000E+00  5.0094223E-07  9.4233175E-02  7.3358148E-02  2.8541296E-04 -1.4080821E-01  6.8167274E-02  5.9534293E-03 0.000 0.331 1.000 1.000 1.000 1.000 1.000 1.000 1.000 1.000 1.000 1.000 1.000 1.000 1.000 1.000 1.000 1.000 1.000 1.000 1.000 1.000 1.000 1.000 1.000 1.000 1.000 1.000 1.000 1.000 1.000 1.000 1.000 1.000 1.000 1.000 1.000 1.000 1.000 1.000  8.3910725240E-02   0.88426   1.00000   0.00000   0.00000   0.8881902E-02
   765  7.115792278301269E+06   9.997356  3.791209  4.396119  0.7195822E+00  0.2663619E+00  4.2357176E-05  2.4340394E-03  4.9326108E-05  9.2152739E-04  6.3686900E-03  3.4173170E-06  1.3901006E-05  2.1084332E-03  1.7053625E-04  0.3268    4.396119  -9.322  0.987399  7.512994  0.6355438E+00  0.3506582E+00  4.2510784E-07  4.6373764E-05  1.2582514E-05  8.0564686E-03  1.4526240E-03  9.1403048E-06  9.7438977E-09  2.1084332E-03  1.7053625E-04  8.588E-10  1.730E-16  4.849E+11  3.035E+12  1.154E+02  3.278E+06  0.59091573  7.775E-05  7.775E-05  9.417E-01  0.000E+00  0.000E+00  1.056E+00  324    3.2722  9.58E-03 2.8171E+01 4.7040E+01    5.59E+02 0.00E+00 2.34E+02  0.590849  0.016348 5.59E+02 0.00E+00 2.34E+02  0.590916  0.016348  0.0000000E+00  0.0000000E+00  5.0539444E-07  9.4340079E-02  7.3345314E-02  2.8499195E-04 -1.4074225E-01  6.8128438E-02  5.9627334E-03 0.000 0.331 1.000 1.000 1.000 1.000 1.000 1.000 1.000 1.000 1.000 1.000 1.000 1.000 1.000 1.000 1.000 1.000 1.000 1.000 1.000 1.000 1.000 1.000 1.000 1.000 1.000 1.000 1.000 1.000 1.000 1.000 1.000 1.000 1.000 1.000 1.000 1.000 1.000 1.000  8.3906697281E-02   0.88270   1.00000   0.00000   0.00000   0.8853896E-02
   773  7.207781867473997E+06   9.997312  3.792319  4.396089  0.7195540E+00  0.2663898E+00  4.2281726E-05  2.4285455E-03  4.9841856E-05  9.3034472E-04  6.3653063E-03  3.4537611E-06  1.3875133E-05  2.1084332E-03  1.7053625E-04  0.3266    4.396089  -9.319  0.987176  7.513094  0.6344162E+00  0.3517881E+00  4.2200791E-07  4.6471268E-05  1.2608753E-05  8.0717542E-03  1.4351059E-03  9.0194490E-06  9.6071223E-09  2.1084332E-03  1.7053625E-04  8.570E-10  1.726E-16  4.836E+11  3.029E+12  1.151E+02  3.271E+06  0.59120309  7.763E-05  7.765E-05  9.416E-01  0.000E+00  0.000E+00  1.056E+00  324    3.2722  9.58E-03 2.8149E+01 4.7014E+01    5.59E+02 0.00E+00 2.34E+02  0.591411  0.016390 5.59E+02 0.00E+00 2.34E+02  0.591203  0.016390  0.0000000E+00  0.0000000E+00  5.1007803E-07  9.4447090E-02  7.3335231E-02  2.8459304E-04 -1.4067641E-01  6.8089596E-02  5.9720739E-03 0.000 0.331 1.000 1.000 1.000 1.000 1.000 1.000 1.000 1.000 1.000 1.000 1.000 1.000 1.000 1.000 1.000 1.000 1.000 1.000 1.000 1.000 1.000 1.000 1.000 1.000 1.000 1.000 1.000 1.000 1.000 1.000 1.000 1.000 1.000 1.000 1.000 1.000 1.000 1.000  8.3902633273E-02   0.88113   1.00000   0.00000   0.00000   0.8825058E-02
   781  7.299771456646726E+06   9.997268  3.793435  4.396066  0.7195245E+00  0.2664189E+00  4.2205533E-05  2.4229667E-03  5.0356167E-05  9.3936639E-04  6.3618041E-03  3.4906313E-06  1.3848813E-05  2.1084332E-03  1.7053625E-04  0.3265    4.396066  -9.316  0.986956  7.513195  0.6332860E+00  0.3529205E+00  4.1891633E-07  4.6567502E-05  1.2634654E-05  8.0867598E-03  1.4179080E-03  8.9007665E-06  9.4727312E-09  2.1084332E-03  1.7053625E-04  8.551E-10  1.722E-16  4.823E+11  3.023E+12  1.148E+02  3.265E+06  0.59160902  7.753E-05  7.755E-05  9.415E-01  0.000E+00  0.000E+00  1.057E+00  324    3.2722  9.57E-03 2.8126E+01 4.6987E+01    5.58E+02 0.00E+00 2.34E+02  0.591816  0.016432 5.58E+02 0.00E+00 2.34E+02  0.591609  0.016432  0.0000000E+00  0.0000000E+00  5.1463236E-07  9.4553962E-02  7.3322330E-02  2.8417355E-04 -1.4061081E-01  6.8050889E-02  5.9814853E-03 0.000 0.331 1.000 1.000 1.000 1.000 1.000 1.000 1.000 1.000 1.000 1.000 1.000 1.000 1.000 1.000 1.000 1.000 1.000 1.000 1.000 1.000 1.000 1.000 1.000 1.000 1.000 1.000 1.000 1.000 1.000 1.000 1.000 1.000 1.000 1.000 1.000 1.000 1.000 1.000  8.3898533178E-02   0.87956   1.00000   0.00000   0.00000   0.8797210E-02
   789  7.391761045819454E+06   9.997223  3.794556  4.396049  0.7194938E+00  0.2664492E+00  4.2128636E-05  2.4173056E-03  5.0868776E-05  9.4859000E-04  6.3581829E-03  3.5279012E-06  1.3822058E-05  2.1084332E-03  1.7053625E-04  0.3263    4.396049  -9.313  0.986739  7.513298  0.6321533E+00  0.3540554E+00  4.1583548E-07  4.6662498E-05  1.2660224E-05  8.1014926E-03  1.4010219E-03  8.7842042E-06  9.3409149E-09  2.1084332E-03  1.7053625E-04  8.551E-10  1.722E-16  4.811E+11  3.017E+12  1.145E+02  3.259E+06  0.59199830  7.743E-05  7.745E-05  9.414E-01  0.000E+00  0.000E+00  1.057E+00  324    3.2722  9.57E-03 2.8102E+01 4.6959E+01    5.58E+02 0.00E+00 2.34E+02  0.592123  0.016474 5.58E+02 0.00E+00 2.34E+02  0.591998  0.016474  0.0000000E+00  0.0000000E+00  5.1908992E-07  9.4660715E-02  7.3309404E-02  2.8375521E-04 -1.4054543E-01  6.8012295E-02  5.9909613E-03 0.000 0.331 1.000 1.000 1.000 1.000 1.000 1.000 1.000 1.000 1.000 1.000 1.000 1.000 1.000 1.000 1.000 1.000 1.000 1.000 1.000 1.000 1.000 1.000 1.000 1.000 1.000 1.000 1.000 1.000 1.000 1.000 1.000 1.000 1.000 1.000 1.000 1.000 1.000 1.000  8.3894396368E-02   0.87799   1.00000   0.00000   0.00000   0.8770225E-02
   797  7.483750634992182E+06   9.997178  3.795677  4.396028  0.7194618E+00  0.2664809E+00  4.2051073E-05  2.4115648E-03  5.1379417E-05  9.5801273E-04  6.3544429E-03  3.5655430E-06  1.3794879E-05  2.1084332E-03  1.7053625E-04  0.3262    4.396028  -9.309  0.986524  7.513402  0.6310179E+00  0.3551929E+00  4.1276528E-07  4.6756269E-05  1.2685468E-05  8.1159604E-03  1.3844387E-03  8.6697067E-06  9.2114198E-09  2.1084332E-03  1.7053625E-04  8.532E-10  1.718E-16  4.798E+11  3.012E+12  1.142E+02  3.253E+06  0.59256121  7.735E-05  7.735E-05  9.413E-01  0.000E+00  0.000E+00  1.057E+00  324    3.2722  9.57E-03 2.8079E+01 4.6931E+01    5.57E+02 0.00E+00 2.34E+02  0.592530  0.016516 5.57E+02 0.00E+00 2.34E+02  0.592561  0.016517  0.0000000E+00  0.0000000E+00  5.2374515E-07  9.4767633E-02  7.3296440E-02  2.8333701E-04 -1.4048012E-01  6.7973686E-02  6.0004789E-03 0.000 0.331 1.000 1.000 1.000 1.000 1.000 1.000 1.000 1.000 1.000 1.000 1.000 1.000 1.000 1.000 1.000 1.000 1.000 1.000 1.000 1.000 1.000 1.000 1.000 1.000 1.000 1.000 1.000 1.000 1.000 1.000 1.000 1.000 1.000 1.000 1.000 1.000 1.000 1.000  8.3890222509E-02   0.87641   1.00000   0.00000   0.00000   0.8742553E-02
   805  7.575740224164911E+06   9.997133  3.796802  4.396008  0.7194285E+00  0.2665138E+00  4.1972880E-05  2.4057469E-03  5.1887857E-05  9.6763206E-04  6.3505838E-03  3.6035309E-06  1.3767288E-05  2.1084332E-03  1.7053625E-04  0.3260    4.396008  -9.306  0.986313  7.513508  0.6298798E+00  0.3563330E+00  4.0970344E-07  4.6848898E-05  1.2710408E-05  8.1301696E-03  1.3681509E-03  8.5573954E-06  9.0843707E-09  2.1084332E-03  1.7053625E-04  8.513E-10  1.714E-16  4.785E+11  3.006E+12  1.139E+02  3.247E+06  0.59297128  7.725E-05  7.725E-05  9.412E-01  0.000E+00  0.000E+00  1.057E+00  324    3.2722  9.57E-03 2.8056E+01 4.6904E+01    5.57E+02 0.00E+00 2.34E+02  0.592884  0.016559 5.57E+02 0.00E+00 2.34E+02  0.592971  0.016559  0.0000000E+00  0.0000000E+00  5.2843548E-07  9.4874290E-02  7.3283420E-02  2.8292018E-04 -1.4041518E-01  6.7935228E-02  6.0100599E-03 0.000 0.331 1.000 1.000 1.000 1.000 1.000 1.000 1.000 1.000 1.000 1.000 1.000 1.000 1.000 1.000 1.000 1.000 1.000 1.000 1.000 1.000 1.000 1.000 1.000 1.000 1.000 1.000 1.000 1.000 1.000 1.000 1.000 1.000 1.000 1.000 1.000 1.000 1.000 1.000  8.3886011122E-02   0.87483   1.00000   0.00000   0.00000   0.8717030E-02
   813  7.667729813337639E+06   9.997087  3.797928  4.395982  0.7193939E+00  0.2665481E+00  4.1894093E-05  2.3998543E-03  5.2393861E-05  9.7744512E-04  6.3466059E-03  3.6418381E-06  1.3739297E-05  2.1084332E-03  1.7053625E-04  0.3259    4.395982  -9.303  0.986106  7.513615  0.6287389E+00  0.3574759E+00  4.0665368E-07  4.6940367E-05  1.2735040E-05  8.1441273E-03  1.3521506E-03  8.4471452E-06  8.9597547E-09  2.1084332E-03  1.7053625E-04  8.494E-10  1.710E-16  4.772E+11  3.000E+12  1.136E+02  3.240E+06  0.59325817  7.713E-05  7.715E-05  9.411E-01  0.000E+00  0.000E+00  1.057E+00  324    3.2722  9.56E-03 2.8033E+01 4.6878E+01    5.57E+02 0.00E+00 2.34E+02  0.593448  0.016602 5.57E+02 0.00E+00 2.34E+02  0.593258  0.016602  0.0000000E+00  0.0000000E+00  5.3338687E-07  9.4981113E-02  7.3273186E-02  2.8252540E-04 -1.4035033E-01  6.7896743E-02  6.0196783E-03 0.000 0.331 1.000 1.000 1.000 1.000 1.000 1.000 1.000 1.000 1.000 1.000 1.000 1.000 1.000 1.000 1.000 1.000 1.000 1.000 1.000 1.000 1.000 1.000 1.000 1.000 1.000 1.000 1.000 1.000 1.000 1.000 1.000 1.000 1.000 1.000 1.000 1.000 1.000 1.000  8.3881761625E-02   0.87325   1.00000   0.00000   0.00000   0.8686514E-02
   821  7.759719402510367E+06   9.997041  3.799060  4.395964  0.7193579E+00  0.2665837E+00  4.1814746E-05  2.3938896E-03  5.2897224E-05  9.8744924E-04  6.3425091E-03  3.6804396E-06  1.3710916E-05  2.1084332E-03  1.7053625E-04  0.3257    4.395964  -9.300  0.985900  7.513724  0.6275953E+00  0.3586216E+00  4.0361207E-07  4.7030741E-05  1.2759378E-05  8.1578401E-03  1.3364301E-03  8.3388153E-06  8.8371863E-09  2.1084332E-03  1.7053625E-04  8.475E-10  1.706E-16  4.759E+11  2.995E+12  1.133E+02  3.234E+06  0.59366545  7.703E-05  7.705E-05  9.410E-01  0.000E+00  0.000E+00  1.057E+00  324    3.2722  9.56E-03 2.8010E+01 4.6850E+01    5.56E+02 0.00E+00 2.34E+02  0.593872  0.016645 5.56E+02 0.00E+00 2.34E+02  0.593665  0.016645  0.0000000E+00  0.0000000E+00  5.3820665E-07  9.5087877E-02  7.3260113E-02  2.8210976E-04 -1.4028564E-01  6.7858364E-02  6.0293680E-03 0.000 0.331 1.000 1.000 1.000 1.000 1.000 1.000 1.000 1.000 1.000 1.000 1.000 1.000 1.000 1.000 1.000 1.000 1.000 1.000 1.000 1.000 1.000 1.000 1.000 1.000 1.000 1.000 1.000 1.000 1.000 1.000 1.000 1.000 1.000 1.000 1.000 1.000 1.000 1.000  8.3877473933E-02   0.87166   1.00000   0.00000   0.00000   0.8659057E-02
   829  7.851708991683096E+06   9.996995  3.800197  4.395950  0.7193206E+00  0.2666206E+00  4.1734870E-05  2.3878551E-03  5.3397752E-05  9.9764175E-04  6.3382937E-03  3.7193108E-06  1.3682158E-05  2.1084332E-03  1.7053625E-04  0.3256    4.395950  -9.297  0.985697  7.513834  0.6264488E+00  0.3597700E+00  4.0058072E-07  4.7120052E-05  1.2783433E-05  8.1713141E-03  1.3209826E-03  8.2323460E-06  8.7168713E-09  2.1084332E-03  1.7053625E-04  8.475E-10  1.706E-16  4.746E+11  2.989E+12  1.130E+02  3.228E+06  0.59405551  7.693E-05  7.695E-05  9.410E-01  0.000E+00  0.000E+00  1.057E+00  324    3.2722  9.56E-03 2.7986E+01 4.6822E+01    5.56E+02 0.00E+00 2.34E+02  0.594182  0.016688 5.56E+02 0.00E+00 2.34E+02  0.594056  0.016688  0.0000000E+00  0.0000000E+00  5.4292978E-07  9.5194532E-02  7.3246981E-02  2.8169498E-04 -1.4022114E-01  6.7820104E-02  6.0391313E-03 0.000 0.331 1.000 1.000 1.000 1.000 1.000 1.000 1.000 1.000 1.000 1.000 1.000 1.000 1.000 1.000 1.000 1.000 1.000 1.000 1.000 1.000 1.000 1.000 1.000 1.000 1.000 1.000 1.000 1.000 1.000 1.000 1.000 1.000 1.000 1.000 1.000 1.000 1.000 1.000  8.3873147387E-02   0.87007   1.00000   0.00000   0.00000   0.8632362E-02
   837  7.943698580855824E+06   9.996948  3.801334  4.395928  0.7192819E+00  0.2666590E+00  4.1654501E-05  2.3817534E-03  5.3895235E-05  1.0080193E-03  6.3339601E-03  3.7584249E-06  1.3653033E-05  2.1084332E-03  1.7053625E-04  0.3254    4.395928  -9.293  0.985496  7.513944  0.6252994E+00  0.3609214E+00  3.9756095E-07  4.7208315E-05  1.2807211E-05  8.1845545E-03  1.3058021E-03  8.1276967E-06  8.5991547E-09  2.1084332E-03  1.7053625E-04  8.454E-10  1.702E-16  4.733E+11  2.984E+12  1.126E+02  3.222E+06  0.59447888  7.683E-05  7.685E-05  9.409E-01  0.000E+00  0.000E+00  1.057E+00  324    3.2722  9.56E-03 2.7962E+01 4.6794E+01    5.56E+02 0.00E+00 2.34E+02  0.594552  0.016732 5.56E+02 0.00E+00 2.34E+02  0.594479  0.016732  0.0000000E+00  0.0000000E+00  5.4784176E-07  9.5301559E-02  7.3233322E-02  2.8127601E-04 -1.4015664E-01  6.7781742E-02  6.0489224E-03 0.000 0.331 1.000 1.000 1.000 1.000 1.000 1.000 1.000 1.000 1.000 1.000 1.000 1.000 1.000 1.000 1.000 1.000 1.000 1.000 1.000 1.000 1.000 1.000 1.000 1.000 1.000 1.000 1.000 1.000 1.000 1.000 1.000 1.000 1.000 1.000 1.000 1.000 1.000 1.000  8.3868781586E-02   0.86847   1.00000   0.00000   0.00000   0.8604562E-02
   845  8.035688170028552E+06   9.996901  3.802581  4.395913  0.7192418E+00  0.2666987E+00  4.1573670E-05  2.3755870E-03  5.4389491E-05  1.0185789E-03  6.3295088E-03  3.7977576E-06  1.3623555E-05  2.1084332E-03  1.7053625E-04  0.3256    4.395913  -9.290  0.985398  7.514064  0.6241325E+00  0.3620902E+00  3.9563808E-07  4.7297004E-05  1.2832078E-05  8.1979908E-03  1.2903962E-03  8.0225018E-06  8.5896049E-09  2.1084332E-03  1.7053625E-04  8.452E-10  1.702E-16  4.730E+11  2.984E+12  1.126E+02  3.223E+06  0.59489677  7.672E-05  7.675E-05  9.408E-01  0.000E+00  0.000E+00  1.057E+00  323    3.2722  9.56E-03 2.7936E+01 4.6764E+01    5.55E+02 0.00E+00 2.34E+02  0.594989  0.016777 5.55E+02 0.00E+00 2.34E+02  0.594897  0.016780  0.0000000E+00  0.0000000E+00  5.5305377E-07  9.5409477E-02  7.3219500E-02  2.8072430E-04 -1.4009319E-01  6.7743911E-02  6.0586706E-03 0.000 0.331 1.000 1.000 1.000 1.000 1.000 1.000 1.000 1.000 1.000 1.000 1.000 1.000 1.000 1.000 1.000 1.000 1.000 1.000 1.000 1.000 1.000 1.000 1.000 1.000 1.000 1.000 1.000 1.000 1.000 1.000 1.000 1.000 1.000 1.000 1.000 1.000 1.000 1.000  8.3864375759E-02   0.86680   1.00000   0.00000   0.00000   0.8573660E-02
   853  8.127677759201281E+06   9.996854  3.803668  4.395892  0.7192002E+00  0.2667399E+00  4.1492394E-05  2.3693572E-03  5.4880428E-05  1.0293197E-03  6.3249392E-03  3.8372914E-06  1.3593727E-05  2.1084332E-03  1.7053625E-04  0.3250    4.395892  -9.287  0.985136  7.514180  0.6229596E+00  0.3632650E+00  3.9001482E-07  4.7391465E-05  1.2855018E-05  8.2112106E-03  1.2752324E-03  7.9176708E-06  8.3125735E-09  2.1084332E-03  1.7053625E-04  8.432E-10  1.698E-16  4.724E+11  2.984E+12  1.124E+02  3.223E+06  0.59534138  7.663E-05  7.665E-05  9.407E-01  0.000E+00  0.000E+00  1.057E+00  324    3.2317  9.55E-03 2.7911E+01 4.6735E+01    5.55E+02 0.00E+00 2.34E+02  0.595431  0.016821 5.55E+02 0.00E+00 2.34E+02  0.595341  0.016821  0.0000000E+00  0.0000000E+00  5.5806996E-07  9.5517325E-02  7.3205529E-02  2.8030253E-04 -1.4002875E-01  6.7705545E-02  6.0685516E-03 0.000 0.327 1.000 1.000 1.000 1.000 1.000 1.000 1.000 1.000 1.000 1.000 1.000 1.000 1.000 1.000 1.000 1.000 1.000 1.000 1.000 1.000 1.000 1.000 1.000 1.000 1.000 1.000 1.000 1.000 1.000 1.000 1.000 1.000 1.000 1.000 1.000 1.000 1.000 1.000  8.3859927604E-02   0.86519   1.00000   0.00000   0.00000   0.8548272E-02
   861  8.219667348374009E+06   9.996806  3.804867  4.395872  0.7191573E+00  0.2667825E+00  4.1410711E-05  2.3630672E-03  5.5367839E-05  1.0402371E-03  6.3202526E-03  3.8769982E-06  1.3563567E-05  2.1084332E-03  1.7053625E-04  0.3254    4.395872  -9.283  0.985004  7.514292  0.6218076E+00  0.3644189E+00  3.8924491E-07  4.7470349E-05  1.2877769E-05  8.2235909E-03  1.2610431E-03  7.8186548E-06  8.3364267E-09  2.1084332E-03  1.7053625E-04  8.381E-10  1.688E-16  4.699E+11  2.969E+12  1.118E+02  3.206E+06  0.59595778  7.655E-05  7.655E-05  9.405E-01  0.000E+00  0.000E+00  1.058E+00  323    3.2722  9.55E-03 2.7887E+01 4.6706E+01    5.54E+02 0.00E+00 2.34E+02  0.595898  0.016870 5.54E+02 0.00E+00 2.34E+02  0.595958  0.016867  0.0000000E+00  0.0000000E+00  5.6370659E-07  9.5625074E-02  7.3190632E-02  2.7987488E-04 -1.3996386E-01  6.7666911E-02  6.0785464E-03 0.000 0.331 1.000 1.000 1.000 1.000 1.000 1.000 1.000 1.000 1.000 1.000 1.000 1.000 1.000 1.000 1.000 1.000 1.000 1.000 1.000 1.000 1.000 1.000 1.000 1.000 1.000 1.000 1.000 1.000 1.000 1.000 1.000 1.000 1.000 1.000 1.000 1.000 1.000 1.000  8.3855438910E-02   0.86362   1.00000   0.00000   0.00000   0.8518837E-02
   869  8.311656937546737E+06   9.996758  3.806012  4.395846  0.7191129E+00  0.2668265E+00  4.1328660E-05  2.3567200E-03  5.5851541E-05  1.0513263E-03  6.3154504E-03  3.9168504E-06  1.3533088E-05  2.1084332E-03  1.7053625E-04  0.3252    4.395846  -9.280  0.984812  7.514407  0.6206551E+00  0.3655731E+00  3.8556357E-07  4.7554400E-05  1.2900450E-05  8.2356612E-03  1.2471983E-03  7.7230133E-06  8.1693595E-09  2.1084332E-03  1.7053625E-04  8.381E-10  1.688E-16  4.676E+11  2.958E+12  1.113E+02  3.194E+06  0.59626536  7.643E-05  7.645E-05  9.404E-01  0.000E+00  0.000E+00  1.058E+00  323    3.2722  9.55E-03 2.7864E+01 4.6680E+01    5.54E+02 0.00E+00 2.34E+02  0.596472  0.016912 5.54E+02 0.00E+00 2.34E+02  0.596265  0.016912  0.0000000E+00  0.0000000E+00  5.6882909E-07  9.5731766E-02  7.3179774E-02  2.7948245E-04 -1.3990025E-01  6.7628840E-02  6.0885551E-03 0.000 0.331 1.000 1.000 1.000 1.000 1.000 1.000 1.000 1.000 1.000 1.000 1.000 1.000 1.000 1.000 1.000 1.000 1.000 1.000 1.000 1.000 1.000 1.000 1.000 1.000 1.000 1.000 1.000 1.000 1.000 1.000 1.000 1.000 1.000 1.000 1.000 1.000 1.000 1.000  8.3850907358E-02   0.86202   1.00000   0.00000   0.00000   0.8490150E-02
   877  8.403646526719464E+06   9.996710  3.807217  4.395830  0.7190671E+00  0.2668721E+00  4.1246247E-05  2.3503163E-03  5.6331501E-05  1.0625874E-03  6.3105319E-03  3.9568354E-06  1.3502293E-05  2.1084332E-03  1.7053625E-04  0.3251    4.395830  -9.276  0.984675  7.514529  0.6194130E+00  0.3668173E+00  3.7793381E-07  4.7654916E-05  1.2924506E-05  8.2498911E-03  1.2308728E-03  7.6160716E-06  7.7261151E-09  2.1084332E-03  1.7053625E-04  8.282E-10  1.669E-16  4.633E+11  2.923E+12  1.103E+02  3.157E+06  0.59684617  7.634E-05  7.634E-05  9.403E-01  0.000E+00  0.000E+00  1.058E+00  324    3.2317  9.55E-03 2.7836E+01 4.6649E+01    5.54E+02 0.00E+00 2.34E+02  0.596819  0.016958 5.54E+02 0.00E+00 2.34E+02  0.596846  0.016958  0.0000000E+00  0.0000000E+00  5.7416392E-07  9.5844439E-02  7.3165232E-02  2.7904512E-04 -1.3983493E-01  6.7589932E-02  6.0984357E-03 0.000 0.327 1.000 1.000 1.000 1.000 1.000 1.000 1.000 1.000 1.000 1.000 1.000 1.000 1.000 1.000 1.000 1.000 1.000 1.000 1.000 1.000 1.000 1.000 1.000 1.000 1.000 1.000 1.000 1.000 1.000 1.000 1.000 1.000 1.000 1.000 1.000 1.000 1.000 1.000  8.3846333186E-02   0.86030   1.00000   0.00000   0.00000   0.8462326E-02
   885  8.495636115892185E+06   9.996661  3.808370  4.395800  0.7190198E+00  0.2669190E+00  4.1163509E-05  2.3438591E-03  5.6807542E-05  1.0740159E-03  6.3054983E-03  3.9969267E-06  1.3471197E-05  2.1084332E-03  1.7053625E-04  0.3249    4.395800  -9.273  0.984485  7.514646  0.6182087E+00  0.3680235E+00  3.7529166E-07  4.7743046E-05  1.2948224E-05  8.2626949E-03  1.2161891E-03  7.5139836E-06  7.6980300E-09  2.1084332E-03  1.7053625E-04  8.263E-10  1.665E-16  4.626E+11  2.920E+12  1.101E+02  3.153E+06  0.59715079  7.622E-05  7.624E-05  9.402E-01  0.000E+00  0.000E+00  1.058E+00  324    3.2317  9.55E-03 2.7812E+01 4.6622E+01    5.53E+02 0.00E+00 2.34E+02  0.597342  0.017003 5.53E+02 0.00E+00 2.34E+02  0.597151  0.017003  0.0000000E+00  0.0000000E+00  5.7959830E-07  9.5956272E-02  7.3153887E-02  2.7863593E-04 -1.3976829E-01  6.7550312E-02  6.1085066E-03 0.000 0.327 1.000 1.000 1.000 1.000 1.000 1.000 1.000 1.000 1.000 1.000 1.000 1.000 1.000 1.000 1.000 1.000 1.000 1.000 1.000 1.000 1.000 1.000 1.000 1.000 1.000 1.000 1.000 1.000 1.000 1.000 1.000 1.000 1.000 1.000 1.000 1.000 1.000 1.000  8.3841715971E-02   0.85862   1.00000   0.00000   0.00000   0.8433950E-02
   894  8.595674794117518E+06   9.996607  3.809618  4.395768  0.7189666E+00  0.2669718E+00  4.1073195E-05  2.3367791E-03  5.7320623E-05  1.0866302E-03  6.2998950E-03  4.0406198E-06  1.3437052E-05  2.1084332E-03  1.7053625E-04  0.3247    4.395768  -9.270  0.984224  7.514750  0.6169068E+00  0.3693275E+00  3.6194236E-07  4.7968182E-05  1.3011335E-05  8.2759172E-03  1.2008448E-03  7.3602876E-06  7.3736055E-09  2.1084332E-03  1.7053625E-04  7.999E-10  1.611E-16  4.498E+11  2.832E+12  1.071E+02  3.059E+06  0.59757614  7.610E-05  7.612E-05  9.401E-01  0.000E+00  0.000E+00  1.058E+00  324    3.2317  9.55E-03 2.7784E+01 4.6590E+01    5.53E+02 0.00E+00 2.34E+02  0.597713  0.017051 5.53E+02 0.00E+00 2.34E+02  0.597576  0.017051  0.0000000E+00  0.0000000E+00  5.2657772E-07  9.6085718E-02  7.3137801E-02  2.7814074E-04 -1.3969015E-01  6.7504552E-02  6.1192827E-03 0.000 0.327 1.000 1.000 1.000 1.000 1.000 1.000 1.000 1.000 1.000 1.000 1.000 1.000 1.000 1.000 1.000 1.000 1.000 1.000 1.000 1.000 1.000 1.000 1.000 1.000 1.000 1.000 1.000 1.000 1.000 1.000 1.000 1.000 1.000 1.000 1.000 1.000 1.000 1.000  8.3836647114E-02   0.85682   1.00000   0.00000   0.00000   0.8405012E-02
   903  8.688814253154894E+06   9.996557  3.810804  4.395747  0.7189156E+00  0.2670226E+00  4.0988821E-05  2.3301355E-03  5.7793886E-05  1.0985452E-03  6.2945579E-03  4.0813647E-06  1.3404966E-05  2.1084332E-03  1.7053625E-04  0.3245    4.395747  -9.266  0.984029  7.514869  0.6156959E+00  0.3705401E+00  3.5810646E-07  4.8060385E-05  1.3036784E-05  8.2880857E-03  1.1869103E-03  7.2255478E-06  7.2370777E-09  2.1084332E-03  1.7053625E-04  7.979E-10  1.608E-16  4.475E+11  2.819E+12  1.065E+02  3.045E+06  0.59801091  7.600E-05  7.602E-05  9.400E-01  0.000E+00  0.000E+00  1.058E+00  324    3.2317  9.54E-03 2.7758E+01 4.6560E+01    5.52E+02 0.00E+00 2.34E+02  0.598093  0.017098 5.52E+02 0.00E+00 2.34E+02  0.598011  0.017098  0.0000000E+00  0.0000000E+00  5.3155597E-07  9.6199199E-02  7.3123150E-02  2.7770373E-04 -1.3962287E-01  6.7464542E-02  6.1295681E-03 0.000 0.327 1.000 1.000 1.000 1.000 1.000 1.000 1.000 1.000 1.000 1.000 1.000 1.000 1.000 1.000 1.000 1.000 1.000 1.000 1.000 1.000 1.000 1.000 1.000 1.000 1.000 1.000 1.000 1.000 1.000 1.000 1.000 1.000 1.000 1.000 1.000 1.000 1.000 1.000  8.3831882520E-02   0.85513   1.00000   0.00000   0.00000   0.8377106E-02
   912  8.781953712192271E+06   9.996506  3.811984  4.395728  0.7188629E+00  0.2670749E+00  4.0904193E-05  2.3234440E-03  5.8262778E-05  1.1106215E-03  6.2891056E-03  4.1221519E-06  1.3372604E-05  2.1084332E-03  1.7053625E-04  0.3243    4.395728  -9.263  0.983846  7.514992  0.6144834E+00  0.3717543E+00  3.5517114E-07  4.8144325E-05  1.3059433E-05  8.2999702E-03  1.1732803E-03  7.1274926E-06  7.1360002E-09  2.1084332E-03  1.7053625E-04  7.959E-10  1.604E-16  4.461E+11  2.813E+12  1.062E+02  3.038E+06  0.59859338  7.592E-05  7.592E-05  9.399E-01  0.000E+00  0.000E+00  1.058E+00  324    3.2317  9.54E-03 2.7733E+01 4.6531E+01    5.52E+02 0.00E+00 2.34E+02  0.598520  0.017144 5.52E+02 0.00E+00 2.34E+02  0.598593  0.017144  0.0000000E+00  0.0000000E+00  5.3652481E-07  9.6310990E-02  7.3108756E-02  2.7727449E-04 -1.3955690E-01  6.7425136E-02  6.1399718E-03 0.000 0.327 1.000 1.000 1.000 1.000 1.000 1.000 1.000 1.000 1.000 1.000 1.000 1.000 1.000 1.000 1.000 1.000 1.000 1.000 1.000 1.000 1.000 1.000 1.000 1.000 1.000 1.000 1.000 1.000 1.000 1.000 1.000 1.000 1.000 1.000 1.000 1.000 1.000 1.000  8.3827073298E-02   0.85345   1.00000   0.00000   0.00000   0.8349661E-02
   921  8.875093171229647E+06   9.996455  3.813165  4.395703  0.7188087E+00  0.2671288E+00  4.0819334E-05  2.3167069E-03  5.8727206E-05  1.1228559E-03  6.2835393E-03  4.1629611E-06  1.3339978E-05  2.1084332E-03  1.7053625E-04  0.3241    4.395703  -9.260  0.983662  7.515115  0.6132687E+00  0.3729708E+00  3.5226456E-07  4.8226970E-05  1.3081744E-05  8.3116084E-03  1.1599281E-03  7.0357671E-06  7.0385605E-09  2.1084332E-03  1.7053625E-04  7.940E-10  1.601E-16  4.448E+11  2.808E+12  1.059E+02  3.032E+06  0.59890303  7.579E-05  7.582E-05  9.398E-01  0.000E+00  0.000E+00  1.058E+00  324    3.2317  9.54E-03 2.7709E+01 4.6504E+01    5.52E+02 0.00E+00 2.34E+02  0.599102  0.017190 5.52E+02 0.00E+00 2.34E+02  0.598903  0.017190  0.0000000E+00  0.0000000E+00  5.4175724E-07  9.6423266E-02  7.3097079E-02  2.7686571E-04 -1.3949079E-01  6.7385594E-02  6.1504103E-03 0.000 0.327 1.000 1.000 1.000 1.000 1.000 1.000 1.000 1.000 1.000 1.000 1.000 1.000 1.000 1.000 1.000 1.000 1.000 1.000 1.000 1.000 1.000 1.000 1.000 1.000 1.000 1.000 1.000 1.000 1.000 1.000 1.000 1.000 1.000 1.000 1.000 1.000 1.000 1.000  8.3822218746E-02   0.85176   1.00000   0.00000   0.00000   0.8321313E-02
   930  8.968232630267024E+06   9.996404  3.814355  4.395691  0.7187530E+00  0.2671842E+00  4.0734264E-05  2.3099260E-03  5.9187092E-05  1.1352454E-03  6.2778599E-03  4.2037732E-06  1.3307098E-05  2.1084332E-03  1.7053625E-04  0.3240    4.395691  -9.256  0.983483  7.515241  0.6120513E+00  0.3741898E+00  3.4937529E-07  4.8308617E-05  1.3103782E-05  8.3230205E-03  1.1468336E-03  6.9464634E-06  6.9426868E-09  2.1084332E-03  1.7053625E-04  7.940E-10  1.601E-16  4.435E+11  2.802E+12  1.056E+02  3.026E+06  0.59931185  7.569E-05  7.571E-05  9.397E-01  0.000E+00  0.000E+00  1.058E+00  324    3.2317  9.54E-03 2.7683E+01 4.6474E+01    5.51E+02 0.00E+00 2.34E+02  0.599432  0.017236 5.51E+02 0.00E+00 2.34E+02  0.599312  0.017237  0.0000000E+00  0.0000000E+00  5.4669764E-07  9.6535280E-02  7.3082580E-02  2.7643722E-04 -1.3942500E-01  6.7346247E-02  6.1609400E-03 0.000 0.327 1.000 1.000 1.000 1.000 1.000 1.000 1.000 1.000 1.000 1.000 1.000 1.000 1.000 1.000 1.000 1.000 1.000 1.000 1.000 1.000 1.000 1.000 1.000 1.000 1.000 1.000 1.000 1.000 1.000 1.000 1.000 1.000 1.000 1.000 1.000 1.000 1.000 1.000  8.3817318682E-02   0.85007   1.00000   0.00000   0.00000   0.8294640E-02
   939  9.061372089304401E+06   9.996352  3.815545  4.395674  0.7186956E+00  0.2672413E+00  4.0649006E-05  2.3031035E-03  5.9642359E-05  1.1477866E-03  6.2720684E-03  4.2445691E-06  1.3273972E-05  2.1084332E-03  1.7053625E-04  0.3240    4.395674  -9.253  0.983304  7.515367  0.6108311E+00  0.3754117E+00  3.4650437E-07  4.8389246E-05  1.3125555E-05  8.3342197E-03  1.1339824E-03  6.8589511E-06  6.8482802E-09  2.1084332E-03  1.7053625E-04  7.920E-10  1.597E-16  4.422E+11  2.796E+12  1.052E+02  3.020E+06  0.59989580  7.561E-05  7.561E-05  9.396E-01  0.000E+00  0.000E+00  1.058E+00  324    3.2317  9.54E-03 2.7658E+01 4.6445E+01    5.51E+02 0.00E+00 2.34E+02  0.599805  0.017284 5.51E+02 0.00E+00 2.34E+02  0.599896  0.017283  0.0000000E+00  0.0000000E+00  5.5183336E-07  9.6647714E-02  7.3067998E-02  2.7600781E-04 -1.3935912E-01  6.7306806E-02  6.1715162E-03 0.000 0.327 1.000 1.000 1.000 1.000 1.000 1.000 1.000 1.000 1.000 1.000 1.000 1.000 1.000 1.000 1.000 1.000 1.000 1.000 1.000 1.000 1.000 1.000 1.000 1.000 1.000 1.000 1.000 1.000 1.000 1.000 1.000 1.000 1.000 1.000 1.000 1.000 1.000 1.000  8.3812372431E-02   0.84838   1.00000   0.00000   0.00000   0.8267427E-02
   948  9.154511548341777E+06   9.996300  3.816738  4.395651  0.7186367E+00  0.2673000E+00  4.0563579E-05  2.2962413E-03  6.0092940E-05  1.1604763E-03  6.2661660E-03  4.2853307E-06  1.3240612E-05  2.1084332E-03  1.7053625E-04  0.3238    4.395651  -9.249  0.983127  7.515494  0.6096077E+00  0.3766366E+00  3.4365140E-07  4.8468942E-05  1.3147080E-05  8.3452161E-03  1.1213629E-03  6.7730551E-06  6.7554524E-09  2.1084332E-03  1.7053625E-04  7.901E-10  1.594E-16  4.409E+11  2.791E+12  1.049E+02  3.014E+06  0.60020601  7.549E-05  7.551E-05  9.395E-01  0.000E+00  0.000E+00  1.059E+00  324    3.2317  9.54E-03 2.7633E+01 4.6417E+01    5.51E+02 0.00E+00 2.35E+02  0.600406  0.017331 5.51E+02 0.00E+00 2.34E+02  0.600206  0.017330  0.0000000E+00  0.0000000E+00  5.5724751E-07  9.6760458E-02  7.3056160E-02  2.7559950E-04 -1.3929326E-01  6.7267302E-02  6.1821353E-03 0.000 0.327 1.000 1.000 1.000 1.000 1.000 1.000 1.000 1.000 1.000 1.000 1.000 1.000 1.000 1.000 1.000 1.000 1.000 1.000 1.000 1.000 1.000 1.000 1.000 1.000 1.000 1.000 1.000 1.000 1.000 1.000 1.000 1.000 1.000 1.000 1.000 1.000 1.000 1.000  8.3807379231E-02   0.84668   1.00000   0.00000   0.00000   0.8239285E-02
   957  9.247651007379154E+06   9.996247  3.817937  4.395641  0.7185761E+00  0.2673602E+00  4.0478003E-05  2.2893413E-03  6.0538783E-05  1.1733116E-03  6.2601538E-03  4.3260411E-06  1.3207026E-05  2.1084332E-03  1.7053625E-04  0.3236    4.395641  -9.246  0.982953  7.515623  0.6083811E+00  0.3778649E+00  3.4081252E-07  4.8547780E-05  1.3168377E-05  8.3560184E-03  1.1089655E-03  6.6886809E-06  6.6641025E-09  2.1084332E-03  1.7053625E-04  7.881E-10  1.590E-16  4.396E+11  2.786E+12  1.046E+02  3.008E+06  0.60061575  7.539E-05  7.541E-05  9.394E-01  0.000E+00  0.000E+00  1.059E+00  324    3.2317  9.53E-03 2.7607E+01 4.6387E+01    5.50E+02 0.00E+00 2.35E+02  0.600682  0.017378 5.50E+02 0.00E+00 2.34E+02  0.600616  0.017378  0.0000000E+00  0.0000000E+00  5.6235110E-07  9.6873223E-02  7.3041466E-02  2.7517048E-04 -1.3922751E-01  6.7227891E-02  6.1928411E-03 0.000 0.327 1.000 1.000 1.000 1.000 1.000 1.000 1.000 1.000 1.000 1.000 1.000 1.000 1.000 1.000 1.000 1.000 1.000 1.000 1.000 1.000 1.000 1.000 1.000 1.000 1.000 1.000 1.000 1.000 1.000 1.000 1.000 1.000 1.000 1.000 1.000 1.000 1.000 1.000  8.3802338858E-02   0.84497   1.00000   0.00000   0.00000   0.8212883E-02
   966  9.340790466416530E+06   9.996194  3.819138  4.395618  0.7185139E+00  0.2674222E+00  4.0392296E-05  2.2824054E-03  6.0979823E-05  1.1862890E-03  6.2540329E-03  4.3666824E-06  1.3173223E-05  2.1084332E-03  1.7053625E-04  0.3235    4.395618  -9.243  0.982778  7.515752  0.6071511E+00  0.3790964E+00  3.3798695E-07  4.8625692E-05  1.3189423E-05  8.3666338E-03  1.0967816E-03  6.6057840E-06  6.5740931E-09  2.1084332E-03  1.7053625E-04  7.862E-10  1.587E-16  4.382E+11  2.780E+12  1.043E+02  3.002E+06  0.60105746  7.528E-05  7.530E-05  9.393E-01  0.000E+00  0.000E+00  1.059E+00  324    3.2317  9.53E-03 2.7581E+01 4.6357E+01    5.50E+02 0.00E+00 2.35E+02  0.601142  0.017425 5.50E+02 0.00E+00 2.35E+02  0.601057  0.017425  0.0000000E+00  0.0000000E+00  5.6770053E-07  9.6986174E-02  7.3026167E-02  2.7473743E-04 -1.3916189E-01  6.7188428E-02  6.2035860E-03 0.000 0.327 1.000 1.000 1.000 1.000 1.000 1.000 1.000 1.000 1.000 1.000 1.000 1.000 1.000 1.000 1.000 1.000 1.000 1.000 1.000 1.000 1.000 1.000 1.000 1.000 1.000 1.000 1.000 1.000 1.000 1.000 1.000 1.000 1.000 1.000 1.000 1.000 1.000 1.000  8.3797250623E-02   0.84327   1.00000   0.00000   0.00000   0.8184966E-02
   975  9.433929925453907E+06   9.996140  3.820343  4.395586  0.7184501E+00  0.2674857E+00  4.0306479E-05  2.2754358E-03  6.1416003E-05  1.1994052E-03  6.2478049E-03  4.4072373E-06  1.3139215E-05  2.1084332E-03  1.7053625E-04  0.3233    4.395586  -9.239  0.982600  7.515887  0.6059175E+00  0.3803316E+00  3.3516328E-07  4.8703019E-05  1.3210320E-05  8.3770698E-03  1.0848025E-03  6.5242745E-06  6.4859887E-09  2.1084332E-03  1.7053625E-04  7.842E-10  1.584E-16  4.369E+11  2.775E+12  1.040E+02  2.997E+06  0.60168649  7.520E-05  7.520E-05  9.392E-01  0.000E+00  0.000E+00  1.059E+00  324    3.2317  9.53E-03 2.7554E+01 4.6326E+01    5.49E+02 0.00E+00 2.35E+02  0.601616  0.017473 5.49E+02 0.00E+00 2.35E+02  0.601686  0.017473  0.0000000E+00  0.0000000E+00  5.7314122E-07  9.7099870E-02  7.3009885E-02  2.7429583E-04 -1.3909595E-01  6.7148802E-02  6.2143847E-03 0.000 0.327 1.000 1.000 1.000 1.000 1.000 1.000 1.000 1.000 1.000 1.000 1.000 1.000 1.000 1.000 1.000 1.000 1.000 1.000 1.000 1.000 1.000 1.000 1.000 1.000 1.000 1.000 1.000 1.000 1.000 1.000 1.000 1.000 1.000 1.000 1.000 1.000 1.000 1.000  8.3792113704E-02   0.84155   1.00000   0.00000   0.00000   0.8156417E-02
   984  9.527069384491283E+06   9.996086  3.821551  4.395549  0.7183847E+00  0.2675509E+00  4.0220570E-05  2.2684343E-03  6.1847269E-05  1.2126566E-03  6.2414709E-03  4.4476889E-06  1.3105010E-05  2.1084332E-03  1.7053625E-04  0.3231    4.395549  -9.236  0.982431  7.516018  0.6046802E+00  0.3815703E+00  3.3237824E-07  4.8779343E-05  1.3230947E-05  8.3873315E-03  1.0730230E-03  6.4441289E-06  6.3990199E-09  2.1084332E-03  1.7053625E-04  7.823E-10  1.580E-16  4.356E+11  2.769E+12  1.037E+02  2.991E+06  0.60204392  7.507E-05  7.509E-05  9.391E-01  0.000E+00  0.000E+00  1.059E+00  324    3.2317  9.53E-03 2.7529E+01 4.6296E+01    5.49E+02 0.00E+00 2.35E+02  0.602167  0.017521 5.49E+02 0.00E+00 2.35E+02  0.602044  0.017521  0.0000000E+00  0.0000000E+00  5.7870308E-07  9.7213871E-02  7.2995792E-02  2.7387110E-04 -1.3903003E-01  6.7109132E-02  6.2252331E-03 0.000 0.327 1.000 1.000 1.000 1.000 1.000 1.000 1.000 1.000 1.000 1.000 1.000 1.000 1.000 1.000 1.000 1.000 1.000 1.000 1.000 1.000 1.000 1.000 1.000 1.000 1.000 1.000 1.000 1.000 1.000 1.000 1.000 1.000 1.000 1.000 1.000 1.000 1.000 1.000  8.3786927125E-02   0.83983   1.00000   0.00000   0.00000   0.8127179E-02
   993  9.620208843528660E+06   9.996032  3.822760  4.395523  0.7183176E+00  0.2676178E+00  4.0134586E-05  2.2614026E-03  6.2273594E-05  1.2260403E-03  6.2350324E-03  4.4880225E-06  1.3070618E-05  2.1084332E-03  1.7053625E-04  0.3229    4.395523  -9.232  0.982264  7.516151  0.6034393E+00  0.3828127E+00  3.2959745E-07  4.8854991E-05  1.3251399E-05  8.3974242E-03  1.0614365E-03  6.3652892E-06  6.3134010E-09  2.1084332E-03  1.7053625E-04  7.803E-10  1.577E-16  4.343E+11  2.764E+12  1.034E+02  2.985E+06  0.60253922  7.497E-05  7.499E-05  9.390E-01  0.000E+00  0.000E+00  1.059E+00  324    3.2317  9.53E-03 2.7503E+01 4.6267E+01    5.49E+02 0.00E+00 2.35E+02  0.602723  0.017570 5.49E+02 0.00E+00 2.35E+02  0.602539  0.017570  0.0000000E+00  0.0000000E+00  5.8444331E-07  9.7328199E-02  7.2982887E-02  2.7345527E-04 -1.3896408E-01  6.7069416E-02  6.2361429E-03 0.000 0.327 1.000 1.000 1.000 1.000 1.000 1.000 1.000 1.000 1.000 1.000 1.000 1.000 1.000 1.000 1.000 1.000 1.000 1.000 1.000 1.000 1.000 1.000 1.000 1.000 1.000 1.000 1.000 1.000 1.000 1.000 1.000 1.000 1.000 1.000 1.000 1.000 1.000 1.000  8.3781690578E-02   0.83811   1.00000   0.00000   0.00000   0.8098792E-02
  1002  9.713348302566037E+06   9.995977  3.823932  4.395501  0.7182488E+00  0.2676863E+00  4.0048542E-05  2.2543425E-03  6.2694949E-05  1.2395530E-03  6.2284905E-03  4.5282236E-06  1.3036047E-05  2.1084332E-03  1.7053625E-04  0.3227    4.395501  -9.229  0.982118  7.516275  0.6021947E+00  0.3840588E+00  3.2687923E-07  4.8928633E-05  1.3271314E-05  8.4073525E-03  1.0500397E-03  6.2880201E-06  6.2282864E-09  2.1084332E-03  1.7053625E-04  7.784E-10  1.574E-16  4.330E+11  2.758E+12  1.030E+02  2.979E+06  0.60297040  7.487E-05  7.489E-05  9.389E-01  0.000E+00  0.000E+00  1.059E+00  324    3.2317  9.53E-03 2.7476E+01 4.6236E+01    5.48E+02 0.00E+00 2.35E+02  0.603090  0.017614 5.48E+02 0.00E+00 2.35E+02  0.602970  0.017617  0.0000000E+00  0.0000000E+00  5.8946820E-07  9.7440896E-02  7.2967055E-02  2.7302313E-04 -1.3889975E-01  6.7030991E-02  6.2462837E-03 0.000 0.327 1.000 1.000 1.000 1.000 1.000 1.000 1.000 1.000 1.000 1.000 1.000 1.000 1.000 1.000 1.000 1.000 1.000 1.000 1.000 1.000 1.000 1.000 1.000 1.000 1.000 1.000 1.000 1.000 1.000 1.000 1.000 1.000 1.000 1.000 1.000 1.000 1.000 1.000  8.3776404254E-02   0.83638   1.00000   0.00000   0.00000   0.8072658E-02
  1011  9.806487761603413E+06   9.995922  3.825123  4.395481  0.7181784E+00  0.2677564E+00  3.9962463E-05  2.2472565E-03  6.3111262E-05  1.2531902E-03  6.2218475E-03  4.5682735E-06  1.3001308E-05  2.1084332E-03  1.7053625E-04  0.3225    4.395481  -9.226  0.981957  7.516414  0.6009462E+00  0.3853087E+00  3.2411123E-07  4.9003345E-05  1.3291518E-05  8.4171189E-03  1.0388253E-03  6.2118127E-06  6.1463055E-09  2.1084332E-03  1.7053625E-04  7.764E-10  1.571E-16  4.317E+11  2.753E+12  1.027E+02  2.973E+06  0.60339936  7.477E-05  7.479E-05  9.388E-01  0.000E+00  0.000E+00  1.059E+00  324    3.2317  9.52E-03 2.7450E+01 4.6206E+01    5.48E+02 0.00E+00 2.35E+02  0.603466  0.017664 5.48E+02 0.00E+00 2.35E+02  0.603399  0.017664  0.0000000E+00  0.0000000E+00  5.9520944E-07  9.7553745E-02  7.2951978E-02  2.7259727E-04 -1.3883487E-01  6.6991779E-02  6.2574068E-03 0.000 0.327 1.000 1.000 1.000 1.000 1.000 1.000 1.000 1.000 1.000 1.000 1.000 1.000 1.000 1.000 1.000 1.000 1.000 1.000 1.000 1.000 1.000 1.000 1.000 1.000 1.000 1.000 1.000 1.000 1.000 1.000 1.000 1.000 1.000 1.000 1.000 1.000 1.000 1.000  8.3771069610E-02   0.83465   1.00000   0.00000   0.00000   0.8045755E-02
  1020  9.899627220640790E+06   9.995866  3.826346  4.395463  0.7181063E+00  0.2678283E+00  3.9876351E-05  2.2401451E-03  6.3522571E-05  1.2669507E-03  6.2151038E-03  4.6081643E-06  1.2966407E-05  2.1084332E-03  1.7053625E-04  0.3224    4.395463  -9.222  0.981798  7.516551  0.5996938E+00  0.3865625E+00  3.2136470E-07  4.9076994E-05  1.3311439E-05  8.4267298E-03  1.0277889E-03  6.1370004E-06  6.0649587E-09  2.1084332E-03  1.7053625E-04  7.764E-10  1.571E-16  4.303E+11  2.748E+12  1.024E+02  2.968E+06  0.60400086  7.469E-05  7.468E-05  9.387E-01  0.000E+00  0.000E+00  1.059E+00  324    3.2317  9.52E-03 2.7423E+01 4.6175E+01    5.47E+02 0.00E+00 2.35E+02  0.603930  0.017713 5.47E+02 0.00E+00 2.35E+02  0.604001  0.017713  0.0000000E+00  0.0000000E+00  6.0096142E-07  9.7668483E-02  7.2936312E-02  2.7216266E-04 -1.3876919E-01  6.6952156E-02  6.2685292E-03 0.000 0.327 1.000 1.000 1.000 1.000 1.000 1.000 1.000 1.000 1.000 1.000 1.000 1.000 1.000 1.000 1.000 1.000 1.000 1.000 1.000 1.000 1.000 1.000 1.000 1.000 1.000 1.000 1.000 1.000 1.000 1.000 1.000 1.000 1.000 1.000 1.000 1.000 1.000 1.000  8.3765683545E-02   0.83291   1.00000   0.00000   0.00000   0.8018521E-02
  1029  9.992766679678166E+06   9.995810  3.827572  4.395440  0.7180326E+00  0.2679019E+00  3.9790218E-05  2.2330099E-03  6.3928866E-05  1.2808316E-03  6.2082606E-03  4.6478835E-06  1.2931350E-05  2.1084332E-03  1.7053625E-04  0.3222    4.395440  -9.219  0.981640  7.516689  0.5984373E+00  0.3878203E+00  3.1863197E-07  4.9149977E-05  1.3331184E-05  8.4361896E-03  1.0169253E-03  6.0634195E-06  5.9850060E-09  2.1084332E-03  1.7053625E-04  7.744E-10  1.567E-16  4.290E+11  2.743E+12  1.021E+02  2.962E+06  0.60433000  7.456E-05  7.458E-05  9.386E-01  0.000E+00  0.000E+00  1.060E+00  324    3.2317  9.52E-03 2.7398E+01 4.6146E+01    5.47E+02 0.00E+00 2.35E+02  0.604532  0.017763 5.47E+02 0.00E+00 2.35E+02  0.604330  0.017763  0.0000000E+00  0.0000000E+00  6.0699078E-07  9.7783762E-02  7.2923353E-02  2.7174800E-04 -1.3870339E-01  6.6912396E-02  6.2796949E-03 0.000 0.327 1.000 1.000 1.000 1.000 1.000 1.000 1.000 1.000 1.000 1.000 1.000 1.000 1.000 1.000 1.000 1.000 1.000 1.000 1.000 1.000 1.000 1.000 1.000 1.000 1.000 1.000 1.000 1.000 1.000 1.000 1.000 1.000 1.000 1.000 1.000 1.000 1.000 1.000  8.3760245121E-02   0.83116   1.00000   0.00000   0.00000   0.7990459E-02
  1038  1.008590613871554E+07   9.995754  3.828805  4.395429  0.7179571E+00  0.2679771E+00  3.9704077E-05  2.2258523E-03  6.4330139E-05  1.2948300E-03  6.2013193E-03  4.6874192E-06  1.2896145E-05  2.1084332E-03  1.7053625E-04  0.3220    4.395429  -9.215  0.981485  7.516828  0.5971768E+00  0.3890823E+00  3.1590998E-07  4.9222367E-05  1.3350771E-05  8.4455022E-03  1.0062298E-03  5.9909829E-06  5.9062803E-09  2.1084332E-03  1.7053625E-04  7.724E-10  1.564E-16  4.277E+11  2.737E+12  1.018E+02  2.956E+06  0.60491441  7.448E-05  7.448E-05  9.384E-01  0.000E+00  0.000E+00  1.060E+00  324    3.2317  9.52E-03 2.7371E+01 4.6115E+01    5.47E+02 0.00E+00 2.35E+02  0.604826  0.017813 5.47E+02 0.00E+00 2.35E+02  0.604914  0.017813  0.0000000E+00  0.0000000E+00  6.1268239E-07  9.7899181E-02  7.2907532E-02  2.7131247E-04 -1.3863764E-01  6.6872692E-02  6.2909508E-03 0.000 0.327 1.000 1.000 1.000 1.000 1.000 1.000 1.000 1.000 1.000 1.000 1.000 1.000 1.000 1.000 1.000 1.000 1.000 1.000 1.000 1.000 1.000 1.000 1.000 1.000 1.000 1.000 1.000 1.000 1.000 1.000 1.000 1.000 1.000 1.000 1.000 1.000 1.000 1.000  8.3754754101E-02   0.82941   1.00000   0.00000   0.00000   0.7964127E-02
  1047  1.017904559775292E+07   9.995697  3.830037  4.395407  0.7178800E+00  0.2680541E+00  3.9617941E-05  2.2186739E-03  6.4726379E-05  1.3089429E-03  6.1942813E-03  4.7267591E-06  1.2860800E-05  2.1084332E-03  1.7053625E-04  0.3218    4.395407  -9.212  0.981330  7.516968  0.5959120E+00  0.3903484E+00  3.1320185E-07  4.9294122E-05  1.3370191E-05  8.4546711E-03  9.9569843E-04  5.9196619E-06  5.8288345E-09  2.1084332E-03  1.7053625E-04  7.703E-10  1.561E-16  4.264E+11  2.732E+12  1.015E+02  2.951E+06  0.60524370  7.436E-05  7.438E-05  9.384E-01  0.000E+00  0.000E+00  1.060E+00  324    3.2317  9.52E-03 2.7345E+01 4.6086E+01    5.46E+02 0.00E+00 2.35E+02  0.605450  0.017863 5.46E+02 0.00E+00 2.35E+02  0.605244  0.017863  0.0000000E+00  0.0000000E+00  6.1886683E-07  9.8015308E-02  7.2894522E-02  2.7089715E-04 -1.3857167E-01  6.6832786E-02  6.3022396E-03 0.000 0.327 1.000 1.000 1.000 1.000 1.000 1.000 1.000 1.000 1.000 1.000 1.000 1.000 1.000 1.000 1.000 1.000 1.000 1.000 1.000 1.000 1.000 1.000 1.000 1.000 1.000 1.000 1.000 1.000 1.000 1.000 1.000 1.000 1.000 1.000 1.000 1.000 1.000 1.000  8.3749209470E-02   0.82766   1.00000   0.00000   0.00000   0.7941859E-02
  1056  1.027218505679030E+07   9.995639  3.831278  4.395397  0.7178011E+00  0.2681327E+00  3.9531821E-05  2.2114761E-03  6.5117587E-05  1.3231675E-03  6.1871481E-03  4.7658923E-06  1.2825322E-05  2.1084332E-03  1.7053625E-04  0.3216    4.395397  -9.208  0.981178  7.517110  0.5946430E+00  0.3916187E+00  3.1050412E-07  4.9365324E-05  1.3389463E-05  8.4637000E-03  9.8532700E-04  5.8494232E-06  5.7525423E-09  2.1084332E-03  1.7053625E-04  7.683E-10  1.558E-16  4.250E+11  2.727E+12  1.012E+02  2.945E+06  0.60567235  7.425E-05  7.427E-05  9.383E-01  0.000E+00  0.000E+00  1.060E+00  324    3.2317  9.52E-03 2.7318E+01 4.6055E+01    5.46E+02 0.00E+00 2.35E+02  0.605741  0.017913 5.46E+02 0.00E+00 2.35E+02  0.605672  0.017913  0.0000000E+00  0.0000000E+00  6.2469249E-07  9.8131603E-02  7.2878606E-02  2.7046072E-04 -1.3850573E-01  6.6792927E-02  6.3136188E-03 0.000 0.327 1.000 1.000 1.000 1.000 1.000 1.000 1.000 1.000 1.000 1.000 1.000 1.000 1.000 1.000 1.000 1.000 1.000 1.000 1.000 1.000 1.000 1.000 1.000 1.000 1.000 1.000 1.000 1.000 1.000 1.000 1.000 1.000 1.000 1.000 1.000 1.000 1.000 1.000  8.3743610966E-02   0.82589   1.00000   0.00000   0.00000   0.7909975E-02
  1065  1.036532451582767E+07   9.995581  3.832520  4.395381  0.7177206E+00  0.2682131E+00  3.9445728E-05  2.2042604E-03  6.5503760E-05  1.3375008E-03  6.1799210E-03  4.8048076E-06  1.2789718E-05  2.1084332E-03  1.7053625E-04  0.3214    4.395381  -9.205  0.981027  7.517253  0.5933700E+00  0.3928931E+00  3.0783620E-07  4.9435616E-05  1.3408489E-05  8.4725867E-03  9.7511858E-04  5.7802810E-06  5.6756602E-09  2.1084332E-03  1.7053625E-04  7.662E-10  1.554E-16  4.237E+11  2.721E+12  1.008E+02  2.939E+06  0.60611717  7.415E-05  7.417E-05  9.382E-01  0.000E+00  0.000E+00  1.060E+00  325    3.2317  9.52E-03 2.7290E+01 4.6023E+01    5.45E+02 0.00E+00 2.35E+02  0.606204  0.017964 5.45E+02 0.00E+00 2.35E+02  0.606117  0.017964  0.0000000E+00  0.0000000E+00  6.3079568E-07  9.8248419E-02  7.2862566E-02  2.7002303E-04 -1.3843967E-01  6.6752942E-02  6.3250474E-03 0.000 0.327 1.000 1.000 1.000 1.000 1.000 1.000 1.000 1.000 1.000 1.000 1.000 1.000 1.000 1.000 1.000 1.000 1.000 1.000 1.000 1.000 1.000 1.000 1.000 1.000 1.000 1.000 1.000 1.000 1.000 1.000 1.000 1.000 1.000 1.000 1.000 1.000 1.000 1.000  8.3737957795E-02   0.82413   1.00000   0.00000   0.00000   0.7883058E-02
  1074  1.045846397486505E+07   9.995523  3.833816  4.395367  0.7176383E+00  0.2682952E+00  3.9359671E-05  2.1970279E-03  6.5884905E-05  1.3519403E-03  6.1726013E-03  4.8434954E-06  1.2753995E-05  2.1084332E-03  1.7053625E-04  0.3211    4.395367  -9.201  0.980910  7.517405  0.5920649E+00  0.3941996E+00  3.0224239E-07  4.9529654E-05  1.3430805E-05  8.4818899E-03  9.6440067E-04  5.7090202E-06  5.5486248E-09  2.1084332E-03  1.7053625E-04  7.666E-10  1.557E-16  4.232E+11  2.721E+12  1.007E+02  2.939E+06  0.60666831  7.405E-05  7.406E-05  9.380E-01  0.000E+00  0.000E+00  1.060E+00  326    3.1909  9.52E-03 2.7260E+01 4.5991E+01    5.45E+02 0.00E+00 2.35E+02  0.606867  0.018022 5.45E+02 0.00E+00 2.35E+02  0.606668  0.018016  0.0000000E+00  0.0000000E+00  6.3808582E-07  9.8367532E-02  7.2847592E-02  2.6958798E-04 -1.3837427E-01  6.6713284E-02  6.3363902E-03 0.000 0.323 1.000 1.000 1.000 1.000 1.000 1.000 1.000 1.000 1.000 1.000 1.000 1.000 1.000 1.000 1.000 1.000 1.000 1.000 1.000 1.000 1.000 1.000 1.000 1.000 1.000 1.000 1.000 1.000 1.000 1.000 1.000 1.000 1.000 1.000 1.000 1.000 1.000 1.000  8.3732247893E-02   0.82233   1.00000   0.00000   0.00000   0.7855056E-02
  1083  1.055160343390243E+07   9.995464  3.835066  4.395353  0.7175543E+00  0.2683790E+00  3.9273649E-05  2.1897790E-03  6.6261076E-05  1.3664854E-03  6.1651892E-03  4.8819509E-06  1.2718155E-05  2.1084332E-03  1.7053625E-04  0.3209    4.395353  -9.198  0.980761  7.517550  0.5907715E+00  0.3954942E+00  3.0143936E-07  4.9585664E-05  1.3447701E-05  8.4907379E-03  9.5425829E-04  5.6397255E-06  5.4979470E-09  2.1084332E-03  1.7053625E-04  7.605E-10  1.545E-16  4.224E+11  2.720E+12  1.005E+02  2.938E+06  0.60720860  7.396E-05  7.396E-05  9.379E-01  0.000E+00  0.000E+00  1.060E+00  326    3.1909  9.51E-03 2.7233E+01 4.5960E+01    5.45E+02 0.00E+00 2.35E+02  0.607123  0.018067 5.45E+02 0.00E+00 2.35E+02  0.607209  0.018068  0.0000000E+00  0.0000000E+00  6.4346512E-07  9.8486373E-02  7.2832414E-02  2.6915325E-04 -1.3830731E-01  6.6672806E-02  6.3479474E-03 0.000 0.323 1.000 1.000 1.000 1.000 1.000 1.000 1.000 1.000 1.000 1.000 1.000 1.000 1.000 1.000 1.000 1.000 1.000 1.000 1.000 1.000 1.000 1.000 1.000 1.000 1.000 1.000 1.000 1.000 1.000 1.000 1.000 1.000 1.000 1.000 1.000 1.000 1.000 1.000  8.3726480907E-02   0.82048   1.00000   0.00000   0.00000   0.7828542E-02
  1092  1.064474289293980E+07   9.995405  3.836365  4.395337  0.7174685E+00  0.2684646E+00  3.9187688E-05  2.1825164E-03  6.6632222E-05  1.3811302E-03  6.1576879E-03  4.9201578E-06  1.2682211E-05  2.1084332E-03  1.7053625E-04  0.3212    4.395337  -9.194  0.980682  7.517693  0.5894923E+00  0.3967746E+00  2.9968155E-07  4.9648777E-05  1.3466064E-05  8.4990697E-03  9.4469059E-04  5.5744415E-06  5.4596205E-09  2.1084332E-03  1.7053625E-04  7.491E-10  1.523E-16  4.190E+11  2.699E+12  9.971E+01  2.915E+06  0.60755475  7.383E-05  7.386E-05  9.378E-01  0.000E+00  0.000E+00  1.060E+00  327    3.2317  9.51E-03 2.7206E+01 4.5930E+01    5.44E+02 0.00E+00 2.35E+02  0.607681  0.018121 5.44E+02 0.00E+00 2.35E+02  0.607555  0.018121  0.0000000E+00  0.0000000E+00  6.5012868E-07  9.8604722E-02  7.2818043E-02  2.6872707E-04 -1.3824039E-01  6.6632249E-02  6.3596020E-03 0.000 0.327 1.000 1.000 1.000 1.000 1.000 1.000 1.000 1.000 1.000 1.000 1.000 1.000 1.000 1.000 1.000 1.000 1.000 1.000 1.000 1.000 1.000 1.000 1.000 1.000 1.000 1.000 1.000 1.000 1.000 1.000 1.000 1.000 1.000 1.000 1.000 1.000 1.000 1.000  8.3720655766E-02   0.81874   1.00000   0.00000   0.00000   0.7799794E-02
  1101  1.073788235197718E+07   9.995345  3.837677  4.395322  0.7173811E+00  0.2685519E+00  3.9101787E-05  2.1752405E-03  6.6998393E-05  1.3958735E-03  6.1500980E-03  4.9581112E-06  1.2646166E-05  2.1084332E-03  1.7053625E-04  0.3211    4.395322  -9.190  0.980602  7.517847  0.5881163E+00  0.3981521E+00  2.9302073E-07  4.9742281E-05  1.3488709E-05  8.5091360E-03  9.3310337E-04  5.5008089E-06  5.1275017E-09  2.1084332E-03  1.7053625E-04  7.488E-10  1.524E-16  4.147E+11  2.665E+12  9.871E+01  2.878E+06  0.60801879  7.372E-05  7.375E-05  9.377E-01  0.000E+00  0.000E+00  1.061E+00  328    3.1909  9.51E-03 2.7174E+01 4.5896E+01    5.44E+02 0.00E+00 2.35E+02  0.608115  0.018175 5.44E+02 0.00E+00 2.35E+02  0.608019  0.018175  0.0000000E+00  0.0000000E+00  6.5678454E-07  9.8728902E-02  7.2800926E-02  2.6826578E-04 -1.3817284E-01  6.6591356E-02  6.3710905E-03 0.000 0.323 1.000 1.000 1.000 1.000 1.000 1.000 1.000 1.000 1.000 1.000 1.000 1.000 1.000 1.000 1.000 1.000 1.000 1.000 1.000 1.000 1.000 1.000 1.000 1.000 1.000 1.000 1.000 1.000 1.000 1.000 1.000 1.000 1.000 1.000 1.000 1.000 1.000 1.000  8.3714771500E-02   0.81683   1.00000   0.00000   0.00000   0.7772013E-02
  1110  1.083102181101456E+07   9.995285  3.838930  4.395293  0.7172919E+00  0.2686410E+00  3.9015956E-05  2.1679526E-03  6.7359611E-05  1.4107127E-03  6.1424210E-03  4.9958032E-06  1.2610027E-05  2.1084332E-03  1.7053625E-04  0.3208    4.395293  -9.187  0.980453  7.517994  0.5867623E+00  0.3995075E+00  2.9076669E-07  4.9815955E-05  1.3508522E-05  8.5184405E-03  9.2241512E-04  5.4281560E-06  5.1397742E-09  2.1084332E-03  1.7053625E-04  7.488E-10  1.524E-16  4.142E+11  2.663E+12  9.857E+01  2.876E+06  0.60849956  7.362E-05  7.364E-05  9.376E-01  0.000E+00  0.000E+00  1.061E+00  329    3.1909  9.51E-03 2.7146E+01 4.5866E+01    5.43E+02 0.00E+00 2.35E+02  0.608705  0.018227 5.43E+02 0.00E+00 2.35E+02  0.608500  0.018227  0.0000000E+00  0.0000000E+00  6.6348199E-07  9.8854598E-02  7.2787034E-02  2.6782533E-04 -1.3810213E-01  6.6548853E-02  6.3827602E-03 0.000 0.323 1.000 1.000 1.000 1.000 1.000 1.000 1.000 1.000 1.000 1.000 1.000 1.000 1.000 1.000 1.000 1.000 1.000 1.000 1.000 1.000 1.000 1.000 1.000 1.000 1.000 1.000 1.000 1.000 1.000 1.000 1.000 1.000 1.000 1.000 1.000 1.000 1.000 1.000  8.3708827417E-02   0.81495   1.00000   0.00000   0.00000   0.7744504E-02
  1119  1.092416127005193E+07   9.995224  3.840196  4.395279  0.7172009E+00  0.2687318E+00  3.8930208E-05  2.1606544E-03  6.7715850E-05  1.4256439E-03  6.1346589E-03  5.0332219E-06  1.2573802E-05  2.1084332E-03  1.7053625E-04  0.3206    4.395279  -9.183  0.980315  7.518144  0.5854191E+00  0.4008519E+00  2.8799458E-07  4.9888384E-05  1.3528012E-05  8.5272447E-03  9.1229690E-04  5.3597369E-06  5.0766370E-09  2.1084332E-03  1.7053625E-04  7.463E-10  1.520E-16  4.128E+11  2.656E+12  9.824E+01  2.869E+06  0.60907894  7.353E-05  7.353E-05  9.375E-01  0.000E+00  0.000E+00  1.061E+00  330    3.1909  9.51E-03 2.7117E+01 4.5834E+01    5.43E+02 0.00E+00 2.35E+02  0.608997  0.018279 5.43E+02 0.00E+00 2.35E+02  0.609079  0.018279  0.0000000E+00  0.0000000E+00  6.6977855E-07  9.8977996E-02  7.2770316E-02  2.6737141E-04 -1.3803317E-01  6.6507245E-02  6.3945727E-03 0.000 0.323 1.000 1.000 1.000 1.000 1.000 1.000 1.000 1.000 1.000 1.000 1.000 1.000 1.000 1.000 1.000 1.000 1.000 1.000 1.000 1.000 1.000 1.000 1.000 1.000 1.000 1.000 1.000 1.000 1.000 1.000 1.000 1.000 1.000 1.000 1.000 1.000 1.000 1.000  8.3702824976E-02   0.81308   1.00000   0.00000   0.00000   0.7718590E-02
  1128  1.101730072908931E+07   9.995162  3.841462  4.395253  0.7171083E+00  0.2688244E+00  3.8844556E-05  2.1533474E-03  6.8067121E-05  1.4406641E-03  6.1268133E-03  5.0703586E-06  1.2537499E-05  2.1084332E-03  1.7053625E-04  0.3203    4.395253  -9.180  0.980175  7.518294  0.5840775E+00  0.4021948E+00  2.8529982E-07  4.9959003E-05  1.3547119E-05  8.5357675E-03  9.0250090E-04  5.2936454E-06  5.0113335E-09  2.1084332E-03  1.7053625E-04  7.440E-10  1.516E-16  4.114E+11  2.650E+12  9.791E+01  2.862E+06  0.60940469  7.340E-05  7.342E-05  9.374E-01  0.000E+00  0.000E+00  1.061E+00  330    3.1909  9.51E-03 2.7088E+01 4.5803E+01    5.43E+02 0.00E+00 2.35E+02  0.609535  0.018331 5.43E+02 0.00E+00 2.35E+02  0.609405  0.018331  0.0000000E+00  0.0000000E+00  6.7649189E-07  9.9102145E-02  7.2755779E-02  2.6693282E-04 -1.3796394E-01  6.6465426E-02  6.4064178E-03 0.000 0.323 1.000 1.000 1.000 1.000 1.000 1.000 1.000 1.000 1.000 1.000 1.000 1.000 1.000 1.000 1.000 1.000 1.000 1.000 1.000 1.000 1.000 1.000 1.000 1.000 1.000 1.000 1.000 1.000 1.000 1.000 1.000 1.000 1.000 1.000 1.000 1.000 1.000 1.000  8.3696762848E-02   0.81122   1.00000   0.00000   0.00000   0.7691351E-02
  1137  1.111044018812669E+07   9.995101  3.842734  4.395230  0.7170138E+00  0.2689187E+00  3.8759006E-05  2.1460326E-03  6.8413448E-05  1.4557706E-03  6.1188858E-03  5.1072063E-06  1.2501124E-05  2.1084332E-03  1.7053625E-04  0.3201    4.395230  -9.176  0.980039  7.518446  0.5827344E+00  0.4035391E+00  2.8262505E-07  5.0028708E-05  1.3565987E-05  8.5440814E-03  8.9294376E-04  5.2291983E-06  4.9446601E-09  2.1084332E-03  1.7053625E-04  7.417E-10  1.512E-16  4.100E+11  2.644E+12  9.757E+01  2.855E+06  0.61002240  7.331E-05  7.331E-05  9.372E-01  0.000E+00  0.000E+00  1.061E+00  330    3.1909  9.51E-03 2.7059E+01 4.5770E+01    5.42E+02 0.00E+00 2.35E+02  0.609958  0.018384 5.42E+02 0.00E+00 2.35E+02  0.610022  0.018384  0.0000000E+00  0.0000000E+00  6.8317777E-07  9.9226171E-02  7.2738347E-02  2.6647433E-04 -1.3789503E-01  6.6423750E-02  6.4183507E-03 0.000 0.323 1.000 1.000 1.000 1.000 1.000 1.000 1.000 1.000 1.000 1.000 1.000 1.000 1.000 1.000 1.000 1.000 1.000 1.000 1.000 1.000 1.000 1.000 1.000 1.000 1.000 1.000 1.000 1.000 1.000 1.000 1.000 1.000 1.000 1.000 1.000 1.000 1.000 1.000  8.3690640684E-02   0.80935   1.00000   0.00000   0.00000   0.7664319E-02
  1146  1.120357964716406E+07   9.995038  3.844010  4.395207  0.7169177E+00  0.2690147E+00  3.8673565E-05  2.1387110E-03  6.8754859E-05  1.4709609E-03  6.1108778E-03  5.1437585E-06  1.2464682E-05  2.1084332E-03  1.7053625E-04  0.3199    4.395207  -9.173  0.979901  7.518599  0.5813885E+00  0.4048862E+00  2.7997657E-07  5.0097426E-05  1.3584603E-05  8.5522188E-03  8.8358857E-04  5.1661224E-06  4.8782512E-09  2.1084332E-03  1.7053625E-04  7.376E-10  1.505E-16  4.085E+11  2.638E+12  9.723E+01  2.849E+06  0.61034976  7.318E-05  7.321E-05  9.372E-01  0.000E+00  0.000E+00  1.061E+00  331    3.1909  9.50E-03 2.7031E+01 4.5739E+01    5.42E+02 0.00E+00 2.35E+02  0.610480  0.018437 5.42E+02 0.00E+00 2.35E+02  0.610350  0.018438  0.0000000E+00  0.0000000E+00  6.9005541E-07  9.9350531E-02  7.2723657E-02  2.6603637E-04 -1.3782614E-01  6.6381976E-02  6.4303292E-03 0.000 0.323 1.000 1.000 1.000 1.000 1.000 1.000 1.000 1.000 1.000 1.000 1.000 1.000 1.000 1.000 1.000 1.000 1.000 1.000 1.000 1.000 1.000 1.000 1.000 1.000 1.000 1.000 1.000 1.000 1.000 1.000 1.000 1.000 1.000 1.000 1.000 1.000 1.000 1.000  8.3684457144E-02   0.80748   1.00000   0.00000   0.00000   0.7637212E-02
  1155  1.129671910620144E+07   9.994975  3.845284  4.395176  0.7168197E+00  0.2691126E+00  3.8588240E-05  2.1313839E-03  6.9091366E-05  1.4862323E-03  6.1027908E-03  5.1800079E-06  1.2428179E-05  2.1084332E-03  1.7053625E-04  0.3196    4.395176  -9.169  0.979768  7.518753  0.5800219E+00  0.4062540E+00  2.7678649E-07  5.0169729E-05  1.3603930E-05  8.5605299E-03  8.7402972E-04  5.1025159E-06  4.7723416E-09  2.1084332E-03  1.7053625E-04  7.357E-10  1.502E-16  4.066E+11  2.626E+12  9.677E+01  2.837E+06  0.61084938  7.308E-05  7.310E-05  9.370E-01  0.000E+00  0.000E+00  1.061E+00  332    3.1909  9.50E-03 2.7002E+01 4.5708E+01    5.41E+02 0.00E+00 2.35E+02  0.611040  0.018491 5.41E+02 0.00E+00 2.35E+02  0.610849  0.018491  0.0000000E+00  0.0000000E+00  6.9712642E-07  9.9476974E-02  7.2708851E-02  2.6559307E-04 -1.3775616E-01  6.6339650E-02  6.4423734E-03 0.000 0.323 1.000 1.000 1.000 1.000 1.000 1.000 1.000 1.000 1.000 1.000 1.000 1.000 1.000 1.000 1.000 1.000 1.000 1.000 1.000 1.000 1.000 1.000 1.000 1.000 1.000 1.000 1.000 1.000 1.000 1.000 1.000 1.000 1.000 1.000 1.000 1.000 1.000 1.000  8.3678211935E-02   0.80559   1.00000   0.00000   0.00000   0.7609492E-02
  1164  1.138985856523881E+07   9.994912  3.846569  4.395158  0.7167201E+00  0.2692121E+00  3.8503037E-05  2.1240521E-03  6.9423008E-05  1.5015825E-03  6.0946262E-03  5.2159492E-06  1.2391621E-05  2.1084332E-03  1.7053625E-04  0.3194    4.395158  -9.165  0.979636  7.518908  0.5786558E+00  0.4076213E+00  2.7418563E-07  5.0238580E-05  1.3622558E-05  8.5685913E-03  8.6476065E-04  5.0400621E-06  4.7154983E-09  2.1084332E-03  1.7053625E-04  7.333E-10  1.498E-16  4.052E+11  2.621E+12  9.645E+01  2.830E+06  0.61129463  7.297E-05  7.299E-05  9.369E-01  0.000E+00  0.000E+00  1.061E+00  332    3.1909  9.50E-03 2.6972E+01 4.5675E+01    5.41E+02 0.00E+00 2.35E+02  0.611365  0.018545 5.41E+02 0.00E+00 2.35E+02  0.611295  0.018545  0.0000000E+00  0.0000000E+00  7.0388020E-07  9.9603598E-02  7.2691130E-02  2.6512919E-04 -1.3768624E-01  6.6297390E-02  6.4545081E-03 0.000 0.323 1.000 1.000 1.000 1.000 1.000 1.000 1.000 1.000 1.000 1.000 1.000 1.000 1.000 1.000 1.000 1.000 1.000 1.000 1.000 1.000 1.000 1.000 1.000 1.000 1.000 1.000 1.000 1.000 1.000 1.000 1.000 1.000 1.000 1.000 1.000 1.000 1.000 1.000  8.3671904454E-02   0.80369   1.00000   0.00000   0.00000   0.7583910E-02
  1173  1.148299802427619E+07   9.994848  3.847856  4.395134  0.7166186E+00  0.2693135E+00  3.8417962E-05  2.1167167E-03  6.9749814E-05  1.5170089E-03  6.0863857E-03  5.2515769E-06  1.2355012E-05  2.1084332E-03  1.7053625E-04  0.3191    4.395134  -9.162  0.979505  7.519064  0.5772881E+00  0.4089902E+00  2.7156762E-07  5.0306583E-05  1.3640987E-05  8.5764517E-03  8.5572128E-04  4.9791625E-06  4.6527552E-09  2.1084332E-03  1.7053625E-04  7.308E-10  1.494E-16  4.038E+11  2.614E+12  9.611E+01  2.824E+06  0.61176162  7.286E-05  7.288E-05  9.368E-01  0.000E+00  0.000E+00  1.061E+00  332    3.1909  9.50E-03 2.6942E+01 4.5642E+01    5.41E+02 0.00E+00 2.35E+02  0.611855  0.018599 5.41E+02 0.00E+00 2.35E+02  0.611762  0.018599  0.0000000E+00  0.0000000E+00  7.1095947E-07  9.9730621E-02  7.2674057E-02  2.6467021E-04 -1.3761632E-01  6.6255069E-02  6.4667021E-03 0.000 0.323 1.000 1.000 1.000 1.000 1.000 1.000 1.000 1.000 1.000 1.000 1.000 1.000 1.000 1.000 1.000 1.000 1.000 1.000 1.000 1.000 1.000 1.000 1.000 1.000 1.000 1.000 1.000 1.000 1.000 1.000 1.000 1.000 1.000 1.000 1.000 1.000 1.000 1.000  8.3665533613E-02   0.80179   1.00000   0.00000   0.00000   0.7556469E-02
  1182  1.157613748331357E+07   9.994784  3.849145  4.395105  0.7165155E+00  0.2694166E+00  3.8333020E-05  2.1093786E-03  7.0071814E-05  1.5325090E-03  6.0780706E-03  5.2868856E-06  1.2318358E-05  2.1084332E-03  1.7053625E-04  0.3191    4.395105  -9.158  0.979376  7.519221  0.5759144E+00  0.4103650E+00  2.6887030E-07  5.0374267E-05  1.3659318E-05  8.5842018E-03  8.4680746E-04  4.9192967E-06  4.5761649E-09  2.1084332E-03  1.7053625E-04  7.283E-10  1.490E-16  4.023E+11  2.607E+12  9.574E+01  2.816E+06  0.61226952  7.275E-05  7.277E-05  9.367E-01  0.000E+00  0.000E+00  1.062E+00  333    3.1909  9.50E-03 2.6913E+01 4.5611E+01    5.40E+02 0.00E+00 2.35E+02  0.612477  0.018653 5.40E+02 0.00E+00 2.35E+02  0.612270  0.018653  0.0000000E+00  0.0000000E+00  7.1836371E-07  9.9858444E-02  7.2659729E-02  2.6423031E-04 -1.3754618E-01  6.6212548E-02  6.4789468E-03 0.000 0.323 1.000 1.000 1.000 1.000 1.000 1.000 1.000 1.000 1.000 1.000 1.000 1.000 1.000 1.000 1.000 1.000 1.000 1.000 1.000 1.000 1.000 1.000 1.000 1.000 1.000 1.000 1.000 1.000 1.000 1.000 1.000 1.000 1.000 1.000 1.000 1.000 1.000 1.000  8.3659098419E-02   0.79988   1.00000   0.00000   0.00000   0.7528862E-02
  1191  1.166927694235094E+07   9.994719  3.850443  4.395088  0.7164105E+00  0.2695215E+00  3.8248216E-05  2.1020387E-03  7.0389043E-05  1.5480807E-03  6.0696823E-03  5.3218709E-06  1.2281664E-05  2.1084332E-03  1.7053625E-04  0.3189    4.395088  -9.155  0.979250  7.519381  0.5745323E+00  0.4117483E+00  2.6624996E-07  5.0442049E-05  1.3677700E-05  8.5918880E-03  8.3796595E-04  4.8599763E-06  4.5163266E-09  2.1084332E-03  1.7053625E-04  7.050E-10  1.443E-16  4.008E+11  2.601E+12  9.539E+01  2.809E+06  0.61271476  7.264E-05  7.266E-05  9.366E-01  0.000E+00  0.000E+00  1.062E+00  334    3.1909  9.50E-03 2.6883E+01 4.5578E+01    5.40E+02 0.00E+00 2.35E+02  0.612850  0.018708 5.40E+02 0.00E+00 2.35E+02  0.612715  0.018708  0.0000000E+00  0.0000000E+00  7.2541130E-07  9.9986777E-02  7.2642505E-02  2.6376921E-04 -1.3747589E-01  6.6169976E-02  6.4912892E-03 0.000 0.323 1.000 1.000 1.000 1.000 1.000 1.000 1.000 1.000 1.000 1.000 1.000 1.000 1.000 1.000 1.000 1.000 1.000 1.000 1.000 1.000 1.000 1.000 1.000 1.000 1.000 1.000 1.000 1.000 1.000 1.000 1.000 1.000 1.000 1.000 1.000 1.000 1.000 1.000  8.3652598545E-02   0.79796   1.00000   0.00000   0.00000   0.7502854E-02
  1201  1.176241640138833E+07   9.994653  3.851734  4.395043  0.7163038E+00  0.2696281E+00  3.8163559E-05  2.0946983E-03  7.0701512E-05  1.5637208E-03  6.0612226E-03  5.3565259E-06  1.2244936E-05  2.1084332E-03  1.7053625E-04  0.3186    4.395043  -9.151  0.979052  7.519509  0.5731499E+00  0.4131318E+00  2.5607738E-07  5.0662386E-05  1.3740936E-05  8.5992336E-03  8.2930400E-04  4.7488344E-06  4.3364858E-09  2.1084332E-03  1.7053625E-04  7.218E-10  1.479E-16  3.892E+11  2.518E+12  9.262E+01  2.719E+06  0.61321824  7.252E-05  7.254E-05  9.365E-01  0.000E+00  0.000E+00  1.062E+00  334    3.1909  9.50E-03 2.6853E+01 4.5546E+01    5.39E+02 0.00E+00 2.36E+02  0.613416  0.018762 5.39E+02 0.00E+00 2.35E+02  0.613218  0.018762  0.0000000E+00  0.0000000E+00  6.5959863E-07  1.0012820E-01  7.2627383E-02  2.6329016E-04 -1.3739700E-01  6.6123195E-02  6.5032627E-03 0.000 0.323 1.000 1.000 1.000 1.000 1.000 1.000 1.000 1.000 1.000 1.000 1.000 1.000 1.000 1.000 1.000 1.000 1.000 1.000 1.000 1.000 1.000 1.000 1.000 1.000 1.000 1.000 1.000 1.000 1.000 1.000 1.000 1.000 1.000 1.000 1.000 1.000 1.000 1.000  8.3646034082E-02   0.79604   1.00000   0.00000   0.00000   0.7475248E-02
  1210  1.185462446583535E+07   9.994588  3.853033  4.395042  0.7161965E+00  0.2697354E+00  3.8079888E-05  2.0874308E-03  7.1006246E-05  1.5792711E-03  6.0527781E-03  5.3905092E-06  1.2208543E-05  2.1084332E-03  1.7053625E-04  0.3184    4.395042  -9.148  0.979000  7.519698  0.5717750E+00  0.4145078E+00  2.6041452E-07  5.0588908E-05  1.3717891E-05  8.6066993E-03  8.2091078E-04  4.7351770E-06  4.3814874E-09  2.1084332E-03  1.7053625E-04  7.218E-10  1.479E-16  3.970E+11  2.581E+12  9.448E+01  2.788E+06  0.61366522  7.242E-05  7.244E-05  9.364E-01  0.000E+00  0.000E+00  1.062E+00  334    3.1909  9.50E-03 2.6823E+01 4.5513E+01    5.39E+02 0.00E+00 2.36E+02  0.613800  0.018817 5.39E+02 0.00E+00 2.35E+02  0.613665  0.018818  0.0000000E+00  0.0000000E+00  7.3271516E-07  1.0024424E-01  7.2610770E-02  2.6286823E-04 -1.3733541E-01  6.6084828E-02  6.5160085E-03 0.000 0.323 1.000 1.000 1.000 1.000 1.000 1.000 1.000 1.000 1.000 1.000 1.000 1.000 1.000 1.000 1.000 1.000 1.000 1.000 1.000 1.000 1.000 1.000 1.000 1.000 1.000 1.000 1.000 1.000 1.000 1.000 1.000 1.000 1.000 1.000 1.000 1.000 1.000 1.000  8.3639468512E-02   0.79413   1.00000   0.00000   0.00000   0.7449770E-02
  1219  1.194683253028237E+07   9.994522  3.854328  4.395021  0.7160874E+00  0.2698445E+00  3.7996369E-05  2.0801642E-03  7.1306390E-05  1.5948843E-03  6.0442663E-03  5.4241618E-06  1.2172126E-05  2.1084332E-03  1.7053625E-04  0.3181    4.395021  -9.144  0.978882  7.519860  0.5703954E+00  0.4158884E+00  2.5788868E-07  5.0654026E-05  1.3735556E-05  8.6138664E-03  8.1265903E-04  4.6842728E-06  4.3265189E-09  2.1084332E-03  1.7053625E-04  7.194E-10  1.476E-16  3.955E+11  2.575E+12  9.413E+01  2.781E+06  0.61412844  7.231E-05  7.233E-05  9.363E-01  0.000E+00  0.000E+00  1.062E+00  334    3.1909  9.50E-03 2.6793E+01 4.5480E+01    5.39E+02 0.00E+00 2.36E+02  0.614203  0.018873 5.39E+02 0.00E+00 2.35E+02  0.614128  0.018873  0.0000000E+00  0.0000000E+00  7.4004517E-07  1.0037268E-01  7.2593448E-02  2.6240979E-04 -1.3726569E-01  6.6042494E-02  6.5284431E-03 0.000 0.323 1.000 1.000 1.000 1.000 1.000 1.000 1.000 1.000 1.000 1.000 1.000 1.000 1.000 1.000 1.000 1.000 1.000 1.000 1.000 1.000 1.000 1.000 1.000 1.000 1.000 1.000 1.000 1.000 1.000 1.000 1.000 1.000 1.000 1.000 1.000 1.000 1.000 1.000  8.3632837113E-02   0.79222   1.00000   0.00000   0.00000   0.7423496E-02
  1229  1.204108966282820E+07   9.994454  3.855652  4.394993  0.7159741E+00  0.2699578E+00  3.7911153E-05  2.0727379E-03  7.1608501E-05  1.6109073E-03  6.0354971E-03  5.4582170E-06  1.2134877E-05  2.1084332E-03  1.7053625E-04  0.3179    4.394993  -9.140  0.978688  7.520042  0.5689773E+00  0.4173076E+00  2.4790223E-07  5.0876676E-05  1.3799457E-05  8.6209805E-03  8.0425099E-04  4.5803174E-06  4.1465252E-09  2.1084332E-03  1.7053625E-04  6.964E-10  1.430E-16  3.840E+11  2.493E+12  9.140E+01  2.693E+06  0.61475753  7.222E-05  7.221E-05  9.361E-01  0.000E+00  0.000E+00  1.062E+00  336    3.1909  9.49E-03 2.6762E+01 4.5446E+01    5.38E+02 0.00E+00 2.36E+02  0.614687  0.018929 5.38E+02 0.00E+00 2.36E+02  0.614758  0.018929  0.0000000E+00  0.0000000E+00  6.7287408E-07  1.0050952E-01  7.2575259E-02  2.6192446E-04 -1.3719090E-01  6.5997466E-02  6.5410775E-03 0.000 0.323 1.000 1.000 1.000 1.000 1.000 1.000 1.000 1.000 1.000 1.000 1.000 1.000 1.000 1.000 1.000 1.000 1.000 1.000 1.000 1.000 1.000 1.000 1.000 1.000 1.000 1.000 1.000 1.000 1.000 1.000 1.000 1.000 1.000 1.000 1.000 1.000 1.000 1.000  8.3625989916E-02   0.79025   1.00000   0.00000   0.00000   0.7396697E-02
  1239  1.213329772727521E+07   9.994387  3.856954  4.394965  0.7158615E+00  0.2700704E+00  3.7827947E-05  2.0654755E-03  7.1899490E-05  1.6266415E-03  6.0268534E-03  5.4911917E-06  1.2098421E-05  2.1084332E-03  1.7053625E-04  0.3176    4.394965  -9.137  0.978573  7.520205  0.5675827E+00  0.4187033E+00  2.4546862E-07  5.0942053E-05  1.3817246E-05  8.6280579E-03  7.9611076E-04  4.5192911E-06  4.0880729E-09  2.1084332E-03  1.7053625E-04  6.943E-10  1.427E-16  3.826E+11  2.487E+12  9.106E+01  2.686E+06  0.61510531  7.209E-05  7.211E-05  9.360E-01  0.000E+00  0.000E+00  1.062E+00  336    3.1909  9.49E-03 2.6732E+01 4.5414E+01    5.38E+02 0.00E+00 2.36E+02  0.615305  0.018985 5.38E+02 0.00E+00 2.36E+02  0.615105  0.018985  0.0000000E+00  0.0000000E+00  6.7990681E-07  1.0064008E-01  7.2560566E-02  2.6148206E-04 -1.3712037E-01  6.5954618E-02  6.5536226E-03 0.000 0.323 1.000 1.000 1.000 1.000 1.000 1.000 1.000 1.000 1.000 1.000 1.000 1.000 1.000 1.000 1.000 1.000 1.000 1.000 1.000 1.000 1.000 1.000 1.000 1.000 1.000 1.000 1.000 1.000 1.000 1.000 1.000 1.000 1.000 1.000 1.000 1.000 1.000 1.000  8.3619223011E-02   0.78831   1.00000   0.00000   0.00000   0.7369673E-02
  1249  1.222550579172222E+07   9.994319  3.858261  4.394934  0.7157471E+00  0.2701847E+00  3.7744901E-05  2.0582161E-03  7.2186007E-05  1.6424324E-03  6.0181465E-03  5.5238267E-06  1.2061952E-05  2.1084332E-03  1.7053625E-04  0.3174    4.394934  -9.133  0.978457  7.520322  0.5661847E+00  0.4201023E+00  2.4312594E-07  5.1004496E-05  1.3834234E-05  8.6349904E-03  7.8813353E-04  4.4662928E-06  4.0345881E-09  2.1084332E-03  1.7053625E-04  6.922E-10  1.422E-16  3.812E+11  2.480E+12  9.072E+01  2.679E+06  0.61569910  7.199E-05  7.199E-05  9.359E-01  0.000E+00  0.000E+00  1.062E+00  335    3.1909  9.49E-03 2.6701E+01 4.5380E+01    5.37E+02 0.00E+00 2.36E+02  0.615610  0.019041 5.37E+02 0.00E+00 2.36E+02  0.615699  0.019041  0.0000000E+00  0.0000000E+00  6.8653750E-07  1.0077923E-01  7.2542431E-02  2.6086720E-04 -1.3704429E-01  6.5909145E-02  6.5659868E-03 0.000 0.323 1.000 1.000 1.000 1.000 1.000 1.000 1.000 1.000 1.000 1.000 1.000 1.000 1.000 1.000 1.000 1.000 1.000 1.000 1.000 1.000 1.000 1.000 1.000 1.000 1.000 1.000 1.000 1.000 1.000 1.000 1.000 1.000 1.000 1.000 1.000 1.000 1.000 1.000  8.3612388146E-02   0.78637   1.00000   0.00000   0.00000   0.7343758E-02
  1259  1.231771385616923E+07   9.994251  3.859628  4.394901  0.7156311E+00  0.2703007E+00  3.7662022E-05  2.0509608E-03  7.2468071E-05  1.6582774E-03  6.0093779E-03  5.5561175E-06  1.2025475E-05  2.1084332E-03  1.7053625E-04  0.3170    4.394901  -9.129  0.978377  7.520496  0.5647639E+00  0.4215242E+00  2.3856229E-07  5.1091076E-05  1.3854674E-05  8.6420638E-03  7.7995947E-04  4.4128883E-06  3.9651997E-09  2.1084332E-03  1.7053625E-04  6.873E-10  1.413E-16  3.806E+11  2.480E+12  9.058E+01  2.679E+06  0.61614887  7.186E-05  7.187E-05  9.358E-01  0.000E+00  0.000E+00  1.063E+00  336    3.1499  9.49E-03 2.6666E+01 4.5344E+01    5.37E+02 0.00E+00 2.36E+02  0.616279  0.019105 5.37E+02 0.00E+00 2.36E+02  0.616149  0.019100  0.0000000E+00  0.0000000E+00  6.9456886E-07  1.0091246E-01  7.2524185E-02  2.6039498E-04 -1.3697463E-01  6.5866717E-02  6.5785078E-03 0.000 0.319 1.000 1.000 1.000 1.000 1.000 1.000 1.000 1.000 1.000 1.000 1.000 1.000 1.000 1.000 1.000 1.000 1.000 1.000 1.000 1.000 1.000 1.000 1.000 1.000 1.000 1.000 1.000 1.000 1.000 1.000 1.000 1.000 1.000 1.000 1.000 1.000 1.000 1.000  8.3605482055E-02   0.78441   1.00000   0.00000   0.00000   0.7315619E-02
  1269  1.240992192061623E+07   9.994182  3.860938  4.394861  0.7155133E+00  0.2704185E+00  3.7579300E-05  2.0437094E-03  7.2745756E-05  1.6741768E-03  6.0005479E-03  5.5880658E-06  1.1988990E-05  2.1084332E-03  1.7053625E-04  0.3168    4.394861  -9.126  0.978264  7.520709  0.5633468E+00  0.4229422E+00  2.3761778E-07  5.1142047E-05  1.3870375E-05  8.6489004E-03  7.7210811E-04  4.3603837E-06  3.9139652E-09  2.1084332E-03  1.7053625E-04  6.904E-10  1.422E-16  3.797E+11  2.478E+12  9.036E+01  2.677E+06  0.61664112  7.175E-05  7.177E-05  9.357E-01  0.000E+00  0.000E+00  1.063E+00  337    3.1499  9.49E-03 2.6635E+01 4.5310E+01    5.36E+02 0.00E+00 2.36E+02  0.616728  0.019157 5.36E+02 0.00E+00 2.36E+02  0.616641  0.019156  0.0000000E+00  0.0000000E+00  7.0106350E-07  1.0103741E-01  7.2505670E-02  2.5994343E-04 -1.3690871E-01  6.5825911E-02  6.5915395E-03 0.000 0.319 1.000 1.000 1.000 1.000 1.000 1.000 1.000 1.000 1.000 1.000 1.000 1.000 1.000 1.000 1.000 1.000 1.000 1.000 1.000 1.000 1.000 1.000 1.000 1.000 1.000 1.000 1.000 1.000 1.000 1.000 1.000 1.000 1.000 1.000 1.000 1.000 1.000 1.000  8.3598502925E-02   0.78239   1.00000   0.00000   0.00000   0.7287250E-02
  1279  1.250212998506324E+07   9.994113  3.862298  4.394806  0.7153938E+00  0.2705380E+00  3.7496752E-05  2.0364636E-03  7.3019066E-05  1.6901254E-03  5.9916596E-03  5.6196651E-06  1.1952506E-05  2.1084332E-03  1.7053625E-04  0.3172    4.394806  -9.122  0.978264  7.520878  0.5619158E+00  0.4243742E+00  2.3097406E-07  5.1237977E-05  1.3893427E-05  8.6557268E-03  7.6419824E-04  4.3096448E-06  3.6260721E-09  2.1084332E-03  1.7053625E-04  6.751E-10  1.393E-16  3.710E+11  2.413E+12  8.830E+01  2.606E+06  0.61726424  7.163E-05  7.166E-05  9.355E-01  0.000E+00  0.000E+00  1.063E+00  337    3.1499  9.49E-03 2.6605E+01 4.5276E+01    5.36E+02 0.00E+00 2.36E+02  0.617468  0.019216 5.36E+02 0.00E+00 2.36E+02  0.617264  0.019215  0.0000000E+00  0.0000000E+00  7.0880604E-07  1.0117132E-01  7.2487177E-02  2.5947019E-04 -1.3683819E-01  6.5782827E-02  6.6042662E-03 0.000 0.319 1.000 1.000 1.000 1.000 1.000 1.000 1.000 1.000 1.000 1.000 1.000 1.000 1.000 1.000 1.000 1.000 1.000 1.000 1.000 1.000 1.000 1.000 1.000 1.000 1.000 1.000 1.000 1.000 1.000 1.000 1.000 1.000 1.000 1.000 1.000 1.000 1.000 1.000  8.3591449416E-02   0.78049   1.00000   0.00000   0.00000   0.7256723E-02
  1289  1.259433804951025E+07   9.994043  3.863687  4.394788  0.7152725E+00  0.2706593E+00  3.7414367E-05  2.0292229E-03  7.3288100E-05  1.7061242E-03  5.9827128E-03  5.6509198E-06  1.1916020E-05  2.1084332E-03  1.7053625E-04  0.3168    4.394788  -9.118  0.978209  7.521127  0.5603974E+00  0.4258939E+00  2.3072990E-07  5.1295373E-05  1.3910659E-05  8.6638096E-03  7.5491950E-04  4.2493370E-06  3.7120053E-09  2.1084332E-03  1.7053625E-04  6.763E-10  1.398E-16  3.735E+11  2.433E+12  8.890E+01  2.628E+06  0.61781669  7.153E-05  7.155E-05  9.354E-01  0.000E+00  0.000E+00  1.063E+00  339    3.1499  9.49E-03 2.6568E+01 4.5241E+01    5.36E+02 0.00E+00 2.36E+02  0.618005  0.019276 5.35E+02 0.00E+00 2.36E+02  0.617817  0.019276  0.0000000E+00  0.0000000E+00  7.1646525E-07  1.0129954E-01  7.2470705E-02  2.5902726E-04 -1.3677214E-01  6.5741780E-02  6.6175838E-03 0.000 0.319 1.000 1.000 1.000 1.000 1.000 1.000 1.000 1.000 1.000 1.000 1.000 1.000 1.000 1.000 1.000 1.000 1.000 1.000 1.000 1.000 1.000 1.000 1.000 1.000 1.000 1.000 1.000 1.000 1.000 1.000 1.000 1.000 1.000 1.000 1.000 1.000 1.000 1.000  8.3584319004E-02   0.77833   1.00000   0.00000   0.00000   0.7229835E-02
  1299  1.268654611395726E+07   9.993972  3.865022  4.394768  0.7151495E+00  0.2707823E+00  3.7332157E-05  2.0219888E-03  7.3552848E-05  1.7221692E-03  5.9737098E-03  5.6818231E-06  1.1879541E-05  2.1084332E-03  1.7053625E-04  0.3165    4.394768  -9.114  0.978115  7.521328  0.5589190E+00  0.4273733E+00  2.2828667E-07  5.1363934E-05  1.3929172E-05  8.6709157E-03  7.4673491E-04  4.1952026E-06  3.6704473E-09  2.1084332E-03  1.7053625E-04  6.741E-10  1.397E-16  3.722E+11  2.427E+12  8.859E+01  2.621E+06  0.61828941  7.142E-05  7.144E-05  9.353E-01  0.000E+00  0.000E+00  1.063E+00  339    3.1499  9.49E-03 2.6535E+01 4.5206E+01    5.35E+02 0.00E+00 2.36E+02  0.618357  0.019334 5.35E+02 0.00E+00 2.36E+02  0.618289  0.019334  0.0000000E+00  0.0000000E+00  7.2365309E-07  1.0143259E-01  7.2451743E-02  2.5855542E-04 -1.3670195E-01  6.5698785E-02  6.6307924E-03 0.000 0.319 1.000 1.000 1.000 1.000 1.000 1.000 1.000 1.000 1.000 1.000 1.000 1.000 1.000 1.000 1.000 1.000 1.000 1.000 1.000 1.000 1.000 1.000 1.000 1.000 1.000 1.000 1.000 1.000 1.000 1.000 1.000 1.000 1.000 1.000 1.000 1.000 1.000 1.000  8.3577115470E-02   0.77628   1.00000   0.00000   0.00000   0.7202977E-02
  1309  1.277875417840427E+07   9.993901  3.866353  4.394741  0.7150248E+00  0.2709071E+00  3.7250124E-05  2.0147619E-03  7.3813344E-05  1.7382585E-03  5.9646520E-03  5.7123730E-06  1.1843072E-05  2.1084332E-03  1.7053625E-04  0.3162    4.394741  -9.111  0.978024  7.521527  0.5574406E+00  0.4288528E+00  2.2582562E-07  5.1431770E-05  1.3947588E-05  8.6777752E-03  7.3883144E-04  4.1428946E-06  3.6204697E-09  2.1084332E-03  1.7053625E-04  6.717E-10  1.393E-16  3.708E+11  2.421E+12  8.825E+01  2.615E+06  0.61876992  7.130E-05  7.132E-05  9.351E-01  0.000E+00  0.000E+00  1.063E+00  340    3.1499  9.49E-03 2.6502E+01 4.5171E+01    5.35E+02 0.00E+00 2.36E+02  0.618861  0.019392 5.35E+02 0.00E+00 2.36E+02  0.618770  0.019392  0.0000000E+00  0.0000000E+00  7.3109498E-07  1.0156649E-01  7.2432937E-02  2.5808386E-04 -1.3663143E-01  6.5655577E-02  6.6440822E-03 0.000 0.319 1.000 1.000 1.000 1.000 1.000 1.000 1.000 1.000 1.000 1.000 1.000 1.000 1.000 1.000 1.000 1.000 1.000 1.000 1.000 1.000 1.000 1.000 1.000 1.000 1.000 1.000 1.000 1.000 1.000 1.000 1.000 1.000 1.000 1.000 1.000 1.000 1.000 1.000  8.3569837472E-02   0.77422   1.00000   0.00000   0.00000   0.7176627E-02
  1319  1.287096224285127E+07   9.993829  3.867690  4.394701  0.7148984E+00  0.2710335E+00  3.7168274E-05  2.0075431E-03  7.4069625E-05  1.7543899E-03  5.9555410E-03  5.7425677E-06  1.1806616E-05  2.1084332E-03  1.7053625E-04  0.3159    4.394701  -9.107  0.977924  7.521701  0.5559597E+00  0.4303346E+00  2.2343702E-07  5.1497105E-05  1.3965353E-05  8.6844552E-03  7.3113562E-04  4.0924618E-06  3.5703235E-09  2.1084332E-03  1.7053625E-04  6.693E-10  1.389E-16  3.693E+11  2.414E+12  8.788E+01  2.607E+06  0.61929475  7.119E-05  7.121E-05  9.350E-01  0.000E+00  0.000E+00  1.063E+00  340    3.1499  9.49E-03 2.6470E+01 4.5137E+01    5.34E+02 0.00E+00 2.36E+02  0.619499  0.019450 5.34E+02 0.00E+00 2.36E+02  0.619295  0.019450  0.0000000E+00  0.0000000E+00  7.3890496E-07  1.0170717E-01  7.2416498E-02  2.5761325E-04 -1.3655684E-01  6.5610350E-02  6.6572315E-03 0.000 0.319 1.000 1.000 1.000 1.000 1.000 1.000 1.000 1.000 1.000 1.000 1.000 1.000 1.000 1.000 1.000 1.000 1.000 1.000 1.000 1.000 1.000 1.000 1.000 1.000 1.000 1.000 1.000 1.000 1.000 1.000 1.000 1.000 1.000 1.000 1.000 1.000 1.000 1.000  8.3562484167E-02   0.77217   1.00000   0.00000   0.00000   0.7149279E-02
  1329  1.296317030729828E+07   9.993757  3.869037  4.394674  0.7147702E+00  0.2711618E+00  3.7086605E-05  2.0003327E-03  7.4321715E-05  1.7705618E-03  5.9463777E-03  5.7724051E-06  1.1770179E-05  2.1084332E-03  1.7053625E-04  0.3156    4.394674  -9.103  0.977826  7.521877  0.5544747E+00  0.4318206E+00  2.2106259E-07  5.1562001E-05  1.3982996E-05  8.6909854E-03  7.2361056E-04  4.0431663E-06  3.5221141E-09  2.1084332E-03  1.7053625E-04  6.672E-10  1.386E-16  3.678E+11  2.407E+12  8.754E+01  2.600E+06  0.61991350  7.109E-05  7.109E-05  9.349E-01  0.000E+00  0.000E+00  1.064E+00  340    3.1499  9.48E-03 2.6436E+01 4.5102E+01    5.34E+02 0.00E+00 2.36E+02  0.619830  0.019509 5.34E+02 0.00E+00 2.36E+02  0.619914  0.019509  0.0000000E+00  0.0000000E+00  7.4631797E-07  1.0184821E-01  7.2397128E-02  2.5712218E-04 -1.3648225E-01  6.5565146E-02  6.6704894E-03 0.000 0.319 1.000 1.000 1.000 1.000 1.000 1.000 1.000 1.000 1.000 1.000 1.000 1.000 1.000 1.000 1.000 1.000 1.000 1.000 1.000 1.000 1.000 1.000 1.000 1.000 1.000 1.000 1.000 1.000 1.000 1.000 1.000 1.000 1.000 1.000 1.000 1.000 1.000 1.000  8.3555054860E-02   0.77010   1.00000   0.00000   0.00000   0.7123501E-02
  1339  1.305537837174529E+07   9.993684  3.870398  4.394646  0.7146403E+00  0.2712917E+00  3.7005120E-05  1.9931314E-03  7.4569677E-05  1.7867724E-03  5.9371635E-03  5.8018859E-06  1.1733760E-05  2.1084332E-03  1.7053625E-04  0.3152    4.394646  -9.100  0.977736  7.522073  0.5529851E+00  0.4333111E+00  2.1871682E-07  5.1626643E-05  1.4000582E-05  8.6973813E-03  7.1623858E-04  3.9948131E-06  3.4734511E-09  2.1084332E-03  1.7053625E-04  6.649E-10  1.383E-16  3.664E+11  2.402E+12  8.720E+01  2.594E+06  0.62027104  7.096E-05  7.098E-05  9.348E-01  0.000E+00  0.000E+00  1.064E+00  341    3.1499  9.48E-03 2.6403E+01 4.5068E+01    5.33E+02 0.00E+00 2.36E+02  0.620336  0.019569 5.33E+02 0.00E+00 2.36E+02  0.620271  0.019569  0.0000000E+00  0.0000000E+00  7.5410027E-07  1.0198642E-01  7.2380449E-02  2.5665893E-04 -1.3641001E-01  6.5520967E-02  6.6839228E-03 0.000 0.319 1.000 1.000 1.000 1.000 1.000 1.000 1.000 1.000 1.000 1.000 1.000 1.000 1.000 1.000 1.000 1.000 1.000 1.000 1.000 1.000 1.000 1.000 1.000 1.000 1.000 1.000 1.000 1.000 1.000 1.000 1.000 1.000 1.000 1.000 1.000 1.000 1.000 1.000  8.3547548051E-02   0.76804   1.00000   0.00000   0.00000   0.7096959E-02
  1349  1.314758643619230E+07   9.993610  3.871743  4.394614  0.7145087E+00  0.2714234E+00  3.6923818E-05  1.9859394E-03  7.4813552E-05  1.8030200E-03  5.9278997E-03  5.8310097E-06  1.1697364E-05  2.1084332E-03  1.7053625E-04  0.3150    4.394614  -9.096  0.977647  7.522254  0.5514891E+00  0.4348080E+00  2.1638381E-07  5.1690921E-05  1.4018105E-05  8.7036665E-03  7.0899304E-04  3.9470827E-06  3.4254558E-09  2.1084332E-03  1.7053625E-04  6.627E-10  1.380E-16  3.649E+11  2.395E+12  8.685E+01  2.587E+06  0.62075117  7.084E-05  7.086E-05  9.347E-01  0.000E+00  0.000E+00  1.064E+00  341    3.1499  9.48E-03 2.6370E+01 4.5032E+01    5.33E+02 0.00E+00 2.36E+02  0.620845  0.019629 5.33E+02 0.00E+00 2.36E+02  0.620751  0.019629  0.0000000E+00  0.0000000E+00  7.6198885E-07  1.0212748E-01  7.2361038E-02  2.5617040E-04 -1.3633593E-01  6.5475884E-02  6.6973989E-03 0.000 0.319 1.000 1.000 1.000 1.000 1.000 1.000 1.000 1.000 1.000 1.000 1.000 1.000 1.000 1.000 1.000 1.000 1.000 1.000 1.000 1.000 1.000 1.000 1.000 1.000 1.000 1.000 1.000 1.000 1.000 1.000 1.000 1.000 1.000 1.000 1.000 1.000 1.000 1.000  8.3539962913E-02   0.76596   1.00000   0.00000   0.00000   0.7070696E-02
  1359  1.323979450063931E+07   9.993536  3.873104  4.394580  0.7143754E+00  0.2715568E+00  3.6842703E-05  1.9787575E-03  7.5053377E-05  1.8193027E-03  5.9185878E-03  5.8597755E-06  1.1660994E-05  2.1084332E-03  1.7053625E-04  0.3147    4.394580  -9.092  0.977556  7.522434  0.5499875E+00  0.4363106E+00  2.1409018E-07  5.1754017E-05  1.4035302E-05  8.7098400E-03  7.0187611E-04  3.9004825E-06  3.3786091E-09  2.1084332E-03  1.7053625E-04  6.605E-10  1.376E-16  3.635E+11  2.389E+12  8.650E+01  2.580E+06  0.62125733  7.072E-05  7.075E-05  9.345E-01  0.000E+00  0.000E+00  1.064E+00  341    3.1499  9.48E-03 2.6337E+01 4.4998E+01    5.32E+02 0.00E+00 2.36E+02  0.621393  0.019689 5.32E+02 0.00E+00 2.36E+02  0.621257  0.019689  0.0000000E+00  0.0000000E+00  7.7001966E-07  1.0227101E-01  7.2344146E-02  2.5569496E-04 -1.3626073E-01  6.5430205E-02  6.7108882E-03 0.000 0.319 1.000 1.000 1.000 1.000 1.000 1.000 1.000 1.000 1.000 1.000 1.000 1.000 1.000 1.000 1.000 1.000 1.000 1.000 1.000 1.000 1.000 1.000 1.000 1.000 1.000 1.000 1.000 1.000 1.000 1.000 1.000 1.000 1.000 1.000 1.000 1.000 1.000 1.000  8.3532298310E-02   0.76387   1.00000   0.00000   0.00000   0.7044231E-02
  1369  1.333200256508631E+07   9.993461  3.874466  4.394541  0.7142403E+00  0.2716919E+00  3.6761775E-05  1.9715860E-03  7.5289192E-05  1.8356188E-03  5.9092288E-03  5.8881832E-06  1.1624653E-05  2.1084332E-03  1.7053625E-04  0.3144    4.394541  -9.089  0.977469  7.522615  0.5484799E+00  0.4378190E+00  2.1181415E-07  5.1816722E-05  1.4052398E-05  8.7159071E-03  6.9488050E-04  3.8548684E-06  3.3327835E-09  2.1084332E-03  1.7053625E-04  6.583E-10  1.373E-16  3.620E+11  2.382E+12  8.615E+01  2.573E+06  0.62178533  7.061E-05  7.063E-05  9.344E-01  0.000E+00  0.000E+00  1.064E+00  341    3.1499  9.48E-03 2.6303E+01 4.4963E+01    5.32E+02 0.00E+00 2.36E+02  0.621991  0.019749 5.32E+02 0.00E+00 2.36E+02  0.621785  0.019749  0.0000000E+00  0.0000000E+00  7.7832021E-07  1.0241525E-01  7.2327111E-02  2.5521809E-04 -1.3618542E-01  6.5384399E-02  6.7244562E-03 0.000 0.319 1.000 1.000 1.000 1.000 1.000 1.000 1.000 1.000 1.000 1.000 1.000 1.000 1.000 1.000 1.000 1.000 1.000 1.000 1.000 1.000 1.000 1.000 1.000 1.000 1.000 1.000 1.000 1.000 1.000 1.000 1.000 1.000 1.000 1.000 1.000 1.000 1.000 1.000  8.3524553346E-02   0.76178   1.00000   0.00000   0.00000   0.7017121E-02
  1379  1.342421062953332E+07   9.993385  3.875838  4.394515  0.7141036E+00  0.2718288E+00  3.6681034E-05  1.9644255E-03  7.5521040E-05  1.8519666E-03  5.8998241E-03  5.9162325E-06  1.1588343E-05  2.1084332E-03  1.7053625E-04  0.3143    4.394515  -9.085  0.977383  7.522798  0.5469662E+00  0.4393336E+00  2.0955447E-07  5.1879071E-05  1.4069402E-05  8.7218735E-03  6.8799985E-04  3.8100181E-06  3.2878472E-09  2.1084332E-03  1.7053625E-04  6.561E-10  1.370E-16  3.605E+11  2.376E+12  8.580E+01  2.566E+06  0.62224914  7.049E-05  7.051E-05  9.343E-01  0.000E+00  0.000E+00  1.064E+00  341    3.1499  9.48E-03 2.6269E+01 4.4926E+01    5.32E+02 0.00E+00 2.36E+02  0.622324  0.019810 5.32E+02 0.00E+00 2.36E+02  0.622249  0.019810  0.0000000E+00  0.0000000E+00  7.8624582E-07  1.0256013E-01  7.2307128E-02  2.5472029E-04 -1.3610996E-01  6.5338538E-02  6.7381344E-03 0.000 0.319 1.000 1.000 1.000 1.000 1.000 1.000 1.000 1.000 1.000 1.000 1.000 1.000 1.000 1.000 1.000 1.000 1.000 1.000 1.000 1.000 1.000 1.000 1.000 1.000 1.000 1.000 1.000 1.000 1.000 1.000 1.000 1.000 1.000 1.000 1.000 1.000 1.000 1.000  8.3516727159E-02   0.75968   1.00000   0.00000   0.00000   0.6991576E-02
  1389  1.351641869398033E+07   9.993309  3.877212  4.394476  0.7139651E+00  0.2719673E+00  3.6600483E-05  1.9572765E-03  7.5748959E-05  1.8683443E-03  5.8903751E-03  5.9439233E-06  1.1552066E-05  2.1084332E-03  1.7053625E-04  0.3140    4.394476  -9.081  0.977299  7.522982  0.5454461E+00  0.4408546E+00  2.0731229E-07  5.1941036E-05  1.4086308E-05  8.7277439E-03  6.8122891E-04  3.7658776E-06  3.2437941E-09  2.1084332E-03  1.7053625E-04  6.539E-10  1.367E-16  3.591E+11  2.370E+12  8.546E+01  2.559E+06  0.62277647  7.037E-05  7.039E-05  9.342E-01  0.000E+00  0.000E+00  1.064E+00  341    3.1499  9.48E-03 2.6235E+01 4.4891E+01    5.31E+02 0.00E+00 2.36E+02  0.622984  0.019872 5.31E+02 0.00E+00 2.36E+02  0.622776  0.019872  0.0000000E+00  0.0000000E+00  7.9481447E-07  1.0270627E-01  7.2289863E-02  2.5423995E-04 -1.3603408E-01  6.5292369E-02  6.7518647E-03 0.000 0.319 1.000 1.000 1.000 1.000 1.000 1.000 1.000 1.000 1.000 1.000 1.000 1.000 1.000 1.000 1.000 1.000 1.000 1.000 1.000 1.000 1.000 1.000 1.000 1.000 1.000 1.000 1.000 1.000 1.000 1.000 1.000 1.000 1.000 1.000 1.000 1.000 1.000 1.000  8.3508818226E-02   0.75756   1.00000   0.00000   0.00000   0.6964543E-02
  1399  1.360862675842734E+07   9.993232  3.878588  4.394432  0.7138249E+00  0.2721076E+00  3.6520123E-05  1.9501394E-03  7.5972986E-05  1.8847502E-03  5.8808829E-03  5.9712554E-06  1.1515827E-05  2.1084332E-03  1.7053625E-04  0.3137    4.394432  -9.077  0.977207  7.523122  0.5439208E+00  0.4423807E+00  2.0513796E-07  5.2000422E-05  1.4102529E-05  8.7335139E-03  6.7457583E-04  3.7228644E-06  3.2009542E-09  2.1084332E-03  1.7053625E-04  6.517E-10  1.362E-16  3.575E+11  2.362E+12  8.509E+01  2.551E+06  0.62327467  7.025E-05  7.027E-05  9.340E-01  0.000E+00  0.000E+00  1.065E+00  341    3.1499  9.48E-03 2.6201E+01 4.4856E+01    5.31E+02 0.00E+00 2.36E+02  0.623462  0.019933 5.31E+02 0.00E+00 2.36E+02  0.623275  0.019933  0.0000000E+00  0.0000000E+00  8.0318260E-07  1.0286208E-01  7.2272164E-02  2.5373415E-04 -1.3595223E-01  6.5243319E-02  6.7653788E-03 0.000 0.319 1.000 1.000 1.000 1.000 1.000 1.000 1.000 1.000 1.000 1.000 1.000 1.000 1.000 1.000 1.000 1.000 1.000 1.000 1.000 1.000 1.000 1.000 1.000 1.000 1.000 1.000 1.000 1.000 1.000 1.000 1.000 1.000 1.000 1.000 1.000 1.000 1.000 1.000  8.3500826126E-02   0.75545   1.00000   0.00000   0.00000   0.6938154E-02
  1409  1.370083482287435E+07   9.993155  3.879975  4.394411  0.7136830E+00  0.2722496E+00  3.6439951E-05  1.9430145E-03  7.6193169E-05  1.9011831E-03  5.8713486E-03  5.9982299E-06  1.1479626E-05  2.1084332E-03  1.7053625E-04  0.3134    4.394411  -9.074  0.977139  7.523329  0.5423875E+00  0.4439149E+00  2.0287037E-07  5.2063354E-05  1.4119684E-05  8.7392108E-03  6.6800049E-04  3.6798812E-06  3.1572811E-09  2.1084332E-03  1.7053625E-04  6.494E-10  1.359E-16  3.561E+11  2.356E+12  8.475E+01  2.545E+06  0.62374321  7.013E-05  7.015E-05  9.339E-01  0.000E+00  0.000E+00  1.065E+00  342    3.1499  9.48E-03 2.6166E+01 4.4819E+01    5.30E+02 0.00E+00 2.36E+02  0.623819  0.019995 5.30E+02 0.00E+00 2.36E+02  0.623743  0.019995  0.0000000E+00  0.0000000E+00  8.1144833E-07  1.0300471E-01  7.2251992E-02  2.5324500E-04 -1.3587923E-01  6.5198487E-02  6.7794662E-03 0.000 0.319 1.000 1.000 1.000 1.000 1.000 1.000 1.000 1.000 1.000 1.000 1.000 1.000 1.000 1.000 1.000 1.000 1.000 1.000 1.000 1.000 1.000 1.000 1.000 1.000 1.000 1.000 1.000 1.000 1.000 1.000 1.000 1.000 1.000 1.000 1.000 1.000 1.000 1.000  8.3492749288E-02   0.75332   1.00000   0.00000   0.00000   0.6912828E-02
  1419  1.379304288732135E+07   9.993076  3.881410  4.394380  0.7135394E+00  0.2723934E+00  3.6359970E-05  1.9359023E-03  7.6409559E-05  1.9176412E-03  5.8617735E-03  6.0248483E-06  1.1443466E-05  2.1084332E-03  1.7053625E-04  0.3130    4.394380  -9.069  0.977112  7.523562  0.5408133E+00  0.4454900E+00  1.9854015E-07  5.2151194E-05  1.4140662E-05  8.7452724E-03  6.6097259E-04  3.6347912E-06  3.0658067E-09  2.1084332E-03  1.7053625E-04  6.434E-10  1.350E-16  3.545E+11  2.348E+12  8.436E+01  2.536E+06  0.62437032  7.002E-05  7.004E-05  9.338E-01  0.000E+00  0.000E+00  1.065E+00  345    3.1087  9.48E-03 2.6128E+01 4.4780E+01    5.30E+02 0.00E+00 2.36E+02  0.624581  0.020067 5.30E+02 0.00E+00 2.36E+02  0.624370  0.020060  0.0000000E+00  0.0000000E+00  8.2161404E-07  1.0314774E-01  7.2232149E-02  2.5275857E-04 -1.3580860E-01  6.5154724E-02  6.7935915E-03 0.000 0.315 1.000 1.000 1.000 1.000 1.000 1.000 1.000 1.000 1.000 1.000 1.000 1.000 1.000 1.000 1.000 1.000 1.000 1.000 1.000 1.000 1.000 1.000 1.000 1.000 1.000 1.000 1.000 1.000 1.000 1.000 1.000 1.000 1.000 1.000 1.000 1.000 1.000 1.000  8.3484584535E-02   0.75114   1.00000   0.00000   0.00000   0.6885249E-02
  1429  1.388525095176836E+07   9.992997  3.882858  4.394340  0.7133940E+00  0.2725388E+00  3.6280168E-05  1.9288020E-03  7.6622231E-05  1.9341251E-03  5.8521577E-03  6.0511153E-06  1.1407345E-05  2.1084332E-03  1.7053625E-04  0.3131    4.394340  -9.066  0.977135  7.523780  0.5392366E+00  0.4470676E+00  1.9796470E-07  5.2197986E-05  1.4155767E-05  8.7512070E-03  6.5415131E-04  3.5897438E-06  3.0630827E-09  2.1084332E-03  1.7053625E-04  6.430E-10  1.351E-16  3.529E+11  2.340E+12  8.398E+01  2.527E+06  0.62490987  6.990E-05  6.992E-05  9.336E-01  0.000E+00  0.000E+00  1.065E+00  345    3.1499  9.48E-03 2.6093E+01 4.4745E+01    5.29E+02 0.00E+00 2.36E+02  0.625067  0.020126 5.29E+02 0.00E+00 2.36E+02  0.624910  0.020126  0.0000000E+00  0.0000000E+00  8.2992871E-07  1.0329267E-01  7.2213830E-02  2.5227964E-04 -1.3573470E-01  6.5109170E-02  6.8079507E-03 0.000 0.317 1.000 1.000 1.000 1.000 1.000 1.000 1.000 1.000 1.000 1.000 1.000 1.000 1.000 1.000 1.000 1.000 1.000 1.000 1.000 1.000 1.000 1.000 1.000 1.000 1.000 1.000 1.000 1.000 1.000 1.000 1.000 1.000 1.000 1.000 1.000 1.000 1.000 1.000  8.3476329858E-02   0.74894   1.00000   0.00000   0.00000   0.6856100E-02
  1439  1.397745901621537E+07   9.992918  3.884318  4.394303  0.7132470E+00  0.2726860E+00  3.6200558E-05  1.9217153E-03  7.6831160E-05  1.9506313E-03  5.8425033E-03  6.0770247E-06  1.1371269E-05  2.1084332E-03  1.7053625E-04  0.3128    4.394303  -9.062  0.977137  7.523990  0.5375840E+00  0.4487212E+00  1.9347427E-07  5.2288188E-05  1.4178363E-05  8.7579320E-03  6.4636312E-04  3.5414321E-06  2.9348213E-09  2.1084332E-03  1.7053625E-04  6.344E-10  1.335E-16  3.492E+11  2.310E+12  8.312E+01  2.494E+06  0.62541254  6.977E-05  6.979E-05  9.335E-01  0.000E+00  0.000E+00  1.065E+00  347    3.1087  9.47E-03 2.6052E+01 4.4704E+01    5.29E+02 0.00E+00 2.36E+02  0.625490  0.020192 5.29E+02 0.00E+00 2.36E+02  0.625413  0.020192  0.0000000E+00  0.0000000E+00  8.3890411E-07  1.0344960E-01  7.2191668E-02  2.5174608E-04 -1.3565672E-01  6.5061689E-02  6.8219660E-03 0.000 0.315 1.000 1.000 1.000 1.000 1.000 1.000 1.000 1.000 1.000 1.000 1.000 1.000 1.000 1.000 1.000 1.000 1.000 1.000 1.000 1.000 1.000 1.000 1.000 1.000 1.000 1.000 1.000 1.000 1.000 1.000 1.000 1.000 1.000 1.000 1.000 1.000 1.000 1.000  8.3467982791E-02   0.74665   1.00000   0.00000   0.00000   0.6829201E-02
  1449  1.406966708066238E+07   9.992837  3.885710  4.394248  0.7130982E+00  0.2728349E+00  3.6121137E-05  1.9146422E-03  7.7036386E-05  1.9671588E-03  5.8328111E-03  6.1025774E-06  1.1335241E-05  2.1084332E-03  1.7053625E-04  0.3125    4.394248  -9.058  0.977074  7.524186  0.5359552E+00  0.4503509E+00  1.9131020E-07  5.2353559E-05  1.4195928E-05  8.7640700E-03  6.3928285E-04  3.4952795E-06  2.9116480E-09  2.1084332E-03  1.7053625E-04  6.321E-10  1.332E-16  3.480E+11  2.303E+12  8.283E+01  2.488E+06  0.62595703  6.965E-05  6.967E-05  9.334E-01  0.000E+00  0.000E+00  1.065E+00  347    3.1087  9.47E-03 2.6015E+01 4.4667E+01    5.28E+02 0.00E+00 2.36E+02  0.626170  0.020255 5.28E+02 0.00E+00 2.36E+02  0.625957  0.020255  0.0000000E+00  0.0000000E+00  8.4816385E-07  1.0360697E-01  7.2172763E-02  2.5123583E-04 -1.3557609E-01  6.5012828E-02  6.8362327E-03 0.000 0.315 1.000 1.000 1.000 1.000 1.000 1.000 1.000 1.000 1.000 1.000 1.000 1.000 1.000 1.000 1.000 1.000 1.000 1.000 1.000 1.000 1.000 1.000 1.000 1.000 1.000 1.000 1.000 1.000 1.000 1.000 1.000 1.000 1.000 1.000 1.000 1.000 1.000 1.000  8.3459543491E-02   0.74438   1.00000   0.00000   0.00000   0.6801817E-02
  1459  1.416187514510939E+07   9.992756  3.887121  4.394209  0.7129478E+00  0.2729855E+00  3.6041911E-05  1.9075836E-03  7.7237956E-05  1.9837049E-03  5.8230831E-03  6.1277748E-06  1.1299264E-05  2.1084332E-03  1.7053625E-04  0.3121    4.394209  -9.054  0.977018  7.524394  0.5343331E+00  0.4519738E+00  1.8902073E-07  5.2419125E-05  1.4213737E-05  8.7698819E-03  6.3257222E-04  3.4517109E-06  2.8722998E-09  2.1084332E-03  1.7053625E-04  6.295E-10  1.328E-16  3.465E+11  2.296E+12  8.247E+01  2.480E+06  0.62646634  6.952E-05  6.955E-05  9.332E-01  0.000E+00  0.000E+00  1.065E+00  348    3.1087  9.47E-03 2.5978E+01 4.4630E+01    5.28E+02 0.00E+00 2.36E+02  0.626612  0.020319 5.28E+02 0.00E+00 2.36E+02  0.626466  0.020319  0.0000000E+00  0.0000000E+00  8.5709410E-07  1.0376173E-01  7.2153766E-02  2.5073284E-04 -1.3549749E-01  6.4964939E-02  6.8506919E-03 0.000 0.315 1.000 1.000 1.000 1.000 1.000 1.000 1.000 1.000 1.000 1.000 1.000 1.000 1.000 1.000 1.000 1.000 1.000 1.000 1.000 1.000 1.000 1.000 1.000 1.000 1.000 1.000 1.000 1.000 1.000 1.000 1.000 1.000 1.000 1.000 1.000 1.000 1.000 1.000  8.3451013315E-02   0.74213   1.00000   0.00000   0.00000   0.6775833E-02
  1469  1.425408320955640E+07   9.992675  3.888536  4.394162  0.7127956E+00  0.2731378E+00  3.5962882E-05  1.9005398E-03  7.7435904E-05  2.0002679E-03  5.8133207E-03  6.1526174E-06  1.1263341E-05  2.1084332E-03  1.7053625E-04  0.3117    4.394162  -9.050  0.976953  7.524590  0.5327097E+00  0.4535981E+00  1.8680342E-07  5.2482616E-05  1.4231047E-05  8.7755037E-03  6.2608083E-04  3.4096837E-06  2.8332417E-09  2.1084332E-03  1.7053625E-04  6.271E-10  1.324E-16  3.449E+11  2.289E+12  8.210E+01  2.472E+06  0.62712734  6.942E-05  6.942E-05  9.331E-01  0.000E+00  0.000E+00  1.066E+00  348    3.1087  9.47E-03 2.5941E+01 4.4591E+01    5.28E+02 0.00E+00 2.36E+02  0.627073  0.020384 5.28E+02 0.00E+00 2.36E+02  0.627127  0.020384  0.0000000E+00  0.0000000E+00  8.6628014E-07  1.0392090E-01  7.2131625E-02  2.5019895E-04 -1.3541648E-01  6.4915847E-02  6.8651177E-03 0.000 0.315 1.000 1.000 1.000 1.000 1.000 1.000 1.000 1.000 1.000 1.000 1.000 1.000 1.000 1.000 1.000 1.000 1.000 1.000 1.000 1.000 1.000 1.000 1.000 1.000 1.000 1.000 1.000 1.000 1.000 1.000 1.000 1.000 1.000 1.000 1.000 1.000 1.000 1.000  8.3442391577E-02   0.73988   1.00000   0.00000   0.00000   0.6749251E-02
  1479  1.434629127400340E+07   9.992592  3.889871  4.394129  0.7126418E+00  0.2732917E+00  3.5884048E-05  1.8935112E-03  7.7630300E-05  2.0168460E-03  5.8035254E-03  6.1771095E-06  1.1227473E-05  2.1084332E-03  1.7053625E-04  0.3111    4.394129  -9.047  0.976839  7.524828  0.5311110E+00  0.4551975E+00  1.8509130E-07  5.2540677E-05  1.4247633E-05  8.7806000E-03  6.2019554E-04  3.3703620E-06  2.8034793E-09  2.1084332E-03  1.7053625E-04  6.263E-10  1.325E-16  3.439E+11  2.289E+12  8.184E+01  2.472E+06  0.62745916  6.928E-05  6.931E-05  9.330E-01  0.000E+00  0.000E+00  1.066E+00  349    3.1294  9.47E-03 2.5908E+01 4.4557E+01    5.27E+02 0.00E+00 2.36E+02  0.627606  0.020445 5.27E+02 0.00E+00 2.36E+02  0.627459  0.020445  0.0000000E+00  0.0000000E+00  8.7516154E-07  1.0406455E-01  7.2114003E-02  2.4973546E-04 -1.3534324E-01  6.4870416E-02  6.8802492E-03 0.000 0.315 1.000 1.000 1.000 1.000 1.000 1.000 1.000 1.000 1.000 1.000 1.000 1.000 1.000 1.000 1.000 1.000 1.000 1.000 1.000 1.000 1.000 1.000 1.000 1.000 1.000 1.000 1.000 1.000 1.000 1.000 1.000 1.000 1.000 1.000 1.000 1.000 1.000 1.000  8.3433678864E-02   0.73765   1.00000   0.00000   0.00000   0.6724749E-02
  1490  1.443942141909488E+07   9.992508  3.891308  4.394074  0.7124848E+00  0.2734489E+00  3.5804632E-05  1.8864288E-03  7.7823028E-05  2.0336025E-03  5.7936004E-03  6.2014869E-06  1.1191309E-05  2.1084332E-03  1.7053625E-04  0.3108    4.394074  -9.043  0.976698  7.525044  0.5294643E+00  0.4568450E+00  1.7779121E-07  5.2766103E-05  1.4312889E-05  8.7858102E-03  6.1393149E-04  3.2946285E-06  2.7150784E-09  2.1084332E-03  1.7053625E-04  6.068E-10  1.285E-16  3.342E+11  2.217E+12  7.954E+01  2.395E+06  0.62799682  6.915E-05  6.917E-05  9.329E-01  0.000E+00  0.000E+00  1.066E+00  349    3.1294  9.47E-03 2.5870E+01 4.4518E+01    5.27E+02 0.00E+00 2.36E+02  0.628071  0.020511 5.27E+02 0.00E+00 2.36E+02  0.627997  0.020511  0.0000000E+00  0.0000000E+00  7.9621009E-07  1.0423229E-01  7.2093786E-02  2.4919770E-04 -1.3525764E-01  6.4818889E-02  6.8948495E-03 0.000 0.315 1.000 1.000 1.000 1.000 1.000 1.000 1.000 1.000 1.000 1.000 1.000 1.000 1.000 1.000 1.000 1.000 1.000 1.000 1.000 1.000 1.000 1.000 1.000 1.000 1.000 1.000 1.000 1.000 1.000 1.000 1.000 1.000 1.000 1.000 1.000 1.000 1.000 1.000  8.3424786906E-02   0.73537   1.00000   0.00000   0.00000   0.6697848E-02
  1501  1.453070740289743E+07   9.992425  3.892723  4.394021  0.7123292E+00  0.2736047E+00  3.5726981E-05  1.8795021E-03  7.8008473E-05  2.0500400E-03  5.7838410E-03  6.2250348E-06  1.1155920E-05  2.1084332E-03  1.7053625E-04  0.3104    4.394021  -9.039  0.976637  7.525242  0.5278421E+00  0.4584680E+00  1.7573997E-07  5.2827681E-05  1.4329758E-05  8.7910511E-03  6.0787885E-04  3.2521579E-06  2.6765007E-09  2.1084332E-03  1.7053625E-04  6.027E-10  1.279E-16  3.327E+11  2.210E+12  7.918E+01  2.387E+06  0.62854227  6.903E-05  6.905E-05  9.327E-01  0.000E+00  0.000E+00  1.066E+00  349    3.1294  9.47E-03 2.5833E+01 4.4481E+01    5.26E+02 0.00E+00 2.36E+02  0.628748  0.020576 5.26E+02 0.00E+00 2.36E+02  0.628542  0.020576  0.0000000E+00  0.0000000E+00  8.0507266E-07  1.0439315E-01  7.2074355E-02  2.4868351E-04 -1.3517654E-01  6.4769651E-02  6.9093891E-03 0.000 0.315 1.000 1.000 1.000 1.000 1.000 1.000 1.000 1.000 1.000 1.000 1.000 1.000 1.000 1.000 1.000 1.000 1.000 1.000 1.000 1.000 1.000 1.000 1.000 1.000 1.000 1.000 1.000 1.000 1.000 1.000 1.000 1.000 1.000 1.000 1.000 1.000 1.000 1.000  8.3415976221E-02   0.73311   1.00000   0.00000   0.00000   0.6670802E-02
  1512  1.462199338669997E+07   9.992341  3.894165  4.393984  0.7121719E+00  0.2737621E+00  3.5649522E-05  1.8725913E-03  7.8190520E-05  2.0664887E-03  5.7740522E-03  6.2482405E-06  1.1120591E-05  2.1084332E-03  1.7053625E-04  0.3100    4.393984  -9.035  0.976602  7.525479  0.5262027E+00  0.4601083E+00  1.7159411E-07  5.2917106E-05  1.4350984E-05  8.7962768E-03  6.0179820E-04  3.2131563E-06  2.6116615E-09  2.1084332E-03  1.7053625E-04  5.985E-10  1.273E-16  3.313E+11  2.205E+12  7.885E+01  2.382E+06  0.62908014  6.891E-05  6.894E-05  9.326E-01  0.000E+00  0.000E+00  1.066E+00  351    3.0664  9.47E-03 2.5795E+01 4.4443E+01    5.26E+02 0.00E+00 2.36E+02  0.629273  0.020642 5.26E+02 0.00E+00 2.36E+02  0.629080  0.020643  0.0000000E+00  0.0000000E+00  8.1379673E-07  1.0454909E-01  7.2054777E-02  2.4818161E-04 -1.3510115E-01  6.4723233E-02  6.9240804E-03 0.000 0.313 1.000 1.000 1.000 1.000 1.000 1.000 1.000 1.000 1.000 1.000 1.000 1.000 1.000 1.000 1.000 1.000 1.000 1.000 1.000 1.000 1.000 1.000 1.000 1.000 1.000 1.000 1.000 1.000 1.000 1.000 1.000 1.000 1.000 1.000 1.000 1.000 1.000 1.000  8.3407070216E-02   0.73085   1.00000   0.00000   0.00000   0.6644879E-02
  1523  1.471327937050251E+07   9.992256  3.895659  4.393944  0.7120130E+00  0.2739212E+00  3.5572231E-05  1.8656945E-03  7.8369252E-05  2.0829521E-03  5.7642321E-03  6.2711115E-06  1.1085314E-05  2.1084332E-03  1.7053625E-04  0.3095    4.393944  -9.031  0.976602  7.525694  0.5245426E+00  0.4617691E+00  1.7090569E-07  5.2964428E-05  1.4366678E-05  8.8016197E-03  5.9564656E-04  3.1735500E-06  2.6031766E-09  2.1084332E-03  1.7053625E-04  6.004E-10  1.279E-16  3.303E+11  2.202E+12  7.861E+01  2.378E+06  0.62961297  6.878E-05  6.880E-05  9.325E-01  0.000E+00  0.000E+00  1.066E+00  351    3.0664  9.47E-03 2.5752E+01 4.4400E+01    5.25E+02 0.00E+00 2.36E+02  0.629657  0.020709 5.25E+02 0.00E+00 2.36E+02  0.629613  0.020712  0.0000000E+00  0.0000000E+00  8.2251224E-07  1.0471032E-01  7.2031512E-02  2.4764343E-04 -1.3502187E-01  6.4674761E-02  6.9389218E-03 0.000 0.313 1.000 1.000 1.000 1.000 1.000 1.000 1.000 1.000 1.000 1.000 1.000 1.000 1.000 1.000 1.000 1.000 1.000 1.000 1.000 1.000 1.000 1.000 1.000 1.000 1.000 1.000 1.000 1.000 1.000 1.000 1.000 1.000 1.000 1.000 1.000 1.000 1.000 1.000  8.3398059379E-02   0.72848   1.00000   0.00000   0.00000   0.6617487E-02
  1534  1.480456535430505E+07   9.992171  3.897180  4.393896  0.7118524E+00  0.2740820E+00  3.5495128E-05  1.8588138E-03  7.8544663E-05  2.0994247E-03  5.7543844E-03  6.2936442E-06  1.1050098E-05  2.1084332E-03  1.7053625E-04  0.3099    4.393896  -9.027  0.976691  7.525926  0.5228981E+00  0.4634144E+00  1.6971397E-07  5.3015749E-05  1.4381129E-05  8.8065834E-03  5.8992190E-04  3.1369642E-06  2.5778745E-09  2.1084332E-03  1.7053625E-04  5.818E-10  1.242E-16  3.289E+11  2.197E+12  7.828E+01  2.372E+06  0.63026545  6.866E-05  6.868E-05  9.323E-01  0.000E+00  0.000E+00  1.066E+00  350    3.1294  9.47E-03 2.5715E+01 4.4363E+01    5.25E+02 0.00E+00 2.37E+02  0.630412  0.020782 5.25E+02 0.00E+00 2.36E+02  0.630265  0.020783  0.0000000E+00  0.0000000E+00  8.3265047E-07  1.0486582E-01  7.2012588E-02  2.4715031E-04 -1.3494491E-01  6.4627223E-02  6.9541127E-03 0.000 0.315 1.000 1.000 1.000 1.000 1.000 1.000 1.000 1.000 1.000 1.000 1.000 1.000 1.000 1.000 1.000 1.000 1.000 1.000 1.000 1.000 1.000 1.000 1.000 1.000 1.000 1.000 1.000 1.000 1.000 1.000 1.000 1.000 1.000 1.000 1.000 1.000 1.000 1.000  8.3388950363E-02   0.72625   1.00000   0.00000   0.00000   0.6592124E-02
  1545  1.489585133810760E+07   9.992085  3.898599  4.393852  0.7116902E+00  0.2742444E+00  3.5418213E-05  1.8519494E-03  7.8716788E-05  2.1159052E-03  5.7445100E-03  6.3158400E-06  1.1014946E-05  2.1084332E-03  1.7053625E-04  0.3095    4.393852  -9.023  0.976689  7.526199  0.5211642E+00  0.4651491E+00  1.6602059E-07  5.3105662E-05  1.4404142E-05  8.8124297E-03  5.8313190E-04  3.0948525E-06  2.4892645E-09  2.1084332E-03  1.7053625E-04  5.895E-10  1.261E-16  3.256E+11  2.171E+12  7.749E+01  2.345E+06  0.63081025  6.854E-05  6.856E-05  9.322E-01  0.000E+00  0.000E+00  1.067E+00  352    3.0980  9.47E-03 2.5673E+01 4.4321E+01    5.24E+02 0.00E+00 2.37E+02  0.630904  0.020849 5.24E+02 0.00E+00 2.37E+02  0.630810  0.020850  0.0000000E+00  0.0000000E+00  8.4161892E-07  1.0501653E-01  7.1988910E-02  2.4663739E-04 -1.3487306E-01  6.4582144E-02  6.9697740E-03 0.000 0.313 1.000 1.000 1.000 1.000 1.000 1.000 1.000 1.000 1.000 1.000 1.000 1.000 1.000 1.000 1.000 1.000 1.000 1.000 1.000 1.000 1.000 1.000 1.000 1.000 1.000 1.000 1.000 1.000 1.000 1.000 1.000 1.000 1.000 1.000 1.000 1.000 1.000 1.000  8.3379736033E-02   0.72384   1.00000   0.00000   0.00000   0.6561806E-02
  1556  1.498713732191014E+07   9.991998  3.900030  4.393774  0.7115264E+00  0.2744084E+00  3.5341494E-05  1.8451024E-03  7.8885644E-05  2.1323906E-03  5.7346111E-03  6.3376984E-06  1.0979864E-05  2.1084332E-03  1.7053625E-04  0.3091    4.393774  -9.019  0.976645  7.526408  0.5194454E+00  0.4668687E+00  1.6398133E-07  5.3170338E-05  1.4421651E-05  8.8178463E-03  5.7687128E-04  3.0549019E-06  2.4641294E-09  2.1084332E-03  1.7053625E-04  5.872E-10  1.257E-16  3.242E+11  2.164E+12  7.715E+01  2.337E+06  0.63152844  6.842E-05  6.843E-05  9.320E-01  0.000E+00  0.000E+00  1.067E+00  352    3.0980  9.47E-03 2.5633E+01 4.4281E+01    5.24E+02 0.00E+00 2.37E+02  0.631519  0.020916 5.24E+02 0.00E+00 2.37E+02  0.631528  0.020917  0.0000000E+00  0.0000000E+00  8.5090888E-07  1.0518843E-01  7.1966935E-02  2.4608804E-04 -1.3478736E-01  6.4530305E-02  6.9848356E-03 0.000 0.313 1.000 1.000 1.000 1.000 1.000 1.000 1.000 1.000 1.000 1.000 1.000 1.000 1.000 1.000 1.000 1.000 1.000 1.000 1.000 1.000 1.000 1.000 1.000 1.000 1.000 1.000 1.000 1.000 1.000 1.000 1.000 1.000 1.000 1.000 1.000 1.000 1.000 1.000  8.3370422352E-02   0.72145   1.00000   0.00000   0.00000   0.6534227E-02
  1567  1.507842330571268E+07   9.991910  3.901481  4.393687  0.7113609E+00  0.2745740E+00  3.5264969E-05  1.8382730E-03  7.9051265E-05  2.1488800E-03  5.7246886E-03  6.3592211E-06  1.0944852E-05  2.1084332E-03  1.7053625E-04  0.3087    4.393687  -9.016  0.976605  7.526618  0.5177294E+00  0.4685855E+00  1.6194375E-07  5.3233848E-05  1.4439005E-05  8.8230120E-03  5.7089702E-04  3.0172094E-06  2.4314469E-09  2.1084332E-03  1.7053625E-04  5.849E-10  1.254E-16  3.226E+11  2.156E+12  7.679E+01  2.329E+06  0.63198919  6.827E-05  6.829E-05  9.319E-01  0.000E+00  0.000E+00  1.067E+00  352    3.0980  9.46E-03 2.5592E+01 4.4240E+01    5.23E+02 0.00E+00 2.37E+02  0.632091  0.020985 5.23E+02 0.00E+00 2.37E+02  0.631989  0.020985  0.0000000E+00  0.0000000E+00  8.6034590E-07  1.0536112E-01  7.1943449E-02  2.4552854E-04 -1.3470175E-01  6.4478443E-02  6.9999777E-03 0.000 0.313 1.000 1.000 1.000 1.000 1.000 1.000 1.000 1.000 1.000 1.000 1.000 1.000 1.000 1.000 1.000 1.000 1.000 1.000 1.000 1.000 1.000 1.000 1.000 1.000 1.000 1.000 1.000 1.000 1.000 1.000 1.000 1.000 1.000 1.000 1.000 1.000 1.000 1.000  8.3361005121E-02   0.71907   1.00000   0.00000   0.00000   0.6505650E-02
  1578  1.516970928951522E+07   9.991822  3.902966  4.393609  0.7111938E+00  0.2747413E+00  3.5188633E-05  1.8314608E-03  7.9213704E-05  2.1653728E-03  5.7147430E-03  6.3804124E-06  1.0909909E-05  2.1084332E-03  1.7053625E-04  0.3084    4.393609  -9.012  0.976631  7.526859  0.5159826E+00  0.4703331E+00  1.5948523E-07  5.3305502E-05  1.4457958E-05  8.8283420E-03  5.6472315E-04  2.9784650E-06  2.3882582E-09  2.1084332E-03  1.7053625E-04  5.812E-10  1.248E-16  3.208E+11  2.145E+12  7.635E+01  2.316E+06  0.63279323  6.816E-05  6.816E-05  9.317E-01  0.000E+00  0.000E+00  1.067E+00  353    3.0901  9.46E-03 2.5550E+01 4.4198E+01    5.23E+02 0.00E+00 2.37E+02  0.632719  0.021054 5.23E+02 0.00E+00 2.37E+02  0.632793  0.021055  0.0000000E+00  0.0000000E+00  8.7014526E-07  1.0552861E-01  7.1919529E-02  2.4497995E-04 -1.3462072E-01  6.4428711E-02  7.0154024E-03 0.000 0.312 1.000 1.000 1.000 1.000 1.000 1.000 1.000 1.000 1.000 1.000 1.000 1.000 1.000 1.000 1.000 1.000 1.000 1.000 1.000 1.000 1.000 1.000 1.000 1.000 1.000 1.000 1.000 1.000 1.000 1.000 1.000 1.000 1.000 1.000 1.000 1.000 1.000 1.000  8.3351479975E-02   0.71664   1.00000   0.00000   0.00000   0.6476515E-02
  1589  1.526099527331776E+07   9.991732  3.904458  4.393524  0.7110252E+00  0.2749102E+00  3.5112490E-05  1.8246666E-03  7.9372984E-05  2.1818672E-03  5.7047758E-03  6.4012727E-06  1.0875039E-05  2.1084332E-03  1.7053625E-04  0.3079    4.393524  -9.008  0.976587  7.527050  0.5142292E+00  0.4720872E+00  1.5729298E-07  5.3370637E-05  1.4474981E-05  8.8335342E-03  5.5871657E-04  2.9410632E-06  2.3601346E-09  2.1084332E-03  1.7053625E-04  5.801E-10  1.247E-16  3.198E+11  2.140E+12  7.611E+01  2.312E+06  0.63337923  6.801E-05  6.802E-05  9.315E-01  0.000E+00  0.000E+00  1.067E+00  353    3.0664  9.46E-03 2.5506E+01 4.4156E+01    5.22E+02 0.00E+00 2.37E+02  0.633327  0.021126 5.22E+02 0.00E+00 2.37E+02  0.633379  0.021125  0.0000000E+00  0.0000000E+00  8.8011977E-07  1.0571518E-01  7.1896141E-02  2.4426928E-04 -1.3452887E-01  6.4373836E-02  7.0303418E-03 0.000 0.309 1.000 1.000 1.000 1.000 1.000 1.000 1.000 1.000 1.000 1.000 1.000 1.000 1.000 1.000 1.000 1.000 1.000 1.000 1.000 1.000 1.000 1.000 1.000 1.000 1.000 1.000 1.000 1.000 1.000 1.000 1.000 1.000 1.000 1.000 1.000 1.000 1.000 1.000  8.3341848611E-02   0.71418   1.00000   0.00000   0.00000   0.6448451E-02
  1600  1.535228125712031E+07   9.991642  3.905986  4.393456  0.7108549E+00  0.2750807E+00  3.5036527E-05  1.8178895E-03  7.9529165E-05  2.1983646E-03  5.6947864E-03  6.4218075E-06  1.0840238E-05  2.1084332E-03  1.7053625E-04  0.3078    4.393456  -9.004  0.976671  7.527295  0.5124277E+00  0.4738896E+00  1.5423025E-07  5.3452221E-05  1.4496628E-05  8.8390936E-03  5.5226476E-04  2.9015412E-06  2.2891805E-09  2.1084332E-03  1.7053625E-04  5.723E-10  1.232E-16  3.164E+11  2.113E+12  7.530E+01  2.282E+06  0.63387510  6.787E-05  6.789E-05  9.314E-01  0.000E+00  0.000E+00  1.067E+00  354    3.0664  9.46E-03 2.5464E+01 4.4115E+01    5.22E+02 0.00E+00 2.37E+02  0.634088  0.021198 5.22E+02 0.00E+00 2.37E+02  0.633875  0.021198  0.0000000E+00  0.0000000E+00  8.9067374E-07  1.0588914E-01  7.1876075E-02  2.4373607E-04 -1.3444539E-01  6.4322703E-02  7.0459276E-03 0.000 0.309 1.000 1.000 1.000 1.000 1.000 1.000 1.000 1.000 1.000 1.000 1.000 1.000 1.000 1.000 1.000 1.000 1.000 1.000 1.000 1.000 1.000 1.000 1.000 1.000 1.000 1.000 1.000 1.000 1.000 1.000 1.000 1.000 1.000 1.000 1.000 1.000 1.000 1.000  8.3332104393E-02   0.71171   1.00000   0.00000   0.00000   0.6419205E-02
  1611  1.544356724092285E+07   9.991551  3.907471  4.393400  0.7106830E+00  0.2752528E+00  3.4960748E-05  1.8111301E-03  7.9682270E-05  2.2148629E-03  5.6847764E-03  6.4420177E-06  1.0805509E-05  2.1084332E-03  1.7053625E-04  0.3073    4.393400  -9.000  0.976671  7.527537  0.5106323E+00  0.4756858E+00  1.5223229E-07  5.3518918E-05  1.4514650E-05  8.8443284E-03  5.4620704E-04  2.8632377E-06  2.2642270E-09  2.1084332E-03  1.7053625E-04  5.677E-10  1.226E-16  3.150E+11  2.107E+12  7.498E+01  2.275E+06  0.63454879  6.775E-05  6.775E-05  9.312E-01  0.000E+00  0.000E+00  1.068E+00  355    3.0664  9.46E-03 2.5420E+01 4.4073E+01    5.21E+02 0.00E+00 2.37E+02  0.634475  0.021269 5.21E+02 0.00E+00 2.37E+02  0.634549  0.021268  0.0000000E+00  0.0000000E+00  9.0043860E-07  1.0606414E-01  7.1850996E-02  2.4316814E-04 -1.3436048E-01  6.4270934E-02  7.0617368E-03 0.000 0.309 1.000 1.000 1.000 1.000 1.000 1.000 1.000 1.000 1.000 1.000 1.000 1.000 1.000 1.000 1.000 1.000 1.000 1.000 1.000 1.000 1.000 1.000 1.000 1.000 1.000 1.000 1.000 1.000 1.000 1.000 1.000 1.000 1.000 1.000 1.000 1.000 1.000 1.000  8.3322250385E-02   0.70921   1.00000   0.00000   0.00000   0.6393184E-02
  1622  1.553485322472539E+07   9.991459  3.908937  4.393321  0.7105095E+00  0.2754266E+00  3.4885157E-05  1.8043889E-03  7.9832320E-05  2.2313599E-03  5.6747473E-03  6.4619037E-06  1.0770856E-05  2.1084332E-03  1.7053625E-04  0.3069    4.393321  -8.996  0.976646  7.527757  0.5088377E+00  0.4774811E+00  1.5021585E-07  5.3584093E-05  1.4532479E-05  8.8493266E-03  5.4042016E-04  2.8267603E-06  2.2337019E-09  2.1084332E-03  1.7053625E-04  5.654E-10  1.222E-16  3.134E+11  2.098E+12  7.459E+01  2.266E+06  0.63498191  6.759E-05  6.762E-05  9.311E-01  0.000E+00  0.000E+00  1.068E+00  355    3.0664  9.46E-03 2.5379E+01 4.4033E+01    5.21E+02 0.00E+00 2.37E+02  0.635197  0.021338 5.21E+02 0.00E+00 2.37E+02  0.634982  0.021338  0.0000000E+00  0.0000000E+00  9.1066309E-07  1.0624697E-01  7.1831573E-02  2.4262274E-04 -1.3427104E-01  6.4216866E-02  7.0773941E-03 0.000 0.309 1.000 1.000 1.000 1.000 1.000 1.000 1.000 1.000 1.000 1.000 1.000 1.000 1.000 1.000 1.000 1.000 1.000 1.000 1.000 1.000 1.000 1.000 1.000 1.000 1.000 1.000 1.000 1.000 1.000 1.000 1.000 1.000 1.000 1.000 1.000 1.000 1.000 1.000  8.3312285561E-02   0.70672   1.00000   0.00000   0.00000   0.6365691E-02
  1633  1.562613920852793E+07   9.991367  3.910425  4.393249  0.7103343E+00  0.2756019E+00  3.4809752E-05  1.7976662E-03  7.9979349E-05  2.2478547E-03  5.6647002E-03  6.4814681E-06  1.0736279E-05  2.1084332E-03  1.7053625E-04  0.3065    4.393249  -8.992  0.976626  7.527978  0.5070385E+00  0.4792811E+00  1.4824194E-07  5.3648071E-05  1.4550008E-05  8.8541743E-03  5.3480617E-04  2.7915366E-06  2.2031112E-09  2.1084332E-03  1.7053625E-04  5.631E-10  1.218E-16  3.118E+11  2.090E+12  7.421E+01  2.257E+06  0.63553558  6.746E-05  6.748E-05  9.310E-01  0.000E+00  0.000E+00  1.068E+00  355    3.0664  9.46E-03 2.5337E+01 4.3992E+01    5.20E+02 0.00E+00 2.37E+02  0.635752  0.021410 5.20E+02 0.00E+00 2.37E+02  0.635536  0.021410  0.0000000E+00  0.0000000E+00  9.2088524E-07  1.0643141E-01  7.1808872E-02  2.4205343E-04 -1.3418123E-01  6.4162601E-02  7.0931477E-03 0.000 0.309 1.000 1.000 1.000 1.000 1.000 1.000 1.000 1.000 1.000 1.000 1.000 1.000 1.000 1.000 1.000 1.000 1.000 1.000 1.000 1.000 1.000 1.000 1.000 1.000 1.000 1.000 1.000 1.000 1.000 1.000 1.000 1.000 1.000 1.000 1.000 1.000 1.000 1.000  8.3302209347E-02   0.70422   1.00000   0.00000   0.00000   0.6338832E-02
  1644  1.571742519233047E+07   9.991273  3.911920  4.393182  0.7101577E+00  0.2757788E+00  3.4734533E-05  1.7909621E-03  8.0123394E-05  2.2643463E-03  5.6546357E-03  6.5007136E-06  1.0701779E-05  2.1084332E-03  1.7053625E-04  0.3060    4.393182  -8.988  0.976607  7.528201  0.5052326E+00  0.4810877E+00  1.4629656E-07  5.3711460E-05  1.4567398E-05  8.8589022E-03  5.2932925E-04  2.7571430E-06  2.1733179E-09  2.1084332E-03  1.7053625E-04  5.608E-10  1.215E-16  3.102E+11  2.082E+12  7.383E+01  2.249E+06  0.63606783  6.732E-05  6.734E-05  9.308E-01  0.000E+00  0.000E+00  1.068E+00  355    3.0664  9.46E-03 2.5294E+01 4.3950E+01    5.20E+02 0.00E+00 2.37E+02  0.636221  0.021481 5.20E+02 0.00E+00 2.37E+02  0.636068  0.021481  0.0000000E+00  0.0000000E+00  9.3103349E-07  1.0661723E-01  7.1786013E-02  2.4148199E-04 -1.3409104E-01  6.4108114E-02  7.1090108E-03 0.000 0.309 1.000 1.000 1.000 1.000 1.000 1.000 1.000 1.000 1.000 1.000 1.000 1.000 1.000 1.000 1.000 1.000 1.000 1.000 1.000 1.000 1.000 1.000 1.000 1.000 1.000 1.000 1.000 1.000 1.000 1.000 1.000 1.000 1.000 1.000 1.000 1.000 1.000 1.000  8.3292019648E-02   0.70171   1.00000   0.00000   0.00000   0.6312685E-02
  1655  1.580871117613302E+07   9.991179  3.913420  4.393110  0.7099794E+00  0.2759573E+00  3.4659498E-05  1.7842768E-03  8.0264486E-05  2.2808335E-03  5.6445550E-03  6.5196425E-06  1.0667357E-05  2.1084332E-03  1.7053625E-04  0.3056    4.393110  -8.984  0.976592  7.528425  0.5034189E+00  0.4829020E+00  1.4437710E-07  5.3774395E-05  1.4584676E-05  8.8635248E-03  5.2397278E-04  2.7234832E-06  2.1443118E-09  2.1084332E-03  1.7053625E-04  5.586E-10  1.211E-16  3.086E+11  2.074E+12  7.345E+01  2.240E+06  0.63662234  6.718E-05  6.720E-05  9.307E-01  0.000E+00  0.000E+00  1.068E+00  355    3.0664  9.46E-03 2.5251E+01 4.3908E+01    5.19E+02 0.00E+00 2.37E+02  0.636776  0.021553 5.19E+02 0.00E+00 2.37E+02  0.636622  0.021554  0.0000000E+00  0.0000000E+00  9.4155434E-07  1.0680457E-01  7.1762962E-02  2.4090792E-04 -1.3400046E-01  6.4053358E-02  7.1249691E-03 0.000 0.309 1.000 1.000 1.000 1.000 1.000 1.000 1.000 1.000 1.000 1.000 1.000 1.000 1.000 1.000 1.000 1.000 1.000 1.000 1.000 1.000 1.000 1.000 1.000 1.000 1.000 1.000 1.000 1.000 1.000 1.000 1.000 1.000 1.000 1.000 1.000 1.000 1.000 1.000  8.3281714976E-02   0.69919   1.00000   0.00000   0.00000   0.6285890E-02
  1666  1.589999715993556E+07   9.991084  3.914936  4.393046  0.7097995E+00  0.2761374E+00  3.4584646E-05  1.7776103E-03  8.0402662E-05  2.2973157E-03  5.6344587E-03  6.5382576E-06  1.0633015E-05  2.1084332E-03  1.7053625E-04  0.3051    4.393046  -8.980  0.976603  7.528673  0.5015965E+00  0.4847251E+00  1.4245627E-07  5.3838511E-05  1.4602265E-05  8.8680550E-03  5.1871919E-04  2.6905124E-06  2.1153310E-09  2.1084332E-03  1.7053625E-04  5.563E-10  1.209E-16  3.071E+11  2.067E+12  7.308E+01  2.233E+06  0.63719335  6.704E-05  6.706E-05  9.305E-01  0.000E+00  0.000E+00  1.068E+00  356    3.0664  9.46E-03 2.5207E+01 4.3865E+01    5.19E+02 0.00E+00 2.37E+02  0.637258  0.021628 5.19E+02 0.00E+00 2.37E+02  0.637193  0.021627  0.0000000E+00  0.0000000E+00  9.5235069E-07  1.0698654E-01  7.1739743E-02  2.4034686E-04 -1.3391377E-01  6.4000379E-02  7.1412754E-03 0.000 0.309 1.000 1.000 1.000 1.000 1.000 1.000 1.000 1.000 1.000 1.000 1.000 1.000 1.000 1.000 1.000 1.000 1.000 1.000 1.000 1.000 1.000 1.000 1.000 1.000 1.000 1.000 1.000 1.000 1.000 1.000 1.000 1.000 1.000 1.000 1.000 1.000 1.000 1.000  8.3271293365E-02   0.69666   1.00000   0.00000   0.00000   0.6259122E-02
  1677  1.599128314373810E+07   9.990988  3.916500  4.392977  0.7096181E+00  0.2763191E+00  3.4509974E-05  1.7709626E-03  8.0537961E-05  2.3137920E-03  5.6243477E-03  6.5565625E-06  1.0598752E-05  2.1084332E-03  1.7053625E-04  0.3048    4.392977  -8.975  0.976644  7.528929  0.4997441E+00  0.4865782E+00  1.3929605E-07  5.3923755E-05  1.4623029E-05  8.8726883E-03  5.1331669E-04  2.6567887E-06  2.0805875E-09  2.1084332E-03  1.7053625E-04  5.543E-10  1.207E-16  3.055E+11  2.059E+12  7.270E+01  2.224E+06  0.63786100  6.691E-05  6.693E-05  9.304E-01  0.000E+00  0.000E+00  1.069E+00  358    3.0239  9.46E-03 2.5160E+01 4.3821E+01    5.18E+02 0.00E+00 2.37E+02  0.638080  0.021710 5.18E+02 0.00E+00 2.37E+02  0.637861  0.021703  0.0000000E+00  0.0000000E+00  9.6481232E-07  1.0717400E-01  7.1717722E-02  2.3978352E-04 -1.3382670E-01  6.3947194E-02  7.1574670E-03 0.000 0.307 1.000 1.000 1.000 1.000 1.000 1.000 1.000 1.000 1.000 1.000 1.000 1.000 1.000 1.000 1.000 1.000 1.000 1.000 1.000 1.000 1.000 1.000 1.000 1.000 1.000 1.000 1.000 1.000 1.000 1.000 1.000 1.000 1.000 1.000 1.000 1.000 1.000 1.000  8.3260750632E-02   0.69410   1.00000   0.00000   0.00000   0.6231379E-02
  1688  1.608256912754064E+07   9.990891  3.918055  4.392930  0.7094351E+00  0.2765024E+00  3.4435467E-05  1.7643327E-03  8.0670442E-05  2.3302646E-03  5.6142210E-03  6.5745632E-06  1.0564562E-05  2.1084332E-03  1.7053625E-04  0.3048    4.392930  -8.972  0.976826  7.529227  0.4978588E+00  0.4884642E+00  1.3582755E-07  5.4016053E-05  1.4647524E-05  8.8774788E-03  5.0772129E-04  2.6220319E-06  1.9851530E-09  2.1084332E-03  1.7053625E-04  5.442E-10  1.186E-16  3.002E+11  2.018E+12  7.144E+01  2.180E+06  0.63840670  6.678E-05  6.680E-05  9.302E-01  0.000E+00  0.000E+00  1.069E+00  359    3.0239  9.46E-03 2.5117E+01 4.3777E+01    5.18E+02 0.00E+00 2.37E+02  0.638507  0.021779 5.18E+02 0.00E+00 2.37E+02  0.638407  0.021779  0.0000000E+00  0.0000000E+00  9.7493857E-07  1.0734407E-01  7.1691968E-02  2.3923613E-04 -1.3374909E-01  6.3898284E-02  7.1745150E-03 0.000 0.307 1.000 1.000 1.000 1.000 1.000 1.000 1.000 1.000 1.000 1.000 1.000 1.000 1.000 1.000 1.000 1.000 1.000 1.000 1.000 1.000 1.000 1.000 1.000 1.000 1.000 1.000 1.000 1.000 1.000 1.000 1.000 1.000 1.000 1.000 1.000 1.000 1.000 1.000  8.3250083096E-02   0.69152   1.00000   0.00000   0.00000   0.6204128E-02
  1699  1.617385511134318E+07   9.990793  3.919559  4.392841  0.7092505E+00  0.2766872E+00  3.4361140E-05  1.7577221E-03  8.0800080E-05  2.3467291E-03  5.6040814E-03  6.5922555E-06  1.0530455E-05  2.1084332E-03  1.7053625E-04  0.3042    4.392841  -8.968  0.976780  7.529465  0.4959546E+00  0.4903691E+00  1.3571427E-07  5.4054970E-05  1.4660112E-05  8.8822970E-03  5.0217997E-04  2.5871760E-06  2.0130916E-09  2.1084332E-03  1.7053625E-04  5.457E-10  1.193E-16  3.014E+11  2.033E+12  7.174E+01  2.196E+06  0.63896915  6.663E-05  6.665E-05  9.301E-01  0.000E+00  0.000E+00  1.069E+00  358    3.0452  9.46E-03 2.5071E+01 4.3736E+01    5.17E+02 0.00E+00 2.37E+02  0.639190  0.021852 5.17E+02 0.00E+00 2.37E+02  0.638969  0.021852  0.0000000E+00  0.0000000E+00  9.8625568E-07  1.0754344E-01  7.1671460E-02  2.3866049E-04 -1.3365270E-01  6.3840346E-02  7.1910687E-03 0.000 0.307 1.000 1.000 1.000 1.000 1.000 1.000 1.000 1.000 1.000 1.000 1.000 1.000 1.000 1.000 1.000 1.000 1.000 1.000 1.000 1.000 1.000 1.000 1.000 1.000 1.000 1.000 1.000 1.000 1.000 1.000 1.000 1.000 1.000 1.000 1.000 1.000 1.000 1.000  8.3239290934E-02   0.68883   1.00000   0.00000   0.00000   0.6176952E-02
  1710  1.626514109514573E+07   9.990694  3.921157  4.392824  0.7090643E+00  0.2768737E+00  3.4286992E-05  1.7511310E-03  8.0926925E-05  2.3631844E-03  5.5939298E-03  6.6096442E-06  1.0496432E-05  2.1084332E-03  1.7053625E-04  0.3035    4.392824  -8.964  0.976935  7.529854  0.4940331E+00  0.4922913E+00  1.3336908E-07  5.4137938E-05  1.4682197E-05  8.8870015E-03  4.9669842E-04  2.5523429E-06  1.9796556E-09  2.1084332E-03  1.7053625E-04  5.430E-10  1.193E-16  3.001E+11  2.031E+12  7.142E+01  2.193E+06  0.63971741  6.653E-05  6.653E-05  9.299E-01  0.000E+00  0.000E+00  1.069E+00  361    3.0452  9.46E-03 2.5023E+01 4.3690E+01    5.17E+02 0.00E+00 2.37E+02  0.639652  0.021929 5.17E+02 0.00E+00 2.37E+02  0.639717  0.021930  0.0000000E+00  0.0000000E+00  9.9771843E-07  1.0769647E-01  7.1644844E-02  2.3814877E-04 -1.3358711E-01  6.3797039E-02  7.2092935E-03 0.000 0.305 1.000 1.000 1.000 1.000 1.000 1.000 1.000 1.000 1.000 1.000 1.000 1.000 1.000 1.000 1.000 1.000 1.000 1.000 1.000 1.000 1.000 1.000 1.000 1.000 1.000 1.000 1.000 1.000 1.000 1.000 1.000 1.000 1.000 1.000 1.000 1.000 1.000 1.000  8.3228375350E-02   0.68614   1.00000   0.00000   0.00000   0.6150590E-02
  1723  1.636306605958845E+07   9.990587  3.922759  4.392705  0.7088629E+00  0.2770754E+00  3.4207647E-05  1.7440820E-03  8.1059932E-05  2.3808259E-03  5.5830274E-03  6.6279639E-06  1.0460025E-05  2.1084332E-03  1.7053625E-04  0.3032    4.392705  -8.959  0.976873  7.530085  0.4919618E+00  0.4943634E+00  1.2785516E-07  5.4373242E-05  1.4750540E-05  8.8917271E-03  4.9095974E-04  2.4887209E-06  1.9307445E-09  2.1084332E-03  1.7053625E-04  5.232E-10  1.151E-16  2.915E+11  1.962E+12  6.938E+01  2.119E+06  0.64019514  6.635E-05  6.637E-05  9.298E-01  0.000E+00  0.000E+00  1.069E+00  362    3.0399  9.45E-03 2.4975E+01 4.3643E+01    5.16E+02 0.00E+00 2.37E+02  0.640290  0.022009 5.16E+02 0.00E+00 2.37E+02  0.640195  0.022009  0.0000000E+00  0.0000000E+00  9.0890649E-07  1.0792438E-01  7.1619669E-02  2.3748382E-04 -1.3347622E-01  6.3731100E-02  7.2269155E-03 0.000 0.306 1.000 1.000 1.000 1.000 1.000 1.000 1.000 1.000 1.000 1.000 1.000 1.000 1.000 1.000 1.000 1.000 1.000 1.000 1.000 1.000 1.000 1.000 1.000 1.000 1.000 1.000 1.000 1.000 1.000 1.000 1.000 1.000 1.000 1.000 1.000 1.000 1.000 1.000  8.3216522895E-02   0.68328   1.00000   0.00000   0.00000   0.6121333E-02
  1736  1.646016115145115E+07   9.990480  3.924398  4.392604  0.7086614E+00  0.2772771E+00  3.4129183E-05  1.7371158E-03  8.1188698E-05  2.3983036E-03  5.5722068E-03  6.6457879E-06  1.0424026E-05  2.1084332E-03  1.7053625E-04  0.3027    4.392604  -8.955  0.976884  7.530341  0.4899026E+00  0.4964233E+00  1.2587763E-07  5.4443768E-05  1.4769972E-05  8.8964343E-03  4.8549481E-04  2.4539199E-06  1.9016229E-09  2.1084332E-03  1.7053625E-04  5.211E-10  1.147E-16  2.897E+11  1.953E+12  6.894E+01  2.109E+06  0.64082068  6.619E-05  6.621E-05  9.296E-01  0.000E+00  0.000E+00  1.069E+00  362    3.0399  9.45E-03 2.4926E+01 4.3597E+01    5.15E+02 0.00E+00 2.37E+02  0.640973  0.022090 5.15E+02 0.00E+00 2.37E+02  0.640821  0.022090  0.0000000E+00  0.0000000E+00  9.2017312E-07  1.0814246E-01  7.1595039E-02  2.3684680E-04 -1.3337306E-01  6.3668892E-02  7.2448258E-03 0.000 0.306 1.000 1.000 1.000 1.000 1.000 1.000 1.000 1.000 1.000 1.000 1.000 1.000 1.000 1.000 1.000 1.000 1.000 1.000 1.000 1.000 1.000 1.000 1.000 1.000 1.000 1.000 1.000 1.000 1.000 1.000 1.000 1.000 1.000 1.000 1.000 1.000 1.000 1.000  8.3204628075E-02   0.68042   1.00000   0.00000   0.00000   0.6092239E-02
  1749  1.655725624331385E+07   9.990371  3.926054  4.392497  0.7084582E+00  0.2774806E+00  3.4050920E-05  1.7301723E-03  8.1314401E-05  2.4157673E-03  5.5613762E-03  6.6632767E-06  1.0388126E-05  2.1084332E-03  1.7053625E-04  0.3022    4.392497  -8.951  0.976900  7.530599  0.4878345E+00  0.4984922E+00  1.2398760E-07  5.4512404E-05  1.4788864E-05  8.9010110E-03  4.8018027E-04  2.4212598E-06  1.8751571E-09  2.1084332E-03  1.7053625E-04  5.190E-10  1.144E-16  2.880E+11  1.944E+12  6.853E+01  2.100E+06  0.64148740  6.603E-05  6.606E-05  9.294E-01  0.000E+00  0.000E+00  1.070E+00  362    3.0399  9.45E-03 2.4876E+01 4.3550E+01    5.15E+02 0.00E+00 2.37E+02  0.641681  0.022172 5.15E+02 0.00E+00 2.37E+02  0.641487  0.022172  0.0000000E+00  0.0000000E+00  9.3186390E-07  1.0836296E-01  7.1569792E-02  2.3620308E-04 -1.3326930E-01  6.3606291E-02  7.2628413E-03 0.000 0.306 1.000 1.000 1.000 1.000 1.000 1.000 1.000 1.000 1.000 1.000 1.000 1.000 1.000 1.000 1.000 1.000 1.000 1.000 1.000 1.000 1.000 1.000 1.000 1.000 1.000 1.000 1.000 1.000 1.000 1.000 1.000 1.000 1.000 1.000 1.000 1.000 1.000 1.000  8.3192585381E-02   0.67755   1.00000   0.00000   0.00000   0.6062263E-02
  1762  1.665435133517655E+07   9.990262  3.927722  4.392402  0.7082533E+00  0.2776858E+00  3.3972855E-05  1.7232514E-03  8.1437082E-05  2.4332161E-03  5.5505362E-03  6.6804343E-06  1.0352324E-05  2.1084332E-03  1.7053625E-04  0.3016    4.392402  -8.946  0.976920  7.530860  0.4857562E+00  0.5005711E+00  1.2211910E-07  5.4580695E-05  1.4807669E-05  8.9054747E-03  4.7499459E-04  2.3894013E-06  1.8494682E-09  2.1084332E-03  1.7053625E-04  5.127E-10  1.133E-16  2.862E+11  1.935E+12  6.812E+01  2.090E+06  0.64208340  6.587E-05  6.589E-05  9.293E-01  0.000E+00  0.000E+00  1.070E+00  362    3.0399  9.45E-03 2.4825E+01 4.3500E+01    5.14E+02 0.00E+00 2.37E+02  0.642239  0.022255 5.14E+02 0.00E+00 2.37E+02  0.642083  0.022255  0.0000000E+00  0.0000000E+00  9.4327272E-07  1.0858526E-01  7.1541513E-02  2.3553825E-04 -1.3316510E-01  6.3543455E-02  7.2810165E-03 0.000 0.306 1.000 1.000 1.000 1.000 1.000 1.000 1.000 1.000 1.000 1.000 1.000 1.000 1.000 1.000 1.000 1.000 1.000 1.000 1.000 1.000 1.000 1.000 1.000 1.000 1.000 1.000 1.000 1.000 1.000 1.000 1.000 1.000 1.000 1.000 1.000 1.000 1.000 1.000  8.3180392622E-02   0.67466   1.00000   0.00000   0.00000   0.6033722E-02
  1775  1.675144642703925E+07   9.990152  3.929558  4.392338  0.7080466E+00  0.2778928E+00  3.3894979E-05  1.7163526E-03  8.1556789E-05  2.4506508E-03  5.5396867E-03  6.6972659E-06  1.0316616E-05  2.1084332E-03  1.7053625E-04  0.3013    4.392338  -8.941  0.977182  7.531232  0.4836002E+00  0.5027278E+00  1.1912375E-07  5.4678868E-05  1.4833226E-05  8.9104805E-03  4.6914469E-04  2.3540293E-06  1.7960408E-09  2.1084332E-03  1.7053625E-04  5.113E-10  1.134E-16  2.835E+11  1.915E+12  6.746E+01  2.069E+06  0.64287833  6.573E-05  6.575E-05  9.291E-01  0.000E+00  0.000E+00  1.070E+00  365    3.0106  9.45E-03 2.4768E+01 4.3448E+01    5.14E+02 0.00E+00 2.37E+02  0.643051  0.022349 5.14E+02 0.00E+00 2.37E+02  0.642878  0.022347  0.0000000E+00  0.0000000E+00  9.5689019E-07  1.0878356E-01  7.1514183E-02  2.3493428E-04 -1.3308004E-01  6.3489515E-02  7.3002081E-03 0.000 0.304 1.000 1.000 1.000 1.000 1.000 1.000 1.000 1.000 1.000 1.000 1.000 1.000 1.000 1.000 1.000 1.000 1.000 1.000 1.000 1.000 1.000 1.000 1.000 1.000 1.000 1.000 1.000 1.000 1.000 1.000 1.000 1.000 1.000 1.000 1.000 1.000 1.000 1.000  8.3168041677E-02   0.67167   1.00000   0.00000   0.00000   0.6001600E-02
  1788  1.684854151890196E+07   9.990040  3.931118  4.392233  0.7078382E+00  0.2781015E+00  3.3817293E-05  1.7094761E-03  8.1673551E-05  2.4680698E-03  5.5288290E-03  6.7137742E-06  1.0281006E-05  2.1084332E-03  1.7053625E-04  0.3007    4.392233  -8.937  0.977151  7.531503  0.4814687E+00  0.5048600E+00  1.1766924E-07  5.4743389E-05  1.4851305E-05  8.9149627E-03  4.6394494E-04  2.3209661E-06  1.7874197E-09  2.1084332E-03  1.7053625E-04  5.082E-10  1.129E-16  2.824E+11  1.913E+12  6.720E+01  2.066E+06  0.64340469  6.557E-05  6.559E-05  9.289E-01  0.000E+00  0.000E+00  1.070E+00  365    3.0252  9.45E-03 2.4720E+01 4.3402E+01    5.13E+02 0.00E+00 2.37E+02  0.643495  0.022425 5.13E+02 0.00E+00 2.37E+02  0.643405  0.022425  0.0000000E+00  0.0000000E+00  9.6747982E-07  1.0900659E-01  7.1487417E-02  2.3428321E-04 -1.3297428E-01  6.3425655E-02  7.3190490E-03 0.000 0.304 1.000 1.000 1.000 1.000 1.000 1.000 1.000 1.000 1.000 1.000 1.000 1.000 1.000 1.000 1.000 1.000 1.000 1.000 1.000 1.000 1.000 1.000 1.000 1.000 1.000 1.000 1.000 1.000 1.000 1.000 1.000 1.000 1.000 1.000 1.000 1.000 1.000 1.000  8.3155532722E-02   0.66871   1.00000   0.00000   0.00000   0.5974957E-02
  1801  1.694563661076469E+07   9.989927  3.932996  4.392149  0.7076281E+00  0.2783119E+00  3.3739795E-05  1.7026221E-03  8.1787403E-05  2.4854724E-03  5.5179640E-03  6.7299627E-06  1.0245494E-05  2.1084332E-03  1.7053625E-04  0.3006    4.392149  -8.932  0.977446  7.531839  0.4792640E+00  0.5070655E+00  1.1431025E-07  5.4847253E-05  1.4878112E-05  8.9198924E-03  4.5817194E-04  2.2866254E-06  1.7264209E-09  2.1084332E-03  1.7053625E-04  5.010E-10  1.119E-16  2.787E+11  1.884E+12  6.632E+01  2.034E+06  0.64417430  6.541E-05  6.543E-05  9.287E-01  0.000E+00  0.000E+00  1.070E+00  368    2.9811  9.45E-03 2.4660E+01 4.3347E+01    5.13E+02 0.00E+00 2.37E+02  0.644149  0.022528 5.13E+02 0.00E+00 2.37E+02  0.644174  0.022519  0.0000000E+00  0.0000000E+00  9.8214726E-07  1.0922761E-01  7.1458684E-02  2.3362632E-04 -1.3287874E-01  6.3366577E-02  7.3379310E-03 0.000 0.303 1.000 1.000 1.000 1.000 1.000 1.000 1.000 1.000 1.000 1.000 1.000 1.000 1.000 1.000 1.000 1.000 1.000 1.000 1.000 1.000 1.000 1.000 1.000 1.000 1.000 1.000 1.000 1.000 1.000 1.000 1.000 1.000 1.000 1.000 1.000 1.000 1.000 1.000  8.3142861611E-02   0.66565   1.00000   0.00000   0.00000   0.5942527E-02
  1814  1.704273170262741E+07   9.989813  3.934570  4.392033  0.7074162E+00  0.2785241E+00  3.3662485E-05  1.6957909E-03  8.1898371E-05  2.5028569E-03  5.5070930E-03  6.7458340E-06  1.0210081E-05  2.1084332E-03  1.7053625E-04  0.3000    4.392033  -8.929  0.977422  7.532137  0.4770574E+00  0.5092728E+00  1.1317367E-07  5.4910073E-05  1.4895854E-05  8.9245952E-03  4.5272361E-04  2.2525076E-06  1.7251947E-09  2.1084332E-03  1.7053625E-04  4.987E-10  1.114E-16  2.782E+11  1.887E+12  6.622E+01  2.038E+06  0.64477738  6.525E-05  6.528E-05  9.286E-01  0.000E+00  0.000E+00  1.071E+00  368    3.0032  9.45E-03 2.4611E+01 4.3302E+01    5.12E+02 0.00E+00 2.37E+02  0.645003  0.022598 5.12E+02 0.00E+00 2.37E+02  0.644777  0.022599  0.0000000E+00  0.0000000E+00  9.9298925E-07  1.0945326E-01  7.1434229E-02  2.3299032E-04 -1.3277282E-01  6.3302223E-02  7.3574203E-03 0.000 0.303 1.000 1.000 1.000 1.000 1.000 1.000 1.000 1.000 1.000 1.000 1.000 1.000 1.000 1.000 1.000 1.000 1.000 1.000 1.000 1.000 1.000 1.000 1.000 1.000 1.000 1.000 1.000 1.000 1.000 1.000 1.000 1.000 1.000 1.000 1.000 1.000 1.000 1.000  8.3130026166E-02   0.66258   1.00000   0.00000   0.00000   0.5914608E-02
  1827  1.713982679449013E+07   9.989698  3.936327  4.391903  0.7072027E+00  0.2787379E+00  3.3585372E-05  1.6889832E-03  8.2006481E-05  2.5202206E-03  5.4962179E-03  6.7613904E-06  1.0174772E-05  2.1084332E-03  1.7053625E-04  0.2993    4.391903  -8.924  0.977510  7.532438  0.4748290E+00  0.5115019E+00  1.1108117E-07  5.4988617E-05  1.4916529E-05  8.9292204E-03  4.4733798E-04  2.2201560E-06  1.7004431E-09  2.1084332E-03  1.7053625E-04  4.959E-10  1.110E-16  2.767E+11  1.879E+12  6.585E+01  2.030E+06  0.64551998  6.508E-05  6.511E-05  9.284E-01  0.000E+00  0.000E+00  1.071E+00  369    3.0032  9.45E-03 2.4553E+01 4.3249E+01    5.11E+02 0.00E+00 2.37E+02  0.645717  0.022688 5.11E+02 0.00E+00 2.37E+02  0.645520  0.022688  0.0000000E+00  0.0000000E+00  1.0063172E-06  1.0969075E-01  7.1404527E-02  2.3229780E-04 -1.3266554E-01  6.3237259E-02  7.3764847E-03 0.000 0.301 1.000 1.000 1.000 1.000 1.000 1.000 1.000 1.000 1.000 1.000 1.000 1.000 1.000 1.000 1.000 1.000 1.000 1.000 1.000 1.000 1.000 1.000 1.000 1.000 1.000 1.000 1.000 1.000 1.000 1.000 1.000 1.000 1.000 1.000 1.000 1.000 1.000 1.000  8.3117027490E-02   0.65946   1.00000   0.00000   0.00000   0.5882009E-02
  1840  1.723692188635286E+07   9.989582  3.938080  4.391742  0.7069875E+00  0.2789535E+00  3.3508443E-05  1.6821985E-03  8.2111769E-05  2.5375645E-03  5.4853385E-03  6.7766362E-06  1.0139563E-05  2.1084332E-03  1.7053625E-04  0.2991    4.391742  -8.919  0.977646  7.532706  0.4725479E+00  0.5137837E+00  1.0873762E-07  5.5071699E-05  1.4938737E-05  8.9340839E-03  4.4167314E-04  2.1865317E-06  1.6679377E-09  2.1084332E-03  1.7053625E-04  4.911E-10  1.100E-16  2.739E+11  1.856E+12  6.519E+01  2.005E+06  0.64627627  6.490E-05  6.493E-05  9.282E-01  0.000E+00  0.000E+00  1.071E+00  369    2.9811  9.45E-03 2.4495E+01 4.3195E+01    5.11E+02 0.00E+00 2.37E+02  0.646490  0.022778 5.11E+02 0.00E+00 2.37E+02  0.646276  0.022777  0.0000000E+00  0.0000000E+00  1.0197111E-06  1.0994584E-01  7.1373428E-02  2.3156225E-04 -1.3254871E-01  6.3167553E-02  7.3952269E-03 0.000 0.301 1.000 1.000 1.000 1.000 1.000 1.000 1.000 1.000 1.000 1.000 1.000 1.000 1.000 1.000 1.000 1.000 1.000 1.000 1.000 1.000 1.000 1.000 1.000 1.000 1.000 1.000 1.000 1.000 1.000 1.000 1.000 1.000 1.000 1.000 1.000 1.000 1.000 1.000  8.3103853863E-02   0.65632   1.00000   0.00000   0.00000   0.5850551E-02
  1853  1.733401697821558E+07   9.989464  3.939822  4.391601  0.7067706E+00  0.2791707E+00  3.3431706E-05  1.6754374E-03  8.2214266E-05  2.5548859E-03  5.4744569E-03  6.7915743E-06  1.0104460E-05  2.1084332E-03  1.7053625E-04  0.2984    4.391601  -8.915  0.977723  7.533006  0.4702853E+00  0.5160470E+00  1.0689006E-07  5.5145872E-05  1.4959076E-05  8.9385087E-03  4.3652149E-04  2.1554793E-06  1.6443126E-09  2.1084332E-03  1.7053625E-04  4.866E-10  1.093E-16  2.721E+11  1.847E+12  6.476E+01  1.994E+06  0.64701546  6.473E-05  6.476E-05  9.280E-01  0.000E+00  0.000E+00  1.071E+00  370    2.9811  9.45E-03 2.4439E+01 4.3142E+01    5.10E+02 0.00E+00 2.37E+02  0.647221  0.022866 5.10E+02 0.00E+00 2.37E+02  0.647015  0.022866  0.0000000E+00  0.0000000E+00  1.0329521E-06  1.1018990E-01  7.1343026E-02  2.3085790E-04 -1.3243798E-01  6.3100683E-02  7.4146385E-03 0.000 0.301 1.000 1.000 1.000 1.000 1.000 1.000 1.000 1.000 1.000 1.000 1.000 1.000 1.000 1.000 1.000 1.000 1.000 1.000 1.000 1.000 1.000 1.000 1.000 1.000 1.000 1.000 1.000 1.000 1.000 1.000 1.000 1.000 1.000 1.000 1.000 1.000 1.000 1.000  8.3090507700E-02   0.65317   1.00000   0.00000   0.00000   0.5819319E-02
  1866  1.743111207007830E+07   9.989345  3.941539  4.391451  0.7065521E+00  0.2793895E+00  3.3355164E-05  1.6687004E-03  8.2314002E-05  2.5721830E-03  5.4635745E-03  6.8062081E-06  1.0069463E-05  2.1084332E-03  1.7053625E-04  0.2976    4.391451  -8.911  0.977773  7.533309  0.4680312E+00  0.5183017E+00  1.0575507E-07  5.5205415E-05  1.4975998E-05  8.9426339E-03  4.3173435E-04  2.1260838E-06  1.6328089E-09  2.1084332E-03  1.7053625E-04  4.852E-10  1.092E-16  2.716E+11  1.849E+12  6.463E+01  1.997E+06  0.64779044  6.456E-05  6.458E-05  9.278E-01  0.000E+00  0.000E+00  1.071E+00  371    2.9922  9.45E-03 2.4382E+01 4.3089E+01    5.09E+02 0.00E+00 2.37E+02  0.647979  0.022955 5.09E+02 0.00E+00 2.37E+02  0.647790  0.022953  0.0000000E+00  0.0000000E+00  1.0466090E-06  1.1043172E-01  7.1311671E-02  2.3015531E-04 -1.3232815E-01  6.3034126E-02  7.4343303E-03 0.000 0.301 1.000 1.000 1.000 1.000 1.000 1.000 1.000 1.000 1.000 1.000 1.000 1.000 1.000 1.000 1.000 1.000 1.000 1.000 1.000 1.000 1.000 1.000 1.000 1.000 1.000 1.000 1.000 1.000 1.000 1.000 1.000 1.000 1.000 1.000 1.000 1.000 1.000 1.000  8.3076987198E-02   0.65001   1.00000   0.00000   0.00000   0.5788035E-02
  1879  1.752820716194103E+07   9.989226  3.943244  4.391285  0.7063320E+00  0.2796100E+00  3.3278824E-05  1.6619883E-03  8.2411001E-05  2.5894528E-03  5.4526935E-03  6.8205396E-06  1.0034578E-05  2.1084332E-03  1.7053625E-04  0.2971    4.391285  -8.906  0.977820  7.533593  0.4657588E+00  0.5205747E+00  1.0346854E-07  5.5287221E-05  1.4998500E-05  8.9466769E-03  4.2700400E-04  2.0974432E-06  1.6008873E-09  2.1084332E-03  1.7053625E-04  4.829E-10  1.088E-16  2.686E+11  1.830E+12  6.393E+01  1.977E+06  0.64851047  6.438E-05  6.441E-05  9.276E-01  0.000E+00  0.000E+00  1.072E+00  371    2.9922  9.45E-03 2.4326E+01 4.3036E+01    5.09E+02 0.00E+00 2.37E+02  0.648718  0.023041 5.09E+02 0.00E+00 2.37E+02  0.648510  0.023041  0.0000000E+00  0.0000000E+00  1.0598003E-06  1.1068608E-01  7.1280592E-02  2.2943175E-04 -1.3221233E-01  6.2964640E-02  7.4538406E-03 0.000 0.301 1.000 1.000 1.000 1.000 1.000 1.000 1.000 1.000 1.000 1.000 1.000 1.000 1.000 1.000 1.000 1.000 1.000 1.000 1.000 1.000 1.000 1.000 1.000 1.000 1.000 1.000 1.000 1.000 1.000 1.000 1.000 1.000 1.000 1.000 1.000 1.000 1.000 1.000  8.3063295261E-02   0.64689   1.00000   0.00000   0.00000   0.5756856E-02
  1892  1.762530225380375E+07   9.989104  3.945062  4.391130  0.7061102E+00  0.2798321E+00  3.3202668E-05  1.6553000E-03  8.2505302E-05  2.6066979E-03  5.4418126E-03  6.8345743E-06  9.9997986E-06  2.1084332E-03  1.7053625E-04  0.2966    4.391130  -8.902  0.977984  7.533905  0.4634183E+00  0.5229159E+00  1.0134996E-07  5.5369401E-05  1.5020193E-05  8.9511228E-03  4.2181588E-04  2.0664507E-06  1.5752681E-09  2.1084332E-03  1.7053625E-04  4.766E-10  1.077E-16  2.665E+11  1.816E+12  6.344E+01  1.961E+06  0.64931253  6.421E-05  6.423E-05  9.274E-01  0.000E+00  0.000E+00  1.072E+00  372    2.9787  9.45E-03 2.4265E+01 4.2979E+01    5.08E+02 0.00E+00 2.37E+02  0.649469  0.023135 5.08E+02 0.00E+00 2.37E+02  0.649313  0.023135  0.0000000E+00  0.0000000E+00  1.0741819E-06  1.1094256E-01  7.1247105E-02  2.2857160E-04 -1.3209877E-01  6.2896131E-02  7.4735210E-03 0.000 0.300 1.000 1.000 1.000 1.000 1.000 1.000 1.000 1.000 1.000 1.000 1.000 1.000 1.000 1.000 1.000 1.000 1.000 1.000 1.000 1.000 1.000 1.000 1.000 1.000 1.000 1.000 1.000 1.000 1.000 1.000 1.000 1.000 1.000 1.000 1.000 1.000 1.000 1.000  8.3049416249E-02   0.64364   1.00000   0.00000   0.00000   0.5724413E-02
  1905  1.772239734566647E+07   9.988982  3.946854  4.390966  0.7058868E+00  0.2800558E+00  3.3126704E-05  1.6486361E-03  8.2596932E-05  2.6239156E-03  5.4309337E-03  6.8483147E-06  9.9651287E-06  2.1084332E-03  1.7053625E-04  0.2959    4.390966  -8.897  0.978087  7.534204  0.4610816E+00  0.5252532E+00  9.9286155E-08  5.5450120E-05  1.5042294E-05  8.9552540E-03  4.1698706E-04  2.0372039E-06  1.5523886E-09  2.1084332E-03  1.7053625E-04  4.753E-10  1.076E-16  2.648E+11  1.806E+12  6.301E+01  1.951E+06  0.65006754  6.402E-05  6.405E-05  9.272E-01  0.000E+00  0.000E+00  1.072E+00  373    2.9380  9.44E-03 2.4203E+01 4.2923E+01    5.07E+02 0.00E+00 2.37E+02  0.650127  0.023225 5.07E+02 0.00E+00 2.37E+02  0.650068  0.023228  0.0000000E+00  0.0000000E+00  1.0881003E-06  1.1120892E-01  7.1214966E-02  2.2782384E-04 -1.3198104E-01  6.2825596E-02  7.4930725E-03 0.000 0.298 1.000 1.000 1.000 1.000 1.000 1.000 1.000 1.000 1.000 1.000 1.000 1.000 1.000 1.000 1.000 1.000 1.000 1.000 1.000 1.000 1.000 1.000 1.000 1.000 1.000 1.000 1.000 1.000 1.000 1.000 1.000 1.000 1.000 1.000 1.000 1.000 1.000 1.000  8.3035352684E-02   0.64035   1.00000   0.00000   0.00000   0.5692556E-02
  1918  1.781949243752920E+07   9.988858  3.948649  4.390832  0.7056617E+00  0.2802812E+00  3.3050914E-05  1.6419953E-03  8.2685933E-05  2.6411089E-03  5.4200554E-03  6.8617669E-06  9.9305613E-06  2.1084332E-03  1.7053625E-04  0.2955    4.390832  -8.893  0.978271  7.534530  0.4586932E+00  0.5276422E+00  9.7230530E-08  5.5533494E-05  1.5064279E-05  8.9596239E-03  4.1188354E-04  2.0066655E-06  1.5248434E-09  2.1084332E-03  1.7053625E-04  4.696E-10  1.065E-16  2.621E+11  1.786E+12  6.239E+01  1.929E+06  0.65077897  6.385E-05  6.387E-05  9.270E-01  0.000E+00  0.000E+00  1.072E+00  374    2.9584  9.44E-03 2.4144E+01 4.2868E+01    5.07E+02 0.00E+00 2.37E+02  0.650882  0.023321 5.07E+02 0.00E+00 2.37E+02  0.650779  0.023321  0.0000000E+00  0.0000000E+00  1.1030443E-06  1.1146662E-01  7.1183977E-02  2.2710478E-04 -1.3186670E-01  6.2756361E-02  7.5134562E-03 0.000 0.298 1.000 1.000 1.000 1.000 1.000 1.000 1.000 1.000 1.000 1.000 1.000 1.000 1.000 1.000 1.000 1.000 1.000 1.000 1.000 1.000 1.000 1.000 1.000 1.000 1.000 1.000 1.000 1.000 1.000 1.000 1.000 1.000 1.000 1.000 1.000 1.000 1.000 1.000  8.3021094904E-02   0.63708   1.00000   0.00000   0.00000   0.5662037E-02
  1931  1.791658752939192E+07   9.988733  3.950460  4.390682  0.7054351E+00  0.2805082E+00  3.2975311E-05  1.6353789E-03  8.2772323E-05  2.6582735E-03  5.4091805E-03  6.8749321E-06  9.8961037E-06  2.1084332E-03  1.7053625E-04  0.2951    4.390682  -8.888  0.978454  7.534847  0.4562804E+00  0.5300557E+00  9.4365747E-08  5.5635289E-05  1.5090082E-05  8.9638925E-03  4.0686583E-04  1.9767102E-06  1.4917342E-09  2.1084332E-03  1.7053625E-04  4.622E-10  1.052E-16  2.584E+11  1.756E+12  6.150E+01  1.896E+06  0.65149559  6.366E-05  6.369E-05  9.268E-01  0.000E+00  0.000E+00  1.072E+00  376    2.9380  9.44E-03 2.4084E+01 4.2812E+01    5.06E+02 0.00E+00 2.37E+02  0.651609  0.023416 5.06E+02 0.00E+00 2.37E+02  0.651496  0.023416  0.0000000E+00  0.0000000E+00  1.1180494E-06  1.1173702E-01  7.1152312E-02  2.2635914E-04 -1.3174805E-01  6.2685077E-02  7.5335718E-03 0.000 0.296 1.000 1.000 1.000 1.000 1.000 1.000 1.000 1.000 1.000 1.000 1.000 1.000 1.000 1.000 1.000 1.000 1.000 1.000 1.000 1.000 1.000 1.000 1.000 1.000 1.000 1.000 1.000 1.000 1.000 1.000 1.000 1.000 1.000 1.000 1.000 1.000 1.000 1.000  8.3006649177E-02   0.63375   1.00000   0.00000   0.00000   0.5631149E-02
  1944  1.801144196528857E+07   9.988610  3.952225  4.390518  0.7052121E+00  0.2807315E+00  3.2901626E-05  1.6289384E-03  8.2854221E-05  2.6750151E-03  5.3985598E-03  6.8875200E-06  9.8625449E-06  2.1084332E-03  1.7053625E-04  0.2946    4.390518  -8.884  0.978501  7.535137  0.4538961E+00  0.5324407E+00  9.0934738E-08  5.5857041E-05  1.5155192E-05  8.9678641E-03  4.0198970E-04  1.9355681E-06  1.4765964E-09  2.1084332E-03  1.7053625E-04  4.485E-10  1.021E-16  2.530E+11  1.711E+12  6.021E+01  1.848E+06  0.65232388  6.349E-05  6.350E-05  9.266E-01  0.000E+00  0.000E+00  1.073E+00  376    2.9380  9.44E-03 2.4022E+01 4.2757E+01    5.05E+02 0.00E+00 2.37E+02  0.652305  0.023508 5.05E+02 0.00E+00 2.37E+02  0.652324  0.023509  0.0000000E+00  0.0000000E+00  1.0193299E-06  1.1202026E-01  7.1121142E-02  2.2559433E-04 -1.3162115E-01  6.2610043E-02  7.5529747E-03 0.000 0.296 1.000 1.000 1.000 1.000 1.000 1.000 1.000 1.000 1.000 1.000 1.000 1.000 1.000 1.000 1.000 1.000 1.000 1.000 1.000 1.000 1.000 1.000 1.000 1.000 1.000 1.000 1.000 1.000 1.000 1.000 1.000 1.000 1.000 1.000 1.000 1.000 1.000 1.000  8.2992346323E-02   0.63041   1.00000   0.00000   0.00000   0.5601155E-02
  1958  1.810554951586318E+07   9.988486  3.953975  4.390370  0.7049894E+00  0.2809546E+00  3.2828690E-05  1.6225714E-03  8.2933078E-05  2.6915972E-03  5.3880270E-03  6.8997465E-06  9.8293526E-06  2.1084332E-03  1.7053625E-04  0.2940    4.390370  -8.879  0.978610  7.535440  0.4515438E+00  0.5347935E+00  8.9249336E-08  5.5937270E-05  1.5177885E-05  8.9716820E-03  3.9752461E-04  1.9003066E-06  1.4514206E-09  2.1084332E-03  1.7053625E-04  4.464E-10  1.018E-16  2.511E+11  1.700E+12  5.975E+01  1.836E+06  0.65300120  6.331E-05  6.332E-05  9.264E-01  0.000E+00  0.000E+00  1.073E+00  377    2.9380  9.44E-03 2.3963E+01 4.2702E+01    5.05E+02 0.00E+00 2.37E+02  0.652964  0.023601 5.05E+02 0.00E+00 2.37E+02  0.653001  0.023601  0.0000000E+00  0.0000000E+00  1.0325810E-06  1.1228968E-01  7.1090589E-02  2.2486516E-04 -1.3150236E-01  6.2538905E-02  7.5728099E-03 0.000 0.296 1.000 1.000 1.000 1.000 1.000 1.000 1.000 1.000 1.000 1.000 1.000 1.000 1.000 1.000 1.000 1.000 1.000 1.000 1.000 1.000 1.000 1.000 1.000 1.000 1.000 1.000 1.000 1.000 1.000 1.000 1.000 1.000 1.000 1.000 1.000 1.000 1.000 1.000  8.2977974129E-02   0.62714   1.00000   0.00000   0.00000   0.5571873E-02
  1972  1.819965706643779E+07   9.988361  3.955672  4.390224  0.7047652E+00  0.2811791E+00  3.2755926E-05  1.6162273E-03  8.3009575E-05  2.7081502E-03  5.3774996E-03  6.9117150E-06  9.7962641E-06  2.1084332E-03  1.7053625E-04  0.2932    4.390224  -8.875  0.978674  7.535744  0.4492042E+00  0.5371337E+00  8.7808227E-08  5.6005693E-05  1.5197208E-05  8.9751919E-03  3.9342164E-04  1.8755138E-06  1.4339150E-09  2.1084332E-03  1.7053625E-04  4.431E-10  1.013E-16  2.494E+11  1.693E+12  5.936E+01  1.828E+06  0.65363887  6.314E-05  6.314E-05  9.262E-01  0.000E+00  0.000E+00  1.073E+00  378    2.9482  9.44E-03 2.3906E+01 4.2650E+01    5.04E+02 0.00E+00 2.37E+02  0.653602  0.023690 5.04E+02 0.00E+00 2.37E+02  0.653639  0.023690  0.0000000E+00  0.0000000E+00  1.0455156E-06  1.1255655E-01  7.1060920E-02  2.2415028E-04 -1.3138412E-01  6.2467959E-02  7.5929466E-03 0.000 0.296 1.000 1.000 1.000 1.000 1.000 1.000 1.000 1.000 1.000 1.000 1.000 1.000 1.000 1.000 1.000 1.000 1.000 1.000 1.000 1.000 1.000 1.000 1.000 1.000 1.000 1.000 1.000 1.000 1.000 1.000 1.000 1.000 1.000 1.000 1.000 1.000 1.000 1.000  8.2963418502E-02   0.62390   1.00000   0.00000   0.00000   0.5543790E-02
  1986  1.829376461701240E+07   9.988235  3.957427  4.390063  0.7045396E+00  0.2814051E+00  3.2683334E-05  1.6099065E-03  8.3083729E-05  2.7246729E-03  5.3669790E-03  6.9234277E-06  9.7632811E-06  2.1084332E-03  1.7053625E-04  0.2926    4.390063  -8.870  0.978794  7.536047  0.4468352E+00  0.5395032E+00  8.6259069E-08  5.6077011E-05  1.5216986E-05  8.9787440E-03  3.8926582E-04  1.8508093E-06  1.4159769E-09  2.1084332E-03  1.7053625E-04  4.377E-10  1.002E-16  2.476E+11  1.683E+12  5.893E+01  1.818E+06  0.65420433  6.294E-05  6.297E-05  9.261E-01  0.000E+00  0.000E+00  1.073E+00  378    2.9482  9.44E-03 2.3847E+01 4.2597E+01    5.03E+02 0.00E+00 2.37E+02  0.654430  0.023783 5.03E+02 0.00E+00 2.37E+02  0.654204  0.023783  0.0000000E+00  0.0000000E+00  1.0594770E-06  1.1283253E-01  7.1032987E-02  2.2343189E-04 -1.3126348E-01  6.2395719E-02  7.6130198E-03 0.000 0.296 1.000 1.000 1.000 1.000 1.000 1.000 1.000 1.000 1.000 1.000 1.000 1.000 1.000 1.000 1.000 1.000 1.000 1.000 1.000 1.000 1.000 1.000 1.000 1.000 1.000 1.000 1.000 1.000 1.000 1.000 1.000 1.000 1.000 1.000 1.000 1.000 1.000 1.000  8.2948677285E-02   0.62060   1.00000   0.00000   0.00000   0.5513888E-02
  2000  1.838787216758700E+07   9.988107  3.959239  4.389914  0.7043125E+00  0.2816325E+00  3.2610901E-05  1.6036080E-03  8.3155570E-05  2.7411674E-03  5.3564637E-03  6.9348891E-06  9.7303982E-06  2.1084332E-03  1.7053625E-04  0.2920    4.389914  -8.866  0.978996  7.536371  0.4443980E+00  0.5419410E+00  8.4370845E-08  5.6160336E-05  1.5239131E-05  8.9826270E-03  3.8471495E-04  1.8240771E-06  1.3948562E-09  2.1084332E-03  1.7053625E-04  4.375E-10  1.003E-16  2.455E+11  1.668E+12  5.843E+01  1.801E+06  0.65487970  6.276E-05  6.278E-05  9.259E-01  0.000E+00  0.000E+00  1.073E+00  380    2.9349  9.44E-03 2.3784E+01 4.2540E+01    5.03E+02 0.00E+00 2.37E+02  0.655052  0.023880 5.03E+02 0.00E+00 2.37E+02  0.654880  0.023880  0.0000000E+00  0.0000000E+00  1.0734233E-06  1.1311302E-01  7.1001016E-02  2.2268284E-04 -1.3114297E-01  6.2323463E-02  7.6332483E-03 0.000 0.295 1.000 1.000 1.000 1.000 1.000 1.000 1.000 1.000 1.000 1.000 1.000 1.000 1.000 1.000 1.000 1.000 1.000 1.000 1.000 1.000 1.000 1.000 1.000 1.000 1.000 1.000 1.000 1.000 1.000 1.000 1.000 1.000 1.000 1.000 1.000 1.000 1.000 1.000  8.2933737230E-02   0.61722   1.00000   0.00000   0.00000   0.5484527E-02
  2014  1.848197971816161E+07   9.987978  3.961110  4.389740  0.7040839E+00  0.2818615E+00  3.2538632E-05  1.5973324E-03  8.3225122E-05  2.7576316E-03  5.3459556E-03  6.9461021E-06  9.6976187E-06  2.1084332E-03  1.7053625E-04  0.2918    4.389740  -8.861  0.979250  7.536688  0.4419792E+00  0.5443603E+00  8.2938534E-08  5.6229820E-05  1.5258316E-05  8.9861352E-03  3.8061215E-04  1.7997240E-06  1.3783207E-09  2.1084332E-03  1.7053625E-04  4.312E-10  9.917E-17  2.441E+11  1.661E+12  5.809E+01  1.794E+06  0.65569267  6.257E-05  6.259E-05  9.257E-01  0.000E+00  0.000E+00  1.074E+00  380    2.9349  9.44E-03 2.3720E+01 4.2482E+01    5.02E+02 0.00E+00 2.37E+02  0.655907  0.023983 5.02E+02 0.00E+00 2.37E+02  0.655693  0.023980  0.0000000E+00  0.0000000E+00  1.0890832E-06  1.1340021E-01  7.0969481E-02  2.2192725E-04 -1.3102046E-01  6.2250174E-02  7.6534400E-03 0.000 0.295 1.000 1.000 1.000 1.000 1.000 1.000 1.000 1.000 1.000 1.000 1.000 1.000 1.000 1.000 1.000 1.000 1.000 1.000 1.000 1.000 1.000 1.000 1.000 1.000 1.000 1.000 1.000 1.000 1.000 1.000 1.000 1.000 1.000 1.000 1.000 1.000 1.000 1.000  8.2918597789E-02   0.61386   1.00000   0.00000   0.00000   0.5452162E-02
  2028  1.857608726873622E+07   9.987848  3.962870  4.389572  0.7038539E+00  0.2820919E+00  3.2466525E-05  1.5910797E-03  8.3292402E-05  2.7740648E-03  5.3354551E-03  6.9570692E-06  9.6649428E-06  2.1084332E-03  1.7053625E-04  0.2909    4.389572  -8.857  0.979380  7.537014  0.4394773E+00  0.5468628E+00  8.0848419E-08  5.6320884E-05  1.5282232E-05  8.9900611E-03  3.7599996E-04  1.7728480E-06  1.3562234E-09  2.1084332E-03  1.7053625E-04  4.291E-10  9.883E-17  2.414E+11  1.639E+12  5.746E+01  1.771E+06  0.65634323  6.238E-05  6.241E-05  9.255E-01  0.000E+00  0.000E+00  1.074E+00  382    2.9148  9.44E-03 2.3658E+01 4.2425E+01    5.01E+02 0.00E+00 2.37E+02  0.656520  0.024074 5.01E+02 0.00E+00 2.37E+02  0.656343  0.024075  0.0000000E+00  0.0000000E+00  1.1025706E-06  1.1369102E-01  7.0937287E-02  2.2116451E-04 -1.3089530E-01  6.2175348E-02  7.6740578E-03 0.000 0.294 1.000 1.000 1.000 1.000 1.000 1.000 1.000 1.000 1.000 1.000 1.000 1.000 1.000 1.000 1.000 1.000 1.000 1.000 1.000 1.000 1.000 1.000 1.000 1.000 1.000 1.000 1.000 1.000 1.000 1.000 1.000 1.000 1.000 1.000 1.000 1.000 1.000 1.000  8.2903253341E-02   0.61039   1.00000   0.00000   0.00000   0.5423644E-02
  2042  1.867019481931083E+07   9.987716  3.964734  4.389386  0.7036224E+00  0.2823237E+00  3.2394585E-05  1.5848503E-03  8.3357431E-05  2.7904653E-03  5.3249638E-03  6.9677932E-06  9.6323732E-06  2.1084332E-03  1.7053625E-04  0.2904    4.389386  -8.852  0.979620  7.537340  0.4369467E+00  0.5493941E+00  7.8821415E-08  5.6411011E-05  1.5305668E-05  8.9939585E-03  3.7142178E-04  1.7462314E-06  1.3352478E-09  2.1084332E-03  1.7053625E-04  4.224E-10  9.755E-17  2.390E+11  1.620E+12  5.689E+01  1.749E+06  0.65709862  6.219E-05  6.221E-05  9.253E-01  0.000E+00  0.000E+00  1.074E+00  384    2.8947  9.44E-03 2.3592E+01 4.2365E+01    5.01E+02 0.00E+00 2.37E+02  0.657209  0.024175 5.01E+02 0.00E+00 2.37E+02  0.657099  0.024175  0.0000000E+00  0.0000000E+00  1.1177344E-06  1.1399366E-01  7.0902508E-02  2.2036684E-04 -1.3076726E-01  6.2099291E-02  7.6945888E-03 0.000 0.292 1.000 1.000 1.000 1.000 1.000 1.000 1.000 1.000 1.000 1.000 1.000 1.000 1.000 1.000 1.000 1.000 1.000 1.000 1.000 1.000 1.000 1.000 1.000 1.000 1.000 1.000 1.000 1.000 1.000 1.000 1.000 1.000 1.000 1.000 1.000 1.000 1.000 1.000  8.2887702041E-02   0.60687   1.00000   0.00000   0.00000   0.5392241E-02
  2056  1.876430236988544E+07   9.987583  3.966536  4.389205  0.7033895E+00  0.2825569E+00  3.2322805E-05  1.5786440E-03  8.3420245E-05  2.8068331E-03  5.3144819E-03  6.9782787E-06  9.5999084E-06  2.1084332E-03  1.7053625E-04  0.2899    4.389205  -8.847  0.979781  7.537666  0.4344313E+00  0.5519100E+00  7.7303475E-08  5.6486603E-05  1.5326505E-05  8.9975051E-03  3.6726509E-04  1.7217754E-06  1.3180595E-09  2.1084332E-03  1.7053625E-04  4.202E-10  9.718E-17  2.372E+11  1.609E+12  5.646E+01  1.738E+06  0.65781026  6.199E-05  6.202E-05  9.251E-01  0.000E+00  0.000E+00  1.074E+00  385    2.8947  9.44E-03 2.3528E+01 4.2307E+01    5.00E+02 0.00E+00 2.37E+02  0.657915  0.024273 5.00E+02 0.00E+00 2.37E+02  0.657810  0.024273  0.0000000E+00  0.0000000E+00  1.1326073E-06  1.1429352E-01  7.0869619E-02  2.1959065E-04 -1.3063900E-01  6.2022796E-02  7.7154716E-03 0.000 0.292 1.000 1.000 1.000 1.000 1.000 1.000 1.000 1.000 1.000 1.000 1.000 1.000 1.000 1.000 1.000 1.000 1.000 1.000 1.000 1.000 1.000 1.000 1.000 1.000 1.000 1.000 1.000 1.000 1.000 1.000 1.000 1.000 1.000 1.000 1.000 1.000 1.000 1.000  8.2871940289E-02   0.60338   1.00000   0.00000   0.00000   0.5362423E-02
  2070  1.885840992046005E+07   9.987449  3.968296  4.389025  0.7031553E+00  0.2827915E+00  3.2251191E-05  1.5724611E-03  8.3480871E-05  2.8231666E-03  5.3040107E-03  6.9885292E-06  9.5675504E-06  2.1084332E-03  1.7053625E-04  0.2891    4.389025  -8.843  0.979896  7.537992  0.4319298E+00  0.5544120E+00  7.5954150E-08  5.6556959E-05  1.5346334E-05  9.0007370E-03  3.6347448E-04  1.6992770E-06  1.3029045E-09  2.1084332E-03  1.7053625E-04  4.189E-10  9.699E-17  2.356E+11  1.601E+12  5.606E+01  1.729E+06  0.65849346  6.180E-05  6.183E-05  9.249E-01  0.000E+00  0.000E+00  1.075E+00  386    2.9048  9.44E-03 2.3466E+01 4.2250E+01    4.99E+02 0.00E+00 2.37E+02  0.658598  0.024368 4.99E+02 0.00E+00 2.37E+02  0.658493  0.024368  0.0000000E+00  0.0000000E+00  1.1472393E-06  1.1459159E-01  7.0837301E-02  2.1882563E-04 -1.3051109E-01  6.1946387E-02  7.7366479E-03 0.000 0.292 1.000 1.000 1.000 1.000 1.000 1.000 1.000 1.000 1.000 1.000 1.000 1.000 1.000 1.000 1.000 1.000 1.000 1.000 1.000 1.000 1.000 1.000 1.000 1.000 1.000 1.000 1.000 1.000 1.000 1.000 1.000 1.000 1.000 1.000 1.000 1.000 1.000 1.000  8.2855969758E-02   0.59990   1.00000   0.00000   0.00000   0.5333573E-02
  2084  1.895251747103465E+07   9.987313  3.970108  4.388836  0.7029196E+00  0.2830275E+00  3.2179747E-05  1.5663024E-03  8.3539321E-05  2.8394636E-03  5.2935518E-03  6.9985464E-06  9.5353029E-06  2.1084332E-03  1.7053625E-04  0.2884    4.388836  -8.838  0.980067  7.538305  0.4294016E+00  0.5569407E+00  7.4485833E-08  5.6631062E-05  1.5366994E-05  9.0039702E-03  3.5967612E-04  1.6768637E-06  1.2868899E-09  2.1084332E-03  1.7053625E-04  4.114E-10  9.553E-17  2.337E+11  1.590E+12  5.561E+01  1.717E+06  0.65919173  6.161E-05  6.163E-05  9.247E-01  0.000E+00  0.000E+00  1.075E+00  386    2.9048  9.44E-03 2.3402E+01 4.2192E+01    4.99E+02 0.00E+00 2.37E+02  0.659301  0.024467 4.98E+02 0.00E+00 2.37E+02  0.659192  0.024467  0.0000000E+00  0.0000000E+00  1.1625827E-06  1.1490125E-01  7.0803896E-02  2.1803607E-04 -1.3037956E-01  6.1868144E-02  7.7577206E-03 0.000 0.292 1.000 1.000 1.000 1.000 1.000 1.000 1.000 1.000 1.000 1.000 1.000 1.000 1.000 1.000 1.000 1.000 1.000 1.000 1.000 1.000 1.000 1.000 1.000 1.000 1.000 1.000 1.000 1.000 1.000 1.000 1.000 1.000 1.000 1.000 1.000 1.000 1.000 1.000  8.2839791285E-02   0.59639   1.00000   0.00000   0.00000   0.5304146E-02
  2098  1.904662502160926E+07   9.987175  3.971982  4.388638  0.7026826E+00  0.2832649E+00  3.2108458E-05  1.5601665E-03  8.3595625E-05  2.8557266E-03  5.2831039E-03  7.0083352E-06  9.5031598E-06  2.1084332E-03  1.7053625E-04  0.2878    4.388638  -8.834  0.980322  7.538649  0.4268084E+00  0.5595344E+00  7.2740970E-08  5.6716220E-05  1.5389648E-05  9.0074716E-03  3.5555572E-04  1.6528796E-06  1.2690851E-09  2.1084332E-03  1.7053625E-04  4.110E-10  9.555E-17  2.315E+11  1.574E+12  5.510E+01  1.700E+06  0.66010302  6.143E-05  6.143E-05  9.245E-01  0.000E+00  0.000E+00  1.075E+00  388    2.8914  9.44E-03 2.3334E+01 4.2130E+01    4.98E+02 0.00E+00 2.37E+02  0.660080  0.024570 4.98E+02 0.00E+00 2.37E+02  0.660103  0.024570  0.0000000E+00  0.0000000E+00  1.1787061E-06  1.1521543E-01  7.0768719E-02  2.1723143E-04 -1.3024874E-01  6.1790092E-02  7.7789297E-03 0.000 0.291 1.000 1.000 1.000 1.000 1.000 1.000 1.000 1.000 1.000 1.000 1.000 1.000 1.000 1.000 1.000 1.000 1.000 1.000 1.000 1.000 1.000 1.000 1.000 1.000 1.000 1.000 1.000 1.000 1.000 1.000 1.000 1.000 1.000 1.000 1.000 1.000 1.000 1.000  8.2823388549E-02   0.59279   1.00000   0.00000   0.00000   0.5272804E-02
  2111  1.913401060428568E+07   9.987047  3.973794  4.388422  0.7024613E+00  0.2834866E+00  3.2042407E-05  1.5544901E-03  8.3646002E-05  2.8707954E-03  5.2734138E-03  7.0172224E-06  9.4734096E-06  2.1084332E-03  1.7053625E-04  0.2875    4.388422  -8.829  0.980632  7.538967  0.4244077E+00  0.5619356E+00  7.1562402E-08  5.6780819E-05  1.5407529E-05  9.0104760E-03  3.5203350E-04  1.6321664E-06  1.2551731E-09  2.1084332E-03  1.7053625E-04  4.045E-10  9.434E-17  2.303E+11  1.569E+12  5.482E+01  1.694E+06  0.66089123  6.123E-05  6.124E-05  9.243E-01  0.000E+00  0.000E+00  1.075E+00  388    2.8914  9.44E-03 2.3269E+01 4.2070E+01    4.97E+02 0.00E+00 2.37E+02  0.660875  0.024667 4.97E+02 0.00E+00 2.37E+02  0.660891  0.024670  0.0000000E+00  0.0000000E+00  1.1942739E-06  1.1551331E-01  7.0733998E-02  2.1646433E-04 -1.3012605E-01  6.1716969E-02  7.7986377E-03 0.000 0.291 1.000 1.000 1.000 1.000 1.000 1.000 1.000 1.000 1.000 1.000 1.000 1.000 1.000 1.000 1.000 1.000 1.000 1.000 1.000 1.000 1.000 1.000 1.000 1.000 1.000 1.000 1.000 1.000 1.000 1.000 1.000 1.000 1.000 1.000 1.000 1.000 1.000 1.000  8.2807954650E-02   0.58941   1.00000   0.00000   0.00000   0.5240799E-02
  2125  1.922811815486029E+07   9.986906  3.975604  4.388188  0.7022216E+00  0.2837266E+00  3.1971430E-05  1.5483999E-03  8.3698216E-05  2.8869877E-03  5.2629910E-03  7.0265776E-06  9.4414754E-06  2.1084332E-03  1.7053625E-04  0.2866    4.388188  -8.825  0.980808  7.539313  0.4217545E+00  0.5645893E+00  6.9559787E-08  5.6876895E-05  1.5432804E-05  9.0139576E-03  3.4791782E-04  1.6082609E-06  1.2370201E-09  2.1084332E-03  1.7053625E-04  4.023E-10  9.398E-17  2.274E+11  1.545E+12  5.413E+01  1.668E+06  0.66161936  6.102E-05  6.104E-05  9.241E-01  0.000E+00  0.000E+00  1.076E+00  390    2.8713  9.44E-03 2.3202E+01 4.2009E+01    4.96E+02 0.00E+00 2.37E+02  0.661862  0.024770 4.96E+02 0.00E+00 2.37E+02  0.661619  0.024769  0.0000000E+00  0.0000000E+00  1.2112678E-06  1.1583753E-01  7.0698662E-02  2.1564899E-04 -1.2999090E-01  6.1636453E-02  7.8202733E-03 0.000 0.290 1.000 1.000 1.000 1.000 1.000 1.000 1.000 1.000 1.000 1.000 1.000 1.000 1.000 1.000 1.000 1.000 1.000 1.000 1.000 1.000 1.000 1.000 1.000 1.000 1.000 1.000 1.000 1.000 1.000 1.000 1.000 1.000 1.000 1.000 1.000 1.000 1.000 1.000  8.2791104046E-02   0.58577   1.00000   0.00000   0.00000   0.5209568E-02
  2138  1.931550373753671E+07   9.986775  3.977403  4.387970  0.7019979E+00  0.2839507E+00  3.1905670E-05  1.5427664E-03  8.3744820E-05  2.9019887E-03  5.2533259E-03  7.0350662E-06  9.4119219E-06  2.1084332E-03  1.7053625E-04  0.2861    4.387970  -8.820  0.981114  7.539643  0.4192471E+00  0.5670972E+00  6.7754836E-08  5.6965697E-05  1.5455760E-05  9.0172806E-03  3.4399483E-04  1.5856329E-06  1.2204642E-09  2.1084332E-03  1.7053625E-04  3.976E-10  9.300E-17  2.251E+11  1.524E+12  5.357E+01  1.646E+06  0.66255632  6.084E-05  6.085E-05  9.238E-01  0.000E+00  0.000E+00  1.076E+00  392    2.8511  9.44E-03 2.3135E+01 4.1948E+01    4.96E+02 0.00E+00 2.37E+02  0.662598  0.024869 4.96E+02 0.00E+00 2.37E+02  0.662556  0.024869  0.0000000E+00  0.0000000E+00  1.2272612E-06  1.1614918E-01  7.0662670E-02  2.1485711E-04 -1.2986359E-01  6.1560825E-02  7.8402625E-03 0.000 0.288 1.000 1.000 1.000 1.000 1.000 1.000 1.000 1.000 1.000 1.000 1.000 1.000 1.000 1.000 1.000 1.000 1.000 1.000 1.000 1.000 1.000 1.000 1.000 1.000 1.000 1.000 1.000 1.000 1.000 1.000 1.000 1.000 1.000 1.000 1.000 1.000 1.000 1.000  8.2775246462E-02   0.58229   1.00000   0.00000   0.00000   0.5179292E-02
  2152  1.940961128811132E+07   9.986632  3.979258  4.387726  0.7017557E+00  0.2841933E+00  3.1835006E-05  1.5367223E-03  8.3793022E-05  2.9181068E-03  5.2429315E-03  7.0439993E-06  9.3802000E-06  2.1084332E-03  1.7053625E-04  0.2853    4.387726  -8.816  0.981334  7.539993  0.4165678E+00  0.5697770E+00  6.6360685E-08  5.7043171E-05  1.5477199E-05  9.0204994E-03  3.4020724E-04  1.5635448E-06  1.2050997E-09  2.1084332E-03  1.7053625E-04  3.946E-10  9.255E-17  2.233E+11  1.514E+12  5.314E+01  1.635E+06  0.66325463  6.062E-05  6.065E-05  9.236E-01  0.000E+00  0.000E+00  1.076E+00  393    2.8511  9.43E-03 2.3067E+01 4.1887E+01    4.95E+02 0.00E+00 2.37E+02  0.663475  0.024973 4.95E+02 0.00E+00 2.37E+02  0.663255  0.024973  0.0000000E+00  0.0000000E+00  1.2444651E-06  1.1648315E-01  7.0627087E-02  2.1403167E-04 -1.2972548E-01  6.1478699E-02  7.8622210E-03 0.000 0.288 1.000 1.000 1.000 1.000 1.000 1.000 1.000 1.000 1.000 1.000 1.000 1.000 1.000 1.000 1.000 1.000 1.000 1.000 1.000 1.000 1.000 1.000 1.000 1.000 1.000 1.000 1.000 1.000 1.000 1.000 1.000 1.000 1.000 1.000 1.000 1.000 1.000 1.000  8.2757937421E-02   0.57857   1.00000   0.00000   0.00000   0.5147205E-02
  2166  1.950371883868593E+07   9.986487  3.981083  4.387490  0.7015122E+00  0.2844371E+00  3.1764506E-05  1.5307024E-03  8.3839199E-05  2.9341849E-03  5.2325531E-03  7.0527208E-06  9.3485891E-06  2.1084332E-03  1.7053625E-04  0.2846    4.387490  -8.811  0.981506  7.540341  0.4139046E+00  0.5724406E+00  6.5096299E-08  5.7116219E-05  1.5497944E-05  9.0234096E-03  3.3677745E-04  1.5432027E-06  1.1913316E-09  2.1084332E-03  1.7053625E-04  3.918E-10  9.203E-17  2.215E+11  1.505E+12  5.272E+01  1.625E+06  0.66401105  6.041E-05  6.044E-05  9.234E-01  0.000E+00  0.000E+00  1.076E+00  393    2.8612  9.43E-03 2.3000E+01 4.1824E+01    4.94E+02 0.00E+00 2.37E+02  0.664208  0.025074 4.94E+02 0.00E+00 2.37E+02  0.664011  0.025075  0.0000000E+00  0.0000000E+00  1.2610248E-06  1.1681707E-01  7.0588703E-02  2.1307773E-04 -1.2958694E-01  6.1396360E-02  7.8844445E-03 0.000 0.288 1.000 1.000 1.000 1.000 1.000 1.000 1.000 1.000 1.000 1.000 1.000 1.000 1.000 1.000 1.000 1.000 1.000 1.000 1.000 1.000 1.000 1.000 1.000 1.000 1.000 1.000 1.000 1.000 1.000 1.000 1.000 1.000 1.000 1.000 1.000 1.000 1.000 1.000  8.2740392002E-02   0.57487   1.00000   0.00000   0.00000   0.5117000E-02
  2181  1.959782638926053E+07   9.986341  3.982957  4.387224  0.7012674E+00  0.2846823E+00  3.1694179E-05  1.5247075E-03  8.3883349E-05  2.9502201E-03  5.2221929E-03  7.0612307E-06  9.3170945E-06  2.1084332E-03  1.7053625E-04  0.2839    4.387224  -8.807  0.981646  7.540695  0.4112101E+00  0.5751357E+00  6.2208205E-08  5.7365238E-05  1.5570858E-05  9.0261062E-03  3.3330747E-04  1.5074834E-06  1.1745655E-09  2.1084332E-03  1.7053625E-04  3.854E-10  9.078E-17  2.157E+11  1.457E+12  5.134E+01  1.574E+06  0.66500947  6.021E-05  6.022E-05  9.231E-01  0.000E+00  0.000E+00  1.077E+00  393    2.8612  9.43E-03 2.2928E+01 4.1758E+01    4.93E+02 0.00E+00 2.37E+02  0.664987  0.025180 4.93E+02 0.00E+00 2.37E+02  0.665009  0.025180  0.0000000E+00  0.0000000E+00  1.1506379E-06  1.1716988E-01  7.0547670E-02  2.1219527E-04 -1.2944121E-01  6.1310434E-02  7.9063766E-03 0.000 0.288 1.000 1.000 1.000 1.000 1.000 1.000 1.000 1.000 1.000 1.000 1.000 1.000 1.000 1.000 1.000 1.000 1.000 1.000 1.000 1.000 1.000 1.000 1.000 1.000 1.000 1.000 1.000 1.000 1.000 1.000 1.000 1.000 1.000 1.000 1.000 1.000 1.000 1.000  8.2722606833E-02   0.57113   1.00000   0.00000   0.00000   0.5084887E-02
  2194  1.968433811611022E+07   9.986205  3.984739  4.386983  0.7010413E+00  0.2849087E+00  3.1629667E-05  1.5192175E-03  8.3922171E-05  2.9649259E-03  5.2126834E-03  7.0688715E-06  9.2882385E-06  2.1084332E-03  1.7053625E-04  0.2833    4.386983  -8.802  0.982026  7.541032  0.4086638E+00  0.5776824E+00  6.2079393E-08  5.7292637E-05  1.5546332E-05  9.0292868E-03  3.2980608E-04  1.5005004E-06  1.1624544E-09  2.1084332E-03  1.7053625E-04  3.838E-10  9.055E-17  2.172E+11  1.474E+12  5.168E+01  1.592E+06  0.66572391  6.000E-05  6.003E-05  9.229E-01  0.000E+00  0.000E+00  1.077E+00  395    2.8478  9.43E-03 2.2862E+01 4.1698E+01    4.93E+02 0.00E+00 2.37E+02  0.665972  0.025280 4.92E+02 0.00E+00 2.37E+02  0.665724  0.025280  0.0000000E+00  0.0000000E+00  1.2830357E-06  1.1748497E-01  7.0513484E-02  2.1142694E-04 -1.2931576E-01  6.1235289E-02  7.9271295E-03 0.000 0.287 1.000 1.000 1.000 1.000 1.000 1.000 1.000 1.000 1.000 1.000 1.000 1.000 1.000 1.000 1.000 1.000 1.000 1.000 1.000 1.000 1.000 1.000 1.000 1.000 1.000 1.000 1.000 1.000 1.000 1.000 1.000 1.000 1.000 1.000 1.000 1.000 1.000 1.000  8.2706026116E-02   0.56759   1.00000   0.00000   0.00000   0.5053779E-02
  2208  1.977284626742566E+07   9.986065  3.986601  4.386713  0.7008089E+00  0.2851416E+00  3.1563806E-05  1.5136218E-03  8.3960159E-05  2.9799348E-03  5.2029699E-03  7.0765107E-06  9.2588139E-06  2.1084332E-03  1.7053625E-04  0.2831    4.386713  -8.798  0.982342  7.541381  0.4060501E+00  0.5802965E+00  5.8312711E-08  5.7577280E-05  1.5625788E-05  9.0318989E-03  3.2637504E-04  1.4670859E-06  1.1444822E-09  2.1084332E-03  1.7053625E-04  3.703E-10  8.749E-17  2.094E+11  1.403E+12  4.983E+01  1.515E+06  0.66663014  5.980E-05  5.983E-05  9.227E-01  0.000E+00  0.000E+00  1.077E+00  396    2.8073  9.43E-03 2.2791E+01 4.1633E+01    4.92E+02 0.00E+00 2.37E+02  0.666858  0.025386 4.92E+02 0.00E+00 2.37E+02  0.666630  0.025386  0.0000000E+00  0.0000000E+00  1.1708850E-06  1.1783551E-01  7.0475602E-02  2.1057743E-04 -1.2917581E-01  6.1152937E-02  7.9475817E-03 0.000 0.285 1.000 1.000 1.000 1.000 1.000 1.000 1.000 1.000 1.000 1.000 1.000 1.000 1.000 1.000 1.000 1.000 1.000 1.000 1.000 1.000 1.000 1.000 1.000 1.000 1.000 1.000 1.000 1.000 1.000 1.000 1.000 1.000 1.000 1.000 1.000 1.000 1.000 1.000  8.2688836333E-02   0.56400   1.00000   0.00000   0.00000   0.5021679E-02
  2223  1.986268536838495E+07   9.985921  3.988440  4.386468  0.7005718E+00  0.2853790E+00  3.1497108E-05  1.5079649E-03  8.3996915E-05  2.9951292E-03  5.1931281E-03  7.0840798E-06  9.2290529E-06  2.1084332E-03  1.7053625E-04  0.2819    4.386468  -8.793  0.982550  7.541744  0.4033599E+00  0.5829872E+00  5.7613851E-08  5.7637738E-05  1.5644065E-05  9.0349137E-03  3.2284714E-04  1.4450691E-06  1.1317393E-09  2.1084332E-03  1.7053625E-04  3.637E-10  8.617E-17  2.093E+11  1.408E+12  4.982E+01  1.521E+06  0.66739084  5.959E-05  5.961E-05  9.225E-01  0.000E+00  0.000E+00  1.077E+00  398    2.8275  9.43E-03 2.2720E+01 4.1568E+01    4.91E+02 0.00E+00 2.37E+02  0.667557  0.025489 4.91E+02 0.00E+00 2.37E+02  0.667391  0.025490  0.0000000E+00  0.0000000E+00  1.1863673E-06  1.1817950E-01  7.0436831E-02  2.0973960E-04 -1.2903723E-01  6.1070684E-02  7.9694859E-03 0.000 0.283 1.000 1.000 1.000 1.000 1.000 1.000 1.000 1.000 1.000 1.000 1.000 1.000 1.000 1.000 1.000 1.000 1.000 1.000 1.000 1.000 1.000 1.000 1.000 1.000 1.000 1.000 1.000 1.000 1.000 1.000 1.000 1.000 1.000 1.000 1.000 1.000 1.000 1.000  8.2671150770E-02   0.56020   1.00000   0.00000   0.00000   0.4991739E-02
  2238  1.995252446934423E+07   9.985776  3.990320  4.386204  0.7003336E+00  0.2856176E+00  3.1430549E-05  1.5023294E-03  8.4031909E-05  3.0102861E-03  5.1833026E-03  7.0914700E-06  9.1993913E-06  2.1084332E-03  1.7053625E-04  0.2814    4.386204  -8.789  0.982914  7.542108  0.4006196E+00  0.5857280E+00  5.6150427E-08  5.7724800E-05  1.5666961E-05  9.0380054E-03  3.1918897E-04  1.4243516E-06  1.1170914E-09  2.1084332E-03  1.7053625E-04  3.618E-10  8.583E-17  2.071E+11  1.389E+12  4.930E+01  1.500E+06  0.66839120  5.939E-05  5.940E-05  9.222E-01  0.000E+00  0.000E+00  1.078E+00  400    2.8073  9.43E-03 2.2648E+01 4.1502E+01    4.90E+02 0.00E+00 2.37E+02  0.668369  0.025598 4.90E+02 0.00E+00 2.37E+02  0.668391  0.025598  0.0000000E+00  0.0000000E+00  1.2030010E-06  1.1853424E-01  7.0395842E-02  2.0887462E-04 -1.2889616E-01  6.0987125E-02  7.9912877E-03 0.000 0.283 1.000 1.000 1.000 1.000 1.000 1.000 1.000 1.000 1.000 1.000 1.000 1.000 1.000 1.000 1.000 1.000 1.000 1.000 1.000 1.000 1.000 1.000 1.000 1.000 1.000 1.000 1.000 1.000 1.000 1.000 1.000 1.000 1.000 1.000 1.000 1.000 1.000 1.000  8.2653218167E-02   0.55642   1.00000   0.00000   0.00000   0.4960225E-02
  2253  2.004236357030351E+07   9.985629  3.992150  4.385952  0.7000942E+00  0.2858573E+00  3.1364140E-05  1.4967165E-03  8.4065153E-05  3.0254025E-03  5.1734955E-03  7.0986829E-06  9.1698341E-06  2.1084332E-03  1.7053625E-04  0.2806    4.385952  -8.784  0.983183  7.542455  0.3978958E+00  0.5884522E+00  5.4802705E-08  5.7808508E-05  1.5689688E-05  9.0407788E-03  3.1589762E-04  1.4054477E-06  1.1041874E-09  2.1084332E-03  1.7053625E-04  3.585E-10  8.524E-17  2.050E+11  1.374E+12  4.879E+01  1.484E+06  0.66901337  5.917E-05  5.919E-05  9.220E-01  0.000E+00  0.000E+00  1.078E+00  402    2.8073  9.43E-03 2.2579E+01 4.1439E+01    4.89E+02 0.00E+00 2.37E+02  0.669206  0.025702 4.89E+02 0.00E+00 2.37E+02  0.669013  0.025703  0.0000000E+00  0.0000000E+00  1.2193139E-06  1.1889275E-01  7.0360068E-02  2.0803945E-04 -1.2875263E-01  6.0902296E-02  8.0132998E-03 0.000 0.282 1.000 1.000 1.000 1.000 1.000 1.000 1.000 1.000 1.000 1.000 1.000 1.000 1.000 1.000 1.000 1.000 1.000 1.000 1.000 1.000 1.000 1.000 1.000 1.000 1.000 1.000 1.000 1.000 1.000 1.000 1.000 1.000 1.000 1.000 1.000 1.000 1.000 1.000  8.2635041316E-02   0.55264   1.00000   0.00000   0.00000   0.4930653E-02
  2268  2.013220267126279E+07   9.985481  3.993945  4.385708  0.6998538E+00  0.2860980E+00  3.1297881E-05  1.4911262E-03  8.4096664E-05  3.0404778E-03  5.1637075E-03  7.1057214E-06  9.1403820E-06  2.1084332E-03  1.7053625E-04  0.2799    4.385708  -8.780  0.983408  7.542812  0.3951987E+00  0.5911497E+00  5.3858424E-08  5.7875929E-05  1.5709480E-05  9.0432355E-03  3.1299162E-04  1.3884002E-06  1.0929814E-09  2.1084332E-03  1.7053625E-04  3.566E-10  8.491E-17  2.036E+11  1.369E+12  4.846E+01  1.479E+06  0.66975293  5.896E-05  5.899E-05  9.218E-01  0.000E+00  0.000E+00  1.078E+00  401    2.8174  9.43E-03 2.2511E+01 4.1378E+01    4.89E+02 0.00E+00 2.37E+02  0.669967  0.025806 4.89E+02 0.00E+00 2.37E+02  0.669753  0.025806  0.0000000E+00  0.0000000E+00  1.2355705E-06  1.1924855E-01  7.0325856E-02  2.0722329E-04 -1.2861038E-01  6.0818017E-02  8.0355894E-03 0.000 0.283 1.000 1.000 1.000 1.000 1.000 1.000 1.000 1.000 1.000 1.000 1.000 1.000 1.000 1.000 1.000 1.000 1.000 1.000 1.000 1.000 1.000 1.000 1.000 1.000 1.000 1.000 1.000 1.000 1.000 1.000 1.000 1.000 1.000 1.000 1.000 1.000 1.000 1.000  8.2616626019E-02   0.54889   1.00000   0.00000   0.00000   0.4901894E-02
  2282  2.021605249882479E+07   9.985341  3.995807  4.385480  0.6996285E+00  0.2863237E+00  3.1236167E-05  1.4859283E-03  8.4124529E-05  3.0545122E-03  5.1545886E-03  7.1121364E-06  9.1129850E-06  2.1084332E-03  1.7053625E-04  0.2794    4.385480  -8.776  0.983843  7.543166  0.3926001E+00  0.5937487E+00  5.2319587E-08  5.7969877E-05  1.5734677E-05  9.0458314E-03  3.0988563E-04  1.3703776E-06  1.0798092E-09  2.1084332E-03  1.7053625E-04  3.514E-10  8.390E-17  2.012E+11  1.348E+12  4.788E+01  1.456E+06  0.67043734  5.875E-05  5.878E-05  9.216E-01  0.000E+00  0.000E+00  1.078E+00  402    2.7903  9.43E-03 2.2439E+01 4.1314E+01    4.88E+02 0.00E+00 2.37E+02  0.670695  0.025912 4.88E+02 0.00E+00 2.37E+02  0.670437  0.025913  0.0000000E+00  0.0000000E+00  1.2521288E-06  1.1959816E-01  7.0289956E-02  2.0641255E-04 -1.2847623E-01  6.0738625E-02  8.0560739E-03 0.000 0.282 1.000 1.000 1.000 1.000 1.000 1.000 1.000 1.000 1.000 1.000 1.000 1.000 1.000 1.000 1.000 1.000 1.000 1.000 1.000 1.000 1.000 1.000 1.000 1.000 1.000 1.000 1.000 1.000 1.000 1.000 1.000 1.000 1.000 1.000 1.000 1.000 1.000 1.000  8.2599209859E-02   0.54525   1.00000   0.00000   0.00000   0.4872992E-02
  2297  2.030589159978407E+07   9.985189  3.997666  4.385236  0.6993860E+00  0.2865666E+00  3.1170177E-05  1.4803801E-03  8.4152746E-05  3.0695110E-03  5.1448360E-03  7.1188477E-06  9.0837276E-06  2.1084332E-03  1.7053625E-04  0.2784    4.385236  -8.771  0.984096  7.543541  0.3898204E+00  0.5965288E+00  5.1212796E-08  5.8044426E-05  1.5754035E-05  9.0484165E-03  3.0682474E-04  1.3527580E-06  1.0689015E-09  2.1084332E-03  1.7053625E-04  3.504E-10  8.381E-17  2.001E+11  1.345E+12  4.763E+01  1.453E+06  0.67119422  5.854E-05  5.857E-05  9.214E-01  0.000E+00  0.000E+00  1.079E+00  403    2.8039  9.43E-03 2.2367E+01 4.1247E+01    4.87E+02 0.00E+00 2.37E+02  0.671375  0.026021 4.87E+02 0.00E+00 2.37E+02  0.671194  0.026021  0.0000000E+00  0.0000000E+00  1.2691498E-06  1.1997150E-01  7.0250138E-02  2.0554347E-04 -1.2833019E-01  6.0652355E-02  8.0785414E-03 0.000 0.281 1.000 1.000 1.000 1.000 1.000 1.000 1.000 1.000 1.000 1.000 1.000 1.000 1.000 1.000 1.000 1.000 1.000 1.000 1.000 1.000 1.000 1.000 1.000 1.000 1.000 1.000 1.000 1.000 1.000 1.000 1.000 1.000 1.000 1.000 1.000 1.000 1.000 1.000  8.2580296053E-02   0.54138   1.00000   0.00000   0.00000   0.4844757E-02
  2312  2.039573070074335E+07   9.985036  3.999545  4.384969  0.6991423E+00  0.2868106E+00  3.1104323E-05  1.4748533E-03  8.4179286E-05  3.0844704E-03  5.1351018E-03  7.1253941E-06  9.0545697E-06  2.1084332E-03  1.7053625E-04  0.2779    4.384969  -8.766  0.984486  7.543920  0.3869717E+00  0.5993779E+00  4.9897545E-08  5.8133077E-05  1.5778572E-05  9.0512174E-03  3.0349308E-04  1.3337197E-06  1.0557553E-09  2.1084332E-03  1.7053625E-04  3.407E-10  8.172E-17  1.976E+11  1.324E+12  4.702E+01  1.429E+06  0.67198131  5.833E-05  5.835E-05  9.212E-01  0.000E+00  0.000E+00  1.079E+00  405    2.7835  9.43E-03 2.2295E+01 4.1183E+01    4.86E+02 0.00E+00 2.37E+02  0.672227  0.026131 4.86E+02 0.00E+00 2.37E+02  0.671981  0.026131  0.0000000E+00  0.0000000E+00  1.2869305E-06  1.2035222E-01  7.0213172E-02  2.0468411E-04 -1.2818133E-01  6.0564372E-02  8.1013115E-03 0.000 0.281 1.000 1.000 1.000 1.000 1.000 1.000 1.000 1.000 1.000 1.000 1.000 1.000 1.000 1.000 1.000 1.000 1.000 1.000 1.000 1.000 1.000 1.000 1.000 1.000 1.000 1.000 1.000 1.000 1.000 1.000 1.000 1.000 1.000 1.000 1.000 1.000 1.000 1.000  8.2561115171E-02   0.53746   1.00000   0.00000   0.00000   0.4814443E-02
  2326  2.047958052830535E+07   9.984892  4.001369  4.384711  0.6989140E+00  0.2870393E+00  3.1042988E-05  1.4697150E-03  8.4202554E-05  3.0983949E-03  5.1260348E-03  7.1313573E-06  9.0274487E-06  2.1084332E-03  1.7053625E-04  0.2773    4.384711  -8.762  0.984901  7.544286  0.3842694E+00  0.6020806E+00  4.8376439E-08  5.8231159E-05  1.5804068E-05  9.0538633E-03  3.0032413E-04  1.3156151E-06  1.0433144E-09  2.1084332E-03  1.7053625E-04  3.386E-10  8.135E-17  1.951E+11  1.301E+12  4.643E+01  1.405E+06  0.67274303  5.812E-05  5.815E-05  9.209E-01  0.000E+00  0.000E+00  1.079E+00  409    2.7631  9.43E-03 2.2224E+01 4.1119E+01    4.86E+02 0.00E+00 2.37E+02  0.672979  0.026238 4.86E+02 0.00E+00 2.36E+02  0.672743  0.026238  0.0000000E+00  0.0000000E+00  1.3041463E-06  1.2072014E-01  7.0177779E-02  2.0386067E-04 -1.2804057E-01  6.0481381E-02  8.1223738E-03 0.000 0.278 1.000 1.000 1.000 1.000 1.000 1.000 1.000 1.000 1.000 1.000 1.000 1.000 1.000 1.000 1.000 1.000 1.000 1.000 1.000 1.000 1.000 1.000 1.000 1.000 1.000 1.000 1.000 1.000 1.000 1.000 1.000 1.000 1.000 1.000 1.000 1.000 1.000 1.000  8.2542971900E-02   0.53371   1.00000   0.00000   0.00000   0.4785660E-02
  2341  2.056941962926463E+07   9.984735  4.003265  4.384440  0.6986684E+00  0.2872853E+00  3.0977409E-05  1.4642311E-03  8.4225890E-05  3.1132734E-03  5.1163400E-03  7.1375917E-06  8.9984901E-06  2.1084332E-03  1.7053625E-04  0.2764    4.384440  -8.757  0.985250  7.544677  0.3813729E+00  0.6049776E+00  4.7277135E-08  5.8311176E-05  1.5826075E-05  9.0565233E-03  2.9716721E-04  1.2977482E-06  1.0314092E-09  2.1084332E-03  1.7053625E-04  3.345E-10  8.060E-17  1.934E+11  1.291E+12  4.604E+01  1.394E+06  0.67347524  5.790E-05  5.792E-05  9.207E-01  0.000E+00  0.000E+00  1.079E+00  410    2.7631  9.43E-03 2.2149E+01 4.1050E+01    4.85E+02 0.00E+00 2.36E+02  0.673600  0.026349 4.85E+02 0.00E+00 2.36E+02  0.673475  0.026349  0.0000000E+00  0.0000000E+00  1.3217957E-06  1.2111420E-01  7.0136166E-02  2.0296304E-04 -1.2788839E-01  6.0391633E-02  8.1454748E-03 0.000 0.278 1.000 1.000 1.000 1.000 1.000 1.000 1.000 1.000 1.000 1.000 1.000 1.000 1.000 1.000 1.000 1.000 1.000 1.000 1.000 1.000 1.000 1.000 1.000 1.000 1.000 1.000 1.000 1.000 1.000 1.000 1.000 1.000 1.000 1.000 1.000 1.000 1.000 1.000  8.2523268624E-02   0.52969   1.00000   0.00000   0.00000   0.4756650E-02
  2355  2.065326945682663E+07   9.984588  4.005041  4.384171  0.6984382E+00  0.2875158E+00  3.0916335E-05  1.4591331E-03  8.4246197E-05  3.1271207E-03  5.1073110E-03  7.1432681E-06  8.9715571E-06  2.1084332E-03  1.7053625E-04  0.2756    4.384171  -8.753  0.985583  7.545042  0.3786693E+00  0.6076816E+00  4.6238436E-08  5.8388230E-05  1.5847558E-05  9.0588272E-03  2.9441988E-04  1.2819364E-06  1.0208896E-09  2.1084332E-03  1.7053625E-04  3.326E-10  8.024E-17  1.917E+11  1.280E+12  4.563E+01  1.382E+06  0.67423864  5.769E-05  5.772E-05  9.205E-01  0.000E+00  0.000E+00  1.080E+00  410    2.7631  9.43E-03 2.2080E+01 4.0988E+01    4.84E+02 0.00E+00 2.36E+02  0.674490  0.026454 4.84E+02 0.00E+00 2.36E+02  0.674239  0.026454  0.0000000E+00  0.0000000E+00  1.3394419E-06  1.2148713E-01  7.0100733E-02  2.0214178E-04 -1.2774538E-01  6.0307252E-02  8.1671314E-03 0.000 0.278 1.000 1.000 1.000 1.000 1.000 1.000 1.000 1.000 1.000 1.000 1.000 1.000 1.000 1.000 1.000 1.000 1.000 1.000 1.000 1.000 1.000 1.000 1.000 1.000 1.000 1.000 1.000 1.000 1.000 1.000 1.000 1.000 1.000 1.000 1.000 1.000 1.000 1.000  8.2504631963E-02   0.52593   1.00000   0.00000   0.00000   0.4728257E-02
  2369  2.073711928438863E+07   9.984439  4.006827  4.383914  0.6982071E+00  0.2877472E+00  3.0855387E-05  1.4540548E-03  8.4265093E-05  3.1409299E-03  5.0983013E-03  7.1488096E-06  8.9447155E-06  2.1084332E-03  1.7053625E-04  0.2750    4.383914  -8.749  0.985917  7.545412  0.3759536E+00  0.6103976E+00  4.5221375E-08  5.8465290E-05  1.5869077E-05  9.0610422E-03  2.9177359E-04  1.2665822E-06  1.0107445E-09  2.1084332E-03  1.7053625E-04  3.306E-10  7.989E-17  1.900E+11  1.269E+12  4.522E+01  1.371E+06  0.67506985  5.749E-05  5.751E-05  9.203E-01  0.000E+00  0.000E+00  1.080E+00  412    2.7631  9.43E-03 2.2009E+01 4.0923E+01    4.83E+02 0.00E+00 2.36E+02  0.675127  0.026559 4.83E+02 0.00E+00 2.36E+02  0.675070  0.026560  0.0000000E+00  0.0000000E+00  1.3565739E-06  1.2186362E-01  7.0062173E-02  2.0130182E-04 -1.2760174E-01  6.0222496E-02  8.1890240E-03 0.000 0.278 1.000 1.000 1.000 1.000 1.000 1.000 1.000 1.000 1.000 1.000 1.000 1.000 1.000 1.000 1.000 1.000 1.000 1.000 1.000 1.000 1.000 1.000 1.000 1.000 1.000 1.000 1.000 1.000 1.000 1.000 1.000 1.000 1.000 1.000 1.000 1.000 1.000 1.000  8.2485753012E-02   0.52216   1.00000   0.00000   0.00000   0.4701246E-02
  2382  2.081497983855334E+07   9.984300  4.008563  4.383625  0.6979918E+00  0.2879629E+00  3.0798908E-05  1.4493568E-03  8.4281388E-05  3.1537182E-03  5.0899526E-03  7.1538363E-06  8.9198736E-06  2.1084332E-03  1.7053625E-04  0.2742    4.383625  -8.745  0.986282  7.545764  0.3734007E+00  0.6129509E+00  4.4090434E-08  5.8548235E-05  1.5891595E-05  9.0631110E-03  2.8928455E-04  1.2520788E-06  1.0012985E-09  2.1084332E-03  1.7053625E-04  3.208E-10  7.778E-17  1.884E+11  1.259E+12  4.483E+01  1.360E+06  0.67574387  5.728E-05  5.731E-05  9.201E-01  0.000E+00  0.000E+00  1.080E+00  413    2.7631  9.43E-03 2.1939E+01 4.0860E+01    4.83E+02 0.00E+00 2.36E+02  0.675872  0.026661 4.82E+02 0.00E+00 2.36E+02  0.675744  0.026663  0.0000000E+00  0.0000000E+00  1.3737022E-06  1.2222742E-01  7.0025819E-02  2.0050031E-04 -1.2746656E-01  6.0142875E-02  8.2090338E-03 0.000 0.277 1.000 1.000 1.000 1.000 1.000 1.000 1.000 1.000 1.000 1.000 1.000 1.000 1.000 1.000 1.000 1.000 1.000 1.000 1.000 1.000 1.000 1.000 1.000 1.000 1.000 1.000 1.000 1.000 1.000 1.000 1.000 1.000 1.000 1.000 1.000 1.000 1.000 1.000  8.2467997425E-02   0.51858   1.00000   0.00000   0.00000   0.4672791E-02
  2395  2.089284039271805E+07   9.984159  4.010251  4.383338  0.6977757E+00  0.2881793E+00  3.0742529E-05  1.4446751E-03  8.4296491E-05  3.1664748E-03  5.0816199E-03  7.1587511E-06  8.8951070E-06  2.1084332E-03  1.7053625E-04  0.2738    4.383338  -8.741  0.986703  7.546119  0.3707924E+00  0.6155595E+00  4.2922077E-08  5.8632581E-05  1.5913470E-05  9.0653573E-03  2.8659260E-04  1.2366781E-06  9.9093700E-10  2.1084332E-03  1.7053625E-04  3.222E-10  7.822E-17  1.860E+11  1.237E+12  4.427E+01  1.336E+06  0.67652418  5.708E-05  5.710E-05  9.199E-01  0.000E+00  0.000E+00  1.080E+00  417    2.7410  9.43E-03 2.1871E+01 4.0797E+01    4.82E+02 0.00E+00 2.36E+02  0.676657  0.026763 4.82E+02 0.00E+00 2.36E+02  0.676524  0.026764  0.0000000E+00  0.0000000E+00  1.3910748E-06  1.2259050E-01  6.9986303E-02  1.9968682E-04 -1.2732933E-01  6.0061970E-02  8.2296671E-03 0.000 0.276 1.000 1.000 1.000 1.000 1.000 1.000 1.000 1.000 1.000 1.000 1.000 1.000 1.000 1.000 1.000 1.000 1.000 1.000 1.000 1.000 1.000 1.000 1.000 1.000 1.000 1.000 1.000 1.000 1.000 1.000 1.000 1.000 1.000 1.000 1.000 1.000 1.000 1.000  8.2450010672E-02   0.51499   1.00000   0.00000   0.00000   0.4645154E-02
  2408  2.097070094688276E+07   9.984017  4.011955  4.383042  0.6975589E+00  0.2883964E+00  3.0686265E-05  1.4400107E-03  8.4310409E-05  3.1791965E-03  5.0733054E-03  7.1635546E-06  8.8704220E-06  2.1084332E-03  1.7053625E-04  0.2730    4.383042  -8.737  0.987094  7.546478  0.3681657E+00  0.6181865E+00  4.1876093E-08  5.8714219E-05  1.5935880E-05  9.0675320E-03  2.8398472E-04  1.2218395E-06  9.8110657E-10  2.1084332E-03  1.7053625E-04  3.158E-10  7.678E-17  1.844E+11  1.226E+12  4.390E+01  1.324E+06  0.67743168  5.688E-05  5.690E-05  9.196E-01  0.000E+00  0.000E+00  1.080E+00  418    2.7354  9.43E-03 2.1801E+01 4.0733E+01    4.81E+02 0.00E+00 2.36E+02  0.677445  0.026865 4.81E+02 0.00E+00 2.36E+02  0.677432  0.026866  0.0000000E+00  0.0000000E+00  1.4085163E-06  1.2296567E-01  6.9946911E-02  1.9885943E-04 -1.2718969E-01  5.9979965E-02  8.2500662E-03 0.000 0.274 1.000 1.000 1.000 1.000 1.000 1.000 1.000 1.000 1.000 1.000 1.000 1.000 1.000 1.000 1.000 1.000 1.000 1.000 1.000 1.000 1.000 1.000 1.000 1.000 1.000 1.000 1.000 1.000 1.000 1.000 1.000 1.000 1.000 1.000 1.000 1.000 1.000 1.000  8.2431798501E-02   0.51133   1.00000   0.00000   0.00000   0.4617598E-02
  2420  2.104257222765019E+07   9.983884  4.013568  4.382758  0.6973582E+00  0.2885974E+00  3.0634423E-05  1.4357199E-03  8.4322215E-05  3.1909100E-03  5.0656458E-03  7.1678921E-06  8.8477050E-06  2.1084332E-03  1.7053625E-04  0.2725    4.382758  -8.733  0.987520  7.546816  0.3656951E+00  0.6206575E+00  4.0846803E-08  5.8792412E-05  1.5956266E-05  9.0696433E-03  2.8145595E-04  1.2075652E-06  9.7151211E-10  2.1084332E-03  1.7053625E-04  3.152E-10  7.677E-17  1.825E+11  1.209E+12  4.344E+01  1.306E+06  0.67808647  5.668E-05  5.671E-05  9.194E-01  0.000E+00  0.000E+00  1.081E+00  421    2.7187  9.43E-03 2.1736E+01 4.0674E+01    4.80E+02 0.00E+00 2.36E+02  0.678349  0.026963 4.80E+02 0.00E+00 2.36E+02  0.678086  0.026963  0.0000000E+00  0.0000000E+00  1.4259966E-06  1.2331821E-01  6.9912809E-02  1.9799059E-04 -1.2705906E-01  5.9903204E-02  8.2691154E-03 0.000 0.274 1.000 1.000 1.000 1.000 1.000 1.000 1.000 1.000 1.000 1.000 1.000 1.000 1.000 1.000 1.000 1.000 1.000 1.000 1.000 1.000 1.000 1.000 1.000 1.000 1.000 1.000 1.000 1.000 1.000 1.000 1.000 1.000 1.000 1.000 1.000 1.000 1.000 1.000  8.2414779337E-02   0.50791   1.00000   0.00000   0.00000   0.4590822E-02
  2434  2.111863599979571E+07   9.983743  4.015220  4.382451  0.6971451E+00  0.2888109E+00  3.0579663E-05  1.4311950E-03  8.4333632E-05  3.2032741E-03  5.0575568E-03  7.1723829E-06  8.8237382E-06  2.1084332E-03  1.7053625E-04  0.2717    4.382451  -8.729  0.987788  7.547156  0.3631069E+00  0.6232460E+00  3.9083423E-08  5.9040459E-05  1.6029292E-05  9.0713682E-03  2.7908788E-04  1.1821700E-06  9.6092110E-10  2.1084332E-03  1.7053625E-04  3.046E-10  7.434E-17  1.782E+11  1.171E+12  4.241E+01  1.265E+06  0.67884494  5.647E-05  5.650E-05  9.192E-01  0.000E+00  0.000E+00  1.081E+00  421    2.7187  9.43E-03 2.1668E+01 4.0612E+01    4.79E+02 0.00E+00 2.36E+02  0.679066  0.027063 4.79E+02 0.00E+00 2.36E+02  0.678845  0.027063  0.0000000E+00  0.0000000E+00  1.2989690E-06  1.2370515E-01  6.9876357E-02  1.9717122E-04 -1.2691327E-01  5.9818373E-02  8.2890611E-03 0.000 0.274 1.000 1.000 1.000 1.000 1.000 1.000 1.000 1.000 1.000 1.000 1.000 1.000 1.000 1.000 1.000 1.000 1.000 1.000 1.000 1.000 1.000 1.000 1.000 1.000 1.000 1.000 1.000 1.000 1.000 1.000 1.000 1.000 1.000 1.000 1.000 1.000 1.000 1.000  8.2396555856E-02   0.50432   1.00000   0.00000   0.00000   0.4564287E-02
  2448  2.119410084460150E+07   9.983601  4.016874  4.382167  0.6969330E+00  0.2890233E+00  3.0525441E-05  1.4267219E-03  8.4343870E-05  3.2155075E-03  5.0495491E-03  7.1767386E-06  8.8000366E-06  2.1084332E-03  1.7053625E-04  0.2709    4.382167  -8.725  0.988154  7.547511  0.3605310E+00  0.6258222E+00  3.8247930E-08  5.9113908E-05  1.6049839E-05  9.0732414E-03  2.7683631E-04  1.1690023E-06  9.5220811E-10  2.1084332E-03  1.7053625E-04  3.029E-10  7.401E-17  1.766E+11  1.162E+12  4.204E+01  1.255E+06  0.67954559  5.627E-05  5.630E-05  9.190E-01  0.000E+00  0.000E+00  1.081E+00  424    2.7187  9.43E-03 2.1600E+01 4.0549E+01    4.79E+02 0.00E+00 2.36E+02  0.679752  0.027163 4.79E+02 0.00E+00 2.36E+02  0.679546  0.027163  0.0000000E+00  0.0000000E+00  1.3145345E-06  1.2407903E-01  6.9837778E-02  1.9636582E-04 -1.2677514E-01  5.9737196E-02  8.3094673E-03 0.000 0.274 1.000 1.000 1.000 1.000 1.000 1.000 1.000 1.000 1.000 1.000 1.000 1.000 1.000 1.000 1.000 1.000 1.000 1.000 1.000 1.000 1.000 1.000 1.000 1.000 1.000 1.000 1.000 1.000 1.000 1.000 1.000 1.000 1.000 1.000 1.000 1.000 1.000 1.000  8.2378255235E-02   0.50074   1.00000   0.00000   0.00000   0.4538607E-02
  2462  2.126956568940729E+07   9.983458  4.018534  4.381874  0.6967203E+00  0.2892363E+00  3.0471325E-05  1.4222651E-03  8.4353032E-05  3.2277072E-03  5.0415595E-03  7.1809963E-06  8.7764114E-06  2.1084332E-03  1.7053625E-04  0.2701    4.381874  -8.721  0.988527  7.547868  0.3579417E+00  0.6284118E+00  3.7406318E-08  5.9188690E-05  1.6070731E-05  9.0750573E-03  2.7464744E-04  1.1563087E-06  9.4388058E-10  2.1084332E-03  1.7053625E-04  3.001E-10  7.357E-17  1.750E+11  1.151E+12  4.166E+01  1.243E+06  0.68027588  5.607E-05  5.610E-05  9.188E-01  0.000E+00  0.000E+00  1.081E+00  426    2.7187  9.43E-03 2.1531E+01 4.0486E+01    4.78E+02 0.00E+00 2.36E+02  0.680425  0.027264 4.78E+02 0.00E+00 2.36E+02  0.680276  0.027264  0.0000000E+00  0.0000000E+00  1.3304549E-06  1.2445804E-01  6.9798763E-02  1.9555492E-04 -1.2663590E-01  5.9655378E-02  8.3300040E-03 0.000 0.274 1.000 1.000 1.000 1.000 1.000 1.000 1.000 1.000 1.000 1.000 1.000 1.000 1.000 1.000 1.000 1.000 1.000 1.000 1.000 1.000 1.000 1.000 1.000 1.000 1.000 1.000 1.000 1.000 1.000 1.000 1.000 1.000 1.000 1.000 1.000 1.000 1.000 1.000  8.2359731436E-02   0.49714   1.00000   0.00000   0.00000   0.4512484E-02
  2475  2.133964018815553E+07   9.983324  4.020199  4.381574  0.6965222E+00  0.2894347E+00  3.0421167E-05  1.4181409E-03  8.4360586E-05  3.2390062E-03  5.0341563E-03  7.1848640E-06  8.7545406E-06  2.1084332E-03  1.7053625E-04  0.2699    4.381574  -8.717  0.989092  7.548212  0.3554819E+00  0.6308719E+00  3.5923595E-08  5.9300094E-05  1.6097860E-05  9.0768517E-03  2.7242707E-04  1.1434368E-06  9.3602432E-10  2.1084332E-03  1.7053625E-04  2.953E-10  7.248E-17  1.718E+11  1.120E+12  4.089E+01  1.210E+06  0.68110741  5.587E-05  5.591E-05  9.185E-01  0.000E+00  0.000E+00  1.082E+00  431    2.6741  9.43E-03 2.1463E+01 4.0424E+01    4.77E+02 0.00E+00 2.36E+02  0.681381  0.027369 4.77E+02 0.00E+00 2.36E+02  0.681107  0.027366  0.0000000E+00  0.0000000E+00  1.3477506E-06  1.2483006E-01  6.9763110E-02  1.9477837E-04 -1.2650413E-01  5.9578227E-02  8.3484975E-03 0.000 0.272 1.000 1.000 1.000 1.000 1.000 1.000 1.000 1.000 1.000 1.000 1.000 1.000 1.000 1.000 1.000 1.000 1.000 1.000 1.000 1.000 1.000 1.000 1.000 1.000 1.000 1.000 1.000 1.000 1.000 1.000 1.000 1.000 1.000 1.000 1.000 1.000 1.000 1.000  8.2342318704E-02   0.49377   1.00000   0.00000   0.00000   0.4485379E-02
  2488  2.140971468690376E+07   9.983189  4.021791  4.381274  0.6963235E+00  0.2896336E+00  3.0371096E-05  1.4140304E-03  8.4367227E-05  3.2502769E-03  5.0267683E-03  7.1886504E-06  8.7327337E-06  2.1084332E-03  1.7053625E-04  0.2693    4.381274  -8.713  0.989520  7.548560  0.3529844E+00  0.6333697E+00  3.5294632E-08  5.9366993E-05  1.6117576E-05  9.0787706E-03  2.7013269E-04  1.1305080E-06  9.2718422E-10  2.1084332E-03  1.7053625E-04  2.935E-10  7.214E-17  1.711E+11  1.115E+12  4.071E+01  1.204E+06  0.68182518  5.568E-05  5.571E-05  9.183E-01  0.000E+00  0.000E+00  1.082E+00  431    2.6741  9.43E-03 2.1395E+01 4.0362E+01    4.77E+02 0.00E+00 2.36E+02  0.682115  0.027463 4.76E+02 0.00E+00 2.36E+02  0.681825  0.027464  0.0000000E+00  0.0000000E+00  1.3632147E-06  1.2519946E-01  6.9725729E-02  1.9400106E-04 -1.2637077E-01  5.9500076E-02  8.3676429E-03 0.000 0.271 1.000 1.000 1.000 1.000 1.000 1.000 1.000 1.000 1.000 1.000 1.000 1.000 1.000 1.000 1.000 1.000 1.000 1.000 1.000 1.000 1.000 1.000 1.000 1.000 1.000 1.000 1.000 1.000 1.000 1.000 1.000 1.000 1.000 1.000 1.000 1.000 1.000 1.000  8.2324698509E-02   0.49026   1.00000   0.00000   0.00000   0.4459809E-02
  2501  2.147978918565200E+07   9.983053  4.023362  4.380979  0.6961244E+00  0.2898331E+00  3.0321118E-05  1.4099339E-03  8.4372963E-05  3.2615180E-03  5.0193965E-03  7.1923563E-06  8.7109929E-06  2.1084332E-03  1.7053625E-04  0.2686    4.380979  -8.709  0.989917  7.548908  0.3504796E+00  0.6358748E+00  3.4461069E-08  5.9443571E-05  1.6138412E-05  9.0805815E-03  2.6794687E-04  1.1182557E-06  9.1907317E-10  2.1084332E-03  1.7053625E-04  2.870E-10  7.075E-17  1.695E+11  1.103E+12  4.033E+01  1.191E+06  0.68268199  5.550E-05  5.551E-05  9.181E-01  0.000E+00  0.000E+00  1.082E+00  436    2.6741  9.43E-03 2.1329E+01 4.0301E+01    4.76E+02 0.00E+00 2.36E+02  0.682745  0.027559 4.76E+02 0.00E+00 2.36E+02  0.682682  0.027560  0.0000000E+00  0.0000000E+00  1.3785909E-06  1.2557205E-01  6.9687902E-02  1.9322101E-04 -1.2623600E-01  5.9421141E-02  8.3870331E-03 0.000 0.270 1.000 1.000 1.000 1.000 1.000 1.000 1.000 1.000 1.000 1.000 1.000 1.000 1.000 1.000 1.000 1.000 1.000 1.000 1.000 1.000 1.000 1.000 1.000 1.000 1.000 1.000 1.000 1.000 1.000 1.000 1.000 1.000 1.000 1.000 1.000 1.000 1.000 1.000  8.2306871947E-02   0.48678   1.00000   0.00000   0.00000   0.4435273E-02
  2513  2.154447333834268E+07   9.982926  4.024830  4.380693  0.6959401E+00  0.2900177E+00  3.0275064E-05  1.4061649E-03  8.4377461E-05  3.2718683E-03  5.0126061E-03  7.1957070E-06  8.6909826E-06  2.1084332E-03  1.7053625E-04  0.2679    4.380693  -8.706  0.990302  7.549234  0.3481442E+00  0.6382105E+00  3.3831784E-08  5.9503974E-05  1.6154675E-05  9.0822633E-03  2.6593472E-04  1.1071327E-06  9.1141257E-10  2.1084332E-03  1.7053625E-04  2.851E-10  7.038E-17  1.684E+11  1.096E+12  4.008E+01  1.184E+06  0.68327414  5.530E-05  5.533E-05  9.179E-01  0.000E+00  0.000E+00  1.082E+00  436    2.6741  9.43E-03 2.1268E+01 4.0246E+01    4.75E+02 0.00E+00 2.36E+02  0.683505  0.027651 4.75E+02 0.00E+00 2.36E+02  0.683274  0.027651  0.0000000E+00  0.0000000E+00  1.3940094E-06  1.2592177E-01  6.9656028E-02  1.9251334E-04 -1.2611045E-01  5.9347592E-02  8.4050197E-03 0.000 0.270 1.000 1.000 1.000 1.000 1.000 1.000 1.000 1.000 1.000 1.000 1.000 1.000 1.000 1.000 1.000 1.000 1.000 1.000 1.000 1.000 1.000 1.000 1.000 1.000 1.000 1.000 1.000 1.000 1.000 1.000 1.000 1.000 1.000 1.000 1.000 1.000 1.000 1.000  8.2290227522E-02   0.48353   1.00000   0.00000   0.00000   0.4411403E-02
  2525  2.160915749103336E+07   9.982798  4.026284  4.380411  0.6957553E+00  0.2902027E+00  3.0229091E-05  1.4024080E-03  8.4381199E-05  3.2821928E-03  5.0058299E-03  7.1989911E-06  8.6710295E-06  2.1084332E-03  1.7053625E-04  0.2672    4.380411  -8.703  0.990676  7.549560  0.3458154E+00  0.6405395E+00  3.3155206E-08  5.9571105E-05  1.6173449E-05  9.0838029E-03  2.6407254E-04  1.0965297E-06  9.0442322E-10  2.1084332E-03  1.7053625E-04  2.833E-10  7.003E-17  1.670E+11  1.087E+12  3.975E+01  1.174E+06  0.68393782  5.512E-05  5.515E-05  9.177E-01  0.000E+00  0.000E+00  1.083E+00  437    2.6741  9.42E-03 2.1207E+01 4.0189E+01    4.74E+02 0.00E+00 2.36E+02  0.684170  0.027741 4.74E+02 0.00E+00 2.36E+02  0.683938  0.027741  0.0000000E+00  0.0000000E+00  1.4089372E-06  1.2627371E-01  6.9621704E-02  1.9179277E-04 -1.2598438E-01  5.9273762E-02  8.4231423E-03 0.000 0.270 1.000 1.000 1.000 1.000 1.000 1.000 1.000 1.000 1.000 1.000 1.000 1.000 1.000 1.000 1.000 1.000 1.000 1.000 1.000 1.000 1.000 1.000 1.000 1.000 1.000 1.000 1.000 1.000 1.000 1.000 1.000 1.000 1.000 1.000 1.000 1.000 1.000 1.000  8.2273405365E-02   0.48030   1.00000   0.00000   0.00000   0.4388619E-02
  2537  2.167384164372404E+07   9.982669  4.027744  4.380128  0.6955701E+00  0.2903881E+00  3.0183199E-05  1.3986633E-03  8.4384184E-05  3.2924912E-03  4.9990683E-03  7.2022097E-06  8.6511338E-06  2.1084332E-03  1.7053625E-04  0.2664    4.380128  -8.699  0.991054  7.549888  0.3434787E+00  0.6428765E+00  3.2491432E-08  5.9638237E-05  1.6192265E-05  9.0852878E-03  2.6227268E-04  1.0861713E-06  8.9763804E-10  2.1084332E-03  1.7053625E-04  2.815E-10  6.968E-17  1.657E+11  1.078E+12  3.943E+01  1.164E+06  0.68460024  5.494E-05  5.497E-05  9.175E-01  0.000E+00  0.000E+00  1.083E+00  440    2.6741  9.42E-03 2.1145E+01 4.0133E+01    4.74E+02 0.00E+00 2.36E+02  0.684834  0.027832 4.74E+02 0.00E+00 2.36E+02  0.684600  0.027832  0.0000000E+00  0.0000000E+00  1.4240804E-06  1.2662963E-01  6.9587134E-02  1.9106898E-04 -1.2585755E-01  5.9199491E-02  8.4413746E-03 0.000 0.270 1.000 1.000 1.000 1.000 1.000 1.000 1.000 1.000 1.000 1.000 1.000 1.000 1.000 1.000 1.000 1.000 1.000 1.000 1.000 1.000 1.000 1.000 1.000 1.000 1.000 1.000 1.000 1.000 1.000 1.000 1.000 1.000 1.000 1.000 1.000 1.000 1.000 1.000  8.2256402687E-02   0.47705   1.00000   0.00000   0.00000   0.4365748E-02
  2549  2.173852579641471E+07   9.982539  4.029209  4.379842  0.6953846E+00  0.2905740E+00  3.0137389E-05  1.3949308E-03  8.4386420E-05  3.3027632E-03  4.9923214E-03  7.2053637E-06  8.6312956E-06  2.1084332E-03  1.7053625E-04  0.2657    4.379842  -8.696  0.991441  7.550219  0.3411270E+00  0.6452284E+00  3.1762912E-08  5.9710750E-05  1.6212123E-05  9.0867446E-03  2.6049629E-04  1.0758588E-06  8.9101077E-10  2.1084332E-03  1.7053625E-04  2.818E-10  6.988E-17  1.641E+11  1.067E+12  3.906E+01  1.152E+06  0.68526022  5.476E-05  5.478E-05  9.173E-01  0.000E+00  0.000E+00  1.083E+00  444    2.6741  9.42E-03 2.1083E+01 4.0075E+01    4.73E+02 0.00E+00 2.36E+02  0.685496  0.027923 4.73E+02 0.00E+00 2.36E+02  0.685260  0.027923  0.0000000E+00  0.0000000E+00  1.4394233E-06  1.2699030E-01  6.9552307E-02  1.9034088E-04 -1.2572967E-01  5.9124633E-02  8.4597119E-03 0.000 0.269 1.000 1.000 1.000 1.000 1.000 1.000 1.000 1.000 1.000 1.000 1.000 1.000 1.000 1.000 1.000 1.000 1.000 1.000 1.000 1.000 1.000 1.000 1.000 1.000 1.000 1.000 1.000 1.000 1.000 1.000 1.000 1.000 1.000 1.000 1.000 1.000 1.000 1.000  8.2239216976E-02   0.47379   1.00000   0.00000   0.00000   0.4343048E-02
  2561  2.180320994910539E+07   9.982408  4.030764  4.379555  0.6951986E+00  0.2907603E+00  3.0091655E-05  1.3912101E-03  8.4387914E-05  3.3130098E-03  4.9855888E-03  7.2084544E-06  8.6115131E-06  2.1084332E-03  1.7053625E-04  0.2649    4.379555  -8.692  0.991906  7.550560  0.3387551E+00  0.6476005E+00  3.1006958E-08  5.9783126E-05  1.6230839E-05  9.0882040E-03  2.5871860E-04  1.0656136E-06  8.8430786E-10  2.1084332E-03  1.7053625E-04  2.734E-10  6.798E-17  1.631E+11  1.061E+12  3.881E+01  1.146E+06  0.68593688  5.457E-05  5.459E-05  9.171E-01  0.000E+00  0.000E+00  1.083E+00  445    2.6692  9.42E-03 2.1016E+01 4.0014E+01    4.72E+02 0.00E+00 2.36E+02  0.686156  0.028020 4.72E+02 0.00E+00 2.36E+02  0.685937  0.028021  0.0000000E+00  0.0000000E+00  1.4556527E-06  1.2736397E-01  6.9516010E-02  1.8958965E-04 -1.2560100E-01  5.9049528E-02  8.4776050E-03 0.000 0.267 1.000 1.000 1.000 1.000 1.000 1.000 1.000 1.000 1.000 1.000 1.000 1.000 1.000 1.000 1.000 1.000 1.000 1.000 1.000 1.000 1.000 1.000 1.000 1.000 1.000 1.000 1.000 1.000 1.000 1.000 1.000 1.000 1.000 1.000 1.000 1.000 1.000 1.000  8.2221835221E-02   0.47046   1.00000   0.00000   0.00000   0.4319817E-02
  2572  2.186250375573852E+07   9.982287  4.032135  4.379270  0.6950277E+00  0.2909314E+00  3.0049798E-05  1.3878097E-03  8.4388636E-05  3.3223807E-03  4.9794294E-03  7.2112330E-06  8.5934270E-06  2.1084332E-03  1.7053625E-04  0.2648    4.379270  -8.689  0.992376  7.550872  0.3365195E+00  0.6498364E+00  3.0288532E-08  5.9857840E-05  1.6251498E-05  9.0897209E-03  2.5686980E-04  1.0550976E-06  8.7746173E-10  2.1084332E-03  1.7053625E-04  2.693E-10  6.707E-17  1.612E+11  1.042E+12  3.836E+01  1.126E+06  0.68660573  5.439E-05  5.442E-05  9.169E-01  0.000E+00  0.000E+00  1.084E+00  448    2.6492  9.42E-03 2.0958E+01 3.9961E+01    4.72E+02 0.00E+00 2.36E+02  0.686844  0.028107 4.72E+02 0.00E+00 2.35E+02  0.686606  0.028107  0.0000000E+00  0.0000000E+00  1.4706286E-06  1.2770929E-01  6.9483496E-02  1.8890503E-04 -1.2547973E-01  5.8978721E-02  8.4945349E-03 0.000 0.267 1.000 1.000 1.000 1.000 1.000 1.000 1.000 1.000 1.000 1.000 1.000 1.000 1.000 1.000 1.000 1.000 1.000 1.000 1.000 1.000 1.000 1.000 1.000 1.000 1.000 1.000 1.000 1.000 1.000 1.000 1.000 1.000 1.000 1.000 1.000 1.000 1.000 1.000  8.2205730772E-02   0.46739   1.00000   0.00000   0.00000   0.4297651E-02
  2584  2.192718790842919E+07   9.982154  4.033653  4.378975  0.6948409E+00  0.2911185E+00  3.0004216E-05  1.3841120E-03  8.4388723E-05  3.3325773E-03  4.9727249E-03  7.2142050E-06  8.5737529E-06  2.1084332E-03  1.7053625E-04  0.2641    4.378975  -8.685  0.992835  7.551220  0.3340851E+00  0.6522711E+00  2.9368955E-08  5.9946599E-05  1.6273752E-05  9.0912319E-03  2.5500731E-04  1.0445234E-06  8.7079488E-10  2.1084332E-03  1.7053625E-04  2.671E-10  6.663E-17  1.597E+11  1.031E+12  3.801E+01  1.113E+06  0.68726326  5.420E-05  5.423E-05  9.167E-01  0.000E+00  0.000E+00  1.084E+00  450    2.6442  9.42E-03 2.0893E+01 3.9900E+01    4.71E+02 0.00E+00 2.35E+02  0.687489  0.028202 4.71E+02 0.00E+00 2.35E+02  0.687263  0.028202  0.0000000E+00  0.0000000E+00  1.4868749E-06  1.2809192E-01  6.9446970E-02  1.8814810E-04 -1.2534722E-01  5.8901469E-02  8.5129505E-03 0.000 0.265 1.000 1.000 1.000 1.000 1.000 1.000 1.000 1.000 1.000 1.000 1.000 1.000 1.000 1.000 1.000 1.000 1.000 1.000 1.000 1.000 1.000 1.000 1.000 1.000 1.000 1.000 1.000 1.000 1.000 1.000 1.000 1.000 1.000 1.000 1.000 1.000 1.000 1.000  8.2187978774E-02   0.46401   1.00000   0.00000   0.00000   0.4275001E-02
  2595  2.198648171506232E+07   9.982031  4.035066  4.378691  0.6946693E+00  0.2912903E+00  2.9962499E-05  1.3807327E-03  8.4388164E-05  3.3419020E-03  4.9665917E-03  7.2168763E-06  8.5557665E-06  2.1084332E-03  1.7053625E-04  0.2636    4.378691  -8.682  0.993324  7.551541  0.3318142E+00  0.6545421E+00  2.8786029E-08  6.0013463E-05  1.6292867E-05  9.0927188E-03  2.5320488E-04  1.0342651E-06  8.6394210E-10  2.1084332E-03  1.7053625E-04  2.652E-10  6.625E-17  1.580E+11  1.016E+12  3.761E+01  1.097E+06  0.68789048  5.403E-05  5.405E-05  9.166E-01  0.000E+00  0.000E+00  1.084E+00  453    2.6291  9.42E-03 2.0832E+01 3.9845E+01    4.70E+02 0.00E+00 2.35E+02  0.688123  0.028291 4.70E+02 0.00E+00 2.35E+02  0.687890  0.028292  0.0000000E+00  0.0000000E+00  1.5022732E-06  1.2845079E-01  6.9413999E-02  1.8744926E-04 -1.2522353E-01  5.8829418E-02  8.5299105E-03 0.000 0.265 1.000 1.000 1.000 1.000 1.000 1.000 1.000 1.000 1.000 1.000 1.000 1.000 1.000 1.000 1.000 1.000 1.000 1.000 1.000 1.000 1.000 1.000 1.000 1.000 1.000 1.000 1.000 1.000 1.000 1.000 1.000 1.000 1.000 1.000 1.000 1.000 1.000 1.000  8.2171530390E-02   0.46085   1.00000   0.00000   0.00000   0.4253240E-02
  2606  2.204577552169544E+07   9.981908  4.036434  4.378404  0.6944974E+00  0.2914625E+00  2.9920850E-05  1.3773636E-03  8.4386999E-05  3.3512039E-03  4.9604714E-03  7.2194974E-06  8.5378287E-06  2.1084332E-03  1.7053625E-04  0.2629    4.378404  -8.679  0.993731  7.551863  0.3295571E+00  0.6567995E+00  2.8209227E-08  6.0078996E-05  1.6311151E-05  9.0940562E-03  2.5157524E-04  1.0250728E-06  8.5787368E-10  2.1084332E-03  1.7053625E-04  2.633E-10  6.587E-17  1.568E+11  1.007E+12  3.731E+01  1.088E+06  0.68852468  5.385E-05  5.388E-05  9.164E-01  0.000E+00  0.000E+00  1.084E+00  454    2.6291  9.42E-03 2.0773E+01 3.9791E+01    4.70E+02 0.00E+00 2.35E+02  0.688769  0.028379 4.70E+02 0.00E+00 2.35E+02  0.688525  0.028379  0.0000000E+00  0.0000000E+00  1.5175733E-06  1.2880774E-01  6.9381547E-02  1.8676001E-04 -1.2510000E-01  5.8757349E-02  8.5471702E-03 0.000 0.265 1.000 1.000 1.000 1.000 1.000 1.000 1.000 1.000 1.000 1.000 1.000 1.000 1.000 1.000 1.000 1.000 1.000 1.000 1.000 1.000 1.000 1.000 1.000 1.000 1.000 1.000 1.000 1.000 1.000 1.000 1.000 1.000 1.000 1.000 1.000 1.000 1.000 1.000  8.2154915172E-02   0.45772   1.00000   0.00000   0.00000   0.4231950E-02
  2617  2.210506932832856E+07   9.981783  4.037804  4.378119  0.6943251E+00  0.2916349E+00  2.9879271E-05  1.3740048E-03  8.4385233E-05  3.3604831E-03  4.9543642E-03  7.2220690E-06  8.5199396E-06  2.1084332E-03  1.7053625E-04  0.2622    4.378119  -8.675  0.994141  7.552169  0.3272957E+00  0.6590611E+00  2.7648872E-08  6.0143820E-05  1.6329369E-05  9.0953352E-03  2.5001311E-04  1.0161166E-06  8.5200896E-10  2.1084332E-03  1.7053625E-04  2.615E-10  6.547E-17  1.555E+11  9.985E+11  3.701E+01  1.078E+06  0.68911861  5.367E-05  5.370E-05  9.162E-01  0.000E+00  0.000E+00  1.084E+00  455    2.6291  9.42E-03 2.0714E+01 3.9737E+01    4.69E+02 0.00E+00 2.35E+02  0.689375  0.028465 4.69E+02 0.00E+00 2.35E+02  0.689119  0.028466  0.0000000E+00  0.0000000E+00  1.5327204E-06  1.2917182E-01  6.9348993E-02  1.8606389E-04 -1.2497407E-01  5.8684097E-02  8.5644164E-03 0.000 0.265 1.000 1.000 1.000 1.000 1.000 1.000 1.000 1.000 1.000 1.000 1.000 1.000 1.000 1.000 1.000 1.000 1.000 1.000 1.000 1.000 1.000 1.000 1.000 1.000 1.000 1.000 1.000 1.000 1.000 1.000 1.000 1.000 1.000 1.000 1.000 1.000 1.000 1.000  8.2138132864E-02   0.45458   1.00000   0.00000   0.00000   0.4211241E-02
  2628  2.216436313496168E+07   9.981657  4.039190  4.377835  0.6941526E+00  0.2918077E+00  2.9837762E-05  1.3706564E-03  8.4382870E-05  3.3697392E-03  4.9482703E-03  7.2245917E-06  8.5020993E-06  2.1084332E-03  1.7053625E-04  0.2615    4.377835  -8.672  0.994559  7.552495  0.3250266E+00  0.6613304E+00  2.7096945E-08  6.0209254E-05  1.6347765E-05  9.0965728E-03  2.4849702E-04  1.0073489E-06  8.4631093E-10  2.1084332E-03  1.7053625E-04  2.597E-10  6.511E-17  1.542E+11  9.902E+11  3.671E+01  1.069E+06  0.68972353  5.350E-05  5.353E-05  9.160E-01  0.000E+00  0.000E+00  1.085E+00  457    2.6291  9.42E-03 2.0654E+01 3.9681E+01    4.68E+02 0.00E+00 2.35E+02  0.689970  0.028554 4.68E+02 0.00E+00 2.35E+02  0.689724  0.028554  0.0000000E+00  0.0000000E+00  1.5483110E-06  1.2953693E-01  6.9316040E-02  1.8536817E-04 -1.2484907E-01  5.8611205E-02  8.5818527E-03 0.000 0.265 1.000 1.000 1.000 1.000 1.000 1.000 1.000 1.000 1.000 1.000 1.000 1.000 1.000 1.000 1.000 1.000 1.000 1.000 1.000 1.000 1.000 1.000 1.000 1.000 1.000 1.000 1.000 1.000 1.000 1.000 1.000 1.000 1.000 1.000 1.000 1.000 1.000 1.000  8.2121181608E-02   0.45143   1.00000   0.00000   0.00000   0.4190463E-02
  2639  2.222365694159481E+07   9.981530  4.040652  4.377545  0.6939797E+00  0.2919809E+00  2.9796321E-05  1.3673182E-03  8.4379913E-05  3.3789725E-03  4.9421896E-03  7.2270665E-06  8.4843075E-06  2.1084332E-03  1.7053625E-04  0.2608    4.377545  -8.669  0.995020  7.552827  0.3227318E+00  0.6636254E+00  2.6403881E-08  6.0289777E-05  1.6369685E-05  9.0978139E-03  2.4695283E-04  9.9828061E-07  8.4068204E-10  2.1084332E-03  1.7053625E-04  2.580E-10  6.479E-17  1.529E+11  9.812E+11  3.640E+01  1.060E+06  0.69033519  5.331E-05  5.334E-05  9.158E-01  0.000E+00  0.000E+00  1.085E+00  460    2.6291  9.42E-03 2.0590E+01 3.9623E+01    4.68E+02 0.00E+00 2.35E+02  0.690526  0.028647 4.68E+02 0.00E+00 2.35E+02  0.690335  0.028648  0.0000000E+00  0.0000000E+00  1.5644930E-06  1.2991899E-01  6.9282837E-02  1.8465108E-04 -1.2472158E-01  5.8537279E-02  8.5989448E-03 0.000 0.263 1.000 1.000 1.000 1.000 1.000 1.000 1.000 1.000 1.000 1.000 1.000 1.000 1.000 1.000 1.000 1.000 1.000 1.000 1.000 1.000 1.000 1.000 1.000 1.000 1.000 1.000 1.000 1.000 1.000 1.000 1.000 1.000 1.000 1.000 1.000 1.000 1.000 1.000  8.2104056556E-02   0.44821   1.00000   0.00000   0.00000   0.4168982E-02
  2650  2.227809943677612E+07   9.981413  4.041959  4.377235  0.6938207E+00  0.2921401E+00  2.9758326E-05  1.3642615E-03  8.4376682E-05  3.3874316E-03  4.9366172E-03  7.2292977E-06  8.4680113E-06  2.1084332E-03  1.7053625E-04  0.2604    4.377235  -8.666  0.995419  7.553110  0.3205832E+00  0.6657743E+00  2.5289046E-08  6.0534154E-05  1.6440797E-05  9.0988303E-03  2.4539495E-04  9.8018621E-07  8.3387998E-10  2.1084332E-03  1.7053625E-04  2.487E-10  6.249E-17  1.494E+11  9.455E+11  3.555E+01  1.021E+06  0.69098382  5.314E-05  5.316E-05  9.156E-01  0.000E+00  0.000E+00  1.085E+00  461    2.6066  9.42E-03 2.0532E+01 3.9569E+01    4.67E+02 0.00E+00 2.35E+02  0.691216  0.028732 4.67E+02 0.00E+00 2.35E+02  0.690984  0.028732  0.0000000E+00  0.0000000E+00  1.4219377E-06  1.3028687E-01  6.9249107E-02  1.8395512E-04 -1.2459457E-01  5.8464436E-02  8.6144770E-03 0.000 0.263 1.000 1.000 1.000 1.000 1.000 1.000 1.000 1.000 1.000 1.000 1.000 1.000 1.000 1.000 1.000 1.000 1.000 1.000 1.000 1.000 1.000 1.000 1.000 1.000 1.000 1.000 1.000 1.000 1.000 1.000 1.000 1.000 1.000 1.000 1.000 1.000 1.000 1.000  8.2088170555E-02   0.44526   1.00000   0.00000   0.00000   0.4148297E-02
  2661  2.233146386274592E+07   9.981298  4.043228  4.376943  0.6936646E+00  0.2922964E+00  2.9721141E-05  1.3612740E-03  8.4373036E-05  3.3957038E-03  4.9311664E-03  7.2314466E-06  8.4520784E-06  2.1084332E-03  1.7053625E-04  0.2600    4.376943  -8.663  0.995865  7.553416  0.3184641E+00  0.6678935E+00  2.4719569E-08  6.0603117E-05  1.6459209E-05  9.1000434E-03  2.4390220E-04  9.7144731E-07  8.2807657E-10  2.1084332E-03  1.7053625E-04  2.443E-10  6.156E-17  1.481E+11  9.346E+11  3.524E+01  1.009E+06  0.69170987  5.298E-05  5.300E-05  9.154E-01  0.000E+00  0.000E+00  1.085E+00  464    2.6009  9.42E-03 2.0475E+01 3.9515E+01    4.66E+02 0.00E+00 2.35E+02  0.691788  0.028813 4.66E+02 0.00E+00 2.35E+02  0.691710  0.028814  0.0000000E+00  0.0000000E+00  1.4350359E-06  1.3063353E-01  6.9214152E-02  1.8328637E-04 -1.2447804E-01  5.8396731E-02  8.6302528E-03 0.000 0.262 1.000 1.000 1.000 1.000 1.000 1.000 1.000 1.000 1.000 1.000 1.000 1.000 1.000 1.000 1.000 1.000 1.000 1.000 1.000 1.000 1.000 1.000 1.000 1.000 1.000 1.000 1.000 1.000 1.000 1.000 1.000 1.000 1.000 1.000 1.000 1.000 1.000 1.000  8.2072450231E-02   0.44231   1.00000   0.00000   0.00000   0.4128792E-02
  2671  2.237997697726392E+07   9.981192  4.044404  4.376651  0.6935225E+00  0.2924387E+00  2.9687390E-05  1.3585656E-03  8.4369314E-05  3.4032068E-03  4.9262212E-03  7.2333675E-06  8.4376298E-06  2.1084332E-03  1.7053625E-04  0.2597    4.376651  -8.660  0.996327  7.553697  0.3165252E+00  0.6698327E+00  2.3998340E-08  6.0685908E-05  1.6479979E-05  9.1011055E-03  2.4255983E-04  9.6364558E-07  8.2350701E-10  2.1084332E-03  1.7053625E-04  2.410E-10  6.082E-17  1.462E+11  9.170E+11  3.480E+01  9.903E+05  0.69222439  5.282E-05  5.285E-05  9.153E-01  0.000E+00  0.000E+00  1.086E+00  465    2.6009  9.42E-03 2.0422E+01 3.9467E+01    4.66E+02 0.00E+00 2.35E+02  0.692494  0.028891 4.66E+02 0.00E+00 2.35E+02  0.692224  0.028890  0.0000000E+00  0.0000000E+00  1.4482351E-06  1.3095624E-01  6.9184222E-02  1.8257269E-04 -1.2437103E-01  5.8334609E-02  8.6444993E-03 0.000 0.261 1.000 1.000 1.000 1.000 1.000 1.000 1.000 1.000 1.000 1.000 1.000 1.000 1.000 1.000 1.000 1.000 1.000 1.000 1.000 1.000 1.000 1.000 1.000 1.000 1.000 1.000 1.000 1.000 1.000 1.000 1.000 1.000 1.000 1.000 1.000 1.000 1.000 1.000  8.2058030479E-02   0.43964   1.00000   0.00000   0.00000   0.4109302E-02
  2682  2.243334140323373E+07   9.981075  4.045703  4.376335  0.6933660E+00  0.2925955E+00  2.9650320E-05  1.3555945E-03  8.4364773E-05  3.4114415E-03  4.9207924E-03  7.2354454E-06  8.4217752E-06  2.1084332E-03  1.7053625E-04  0.2590    4.376335  -8.657  0.996781  7.554011  0.3143731E+00  0.6719849E+00  2.3638849E-08  6.0738863E-05  1.6495538E-05  9.1023289E-03  2.4107957E-04  9.5551867E-07  8.1768403E-10  2.1084332E-03  1.7053625E-04  2.393E-10  6.047E-17  1.456E+11  9.135E+11  3.465E+01  9.866E+05  0.69290629  5.265E-05  5.268E-05  9.151E-01  0.000E+00  0.000E+00  1.086E+00  466    2.5839  9.42E-03 2.0364E+01 3.9413E+01    4.65E+02 0.00E+00 2.35E+02  0.693172  0.028974 4.65E+02 0.00E+00 2.35E+02  0.692906  0.028974  0.0000000E+00  0.0000000E+00  1.4621693E-06  1.3131332E-01  6.9150478E-02  1.8190315E-04 -1.2425216E-01  5.8265567E-02  8.6604437E-03 0.000 0.261 1.000 1.000 1.000 1.000 1.000 1.000 1.000 1.000 1.000 1.000 1.000 1.000 1.000 1.000 1.000 1.000 1.000 1.000 1.000 1.000 1.000 1.000 1.000 1.000 1.000 1.000 1.000 1.000 1.000 1.000 1.000 1.000 1.000 1.000 1.000 1.000 1.000 1.000  8.2042018490E-02   0.43663   1.00000   0.00000   0.00000   0.4088401E-02
  2693  2.248670582920353E+07   9.980957  4.046973  4.376032  0.6932092E+00  0.2927524E+00  2.9613311E-05  1.3526321E-03  8.4359769E-05  3.4196562E-03  4.9153755E-03  7.2374869E-06  8.4059622E-06  2.1084332E-03  1.7053625E-04  0.2584    4.376032  -8.654  0.997210  7.554323  0.3122352E+00  0.6741230E+00  2.3178258E-08  6.0802141E-05  1.6513293E-05  9.1034160E-03  2.3973811E-04  9.4789492E-07  8.1267466E-10  2.1084332E-03  1.7053625E-04  2.377E-10  6.013E-17  1.445E+11  9.059E+11  3.438E+01  9.784E+05  0.69365762  5.249E-05  5.251E-05  9.148E-01  0.000E+00  0.000E+00  1.086E+00  467    2.5839  9.42E-03 2.0306E+01 3.9358E+01    4.65E+02 0.00E+00 2.35E+02  0.693677  0.029056 4.65E+02 0.00E+00 2.35E+02  0.693658  0.029056  0.0000000E+00  0.0000000E+00  1.4755344E-06  1.3166946E-01  6.9114149E-02  1.8122502E-04 -1.2413355E-01  5.8196635E-02  8.6765899E-03 0.000 0.261 1.000 1.000 1.000 1.000 1.000 1.000 1.000 1.000 1.000 1.000 1.000 1.000 1.000 1.000 1.000 1.000 1.000 1.000 1.000 1.000 1.000 1.000 1.000 1.000 1.000 1.000 1.000 1.000 1.000 1.000 1.000 1.000 1.000 1.000 1.000 1.000 1.000 1.000  8.2025854852E-02   0.43366   1.00000   0.00000   0.00000   0.4068913E-02
  2703  2.253521894372153E+07   9.980849  4.048130  4.375747  0.6930666E+00  0.2928953E+00  2.9579721E-05  1.3499466E-03  8.4354819E-05  3.4271065E-03  4.9104614E-03  7.2393115E-06  8.3916230E-06  2.1084332E-03  1.7053625E-04  0.2578    4.375747  -8.652  0.997605  7.554608  0.3102875E+00  0.6760709E+00  2.2767363E-08  6.0859728E-05  1.6529499E-05  9.1043679E-03  2.3855987E-04  9.4108785E-07  8.0823717E-10  2.1084332E-03  1.7053625E-04  2.361E-10  5.980E-17  1.434E+11  8.991E+11  3.414E+01  9.710E+05  0.69411167  5.232E-05  5.235E-05  9.147E-01  0.000E+00  0.000E+00  1.086E+00  469    2.5839  9.42E-03 2.0255E+01 3.9310E+01    4.64E+02 0.00E+00 2.35E+02  0.694257  0.029132 4.64E+02 0.00E+00 2.35E+02  0.694112  0.029132  0.0000000E+00  0.0000000E+00  1.4882706E-06  1.3199669E-01  6.9084653E-02  1.8062571E-04 -1.2402513E-01  5.8133600E-02  8.6913171E-03 0.000 0.261 1.000 1.000 1.000 1.000 1.000 1.000 1.000 1.000 1.000 1.000 1.000 1.000 1.000 1.000 1.000 1.000 1.000 1.000 1.000 1.000 1.000 1.000 1.000 1.000 1.000 1.000 1.000 1.000 1.000 1.000 1.000 1.000 1.000 1.000 1.000 1.000 1.000 1.000  8.2011026827E-02   0.43096   1.00000   0.00000   0.00000   0.4050595E-02
  2713  2.258373205823953E+07   9.980740  4.049289  4.375452  0.6929237E+00  0.2930384E+00  2.9546182E-05  1.3472683E-03  8.4349492E-05  3.4345401E-03  4.9055573E-03  7.2411069E-06  8.3773186E-06  2.1084332E-03  1.7053625E-04  0.2572    4.375452  -8.649  0.998005  7.554895  0.3083339E+00  0.6780247E+00  2.2364059E-08  6.0917211E-05  1.6545695E-05  9.1052942E-03  2.3741102E-04  9.3439857E-07  8.0389005E-10  2.1084332E-03  1.7053625E-04  2.341E-10  5.937E-17  1.424E+11  8.923E+11  3.389E+01  9.637E+05  0.69474455  5.217E-05  5.220E-05  9.145E-01  0.000E+00  0.000E+00  1.086E+00  470    2.5839  9.42E-03 2.0203E+01 3.9261E+01    4.63E+02 0.00E+00 2.35E+02  0.694985  0.029208 4.63E+02 0.00E+00 2.35E+02  0.694745  0.029207  0.0000000E+00  0.0000000E+00  1.5016272E-06  1.3232740E-01  6.9055041E-02  1.8002404E-04 -1.2391609E-01  5.8070193E-02  8.7060992E-03 0.000 0.261 1.000 1.000 1.000 1.000 1.000 1.000 1.000 1.000 1.000 1.000 1.000 1.000 1.000 1.000 1.000 1.000 1.000 1.000 1.000 1.000 1.000 1.000 1.000 1.000 1.000 1.000 1.000 1.000 1.000 1.000 1.000 1.000 1.000 1.000 1.000 1.000 1.000 1.000  8.1996070709E-02   0.42824   1.00000   0.00000   0.00000   0.4031800E-02
  2723  2.263224517275753E+07   9.980631  4.050447  4.375166  0.6927807E+00  0.2931816E+00  2.9512695E-05  1.3445974E-03  8.4343789E-05  3.4419567E-03  4.9006632E-03  7.2428734E-06  8.3630489E-06  2.1084332E-03  1.7053625E-04  0.2566    4.375166  -8.646  0.998412  7.555174  0.3063540E+00  0.6800047E+00  2.1621611E-08  6.1006568E-05  1.6567055E-05  9.1062235E-03  2.3621035E-04  9.2728054E-07  7.9987331E-10  2.1084332E-03  1.7053625E-04  2.326E-10  5.910E-17  1.413E+11  8.840E+11  3.362E+01  9.547E+05  0.69542935  5.203E-05  5.205E-05  9.143E-01  0.000E+00  0.000E+00  1.087E+00  473    2.5839  9.42E-03 2.0150E+01 3.9211E+01    4.63E+02 0.00E+00 2.35E+02  0.695523  0.029283 4.63E+02 0.00E+00 2.35E+02  0.695429  0.029283  0.0000000E+00  0.0000000E+00  1.5143382E-06  1.3267039E-01  6.9022324E-02  1.7939262E-04 -1.2380412E-01  5.8005510E-02  8.7206182E-03 0.000 0.259 1.000 1.000 1.000 1.000 1.000 1.000 1.000 1.000 1.000 1.000 1.000 1.000 1.000 1.000 1.000 1.000 1.000 1.000 1.000 1.000 1.000 1.000 1.000 1.000 1.000 1.000 1.000 1.000 1.000 1.000 1.000 1.000 1.000 1.000 1.000 1.000 1.000 1.000  8.1980985320E-02   0.42550   1.00000   0.00000   0.00000   0.4014543E-02
  2733  2.268075828727553E+07   9.980521  4.051725  4.374839  0.6926375E+00  0.2933250E+00  2.9479254E-05  1.3419332E-03  8.4337711E-05  3.4493578E-03  4.8957783E-03  7.2446116E-06  8.3488113E-06  2.1084332E-03  1.7053625E-04  0.2565    4.374839  -8.643  0.999078  7.555473  0.3043338E+00  0.6820251E+00  2.1096911E-08  6.1086611E-05  1.6590105E-05  9.1072658E-03  2.3489151E-04  9.1933391E-07  7.9520858E-10  2.1084332E-03  1.7053625E-04  2.300E-10  5.850E-17  1.391E+11  8.603E+11  3.310E+01  9.291E+05  0.69613083  5.186E-05  5.188E-05  9.141E-01  0.000E+00  0.000E+00  1.087E+00  475    2.5384  9.42E-03 2.0091E+01 3.9158E+01    4.62E+02 0.00E+00 2.35E+02  0.696277  0.029365 4.62E+02 0.00E+00 2.35E+02  0.696131  0.029367  0.0000000E+00  0.0000000E+00  1.5289026E-06  1.3302588E-01  6.8990147E-02  1.7875067E-04 -1.2369120E-01  5.7940203E-02  8.7349314E-03 0.000 0.259 1.000 1.000 1.000 1.000 1.000 1.000 1.000 1.000 1.000 1.000 1.000 1.000 1.000 1.000 1.000 1.000 1.000 1.000 1.000 1.000 1.000 1.000 1.000 1.000 1.000 1.000 1.000 1.000 1.000 1.000 1.000 1.000 1.000 1.000 1.000 1.000 1.000 1.000  8.1965758973E-02   0.42269   1.00000   0.00000   0.00000   0.3993124E-02
  2743  2.272927140179354E+07   9.980410  4.052945  4.374544  0.6924942E+00  0.2934685E+00  2.9445863E-05  1.3392761E-03  8.4331263E-05  3.4567424E-03  4.8909033E-03  7.2463219E-06  8.3346074E-06  2.1084332E-03  1.7053625E-04  0.2558    4.374544  -8.640  0.999548  7.555774  0.3023085E+00  0.6840506E+00  2.0743223E-08  6.1140431E-05  1.6604904E-05  9.1083035E-03  2.3362226E-04  9.1224662E-07  7.9020217E-10  2.1084332E-03  1.7053625E-04  2.264E-10  5.765E-17  1.383E+11  8.551E+11  3.293E+01  9.235E+05  0.69660761  5.169E-05  5.172E-05  9.139E-01  0.000E+00  0.000E+00  1.087E+00  478    2.5384  9.42E-03 2.0036E+01 3.9106E+01    4.61E+02 0.00E+00 2.35E+02  0.696923  0.029447 4.61E+02 0.00E+00 2.34E+02  0.696608  0.029448  0.0000000E+00  0.0000000E+00  1.5431343E-06  1.3337520E-01  6.8958616E-02  1.7812389E-04 -1.2357834E-01  5.7874832E-02  8.7497434E-03 0.000 0.258 1.000 1.000 1.000 1.000 1.000 1.000 1.000 1.000 1.000 1.000 1.000 1.000 1.000 1.000 1.000 1.000 1.000 1.000 1.000 1.000 1.000 1.000 1.000 1.000 1.000 1.000 1.000 1.000 1.000 1.000 1.000 1.000 1.000 1.000 1.000 1.000 1.000 1.000  8.1950393920E-02   0.41987   1.00000   0.00000   0.00000   0.3974549E-02
  2754  2.278263582776334E+07   9.980288  4.054202  4.374224  0.6923363E+00  0.2936266E+00  2.9409192E-05  1.3363616E-03  8.4323744E-05  3.4648460E-03  4.8855524E-03  7.2481713E-06  8.3190231E-06  2.1084332E-03  1.7053625E-04  0.2552    4.374224  -8.637  0.999944  7.556104  0.3000882E+00  0.6862711E+00  2.0260019E-08  6.1206861E-05  1.6621874E-05  9.1093372E-03  2.3233809E-04  9.0522290E-07  7.8544346E-10  2.1084332E-03  1.7053625E-04  2.228E-10  5.684E-17  1.376E+11  8.524E+11  3.274E+01  9.206E+05  0.69724159  5.152E-05  5.155E-05  9.137E-01  0.000E+00  0.000E+00  1.087E+00  479    2.5555  9.42E-03 1.9979E+01 3.9052E+01    4.61E+02 0.00E+00 2.35E+02  0.697517  0.029531 4.61E+02 0.00E+00 2.34E+02  0.697242  0.029531  0.0000000E+00  0.0000000E+00  1.5575718E-06  1.3375400E-01  6.8924469E-02  1.7744825E-04 -1.2345443E-01  5.7802910E-02  8.7665267E-03 0.000 0.256 1.000 1.000 1.000 1.000 1.000 1.000 1.000 1.000 1.000 1.000 1.000 1.000 1.000 1.000 1.000 1.000 1.000 1.000 1.000 1.000 1.000 1.000 1.000 1.000 1.000 1.000 1.000 1.000 1.000 1.000 1.000 1.000 1.000 1.000 1.000 1.000 1.000 1.000  8.1933335266E-02   0.41679   1.00000   0.00000   0.00000   0.3955375E-02
  2764  2.283114894228134E+07   9.980175  4.055459  4.373921  0.6921926E+00  0.2937705E+00  2.9375904E-05  1.3337193E-03  8.4316523E-05  3.4721960E-03  4.8806981E-03  7.2498241E-06  8.3048902E-06  2.1084332E-03  1.7053625E-04  0.2547    4.373921  -8.635  1.000514  7.556413  0.2980213E+00  0.6883381E+00  1.9890542E-08  6.1267172E-05  1.6639308E-05  9.1103893E-03  2.3104085E-04  8.9780021E-07  7.8042018E-10  2.1084332E-03  1.7053625E-04  2.212E-10  5.650E-17  1.362E+11  8.391E+11  3.241E+01  9.063E+05  0.69798355  5.137E-05  5.138E-05  9.135E-01  0.000E+00  0.000E+00  1.087E+00  481    2.5384  9.42E-03 1.9921E+01 3.8997E+01    4.60E+02 0.00E+00 2.34E+02  0.698017  0.029614 4.60E+02 0.00E+00 2.34E+02  0.697984  0.029614  0.0000000E+00  0.0000000E+00  1.5716633E-06  1.3411678E-01  6.8889387E-02  1.7679236E-04 -1.2333915E-01  5.7736269E-02  8.7813906E-03 0.000 0.256 1.000 1.000 1.000 1.000 1.000 1.000 1.000 1.000 1.000 1.000 1.000 1.000 1.000 1.000 1.000 1.000 1.000 1.000 1.000 1.000 1.000 1.000 1.000 1.000 1.000 1.000 1.000 1.000 1.000 1.000 1.000 1.000 1.000 1.000 1.000 1.000 1.000 1.000  8.1917681144E-02   0.41392   1.00000   0.00000   0.00000   0.3936542E-02
  2774  2.287966205679934E+07   9.980062  4.056643  4.373617  0.6920487E+00  0.2939146E+00  2.9342669E-05  1.3310842E-03  8.4308938E-05  3.4795290E-03  4.8758540E-03  7.2514500E-06  8.2907918E-06  2.1084332E-03  1.7053625E-04  0.2541    4.373617  -8.632  1.000972  7.556720  0.2959674E+00  0.6903921E+00  1.9501389E-08  6.1329065E-05  1.6656607E-05  9.1113338E-03  2.2986377E-04  8.9120122E-07  7.7606233E-10  2.1084332E-03  1.7053625E-04  2.195E-10  5.614E-17  1.352E+11  8.318E+11  3.217E+01  8.984E+05  0.69841983  5.119E-05  5.122E-05  9.134E-01  0.000E+00  0.000E+00  1.088E+00  482    2.5384  9.42E-03 1.9867E+01 3.8947E+01    4.60E+02 0.00E+00 2.34E+02  0.698578  0.029693 4.60E+02 0.00E+00 2.34E+02  0.698420  0.029693  0.0000000E+00  0.0000000E+00  1.5854415E-06  1.3447538E-01  6.8858479E-02  1.7616712E-04 -1.2322398E-01  5.7669579E-02  8.7965860E-03 0.000 0.256 1.000 1.000 1.000 1.000 1.000 1.000 1.000 1.000 1.000 1.000 1.000 1.000 1.000 1.000 1.000 1.000 1.000 1.000 1.000 1.000 1.000 1.000 1.000 1.000 1.000 1.000 1.000 1.000 1.000 1.000 1.000 1.000 1.000 1.000 1.000 1.000 1.000 1.000  8.1901885968E-02   0.41107   1.00000   0.00000   0.00000   0.3918473E-02
  2783  2.292332385986554E+07   9.979960  4.057710  4.373334  0.6919191E+00  0.2940444E+00  2.9312802E-05  1.3287189E-03  8.4301803E-05  3.4861140E-03  4.8715032E-03  7.2528906E-06  8.2781331E-06  2.1084332E-03  1.7053625E-04  0.2536    4.373334  -8.629  1.001388  7.556997  0.2941178E+00  0.6922419E+00  1.9159283E-08  6.1385111E-05  1.6672387E-05  9.1121441E-03  2.2884903E-04  8.8534344E-07  7.7225056E-10  2.1084332E-03  1.7053625E-04  2.178E-10  5.578E-17  1.342E+11  8.254E+11  3.194E+01  8.914E+05  0.69898861  5.105E-05  5.108E-05  9.132E-01  0.000E+00  0.000E+00  1.088E+00  482    2.5384  9.42E-03 1.9818E+01 3.8902E+01    4.59E+02 0.00E+00 2.34E+02  0.699240  0.029764 4.59E+02 0.00E+00 2.34E+02  0.698989  0.029764  0.0000000E+00  0.0000000E+00  1.5985229E-06  1.3480126E-01  6.8831722E-02  1.7560858E-04 -1.2311987E-01  5.7609268E-02  8.8103039E-03 0.000 0.256 1.000 1.000 1.000 1.000 1.000 1.000 1.000 1.000 1.000 1.000 1.000 1.000 1.000 1.000 1.000 1.000 1.000 1.000 1.000 1.000 1.000 1.000 1.000 1.000 1.000 1.000 1.000 1.000 1.000 1.000 1.000 1.000 1.000 1.000 1.000 1.000 1.000 1.000  8.1887551424E-02   0.40850   1.00000   0.00000   0.00000   0.3901606E-02
  2793  2.297183697438354E+07   9.979846  4.058905  4.373036  0.6917750E+00  0.2941887E+00  2.9279666E-05  1.3260976E-03  8.4293535E-05  3.4934143E-03  4.8666788E-03  7.2544665E-06  8.2641009E-06  2.1084332E-03  1.7053625E-04  0.2529    4.373036  -8.627  1.001855  7.557307  0.2920574E+00  0.6943024E+00  1.8785673E-08  6.1447465E-05  1.6689967E-05  9.1130159E-03  2.2775401E-04  8.7894551E-07  7.6811100E-10  2.1084332E-03  1.7053625E-04  2.158E-10  5.533E-17  1.332E+11  8.183E+11  3.169E+01  8.838E+05  0.69966401  5.090E-05  5.091E-05  9.130E-01  0.000E+00  0.000E+00  1.088E+00  484    2.5384  9.42E-03 1.9763E+01 3.8850E+01    4.58E+02 0.00E+00 2.34E+02  0.699768  0.029843 4.58E+02 0.00E+00 2.34E+02  0.699664  0.029844  0.0000000E+00  0.0000000E+00  1.6123895E-06  1.3516623E-01  6.8797654E-02  1.7496539E-04 -1.2300377E-01  5.7542063E-02  8.8256569E-03 0.000 0.256 1.000 1.000 1.000 1.000 1.000 1.000 1.000 1.000 1.000 1.000 1.000 1.000 1.000 1.000 1.000 1.000 1.000 1.000 1.000 1.000 1.000 1.000 1.000 1.000 1.000 1.000 1.000 1.000 1.000 1.000 1.000 1.000 1.000 1.000 1.000 1.000 1.000 1.000  8.1871491165E-02   0.40564   1.00000   0.00000   0.00000   0.3884271E-02
  2803  2.302035008890155E+07   9.979731  4.060099  4.372718  0.6916307E+00  0.2943332E+00  2.9246582E-05  1.3234836E-03  8.4284910E-05  3.5006976E-03  4.8618648E-03  7.2560167E-06  8.2501032E-06  2.1084332E-03  1.7053625E-04  0.2523    4.372718  -8.624  1.002332  7.557621  0.2899796E+00  0.6963804E+00  1.8388031E-08  6.1513649E-05  1.6708317E-05  9.1138937E-03  2.2664611E-04  8.7239587E-07  7.6393058E-10  2.1084332E-03  1.7053625E-04  2.143E-10  5.503E-17  1.321E+11  8.101E+11  3.143E+01  8.749E+05  0.70012440  5.072E-05  5.075E-05  9.129E-01  0.000E+00  0.000E+00  1.088E+00  485    2.5470  9.42E-03 1.9708E+01 3.8798E+01    4.58E+02 0.00E+00 2.34E+02  0.700409  0.029924 4.58E+02 0.00E+00 2.34E+02  0.700124  0.029924  0.0000000E+00  0.0000000E+00  1.6269802E-06  1.3553660E-01  6.8766196E-02  1.7433218E-04 -1.2288649E-01  5.7474191E-02  8.8410521E-03 0.000 0.255 1.000 1.000 1.000 1.000 1.000 1.000 1.000 1.000 1.000 1.000 1.000 1.000 1.000 1.000 1.000 1.000 1.000 1.000 1.000 1.000 1.000 1.000 1.000 1.000 1.000 1.000 1.000 1.000 1.000 1.000 1.000 1.000 1.000 1.000 1.000 1.000 1.000 1.000  8.1855288390E-02   0.40275   1.00000   0.00000   0.00000   0.3865750E-02
  2812  2.306401189196775E+07   9.979627  4.061263  4.372430  0.6915007E+00  0.2944634E+00  2.9216851E-05  1.3211371E-03  8.4276845E-05  3.5072377E-03  4.8575411E-03  7.2573901E-06  8.2375351E-06  2.1084332E-03  1.7053625E-04  0.2516    4.372430  -8.621  1.002817  7.557912  0.2880930E+00  0.6982672E+00  1.7950763E-08  6.1580987E-05  1.6725368E-05  9.1146795E-03  2.2564300E-04  8.6648594E-07  7.6024240E-10  2.1084332E-03  1.7053625E-04  2.107E-10  5.419E-17  1.312E+11  8.050E+11  3.124E+01  8.695E+05  0.70081840  5.058E-05  5.060E-05  9.126E-01  0.000E+00  0.000E+00  1.088E+00  487    2.5384  9.42E-03 1.9653E+01 3.8747E+01    4.57E+02 0.00E+00 2.34E+02  0.700891  0.030002 4.57E+02 0.00E+00 2.34E+02  0.700818  0.030002  0.0000000E+00  0.0000000E+00  1.6407066E-06  1.3588636E-01  6.8733865E-02  1.7372390E-04 -1.2277928E-01  5.7412421E-02  8.8544699E-03 0.000 0.254 1.000 1.000 1.000 1.000 1.000 1.000 1.000 1.000 1.000 1.000 1.000 1.000 1.000 1.000 1.000 1.000 1.000 1.000 1.000 1.000 1.000 1.000 1.000 1.000 1.000 1.000 1.000 1.000 1.000 1.000 1.000 1.000 1.000 1.000 1.000 1.000 1.000 1.000  8.1840578527E-02   0.40010   1.00000   0.00000   0.00000   0.3849022E-02
  2821  2.310767369503395E+07   9.979522  4.062374  4.372125  0.6913706E+00  0.2945936E+00  2.9187159E-05  1.3187963E-03  8.4268493E-05  3.5137647E-03  4.8532254E-03  7.2587435E-06  8.2249935E-06  2.1084332E-03  1.7053625E-04  0.2514    4.372125  -8.619  1.003381  7.558202  0.2861707E+00  0.7001896E+00  1.7575321E-08  6.1646984E-05  1.6743995E-05  9.1155486E-03  2.2454476E-04  8.6002680E-07  7.5612422E-10  2.1084332E-03  1.7053625E-04  2.082E-10  5.364E-17  1.298E+11  7.908E+11  3.090E+01  8.541E+05  0.70127776  5.042E-05  5.045E-05  9.125E-01  0.000E+00  0.000E+00  1.089E+00  489    2.5156  9.42E-03 1.9602E+01 3.8698E+01    4.57E+02 0.00E+00 2.34E+02  0.701536  0.030076 4.57E+02 0.00E+00 2.34E+02  0.701278  0.030077  0.0000000E+00  0.0000000E+00  1.6545397E-06  1.3623183E-01  6.8704166E-02  1.7313768E-04 -1.2267118E-01  5.7349943E-02  8.8683724E-03 0.000 0.254 1.000 1.000 1.000 1.000 1.000 1.000 1.000 1.000 1.000 1.000 1.000 1.000 1.000 1.000 1.000 1.000 1.000 1.000 1.000 1.000 1.000 1.000 1.000 1.000 1.000 1.000 1.000 1.000 1.000 1.000 1.000 1.000 1.000 1.000 1.000 1.000 1.000 1.000  8.1825739989E-02   0.39746   1.00000   0.00000   0.00000   0.3831451E-02
  2830  2.315133549810015E+07   9.979417  4.063513  4.371816  0.6912404E+00  0.2947240E+00  2.9157510E-05  1.3164613E-03  8.4259858E-05  3.5202776E-03  4.8489183E-03  7.2600768E-06  8.2124803E-06  2.1084332E-03  1.7053625E-04  0.2509    4.371816  -8.616  1.003897  7.558497  0.2842458E+00  0.7021147E+00  1.7190087E-08  6.1710156E-05  1.6760621E-05  9.1163786E-03  2.2349723E-04  8.5407865E-07  7.5223289E-10  2.1084332E-03  1.7053625E-04  2.082E-10  5.364E-17  1.288E+11  7.818E+11  3.065E+01  8.443E+05  0.70191513  5.027E-05  5.029E-05  9.123E-01  0.000E+00  0.000E+00  1.089E+00  491    2.5098  9.42E-03 1.9549E+01 3.8649E+01    4.56E+02 0.00E+00 2.34E+02  0.702151  0.030156 4.56E+02 0.00E+00 2.34E+02  0.701915  0.030154  0.0000000E+00  0.0000000E+00  1.6691818E-06  1.3658443E-01  6.8674231E-02  1.7254426E-04 -1.2256234E-01  5.7287146E-02  8.8821447E-03 0.000 0.253 1.000 1.000 1.000 1.000 1.000 1.000 1.000 1.000 1.000 1.000 1.000 1.000 1.000 1.000 1.000 1.000 1.000 1.000 1.000 1.000 1.000 1.000 1.000 1.000 1.000 1.000 1.000 1.000 1.000 1.000 1.000 1.000 1.000 1.000 1.000 1.000 1.000 1.000  8.1810778151E-02   0.39479   1.00000   0.00000   0.00000   0.3813655E-02
  2839  2.319499730116635E+07   9.979311  4.064619  4.371516  0.6911101E+00  0.2948545E+00  2.9127905E-05  1.3141323E-03  8.4250942E-05  3.5267762E-03  4.8446199E-03  7.2613903E-06  8.1999957E-06  2.1084332E-03  1.7053625E-04  0.2504    4.371516  -8.614  1.004406  7.558792  0.2822910E+00  0.7040696E+00  1.6726569E-08  6.1790208E-05  1.6781722E-05  9.1172287E-03  2.2239918E-04  8.4755058E-07  7.4833018E-10  2.1084332E-03  1.7053625E-04  2.045E-10  5.276E-17  1.279E+11  7.750E+11  3.045E+01  8.370E+05  0.70258760  5.013E-05  5.014E-05  9.121E-01  0.000E+00  0.000E+00  1.089E+00  492    2.5098  9.42E-03 1.9496E+01 3.8600E+01    4.55E+02 0.00E+00 2.34E+02  0.702715  0.030229 4.55E+02 0.00E+00 2.34E+02  0.702588  0.030229  0.0000000E+00  0.0000000E+00  1.6826967E-06  1.3694187E-01  6.8642373E-02  1.7193823E-04 -1.2245229E-01  5.7223754E-02  8.8959694E-03 0.000 0.252 1.000 1.000 1.000 1.000 1.000 1.000 1.000 1.000 1.000 1.000 1.000 1.000 1.000 1.000 1.000 1.000 1.000 1.000 1.000 1.000 1.000 1.000 1.000 1.000 1.000 1.000 1.000 1.000 1.000 1.000 1.000 1.000 1.000 1.000 1.000 1.000 1.000 1.000  8.1795695214E-02   0.39207   1.00000   0.00000   0.00000   0.3797343E-02
  2848  2.323526318621630E+07   9.979212  4.065635  4.371224  0.6909899E+00  0.2949749E+00  2.9100638E-05  1.3119894E-03  8.4242472E-05  3.5327574E-03  4.8406631E-03  7.2625846E-06  8.1885061E-06  2.1084332E-03  1.7053625E-04  0.2501    4.371224  -8.611  1.004810  7.559069  0.2804901E+00  0.7058706E+00  1.6103185E-08  6.2029464E-05  1.6852401E-05  9.1177269E-03  2.2143567E-04  8.3492291E-07  7.4423936E-10  2.1084332E-03  1.7053625E-04  1.991E-10  5.141E-17  1.252E+11  7.474E+11  2.979E+01  8.072E+05  0.70304985  4.998E-05  4.999E-05  9.120E-01  0.000E+00  0.000E+00  1.089E+00  493    2.4926  9.42E-03 1.9448E+01 3.8553E+01    4.55E+02 0.00E+00 2.34E+02  0.703080  0.030298 4.55E+02 0.00E+00 2.34E+02  0.703050  0.030298  0.0000000E+00  0.0000000E+00  1.5253612E-06  1.3728679E-01  6.8612722E-02  1.7136185E-04 -1.2234393E-01  5.7162004E-02  8.9085075E-03 0.000 0.252 1.000 1.000 1.000 1.000 1.000 1.000 1.000 1.000 1.000 1.000 1.000 1.000 1.000 1.000 1.000 1.000 1.000 1.000 1.000 1.000 1.000 1.000 1.000 1.000 1.000 1.000 1.000 1.000 1.000 1.000 1.000 1.000 1.000 1.000 1.000 1.000 1.000 1.000  8.1781672890E-02   0.38957   1.00000   0.00000   0.00000   0.3782112E-02
  2857  2.327455880897589E+07   9.979116  4.066621  4.370939  0.6908724E+00  0.2950926E+00  2.9074064E-05  1.3099031E-03  8.4233978E-05  3.5385826E-03  4.8368090E-03  7.2637343E-06  8.1773171E-06  2.1084332E-03  1.7053625E-04  0.2496    4.370939  -8.609  1.005244  7.559321  0.2787409E+00  0.7076200E+00  1.5826579E-08  6.2083432E-05  1.6867616E-05  9.1184171E-03  2.2056150E-04  8.2924805E-07  7.4041382E-10  2.1084332E-03  1.7053625E-04  1.976E-10  5.107E-17  1.243E+11  7.414E+11  2.959E+01  8.008E+05  0.70343424  4.983E-05  4.986E-05  9.118E-01  0.000E+00  0.000E+00  1.089E+00  493    2.4926  9.42E-03 1.9402E+01 3.8511E+01    4.54E+02 0.00E+00 2.34E+02  0.703678  0.030365 4.54E+02 0.00E+00 2.34E+02  0.703434  0.030365  0.0000000E+00  0.0000000E+00  1.5369776E-06  1.3761352E-01  6.8587588E-02  1.7083346E-04 -1.2224273E-01  5.7103779E-02  8.9211168E-03 0.000 0.252 1.000 1.000 1.000 1.000 1.000 1.000 1.000 1.000 1.000 1.000 1.000 1.000 1.000 1.000 1.000 1.000 1.000 1.000 1.000 1.000 1.000 1.000 1.000 1.000 1.000 1.000 1.000 1.000 1.000 1.000 1.000 1.000 1.000 1.000 1.000 1.000 1.000 1.000  8.1767886582E-02   0.38714   1.00000   0.00000   0.00000   0.3766704E-02
  2867  2.331822061204210E+07   9.979008  4.067723  4.370644  0.6907418E+00  0.2952233E+00  2.9044580E-05  1.3075906E-03  8.4224278E-05  3.5450413E-03  4.8325350E-03  7.2649938E-06  8.1649122E-06  2.1084332E-03  1.7053625E-04  0.2490    4.370644  -8.607  1.005728  7.559622  0.2767942E+00  0.7095668E+00  1.5523247E-08  6.2144327E-05  1.6884799E-05  9.1191546E-03  2.1962148E-04  8.2370980E-07  7.3681885E-10  2.1084332E-03  1.7053625E-04  1.961E-10  5.075E-17  1.234E+11  7.350E+11  2.936E+01  7.938E+05  0.70407083  4.969E-05  4.970E-05  9.116E-01  0.000E+00  0.000E+00  1.090E+00  495    2.4926  9.42E-03 1.9350E+01 3.8461E+01    4.54E+02 0.00E+00 2.34E+02  0.704170  0.030439 4.54E+02 0.00E+00 2.34E+02  0.704071  0.030440  0.0000000E+00  0.0000000E+00  1.5493000E-06  1.3797471E-01  6.8555556E-02  1.7023118E-04 -1.2213184E-01  5.7039814E-02  8.9353654E-03 0.000 0.252 1.000 1.000 1.000 1.000 1.000 1.000 1.000 1.000 1.000 1.000 1.000 1.000 1.000 1.000 1.000 1.000 1.000 1.000 1.000 1.000 1.000 1.000 1.000 1.000 1.000 1.000 1.000 1.000 1.000 1.000 1.000 1.000 1.000 1.000 1.000 1.000 1.000 1.000  8.1752450017E-02   0.38444   1.00000   0.00000   0.00000   0.3750965E-02
  2877  2.336188241510830E+07   9.978900  4.068823  4.370330  0.6906111E+00  0.2953542E+00  2.9015141E-05  1.3052842E-03  8.4214303E-05  3.5514855E-03  4.8282699E-03  7.2662344E-06  8.1525362E-06  2.1084332E-03  1.7053625E-04  0.2484    4.370330  -8.604  1.006219  7.559924  0.2748412E+00  0.7115199E+00  1.5224495E-08  6.2205499E-05  1.6902085E-05  9.1198736E-03  2.1870213E-04  8.1827143E-07  7.3330749E-10  2.1084332E-03  1.7053625E-04  1.943E-10  5.029E-17  1.224E+11  7.287E+11  2.914E+01  7.870E+05  0.70449793  4.952E-05  4.955E-05  9.115E-01  0.000E+00  0.000E+00  1.090E+00  497    2.4926  9.42E-03 1.9298E+01 3.8413E+01    4.53E+02 0.00E+00 2.34E+02  0.704771  0.030515 4.53E+02 0.00E+00 2.34E+02  0.704498  0.030515  0.0000000E+00  0.0000000E+00  1.5622812E-06  1.3833999E-01  6.8526155E-02  1.6964024E-04 -1.2202028E-01  5.6975437E-02  8.9496491E-03 0.000 0.252 1.000 1.000 1.000 1.000 1.000 1.000 1.000 1.000 1.000 1.000 1.000 1.000 1.000 1.000 1.000 1.000 1.000 1.000 1.000 1.000 1.000 1.000 1.000 1.000 1.000 1.000 1.000 1.000 1.000 1.000 1.000 1.000 1.000 1.000 1.000 1.000 1.000 1.000  8.1736887012E-02   0.38172   1.00000   0.00000   0.00000   0.3734112E-02
  2886  2.340117803786789E+07   9.978802  4.069822  4.370045  0.6904934E+00  0.2954721E+00  2.8988684E-05  1.3032135E-03  8.4205093E-05  3.5572728E-03  4.8244391E-03  7.2673352E-06  8.1414226E-06  2.1084332E-03  1.7053625E-04  0.2479    4.370045  -8.602  1.006633  7.560165  0.2730678E+00  0.7132935E+00  1.4940110E-08  6.2260190E-05  1.6917241E-05  9.1205397E-03  2.1785386E-04  8.1336947E-07  7.3013562E-10  2.1084332E-03  1.7053625E-04  1.929E-10  4.997E-17  1.215E+11  7.214E+11  2.892E+01  7.791E+05  0.70492543  4.938E-05  4.940E-05  9.114E-01  0.000E+00  0.000E+00  1.090E+00  499    2.5012  9.42E-03 1.9250E+01 3.8367E+01    4.53E+02 0.00E+00 2.33E+02  0.705081  0.030584 4.53E+02 0.00E+00 2.33E+02  0.704925  0.030583  0.0000000E+00  0.0000000E+00  1.5732690E-06  1.3868901E-01  6.8497322E-02  1.6907468E-04 -1.2191239E-01  5.6914015E-02  8.9620304E-03 0.000 0.251 1.000 1.000 1.000 1.000 1.000 1.000 1.000 1.000 1.000 1.000 1.000 1.000 1.000 1.000 1.000 1.000 1.000 1.000 1.000 1.000 1.000 1.000 1.000 1.000 1.000 1.000 1.000 1.000 1.000 1.000 1.000 1.000 1.000 1.000 1.000 1.000 1.000 1.000  8.1722772108E-02   0.37926   1.00000   0.00000   0.00000   0.3719918E-02
  2895  2.344047366062748E+07   9.978703  4.070885  4.369744  0.6903757E+00  0.2955900E+00  2.8962263E-05  1.3011477E-03  8.4195663E-05  3.5630481E-03  4.8206156E-03  7.2684212E-06  8.1303326E-06  2.1084332E-03  1.7053625E-04  0.2478    4.369744  -8.599  1.007321  7.560446  0.2712895E+00  0.7150719E+00  1.4731744E-08  6.2307458E-05  1.6931278E-05  9.1211994E-03  2.1702416E-04  8.0851482E-07  7.2675767E-10  2.1084332E-03  1.7053625E-04  1.915E-10  4.971E-17  1.198E+11  7.021E+11  2.852E+01  7.583E+05  0.70552071  4.923E-05  4.926E-05  9.112E-01  0.000E+00  0.000E+00  1.090E+00  500    2.4926  9.42E-03 1.9200E+01 3.8321E+01    4.52E+02 0.00E+00 2.33E+02  0.705675  0.030655 4.52E+02 0.00E+00 2.33E+02  0.705521  0.030656  0.0000000E+00  0.0000000E+00  1.5857713E-06  1.3903804E-01  6.8468934E-02  1.6851419E-04 -1.2180923E-01  5.6854748E-02  8.9744898E-03 0.000 0.251 1.000 1.000 1.000 1.000 1.000 1.000 1.000 1.000 1.000 1.000 1.000 1.000 1.000 1.000 1.000 1.000 1.000 1.000 1.000 1.000 1.000 1.000 1.000 1.000 1.000 1.000 1.000 1.000 1.000 1.000 1.000 1.000 1.000 1.000 1.000 1.000 1.000 1.000  8.1708551713E-02   0.37674   1.00000   0.00000   0.00000   0.3703647E-02
  2904  2.347976928338707E+07   9.978604  4.071952  4.369458  0.6902578E+00  0.2957080E+00  2.8935873E-05  1.2990863E-03  8.4186013E-05  3.5688130E-03  4.8167985E-03  7.2694928E-06  8.1192634E-06  2.1084332E-03  1.7053625E-04  0.2469    4.369458  -8.597  1.007750  7.560729  0.2694760E+00  0.7168855E+00  1.4299425E-08  6.2392889E-05  1.6953466E-05  9.1218738E-03  2.1611761E-04  8.0286960E-07  7.2367416E-10  2.1084332E-03  1.7053625E-04  1.891E-10  4.914E-17  1.196E+11  7.046E+11  2.846E+01  7.610E+05  0.70600723  4.909E-05  4.911E-05  9.110E-01  0.000E+00  0.000E+00  1.090E+00  500    2.4926  9.42E-03 1.9149E+01 3.8273E+01    4.52E+02 0.00E+00 2.33E+02  0.706332  0.030729 4.52E+02 0.00E+00 2.33E+02  0.706007  0.030730  0.0000000E+00  0.0000000E+00  1.5988946E-06  1.3938686E-01  6.8440383E-02  1.6785252E-04 -1.2170567E-01  5.6795291E-02  8.9871787E-03 0.000 0.250 1.000 1.000 1.000 1.000 1.000 1.000 1.000 1.000 1.000 1.000 1.000 1.000 1.000 1.000 1.000 1.000 1.000 1.000 1.000 1.000 1.000 1.000 1.000 1.000 1.000 1.000 1.000 1.000 1.000 1.000 1.000 1.000 1.000 1.000 1.000 1.000 1.000 1.000  8.1694215211E-02   0.37424   1.00000   0.00000   0.00000   0.3688184E-02
  2913  2.351906490614666E+07   9.978504  4.072973  4.369152  0.6901399E+00  0.2958261E+00  2.8909519E-05  1.2970297E-03  8.4176145E-05  3.5745661E-03  4.8129887E-03  7.2705501E-06  8.1082177E-06  2.1084332E-03  1.7053625E-04  0.2467    4.369152  -8.595  1.008334  7.561017  0.2676442E+00  0.7187174E+00  1.3870504E-08  6.2477042E-05  1.6974834E-05  9.1225642E-03  2.1519530E-04  7.9738809E-07  7.2056892E-10  2.1084332E-03  1.7053625E-04  1.858E-10  4.835E-17  1.182E+11  6.908E+11  2.814E+01  7.460E+05  0.70648660  4.894E-05  4.897E-05  9.109E-01  0.000E+00  0.000E+00  1.091E+00  503    2.4811  9.42E-03 1.9100E+01 3.8226E+01    4.51E+02 0.00E+00 2.33E+02  0.706696  0.030800 4.51E+02 0.00E+00 2.33E+02  0.706487  0.030801  0.0000000E+00  0.0000000E+00  1.6106050E-06  1.3973919E-01  6.8409759E-02  1.6728316E-04 -1.2160124E-01  5.6735383E-02  8.9998800E-03 0.000 0.249 1.000 1.000 1.000 1.000 1.000 1.000 1.000 1.000 1.000 1.000 1.000 1.000 1.000 1.000 1.000 1.000 1.000 1.000 1.000 1.000 1.000 1.000 1.000 1.000 1.000 1.000 1.000 1.000 1.000 1.000 1.000 1.000 1.000 1.000 1.000 1.000 1.000 1.000  8.1679768826E-02   0.37173   1.00000   0.00000   0.00000   0.3672968E-02
  2922  2.355836052890624E+07   9.978404  4.073960  4.368837  0.6900219E+00  0.2959442E+00  2.8883203E-05  1.2949781E-03  8.4166062E-05  3.5803069E-03  4.8091865E-03  7.2715931E-06  8.0971960E-06  2.1084332E-03  1.7053625E-04  0.2460    4.368837  -8.592  1.008758  7.561302  0.2658193E+00  0.7205424E+00  1.3585071E-08  6.2538057E-05  1.6991472E-05  9.1232294E-03  2.1433781E-04  7.9256363E-07  7.1745301E-10  2.1084332E-03  1.7053625E-04  1.827E-10  4.760E-17  1.176E+11  6.877E+11  2.799E+01  7.427E+05  0.70708701  4.880E-05  4.883E-05  9.107E-01  0.000E+00  0.000E+00  1.091E+00  505    2.4639  9.42E-03 1.9053E+01 3.8181E+01    4.50E+02 0.00E+00 2.33E+02  0.707349  0.030868 4.50E+02 0.00E+00 2.33E+02  0.707087  0.030869  0.0000000E+00  0.0000000E+00  1.6230185E-06  1.4008393E-01  6.8381726E-02  1.6673839E-04 -1.2149751E-01  5.6675558E-02  9.0130910E-03 0.000 0.247 1.000 1.000 1.000 1.000 1.000 1.000 1.000 1.000 1.000 1.000 1.000 1.000 1.000 1.000 1.000 1.000 1.000 1.000 1.000 1.000 1.000 1.000 1.000 1.000 1.000 1.000 1.000 1.000 1.000 1.000 1.000 1.000 1.000 1.000 1.000 1.000 1.000 1.000  8.1665209115E-02   0.36919   1.00000   0.00000   0.00000   0.3657261E-02
  2930  2.359328997135921E+07   9.978314  4.074918  4.368543  0.6899170E+00  0.2960493E+00  2.8859839E-05  1.2931584E-03  8.4156918E-05  3.5854004E-03  4.8058126E-03  7.2725085E-06  8.0874176E-06  2.1084332E-03  1.7053625E-04  0.2456    4.368543  -8.590  1.009296  7.561566  0.2641684E+00  0.7221935E+00  1.3358202E-08  6.2585416E-05  1.7004061E-05  9.1238800E-03  2.1352003E-04  7.8795232E-07  7.1412968E-10  2.1084332E-03  1.7053625E-04  1.827E-10  4.760E-17  1.166E+11  6.784E+11  2.776E+01  7.327E+05  0.70764667  4.867E-05  4.870E-05  9.105E-01  0.000E+00  0.000E+00  1.091E+00  505    2.4639  9.42E-03 1.9006E+01 3.8136E+01    4.50E+02 0.00E+00 2.33E+02  0.707931  0.030935 4.50E+02 0.00E+00 2.33E+02  0.707647  0.030935  0.0000000E+00  0.0000000E+00  1.6351603E-06  1.4040712E-01  6.8352510E-02  1.6621572E-04 -1.2140262E-01  5.6621146E-02  9.0245259E-03 0.000 0.247 1.000 1.000 1.000 1.000 1.000 1.000 1.000 1.000 1.000 1.000 1.000 1.000 1.000 1.000 1.000 1.000 1.000 1.000 1.000 1.000 1.000 1.000 1.000 1.000 1.000 1.000 1.000 1.000 1.000 1.000 1.000 1.000 1.000 1.000 1.000 1.000 1.000 1.000  8.1652170682E-02   0.36690   1.00000   0.00000   0.00000   0.3642283E-02
  2939  2.363258559411880E+07   9.978213  4.075932  4.368233  0.6897989E+00  0.2961676E+00  2.8833592E-05  1.2911159E-03  8.4146431E-05  3.5911189E-03  4.8020242E-03  7.2735252E-06  8.0764400E-06  2.1084332E-03  1.7053625E-04  0.2453    4.368233  -8.588  1.009798  7.561857  0.2623250E+00  0.7240370E+00  1.3102624E-08  6.2644621E-05  1.7020653E-05  9.1245293E-03  2.1268304E-04  7.8320011E-07  7.1102021E-10  2.1084332E-03  1.7053625E-04  1.811E-10  4.725E-17  1.158E+11  6.724E+11  2.756E+01  7.261E+05  0.70815600  4.852E-05  4.855E-05  9.104E-01  0.000E+00  0.000E+00  1.091E+00  506    2.4639  9.42E-03 1.8957E+01 3.8088E+01    4.49E+02 0.00E+00 2.33E+02  0.708322  0.031006 4.49E+02 0.00E+00 2.33E+02  0.708156  0.031006  0.0000000E+00  0.0000000E+00  1.6471132E-06  1.4076346E-01  6.8320636E-02  1.6564403E-04 -1.2129691E-01  5.6560379E-02  9.0377176E-03 0.000 0.247 1.000 1.000 1.000 1.000 1.000 1.000 1.000 1.000 1.000 1.000 1.000 1.000 1.000 1.000 1.000 1.000 1.000 1.000 1.000 1.000 1.000 1.000 1.000 1.000 1.000 1.000 1.000 1.000 1.000 1.000 1.000 1.000 1.000 1.000 1.000 1.000 1.000 1.000  8.1637394140E-02   0.36434   1.00000   0.00000   0.00000   0.3627329E-02
  2947  2.366751503657177E+07   9.978123  4.076834  4.367950  0.6896938E+00  0.2962727E+00  2.8810294E-05  1.2893046E-03  8.4136932E-05  3.5961915E-03  4.7986633E-03  7.2744175E-06  8.0667027E-06  2.1084332E-03  1.7053625E-04  0.2448    4.367950  -8.586  1.010248  7.562118  0.2606865E+00  0.7256756E+00  1.2880904E-08  6.2697587E-05  1.7035607E-05  9.1250800E-03  2.1196860E-04  7.7899152E-07  7.0830850E-10  2.1084332E-03  1.7053625E-04  1.796E-10  4.690E-17  1.150E+11  6.671E+11  2.738E+01  7.205E+05  0.70879264  4.841E-05  4.842E-05  9.102E-01  0.000E+00  0.000E+00  1.091E+00  506    2.4639  9.42E-03 1.8913E+01 3.8046E+01    4.49E+02 0.00E+00 2.33E+02  0.708910  0.031068 4.49E+02 0.00E+00 2.33E+02  0.708793  0.031069  0.0000000E+00  0.0000000E+00  1.6586397E-06  1.4108300E-01  6.8293306E-02  1.6513988E-04 -1.2120258E-01  5.6506136E-02  9.0494702E-03 0.000 0.247 1.000 1.000 1.000 1.000 1.000 1.000 1.000 1.000 1.000 1.000 1.000 1.000 1.000 1.000 1.000 1.000 1.000 1.000 1.000 1.000 1.000 1.000 1.000 1.000 1.000 1.000 1.000 1.000 1.000 1.000 1.000 1.000 1.000 1.000 1.000 1.000 1.000 1.000  8.1624164214E-02   0.36207   1.00000   0.00000   0.00000   0.3613559E-02
  2955  2.370244447902473E+07   9.978032  4.077738  4.367665  0.6895888E+00  0.2963779E+00  2.8787026E-05  1.2874972E-03  8.4127266E-05  3.6012544E-03  4.7953085E-03  7.2752990E-06  8.0569844E-06  2.1084332E-03  1.7053625E-04  0.2443    4.367665  -8.584  1.010701  7.562380  0.2590449E+00  0.7273173E+00  1.2662403E-08  6.2750722E-05  1.7050630E-05  9.1256151E-03  2.1127169E-04  7.7482523E-07  7.0564072E-10  2.1084332E-03  1.7053625E-04  1.780E-10  4.655E-17  1.143E+11  6.619E+11  2.720E+01  7.148E+05  0.70913634  4.826E-05  4.829E-05  9.100E-01  0.000E+00  0.000E+00  1.092E+00  509    2.4466  9.42E-03 1.8869E+01 3.8004E+01    4.48E+02 0.00E+00 2.33E+02  0.709307  0.031132 4.48E+02 0.00E+00 2.33E+02  0.709136  0.031132  0.0000000E+00  0.0000000E+00  1.6697268E-06  1.4140507E-01  6.8266011E-02  1.6463544E-04 -1.2110789E-01  5.6451695E-02  9.0612683E-03 0.000 0.247 1.000 1.000 1.000 1.000 1.000 1.000 1.000 1.000 1.000 1.000 1.000 1.000 1.000 1.000 1.000 1.000 1.000 1.000 1.000 1.000 1.000 1.000 1.000 1.000 1.000 1.000 1.000 1.000 1.000 1.000 1.000 1.000 1.000 1.000 1.000 1.000 1.000 1.000  8.1610843739E-02   0.35979   1.00000   0.00000   0.00000   0.3599843E-02
  2963  2.373737392147770E+07   9.977941  4.078644  4.367379  0.6894837E+00  0.2964832E+00  2.8763788E-05  1.2856939E-03  8.4117435E-05  3.6063075E-03  4.7919598E-03  7.2761699E-06  8.0472854E-06  2.1084332E-03  1.7053625E-04  0.2438    4.367379  -8.582  1.011161  7.562643  0.2573941E+00  0.7289682E+00  1.2425072E-08  6.2808931E-05  1.7066890E-05  9.1261444E-03  2.1057317E-04  7.7054951E-07  7.0301210E-10  2.1084332E-03  1.7053625E-04  1.762E-10  4.613E-17  1.135E+11  6.556E+11  2.700E+01  7.080E+05  0.70977310  4.815E-05  4.816E-05  9.098E-01  0.000E+00  0.000E+00  1.092E+00  511    2.4552  9.42E-03 1.8825E+01 3.7961E+01    4.48E+02 0.00E+00 2.33E+02  0.709896  0.031195 4.48E+02 0.00E+00 2.33E+02  0.709773  0.031195  0.0000000E+00  0.0000000E+00  1.6814677E-06  1.4173061E-01  6.8239071E-02  1.6413091E-04 -1.2101254E-01  5.6396893E-02  9.0730996E-03 0.000 0.246 1.000 1.000 1.000 1.000 1.000 1.000 1.000 1.000 1.000 1.000 1.000 1.000 1.000 1.000 1.000 1.000 1.000 1.000 1.000 1.000 1.000 1.000 1.000 1.000 1.000 1.000 1.000 1.000 1.000 1.000 1.000 1.000 1.000 1.000 1.000 1.000 1.000 1.000  8.1597431932E-02   0.35749   1.00000   0.00000   0.00000   0.3586111E-02
  2971  2.377230336393067E+07   9.977849  4.079554  4.367091  0.6893785E+00  0.2965885E+00  2.8740582E-05  1.2838944E-03  8.4107441E-05  3.6113508E-03  4.7886171E-03  7.2770304E-06  8.0376055E-06  2.1084332E-03  1.7053625E-04  0.2433    4.367091  -8.580  1.011627  7.562910  0.2557356E+00  0.7306267E+00  1.2212699E-08  6.2861258E-05  1.7081546E-05  9.1266790E-03  2.0987830E-04  7.6639993E-07  7.0029578E-10  2.1084332E-03  1.7053625E-04  1.710E-10  4.485E-17  1.127E+11  6.505E+11  2.683E+01  7.025E+05  0.71010955  4.800E-05  4.803E-05  9.097E-01  0.000E+00  0.000E+00  1.092E+00  511    2.4552  9.42E-03 1.8781E+01 3.7919E+01    4.47E+02 0.00E+00 2.33E+02  0.710380  0.031258 4.47E+02 0.00E+00 2.33E+02  0.710110  0.031259  0.0000000E+00  0.0000000E+00  1.6930186E-06  1.4205899E-01  6.8211896E-02  1.6362451E-04 -1.2091678E-01  5.6341856E-02  9.0849862E-03 0.000 0.246 1.000 1.000 1.000 1.000 1.000 1.000 1.000 1.000 1.000 1.000 1.000 1.000 1.000 1.000 1.000 1.000 1.000 1.000 1.000 1.000 1.000 1.000 1.000 1.000 1.000 1.000 1.000 1.000 1.000 1.000 1.000 1.000 1.000 1.000 1.000 1.000 1.000 1.000  8.1583928108E-02   0.35519   1.00000   0.00000   0.00000   0.3572452E-02
  2979  2.380723280638364E+07   9.977757  4.080488  4.366783  0.6892734E+00  0.2966938E+00  2.8717407E-05  1.2820990E-03  8.4097283E-05  3.6163840E-03  4.7852808E-03  7.2778806E-06  8.0279454E-06  2.1084332E-03  1.7053625E-04  0.2428    4.366783  -8.578  1.012174  7.563178  0.2540458E+00  0.7323167E+00  1.1735576E-08  6.2969493E-05  1.7108411E-05  9.1271867E-03  2.0912553E-04  7.6137007E-07  6.9822848E-10  2.1084332E-03  1.7053625E-04  1.710E-10  4.485E-17  1.118E+11  6.416E+11  2.660E+01  6.929E+05  0.71076875  4.788E-05  4.790E-05  9.095E-01  0.000E+00  0.000E+00  1.092E+00  514    2.4466  9.42E-03 1.8734E+01 3.7876E+01    4.47E+02 0.00E+00 2.33E+02  0.710930  0.031322 4.47E+02 0.00E+00 2.33E+02  0.710769  0.031324  0.0000000E+00  0.0000000E+00  1.7048891E-06  1.4240339E-01  6.8184666E-02  1.6310177E-04 -1.2081905E-01  5.6285957E-02  9.0963460E-03 0.000 0.245 1.000 1.000 1.000 1.000 1.000 1.000 1.000 1.000 1.000 1.000 1.000 1.000 1.000 1.000 1.000 1.000 1.000 1.000 1.000 1.000 1.000 1.000 1.000 1.000 1.000 1.000 1.000 1.000 1.000 1.000 1.000 1.000 1.000 1.000 1.000 1.000 1.000 1.000  8.1570331742E-02   0.35284   1.00000   0.00000   0.00000   0.3557982E-02
  2987  2.384216224883660E+07   9.977664  4.081452  4.366471  0.6891681E+00  0.2967992E+00  2.8694258E-05  1.2803072E-03  8.4086961E-05  3.6214084E-03  4.7819500E-03  7.2787207E-06  8.0183025E-06  2.1084332E-03  1.7053625E-04  0.2429    4.366471  -8.575  1.012806  7.563454  0.2523817E+00  0.7339809E+00  1.1510824E-08  6.3021636E-05  1.7122102E-05  9.1276915E-03  2.0846597E-04  7.5745826E-07  6.9572779E-10  2.1084332E-03  1.7053625E-04  1.716E-10  4.505E-17  1.101E+11  6.254E+11  2.621E+01  6.754E+05  0.71122420  4.773E-05  4.777E-05  9.094E-01  0.000E+00  0.000E+00  1.092E+00  514    2.4466  9.42E-03 1.8687E+01 3.7828E+01    4.46E+02 0.00E+00 2.33E+02  0.711419  0.031393 4.46E+02 0.00E+00 2.33E+02  0.711224  0.031392  0.0000000E+00  0.0000000E+00  1.7175951E-06  1.4274594E-01  6.8152885E-02  1.6256212E-04 -1.2072154E-01  5.6230115E-02  9.1080659E-03 0.000 0.245 1.000 1.000 1.000 1.000 1.000 1.000 1.000 1.000 1.000 1.000 1.000 1.000 1.000 1.000 1.000 1.000 1.000 1.000 1.000 1.000 1.000 1.000 1.000 1.000 1.000 1.000 1.000 1.000 1.000 1.000 1.000 1.000 1.000 1.000 1.000 1.000 1.000 1.000  8.1556630499E-02   0.35056   1.00000   0.00000   0.00000   0.3543189E-02
  2995  2.387709169128957E+07   9.977571  4.082403  4.366166  0.6890629E+00  0.2969046E+00  2.8671142E-05  1.2785194E-03  8.4076478E-05  3.6264227E-03  4.7786256E-03  7.2795508E-06  8.0086794E-06  2.1084332E-03  1.7053625E-04  0.2423    4.366166  -8.573  1.013333  7.563728  0.2506786E+00  0.7356841E+00  1.1280032E-08  6.3080510E-05  1.7138033E-05  9.1282551E-03  2.0772780E-04  7.5313400E-07  6.9289526E-10  2.1084332E-03  1.7053625E-04  1.693E-10  4.451E-17  1.094E+11  6.190E+11  2.603E+01  6.685E+05  0.71189703  4.761E-05  4.763E-05  9.092E-01  0.000E+00  0.000E+00  1.093E+00  516    2.4350  9.42E-03 1.8640E+01 3.7783E+01    4.46E+02 0.00E+00 2.33E+02  0.712000  0.031459 4.46E+02 0.00E+00 2.33E+02  0.711897  0.031459  0.0000000E+00  0.0000000E+00  1.7301733E-06  1.4308981E-01  6.8124019E-02  1.6203739E-04 -1.2062326E-01  5.6173749E-02  9.1198761E-03 0.000 0.244 1.000 1.000 1.000 1.000 1.000 1.000 1.000 1.000 1.000 1.000 1.000 1.000 1.000 1.000 1.000 1.000 1.000 1.000 1.000 1.000 1.000 1.000 1.000 1.000 1.000 1.000 1.000 1.000 1.000 1.000 1.000 1.000 1.000 1.000 1.000 1.000 1.000 1.000  8.1542829864E-02   0.34819   1.00000   0.00000   0.00000   0.3528850E-02
  3003  2.391202113374254E+07   9.977477  4.083343  4.365862  0.6889576E+00  0.2970100E+00  2.8648054E-05  1.2767355E-03  8.4065833E-05  3.6314275E-03  4.7753070E-03  7.2803710E-06  7.9990746E-06  2.1084332E-03  1.7053625E-04  0.2415    4.365862  -8.571  1.013791  7.564010  0.2489627E+00  0.7374001E+00  1.1208563E-08  6.3110561E-05  1.7148832E-05  9.1288590E-03  2.0698816E-04  7.4898026E-07  6.8946455E-10  2.1084332E-03  1.7053625E-04  1.660E-10  4.368E-17  1.092E+11  6.209E+11  2.600E+01  6.706E+05  0.71224481  4.746E-05  4.749E-05  9.091E-01  0.000E+00  0.000E+00  1.093E+00  518    2.4350  9.42E-03 1.8594E+01 3.7739E+01    4.45E+02 0.00E+00 2.33E+02  0.712423  0.031526 4.45E+02 0.00E+00 2.33E+02  0.712245  0.031526  0.0000000E+00  0.0000000E+00  1.7421762E-06  1.4343419E-01  6.8095549E-02  1.6151672E-04 -1.2052391E-01  5.6116787E-02  9.1320417E-03 0.000 0.244 1.000 1.000 1.000 1.000 1.000 1.000 1.000 1.000 1.000 1.000 1.000 1.000 1.000 1.000 1.000 1.000 1.000 1.000 1.000 1.000 1.000 1.000 1.000 1.000 1.000 1.000 1.000 1.000 1.000 1.000 1.000 1.000 1.000 1.000 1.000 1.000 1.000 1.000  8.1528928979E-02   0.34578   1.00000   0.00000   0.00000   0.3514735E-02
  3010  2.394258439588888E+07   9.977395  4.084176  4.365561  0.6888654E+00  0.2971023E+00  2.8627880E-05  1.2751779E-03  8.4056389E-05  3.6357983E-03  4.7724086E-03  7.2810806E-06  7.9906870E-06  2.1084332E-03  1.7053625E-04  0.2413    4.365561  -8.569  1.014330  7.564234  0.2474438E+00  0.7389191E+00  1.0923230E-08  6.3182900E-05  1.7167595E-05  9.1293415E-03  2.0632128E-04  7.4475486E-07  6.8716335E-10  2.1084332E-03  1.7053625E-04  1.660E-10  4.368E-17  1.082E+11  6.102E+11  2.575E+01  6.591E+05  0.71288941  4.735E-05  4.737E-05  9.089E-01  0.000E+00  0.000E+00  1.093E+00  519    2.4176  9.42E-03 1.8552E+01 3.7699E+01    4.45E+02 0.00E+00 2.33E+02  0.713073  0.031586 4.45E+02 0.00E+00 2.33E+02  0.712889  0.031585  0.0000000E+00  0.0000000E+00  1.7541901E-06  1.4376032E-01  6.8070544E-02  1.6103488E-04 -1.2043139E-01  5.6064422E-02  9.1418502E-03 0.000 0.242 1.000 1.000 1.000 1.000 1.000 1.000 1.000 1.000 1.000 1.000 1.000 1.000 1.000 1.000 1.000 1.000 1.000 1.000 1.000 1.000 1.000 1.000 1.000 1.000 1.000 1.000 1.000 1.000 1.000 1.000 1.000 1.000 1.000 1.000 1.000 1.000 1.000 1.000  8.1516686412E-02   0.34367   1.00000   0.00000   0.00000   0.3501390E-02
  3018  2.397751383834185E+07   9.977301  4.085142  4.365255  0.6887601E+00  0.2972078E+00  2.8604851E-05  1.2734014E-03  8.4045447E-05  3.6407844E-03  4.7691018E-03  7.2818825E-06  7.9811187E-06  2.1084332E-03  1.7053625E-04  0.2407    4.365255  -8.567  1.014853  7.564513  0.2457115E+00  0.7406515E+00  1.0723380E-08  6.3233899E-05  1.7181560E-05  9.1299056E-03  2.0559513E-04  7.4077191E-07  6.8437923E-10  2.1084332E-03  1.7053625E-04  1.645E-10  4.332E-17  1.075E+11  6.050E+11  2.558E+01  6.534E+05  0.71323575  4.720E-05  4.723E-05  9.087E-01  0.000E+00  0.000E+00  1.093E+00  519    2.4176  9.42E-03 1.8504E+01 3.7653E+01    4.44E+02 0.00E+00 2.32E+02  0.713417  0.031654 4.44E+02 0.00E+00 2.32E+02  0.713236  0.031654  0.0000000E+00  0.0000000E+00  1.7661919E-06  1.4411942E-01  6.8040616E-02  1.6049587E-04 -1.2032932E-01  5.6006173E-02  9.1537341E-03 0.000 0.242 1.000 1.000 1.000 1.000 1.000 1.000 1.000 1.000 1.000 1.000 1.000 1.000 1.000 1.000 1.000 1.000 1.000 1.000 1.000 1.000 1.000 1.000 1.000 1.000 1.000 1.000 1.000 1.000 1.000 1.000 1.000 1.000 1.000 1.000 1.000 1.000 1.000 1.000  8.1502597916E-02   0.34127   1.00000   0.00000   0.00000   0.3487522E-02
  3026  2.401244328079482E+07   9.977206  4.086068  4.364945  0.6886547E+00  0.2973133E+00  2.8581854E-05  1.2716290E-03  8.4034347E-05  3.6457604E-03  4.7658014E-03  7.2826748E-06  7.9715701E-06  2.1084332E-03  1.7053625E-04  0.2404    4.364945  -8.565  1.015375  7.564797  0.2439871E+00  0.7423760E+00  1.0522269E-08  6.3291706E-05  1.7197866E-05  9.1304160E-03  2.0491837E-04  7.3677551E-07  6.8182252E-10  2.1084332E-03  1.7053625E-04  1.629E-10  4.296E-17  1.067E+11  5.996E+11  2.540E+01  6.476E+05  0.71387987  4.707E-05  4.709E-05  9.085E-01  0.000E+00  0.000E+00  1.093E+00  521    2.4176  9.42E-03 1.8459E+01 3.7608E+01    4.44E+02 0.00E+00 2.32E+02  0.714017  0.031719 4.44E+02 0.00E+00 2.32E+02  0.713880  0.031720  0.0000000E+00  0.0000000E+00  1.7789262E-06  1.4447311E-01  6.8011860E-02  1.5997101E-04 -1.2022912E-01  5.5948750E-02  9.1658769E-03 0.000 0.242 1.000 1.000 1.000 1.000 1.000 1.000 1.000 1.000 1.000 1.000 1.000 1.000 1.000 1.000 1.000 1.000 1.000 1.000 1.000 1.000 1.000 1.000 1.000 1.000 1.000 1.000 1.000 1.000 1.000 1.000 1.000 1.000 1.000 1.000 1.000 1.000 1.000 1.000  8.1488409856E-02   0.33887   1.00000   0.00000   0.00000   0.3473705E-02
  3034  2.404737272324779E+07   9.977110  4.086996  4.364636  0.6885493E+00  0.2974188E+00  2.8558889E-05  1.2698605E-03  8.4023090E-05  3.6507263E-03  4.7625073E-03  7.2834577E-06  7.9620410E-06  2.1084332E-03  1.7053625E-04  0.2398    4.364636  -8.563  1.015900  7.565082  0.2422611E+00  0.7441021E+00  1.0324974E-08  6.3349773E-05  1.7214298E-05  9.1309071E-03  2.0426324E-04  7.3279237E-07  6.7929777E-10  2.1084332E-03  1.7053625E-04  1.614E-10  4.260E-17  1.060E+11  5.943E+11  2.522E+01  6.418E+05  0.71422547  4.693E-05  4.696E-05  9.084E-01  0.000E+00  0.000E+00  1.093E+00  522    2.4176  9.42E-03 1.8412E+01 3.7564E+01    4.43E+02 0.00E+00 2.32E+02  0.714413  0.031786 4.43E+02 0.00E+00 2.32E+02  0.714225  0.031786  0.0000000E+00  0.0000000E+00  1.7911254E-06  1.4482958E-01  6.7982794E-02  1.5944440E-04 -1.2012861E-01  5.5891144E-02  9.1780699E-03 0.000 0.242 1.000 1.000 1.000 1.000 1.000 1.000 1.000 1.000 1.000 1.000 1.000 1.000 1.000 1.000 1.000 1.000 1.000 1.000 1.000 1.000 1.000 1.000 1.000 1.000 1.000 1.000 1.000 1.000 1.000 1.000 1.000 1.000 1.000 1.000 1.000 1.000 1.000 1.000  8.1474121985E-02   0.33647   1.00000   0.00000   0.00000   0.3460000E-02
  3042  2.408186554767009E+07   9.977016  4.087903  4.364324  0.6884452E+00  0.2975231E+00  2.8536244E-05  1.2681182E-03  8.4011822E-05  3.6556201E-03  4.7592607E-03  7.2842217E-06  7.9526504E-06  2.1084332E-03  1.7053625E-04  0.2393    4.364324  -8.561  1.016370  7.565366  0.2405522E+00  0.7458111E+00  9.9822042E-09  6.3533818E-05  1.7266700E-05  9.1311964E-03  2.0362839E-04  7.2679091E-07  6.7834891E-10  2.1084332E-03  1.7053625E-04  1.569E-10  4.143E-17  1.044E+11  5.802E+11  2.485E+01  6.267E+05  0.71486068  4.680E-05  4.682E-05  9.082E-01  0.000E+00  0.000E+00  1.094E+00  523    2.4176  9.42E-03 1.8366E+01 3.7519E+01    4.43E+02 0.00E+00 2.32E+02  0.714974  0.031851 4.43E+02 0.00E+00 2.32E+02  0.714861  0.031851  0.0000000E+00  0.0000000E+00  1.6234451E-06  1.4518971E-01  6.7954009E-02  1.5891759E-04 -1.2002649E-01  5.5832885E-02  9.1900027E-03 0.000 0.242 1.000 1.000 1.000 1.000 1.000 1.000 1.000 1.000 1.000 1.000 1.000 1.000 1.000 1.000 1.000 1.000 1.000 1.000 1.000 1.000 1.000 1.000 1.000 1.000 1.000 1.000 1.000 1.000 1.000 1.000 1.000 1.000 1.000 1.000 1.000 1.000 1.000 1.000  8.1459914002E-02   0.33410   1.00000   0.00000   0.00000   0.3446581E-02
  3050  2.411330204587775E+07   9.976929  4.088748  4.364031  0.6883503E+00  0.2976181E+00  2.8515631E-05  1.2665336E-03  8.4001421E-05  3.6600718E-03  4.7563072E-03  7.2849102E-06  7.9441085E-06  2.1084332E-03  1.7053625E-04  0.2388    4.364031  -8.559  1.016814  7.565611  0.2389832E+00  0.7473802E+00  9.7689611E-09  6.3652099E-05  1.7303069E-05  9.1315439E-03  2.0303637E-04  7.1868830E-07  6.7373079E-10  2.1084332E-03  1.7053625E-04  1.569E-10  4.143E-17  1.035E+11  5.728E+11  2.464E+01  6.186E+05  0.71515218  4.666E-05  4.669E-05  9.081E-01  0.000E+00  0.000E+00  1.094E+00  525    2.4089  9.42E-03 1.8324E+01 3.7478E+01    4.42E+02 0.00E+00 2.32E+02  0.715321  0.031911 4.42E+02 0.00E+00 2.32E+02  0.715152  0.031911  0.0000000E+00  0.0000000E+00  1.6334182E-06  1.4552934E-01  6.7928173E-02  1.5842935E-04 -1.1993031E-01  5.5778301E-02  9.2006583E-03 0.000 0.241 1.000 1.000 1.000 1.000 1.000 1.000 1.000 1.000 1.000 1.000 1.000 1.000 1.000 1.000 1.000 1.000 1.000 1.000 1.000 1.000 1.000 1.000 1.000 1.000 1.000 1.000 1.000 1.000 1.000 1.000 1.000 1.000 1.000 1.000 1.000 1.000 1.000 1.000  8.1446881175E-02   0.33192   1.00000   0.00000   0.00000   0.3434152E-02
  3058  2.414473854408541E+07   9.976842  4.089605  4.363716  0.6882554E+00  0.2977131E+00  2.8495046E-05  1.2649524E-03  8.3990896E-05  3.6645150E-03  4.7533590E-03  7.2855913E-06  7.9355829E-06  2.1084332E-03  1.7053625E-04  0.2389    4.363716  -8.557  1.017502  7.565873  0.2374123E+00  0.7489512E+00  9.5999127E-09  6.3706310E-05  1.7318501E-05  9.1319714E-03  2.0246020E-04  7.1487326E-07  6.7125790E-10  2.1084332E-03  1.7053625E-04  1.555E-10  4.111E-17  1.021E+11  5.569E+11  2.430E+01  6.015E+05  0.71575318  4.654E-05  4.657E-05  9.079E-01  0.000E+00  0.000E+00  1.094E+00  526    2.4089  9.42E-03 1.8281E+01 3.7438E+01    4.42E+02 0.00E+00 2.32E+02  0.715918  0.031971 4.42E+02 0.00E+00 2.32E+02  0.715753  0.031973  0.0000000E+00  0.0000000E+00  1.6443025E-06  1.4587079E-01  6.7903143E-02  1.5794514E-04 -1.1983684E-01  5.5724983E-02  9.2112927E-03 0.000 0.241 1.000 1.000 1.000 1.000 1.000 1.000 1.000 1.000 1.000 1.000 1.000 1.000 1.000 1.000 1.000 1.000 1.000 1.000 1.000 1.000 1.000 1.000 1.000 1.000 1.000 1.000 1.000 1.000 1.000 1.000 1.000 1.000 1.000 1.000 1.000 1.000 1.000 1.000  8.1433764901E-02   0.32971   1.00000   0.00000   0.00000   0.3420265E-02
  3067  2.418010460456902E+07   9.976744  4.090627  4.363392  0.6881486E+00  0.2978201E+00  2.8471915E-05  1.2631770E-03  8.3978906E-05  3.6695048E-03  4.7500479E-03  7.2863490E-06  7.9260086E-06  2.1084332E-03  1.7053625E-04  0.2383    4.363392  -8.555  1.018125  7.566179  0.2356033E+00  0.7507603E+00  9.2123113E-09  6.3820176E-05  1.7347158E-05  9.1324443E-03  2.0173736E-04  7.0990327E-07  6.6910709E-10  2.1084332E-03  1.7053625E-04  1.529E-10  4.046E-17  1.013E+11  5.515E+11  2.412E+01  5.956E+05  0.71630496  4.640E-05  4.642E-05  9.078E-01  0.000E+00  0.000E+00  1.094E+00  528    2.4002  9.42E-03 1.8229E+01 3.7388E+01    4.41E+02 0.00E+00 2.32E+02  0.716370  0.032045 4.41E+02 0.00E+00 2.32E+02  0.716305  0.032046  0.0000000E+00  0.0000000E+00  1.6567302E-06  1.4626243E-01  6.7870737E-02  1.5737540E-04 -1.1973096E-01  5.5664729E-02  9.2232508E-03 0.000 0.241 1.000 1.000 1.000 1.000 1.000 1.000 1.000 1.000 1.000 1.000 1.000 1.000 1.000 1.000 1.000 1.000 1.000 1.000 1.000 1.000 1.000 1.000 1.000 1.000 1.000 1.000 1.000 1.000 1.000 1.000 1.000 1.000 1.000 1.000 1.000 1.000 1.000 1.000  8.1418899547E-02   0.32723   1.00000   0.00000   0.00000   0.3406188E-02
  3075  2.421154110277668E+07   9.976656  4.091496  4.363103  0.6880536E+00  0.2979152E+00  2.8451380E-05  1.2616023E-03  8.3968116E-05  3.6739316E-03  4.7471100E-03  7.2870149E-06  7.9175148E-06  2.1084332E-03  1.7053625E-04  0.2378    4.363103  -8.553  1.018670  7.566452  0.2339854E+00  0.7523782E+00  9.0570094E-09  6.3868154E-05  1.7360286E-05  9.1329389E-03  2.0109555E-04  7.0620662E-07  6.6641897E-10  2.1084332E-03  1.7053625E-04  1.507E-10  3.994E-17  1.008E+11  5.474E+11  2.399E+01  5.912E+05  0.71675005  4.627E-05  4.630E-05  9.076E-01  0.000E+00  0.000E+00  1.094E+00  529    2.3895  9.42E-03 1.8186E+01 3.7346E+01    4.41E+02 0.00E+00 2.32E+02  0.716904  0.032107 4.41E+02 0.00E+00 2.32E+02  0.716750  0.032109  0.0000000E+00  0.0000000E+00  1.6679439E-06  1.4660454E-01  6.7844570E-02  1.5689025E-04 -1.1963698E-01  5.5611044E-02  9.2342797E-03 0.000 0.240 1.000 1.000 1.000 1.000 1.000 1.000 1.000 1.000 1.000 1.000 1.000 1.000 1.000 1.000 1.000 1.000 1.000 1.000 1.000 1.000 1.000 1.000 1.000 1.000 1.000 1.000 1.000 1.000 1.000 1.000 1.000 1.000 1.000 1.000 1.000 1.000 1.000 1.000  8.1405590842E-02   0.32498   1.00000   0.00000   0.00000   0.3393764E-02
  3084  2.424690716326030E+07   9.976556  4.092460  4.362776  0.6879468E+00  0.2980222E+00  2.8428310E-05  1.2598347E-03  8.3955831E-05  3.6789018E-03  4.7438112E-03  7.2877556E-06  7.9079782E-06  2.1084332E-03  1.7053625E-04  0.2372    4.362776  -8.551  1.019235  7.566756  0.2321818E+00  0.7541820E+00  8.9321058E-09  6.3912480E-05  1.7373707E-05  9.1334481E-03  2.0044135E-04  7.0257747E-07  6.6367756E-10  2.1084332E-03  1.7053625E-04  1.480E-10  3.925E-17  1.003E+11  5.453E+11  2.386E+01  5.889E+05  0.71724358  4.613E-05  4.615E-05  9.074E-01  0.000E+00  0.000E+00  1.095E+00  530    2.3895  9.42E-03 1.8138E+01 3.7299E+01    4.40E+02 0.00E+00 2.32E+02  0.717305  0.032177 4.40E+02 0.00E+00 2.32E+02  0.717244  0.032178  0.0000000E+00  0.0000000E+00  1.6798117E-06  1.4698699E-01  6.7814133E-02  1.5634522E-04 -1.1953133E-01  5.5550593E-02  9.2469755E-03 0.000 0.240 1.000 1.000 1.000 1.000 1.000 1.000 1.000 1.000 1.000 1.000 1.000 1.000 1.000 1.000 1.000 1.000 1.000 1.000 1.000 1.000 1.000 1.000 1.000 1.000 1.000 1.000 1.000 1.000 1.000 1.000 1.000 1.000 1.000 1.000 1.000 1.000 1.000 1.000  8.1390514785E-02   0.32246   1.00000   0.00000   0.00000   0.3379762E-02
  3092  2.427834366146795E+07   9.976468  4.093367  4.362469  0.6878518E+00  0.2981173E+00  2.8407830E-05  1.2582668E-03  8.3944781E-05  3.6833113E-03  4.7408844E-03  7.2884066E-06  7.8995178E-06  2.1084332E-03  1.7053625E-04  0.2367    4.362469  -8.548  1.019830  7.567035  0.2305371E+00  0.7558268E+00  8.6887174E-09  6.3988708E-05  1.7393341E-05  9.1339111E-03  1.9979040E-04  6.9843926E-07  6.6128356E-10  2.1084332E-03  1.7053625E-04  1.465E-10  3.892E-17  9.934E+10  5.361E+11  2.364E+01  5.790E+05  0.71765545  4.600E-05  4.602E-05  9.073E-01  0.000E+00  0.000E+00  1.095E+00  533    2.3733  9.42E-03 1.8093E+01 3.7256E+01    4.39E+02 0.00E+00 2.32E+02  0.717919  0.032245 4.39E+02 0.00E+00 2.32E+02  0.717655  0.032244  0.0000000E+00  0.0000000E+00  1.6921273E-06  1.4734498E-01  6.7789294E-02  1.5585432E-04 -1.1943495E-01  5.5495684E-02  9.2578429E-03 0.000 0.238 1.000 1.000 1.000 1.000 1.000 1.000 1.000 1.000 1.000 1.000 1.000 1.000 1.000 1.000 1.000 1.000 1.000 1.000 1.000 1.000 1.000 1.000 1.000 1.000 1.000 1.000 1.000 1.000 1.000 1.000 1.000 1.000 1.000 1.000 1.000 1.000 1.000 1.000  8.1377019759E-02   0.32019   1.00000   0.00000   0.00000   0.3366408E-02
  3100  2.430978015967561E+07   9.976379  4.094224  4.362185  0.6877567E+00  0.2982124E+00  2.8387376E-05  1.2567022E-03  8.3933609E-05  3.6877126E-03  4.7379627E-03  7.2890507E-06  7.8910731E-06  2.1084332E-03  1.7053625E-04  0.2362    4.362185  -8.547  1.020369  7.567313  0.2289066E+00  0.7574574E+00  8.5261056E-09  6.4044974E-05  1.7409075E-05  9.1343515E-03  1.9919586E-04  6.9499784E-07  6.5904096E-10  2.1084332E-03  1.7053625E-04  1.465E-10  3.892E-17  9.866E+10  5.312E+11  2.348E+01  5.737E+05  0.71818447  4.588E-05  4.590E-05  9.071E-01  0.000E+00  0.000E+00  1.095E+00  532    2.3733  9.42E-03 1.8050E+01 3.7213E+01    4.39E+02 0.00E+00 2.32E+02  0.718203  0.032307 4.39E+02 0.00E+00 2.32E+02  0.718184  0.032306  0.0000000E+00  0.0000000E+00  1.7024309E-06  1.4769414E-01  6.7760218E-02  1.5535566E-04 -1.1933975E-01  5.5441311E-02  9.2691259E-03 0.000 0.238 1.000 1.000 1.000 1.000 1.000 1.000 1.000 1.000 1.000 1.000 1.000 1.000 1.000 1.000 1.000 1.000 1.000 1.000 1.000 1.000 1.000 1.000 1.000 1.000 1.000 1.000 1.000 1.000 1.000 1.000 1.000 1.000 1.000 1.000 1.000 1.000 1.000 1.000  8.1363436115E-02   0.31793   1.00000   0.00000   0.00000   0.3354771E-02
  3108  2.434121665788327E+07   9.976289  4.095079  4.361890  0.6876617E+00  0.2983076E+00  2.8366949E-05  1.2551408E-03  8.3922318E-05  3.6921055E-03  4.7350463E-03  7.2896881E-06  7.8826445E-06  2.1084332E-03  1.7053625E-04  0.2358    4.361890  -8.545  1.020909  7.567591  0.2272786E+00  0.7590854E+00  8.3674545E-09  6.4102350E-05  1.7425303E-05  9.1347667E-03  1.9862812E-04  6.9153782E-07  6.5684828E-10  2.1084332E-03  1.7053625E-04  1.451E-10  3.858E-17  9.798E+10  5.264E+11  2.332E+01  5.685E+05  0.71860886  4.575E-05  4.577E-05  9.070E-01  0.000E+00  0.000E+00  1.095E+00  532    2.3733  9.42E-03 1.8007E+01 3.7171E+01    4.38E+02 0.00E+00 2.32E+02  0.718740  0.032368 4.38E+02 0.00E+00 2.32E+02  0.718609  0.032369  0.0000000E+00  0.0000000E+00  1.7137501E-06  1.4804612E-01  6.7734292E-02  1.5487092E-04 -1.1924423E-01  5.5386732E-02  9.2804197E-03 0.000 0.238 1.000 1.000 1.000 1.000 1.000 1.000 1.000 1.000 1.000 1.000 1.000 1.000 1.000 1.000 1.000 1.000 1.000 1.000 1.000 1.000 1.000 1.000 1.000 1.000 1.000 1.000 1.000 1.000 1.000 1.000 1.000 1.000 1.000 1.000 1.000 1.000 1.000 1.000  8.1349764294E-02   0.31567   1.00000   0.00000   0.00000   0.3342547E-02
  3116  2.437265315609093E+07   9.976199  4.095936  4.361602  0.6875667E+00  0.2984027E+00  2.8346548E-05  1.2535828E-03  8.3910907E-05  3.6964901E-03  4.7321352E-03  7.2903187E-06  7.8742319E-06  2.1084332E-03  1.7053625E-04  0.2353    4.361602  -8.543  1.021454  7.567870  0.2256489E+00  0.7607153E+00  8.2116648E-09  6.4159904E-05  1.7441618E-05  9.1351681E-03  1.9807586E-04  6.8809689E-07  6.5468234E-10  2.1084332E-03  1.7053625E-04  1.438E-10  3.823E-17  9.731E+10  5.217E+11  2.316E+01  5.634E+05  0.71887319  4.561E-05  4.564E-05  9.069E-01  0.000E+00  0.000E+00  1.095E+00  534    2.3733  9.42E-03 1.7964E+01 3.7130E+01    4.38E+02 0.00E+00 2.32E+02  0.719047  0.032431 4.38E+02 0.00E+00 2.31E+02  0.718873  0.032431  0.0000000E+00  0.0000000E+00  1.7244275E-06  1.4840064E-01  6.7708534E-02  1.5438670E-04 -1.1914844E-01  5.5332003E-02  9.2917627E-03 0.000 0.238 1.000 1.000 1.000 1.000 1.000 1.000 1.000 1.000 1.000 1.000 1.000 1.000 1.000 1.000 1.000 1.000 1.000 1.000 1.000 1.000 1.000 1.000 1.000 1.000 1.000 1.000 1.000 1.000 1.000 1.000 1.000 1.000 1.000 1.000 1.000 1.000 1.000 1.000  8.1336004631E-02   0.31340   1.00000   0.00000   0.00000   0.3330694E-02
  3124  2.440408965429859E+07   9.976109  4.096795  4.361297  0.6874717E+00  0.2984979E+00  2.8326175E-05  1.2520280E-03  8.3899377E-05  3.7008663E-03  4.7292295E-03  7.2909426E-06  7.8658355E-06  2.1084332E-03  1.7053625E-04  0.2348    4.361297  -8.541  1.021981  7.568127  0.2240166E+00  0.7623476E+00  8.0599520E-09  6.4214529E-05  1.7457144E-05  9.1355635E-03  1.9753520E-04  6.8476728E-07  6.5257524E-10  2.1084332E-03  1.7053625E-04  1.422E-10  3.784E-17  9.661E+10  5.167E+11  2.299E+01  5.580E+05  0.71944146  4.550E-05  4.551E-05  9.067E-01  0.000E+00  0.000E+00  1.095E+00  535    2.3733  9.42E-03 1.7920E+01 3.7088E+01    4.37E+02 0.00E+00 2.31E+02  0.719588  0.032494 4.37E+02 0.00E+00 2.31E+02  0.719441  0.032494  0.0000000E+00  0.0000000E+00  1.7360396E-06  1.4877131E-01  6.7682878E-02  1.5388853E-04 -1.1904754E-01  5.5274860E-02  9.3027045E-03 0.000 0.238 1.000 1.000 1.000 1.000 1.000 1.000 1.000 1.000 1.000 1.000 1.000 1.000 1.000 1.000 1.000 1.000 1.000 1.000 1.000 1.000 1.000 1.000 1.000 1.000 1.000 1.000 1.000 1.000 1.000 1.000 1.000 1.000 1.000 1.000 1.000 1.000 1.000 1.000  8.1322157853E-02   0.31113   1.00000   0.00000   0.00000   0.3318355E-02
  3133  2.443945571478220E+07   9.976007  4.097767  4.360982  0.6873648E+00  0.2986049E+00  2.8303286E-05  1.2502827E-03  8.3886264E-05  3.7057797E-03  4.7259668E-03  7.2916368E-06  7.8564084E-06  2.1084332E-03  1.7053625E-04  0.2343    4.360982  -8.539  1.022610  7.568447  0.2221674E+00  0.7641969E+00  7.8759171E-09  6.4283744E-05  1.7476446E-05  9.1360039E-03  1.9691953E-04  6.8080649E-07  6.5014917E-10  2.1084332E-03  1.7053625E-04  1.408E-10  3.752E-17  9.581E+10  5.106E+11  2.280E+01  5.515E+05  0.71968800  4.534E-05  4.537E-05  9.067E-01  0.000E+00  0.000E+00  1.096E+00  537    2.3652  9.42E-03 1.7871E+01 3.7041E+01    4.37E+02 0.00E+00 2.31E+02  0.719869  0.032565 4.37E+02 0.00E+00 2.31E+02  0.719688  0.032565  0.0000000E+00  0.0000000E+00  1.7479636E-06  1.4917758E-01  6.7653090E-02  1.5333804E-04 -1.1893874E-01  5.5212740E-02  9.3155562E-03 0.000 0.237 1.000 1.000 1.000 1.000 1.000 1.000 1.000 1.000 1.000 1.000 1.000 1.000 1.000 1.000 1.000 1.000 1.000 1.000 1.000 1.000 1.000 1.000 1.000 1.000 1.000 1.000 1.000 1.000 1.000 1.000 1.000 1.000 1.000 1.000 1.000 1.000 1.000 1.000  8.1306473170E-02   0.30857   1.00000   0.00000   0.00000   0.3305672E-02
  3141  2.447089221298986E+07   9.975916  4.098716  4.360682  0.6872697E+00  0.2987001E+00  2.8282968E-05  1.2487348E-03  8.3874482E-05  3.7101384E-03  4.7230721E-03  7.2922470E-06  7.8480455E-06  2.1084332E-03  1.7053625E-04  0.2336    4.360682  -8.536  1.023233  7.568740  0.2205079E+00  0.7658565E+00  7.6667383E-09  6.4354520E-05  1.7494419E-05  9.1363919E-03  1.9636315E-04  6.7723628E-07  6.4805408E-10  2.1084332E-03  1.7053625E-04  1.380E-10  3.682E-17  9.520E+10  5.066E+11  2.266E+01  5.471E+05  0.72026135  4.522E-05  4.523E-05  9.065E-01  0.000E+00  0.000E+00  1.096E+00  540    2.3571  9.42E-03 1.7824E+01 3.6995E+01    4.36E+02 0.00E+00 2.31E+02  0.720460  0.032634 4.36E+02 0.00E+00 2.31E+02  0.720261  0.032634  0.0000000E+00  0.0000000E+00  1.7608496E-06  1.4956199E-01  6.7626466E-02  1.5282678E-04 -1.1883918E-01  5.5156280E-02  9.3263779E-03 0.000 0.236 1.000 1.000 1.000 1.000 1.000 1.000 1.000 1.000 1.000 1.000 1.000 1.000 1.000 1.000 1.000 1.000 1.000 1.000 1.000 1.000 1.000 1.000 1.000 1.000 1.000 1.000 1.000 1.000 1.000 1.000 1.000 1.000 1.000 1.000 1.000 1.000 1.000 1.000  8.1292432353E-02   0.30624   1.00000   0.00000   0.00000   0.3293171E-02
  3149  2.450232871119752E+07   9.975824  4.099626  4.360379  0.6871746E+00  0.2987953E+00  2.8262672E-05  1.2471898E-03  8.3862581E-05  3.7144898E-03  4.7201821E-03  7.2928509E-06  7.8396967E-06  2.1084332E-03  1.7053625E-04  0.2335    4.360379  -8.534  1.023946  7.569034  0.2188176E+00  0.7675469E+00  7.5001487E-09  6.4422022E-05  1.7513454E-05  9.1368268E-03  1.9575628E-04  6.7334199E-07  6.4565714E-10  2.1084332E-03  1.7053625E-04  1.380E-10  3.682E-17  9.421E+10  4.966E+11  2.242E+01  5.363E+05  0.72056891  4.507E-05  4.510E-05  9.064E-01  0.000E+00  0.000E+00  1.096E+00  539    2.3571  9.42E-03 1.7778E+01 3.6950E+01    4.36E+02 0.00E+00 2.31E+02  0.720741  0.032702 4.36E+02 0.00E+00 2.31E+02  0.720569  0.032701  0.0000000E+00  0.0000000E+00  1.7725007E-06  1.4993806E-01  6.7598837E-02  1.5222409E-04 -1.1874003E-01  5.5099777E-02  9.3377541E-03 0.000 0.236 1.000 1.000 1.000 1.000 1.000 1.000 1.000 1.000 1.000 1.000 1.000 1.000 1.000 1.000 1.000 1.000 1.000 1.000 1.000 1.000 1.000 1.000 1.000 1.000 1.000 1.000 1.000 1.000 1.000 1.000 1.000 1.000 1.000 1.000 1.000 1.000 1.000 1.000  8.1278292295E-02   0.30391   1.00000   0.00000   0.00000   0.3280483E-02
  3157  2.453376520940518E+07   9.975732  4.100528  4.360073  0.6870795E+00  0.2988905E+00  2.8242403E-05  1.2456481E-03  8.3850564E-05  3.7188326E-03  4.7172976E-03  7.2934486E-06  7.8313642E-06  2.1084332E-03  1.7053625E-04  0.2330    4.360073  -8.532  1.024596  7.569332  0.2171234E+00  0.7692411E+00  7.3186676E-09  6.4488567E-05  1.7531009E-05  9.1372468E-03  1.9516928E-04  6.6982787E-07  6.4345990E-10  2.1084332E-03  1.7053625E-04  1.360E-10  3.631E-17  9.343E+10  4.897E+11  2.224E+01  5.289E+05  0.72113118  4.495E-05  4.497E-05  9.062E-01  0.000E+00  0.000E+00  1.096E+00  540    2.3463  9.42E-03 1.7732E+01 3.6906E+01    4.35E+02 0.00E+00 2.31E+02  0.721250  0.032769 4.35E+02 0.00E+00 2.31E+02  0.721131  0.032768  0.0000000E+00  0.0000000E+00  1.7848910E-06  1.5032001E-01  6.7571942E-02  1.5171957E-04 -1.1864010E-01  5.5042949E-02  9.3490146E-03 0.000 0.235 1.000 1.000 1.000 1.000 1.000 1.000 1.000 1.000 1.000 1.000 1.000 1.000 1.000 1.000 1.000 1.000 1.000 1.000 1.000 1.000 1.000 1.000 1.000 1.000 1.000 1.000 1.000 1.000 1.000 1.000 1.000 1.000 1.000 1.000 1.000 1.000 1.000 1.000  8.1264059074E-02   0.30156   1.00000   0.00000   0.00000   0.3268123E-02
  3165  2.456520170761284E+07   9.975639  4.101383  4.359756  0.6869845E+00  0.2989857E+00  2.8222161E-05  1.2441097E-03  8.3838432E-05  3.7231672E-03  4.7144183E-03  7.2940401E-06  7.8230476E-06  2.1084332E-03  1.7053625E-04  0.2326    4.359756  -8.530  1.025281  7.569629  0.2154207E+00  0.7709439E+00  7.1035320E-09  6.4581206E-05  1.7556170E-05  9.1376232E-03  1.9458832E-04  6.6589658E-07  6.4157114E-10  2.1084332E-03  1.7053625E-04  1.333E-10  3.564E-17  9.248E+10  4.805E+11  2.201E+01  5.189E+05  0.72151222  4.482E-05  4.484E-05  9.061E-01  0.000E+00  0.000E+00  1.096E+00  541    2.3301  9.42E-03 1.7688E+01 3.6864E+01    4.35E+02 0.00E+00 2.31E+02  0.721550  0.032830 4.35E+02 0.00E+00 2.31E+02  0.721512  0.032831  0.0000000E+00  0.0000000E+00  1.7956042E-06  1.5070734E-01  6.7545429E-02  1.5121408E-04 -1.1853894E-01  5.4985532E-02  9.3602394E-03 0.000 0.234 1.000 1.000 1.000 1.000 1.000 1.000 1.000 1.000 1.000 1.000 1.000 1.000 1.000 1.000 1.000 1.000 1.000 1.000 1.000 1.000 1.000 1.000 1.000 1.000 1.000 1.000 1.000 1.000 1.000 1.000 1.000 1.000 1.000 1.000 1.000 1.000 1.000 1.000  8.1249733295E-02   0.29920   1.00000   0.00000   0.00000   0.3256190E-02
  3173  2.459663820582050E+07   9.975546  4.102290  4.359437  0.6868894E+00  0.2990809E+00  2.8201945E-05  1.2425744E-03  8.3826184E-05  3.7274935E-03  4.7115444E-03  7.2946255E-06  7.8147468E-06  2.1084332E-03  1.7053625E-04  0.2321    4.359437  -8.528  1.025920  7.569934  0.2137046E+00  0.7726601E+00  6.9535531E-09  6.4637394E-05  1.7571209E-05  9.1380564E-03  1.9400315E-04  6.6243255E-07  6.3912926E-10  2.1084332E-03  1.7053625E-04  1.318E-10  3.528E-17  9.181E+10  4.754E+11  2.185E+01  5.134E+05  0.72186219  4.468E-05  4.471E-05  9.059E-01  0.000E+00  0.000E+00  1.096E+00  543    2.3301  9.42E-03 1.7643E+01 3.6821E+01    4.34E+02 0.00E+00 2.31E+02  0.722239  0.032898 4.34E+02 0.00E+00 2.31E+02  0.721862  0.032898  0.0000000E+00  0.0000000E+00  1.8089257E-06  1.5109447E-01  6.7520697E-02  1.5071945E-04 -1.1843820E-01  5.4928129E-02  9.3717517E-03 0.000 0.234 1.000 1.000 1.000 1.000 1.000 1.000 1.000 1.000 1.000 1.000 1.000 1.000 1.000 1.000 1.000 1.000 1.000 1.000 1.000 1.000 1.000 1.000 1.000 1.000 1.000 1.000 1.000 1.000 1.000 1.000 1.000 1.000 1.000 1.000 1.000 1.000 1.000 1.000  8.1235307440E-02   0.29681   1.00000   0.00000   0.00000   0.3243283E-02
  3181  2.462807470402816E+07   9.975453  4.103167  4.359116  0.6867943E+00  0.2991762E+00  2.8181757E-05  1.2410425E-03  8.3813822E-05  3.7318113E-03  4.7086758E-03  7.2952048E-06  7.8064622E-06  2.1084332E-03  1.7053625E-04  0.2315    4.359116  -8.526  1.026539  7.570236  0.2119998E+00  0.7743650E+00  6.8101187E-09  6.4700217E-05  1.7588956E-05  9.1384404E-03  1.9346182E-04  6.5909797E-07  6.3703751E-10  2.1084332E-03  1.7053625E-04  1.304E-10  3.494E-17  9.113E+10  4.705E+11  2.169E+01  5.082E+05  0.72240747  4.455E-05  4.457E-05  9.058E-01  0.000E+00  0.000E+00  1.097E+00  543    2.3301  9.42E-03 1.7597E+01 3.6775E+01    4.34E+02 0.00E+00 2.31E+02  0.722453  0.032963 4.34E+02 0.00E+00 2.31E+02  0.722407  0.032963  0.0000000E+00  0.0000000E+00  1.8200685E-06  1.5148001E-01  6.7488654E-02  1.5019631E-04 -1.1833771E-01  5.4870874E-02  9.3834125E-03 0.000 0.234 1.000 1.000 1.000 1.000 1.000 1.000 1.000 1.000 1.000 1.000 1.000 1.000 1.000 1.000 1.000 1.000 1.000 1.000 1.000 1.000 1.000 1.000 1.000 1.000 1.000 1.000 1.000 1.000 1.000 1.000 1.000 1.000 1.000 1.000 1.000 1.000 1.000 1.000  8.1220787137E-02   0.29445   1.00000   0.00000   0.00000   0.3231270E-02
  3188  2.465558163995986E+07   9.975371  4.103936  4.358823  0.6867111E+00  0.2992595E+00  2.8164115E-05  1.2397049E-03  8.3802913E-05  3.7355823E-03  4.7061703E-03  7.2957069E-06  7.7992269E-06  2.1084332E-03  1.7053625E-04  0.2310    4.358823  -8.525  1.027085  7.570503  0.2105079E+00  0.7758570E+00  6.6872929E-09  6.4755430E-05  1.7604617E-05  9.1387630E-03  1.9300305E-04  6.5617294E-07  6.3521878E-10  2.1084332E-03  1.7053625E-04  1.304E-10  3.494E-17  9.053E+10  4.664E+11  2.155E+01  5.037E+05  0.72283347  4.444E-05  4.445E-05  9.056E-01  0.000E+00  0.000E+00  1.097E+00  543    2.3301  9.42E-03 1.7557E+01 3.6736E+01    4.33E+02 0.00E+00 2.31E+02  0.722984  0.033019 4.33E+02 0.00E+00 2.31E+02  0.722833  0.033020  0.0000000E+00  0.0000000E+00  1.8311955E-06  1.5182031E-01  6.7464127E-02  1.4975354E-04 -1.1824948E-01  5.4820569E-02  9.3936253E-03 0.000 0.234 1.000 1.000 1.000 1.000 1.000 1.000 1.000 1.000 1.000 1.000 1.000 1.000 1.000 1.000 1.000 1.000 1.000 1.000 1.000 1.000 1.000 1.000 1.000 1.000 1.000 1.000 1.000 1.000 1.000 1.000 1.000 1.000 1.000 1.000 1.000 1.000 1.000 1.000  8.1208000702E-02   0.29237   1.00000   0.00000   0.00000   0.3220124E-02
  3195  2.468308857589156E+07   9.975289  4.104706  4.358530  0.6866279E+00  0.2993428E+00  2.8146495E-05  1.2383698E-03  8.3791918E-05  3.7393466E-03  4.7036692E-03  7.2962044E-06  7.7920042E-06  2.1084332E-03  1.7053625E-04  0.2308    4.358530  -8.523  1.027635  7.570770  0.2090140E+00  0.7773510E+00  6.5663810E-09  6.4810813E-05  1.7620347E-05  9.1390766E-03  1.9255414E-04  6.5326448E-07  6.3341838E-10  2.1084332E-03  1.7053625E-04  1.291E-10  3.460E-17  8.995E+10  4.622E+11  2.141E+01  4.992E+05  0.72311098  4.431E-05  4.434E-05  9.055E-01  0.000E+00  0.000E+00  1.097E+00  543    2.3301  9.42E-03 1.7517E+01 3.6697E+01    4.33E+02 0.00E+00 2.31E+02  0.723407  0.033077 4.33E+02 0.00E+00 2.30E+02  0.723111  0.033077  0.0000000E+00  0.0000000E+00  1.8420399E-06  1.5216302E-01  6.7439404E-02  1.4930965E-04 -1.1816100E-01  5.4770126E-02  9.4038757E-03 0.000 0.234 1.000 1.000 1.000 1.000 1.000 1.000 1.000 1.000 1.000 1.000 1.000 1.000 1.000 1.000 1.000 1.000 1.000 1.000 1.000 1.000 1.000 1.000 1.000 1.000 1.000 1.000 1.000 1.000 1.000 1.000 1.000 1.000 1.000 1.000 1.000 1.000 1.000 1.000  8.1195138710E-02   0.29030   1.00000   0.00000   0.00000   0.3209020E-02
  3202  2.471059551182326E+07   9.975206  4.105476  4.358237  0.6865447E+00  0.2994261E+00  2.8128898E-05  1.2370373E-03  8.3780838E-05  3.7431041E-03  4.7011723E-03  7.2966974E-06  7.7847943E-06  2.1084332E-03  1.7053625E-04  0.2303    4.358237  -8.521  1.028192  7.571040  0.2075134E+00  0.7788516E+00  6.4354447E-09  6.4871842E-05  1.7637453E-05  9.1393818E-03  1.9210576E-04  6.5026118E-07  6.3166975E-10  2.1084332E-03  1.7053625E-04  1.274E-10  3.417E-17  8.931E+10  4.573E+11  2.126E+01  4.939E+05  0.72365414  4.420E-05  4.422E-05  9.053E-01  0.000E+00  0.000E+00  1.097E+00  547    2.3219  9.42E-03 1.7477E+01 3.6656E+01    4.32E+02 0.00E+00 2.30E+02  0.723730  0.033134 4.32E+02 0.00E+00 2.30E+02  0.723654  0.033134  0.0000000E+00  0.0000000E+00  1.8525948E-06  1.5250872E-01  6.7411573E-02  1.4885101E-04 -1.1807205E-01  5.4719442E-02  9.4141634E-03 0.000 0.233 1.000 1.000 1.000 1.000 1.000 1.000 1.000 1.000 1.000 1.000 1.000 1.000 1.000 1.000 1.000 1.000 1.000 1.000 1.000 1.000 1.000 1.000 1.000 1.000 1.000 1.000 1.000 1.000 1.000 1.000 1.000 1.000 1.000 1.000 1.000 1.000 1.000 1.000  8.1182201474E-02   0.28821   1.00000   0.00000   0.00000   0.3198090E-02
  3209  2.473810244775496E+07   9.975123  4.106239  4.357922  0.6864615E+00  0.2995093E+00  2.8111322E-05  1.2357074E-03  8.3769673E-05  3.7468550E-03  4.6986798E-03  7.2971860E-06  7.7775974E-06  2.1084332E-03  1.7053625E-04  0.2298    4.357922  -8.520  1.028737  7.571292  0.2060052E+00  0.7803599E+00  6.3175453E-09  6.4924278E-05  1.7652228E-05  9.1397014E-03  1.9165509E-04  6.4737561E-07  6.2981295E-10  2.1084332E-03  1.7053625E-04  1.274E-10  3.417E-17  8.870E+10  4.529E+11  2.111E+01  4.892E+05  0.72397140  4.407E-05  4.410E-05  9.052E-01  0.000E+00  0.000E+00  1.097E+00  548    2.3219  9.42E-03 1.7438E+01 3.6619E+01    4.32E+02 0.00E+00 2.30E+02  0.724366  0.033191 4.32E+02 0.00E+00 2.30E+02  0.723971  0.033191  0.0000000E+00  0.0000000E+00  1.8643178E-06  1.5286816E-01  6.7389721E-02  1.4840765E-04 -1.1797888E-01  5.4666728E-02  9.4241240E-03 0.000 0.233 1.000 1.000 1.000 1.000 1.000 1.000 1.000 1.000 1.000 1.000 1.000 1.000 1.000 1.000 1.000 1.000 1.000 1.000 1.000 1.000 1.000 1.000 1.000 1.000 1.000 1.000 1.000 1.000 1.000 1.000 1.000 1.000 1.000 1.000 1.000 1.000 1.000 1.000  8.1169186631E-02   0.28612   1.00000   0.00000   0.00000   0.3186462E-02
  3216  2.476560938368666E+07   9.975040  4.107113  4.357610  0.6863784E+00  0.2995926E+00  2.8093768E-05  1.2343801E-03  8.3758423E-05  3.7505993E-03  4.6961914E-03  7.2976703E-06  7.7704128E-06  2.1084332E-03  1.7053625E-04  0.2297    4.357610  -8.518  1.029504  7.571572  0.2044913E+00  0.7818739E+00  6.2030429E-09  6.4975445E-05  1.7666512E-05  9.1400201E-03  1.9120766E-04  6.4456607E-07  6.2796853E-10  2.1084332E-03  1.7053625E-04  1.234E-10  3.315E-17  8.817E+10  4.492E+11  2.098E+01  4.851E+05  0.72458066  4.396E-05  4.397E-05  9.050E-01  0.000E+00  0.000E+00  1.097E+00  550    2.3219  9.42E-03 1.7392E+01 3.6572E+01    4.31E+02 0.00E+00 2.30E+02  0.724638  0.033258 4.31E+02 0.00E+00 2.30E+02  0.724581  0.033257  0.0000000E+00  0.0000000E+00  1.8762844E-06  1.5323823E-01  6.7357931E-02  1.4791235E-04 -1.1788718E-01  5.4614852E-02  9.4339356E-03 0.000 0.233 1.000 1.000 1.000 1.000 1.000 1.000 1.000 1.000 1.000 1.000 1.000 1.000 1.000 1.000 1.000 1.000 1.000 1.000 1.000 1.000 1.000 1.000 1.000 1.000 1.000 1.000 1.000 1.000 1.000 1.000 1.000 1.000 1.000 1.000 1.000 1.000 1.000 1.000  8.1156089494E-02   0.28402   1.00000   0.00000   0.00000   0.3174519E-02
  3223  2.479311631961836E+07   9.974956  4.107935  4.357306  0.6862952E+00  0.2996759E+00  2.8076232E-05  1.2330551E-03  8.3747088E-05  3.7543375E-03  4.6937070E-03  7.2981504E-06  7.7632400E-06  2.1084332E-03  1.7053625E-04  0.2291    4.357306  -8.516  1.030090  7.571855  0.2029326E+00  0.7834326E+00  6.0184731E-09  6.5059969E-05  1.7688424E-05  9.1403491E-03  1.9069547E-04  6.4098467E-07  6.2609412E-10  2.1084332E-03  1.7053625E-04  1.228E-10  3.302E-17  8.728E+10  4.403E+11  2.077E+01  4.755E+05  0.72502676  4.383E-05  4.385E-05  9.049E-01  0.000E+00  0.000E+00  1.098E+00  551    2.3138  9.42E-03 1.7349E+01 3.6531E+01    4.31E+02 0.00E+00 2.30E+02  0.725170  0.033319 4.31E+02 0.00E+00 2.30E+02  0.725027  0.033318  0.0000000E+00  0.0000000E+00  1.8884182E-06  1.5360620E-01  6.7332823E-02  1.4745086E-04 -1.1779476E-01  5.4562393E-02  9.4440067E-03 0.000 0.232 1.000 1.000 1.000 1.000 1.000 1.000 1.000 1.000 1.000 1.000 1.000 1.000 1.000 1.000 1.000 1.000 1.000 1.000 1.000 1.000 1.000 1.000 1.000 1.000 1.000 1.000 1.000 1.000 1.000 1.000 1.000 1.000 1.000 1.000 1.000 1.000 1.000 1.000  8.1142906714E-02   0.28185   1.00000   0.00000   0.00000   0.3163063E-02
  3230  2.482062325555006E+07   9.974872  4.108746  4.356988  0.6862120E+00  0.2997592E+00  2.8058719E-05  1.2317327E-03  8.3735669E-05  3.7580690E-03  4.6912268E-03  7.2986262E-06  7.7560799E-06  2.1084332E-03  1.7053625E-04  0.2286    4.356988  -8.514  1.030746  7.572140  0.2013804E+00  0.7849849E+00  5.8777220E-09  6.5122885E-05  1.7704977E-05  9.1406832E-03  1.9021228E-04  6.3802430E-07  6.2424523E-10  2.1084332E-03  1.7053625E-04  1.228E-10  3.302E-17  8.660E+10  4.343E+11  2.061E+01  4.691E+05  0.72533319  4.370E-05  4.373E-05  9.048E-01  0.000E+00  0.000E+00  1.098E+00  552    2.3029  9.42E-03 1.7307E+01 3.6489E+01    4.30E+02 0.00E+00 2.30E+02  0.725504  0.033382 4.30E+02 0.00E+00 2.30E+02  0.725333  0.033379  0.0000000E+00  0.0000000E+00  1.8999889E-06  1.5397466E-01  6.7305931E-02  1.4698345E-04 -1.1770258E-01  5.4510092E-02  9.4541294E-03 0.000 0.231 1.000 1.000 1.000 1.000 1.000 1.000 1.000 1.000 1.000 1.000 1.000 1.000 1.000 1.000 1.000 1.000 1.000 1.000 1.000 1.000 1.000 1.000 1.000 1.000 1.000 1.000 1.000 1.000 1.000 1.000 1.000 1.000 1.000 1.000 1.000 1.000 1.000 1.000  8.1129642865E-02   0.27970   1.00000   0.00000   0.00000   0.3151332E-02
  3237  2.484577245411621E+07   9.974795  4.109418  4.356657  0.6861360E+00  0.2998353E+00  2.8042728E-05  1.2305261E-03  8.3725157E-05  3.7614744E-03  4.6889632E-03  7.2990575E-06  7.7495453E-06  2.1084332E-03  1.7053625E-04  0.2284    4.356657  -8.512  1.031271  7.572387  0.1999565E+00  0.7864089E+00  5.5915231E-09  6.5409515E-05  1.7786786E-05  9.1406509E-03  1.8977424E-04  6.2969031E-07  6.2256716E-10  2.1084332E-03  1.7053625E-04  1.183E-10  3.181E-17  8.494E+10  4.170E+11  2.022E+01  4.503E+05  0.72592903  4.359E-05  4.362E-05  9.046E-01  0.000E+00  0.000E+00  1.098E+00  553    2.3029  9.42E-03 1.7270E+01 3.6452E+01    4.30E+02 0.00E+00 2.30E+02  0.726092  0.033430 4.30E+02 0.00E+00 2.30E+02  0.725929  0.033430  0.0000000E+00  0.0000000E+00  1.7194839E-06  1.5433016E-01  6.7280917E-02  1.4653845E-04 -1.1761123E-01  5.4458984E-02  9.4628920E-03 0.000 0.229 1.000 1.000 1.000 1.000 1.000 1.000 1.000 1.000 1.000 1.000 1.000 1.000 1.000 1.000 1.000 1.000 1.000 1.000 1.000 1.000 1.000 1.000 1.000 1.000 1.000 1.000 1.000 1.000 1.000 1.000 1.000 1.000 1.000 1.000 1.000 1.000 1.000 1.000  8.1117448005E-02   0.27773   1.00000   0.00000   0.00000   0.3140207E-02
  3244  2.487052869645476E+07   9.974718  4.110162  4.356343  0.6860612E+00  0.2999102E+00  2.8027005E-05  1.2293405E-03  8.3714744E-05  3.7648211E-03  4.6867386E-03  7.2994787E-06  7.7431234E-06  2.1084332E-03  1.7053625E-04  0.2279    4.356343  -8.511  1.031852  7.572629  0.1985392E+00  0.7878263E+00  5.5174790E-09  6.5453197E-05  1.7800178E-05  9.1409774E-03  1.8932951E-04  6.2635104E-07  6.1996578E-10  2.1084332E-03  1.7053625E-04  1.170E-10  3.146E-17  8.460E+10  4.151E+11  2.013E+01  4.483E+05  0.72627097  4.347E-05  4.350E-05  9.045E-01  0.000E+00  0.000E+00  1.098E+00  554    2.2947  9.42E-03 1.7230E+01 3.6413E+01    4.30E+02 0.00E+00 2.30E+02  0.726544  0.033487 4.30E+02 0.00E+00 2.30E+02  0.726271  0.033486  0.0000000E+00  0.0000000E+00  1.7296754E-06  1.5467526E-01  6.7255680E-02  1.4610447E-04 -1.1752466E-01  5.4410146E-02  9.4719531E-03 0.000 0.229 1.000 1.000 1.000 1.000 1.000 1.000 1.000 1.000 1.000 1.000 1.000 1.000 1.000 1.000 1.000 1.000 1.000 1.000 1.000 1.000 1.000 1.000 1.000 1.000 1.000 1.000 1.000 1.000 1.000 1.000 1.000 1.000 1.000 1.000 1.000 1.000 1.000 1.000  8.1105371279E-02   0.27575   1.00000   0.00000   0.00000   0.3129069E-02
  3251  2.489528493879331E+07   9.974642  4.110880  4.356052  0.6859864E+00  0.2999851E+00  2.8011302E-05  1.2281570E-03  8.3704264E-05  3.7681620E-03  4.6845177E-03  7.2998965E-06  7.7367125E-06  2.1084332E-03  1.7053625E-04  0.2274    4.356052  -8.509  1.032403  7.572884  0.1971352E+00  0.7892304E+00  5.4180439E-09  6.5506636E-05  1.7815225E-05  9.1412595E-03  1.8891970E-04  6.2379484E-07  6.1834520E-10  2.1084332E-03  1.7053625E-04  1.157E-10  3.114E-17  8.407E+10  4.112E+11  2.001E+01  4.441E+05  0.72679919  4.337E-05  4.339E-05  9.043E-01  0.000E+00  0.000E+00  1.098E+00  554    2.2947  9.42E-03 1.7192E+01 3.6374E+01    4.29E+02 0.00E+00 2.30E+02  0.726836  0.033540 4.29E+02 0.00E+00 2.30E+02  0.726799  0.033540  0.0000000E+00  0.0000000E+00  1.7387154E-06  1.5501315E-01  6.7228227E-02  1.4566953E-04 -1.1744002E-01  5.4362193E-02  9.4812357E-03 0.000 0.229 1.000 1.000 1.000 1.000 1.000 1.000 1.000 1.000 1.000 1.000 1.000 1.000 1.000 1.000 1.000 1.000 1.000 1.000 1.000 1.000 1.000 1.000 1.000 1.000 1.000 1.000 1.000 1.000 1.000 1.000 1.000 1.000 1.000 1.000 1.000 1.000 1.000 1.000  8.1093227448E-02   0.27380   1.00000   0.00000   0.00000   0.3119013E-02
  3258  2.492004118113185E+07   9.974565  4.111585  4.355745  0.6859116E+00  0.3000600E+00  2.7995618E-05  1.2269758E-03  8.3693719E-05  3.7714972E-03  4.6823005E-03  7.3003111E-06  7.7303125E-06  2.1084332E-03  1.7053625E-04  0.2270    4.355745  -8.508  1.032963  7.573145  0.1957326E+00  0.7906330E+00  5.3201553E-09  6.5561848E-05  1.7830873E-05  9.1415270E-03  1.8852351E-04  6.2122359E-07  6.1675815E-10  2.1084332E-03  1.7053625E-04  1.157E-10  3.114E-17  8.354E+10  4.075E+11  1.988E+01  4.401E+05  0.72727798  4.326E-05  4.328E-05  9.041E-01  0.000E+00  0.000E+00  1.098E+00  554    2.2947  9.42E-03 1.7155E+01 3.6336E+01    4.29E+02 0.00E+00 2.30E+02  0.727429  0.033594 4.29E+02 0.00E+00 2.30E+02  0.727278  0.033593  0.0000000E+00  0.0000000E+00  1.7490069E-06  1.5534820E-01  6.7204028E-02  1.4525333E-04 -1.1735670E-01  5.4314778E-02  9.4906721E-03 0.000 0.229 1.000 1.000 1.000 1.000 1.000 1.000 1.000 1.000 1.000 1.000 1.000 1.000 1.000 1.000 1.000 1.000 1.000 1.000 1.000 1.000 1.000 1.000 1.000 1.000 1.000 1.000 1.000 1.000 1.000 1.000 1.000 1.000 1.000 1.000 1.000 1.000 1.000 1.000  8.1081015081E-02   0.27185   1.00000   0.00000   0.00000   0.3108010E-02
  3265  2.494479742347040E+07   9.974488  4.112293  4.355446  0.6858368E+00  0.3001349E+00  2.7979953E-05  1.2257967E-03  8.3683110E-05  3.7748266E-03  4.6800870E-03  7.3007223E-06  7.7239234E-06  2.1084332E-03  1.7053625E-04  0.2265    4.355446  -8.506  1.033527  7.573407  0.1943289E+00  0.7920367E+00  5.2238959E-09  6.5617259E-05  1.7846606E-05  9.1417866E-03  1.8813607E-04  6.1865667E-07  6.1518123E-10  2.1084332E-03  1.7053625E-04  1.145E-10  3.083E-17  8.302E+10  4.038E+11  1.976E+01  4.361E+05  0.72757037  4.314E-05  4.317E-05  9.040E-01  0.000E+00  0.000E+00  1.099E+00  556    2.2866  9.42E-03 1.7117E+01 3.6299E+01    4.28E+02 0.00E+00 2.30E+02  0.727839  0.033647 4.28E+02 0.00E+00 2.30E+02  0.727570  0.033647  0.0000000E+00  0.0000000E+00  1.7587043E-06  1.5568514E-01  6.7179829E-02  1.4483726E-04 -1.1727325E-01  5.4267291E-02  9.5001513E-03 0.000 0.229 1.000 1.000 1.000 1.000 1.000 1.000 1.000 1.000 1.000 1.000 1.000 1.000 1.000 1.000 1.000 1.000 1.000 1.000 1.000 1.000 1.000 1.000 1.000 1.000 1.000 1.000 1.000 1.000 1.000 1.000 1.000 1.000 1.000 1.000 1.000 1.000 1.000 1.000  8.1068734431E-02   0.26990   1.00000   0.00000   0.00000   0.3097938E-02
  3272  2.496955366580895E+07   9.974410  4.113005  4.355158  0.6857620E+00  0.3002097E+00  2.7964308E-05  1.2246199E-03  8.3672436E-05  3.7781503E-03  4.6778772E-03  7.3011303E-06  7.7175452E-06  2.1084332E-03  1.7053625E-04  0.2261    4.355158  -8.504  1.034096  7.573671  0.1929233E+00  0.7934424E+00  5.1288051E-09  6.5673029E-05  1.7862448E-05  9.1420396E-03  1.8775546E-04  6.1610040E-07  6.1361896E-10  2.1084332E-03  1.7053625E-04  1.130E-10  3.046E-17  8.250E+10  4.001E+11  1.963E+01  4.321E+05  0.72809018  4.304E-05  4.306E-05  9.039E-01  0.000E+00  0.000E+00  1.099E+00  557    2.2866  9.42E-03 1.7079E+01 3.6260E+01    4.28E+02 0.00E+00 2.30E+02  0.728129  0.033701 4.28E+02 0.00E+00 2.30E+02  0.728090  0.033701  0.0000000E+00  0.0000000E+00  1.7679898E-06  1.5602388E-01  6.7152575E-02  1.4440812E-04 -1.1718966E-01  5.4219756E-02  9.5096912E-03 0.000 0.229 1.000 1.000 1.000 1.000 1.000 1.000 1.000 1.000 1.000 1.000 1.000 1.000 1.000 1.000 1.000 1.000 1.000 1.000 1.000 1.000 1.000 1.000 1.000 1.000 1.000 1.000 1.000 1.000 1.000 1.000 1.000 1.000 1.000 1.000 1.000 1.000 1.000 1.000  8.1056385767E-02   0.26795   1.00000   0.00000   0.00000   0.3087697E-02
  3279  2.499430990814750E+07   9.974333  4.113713  4.354848  0.6856873E+00  0.3002846E+00  2.7948682E-05  1.2234452E-03  8.3661698E-05  3.7814682E-03  4.6756711E-03  7.3015351E-06  7.7111780E-06  2.1084332E-03  1.7053625E-04  0.2258    4.354848  -8.503  1.034675  7.573938  0.1915075E+00  0.7948583E+00  5.0255881E-09  6.5733343E-05  1.7879251E-05  9.1422924E-03  1.8736802E-04  6.1341641E-07  6.1202938E-10  2.1084332E-03  1.7053625E-04  1.130E-10  3.046E-17  8.193E+10  3.957E+11  1.950E+01  4.274E+05  0.72856005  4.293E-05  4.295E-05  9.037E-01  0.000E+00  0.000E+00  1.099E+00  558    2.2866  9.42E-03 1.7042E+01 3.6223E+01    4.27E+02 0.00E+00 2.30E+02  0.728715  0.033755 4.27E+02 0.00E+00 2.30E+02  0.728560  0.033755  0.0000000E+00  0.0000000E+00  1.7784733E-06  1.5636676E-01  6.7128255E-02  1.4398974E-04 -1.1710544E-01  5.4171832E-02  9.5192167E-03 0.000 0.228 1.000 1.000 1.000 1.000 1.000 1.000 1.000 1.000 1.000 1.000 1.000 1.000 1.000 1.000 1.000 1.000 1.000 1.000 1.000 1.000 1.000 1.000 1.000 1.000 1.000 1.000 1.000 1.000 1.000 1.000 1.000 1.000 1.000 1.000 1.000 1.000 1.000 1.000  8.1043967757E-02   0.26598   1.00000   0.00000   0.00000   0.3076793E-02
  3286  2.501906615048605E+07   9.974255  4.114414  4.354539  0.6856126E+00  0.3003594E+00  2.7933077E-05  1.2222729E-03  8.3650897E-05  3.7847800E-03  4.6734689E-03  7.3019367E-06  7.7048223E-06  2.1084332E-03  1.7053625E-04  0.2254    4.354539  -8.501  1.035239  7.574191  0.1900844E+00  0.7962814E+00  4.8406296E-09  6.5822923E-05  1.7900311E-05  9.1425056E-03  1.8698161E-04  6.1074617E-07  6.1097256E-10  2.1084332E-03  1.7053625E-04  1.118E-10  3.014E-17  8.138E+10  3.918E+11  1.937E+01  4.232E+05  0.72882796  4.281E-05  4.284E-05  9.036E-01  0.000E+00  0.000E+00  1.099E+00  559    2.2866  9.42E-03 1.7004E+01 3.6185E+01    4.27E+02 0.00E+00 2.30E+02  0.729106  0.033808 4.27E+02 0.00E+00 2.29E+02  0.728828  0.033808  0.0000000E+00  0.0000000E+00  1.7881929E-06  1.5672797E-01  6.7103812E-02  1.4355595E-04 -1.1701703E-01  5.4122072E-02  9.5282080E-03 0.000 0.228 1.000 1.000 1.000 1.000 1.000 1.000 1.000 1.000 1.000 1.000 1.000 1.000 1.000 1.000 1.000 1.000 1.000 1.000 1.000 1.000 1.000 1.000 1.000 1.000 1.000 1.000 1.000 1.000 1.000 1.000 1.000 1.000 1.000 1.000 1.000 1.000 1.000 1.000  8.1031480451E-02   0.26402   1.00000   0.00000   0.00000   0.3066748E-02
  3292  2.504028578677624E+07   9.974188  4.115124  4.354253  0.6855486E+00  0.3004235E+00  2.7919715E-05  1.2212696E-03  8.3641587E-05  3.7876146E-03  4.6715840E-03  7.3022785E-06  7.6993823E-06  2.1084332E-03  1.7053625E-04  0.2254    4.354253  -8.500  1.035956  7.574427  0.1888678E+00  0.7974981E+00  4.8611127E-09  6.5827595E-05  1.7905962E-05  9.1427784E-03  1.8665832E-04  6.0877674E-07  6.0898998E-10  2.1084332E-03  1.7053625E-04  1.094E-10  2.951E-17  8.104E+10  3.895E+11  1.929E+01  4.207E+05  0.72919025  4.270E-05  4.273E-05  9.035E-01  0.000E+00  0.000E+00  1.099E+00  561    2.2825  9.42E-03 1.6966E+01 3.6147E+01    4.26E+02 0.00E+00 2.29E+02  0.729374  0.033864 4.26E+02 0.00E+00 2.29E+02  0.729190  0.033862  0.0000000E+00  0.0000000E+00  1.7976961E-06  1.5704102E-01  6.7079298E-02  1.4316741E-04 -1.1694259E-01  5.4079971E-02  9.5360829E-03 0.000 0.228 1.000 1.000 1.000 1.000 1.000 1.000 1.000 1.000 1.000 1.000 1.000 1.000 1.000 1.000 1.000 1.000 1.000 1.000 1.000 1.000 1.000 1.000 1.000 1.000 1.000 1.000 1.000 1.000 1.000 1.000 1.000 1.000 1.000 1.000 1.000 1.000 1.000 1.000  8.1020715993E-02   0.26229   1.00000   0.00000   0.00000   0.3056184E-02
  3299  2.506504202911479E+07   9.974109  4.115903  4.353942  0.6854739E+00  0.3004983E+00  2.7904141E-05  1.2201010E-03  8.3630665E-05  3.7909168E-03  4.6693881E-03  7.3026745E-06  7.6930451E-06  2.1084332E-03  1.7053625E-04  0.2248    4.353942  -8.498  1.036569  7.574705  0.1874056E+00  0.7989604E+00  4.7119840E-09  6.5914640E-05  1.7928525E-05  9.1430306E-03  1.8622935E-04  6.0562529E-07  6.0743682E-10  2.1084332E-03  1.7053625E-04  1.094E-10  2.951E-17  8.022E+10  3.813E+11  1.909E+01  4.118E+05  0.72989712  4.260E-05  4.261E-05  9.033E-01  0.000E+00  0.000E+00  1.100E+00  563    2.2784  9.42E-03 1.6925E+01 3.6106E+01    4.26E+02 0.00E+00 2.29E+02  0.730027  0.033924 4.26E+02 0.00E+00 2.29E+02  0.729897  0.033922  0.0000000E+00  0.0000000E+00  1.8096953E-06  1.5740695E-01  6.7052274E-02  1.4272206E-04 -1.1685511E-01  5.4030439E-02  9.5453359E-03 0.000 0.228 1.000 1.000 1.000 1.000 1.000 1.000 1.000 1.000 1.000 1.000 1.000 1.000 1.000 1.000 1.000 1.000 1.000 1.000 1.000 1.000 1.000 1.000 1.000 1.000 1.000 1.000 1.000 1.000 1.000 1.000 1.000 1.000 1.000 1.000 1.000 1.000 1.000 1.000  8.1008086905E-02   0.26029   1.00000   0.00000   0.00000   0.3045135E-02
  3306  2.508979827145334E+07   9.974030  4.116622  4.353618  0.6853992E+00  0.3005731E+00  2.7888588E-05  1.2189346E-03  8.3619681E-05  3.7942131E-03  4.6671959E-03  7.3030674E-06  7.6867188E-06  2.1084332E-03  1.7053625E-04  0.2245    4.353618  -8.496  1.037324  7.574987  0.1859317E+00  0.8004343E+00  4.5628923E-09  6.6002496E-05  1.7951049E-05  9.1432846E-03  1.8579709E-04  6.0262017E-07  6.0597949E-10  2.1084332E-03  1.7053625E-04  1.075E-10  2.903E-17  7.943E+10  3.731E+11  1.891E+01  4.030E+05  0.73015740  4.247E-05  4.250E-05  9.032E-01  0.000E+00  0.000E+00  1.100E+00  564    2.2702  9.42E-03 1.6886E+01 3.6067E+01    4.25E+02 0.00E+00 2.29E+02  0.730447  0.033977 4.25E+02 0.00E+00 2.29E+02  0.730157  0.033977  0.0000000E+00  0.0000000E+00  1.8196023E-06  1.5777784E-01  6.7027419E-02  1.4228372E-04 -1.1676683E-01  5.3980661E-02  9.5544468E-03 0.000 0.227 1.000 1.000 1.000 1.000 1.000 1.000 1.000 1.000 1.000 1.000 1.000 1.000 1.000 1.000 1.000 1.000 1.000 1.000 1.000 1.000 1.000 1.000 1.000 1.000 1.000 1.000 1.000 1.000 1.000 1.000 1.000 1.000 1.000 1.000 1.000 1.000 1.000 1.000  8.0995384616E-02   0.25824   1.00000   0.00000   0.00000   0.3034535E-02
  3313  2.511455451379189E+07   9.973951  4.117321  4.353330  0.6853245E+00  0.3006478E+00  2.7873054E-05  1.2177704E-03  8.3608634E-05  3.7975036E-03  4.6650075E-03  7.3034573E-06  7.6804035E-06  2.1084332E-03  1.7053625E-04  0.2241    4.353330  -8.495  1.037901  7.575264  0.1844943E+00  0.8018718E+00  4.5044287E-09  6.6044613E-05  1.7964134E-05  9.1435459E-03  1.8542824E-04  6.0042702E-07  6.0437918E-10  2.1084332E-03  1.7053625E-04  1.051E-10  2.841E-17  7.905E+10  3.717E+11  1.881E+01  4.014E+05  0.73065973  4.237E-05  4.239E-05  9.030E-01  0.000E+00  0.000E+00  1.100E+00  564    2.2702  9.42E-03 1.6848E+01 3.6028E+01    4.25E+02 0.00E+00 2.29E+02  0.730732  0.034030 4.25E+02 0.00E+00 2.29E+02  0.730660  0.034030  0.0000000E+00  0.0000000E+00  1.8289164E-06  1.5812487E-01  6.6999837E-02  1.4185724E-04 -1.1668227E-01  5.3932435E-02  9.5644500E-03 0.000 0.227 1.000 1.000 1.000 1.000 1.000 1.000 1.000 1.000 1.000 1.000 1.000 1.000 1.000 1.000 1.000 1.000 1.000 1.000 1.000 1.000 1.000 1.000 1.000 1.000 1.000 1.000 1.000 1.000 1.000 1.000 1.000 1.000 1.000 1.000 1.000 1.000 1.000 1.000  8.0982608712E-02   0.25624   1.00000   0.00000   0.00000   0.3025085E-02
  3319  2.513577415008207E+07   9.973883  4.117984  4.353044  0.6852605E+00  0.3007119E+00  2.7859754E-05  1.2167743E-03  8.3599115E-05  3.8003197E-03  4.6631345E-03  7.3037891E-06  7.6749987E-06  2.1084332E-03  1.7053625E-04  0.2237    4.353044  -8.493  1.038508  7.575511  0.1832184E+00  0.8031477E+00  4.3804620E-09  6.6120056E-05  1.7983448E-05  9.1437615E-03  1.8506013E-04  5.9772632E-07  6.0302299E-10  2.1084332E-03  1.7053625E-04  1.051E-10  2.841E-17  7.838E+10  3.649E+11  1.865E+01  3.941E+05  0.73095448  4.226E-05  4.229E-05  9.029E-01  0.000E+00  0.000E+00  1.100E+00  565    2.2593  9.42E-03 1.6813E+01 3.5994E+01    4.25E+02 0.00E+00 2.29E+02  0.731267  0.034082 4.25E+02 0.00E+00 2.29E+02  0.730954  0.034081  0.0000000E+00  0.0000000E+00  1.8392191E-06  1.5844979E-01  6.6979018E-02  1.4148070E-04 -1.1660578E-01  5.3889226E-02  9.5723617E-03 0.000 0.225 1.000 1.000 1.000 1.000 1.000 1.000 1.000 1.000 1.000 1.000 1.000 1.000 1.000 1.000 1.000 1.000 1.000 1.000 1.000 1.000 1.000 1.000 1.000 1.000 1.000 1.000 1.000 1.000 1.000 1.000 1.000 1.000 1.000 1.000 1.000 1.000 1.000 1.000  8.0971599131E-02   0.25447   1.00000   0.00000   0.00000   0.3015135E-02
  3326  2.516053039242062E+07   9.973804  4.118713  4.352734  0.6851859E+00  0.3007866E+00  2.7844255E-05  1.2156140E-03  8.3587953E-05  3.8035998E-03  4.6609528E-03  7.3041736E-06  7.6687031E-06  2.1084332E-03  1.7053625E-04  0.2232    4.352734  -8.492  1.039153  7.575798  0.1817448E+00  0.8046214E+00  4.2907639E-09  6.6179655E-05  1.8000084E-05  9.1440239E-03  1.8466262E-04  5.9522246E-07  6.0143576E-10  2.1084332E-03  1.7053625E-04  1.038E-10  2.807E-17  7.785E+10  3.610E+11  1.853E+01  3.899E+05  0.73138322  4.215E-05  4.218E-05  9.028E-01  0.000E+00  0.000E+00  1.100E+00  566    2.2593  9.42E-03 1.6774E+01 3.5955E+01    4.24E+02 0.00E+00 2.29E+02  0.731661  0.034138 4.24E+02 0.00E+00 2.29E+02  0.731383  0.034137  0.0000000E+00  0.0000000E+00  1.8496169E-06  1.5881468E-01  6.6953954E-02  1.4105267E-04 -1.1651868E-01  5.3839751E-02  9.5821028E-03 0.000 0.225 1.000 1.000 1.000 1.000 1.000 1.000 1.000 1.000 1.000 1.000 1.000 1.000 1.000 1.000 1.000 1.000 1.000 1.000 1.000 1.000 1.000 1.000 1.000 1.000 1.000 1.000 1.000 1.000 1.000 1.000 1.000 1.000 1.000 1.000 1.000 1.000 1.000 1.000  8.0958683988E-02   0.25242   1.00000   0.00000   0.00000   0.3004804E-02
  3333  2.518528663475917E+07   9.973724  4.119439  4.352435  0.6851113E+00  0.3008613E+00  2.7828775E-05  1.2144560E-03  8.3576729E-05  3.8068742E-03  4.6587749E-03  7.3045551E-06  7.6624185E-06  2.1084332E-03  1.7053625E-04  0.2228    4.352435  -8.490  1.039797  7.576085  0.1802756E+00  0.8060906E+00  4.2035404E-09  6.6241205E-05  1.8017513E-05  9.1442680E-03  1.8428247E-04  5.9269534E-07  5.9989996E-10  2.1084332E-03  1.7053625E-04  1.025E-10  2.774E-17  7.732E+10  3.572E+11  1.840E+01  3.858E+05  0.73187747  4.204E-05  4.206E-05  9.026E-01  0.000E+00  0.000E+00  1.100E+00  567    2.2510  9.42E-03 1.6735E+01 3.5914E+01    4.24E+02 0.00E+00 2.29E+02  0.731929  0.034193 4.24E+02 0.00E+00 2.29E+02  0.731877  0.034193  0.0000000E+00  0.0000000E+00  1.8594993E-06  1.5918095E-01  6.6926116E-02  1.4061375E-04 -1.1643155E-01  5.3790276E-02  9.5918985E-03 0.000 0.225 1.000 1.000 1.000 1.000 1.000 1.000 1.000 1.000 1.000 1.000 1.000 1.000 1.000 1.000 1.000 1.000 1.000 1.000 1.000 1.000 1.000 1.000 1.000 1.000 1.000 1.000 1.000 1.000 1.000 1.000 1.000 1.000 1.000 1.000 1.000 1.000 1.000 1.000  8.0945696395E-02   0.25038   1.00000   0.00000   0.00000   0.2995171E-02
  3340  2.521004287709772E+07   9.973643  4.120165  4.352123  0.6850367E+00  0.3009360E+00  2.7813316E-05  1.2133002E-03  8.3565444E-05  3.8101427E-03  4.6566007E-03  7.3049337E-06  7.6561448E-06  2.1084332E-03  1.7053625E-04  0.2223    4.352123  -8.488  1.040446  7.576373  0.1788063E+00  0.8075600E+00  4.1180789E-09  6.6303052E-05  1.8035078E-05  9.1445033E-03  1.8391197E-04  5.9015733E-07  5.9836589E-10  2.1084332E-03  1.7053625E-04  1.025E-10  2.774E-17  7.680E+10  3.535E+11  1.828E+01  3.818E+05  0.73228929  4.193E-05  4.195E-05  9.025E-01  0.000E+00  0.000E+00  1.100E+00  567    2.2510  9.42E-03 1.6696E+01 3.5876E+01    4.23E+02 0.00E+00 2.29E+02  0.732455  0.034249 4.23E+02 0.00E+00 2.29E+02  0.732289  0.034249  0.0000000E+00  0.0000000E+00  1.8704928E-06  1.5955009E-01  6.6901212E-02  1.4018672E-04 -1.1634418E-01  5.3740637E-02  9.6017059E-03 0.000 0.225 1.000 1.000 1.000 1.000 1.000 1.000 1.000 1.000 1.000 1.000 1.000 1.000 1.000 1.000 1.000 1.000 1.000 1.000 1.000 1.000 1.000 1.000 1.000 1.000 1.000 1.000 1.000 1.000 1.000 1.000 1.000 1.000 1.000 1.000 1.000 1.000 1.000 1.000  8.0932634480E-02   0.24834   1.00000   0.00000   0.00000   0.2984916E-02
  3346  2.523126251338790E+07   9.973574  4.120786  4.351840  0.6849728E+00  0.3010000E+00  2.7800081E-05  1.2123113E-03  8.3555723E-05  3.8129396E-03  4.6547401E-03  7.3052560E-06  7.6507763E-06  2.1084332E-03  1.7053625E-04  0.2219    4.351840  -8.487  1.041007  7.576622  0.1775456E+00  0.8088208E+00  4.0459567E-09  6.6356284E-05  1.8050214E-05  9.1446995E-03  1.8360010E-04  5.8798633E-07  5.9705786E-10  2.1084332E-03  1.7053625E-04  1.011E-10  2.736E-17  7.635E+10  3.504E+11  1.817E+01  3.784E+05  0.73256300  4.182E-05  4.185E-05  9.024E-01  0.000E+00  0.000E+00  1.101E+00  567    2.2510  9.42E-03 1.6663E+01 3.5842E+01    4.23E+02 0.00E+00 2.29E+02  0.732956  0.034297 4.23E+02 0.00E+00 2.29E+02  0.732563  0.034297  0.0000000E+00  0.0000000E+00  1.8802709E-06  1.5986888E-01  6.6880488E-02  1.3982286E-04 -1.1626908E-01  5.3697948E-02  9.6101251E-03 0.000 0.225 1.000 1.000 1.000 1.000 1.000 1.000 1.000 1.000 1.000 1.000 1.000 1.000 1.000 1.000 1.000 1.000 1.000 1.000 1.000 1.000 1.000 1.000 1.000 1.000 1.000 1.000 1.000 1.000 1.000 1.000 1.000 1.000 1.000 1.000 1.000 1.000 1.000 1.000  8.0921379228E-02   0.24659   1.00000   0.00000   0.00000   0.2975579E-02
  3353  2.525601875572645E+07   9.973493  4.121515  4.351524  0.6848983E+00  0.3010746E+00  2.7784659E-05  1.2111597E-03  8.3544326E-05  3.8161972E-03  4.6525730E-03  7.3056294E-06  7.6445234E-06  2.1084332E-03  1.7053625E-04  0.2214    4.351524  -8.485  1.041661  7.576900  0.1760656E+00  0.8103009E+00  3.9554346E-09  6.6420838E-05  1.8068228E-05  9.1449295E-03  1.8323152E-04  5.8538088E-07  5.9553285E-10  2.1084332E-03  1.7053625E-04  9.939E-11  2.691E-17  7.577E+10  3.459E+11  1.803E+01  3.736E+05  0.73306574  4.171E-05  4.173E-05  9.022E-01  0.000E+00  0.000E+00  1.101E+00  570    2.2469  9.42E-03 1.6623E+01 3.5801E+01    4.22E+02 0.00E+00 2.29E+02  0.733121  0.034353 4.22E+02 0.00E+00 2.29E+02  0.733066  0.034353  0.0000000E+00  0.0000000E+00  1.8900070E-06  1.6025277E-01  6.6851444E-02  1.3936944E-04 -1.1617813E-01  5.3646614E-02  9.6197009E-03 0.000 0.224 1.000 1.000 1.000 1.000 1.000 1.000 1.000 1.000 1.000 1.000 1.000 1.000 1.000 1.000 1.000 1.000 1.000 1.000 1.000 1.000 1.000 1.000 1.000 1.000 1.000 1.000 1.000 1.000 1.000 1.000 1.000 1.000 1.000 1.000 1.000 1.000 1.000 1.000  8.0908179419E-02   0.24454   1.00000   0.00000   0.00000   0.2965724E-02
  3359  2.527723839201664E+07   9.973424  4.122141  4.351239  0.6848344E+00  0.3011386E+00  2.7771457E-05  1.2101744E-03  8.3534511E-05  3.8189845E-03  4.6507187E-03  7.3059472E-06  7.6391730E-06  2.1084332E-03  1.7053625E-04  0.2212    4.351239  -8.484  1.042286  7.577153  0.1747785E+00  0.8115880E+00  3.7827133E-09  6.6530432E-05  1.8093978E-05  9.1450666E-03  1.8289961E-04  5.8272598E-07  5.9491651E-10  2.1084332E-03  1.7053625E-04  9.939E-11  2.691E-17  7.484E+10  3.361E+11  1.781E+01  3.630E+05  0.73334218  4.161E-05  4.164E-05  9.021E-01  0.000E+00  0.000E+00  1.101E+00  571    2.2428  9.42E-03 1.6589E+01 3.5768E+01    4.22E+02 0.00E+00 2.29E+02  0.733655  0.034402 4.22E+02 0.00E+00 2.29E+02  0.733342  0.034402  0.0000000E+00  0.0000000E+00  1.9000888E-06  1.6058704E-01  6.6830477E-02  1.3899444E-04 -1.1610129E-01  5.3603149E-02  9.6277565E-03 0.000 0.223 1.000 1.000 1.000 1.000 1.000 1.000 1.000 1.000 1.000 1.000 1.000 1.000 1.000 1.000 1.000 1.000 1.000 1.000 1.000 1.000 1.000 1.000 1.000 1.000 1.000 1.000 1.000 1.000 1.000 1.000 1.000 1.000 1.000 1.000 1.000 1.000 1.000 1.000  8.0896803461E-02   0.24277   1.00000   0.00000   0.00000   0.2956582E-02
  3365  2.529845802830682E+07   9.973354  4.122844  4.350931  0.6847705E+00  0.3012025E+00  2.7758267E-05  1.2091906E-03  8.3524650E-05  3.8217681E-03  4.6488668E-03  7.3062631E-06  7.6338298E-06  2.1084332E-03  1.7053625E-04  0.2210    4.350931  -8.482  1.043031  7.577394  0.1735162E+00  0.8128503E+00  3.8202649E-09  6.6519063E-05  1.8096073E-05  9.1453368E-03  1.8260486E-04  5.8110029E-07  5.9276062E-10  2.1084332E-03  1.7053625E-04  9.629E-11  2.609E-17  7.495E+10  3.401E+11  1.784E+01  3.674E+05  0.73381604  4.150E-05  4.153E-05  9.019E-01  0.000E+00  0.000E+00  1.101E+00  570    2.2469  9.42E-03 1.6551E+01 3.5729E+01    4.21E+02 0.00E+00 2.29E+02  0.733995  0.034458 4.21E+02 0.00E+00 2.29E+02  0.733816  0.034457  0.0000000E+00  0.0000000E+00  1.9105075E-06  1.6093146E-01  6.6805247E-02  1.3859459E-04 -1.1602178E-01  5.3558413E-02  9.6358548E-03 0.000 0.224 1.000 1.000 1.000 1.000 1.000 1.000 1.000 1.000 1.000 1.000 1.000 1.000 1.000 1.000 1.000 1.000 1.000 1.000 1.000 1.000 1.000 1.000 1.000 1.000 1.000 1.000 1.000 1.000 1.000 1.000 1.000 1.000 1.000 1.000 1.000 1.000 1.000 1.000  8.0885365852E-02   0.24096   1.00000   0.00000   0.00000   0.2946264E-02
  3371  2.531967766459701E+07   9.973284  4.123541  4.350648  0.6847067E+00  0.3012664E+00  2.7745092E-05  1.2082083E-03  8.3514745E-05  3.8245474E-03  4.6470176E-03  7.3065770E-06  7.6284945E-06  2.1084332E-03  1.7053625E-04  0.2206    4.350648  -8.481  1.043653  7.577653  0.1722067E+00  0.8141599E+00  3.7090335E-09  6.6603258E-05  1.8118244E-05  9.1455205E-03  1.8225795E-04  5.7835128E-07  5.9146664E-10  2.1084332E-03  1.7053625E-04  9.475E-11  2.568E-17  7.426E+10  3.333E+11  1.767E+01  3.600E+05  0.73412002  4.139E-05  4.142E-05  9.018E-01  0.000E+00  0.000E+00  1.101E+00  573    2.2387  9.42E-03 1.6513E+01 3.5692E+01    4.21E+02 0.00E+00 2.29E+02  0.734408  0.034510 4.21E+02 0.00E+00 2.28E+02  0.734120  0.034511  0.0000000E+00  0.0000000E+00  1.9207320E-06  1.6128378E-01  6.6781688E-02  1.3819665E-04 -1.1594167E-01  5.3513339E-02  9.6437579E-03 0.000 0.223 1.000 1.000 1.000 1.000 1.000 1.000 1.000 1.000 1.000 1.000 1.000 1.000 1.000 1.000 1.000 1.000 1.000 1.000 1.000 1.000 1.000 1.000 1.000 1.000 1.000 1.000 1.000 1.000 1.000 1.000 1.000 1.000 1.000 1.000 1.000 1.000 1.000 1.000  8.0873868506E-02   0.23915   1.00000   0.00000   0.00000   0.2937188E-02
  3378  2.534443390693556E+07   9.973202  4.124231  4.350331  0.6846322E+00  0.3013410E+00  2.7729740E-05  1.2070644E-03  8.3503135E-05  3.8277846E-03  4.6448638E-03  7.3069407E-06  7.6222802E-06  2.1084332E-03  1.7053625E-04  0.2204    4.350331  -8.479  1.044365  7.577956  0.1707169E+00  0.8156498E+00  3.6398753E-09  6.6656294E-05  1.8133369E-05  9.1457491E-03  1.8190939E-04  5.7626878E-07  5.9010040E-10  2.1084332E-03  1.7053625E-04  9.475E-11  2.568E-17  7.380E+10  3.306E+11  1.756E+01  3.570E+05  0.73466066  4.129E-05  4.131E-05  9.016E-01  0.000E+00  0.000E+00  1.101E+00  574    2.2387  9.42E-03 1.6475E+01 3.5651E+01    4.21E+02 0.00E+00 2.28E+02  0.734784  0.034564 4.21E+02 0.00E+00 2.28E+02  0.734661  0.034564  0.0000000E+00  0.0000000E+00  1.9311910E-06  1.6165590E-01  6.6752581E-02  1.3776106E-04 -1.1585488E-01  5.3463822E-02  9.6540537E-03 0.000 0.223 1.000 1.000 1.000 1.000 1.000 1.000 1.000 1.000 1.000 1.000 1.000 1.000 1.000 1.000 1.000 1.000 1.000 1.000 1.000 1.000 1.000 1.000 1.000 1.000 1.000 1.000 1.000 1.000 1.000 1.000 1.000 1.000 1.000 1.000 1.000 1.000 1.000 1.000  8.0860380541E-02   0.23711   1.00000   0.00000   0.00000   0.2927339E-02
  3384  2.536565354322574E+07   9.973131  4.124944  4.350038  0.6845684E+00  0.3014049E+00  2.7716596E-05  1.2060857E-03  8.3493137E-05  3.8305547E-03  4.6430206E-03  7.3072503E-06  7.6169624E-06  2.1084332E-03  1.7053625E-04  0.2198    4.350038  -8.478  1.045013  7.578224  0.1693906E+00  0.8169761E+00  3.5429539E-09  6.6728101E-05  1.8152159E-05  9.1459538E-03  1.8155905E-04  5.7359300E-07  5.8855416E-10  2.1084332E-03  1.7053625E-04  9.434E-11  2.557E-17  7.320E+10  3.249E+11  1.742E+01  3.509E+05  0.73507863  4.119E-05  4.120E-05  9.015E-01  0.000E+00  0.000E+00  1.102E+00  576    2.2305  9.42E-03 1.6437E+01 3.5614E+01    4.20E+02 0.00E+00 2.28E+02  0.735254  0.034619 4.20E+02 0.00E+00 2.28E+02  0.735079  0.034620  0.0000000E+00  0.0000000E+00  1.9422588E-06  1.6201308E-01  6.6730426E-02  1.3736845E-04 -1.1577447E-01  5.3418498E-02  9.6620687E-03 0.000 0.222 1.000 1.000 1.000 1.000 1.000 1.000 1.000 1.000 1.000 1.000 1.000 1.000 1.000 1.000 1.000 1.000 1.000 1.000 1.000 1.000 1.000 1.000 1.000 1.000 1.000 1.000 1.000 1.000 1.000 1.000 1.000 1.000 1.000 1.000 1.000 1.000 1.000 1.000  8.0848754513E-02   0.23524   1.00000   0.00000   0.00000   0.2917686E-02
  3391  2.539040978556429E+07   9.973049  4.125631  4.349724  0.6844940E+00  0.3014794E+00  2.7701280E-05  1.2049458E-03  8.3481417E-05  3.8337812E-03  4.6408736E-03  7.3076092E-06  7.6107681E-06  2.1084332E-03  1.7053625E-04  0.2194    4.349724  -8.476  1.045683  7.578531  0.1678733E+00  0.8184935E+00  3.4545579E-09  6.6805746E-05  1.8173875E-05  9.1461607E-03  1.8119477E-04  5.7103902E-07  5.8725836E-10  2.1084332E-03  1.7053625E-04  9.287E-11  2.518E-17  7.261E+10  3.202E+11  1.728E+01  3.458E+05  0.73531067  4.107E-05  4.109E-05  9.014E-01  0.000E+00  0.000E+00  1.102E+00  575    2.2305  9.42E-03 1.6400E+01 3.5576E+01    4.20E+02 0.00E+00 2.28E+02  0.735611  0.034674 4.20E+02 0.00E+00 2.28E+02  0.735311  0.034674  0.0000000E+00  0.0000000E+00  1.9527354E-06  1.6239355E-01  6.6705662E-02  1.3685539E-04 -1.1568616E-01  5.3368144E-02  9.6724223E-03 0.000 0.222 1.000 1.000 1.000 1.000 1.000 1.000 1.000 1.000 1.000 1.000 1.000 1.000 1.000 1.000 1.000 1.000 1.000 1.000 1.000 1.000 1.000 1.000 1.000 1.000 1.000 1.000 1.000 1.000 1.000 1.000 1.000 1.000 1.000 1.000 1.000 1.000 1.000 1.000  8.0835117602E-02   0.23316   1.00000   0.00000   0.00000   0.2908104E-02
  3398  2.541516602790284E+07   9.972966  4.126349  4.349390  0.6844197E+00  0.3015538E+00  2.7685985E-05  1.2038083E-03  8.3469641E-05  3.8370015E-03  4.6387307E-03  7.3079654E-06  7.6045857E-06  2.1084332E-03  1.7053625E-04  0.2189    4.349390  -8.474  1.046402  7.578843  0.1663516E+00  0.8200152E+00  3.3711939E-09  6.6878459E-05  1.8194277E-05  9.1463701E-03  1.8083595E-04  5.6842649E-07  5.8577088E-10  2.1084332E-03  1.7053625E-04  9.287E-11  2.518E-17  7.205E+10  3.159E+11  1.715E+01  3.412E+05  0.73574058  4.095E-05  4.098E-05  9.013E-01  0.000E+00  0.000E+00  1.102E+00  576    2.2263  9.42E-03 1.6361E+01 3.5536E+01    4.19E+02 0.00E+00 2.28E+02  0.736059  0.034730 4.19E+02 0.00E+00 2.28E+02  0.735741  0.034730  0.0000000E+00  0.0000000E+00  1.9639740E-06  1.6278780E-01  6.6679884E-02  1.3642110E-04 -1.1559609E-01  5.3316964E-02  9.6825494E-03 0.000 0.221 1.000 1.000 1.000 1.000 1.000 1.000 1.000 1.000 1.000 1.000 1.000 1.000 1.000 1.000 1.000 1.000 1.000 1.000 1.000 1.000 1.000 1.000 1.000 1.000 1.000 1.000 1.000 1.000 1.000 1.000 1.000 1.000 1.000 1.000 1.000 1.000 1.000 1.000  8.0821405424E-02   0.23104   1.00000   0.00000   0.00000   0.2897701E-02
  3404  2.543638566419303E+07   9.972895  4.126992  4.349105  0.6843559E+00  0.3016176E+00  2.7672894E-05  1.2028352E-03  8.3459503E-05  3.8397568E-03  4.6368971E-03  7.3082687E-06  7.5992958E-06  2.1084332E-03  1.7053625E-04  0.2185    4.349105  -8.473  1.047100  7.579104  0.1650243E+00  0.8213426E+00  3.2345474E-09  6.6989357E-05  1.8221880E-05  9.1464981E-03  1.8051035E-04  5.6574282E-07  5.8503437E-10  2.1084332E-03  1.7053625E-04  9.162E-11  2.486E-17  7.152E+10  3.110E+11  1.702E+01  3.358E+05  0.73615483  4.085E-05  4.088E-05  9.011E-01  0.000E+00  0.000E+00  1.102E+00  577    2.2209  9.42E-03 1.6325E+01 3.5500E+01    4.19E+02 0.00E+00 2.28E+02  0.736360  0.034779 4.19E+02 0.00E+00 2.28E+02  0.736155  0.034780  0.0000000E+00  0.0000000E+00  1.9734629E-06  1.6315003E-01  6.6656327E-02  1.3602426E-04 -1.1551494E-01  5.3271382E-02  9.6905530E-03 0.000 0.220 1.000 1.000 1.000 1.000 1.000 1.000 1.000 1.000 1.000 1.000 1.000 1.000 1.000 1.000 1.000 1.000 1.000 1.000 1.000 1.000 1.000 1.000 1.000 1.000 1.000 1.000 1.000 1.000 1.000 1.000 1.000 1.000 1.000 1.000 1.000 1.000 1.000 1.000  8.0809588881E-02   0.22920   1.00000   0.00000   0.00000   0.2889448E-02
  3410  2.545760530048321E+07   9.972823  4.127693  4.348802  0.6842922E+00  0.3016814E+00  2.7659815E-05  1.2018635E-03  8.3449321E-05  3.8425082E-03  4.6350661E-03  7.3085702E-06  7.5940133E-06  2.1084332E-03  1.7053625E-04  0.2184    4.348802  -8.471  1.047845  7.579378  0.1637308E+00  0.8226361E+00  3.2424659E-09  6.6990146E-05  1.8225856E-05  9.1467427E-03  1.8022636E-04  5.6414068E-07  5.8313147E-10  2.1084332E-03  1.7053625E-04  9.162E-11  2.486E-17  7.118E+10  3.097E+11  1.694E+01  3.344E+05  0.73647390  4.074E-05  4.077E-05  9.010E-01  0.000E+00  0.000E+00  1.102E+00  578    2.2209  9.42E-03 1.6287E+01 3.5461E+01    4.18E+02 0.00E+00 2.28E+02  0.736815  0.034835 4.18E+02 0.00E+00 2.28E+02  0.736474  0.034835  0.0000000E+00  0.0000000E+00  1.9847495E-06  1.6350221E-01  6.6631017E-02  1.3563054E-04 -1.1543598E-01  5.3226679E-02  9.6991649E-03 0.000 0.221 1.000 1.000 1.000 1.000 1.000 1.000 1.000 1.000 1.000 1.000 1.000 1.000 1.000 1.000 1.000 1.000 1.000 1.000 1.000 1.000 1.000 1.000 1.000 1.000 1.000 1.000 1.000 1.000 1.000 1.000 1.000 1.000 1.000 1.000 1.000 1.000 1.000 1.000  8.0797706617E-02   0.22740   1.00000   0.00000   0.00000   0.2879576E-02
  3417  2.548023957919273E+07   9.972746  4.128422  4.348478  0.6842243E+00  0.3017495E+00  2.7645878E-05  1.2008287E-03  8.3438413E-05  3.8454387E-03  4.6331158E-03  7.3088898E-06  7.5883867E-06  2.1084332E-03  1.7053625E-04  0.2179    4.348478  -8.470  1.048441  7.579690  0.1622914E+00  0.8240756E+00  3.0922358E-09  6.7281179E-05  1.8309783E-05  9.1466358E-03  1.7986421E-04  5.5672944E-07  5.8114798E-10  2.1084332E-03  1.7053625E-04  8.811E-11  2.391E-17  7.007E+10  2.985E+11  1.668E+01  3.224E+05  0.73693042  4.063E-05  4.065E-05  9.009E-01  0.000E+00  0.000E+00  1.102E+00  579    2.2154  9.42E-03 1.6248E+01 3.5421E+01    4.18E+02 0.00E+00 2.28E+02  0.737212  0.034894 4.18E+02 0.00E+00 2.28E+02  0.736930  0.034893  0.0000000E+00  0.0000000E+00  1.7967412E-06  1.6389873E-01  6.6606645E-02  1.3520584E-04 -1.1534647E-01  5.3176455E-02  9.7078371E-03 0.000 0.220 1.000 1.000 1.000 1.000 1.000 1.000 1.000 1.000 1.000 1.000 1.000 1.000 1.000 1.000 1.000 1.000 1.000 1.000 1.000 1.000 1.000 1.000 1.000 1.000 1.000 1.000 1.000 1.000 1.000 1.000 1.000 1.000 1.000 1.000 1.000 1.000 1.000 1.000  8.0784963755E-02   0.22541   1.00000   0.00000   0.00000   0.2869370E-02
  3424  2.550252019729741E+07   9.972671  4.129055  4.348175  0.6841574E+00  0.3018164E+00  2.7632176E-05  1.1998119E-03  8.3427630E-05  3.8483185E-03  4.6311992E-03  7.3092024E-06  7.5828574E-06  2.1084332E-03  1.7053625E-04  0.2177    4.348175  -8.468  1.049240  7.579983  0.1608838E+00  0.8254832E+00  2.9908909E-09  6.7376494E-05  1.8334936E-05  9.1467954E-03  1.7952672E-04  5.5363782E-07  5.7959375E-10  2.1084332E-03  1.7053625E-04  8.660E-11  2.351E-17  6.941E+10  2.919E+11  1.652E+01  3.153E+05  0.73732399  4.053E-05  4.055E-05  9.007E-01  0.000E+00  0.000E+00  1.103E+00  581    2.2071  9.42E-03 1.6211E+01 3.5385E+01    4.17E+02 0.00E+00 2.28E+02  0.737511  0.034940 4.17E+02 0.00E+00 2.28E+02  0.737324  0.034942  0.0000000E+00  0.0000000E+00  1.8050337E-06  1.6427678E-01  6.6581708E-02  1.3479607E-04 -1.1526241E-01  5.3129057E-02  9.7166468E-03 0.000 0.220 1.000 1.000 1.000 1.000 1.000 1.000 1.000 1.000 1.000 1.000 1.000 1.000 1.000 1.000 1.000 1.000 1.000 1.000 1.000 1.000 1.000 1.000 1.000 1.000 1.000 1.000 1.000 1.000 1.000 1.000 1.000 1.000 1.000 1.000 1.000 1.000 1.000 1.000  8.0772355571E-02   0.22345   1.00000   0.00000   0.00000   0.2862212E-02
  3431  2.552480081540209E+07   9.972595  4.129778  4.347882  0.6840906E+00  0.3018833E+00  2.7618491E-05  1.1987969E-03  8.3416801E-05  3.8511935E-03  4.6292857E-03  7.3095131E-06  7.5773370E-06  2.1084332E-03  1.7053625E-04  0.2171    4.347882  -8.467  1.049873  7.580280  0.1594890E+00  0.8268781E+00  2.9482848E-09  6.7419308E-05  1.8348001E-05  9.1470094E-03  1.7921084E-04  5.5161914E-07  5.7799876E-10  2.1084332E-03  1.7053625E-04  8.539E-11  2.317E-17  6.907E+10  2.906E+11  1.644E+01  3.139E+05  0.73761458  4.042E-05  4.044E-05  9.006E-01  0.000E+00  0.000E+00  1.103E+00  580    2.2112  9.42E-03 1.6174E+01 3.5345E+01    4.17E+02 0.00E+00 2.28E+02  0.737912  0.035000 4.17E+02 0.00E+00 2.28E+02  0.737615  0.035000  0.0000000E+00  0.0000000E+00  1.8156032E-06  1.6464272E-01  6.6557637E-02  1.3440169E-04 -1.1518084E-01  5.3082542E-02  9.7261207E-03 0.000 0.220 1.000 1.000 1.000 1.000 1.000 1.000 1.000 1.000 1.000 1.000 1.000 1.000 1.000 1.000 1.000 1.000 1.000 1.000 1.000 1.000 1.000 1.000 1.000 1.000 1.000 1.000 1.000 1.000 1.000 1.000 1.000 1.000 1.000 1.000 1.000 1.000 1.000 1.000  8.0759674953E-02   0.22151   1.00000   0.00000   0.00000   0.2851492E-02
  3438  2.554708143350678E+07   9.972519  4.130414  4.347581  0.6840238E+00  0.3019502E+00  2.7604823E-05  1.1977837E-03  8.3405927E-05  3.8540637E-03  4.6273753E-03  7.3098218E-06  7.5718259E-06  2.1084332E-03  1.7053625E-04  0.2167    4.347581  -8.465  1.050571  7.580552  0.1580882E+00  0.8282790E+00  2.8832851E-09  6.7487235E-05  1.8367368E-05  9.1471875E-03  1.7889518E-04  5.4927260E-07  5.7664338E-10  2.1084332E-03  1.7053625E-04  8.539E-11  2.317E-17  6.859E+10  2.871E+11  1.632E+01  3.101E+05  0.73804998  4.032E-05  4.034E-05  9.005E-01  0.000E+00  0.000E+00  1.103E+00  582    2.2071  9.42E-03 1.6138E+01 3.5309E+01    4.17E+02 0.00E+00 2.28E+02  0.738126  0.035050 4.17E+02 0.00E+00 2.28E+02  0.738050  0.035050  0.0000000E+00  0.0000000E+00  1.8241287E-06  1.6501852E-01  6.6532342E-02  1.3399607E-04 -1.1509618E-01  5.3034677E-02  9.7352880E-03 0.000 0.220 1.000 1.000 1.000 1.000 1.000 1.000 1.000 1.000 1.000 1.000 1.000 1.000 1.000 1.000 1.000 1.000 1.000 1.000 1.000 1.000 1.000 1.000 1.000 1.000 1.000 1.000 1.000 1.000 1.000 1.000 1.000 1.000 1.000 1.000 1.000 1.000 1.000 1.000  8.0746932547E-02   0.21957   1.00000   0.00000   0.00000   0.2842967E-02
  3444  2.556617910616793E+07   9.972453  4.130993  4.347294  0.6839666E+00  0.3020075E+00  2.7593121E-05  1.1969168E-03  8.3396572E-05  3.8565198E-03  4.6257404E-03  7.3100848E-06  7.5671094E-06  2.1084332E-03  1.7053625E-04  0.2163    4.347294  -8.464  1.051179  7.580808  0.1568870E+00  0.8294802E+00  2.8295128E-09  6.7544038E-05  1.8383512E-05  9.1473379E-03  1.7862951E-04  5.4732172E-07  5.7548902E-10  2.1084332E-03  1.7053625E-04  8.424E-11  2.287E-17  6.819E+10  2.843E+11  1.623E+01  3.070E+05  0.73831909  4.022E-05  4.024E-05  9.004E-01  0.000E+00  0.000E+00  1.103E+00  582    2.2071  9.42E-03 1.6106E+01 3.5277E+01    4.16E+02 0.00E+00 2.28E+02  0.738622  0.035096 4.16E+02 0.00E+00 2.28E+02  0.738319  0.035096  0.0000000E+00  0.0000000E+00  1.8332442E-06  1.6534061E-01  6.6512138E-02  1.3365597E-04 -1.1502514E-01  5.2994300E-02  9.7432511E-03 0.000 0.220 1.000 1.000 1.000 1.000 1.000 1.000 1.000 1.000 1.000 1.000 1.000 1.000 1.000 1.000 1.000 1.000 1.000 1.000 1.000 1.000 1.000 1.000 1.000 1.000 1.000 1.000 1.000 1.000 1.000 1.000 1.000 1.000 1.000 1.000 1.000 1.000 1.000 1.000  8.0735955741E-02   0.21790   1.00000   0.00000   0.00000   0.2834173E-02
  3450  2.558527677882909E+07   9.972387  4.131637  4.347008  0.6839093E+00  0.3020648E+00  2.7581433E-05  1.1960513E-03  8.3387184E-05  3.8589723E-03  4.6241080E-03  7.3103465E-06  7.5624001E-06  2.1084332E-03  1.7053625E-04  0.2158    4.347008  -8.463  1.051849  7.581071  0.1556748E+00  0.8306925E+00  2.7491863E-09  6.7615808E-05  1.8401879E-05  9.1474732E-03  1.7835868E-04  5.4521039E-07  5.7441494E-10  2.1084332E-03  1.7053625E-04  8.424E-11  2.287E-17  6.780E+10  2.815E+11  1.614E+01  3.040E+05  0.73880260  4.013E-05  4.015E-05  9.002E-01  0.000E+00  0.000E+00  1.103E+00  583    2.2030  9.42E-03 1.6070E+01 3.5240E+01    4.16E+02 0.00E+00 2.28E+02  0.739032  0.035146 4.16E+02 0.00E+00 2.27E+02  0.738803  0.035147  0.0000000E+00  0.0000000E+00  1.8427221E-06  1.6568857E-01  6.6487729E-02  1.3327942E-04 -1.1495079E-01  5.2952537E-02  9.7505912E-03 0.000 0.218 1.000 1.000 1.000 1.000 1.000 1.000 1.000 1.000 1.000 1.000 1.000 1.000 1.000 1.000 1.000 1.000 1.000 1.000 1.000 1.000 1.000 1.000 1.000 1.000 1.000 1.000 1.000 1.000 1.000 1.000 1.000 1.000 1.000 1.000 1.000 1.000 1.000 1.000  8.0724925679E-02   0.21620   1.00000   0.00000   0.00000   0.2825789E-02
  3456  2.560437445149024E+07   9.972321  4.132230  4.346690  0.6838521E+00  0.3021221E+00  2.7569755E-05  1.1951869E-03  8.3377762E-05  3.8614216E-03  4.6224776E-03  7.3106068E-06  7.5576965E-06  2.1084332E-03  1.7053625E-04  0.2160    4.346690  -8.461  1.052697  7.581326  0.1544362E+00  0.8319311E+00  2.6659686E-09  6.7709838E-05  1.8427109E-05  9.1475970E-03  1.7806310E-04  5.4269168E-07  5.7344057E-10  2.1084332E-03  1.7053625E-04  8.217E-11  2.231E-17  6.705E+10  2.731E+11  1.596E+01  2.949E+05  0.73906824  4.001E-05  4.005E-05  9.001E-01  0.000E+00  0.000E+00  1.103E+00  585    2.1940  9.42E-03 1.6036E+01 3.5206E+01    4.15E+02 0.00E+00 2.27E+02  0.739414  0.035192 4.15E+02 0.00E+00 2.27E+02  0.739068  0.035194  0.0000000E+00  0.0000000E+00  1.8514622E-06  1.6604320E-01  6.6465389E-02  1.3290756E-04 -1.1487401E-01  5.2909545E-02  9.7578349E-03 0.000 0.218 1.000 1.000 1.000 1.000 1.000 1.000 1.000 1.000 1.000 1.000 1.000 1.000 1.000 1.000 1.000 1.000 1.000 1.000 1.000 1.000 1.000 1.000 1.000 1.000 1.000 1.000 1.000 1.000 1.000 1.000 1.000 1.000 1.000 1.000 1.000 1.000 1.000 1.000  8.0713838831E-02   0.21450   1.00000   0.00000   0.00000   0.2816613E-02
  3463  2.562665506959492E+07   9.972244  4.132932  4.346378  0.6837854E+00  0.3021889E+00  2.7556146E-05  1.1941802E-03  8.3366730E-05  3.8642747E-03  4.6205784E-03  7.3109087E-06  7.5522176E-06  2.1084332E-03  1.7053625E-04  0.2154    4.346378  -8.460  1.053337  7.581636  0.1530135E+00  0.8333539E+00  2.6302654E-09  6.7747477E-05  1.8438838E-05  9.1478171E-03  1.7774869E-04  5.4078985E-07  5.7182452E-10  2.1084332E-03  1.7053625E-04  7.992E-11  2.171E-17  6.675E+10  2.722E+11  1.589E+01  2.940E+05  0.73968108  3.992E-05  3.994E-05  8.999E-01  0.000E+00  0.000E+00  1.103E+00  585    2.1940  9.42E-03 1.5998E+01 3.5165E+01    4.15E+02 0.00E+00 2.27E+02  0.739755  0.035249 4.15E+02 0.00E+00 2.27E+02  0.739681  0.035250  0.0000000E+00  0.0000000E+00  1.8617103E-06  1.6641319E-01  6.6436045E-02  1.3249735E-04 -1.1479255E-01  5.2862907E-02  9.7677150E-03 0.000 0.218 1.000 1.000 1.000 1.000 1.000 1.000 1.000 1.000 1.000 1.000 1.000 1.000 1.000 1.000 1.000 1.000 1.000 1.000 1.000 1.000 1.000 1.000 1.000 1.000 1.000 1.000 1.000 1.000 1.000 1.000 1.000 1.000 1.000 1.000 1.000 1.000 1.000 1.000  8.0700832400E-02   0.21252   1.00000   0.00000   0.00000   0.2806975E-02
  3469  2.564575274225608E+07   9.972178  4.133519  4.346073  0.6837283E+00  0.3022461E+00  2.7544497E-05  1.1933189E-03  8.3357239E-05  3.8667159E-03  4.6189532E-03  7.3111660E-06  7.5475293E-06  2.1084332E-03  1.7053625E-04  0.2153    4.346073  -8.458  1.054095  7.581903  0.1517777E+00  0.8345897E+00  2.5329172E-09  6.7844865E-05  1.8463087E-05  9.1479236E-03  1.7746954E-04  5.3850734E-07  5.7109023E-10  2.1084332E-03  1.7053625E-04  7.992E-11  2.171E-17  6.603E+10  2.650E+11  1.572E+01  2.862E+05  0.74009906  3.983E-05  3.985E-05  8.998E-01  0.000E+00  0.000E+00  1.104E+00  587    2.1892  9.42E-03 1.5965E+01 3.5131E+01    4.15E+02 0.00E+00 2.27E+02  0.740300  0.035296 4.15E+02 0.00E+00 2.27E+02  0.740099  0.035296  0.0000000E+00  0.0000000E+00  1.8713468E-06  1.6676035E-01  6.6414568E-02  1.3213814E-04 -1.1471839E-01  5.2821074E-02  9.7753204E-03 0.000 0.216 1.000 1.000 1.000 1.000 1.000 1.000 1.000 1.000 1.000 1.000 1.000 1.000 1.000 1.000 1.000 1.000 1.000 1.000 1.000 1.000 1.000 1.000 1.000 1.000 1.000 1.000 1.000 1.000 1.000 1.000 1.000 1.000 1.000 1.000 1.000 1.000 1.000 1.000  8.0689629563E-02   0.21082   1.00000   0.00000   0.00000   0.2798148E-02
  3475  2.566485041491723E+07   9.972111  4.134154  4.345773  0.6836711E+00  0.3023033E+00  2.7532858E-05  1.1924587E-03  8.3347716E-05  3.8691539E-03  4.6173302E-03  7.3114220E-06  7.5428471E-06  2.1084332E-03  1.7053625E-04  0.2149    4.345773  -8.457  1.054803  7.582181  0.1505243E+00  0.8358431E+00  2.4938002E-09  6.7893912E-05  1.8477870E-05  9.1481068E-03  1.7717850E-04  5.3640632E-07  5.6951063E-10  2.1084332E-03  1.7053625E-04  7.873E-11  2.139E-17  6.576E+10  2.633E+11  1.565E+01  2.844E+05  0.74037406  3.972E-05  3.975E-05  8.997E-01  0.000E+00  0.000E+00  1.104E+00  588    2.1819  9.42E-03 1.5931E+01 3.5096E+01    4.14E+02 0.00E+00 2.27E+02  0.740770  0.035347 4.14E+02 0.00E+00 2.27E+02  0.740374  0.035347  0.0000000E+00  0.0000000E+00  1.8813393E-06  1.6710855E-01  6.6392860E-02  1.3177877E-04 -1.1464411E-01  5.2779083E-02  9.7831710E-03 0.000 0.216 1.000 1.000 1.000 1.000 1.000 1.000 1.000 1.000 1.000 1.000 1.000 1.000 1.000 1.000 1.000 1.000 1.000 1.000 1.000 1.000 1.000 1.000 1.000 1.000 1.000 1.000 1.000 1.000 1.000 1.000 1.000 1.000 1.000 1.000 1.000 1.000 1.000 1.000  8.0678368582E-02   0.20906   1.00000   0.00000   0.00000   0.2789023E-02
  3482  2.568713103302192E+07   9.972033  4.134842  4.345453  0.6836045E+00  0.3023700E+00  2.7519297E-05  1.1914570E-03  8.3336566E-05  3.8719936E-03  4.6154397E-03  7.3117191E-06  7.5373933E-06  2.1084332E-03  1.7053625E-04  0.2144    4.345453  -8.455  1.055580  7.582500  0.1490762E+00  0.8372913E+00  2.4343836E-09  6.7964592E-05  1.8497765E-05  9.1482833E-03  1.7686024E-04  5.3416667E-07  5.6818098E-10  2.1084332E-03  1.7053625E-04  7.757E-11  2.107E-17  6.529E+10  2.599E+11  1.554E+01  2.807E+05  0.74073822  3.961E-05  3.964E-05  8.995E-01  0.000E+00  0.000E+00  1.104E+00  588    2.1819  9.42E-03 1.5892E+01 3.5055E+01    4.14E+02 0.00E+00 2.27E+02  0.740938  0.035402 4.14E+02 0.00E+00 2.27E+02  0.740738  0.035402  0.0000000E+00  0.0000000E+00  1.8906934E-06  1.6750133E-01  6.6363935E-02  1.3135769E-04 -1.1455962E-01  5.2731091E-02  9.7927048E-03 0.000 0.216 1.000 1.000 1.000 1.000 1.000 1.000 1.000 1.000 1.000 1.000 1.000 1.000 1.000 1.000 1.000 1.000 1.000 1.000 1.000 1.000 1.000 1.000 1.000 1.000 1.000 1.000 1.000 1.000 1.000 1.000 1.000 1.000 1.000 1.000 1.000 1.000 1.000 1.000  8.0665162379E-02   0.20705   1.00000   0.00000   0.00000   0.2780033E-02
  3488  2.570622870568307E+07   9.971966  4.135429  4.345170  0.6835474E+00  0.3024271E+00  2.7507687E-05  1.1905999E-03  8.3326974E-05  3.8744237E-03  4.6138218E-03  7.3119722E-06  7.5327262E-06  2.1084332E-03  1.7053625E-04  0.2140    4.345170  -8.454  1.056249  7.582775  0.1478371E+00  0.8385305E+00  2.3847266E-09  6.8026227E-05  1.8515247E-05  9.1484263E-03  1.7659495E-04  5.3220902E-07  5.6703517E-10  2.1084332E-03  1.7053625E-04  7.757E-11  2.107E-17  6.490E+10  2.571E+11  1.545E+01  2.777E+05  0.74123189  3.952E-05  3.954E-05  8.994E-01  0.000E+00  0.000E+00  1.104E+00  588    2.1819  9.42E-03 1.5859E+01 3.5021E+01    4.13E+02 0.00E+00 2.27E+02  0.741320  0.035449 4.13E+02 0.00E+00 2.27E+02  0.741232  0.035449  0.0000000E+00  0.0000000E+00  1.8997386E-06  1.6784000E-01  6.6340157E-02  1.3100076E-04 -1.1448712E-01  5.2689886E-02  9.8008924E-03 0.000 0.216 1.000 1.000 1.000 1.000 1.000 1.000 1.000 1.000 1.000 1.000 1.000 1.000 1.000 1.000 1.000 1.000 1.000 1.000 1.000 1.000 1.000 1.000 1.000 1.000 1.000 1.000 1.000 1.000 1.000 1.000 1.000 1.000 1.000 1.000 1.000 1.000 1.000 1.000  8.0653784581E-02   0.20533   1.00000   0.00000   0.00000   0.2771890E-02
  3494  2.572532637834423E+07   9.971899  4.136028  4.344879  0.6834904E+00  0.3024843E+00  2.7496091E-05  1.1897442E-03  8.3317353E-05  3.8768498E-03  4.6122065E-03  7.3122240E-06  7.5280663E-06  2.1084332E-03  1.7053625E-04  0.2136    4.344879  -8.453  1.056920  7.583048  0.1465948E+00  0.8397728E+00  2.3000301E-09  6.8116714E-05  1.8537836E-05  9.1485283E-03  1.7633201E-04  5.3010054E-07  5.6631493E-10  2.1084332E-03  1.7053625E-04  7.537E-11  2.048E-17  6.446E+10  2.536E+11  1.534E+01  2.739E+05  0.74149179  3.942E-05  3.945E-05  8.993E-01  0.000E+00  0.000E+00  1.104E+00  590    2.1747  9.42E-03 1.5827E+01 3.4988E+01    4.13E+02 0.00E+00 2.27E+02  0.741803  0.035496 4.13E+02 0.00E+00 2.27E+02  0.741492  0.035497  0.0000000E+00  0.0000000E+00  1.9093721E-06  1.6818518E-01  6.6319825E-02  1.3065394E-04 -1.1441439E-01  5.2648616E-02  9.8088282E-03 0.000 0.215 1.000 1.000 1.000 1.000 1.000 1.000 1.000 1.000 1.000 1.000 1.000 1.000 1.000 1.000 1.000 1.000 1.000 1.000 1.000 1.000 1.000 1.000 1.000 1.000 1.000 1.000 1.000 1.000 1.000 1.000 1.000 1.000 1.000 1.000 1.000 1.000 1.000 1.000  8.0642352128E-02   0.20360   1.00000   0.00000   0.00000   0.2763307E-02
  3500  2.574442405100538E+07   9.971831  4.136631  4.344559  0.6834333E+00  0.3025414E+00  2.7484505E-05  1.1888898E-03  8.3307699E-05  3.8792728E-03  4.6105933E-03  7.3124746E-06  7.5234125E-06  2.1084332E-03  1.7053625E-04  0.2135    4.344559  -8.451  1.057762  7.583323  0.1453424E+00  0.8410253E+00  2.2563185E-09  6.8186756E-05  1.8558811E-05  9.1486617E-03  1.7606246E-04  5.2782161E-07  5.6500200E-10  2.1084332E-03  1.7053625E-04  7.537E-11  2.048E-17  6.389E+10  2.482E+11  1.521E+01  2.681E+05  0.74187163  3.932E-05  3.935E-05  8.991E-01  0.000E+00  0.000E+00  1.105E+00  593    2.1701  9.42E-03 1.5792E+01 3.4953E+01    4.12E+02 0.00E+00 2.27E+02  0.742327  0.035544 4.12E+02 0.00E+00 2.27E+02  0.741872  0.035545  0.0000000E+00  0.0000000E+00  1.9192812E-06  1.6855533E-01  6.6297504E-02  1.3028141E-04 -1.1433635E-01  5.2604874E-02  9.8163511E-03 0.000 0.215 1.000 1.000 1.000 1.000 1.000 1.000 1.000 1.000 1.000 1.000 1.000 1.000 1.000 1.000 1.000 1.000 1.000 1.000 1.000 1.000 1.000 1.000 1.000 1.000 1.000 1.000 1.000 1.000 1.000 1.000 1.000 1.000 1.000 1.000 1.000 1.000 1.000 1.000  8.0630863642E-02   0.20187   1.00000   0.00000   0.00000   0.2754436E-02
  3507  2.576670466911006E+07   9.971752  4.137340  4.344250  0.6833668E+00  0.3026080E+00  2.7471005E-05  1.1878946E-03  8.3296397E-05  3.8820949E-03  4.6087142E-03  7.3127654E-06  7.5179917E-06  2.1084332E-03  1.7053625E-04  0.2130    4.344250  -8.450  1.058478  7.583653  0.1438864E+00  0.8424813E+00  2.2196443E-09  6.8232907E-05  1.8572836E-05  9.1488599E-03  1.7575898E-04  5.2583207E-07  5.6340290E-10  2.1084332E-03  1.7053625E-04  7.480E-11  2.032E-17  6.357E+10  2.469E+11  1.513E+01  2.667E+05  0.74226877  3.921E-05  3.924E-05  8.990E-01  0.000E+00  0.000E+00  1.105E+00  593    2.1701  9.42E-03 1.5753E+01 3.4911E+01    4.12E+02 0.00E+00 2.27E+02  0.742469  0.035602 4.12E+02 0.00E+00 2.27E+02  0.742269  0.035602  0.0000000E+00  0.0000000E+00  1.9291375E-06  1.6894403E-01  6.6268053E-02  1.2986867E-04 -1.1425358E-01  5.2557472E-02  9.8264727E-03 0.000 0.215 1.000 1.000 1.000 1.000 1.000 1.000 1.000 1.000 1.000 1.000 1.000 1.000 1.000 1.000 1.000 1.000 1.000 1.000 1.000 1.000 1.000 1.000 1.000 1.000 1.000 1.000 1.000 1.000 1.000 1.000 1.000 1.000 1.000 1.000 1.000 1.000 1.000 1.000  8.0617386150E-02   0.19984   1.00000   0.00000   0.00000   0.2745572E-02
  3513  2.578580234177122E+07   9.971684  4.137916  4.343966  0.6833098E+00  0.3026650E+00  2.7459449E-05  1.1870432E-03  8.3286677E-05  3.8845098E-03  4.6071063E-03  7.3130132E-06  7.5133531E-06  2.1084332E-03  1.7053625E-04  0.2126    4.343966  -8.448  1.059174  7.583937  0.1426325E+00  0.8437352E+00  2.1714640E-09  6.8299633E-05  1.8591794E-05  9.1489912E-03  1.7549855E-04  5.2380314E-07  5.6225101E-10  2.1084332E-03  1.7053625E-04  7.353E-11  1.997E-17  6.317E+10  2.440E+11  1.503E+01  2.635E+05  0.74273048  3.913E-05  3.915E-05  8.988E-01  0.000E+00  0.000E+00  1.105E+00  593    2.1701  9.42E-03 1.5720E+01 3.4877E+01    4.12E+02 0.00E+00 2.27E+02  0.742822  0.035648 4.12E+02 0.00E+00 2.27E+02  0.742730  0.035648  0.0000000E+00  0.0000000E+00  1.9381781E-06  1.6929021E-01  6.6244612E-02  1.2951351E-04 -1.1418062E-01  5.2515963E-02  9.8348135E-03 0.000 0.215 1.000 1.000 1.000 1.000 1.000 1.000 1.000 1.000 1.000 1.000 1.000 1.000 1.000 1.000 1.000 1.000 1.000 1.000 1.000 1.000 1.000 1.000 1.000 1.000 1.000 1.000 1.000 1.000 1.000 1.000 1.000 1.000 1.000 1.000 1.000 1.000 1.000 1.000  8.0605778143E-02   0.19810   1.00000   0.00000   0.00000   0.2737647E-02
  3519  2.580490001443237E+07   9.971616  4.138508  4.343670  0.6832529E+00  0.3027221E+00  2.7447906E-05  1.1861931E-03  8.3276927E-05  3.8869210E-03  4.6055008E-03  7.3132598E-06  7.5087215E-06  2.1084332E-03  1.7053625E-04  0.2122    4.343670  -8.447  1.059884  7.584225  0.1413734E+00  0.8449944E+00  2.1215455E-09  6.8367006E-05  1.8610614E-05  9.1491222E-03  1.7523776E-04  5.2176401E-07  5.6108475E-10  2.1084332E-03  1.7053625E-04  7.353E-11  1.997E-17  6.276E+10  2.408E+11  1.494E+01  2.601E+05  0.74313796  3.904E-05  3.906E-05  8.987E-01  0.000E+00  0.000E+00  1.105E+00  594    2.1655  9.42E-03 1.5688E+01 3.4843E+01    4.11E+02 0.00E+00 2.27E+02  0.743310  0.035696 4.11E+02 0.00E+00 2.27E+02  0.743138  0.035696  0.0000000E+00  0.0000000E+00  1.9480638E-06  1.6964038E-01  6.6223623E-02  1.2916641E-04 -1.1410739E-01  5.2474277E-02  9.8431496E-03 0.000 0.215 1.000 1.000 1.000 1.000 1.000 1.000 1.000 1.000 1.000 1.000 1.000 1.000 1.000 1.000 1.000 1.000 1.000 1.000 1.000 1.000 1.000 1.000 1.000 1.000 1.000 1.000 1.000 1.000 1.000 1.000 1.000 1.000 1.000 1.000 1.000 1.000 1.000 1.000  8.0594114160E-02   0.19635   1.00000   0.00000   0.00000   0.2729079E-02
  3525  2.582399768709353E+07   9.971548  4.139100  4.343381  0.6831960E+00  0.3027791E+00  2.7436377E-05  1.1853445E-03  8.3267148E-05  3.8893282E-03  4.6038978E-03  7.3135052E-06  7.5040972E-06  2.1084332E-03  1.7053625E-04  0.2118    4.343381  -8.446  1.060596  7.584516  0.1401095E+00  0.8462584E+00  2.0346717E-09  6.8466558E-05  1.8634645E-05  9.1492090E-03  1.7497842E-04  5.1964757E-07  5.6037256E-10  2.1084332E-03  1.7053625E-04  7.245E-11  1.968E-17  6.236E+10  2.380E+11  1.484E+01  2.571E+05  0.74335599  3.893E-05  3.897E-05  8.986E-01  0.000E+00  0.000E+00  1.105E+00  595    2.1655  9.42E-03 1.5655E+01 3.4810E+01    4.11E+02 0.00E+00 2.27E+02  0.743757  0.035744 4.11E+02 0.00E+00 2.27E+02  0.743356  0.035744  0.0000000E+00  0.0000000E+00  1.9577927E-06  1.7000012E-01  6.6202743E-02  1.2881400E-04 -1.1403317E-01  5.2432218E-02  9.8512589E-03 0.000 0.214 1.000 1.000 1.000 1.000 1.000 1.000 1.000 1.000 1.000 1.000 1.000 1.000 1.000 1.000 1.000 1.000 1.000 1.000 1.000 1.000 1.000 1.000 1.000 1.000 1.000 1.000 1.000 1.000 1.000 1.000 1.000 1.000 1.000 1.000 1.000 1.000 1.000 1.000  8.0582393964E-02   0.19460   1.00000   0.00000   0.00000   0.2721206E-02
  3531  2.584309535975469E+07   9.971479  4.139758  4.343066  0.6831390E+00  0.3028360E+00  2.7424859E-05  1.1844971E-03  8.3257337E-05  3.8917322E-03  4.6022970E-03  7.3137494E-06  7.4994792E-06  2.1084332E-03  1.7053625E-04  0.2118    4.343066  -8.444  1.061518  7.584812  0.1388505E+00  0.8475174E+00  2.0328668E-09  6.8490312E-05  1.8645686E-05  9.1493926E-03  1.7472492E-04  5.1780073E-07  5.5864357E-10  2.1084332E-03  1.7053625E-04  7.039E-11  1.912E-17  6.202E+10  2.357E+11  1.476E+01  2.545E+05  0.74366713  3.883E-05  3.886E-05  8.985E-01  0.000E+00  0.000E+00  1.105E+00  597    2.1609  9.42E-03 1.5617E+01 3.4771E+01    4.10E+02 0.00E+00 2.27E+02  0.743987  0.035798 4.10E+02 0.00E+00 2.26E+02  0.743667  0.035797  0.0000000E+00  0.0000000E+00  1.9676867E-06  1.7037134E-01  6.6177401E-02  1.2843712E-04 -1.1395764E-01  5.2389494E-02  9.8593081E-03 0.000 0.215 1.000 1.000 1.000 1.000 1.000 1.000 1.000 1.000 1.000 1.000 1.000 1.000 1.000 1.000 1.000 1.000 1.000 1.000 1.000 1.000 1.000 1.000 1.000 1.000 1.000 1.000 1.000 1.000 1.000 1.000 1.000 1.000 1.000 1.000 1.000 1.000 1.000 1.000  8.0570614102E-02   0.19282   1.00000   0.00000   0.00000   0.2712105E-02
  3537  2.586219303241584E+07   9.971410  4.140431  4.342762  0.6830822E+00  0.3028930E+00  2.7413353E-05  1.1836510E-03  8.3247495E-05  3.8941328E-03  4.6006983E-03  7.3139924E-06  7.4948673E-06  2.1084332E-03  1.7053625E-04  0.2111    4.342762  -8.443  1.062293  7.585105  0.1375511E+00  0.8488169E+00  1.9666557E-09  6.8578403E-05  1.8668830E-05  9.1495134E-03  1.7444317E-04  5.1544366E-07  5.5746345E-10  2.1084332E-03  1.7053625E-04  7.039E-11  1.912E-17  6.146E+10  2.304E+11  1.463E+01  2.489E+05  0.74422859  3.874E-05  3.875E-05  8.983E-01  0.000E+00  0.000E+00  1.105E+00  599    2.1517  9.42E-03 1.5580E+01 3.4732E+01    4.10E+02 0.00E+00 2.26E+02  0.744308  0.035851 4.10E+02 0.00E+00 2.26E+02  0.744229  0.035852  0.0000000E+00  0.0000000E+00  1.9776963E-06  1.7075882E-01  6.6150180E-02  1.2804235E-04 -1.1387883E-01  5.2345201E-02  9.8670173E-03 0.000 0.214 1.000 1.000 1.000 1.000 1.000 1.000 1.000 1.000 1.000 1.000 1.000 1.000 1.000 1.000 1.000 1.000 1.000 1.000 1.000 1.000 1.000 1.000 1.000 1.000 1.000 1.000 1.000 1.000 1.000 1.000 1.000 1.000 1.000 1.000 1.000 1.000 1.000 1.000  8.0558773703E-02   0.19102   1.00000   0.00000   0.00000   0.2703611E-02
  3543  2.588129070507700E+07   9.971341  4.140968  4.342458  0.6830253E+00  0.3029499E+00  2.7401860E-05  1.1828063E-03  8.3237624E-05  3.8965297E-03  4.5991021E-03  7.3142343E-06  7.4902625E-06  2.1084332E-03  1.7053625E-04  0.2111    4.342458  -8.441  1.063087  7.585404  0.1362627E+00  0.8501053E+00  1.8933673E-09  6.8681329E-05  1.8695240E-05  9.1496010E-03  1.7417542E-04  5.1327627E-07  5.5678606E-10  2.1084332E-03  1.7053625E-04  6.889E-11  1.871E-17  6.085E+10  2.244E+11  1.448E+01  2.424E+05  0.74462962  3.865E-05  3.867E-05  8.982E-01  0.000E+00  0.000E+00  1.106E+00  599    2.1517  9.42E-03 1.5549E+01 3.4699E+01    4.10E+02 0.00E+00 2.26E+02  0.744811  0.035896 4.10E+02 0.00E+00 2.26E+02  0.744630  0.035895  0.0000000E+00  0.0000000E+00  1.9873725E-06  1.7111118E-01  6.6129439E-02  1.2770071E-04 -1.1380600E-01  5.2303648E-02  9.8755559E-03 0.000 0.213 1.000 1.000 1.000 1.000 1.000 1.000 1.000 1.000 1.000 1.000 1.000 1.000 1.000 1.000 1.000 1.000 1.000 1.000 1.000 1.000 1.000 1.000 1.000 1.000 1.000 1.000 1.000 1.000 1.000 1.000 1.000 1.000 1.000 1.000 1.000 1.000 1.000 1.000  8.0546871888E-02   0.18926   1.00000   0.00000   0.00000   0.2695361E-02
  3549  2.590038837773815E+07   9.971272  4.141651  4.342155  0.6829685E+00  0.3030068E+00  2.7390381E-05  1.1819629E-03  8.3227723E-05  3.8989228E-03  4.5975084E-03  7.3144750E-06  7.4856648E-06  2.1084332E-03  1.7053625E-04  0.2106    4.342155  -8.440  1.063837  7.585711  0.1349753E+00  0.8513928E+00  1.8657433E-09  6.8725348E-05  1.8708931E-05  9.1497661E-03  1.7391294E-04  5.1144966E-07  5.5528819E-10  2.1084332E-03  1.7053625E-04  6.889E-11  1.871E-17  6.058E+10  2.234E+11  1.442E+01  2.413E+05  0.74494146  3.854E-05  3.856E-05  8.981E-01  0.000E+00  0.000E+00  1.106E+00  600    2.1471  9.42E-03 1.5512E+01 3.4661E+01    4.09E+02 0.00E+00 2.26E+02  0.745218  0.035951 4.09E+02 0.00E+00 2.26E+02  0.744941  0.035950  0.0000000E+00  0.0000000E+00  1.9983253E-06  1.7148367E-01  6.6105132E-02  1.2733185E-04 -1.1373089E-01  5.2260950E-02  9.8839364E-03 0.000 0.213 1.000 1.000 1.000 1.000 1.000 1.000 1.000 1.000 1.000 1.000 1.000 1.000 1.000 1.000 1.000 1.000 1.000 1.000 1.000 1.000 1.000 1.000 1.000 1.000 1.000 1.000 1.000 1.000 1.000 1.000 1.000 1.000 1.000 1.000 1.000 1.000 1.000 1.000  8.0534910374E-02   0.18747   1.00000   0.00000   0.00000   0.2686465E-02
  3556  2.592266899584283E+07   9.971191  4.142298  4.341827  0.6829022E+00  0.3030732E+00  2.7377005E-05  1.1809808E-03  8.3216135E-05  3.9017101E-03  4.5956521E-03  7.3147543E-06  7.4803096E-06  2.1084332E-03  1.7053625E-04  0.2101    4.341827  -8.438  1.064695  7.586065  0.1334754E+00  0.8528927E+00  1.8138455E-09  6.8814848E-05  1.8734505E-05  9.1498979E-03  1.7361380E-04  5.0901378E-07  5.5400786E-10  2.1084332E-03  1.7053625E-04  6.768E-11  1.837E-17  6.012E+10  2.200E+11  1.431E+01  2.376E+05  0.74538244  3.844E-05  3.846E-05  8.979E-01  0.000E+00  0.000E+00  1.106E+00  601    2.1471  9.42E-03 1.5475E+01 3.4622E+01    4.09E+02 0.00E+00 2.26E+02  0.745447  0.036003 4.09E+02 0.00E+00 2.26E+02  0.745382  0.036003  0.0000000E+00  0.0000000E+00  2.0079986E-06  1.7189574E-01  6.6077041E-02  1.2692117E-04 -1.1364613E-01  5.2212463E-02  9.8942173E-03 0.000 0.213 1.000 1.000 1.000 1.000 1.000 1.000 1.000 1.000 1.000 1.000 1.000 1.000 1.000 1.000 1.000 1.000 1.000 1.000 1.000 1.000 1.000 1.000 1.000 1.000 1.000 1.000 1.000 1.000 1.000 1.000 1.000 1.000 1.000 1.000 1.000 1.000 1.000 1.000  8.0520883518E-02   0.18538   1.00000   0.00000   0.00000   0.2678034E-02
  3562  2.594176666850399E+07   9.971121  4.142898  4.341519  0.6828454E+00  0.3031300E+00  2.7365556E-05  1.1801405E-03  8.3206173E-05  3.9040951E-03  4.5940637E-03  7.3149924E-06  7.4757273E-06  2.1084332E-03  1.7053625E-04  0.2097    4.341519  -8.437  1.065468  7.586372  0.1321880E+00  0.8541801E+00  1.7716062E-09  6.8885343E-05  1.8754548E-05  9.1500175E-03  1.7336035E-04  5.0699178E-07  5.5284085E-10  2.1084332E-03  1.7053625E-04  6.648E-11  1.805E-17  5.973E+10  2.172E+11  1.422E+01  2.346E+05  0.74565355  3.834E-05  3.837E-05  8.978E-01  0.000E+00  0.000E+00  1.106E+00  603    2.1471  9.42E-03 1.5441E+01 3.4587E+01    4.08E+02 0.00E+00 2.26E+02  0.745972  0.036052 4.08E+02 0.00E+00 2.26E+02  0.745654  0.036052  0.0000000E+00  0.0000000E+00  2.0185720E-06  1.7226176E-01  6.6055123E-02  1.2656969E-04 -1.1357217E-01  5.2170256E-02  9.9028207E-03 0.000 0.213 1.000 1.000 1.000 1.000 1.000 1.000 1.000 1.000 1.000 1.000 1.000 1.000 1.000 1.000 1.000 1.000 1.000 1.000 1.000 1.000 1.000 1.000 1.000 1.000 1.000 1.000 1.000 1.000 1.000 1.000 1.000 1.000 1.000 1.000 1.000 1.000 1.000 1.000  8.0508797882E-02   0.18360   1.00000   0.00000   0.00000   0.2669434E-02
  3568  2.596086434116514E+07   9.971051  4.143544  4.341207  0.6827887E+00  0.3031869E+00  2.7354120E-05  1.1793017E-03  8.3196182E-05  3.9064761E-03  4.5924779E-03  7.3152295E-06  7.4711523E-06  2.1084332E-03  1.7053625E-04  0.2093    4.341207  -8.435  1.066305  7.586681  0.1308873E+00  0.8554809E+00  1.7165388E-09  6.8976611E-05  1.8779182E-05  9.1501128E-03  1.7310156E-04  5.0479691E-07  5.5182100E-10  2.1084332E-03  1.7053625E-04  6.648E-11  1.805E-17  5.931E+10  2.141E+11  1.412E+01  2.313E+05  0.74610897  3.824E-05  3.826E-05  8.977E-01  0.000E+00  0.000E+00  1.106E+00  604    2.1432  9.42E-03 1.5404E+01 3.4549E+01    4.08E+02 0.00E+00 2.26E+02  0.746251  0.036106 4.08E+02 0.00E+00 2.26E+02  0.746109  0.036104  0.0000000E+00  0.0000000E+00  2.0289190E-06  1.7265892E-01  6.6029791E-02  1.2618385E-04 -1.1349365E-01  5.2126089E-02  9.9106913E-03 0.000 0.211 1.000 1.000 1.000 1.000 1.000 1.000 1.000 1.000 1.000 1.000 1.000 1.000 1.000 1.000 1.000 1.000 1.000 1.000 1.000 1.000 1.000 1.000 1.000 1.000 1.000 1.000 1.000 1.000 1.000 1.000 1.000 1.000 1.000 1.000 1.000 1.000 1.000 1.000  8.0496652552E-02   0.18177   1.00000   0.00000   0.00000   0.2661271E-02
  3574  2.597900713019325E+07   9.970985  4.144110  4.340887  0.6827348E+00  0.3032408E+00  2.7343266E-05  1.1785059E-03  8.3186662E-05  3.9087352E-03  4.5909733E-03  7.3154537E-06  7.4668116E-06  2.1084332E-03  1.7053625E-04  0.2093    4.340887  -8.434  1.067178  7.586979  0.1296406E+00  0.8567276E+00  1.6278273E-09  6.9285293E-05  1.8866930E-05  9.1498841E-03  1.7284861E-04  4.9928546E-07  5.5126519E-10  2.1084332E-03  1.7053625E-04  6.375E-11  1.729E-17  5.837E+10  2.042E+11  1.389E+01  2.206E+05  0.74634189  3.813E-05  3.817E-05  8.976E-01  0.000E+00  0.000E+00  1.106E+00  605    2.1393  9.42E-03 1.5370E+01 3.4514E+01    4.07E+02 0.00E+00 2.26E+02  0.746677  0.036149 4.07E+02 0.00E+00 2.26E+02  0.746342  0.036151  0.0000000E+00  0.0000000E+00  1.8344285E-06  1.7304340E-01  6.6007449E-02  1.2582040E-04 -1.1341564E-01  5.2082473E-02  9.9180563E-03 0.000 0.211 1.000 1.000 1.000 1.000 1.000 1.000 1.000 1.000 1.000 1.000 1.000 1.000 1.000 1.000 1.000 1.000 1.000 1.000 1.000 1.000 1.000 1.000 1.000 1.000 1.000 1.000 1.000 1.000 1.000 1.000 1.000 1.000 1.000 1.000 1.000 1.000 1.000 1.000  8.0485054439E-02   0.18006   1.00000   0.00000   0.00000   0.2653050E-02
  3581  2.599905968648748E+07   9.970911  4.144827  4.340578  0.6826753E+00  0.3033004E+00  2.7331284E-05  1.1776278E-03  8.3176110E-05  3.9112282E-03  4.5893128E-03  7.3157003E-06  7.4620211E-06  2.1084332E-03  1.7053625E-04  0.2087    4.340578  -8.433  1.067951  7.587314  0.1282607E+00  0.8581077E+00  1.6044008E-09  6.9337961E-05  1.8884164E-05  9.1500489E-03  1.7257182E-04  4.9603977E-07  5.4832717E-10  2.1084332E-03  1.7053625E-04  6.183E-11  1.677E-17  5.813E+10  2.036E+11  1.383E+01  2.199E+05  0.74692408  3.804E-05  3.806E-05  8.974E-01  0.000E+00  0.000E+00  1.107E+00  607    2.1353  9.42E-03 1.5332E+01 3.4471E+01    4.07E+02 0.00E+00 2.26E+02  0.746987  0.036210 4.07E+02 0.00E+00 2.26E+02  0.746924  0.036209  0.0000000E+00  0.0000000E+00  1.8447988E-06  1.7343708E-01  6.5978619E-02  1.2542741E-04 -1.1333716E-01  5.2037608E-02  9.9273518E-03 0.000 0.211 1.000 1.000 1.000 1.000 1.000 1.000 1.000 1.000 1.000 1.000 1.000 1.000 1.000 1.000 1.000 1.000 1.000 1.000 1.000 1.000 1.000 1.000 1.000 1.000 1.000 1.000 1.000 1.000 1.000 1.000 1.000 1.000 1.000 1.000 1.000 1.000 1.000 1.000  8.0472168148E-02   0.17814   1.00000   0.00000   0.00000   0.2644121E-02
  3587  2.601624759188253E+07   9.970847  4.145351  4.340284  0.6826243E+00  0.3033515E+00  2.7321026E-05  1.1768763E-03  8.3167041E-05  3.9133617E-03  4.5878917E-03  7.3159108E-06  7.4579213E-06  2.1084332E-03  1.7053625E-04  0.2086    4.340284  -8.431  1.068801  7.587605  0.1270699E+00  0.8592985E+00  1.5394764E-09  6.9443863E-05  1.8910789E-05  9.1501074E-03  1.7233316E-04  4.9385980E-07  5.4759945E-10  2.1084332E-03  1.7053625E-04  6.183E-11  1.677E-17  5.753E+10  1.976E+11  1.369E+01  2.134E+05  0.74714070  3.795E-05  3.798E-05  8.973E-01  0.000E+00  0.000E+00  1.107E+00  608    2.1314  9.42E-03 1.5302E+01 3.4441E+01    4.07E+02 0.00E+00 2.26E+02  0.747444  0.036253 4.07E+02 0.00E+00 2.26E+02  0.747141  0.036252  0.0000000E+00  0.0000000E+00  1.8533258E-06  1.7378949E-01  6.5959496E-02  1.2510252E-04 -1.1326802E-01  5.1998438E-02  9.9348243E-03 0.000 0.210 1.000 1.000 1.000 1.000 1.000 1.000 1.000 1.000 1.000 1.000 1.000 1.000 1.000 1.000 1.000 1.000 1.000 1.000 1.000 1.000 1.000 1.000 1.000 1.000 1.000 1.000 1.000 1.000 1.000 1.000 1.000 1.000 1.000 1.000 1.000 1.000 1.000 1.000  8.0461071080E-02   0.17650   1.00000   0.00000   0.00000   0.2636452E-02
  3594  2.603630014817676E+07   9.970773  4.146050  4.339953  0.6825648E+00  0.3034110E+00  2.7309071E-05  1.1760010E-03  8.3156431E-05  3.9158471E-03  4.5862362E-03  7.3161552E-06  7.4531452E-06  2.1084332E-03  1.7053625E-04  0.2081    4.339953  -8.430  1.069741  7.587954  0.1256620E+00  0.8607064E+00  1.5054620E-09  6.9513520E-05  1.8931398E-05  9.1502574E-03  1.7204562E-04  4.9159475E-07  5.4598356E-10  2.1084332E-03  1.7053625E-04  6.075E-11  1.646E-17  5.722E+10  1.956E+11  1.362E+01  2.113E+05  0.74755505  3.784E-05  3.787E-05  8.971E-01  0.000E+00  0.000E+00  1.107E+00  610    2.1267  9.42E-03 1.5263E+01 3.4401E+01    4.06E+02 0.00E+00 2.26E+02  0.747829  0.036310 4.06E+02 0.00E+00 2.26E+02  0.747555  0.036310  0.0000000E+00  0.0000000E+00  1.8637245E-06  1.7420413E-01  6.5934568E-02  1.2471273E-04 -1.1318739E-01  5.1952625E-02  9.9437629E-03 0.000 0.210 1.000 1.000 1.000 1.000 1.000 1.000 1.000 1.000 1.000 1.000 1.000 1.000 1.000 1.000 1.000 1.000 1.000 1.000 1.000 1.000 1.000 1.000 1.000 1.000 1.000 1.000 1.000 1.000 1.000 1.000 1.000 1.000 1.000 1.000 1.000 1.000 1.000 1.000  8.0448057073E-02   0.17453   1.00000   0.00000   0.00000   0.2627282E-02
  3601  2.605635270447099E+07   9.970698  4.146693  4.339642  0.6825053E+00  0.3034705E+00  2.7297130E-05  1.1751272E-03  8.3145790E-05  3.9183286E-03  4.5845833E-03  7.3163985E-06  7.4483765E-06  2.1084332E-03  1.7053625E-04  0.2077    4.339642  -8.428  1.070634  7.588297  0.1242665E+00  0.8621020E+00  1.4648451E-09  6.9593287E-05  1.8953901E-05  9.1503813E-03  1.7177195E-04  4.8950274E-07  5.4476874E-10  2.1084332E-03  1.7053625E-04  5.950E-11  1.612E-17  5.681E+10  1.927E+11  1.352E+01  2.081E+05  0.74786052  3.774E-05  3.776E-05  8.970E-01  0.000E+00  0.000E+00  1.107E+00  611    2.1219  9.42E-03 1.5226E+01 3.4362E+01    4.06E+02 0.00E+00 2.26E+02  0.748063  0.036362 4.06E+02 0.00E+00 2.25E+02  0.747861  0.036362  0.0000000E+00  0.0000000E+00  1.8727994E-06  1.7460820E-01  6.5907703E-02  1.2432507E-04 -1.1310794E-01  5.1907337E-02  9.9529723E-03 0.000 0.210 1.000 1.000 1.000 1.000 1.000 1.000 1.000 1.000 1.000 1.000 1.000 1.000 1.000 1.000 1.000 1.000 1.000 1.000 1.000 1.000 1.000 1.000 1.000 1.000 1.000 1.000 1.000 1.000 1.000 1.000 1.000 1.000 1.000 1.000 1.000 1.000 1.000 1.000  8.0434973859E-02   0.17259   1.00000   0.00000   0.00000   0.2619353E-02
  3608  2.607640526076522E+07   9.970623  4.147338  4.339314  0.6824459E+00  0.3035300E+00  2.7285204E-05  1.1742549E-03  8.3135119E-05  3.9208058E-03  4.5829331E-03  7.3166406E-06  7.4436156E-06  2.1084332E-03  1.7053625E-04  0.2073    4.339314  -8.427  1.071536  7.588647  0.1228733E+00  0.8634952E+00  1.4252445E-09  6.9675539E-05  1.8977245E-05  9.1504963E-03  1.7150415E-04  4.8735829E-07  5.4354198E-10  2.1084332E-03  1.7053625E-04  5.950E-11  1.612E-17  5.641E+10  1.898E+11  1.343E+01  2.050E+05  0.74828586  3.764E-05  3.766E-05  8.969E-01  0.000E+00  0.000E+00  1.107E+00  612    2.1219  9.42E-03 1.5190E+01 3.4324E+01    4.05E+02 0.00E+00 2.26E+02  0.748592  0.036416 4.05E+02 0.00E+00 2.25E+02  0.748286  0.036415  0.0000000E+00  0.0000000E+00  1.8832877E-06  1.7501130E-01  6.5883754E-02  1.2395090E-04 -1.1302952E-01  5.1862477E-02  9.9623143E-03 0.000 0.210 1.000 1.000 1.000 1.000 1.000 1.000 1.000 1.000 1.000 1.000 1.000 1.000 1.000 1.000 1.000 1.000 1.000 1.000 1.000 1.000 1.000 1.000 1.000 1.000 1.000 1.000 1.000 1.000 1.000 1.000 1.000 1.000 1.000 1.000 1.000 1.000 1.000 1.000  8.0421822029E-02   0.17066   1.00000   0.00000   0.00000   0.2610439E-02
  3615  2.609645781705945E+07   9.970548  4.147991  4.338982  0.6823866E+00  0.3035895E+00  2.7273294E-05  1.1733842E-03  8.3124418E-05  3.9232788E-03  4.5812857E-03  7.3168816E-06  7.4388628E-06  2.1084332E-03  1.7053625E-04  0.2070    4.338982  -8.425  1.072522  7.588999  0.1214996E+00  0.8648690E+00  1.3951817E-09  6.9742965E-05  1.8997442E-05  9.1506172E-03  1.7125300E-04  4.8539782E-07  5.4226573E-10  2.1084332E-03  1.7053625E-04  5.780E-11  1.565E-17  5.611E+10  1.882E+11  1.335E+01  2.033E+05  0.74864388  3.753E-05  3.756E-05  8.967E-01  0.000E+00  0.000E+00  1.107E+00  612    2.1219  9.42E-03 1.5153E+01 3.4286E+01    4.05E+02 0.00E+00 2.25E+02  0.748978  0.036470 4.05E+02 0.00E+00 2.25E+02  0.748644  0.036469  0.0000000E+00  0.0000000E+00  1.8934742E-06  1.7542039E-01  6.5860076E-02  1.2357530E-04 -1.1295096E-01  5.1817638E-02  9.9715057E-03 0.000 0.210 1.000 1.000 1.000 1.000 1.000 1.000 1.000 1.000 1.000 1.000 1.000 1.000 1.000 1.000 1.000 1.000 1.000 1.000 1.000 1.000 1.000 1.000 1.000 1.000 1.000 1.000 1.000 1.000 1.000 1.000 1.000 1.000 1.000 1.000 1.000 1.000 1.000 1.000  8.0408600549E-02   0.16873   1.00000   0.00000   0.00000   0.2601581E-02
  3622  2.611651037335368E+07   9.970472  4.148689  4.338656  0.6823272E+00  0.3036489E+00  2.7261397E-05  1.1725149E-03  8.3113685E-05  3.9257481E-03  4.5796408E-03  7.3171215E-06  7.4341170E-06  2.1084332E-03  1.7053625E-04  0.2066    4.338656  -8.424  1.073561  7.589362  0.1200636E+00  0.8663050E+00  1.3287874E-09  6.9875893E-05  1.9031940E-05  9.1506802E-03  1.7096415E-04  4.8256318E-07  5.4114225E-10  2.1084332E-03  1.7053625E-04  5.725E-11  1.549E-17  5.546E+10  1.818E+11  1.320E+01  1.963E+05  0.74914005  3.743E-05  3.745E-05  8.966E-01  0.000E+00  0.000E+00  1.108E+00  613    2.1148  9.42E-03 1.5113E+01 3.4244E+01    4.04E+02 0.00E+00 2.25E+02  0.749206  0.036527 4.04E+02 0.00E+00 2.25E+02  0.749140  0.036527  0.0000000E+00  0.0000000E+00  1.9033070E-06  1.7585869E-01  6.5831151E-02  1.2316134E-04 -1.1286809E-01  5.1770785E-02  9.9802538E-03 0.000 0.209 1.000 1.000 1.000 1.000 1.000 1.000 1.000 1.000 1.000 1.000 1.000 1.000 1.000 1.000 1.000 1.000 1.000 1.000 1.000 1.000 1.000 1.000 1.000 1.000 1.000 1.000 1.000 1.000 1.000 1.000 1.000 1.000 1.000 1.000 1.000 1.000 1.000 1.000  8.0395308829E-02   0.16676   1.00000   0.00000   0.00000   0.2593338E-02
  3629  2.613656292964790E+07   9.970397  4.149320  4.338345  0.6822679E+00  0.3037083E+00  2.7249515E-05  1.1716471E-03  8.3102922E-05  3.9282133E-03  4.5779985E-03  7.3173603E-06  7.4293788E-06  2.1084332E-03  1.7053625E-04  0.2060    4.338345  -8.422  1.074380  7.589717  0.1186688E+00  0.8676999E+00  1.3019093E-09  6.9938663E-05  1.9050764E-05  9.1508147E-03  1.7070527E-04  4.8073930E-07  5.3986898E-10  2.1084332E-03  1.7053625E-04  5.725E-11  1.549E-17  5.516E+10  1.803E+11  1.313E+01  1.947E+05  0.74942520  3.733E-05  3.736E-05  8.965E-01  0.000E+00  0.000E+00  1.108E+00  615    2.1076  9.42E-03 1.5078E+01 3.4207E+01    4.04E+02 0.00E+00 2.25E+02  0.749724  0.036579 4.04E+02 0.00E+00 2.25E+02  0.749425  0.036579  0.0000000E+00  0.0000000E+00  1.9136468E-06  1.7624745E-01  6.5807667E-02  1.2280436E-04 -1.1279251E-01  5.1727057E-02  9.9902308E-03 0.000 0.209 1.000 1.000 1.000 1.000 1.000 1.000 1.000 1.000 1.000 1.000 1.000 1.000 1.000 1.000 1.000 1.000 1.000 1.000 1.000 1.000 1.000 1.000 1.000 1.000 1.000 1.000 1.000 1.000 1.000 1.000 1.000 1.000 1.000 1.000 1.000 1.000 1.000 1.000  8.0381941159E-02   0.16482   1.00000   0.00000   0.00000   0.2584805E-02
  3636  2.615661548594213E+07   9.970321  4.149954  4.338027  0.6822086E+00  0.3037676E+00  2.7237649E-05  1.1707809E-03  8.3092131E-05  3.9306741E-03  4.5763591E-03  7.3175979E-06  7.4246488E-06  2.1084332E-03  1.7053625E-04  0.2055    4.338027  -8.421  1.075329  7.590083  0.1172563E+00  0.8691125E+00  1.2626206E-09  7.0029300E-05  1.9076287E-05  9.1509161E-03  1.7043928E-04  4.7846266E-07  5.3858984E-10  2.1084332E-03  1.7053625E-04  5.610E-11  1.517E-17  5.475E+10  1.772E+11  1.303E+01  1.914E+05  0.74977129  3.723E-05  3.726E-05  8.963E-01  0.000E+00  0.000E+00  1.108E+00  616    2.1076  9.42E-03 1.5042E+01 3.4169E+01    4.04E+02 0.00E+00 2.25E+02  0.750047  0.036632 4.04E+02 0.00E+00 2.25E+02  0.749771  0.036631  0.0000000E+00  0.0000000E+00  1.9233885E-06  1.7665772E-01  6.5784161E-02  1.2243400E-04 -1.1271436E-01  5.1682217E-02  9.9998495E-03 0.000 0.208 1.000 1.000 1.000 1.000 1.000 1.000 1.000 1.000 1.000 1.000 1.000 1.000 1.000 1.000 1.000 1.000 1.000 1.000 1.000 1.000 1.000 1.000 1.000 1.000 1.000 1.000 1.000 1.000 1.000 1.000 1.000 1.000 1.000 1.000 1.000 1.000 1.000 1.000  8.0368508498E-02   0.16286   1.00000   0.00000   0.00000   0.2576671E-02
  3643  2.617666804223636E+07   9.970245  4.150608  4.337719  0.6821494E+00  0.3038269E+00  2.7225797E-05  1.1699163E-03  8.3081309E-05  3.9331310E-03  4.5747223E-03  7.3178345E-06  7.4199263E-06  2.1084332E-03  1.7053625E-04  0.2052    4.337719  -8.419  1.076292  7.590454  0.1158430E+00  0.8705258E+00  1.2262864E-09  7.0116941E-05  1.9101186E-05  9.1510189E-03  1.7017630E-04  4.7626614E-07  5.3732744E-10  2.1084332E-03  1.7053625E-04  5.508E-11  1.488E-17  5.436E+10  1.744E+11  1.294E+01  1.883E+05  0.75006183  3.713E-05  3.715E-05  8.962E-01  0.000E+00  0.000E+00  1.108E+00  615    2.1076  9.42E-03 1.5005E+01 3.4130E+01    4.03E+02 0.00E+00 2.25E+02  0.750374  0.036685 4.03E+02 0.00E+00 2.25E+02  0.750062  0.036685  0.0000000E+00  0.0000000E+00  1.9333257E-06  1.7707017E-01  6.5757493E-02  1.2196591E-04 -1.1263646E-01  5.1637494E-02  1.0009550E-02 0.000 0.208 1.000 1.000 1.000 1.000 1.000 1.000 1.000 1.000 1.000 1.000 1.000 1.000 1.000 1.000 1.000 1.000 1.000 1.000 1.000 1.000 1.000 1.000 1.000 1.000 1.000 1.000 1.000 1.000 1.000 1.000 1.000 1.000 1.000 1.000 1.000 1.000 1.000 1.000  8.0355006062E-02   0.16089   1.00000   0.00000   0.00000   0.2568842E-02
  3649  2.619385594763141E+07   9.970179  4.151217  4.337407  0.6820986E+00  0.3038778E+00  2.7215652E-05  1.1691764E-03  8.3072011E-05  3.9352333E-03  4.5733216E-03  7.3180364E-06  7.4158851E-06  2.1084332E-03  1.7053625E-04  0.2051    4.337407  -8.418  1.077336  7.590779  0.1146284E+00  0.8717404E+00  1.1976081E-09  7.0182805E-05  1.9120041E-05  9.1511199E-03  1.6995166E-04  4.7441200E-07  5.3611481E-10  2.1084332E-03  1.7053625E-04  5.508E-11  1.488E-17  5.405E+10  1.723E+11  1.287E+01  1.861E+05  0.75051086  3.704E-05  3.706E-05  8.961E-01  0.000E+00  0.000E+00  1.108E+00  616    2.1031  9.42E-03 1.4970E+01 3.4093E+01    4.03E+02 0.00E+00 2.25E+02  0.750584  0.036739 4.03E+02 0.00E+00 2.25E+02  0.750511  0.036736  0.0000000E+00  0.0000000E+00  1.9426788E-06  1.7745722E-01  6.5733806E-02  1.2161413E-04 -1.1256562E-01  5.1597376E-02  1.0017149E-02 0.000 0.208 1.000 1.000 1.000 1.000 1.000 1.000 1.000 1.000 1.000 1.000 1.000 1.000 1.000 1.000 1.000 1.000 1.000 1.000 1.000 1.000 1.000 1.000 1.000 1.000 1.000 1.000 1.000 1.000 1.000 1.000 1.000 1.000 1.000 1.000 1.000 1.000 1.000 1.000  8.0343373448E-02   0.15918   1.00000   0.00000   0.00000   0.2560699E-02
  3655  2.621104385302647E+07   9.970113  4.151823  4.337098  0.6820479E+00  0.3039286E+00  2.7205515E-05  1.1684375E-03  8.3062689E-05  3.9373331E-03  4.5719226E-03  7.3182376E-06  7.4118486E-06  2.1084332E-03  1.7053625E-04  0.2047    4.337098  -8.417  1.078317  7.591106  0.1133700E+00  0.8729989E+00  1.1378467E-09  7.0323964E-05  1.9156309E-05  9.1511358E-03  1.6970315E-04  4.7186494E-07  5.3540308E-10  2.1084332E-03  1.7053625E-04  5.333E-11  1.440E-17  5.344E+10  1.659E+11  1.272E+01  1.792E+05  0.75092590  3.694E-05  3.697E-05  8.959E-01  0.000E+00  0.000E+00  1.108E+00  617    2.0985  9.42E-03 1.4935E+01 3.4058E+01    4.02E+02 0.00E+00 2.25E+02  0.751112  0.036786 4.02E+02 0.00E+00 2.25E+02  0.750926  0.036787  0.0000000E+00  0.0000000E+00  1.9527009E-06  1.7785592E-01  6.5712280E-02  1.2126394E-04 -1.1249246E-01  5.1556097E-02  1.0024537E-02 0.000 0.207 1.000 1.000 1.000 1.000 1.000 1.000 1.000 1.000 1.000 1.000 1.000 1.000 1.000 1.000 1.000 1.000 1.000 1.000 1.000 1.000 1.000 1.000 1.000 1.000 1.000 1.000 1.000 1.000 1.000 1.000 1.000 1.000 1.000 1.000 1.000 1.000 1.000 1.000  8.0331683328E-02   0.15746   1.00000   0.00000   0.00000   0.2552729E-02
  3662  2.623109640932070E+07   9.970036  4.152469  4.336756  0.6819887E+00  0.3039878E+00  2.7193704E-05  1.1675769E-03  8.3051788E-05  3.9397787E-03  4.5702932E-03  7.3184714E-06  7.4071471E-06  2.1084332E-03  1.7053625E-04  0.2043    4.336756  -8.415  1.079285  7.591492  0.1119408E+00  0.8744281E+00  1.1156413E-09  7.0384818E-05  1.9174990E-05  9.1512771E-03  1.6943926E-04  4.6995175E-07  5.3392676E-10  2.1084332E-03  1.7053625E-04  5.145E-11  1.388E-17  5.317E+10  1.648E+11  1.265E+01  1.779E+05  0.75122854  3.684E-05  3.687E-05  8.958E-01  0.000E+00  0.000E+00  1.109E+00  619    2.0939  9.42E-03 1.4899E+01 3.4018E+01    4.02E+02 0.00E+00 2.25E+02  0.751518  0.036841 4.02E+02 0.00E+00 2.25E+02  0.751229  0.036840  0.0000000E+00  0.0000000E+00  1.9632648E-06  1.7826030E-01  6.5686233E-02  1.2089530E-04 -1.1241695E-01  5.1512253E-02  1.0034822E-02 0.000 0.207 1.000 1.000 1.000 1.000 1.000 1.000 1.000 1.000 1.000 1.000 1.000 1.000 1.000 1.000 1.000 1.000 1.000 1.000 1.000 1.000 1.000 1.000 1.000 1.000 1.000 1.000 1.000 1.000 1.000 1.000 1.000 1.000 1.000 1.000 1.000 1.000 1.000 1.000  8.0317969150E-02   0.15546   1.00000   0.00000   0.00000   0.2543701E-02
  3668  2.624828431471575E+07   9.969970  4.153082  4.336451  0.6819381E+00  0.3040385E+00  2.7183591E-05  1.1668404E-03  8.3042421E-05  3.9418720E-03  4.5688985E-03  7.3186709E-06  7.4031229E-06  2.1084332E-03  1.7053625E-04  0.2039    4.336451  -8.414  1.080259  7.591832  0.1106795E+00  0.8756894E+00  1.0688836E-09  7.0498789E-05  1.9204759E-05  9.1513274E-03  1.6919541E-04  4.6764584E-07  5.3297107E-10  2.1084332E-03  1.7053625E-04  5.145E-11  1.388E-17  5.267E+10  1.601E+11  1.254E+01  1.729E+05  0.75158708  3.674E-05  3.677E-05  8.957E-01  0.000E+00  0.000E+00  1.109E+00  621    2.0893  9.42E-03 1.4864E+01 3.3981E+01    4.01E+02 0.00E+00 2.25E+02  0.751921  0.036891 4.01E+02 0.00E+00 2.25E+02  0.751587  0.036891  0.0000000E+00  0.0000000E+00  1.9732360E-06  1.7864982E-01  6.5659841E-02  1.2053673E-04 -1.1234633E-01  5.1472080E-02  1.0042723E-02 0.000 0.205 1.000 1.000 1.000 1.000 1.000 1.000 1.000 1.000 1.000 1.000 1.000 1.000 1.000 1.000 1.000 1.000 1.000 1.000 1.000 1.000 1.000 1.000 1.000 1.000 1.000 1.000 1.000 1.000 1.000 1.000 1.000 1.000 1.000 1.000 1.000 1.000 1.000 1.000  8.0306156037E-02   0.15372   1.00000   0.00000   0.00000   0.2536378E-02
  3674  2.626547222011080E+07   9.969904  4.153677  4.336146  0.6818874E+00  0.3040892E+00  2.7173491E-05  1.1661051E-03  8.3033033E-05  3.9439620E-03  4.5675059E-03  7.3188697E-06  7.3991048E-06  2.1084332E-03  1.7053625E-04  0.2034    4.336146  -8.412  1.081178  7.592172  0.1094237E+00  0.8769453E+00  1.0393200E-09  7.0576176E-05  1.9226274E-05  9.1514238E-03  1.6895742E-04  4.6575853E-07  5.3182151E-10  2.1084332E-03  1.7053625E-04  5.037E-11  1.357E-17  5.233E+10  1.576E+11  1.246E+01  1.702E+05  0.75213899  3.666E-05  3.668E-05  8.955E-01  0.000E+00  0.000E+00  1.109E+00  622    2.0847  9.42E-03 1.4830E+01 3.3943E+01    4.01E+02 0.00E+00 2.25E+02  0.752236  0.036941 4.01E+02 0.00E+00 2.25E+02  0.752139  0.036941  0.0000000E+00  0.0000000E+00  1.9827485E-06  1.7902246E-01  6.5633986E-02  1.2019299E-04 -1.1227829E-01  5.1432967E-02  1.0051140E-02 0.000 0.205 1.000 1.000 1.000 1.000 1.000 1.000 1.000 1.000 1.000 1.000 1.000 1.000 1.000 1.000 1.000 1.000 1.000 1.000 1.000 1.000 1.000 1.000 1.000 1.000 1.000 1.000 1.000 1.000 1.000 1.000 1.000 1.000 1.000 1.000 1.000 1.000 1.000 1.000  8.0294281834E-02   0.15198   1.00000   0.00000   0.00000   0.2528251E-02
  3680  2.628266012550586E+07   9.969837  4.154244  4.335836  0.6818368E+00  0.3041399E+00  2.7163401E-05  1.1653710E-03  8.3023625E-05  3.9460489E-03  4.5661154E-03  7.3190678E-06  7.3950926E-06  2.1084332E-03  1.7053625E-04  0.2030    4.335836  -8.411  1.082092  7.592516  0.1081733E+00  0.8781957E+00  1.0107099E-09  7.0659105E-05  1.9249735E-05  9.1515063E-03  1.6872540E-04  4.6384197E-07  5.3073888E-10  2.1084332E-03  1.7053625E-04  5.037E-11  1.357E-17  5.200E+10  1.552E+11  1.238E+01  1.676E+05  0.75257954  3.657E-05  3.659E-05  8.953E-01  0.000E+00  0.000E+00  1.109E+00  623    2.0801  9.42E-03 1.4798E+01 3.3909E+01    4.01E+02 0.00E+00 2.25E+02  0.752749  0.036989 4.01E+02 0.00E+00 2.25E+02  0.752580  0.036989  0.0000000E+00  0.0000000E+00  1.9928462E-06  1.7939009E-01  6.5612140E-02  1.1986879E-04 -1.1221144E-01  5.1394376E-02  1.0059730E-02 0.000 0.205 1.000 1.000 1.000 1.000 1.000 1.000 1.000 1.000 1.000 1.000 1.000 1.000 1.000 1.000 1.000 1.000 1.000 1.000 1.000 1.000 1.000 1.000 1.000 1.000 1.000 1.000 1.000 1.000 1.000 1.000 1.000 1.000 1.000 1.000 1.000 1.000 1.000 1.000  8.0282349591E-02   0.15024   1.00000   0.00000   0.00000   0.2519880E-02
  3686  2.629984803090091E+07   9.969770  4.154800  4.335523  0.6817862E+00  0.3041905E+00  2.7153325E-05  1.1646381E-03  8.3014197E-05  3.9481324E-03  4.5647271E-03  7.3192651E-06  7.3910867E-06  2.1084332E-03  1.7053625E-04  0.2029    4.335523  -8.410  1.083130  7.592860  0.1069412E+00  0.8794279E+00  9.9160983E-10  7.0712873E-05  1.9266079E-05  9.1516195E-03  1.6850575E-04  4.6221168E-07  5.2945737E-10  2.1084332E-03  1.7053625E-04  4.963E-11  1.336E-17  5.152E+10  1.505E+11  1.226E+01  1.625E+05  0.75282024  3.647E-05  3.651E-05  8.952E-01  0.000E+00  0.000E+00  1.109E+00  623    2.0801  9.42E-03 1.4765E+01 3.3875E+01    4.00E+02 0.00E+00 2.25E+02  0.753230  0.037036 4.00E+02 0.00E+00 2.24E+02  0.752820  0.037035  0.0000000E+00  0.0000000E+00  2.0028256E-06  1.7976112E-01  6.5590437E-02  1.1954429E-04 -1.1214450E-01  5.1355762E-02  1.0068220E-02 0.000 0.205 1.000 1.000 1.000 1.000 1.000 1.000 1.000 1.000 1.000 1.000 1.000 1.000 1.000 1.000 1.000 1.000 1.000 1.000 1.000 1.000 1.000 1.000 1.000 1.000 1.000 1.000 1.000 1.000 1.000 1.000 1.000 1.000 1.000 1.000 1.000 1.000 1.000 1.000  8.0270359907E-02   0.14850   1.00000   0.00000   0.00000   0.2512229E-02
  3692  2.631703593629596E+07   9.969703  4.155407  4.335228  0.6817357E+00  0.3042412E+00  2.7143259E-05  1.1639062E-03  8.3004748E-05  3.9502130E-03  4.5633407E-03  7.3194617E-06  7.3870862E-06  2.1084332E-03  1.7053625E-04  0.2025    4.335228  -8.408  1.084013  7.593207  0.1056959E+00  0.8806733E+00  9.6103107E-10  7.0814738E-05  1.9294880E-05  9.1516681E-03  1.6828096E-04  4.6011344E-07  5.2852739E-10  2.1084332E-03  1.7053625E-04  4.803E-11  1.292E-17  5.141E+10  1.514E+11  1.224E+01  1.635E+05  0.75321457  3.639E-05  3.641E-05  8.951E-01  0.000E+00  0.000E+00  1.109E+00  625    2.0801  9.42E-03 1.4731E+01 3.3837E+01    4.00E+02 0.00E+00 2.24E+02  0.753508  0.037086 4.00E+02 0.00E+00 2.24E+02  0.753215  0.037086  0.0000000E+00  0.0000000E+00  2.0123881E-06  1.8013524E-01  6.5563684E-02  1.1920066E-04 -1.1207754E-01  5.1317167E-02  1.0076817E-02 0.000 0.205 1.000 1.000 1.000 1.000 1.000 1.000 1.000 1.000 1.000 1.000 1.000 1.000 1.000 1.000 1.000 1.000 1.000 1.000 1.000 1.000 1.000 1.000 1.000 1.000 1.000 1.000 1.000 1.000 1.000 1.000 1.000 1.000 1.000 1.000 1.000 1.000 1.000 1.000  8.0258311145E-02   0.14680   1.00000   0.00000   0.00000   0.2504759E-02
  3698  2.633422384169102E+07   9.969636  4.156027  4.334908  0.6816851E+00  0.3042918E+00  2.7133203E-05  1.1631754E-03  8.2995279E-05  3.9522908E-03  4.5619562E-03  7.3196576E-06  7.3830911E-06  2.1084332E-03  1.7053625E-04  0.2020    4.334908  -8.407  1.085099  7.593570  0.1043985E+00  0.8819707E+00  9.1377110E-10  7.0946856E-05  1.9328950E-05  9.1516985E-03  1.6803068E-04  4.5755583E-07  5.2751489E-10  2.1084332E-03  1.7053625E-04  4.803E-11  1.292E-17  5.087E+10  1.460E+11  1.211E+01  1.577E+05  0.75370458  3.630E-05  3.632E-05  8.949E-01  0.000E+00  0.000E+00  1.110E+00  626    2.0722  9.42E-03 1.4695E+01 3.3800E+01    3.99E+02 0.00E+00 2.24E+02  0.753778  0.037139 3.99E+02 0.00E+00 2.24E+02  0.753705  0.037138  0.0000000E+00  0.0000000E+00  2.0222132E-06  1.8054476E-01  6.5538207E-02  1.1883978E-04 -1.1200578E-01  5.1276365E-02  1.0084738E-02 0.000 0.204 1.000 1.000 1.000 1.000 1.000 1.000 1.000 1.000 1.000 1.000 1.000 1.000 1.000 1.000 1.000 1.000 1.000 1.000 1.000 1.000 1.000 1.000 1.000 1.000 1.000 1.000 1.000 1.000 1.000 1.000 1.000 1.000 1.000 1.000 1.000 1.000 1.000 1.000  8.0246203549E-02   0.14500   1.00000   0.00000   0.00000   0.2496881E-02
  3704  2.635141174708607E+07   9.969568  4.156588  4.334610  0.6816346E+00  0.3043423E+00  2.7123159E-05  1.1624458E-03  8.2985789E-05  3.9543654E-03  4.5605737E-03  7.3198527E-06  7.3791020E-06  2.1084332E-03  1.7053625E-04  0.2016    4.334610  -8.406  1.086058  7.593930  0.1031342E+00  0.8832351E+00  8.8431802E-10  7.1046128E-05  1.9356384E-05  9.1517564E-03  1.6780023E-04  4.5560358E-07  5.2663156E-10  2.1084332E-03  1.7053625E-04  4.623E-11  1.242E-17  5.052E+10  1.432E+11  1.202E+01  1.547E+05  0.75407219  3.621E-05  3.623E-05  8.948E-01  0.000E+00  0.000E+00  1.110E+00  626    2.0722  9.42E-03 1.4662E+01 3.3764E+01    3.99E+02 0.00E+00 2.24E+02  0.754155  0.037185 3.99E+02 0.00E+00 2.24E+02  0.754072  0.037185  0.0000000E+00  0.0000000E+00  2.0316528E-06  1.8091353E-01  6.5513610E-02  1.1851051E-04 -1.1194023E-01  5.1238280E-02  1.0093674E-02 0.000 0.203 1.000 1.000 1.000 1.000 1.000 1.000 1.000 1.000 1.000 1.000 1.000 1.000 1.000 1.000 1.000 1.000 1.000 1.000 1.000 1.000 1.000 1.000 1.000 1.000 1.000 1.000 1.000 1.000 1.000 1.000 1.000 1.000 1.000 1.000 1.000 1.000 1.000 1.000  8.0234033197E-02   0.14324   1.00000   0.00000   0.00000   0.2489387E-02
  3710  2.636859965248112E+07   9.969501  4.157195  4.334303  0.6815841E+00  0.3043929E+00  2.7113127E-05  1.1617174E-03  8.2976279E-05  3.9564368E-03  4.5591934E-03  7.3200472E-06  7.3751188E-06  2.1084332E-03  1.7053625E-04  0.2011    4.334303  -8.404  1.087075  7.594300  0.1018491E+00  0.8845202E+00  8.5681066E-10  7.1128987E-05  1.9379483E-05  9.1518457E-03  1.6756114E-04  4.5353533E-07  5.2527986E-10  2.1084332E-03  1.7053625E-04  4.623E-11  1.242E-17  5.018E+10  1.407E+11  1.194E+01  1.519E+05  0.75447744  3.612E-05  3.614E-05  8.946E-01  0.000E+00  0.000E+00  1.110E+00  627    2.0643  9.42E-03 1.4628E+01 3.3728E+01    3.99E+02 0.00E+00 2.24E+02  0.754669  0.037236 3.99E+02 0.00E+00 2.24E+02  0.754477  0.037236  0.0000000E+00  0.0000000E+00  2.0426160E-06  1.8129819E-01  6.5490998E-02  1.1817943E-04 -1.1187304E-01  5.1199411E-02  1.0102431E-02 0.000 0.203 1.000 1.000 1.000 1.000 1.000 1.000 1.000 1.000 1.000 1.000 1.000 1.000 1.000 1.000 1.000 1.000 1.000 1.000 1.000 1.000 1.000 1.000 1.000 1.000 1.000 1.000 1.000 1.000 1.000 1.000 1.000 1.000 1.000 1.000 1.000 1.000 1.000 1.000  8.0221803056E-02   0.14146   1.00000   0.00000   0.00000   0.2481423E-02
  3716  2.638578755787618E+07   9.969433  4.157771  4.333967  0.6815337E+00  0.3044434E+00  2.7103106E-05  1.1609901E-03  8.2966750E-05  3.9585051E-03  4.5578151E-03  7.3202410E-06  7.3711415E-06  2.1084332E-03  1.7053625E-04  0.2007    4.333967  -8.403  1.088075  7.594670  0.1005701E+00  0.8857993E+00  8.3094971E-10  7.1219698E-05  1.9405125E-05  9.1519183E-03  1.6732762E-04  4.5154590E-07  5.2415411E-10  2.1084332E-03  1.7053625E-04  4.516E-11  1.211E-17  4.986E+10  1.383E+11  1.187E+01  1.494E+05  0.75483190  3.602E-05  3.605E-05  8.945E-01  0.000E+00  0.000E+00  1.110E+00  628    2.0595  9.42E-03 1.4595E+01 3.3692E+01    3.98E+02 0.00E+00 2.24E+02  0.755115  0.037285 3.98E+02 0.00E+00 2.24E+02  0.754832  0.037285  0.0000000E+00  0.0000000E+00  2.0529307E-06  1.8167510E-01  6.5466761E-02  1.1784900E-04 -1.1180722E-01  5.1161126E-02  1.0111411E-02 0.000 0.203 1.000 1.000 1.000 1.000 1.000 1.000 1.000 1.000 1.000 1.000 1.000 1.000 1.000 1.000 1.000 1.000 1.000 1.000 1.000 1.000 1.000 1.000 1.000 1.000 1.000 1.000 1.000 1.000 1.000 1.000 1.000 1.000 1.000 1.000 1.000 1.000 1.000 1.000  8.0209511914E-02   0.13968   1.00000   0.00000   0.00000   0.2472988E-02
  3722  2.640297546327123E+07   9.969364  4.158352  4.333652  0.6814833E+00  0.3044938E+00  2.7093098E-05  1.1602640E-03  8.2957202E-05  3.9605701E-03  4.5564389E-03  7.3204341E-06  7.3671703E-06  2.1084332E-03  1.7053625E-04  0.2003    4.333652  -8.401  1.089083  7.595044  0.9929284E-01  0.8870766E+00  8.0576079E-10  7.1311965E-05  1.9431322E-05  9.1519857E-03  1.6709716E-04  4.4953171E-07  5.2302366E-10  2.1084332E-03  1.7053625E-04  4.333E-11  1.160E-17  4.954E+10  1.360E+11  1.179E+01  1.469E+05  0.75522742  3.593E-05  3.597E-05  8.944E-01  0.000E+00  0.000E+00  1.110E+00  630    2.0595  9.42E-03 1.4561E+01 3.3655E+01    3.98E+02 0.00E+00 2.24E+02  0.755560  0.037334 3.98E+02 0.00E+00 2.24E+02  0.755227  0.037334  0.0000000E+00  0.0000000E+00  2.0632517E-06  1.8205206E-01  6.5439467E-02  1.1750893E-04 -1.1174182E-01  5.1123046E-02  1.0120481E-02 0.000 0.203 1.000 1.000 1.000 1.000 1.000 1.000 1.000 1.000 1.000 1.000 1.000 1.000 1.000 1.000 1.000 1.000 1.000 1.000 1.000 1.000 1.000 1.000 1.000 1.000 1.000 1.000 1.000 1.000 1.000 1.000 1.000 1.000 1.000 1.000 1.000 1.000 1.000 1.000  8.0197158761E-02   0.13791   1.00000   0.00000   0.00000   0.2465338E-02
  3728  2.642016336866628E+07   9.969296  4.158931  4.333330  0.6814329E+00  0.3045443E+00  2.7083102E-05  1.1595391E-03  8.2947635E-05  3.9626319E-03  4.5550649E-03  7.3206265E-06  7.3632052E-06  2.1084332E-03  1.7053625E-04  0.1998    4.333330  -8.400  1.090103  7.595422  0.9801570E-01  0.8883537E+00  7.8112116E-10  7.1405354E-05  1.9457877E-05  9.1520498E-03  1.6686864E-04  4.4749957E-07  5.2188333E-10  2.1084332E-03  1.7053625E-04  4.333E-11  1.160E-17  4.922E+10  1.337E+11  1.172E+01  1.444E+05  0.75580633  3.585E-05  3.588E-05  8.941E-01  0.000E+00  0.000E+00  1.110E+00  630    2.0595  9.42E-03 1.4527E+01 3.3617E+01    3.97E+02 0.00E+00 2.24E+02  0.755877  0.037383 3.97E+02 0.00E+00 2.24E+02  0.755806  0.037383  0.0000000E+00  0.0000000E+00  2.0730995E-06  1.8243019E-01  6.5412051E-02  1.1716907E-04 -1.1167671E-01  5.1085071E-02  1.0129612E-02 0.000 0.203 1.000 1.000 1.000 1.000 1.000 1.000 1.000 1.000 1.000 1.000 1.000 1.000 1.000 1.000 1.000 1.000 1.000 1.000 1.000 1.000 1.000 1.000 1.000 1.000 1.000 1.000 1.000 1.000 1.000 1.000 1.000 1.000 1.000 1.000 1.000 1.000 1.000 1.000  8.0184743711E-02   0.13613   1.00000   0.00000   0.00000   0.2457356E-02
  3733  2.643391369298232E+07   9.969241  4.159420  4.333016  0.6813926E+00  0.3045846E+00  2.7075114E-05  1.1589601E-03  8.2939968E-05  3.9642790E-03  4.5539672E-03  7.3207799E-06  7.3600375E-06  2.1084332E-03  1.7053625E-04  0.1997    4.333016  -8.399  1.091053  7.595742  0.9696380E-01  0.8894057E+00  7.4095598E-10  7.1713836E-05  1.9544990E-05  9.1517711E-03  1.6667284E-04  4.4316294E-07  5.2160993E-10  2.1084332E-03  1.7053625E-04  4.236E-11  1.132E-17  4.868E+10  1.285E+11  1.159E+01  1.388E+05  0.75611479  3.576E-05  3.579E-05  8.940E-01  0.000E+00  0.000E+00  1.111E+00  631    2.0547  9.42E-03 1.4497E+01 3.3586E+01    3.97E+02 0.00E+00 2.24E+02  0.756399  0.037425 3.97E+02 0.00E+00 2.24E+02  0.756115  0.037424  0.0000000E+00  0.0000000E+00  1.8744842E-06  1.8278407E-01  6.5392146E-02  1.1687270E-04 -1.1161596E-01  5.1050835E-02  1.0135707E-02 0.000 0.202 1.000 1.000 1.000 1.000 1.000 1.000 1.000 1.000 1.000 1.000 1.000 1.000 1.000 1.000 1.000 1.000 1.000 1.000 1.000 1.000 1.000 1.000 1.000 1.000 1.000 1.000 1.000 1.000 1.000 1.000 1.000 1.000 1.000 1.000 1.000 1.000 1.000 1.000  8.0174764957E-02   0.13467   1.00000   0.00000   0.00000   0.2449777E-02
  3740  2.645196099364710E+07   9.969169  4.160043  4.332700  0.6813398E+00  0.3046375E+00  2.7064640E-05  1.1582012E-03  8.2929886E-05  3.9664379E-03  4.5525284E-03  7.3209807E-06  7.3558854E-06  2.1084332E-03  1.7053625E-04  0.1990    4.332700  -8.397  1.092014  7.596138  0.9562518E-01  0.8907444E+00  7.2294327E-10  7.1823227E-05  1.9579204E-05  9.1518168E-03  1.6643609E-04  4.3951453E-07  5.1872324E-10  2.1084332E-03  1.7053625E-04  4.236E-11  1.132E-17  4.842E+10  1.271E+11  1.152E+01  1.373E+05  0.75669113  3.568E-05  3.570E-05  8.938E-01  0.000E+00  0.000E+00  1.111E+00  632    2.0500  9.42E-03 1.4462E+01 3.3546E+01    3.97E+02 0.00E+00 2.24E+02  0.756854  0.037477 3.97E+02 0.00E+00 2.24E+02  0.756691  0.037477  0.0000000E+00  0.0000000E+00  1.8844400E-06  1.8317001E-01  6.5363211E-02  1.1652531E-04 -1.1154911E-01  5.1011519E-02  1.0145780E-02 0.000 0.202 1.000 1.000 1.000 1.000 1.000 1.000 1.000 1.000 1.000 1.000 1.000 1.000 1.000 1.000 1.000 1.000 1.000 1.000 1.000 1.000 1.000 1.000 1.000 1.000 1.000 1.000 1.000 1.000 1.000 1.000 1.000 1.000 1.000 1.000 1.000 1.000 1.000 1.000  8.0161602075E-02   0.13281   1.00000   0.00000   0.00000   0.2441879E-02
  3746  2.646743010850263E+07   9.969107  4.160556  4.332393  0.6812945E+00  0.3046828E+00  2.7055674E-05  1.1575517E-03  8.2921229E-05  3.9682854E-03  4.5512971E-03  7.3211522E-06  7.3523319E-06  2.1084332E-03  1.7053625E-04  0.1986    4.332393  -8.396  1.092970  7.596490  0.9446604E-01  0.8919036E+00  6.9993190E-10  7.1916489E-05  1.9605130E-05  9.1518627E-03  1.6622927E-04  4.3753268E-07  5.1760783E-10  2.1084332E-03  1.7053625E-04  4.133E-11  1.103E-17  4.812E+10  1.247E+11  1.145E+01  1.347E+05  0.75702162  3.560E-05  3.562E-05  8.937E-01  0.000E+00  0.000E+00  1.111E+00  632    2.0500  9.42E-03 1.4432E+01 3.3514E+01    3.96E+02 0.00E+00 2.24E+02  0.757285  0.037521 3.96E+02 0.00E+00 2.24E+02  0.757022  0.037521  0.0000000E+00  0.0000000E+00  1.8931642E-06  1.8351294E-01  6.5341919E-02  1.1623365E-04 -1.1149127E-01  5.0977601E-02  1.0154180E-02 0.000 0.201 1.000 1.000 1.000 1.000 1.000 1.000 1.000 1.000 1.000 1.000 1.000 1.000 1.000 1.000 1.000 1.000 1.000 1.000 1.000 1.000 1.000 1.000 1.000 1.000 1.000 1.000 1.000 1.000 1.000 1.000 1.000 1.000 1.000 1.000 1.000 1.000 1.000 1.000  8.0150265730E-02   0.13120   1.00000   0.00000   0.00000   0.2434976E-02
  3752  2.648289922335816E+07   9.969045  4.161074  4.332068  0.6812493E+00  0.3047281E+00  2.7046719E-05  1.1569033E-03  8.2912558E-05  3.9701301E-03  4.5500677E-03  7.3213231E-06  7.3487839E-06  2.1084332E-03  1.7053625E-04  0.1985    4.332068  -8.395  1.094133  7.596850  0.9329894E-01  0.8930707E+00  6.8057541E-10  7.2004977E-05  1.9630736E-05  9.1519169E-03  1.6601964E-04  4.3559188E-07  5.1645473E-10  2.1084332E-03  1.7053625E-04  3.940E-11  1.051E-17  4.786E+10  1.229E+11  1.139E+01  1.327E+05  0.75741779  3.551E-05  3.554E-05  8.936E-01  0.000E+00  0.000E+00  1.111E+00  634    2.0452  9.42E-03 1.4399E+01 3.3479E+01    3.96E+02 0.00E+00 2.24E+02  0.757745  0.037561 3.96E+02 0.00E+00 2.24E+02  0.757418  0.037565  0.0000000E+00  0.0000000E+00  1.9016096E-06  1.8388088E-01  6.5316133E-02  1.1591134E-04 -1.1143037E-01  5.0942400E-02  1.0162080E-02 0.000 0.201 1.000 1.000 1.000 1.000 1.000 1.000 1.000 1.000 1.000 1.000 1.000 1.000 1.000 1.000 1.000 1.000 1.000 1.000 1.000 1.000 1.000 1.000 1.000 1.000 1.000 1.000 1.000 1.000 1.000 1.000 1.000 1.000 1.000 1.000 1.000 1.000 1.000 1.000  8.0138877560E-02   0.12958   1.00000   0.00000   0.00000   0.2426590E-02
  3758  2.649836833821369E+07   9.968982  4.161658  4.331753  0.6812041E+00  0.3047734E+00  2.7037772E-05  1.1562558E-03  8.2903869E-05  3.9719726E-03  4.5488396E-03  7.3214936E-06  7.3452399E-06  2.1084332E-03  1.7053625E-04  0.1981    4.331753  -8.394  1.095231  7.597216  0.9211148E-01  0.8942582E+00  6.4260883E-10  7.2156594E-05  1.9669194E-05  9.1518905E-03  1.6580252E-04  4.3332558E-07  5.1592645E-10  2.1084332E-03  1.7053625E-04  3.940E-11  1.051E-17  4.735E+10  1.179E+11  1.127E+01  1.274E+05  0.75786058  3.542E-05  3.546E-05  8.934E-01  0.000E+00  0.000E+00  1.111E+00  635    2.0452  9.42E-03 1.4366E+01 3.3442E+01    3.95E+02 0.00E+00 2.24E+02  0.758100  0.037615 3.95E+02 0.00E+00 2.24E+02  0.757861  0.037614  0.0000000E+00  0.0000000E+00  1.9113460E-06  1.8425890E-01  6.5290114E-02  1.1558320E-04 -1.1136875E-01  5.0906810E-02  1.0169858E-02 0.000 0.200 1.000 1.000 1.000 1.000 1.000 1.000 1.000 1.000 1.000 1.000 1.000 1.000 1.000 1.000 1.000 1.000 1.000 1.000 1.000 1.000 1.000 1.000 1.000 1.000 1.000 1.000 1.000 1.000 1.000 1.000 1.000 1.000 1.000 1.000 1.000 1.000 1.000 1.000  8.0127430495E-02   0.12793   1.00000   0.00000   0.00000   0.2418852E-02
  3764  2.651383745306921E+07   9.968920  4.162300  4.331453  0.6811589E+00  0.3048186E+00  2.7028835E-05  1.1556092E-03  8.2895167E-05  3.9738124E-03  4.5476134E-03  7.3216635E-06  7.3417011E-06  2.1084332E-03  1.7053625E-04  0.1976    4.331453  -8.392  1.096193  7.597590  0.9092266E-01  0.8954471E+00  6.3121421E-10  7.2207983E-05  1.9685655E-05  9.1520039E-03  1.6558578E-04  4.3160062E-07  5.1434856E-10  2.1084332E-03  1.7053625E-04  3.834E-11  1.020E-17  4.718E+10  1.174E+11  1.123E+01  1.268E+05  0.75852253  3.535E-05  3.537E-05  8.931E-01  0.000E+00  0.000E+00  1.112E+00  637    2.0356  9.41E-03 1.4331E+01 3.3403E+01    3.95E+02 0.00E+00 2.24E+02  0.758574  0.037671 3.95E+02 0.00E+00 2.24E+02  0.758523  0.037669  0.0000000E+00  0.0000000E+00  1.9221746E-06  1.8461538E-01  6.5262372E-02  1.1526376E-04 -1.1131093E-01  5.0872736E-02  1.0178474E-02 0.000 0.200 1.000 1.000 1.000 1.000 1.000 1.000 1.000 1.000 1.000 1.000 1.000 1.000 1.000 1.000 1.000 1.000 1.000 1.000 1.000 1.000 1.000 1.000 1.000 1.000 1.000 1.000 1.000 1.000 1.000 1.000 1.000 1.000 1.000 1.000 1.000 1.000 1.000 1.000  8.0115923064E-02   0.12628   1.00000   0.00000   0.00000   0.2410715E-02
  3770  2.652930656792474E+07   9.968857  4.162760  4.331145  0.6811138E+00  0.3048638E+00  2.7019907E-05  1.1549635E-03  8.2886450E-05  3.9756496E-03  4.5463889E-03  7.3218329E-06  7.3381670E-06  2.1084332E-03  1.7053625E-04  0.1974    4.331145  -8.391  1.097304  7.597963  0.8973387E-01  0.8966359E+00  6.0253932E-10  7.2337157E-05  1.9719859E-05  9.1520064E-03  1.6537053E-04  4.2952840E-07  5.1363553E-10  2.1084332E-03  1.7053625E-04  3.834E-11  1.020E-17  4.680E+10  1.138E+11  1.114E+01  1.229E+05  0.75881357  3.526E-05  3.530E-05  8.930E-01  0.000E+00  0.000E+00  1.112E+00  637    2.0356  9.41E-03 1.4303E+01 3.3373E+01    3.95E+02 0.00E+00 2.24E+02  0.759079  0.037709 3.95E+02 0.00E+00 2.24E+02  0.758814  0.037709  0.0000000E+00  0.0000000E+00  1.9304139E-06  1.8496350E-01  6.5241875E-02  1.1497643E-04 -1.1125379E-01  5.0839140E-02  1.0186976E-02 0.000 0.199 1.000 1.000 1.000 1.000 1.000 1.000 1.000 1.000 1.000 1.000 1.000 1.000 1.000 1.000 1.000 1.000 1.000 1.000 1.000 1.000 1.000 1.000 1.000 1.000 1.000 1.000 1.000 1.000 1.000 1.000 1.000 1.000 1.000 1.000 1.000 1.000 1.000 1.000  8.0104361767E-02   0.12464   1.00000   0.00000   0.00000   0.2403509E-02
  3776  2.654477568278027E+07   9.968794  4.163356  4.330840  0.6810686E+00  0.3049090E+00  2.7010990E-05  1.1543189E-03  8.2877718E-05  3.9774841E-03  4.5451661E-03  7.3220018E-06  7.3346380E-06  2.1084332E-03  1.7053625E-04  0.1969    4.330840  -8.390  1.098420  7.598349  0.8852882E-01  0.8978410E+00  5.8078679E-10  7.2437818E-05  1.9747516E-05  9.1520540E-03  1.6514985E-04  4.2749878E-07  5.1242782E-10  2.1084332E-03  1.7053625E-04  3.772E-11  1.002E-17  4.649E+10  1.113E+11  1.106E+01  1.202E+05  0.75935818  3.519E-05  3.521E-05  8.928E-01  0.000E+00  0.000E+00  1.112E+00  639    2.0275  9.41E-03 1.4269E+01 3.3335E+01    3.94E+02 0.00E+00 2.24E+02  0.759538  0.037759 3.94E+02 0.00E+00 2.24E+02  0.759358  0.037759  0.0000000E+00  0.0000000E+00  1.9404993E-06  1.8533342E-01  6.5215938E-02  1.1465750E-04 -1.1119479E-01  5.0804592E-02  1.0195367E-02 0.000 0.198 1.000 1.000 1.000 1.000 1.000 1.000 1.000 1.000 1.000 1.000 1.000 1.000 1.000 1.000 1.000 1.000 1.000 1.000 1.000 1.000 1.000 1.000 1.000 1.000 1.000 1.000 1.000 1.000 1.000 1.000 1.000 1.000 1.000 1.000 1.000 1.000 1.000 1.000  8.0092744463E-02   0.12296   1.00000   0.00000   0.00000   0.2395978E-02
  3783  2.656282298344505E+07   9.968720  4.163936  4.330517  0.6810160E+00  0.3049617E+00  2.7000599E-05  1.1535680E-03  8.2867512E-05  3.9796212E-03  4.5437417E-03  7.3221983E-06  7.3305269E-06  2.1084332E-03  1.7053625E-04  0.1962    4.330517  -8.388  1.099503  7.598788  0.8716362E-01  0.8992063E+00  5.6668890E-10  7.2531775E-05  1.9776584E-05  9.1521244E-03  1.6491028E-04  4.2542702E-07  5.1108600E-10  2.1084332E-03  1.7053625E-04  3.672E-11  9.732E-18  4.628E+10  1.103E+11  1.102E+01  1.192E+05  0.75972911  3.509E-05  3.512E-05  8.927E-01  0.000E+00  0.000E+00  1.112E+00  639    2.0275  9.41E-03 1.4236E+01 3.3299E+01    3.94E+02 0.00E+00 2.24E+02  0.759980  0.037809 3.94E+02 0.00E+00 2.23E+02  0.759729  0.037809  0.0000000E+00  0.0000000E+00  1.9503070E-06  1.8570691E-01  6.5190822E-02  1.1434096E-04 -1.1113410E-01  5.0767906E-02  1.0206358E-02 0.000 0.199 1.000 1.000 1.000 1.000 1.000 1.000 1.000 1.000 1.000 1.000 1.000 1.000 1.000 1.000 1.000 1.000 1.000 1.000 1.000 1.000 1.000 1.000 1.000 1.000 1.000 1.000 1.000 1.000 1.000 1.000 1.000 1.000 1.000 1.000 1.000 1.000 1.000 1.000  8.0079120990E-02   0.12106   1.00000   0.00000   0.00000   0.2387781E-02
  3789  2.657829209830058E+07   9.968657  4.164501  4.330220  0.6809710E+00  0.3050068E+00  2.6991705E-05  1.1529255E-03  8.2858751E-05  3.9814497E-03  4.5425229E-03  7.3223661E-06  7.3270091E-06  2.1084332E-03  1.7053625E-04  0.1957    4.330220  -8.387  1.100621  7.599177  0.8596868E-01  0.9004013E+00  5.3469009E-10  7.2670116E-05  1.9811164E-05  9.1521147E-03  1.6469643E-04  4.2332082E-07  5.1040510E-10  2.1084332E-03  1.7053625E-04  3.672E-11  9.732E-18  4.599E+10  1.082E+11  1.095E+01  1.169E+05  0.76011436  3.501E-05  3.504E-05  8.926E-01  0.000E+00  0.000E+00  1.112E+00  640    2.0275  9.41E-03 1.4202E+01 3.3263E+01    3.94E+02 0.00E+00 2.24E+02  0.760346  0.037855 3.94E+02 0.00E+00 2.23E+02  0.760114  0.037858  0.0000000E+00  0.0000000E+00  1.9593284E-06  1.8608442E-01  6.5164776E-02  1.1401965E-04 -1.1107476E-01  5.0733285E-02  1.0214612E-02 0.000 0.198 1.000 1.000 1.000 1.000 1.000 1.000 1.000 1.000 1.000 1.000 1.000 1.000 1.000 1.000 1.000 1.000 1.000 1.000 1.000 1.000 1.000 1.000 1.000 1.000 1.000 1.000 1.000 1.000 1.000 1.000 1.000 1.000 1.000 1.000 1.000 1.000 1.000 1.000  8.0067388570E-02   0.11941   1.00000   0.00000   0.00000   0.2380999E-02
  3794  2.659118302734685E+07   9.968604  4.164956  4.329935  0.6809334E+00  0.3050444E+00  2.6984298E-05  1.1523907E-03  8.2851437E-05  3.9829719E-03  4.5415083E-03  7.3225056E-06  7.3240806E-06  2.1084332E-03  1.7053625E-04  0.1958    4.329935  -8.386  1.101780  7.599511  0.8495772E-01  0.9014123E+00  5.1850106E-10  7.2778100E-05  1.9841925E-05  9.1521184E-03  1.6451217E-04  4.2140398E-07  5.0955064E-10  2.1084332E-03  1.7053625E-04  3.534E-11  9.350E-18  4.559E+10  1.040E+11  1.085E+01  1.124E+05  0.76047144  3.494E-05  3.497E-05  8.924E-01  0.000E+00  0.000E+00  1.113E+00  640    2.0275  9.41E-03 1.4174E+01 3.3233E+01    3.93E+02 0.00E+00 2.23E+02  0.760805  0.037896 3.93E+02 0.00E+00 2.23E+02  0.760471  0.037897  0.0000000E+00  0.0000000E+00  1.9680558E-06  1.8640354E-01  6.5144825E-02  1.1375631E-04 -1.1102517E-01  5.0704300E-02  1.0221497E-02 0.000 0.198 1.000 1.000 1.000 1.000 1.000 1.000 1.000 1.000 1.000 1.000 1.000 1.000 1.000 1.000 1.000 1.000 1.000 1.000 1.000 1.000 1.000 1.000 1.000 1.000 1.000 1.000 1.000 1.000 1.000 1.000 1.000 1.000 1.000 1.000 1.000 1.000 1.000 1.000  8.0057564229E-02   0.11800   1.00000   0.00000   0.00000   0.2374054E-02
  3800  2.660665214220238E+07   9.968540  4.165609  4.329633  0.6808884E+00  0.3050894E+00  2.6975420E-05  1.1517499E-03  8.2842648E-05  3.9847961E-03  4.5402923E-03  7.3226726E-06  7.3205711E-06  2.1084332E-03  1.7053625E-04  0.1951    4.329633  -8.384  1.102877  7.599918  0.8374092E-01  0.9026291E+00  5.0813428E-10  7.2831656E-05  1.9859067E-05  9.1522326E-03  1.6429079E-04  4.1962110E-07  5.0783288E-10  2.1084332E-03  1.7053625E-04  3.534E-11  9.350E-18  4.542E+10  1.034E+11  1.081E+01  1.117E+05  0.76096853  3.485E-05  3.488E-05  8.922E-01  0.000E+00  0.000E+00  1.113E+00  642    2.0155  9.41E-03 1.4139E+01 3.3193E+01    3.93E+02 0.00E+00 2.23E+02  0.761153  0.037952 3.93E+02 0.00E+00 2.23E+02  0.760969  0.037953  0.0000000E+00  0.0000000E+00  1.9784157E-06  1.8677282E-01  6.5117090E-02  1.1343656E-04 -1.1096852E-01  5.0670642E-02  1.0230400E-02 0.000 0.198 1.000 1.000 1.000 1.000 1.000 1.000 1.000 1.000 1.000 1.000 1.000 1.000 1.000 1.000 1.000 1.000 1.000 1.000 1.000 1.000 1.000 1.000 1.000 1.000 1.000 1.000 1.000 1.000 1.000 1.000 1.000 1.000 1.000 1.000 1.000 1.000 1.000 1.000  8.0045718324E-02   0.11628   1.00000   0.00000   0.00000   0.2366048E-02
  3806  2.662212125705791E+07   9.968476  4.166080  4.329340  0.6808434E+00  0.3051345E+00  2.6966552E-05  1.1511100E-03  8.2833844E-05  3.9866177E-03  4.5390781E-03  7.3228391E-06  7.3170663E-06  2.1084332E-03  1.7053625E-04  0.1950    4.329340  -8.383  1.104041  7.600299  0.8252771E-01  0.9038424E+00  4.8284291E-10  7.2976918E-05  1.9897766E-05  9.1522148E-03  1.6407185E-04  4.1746387E-07  5.0718803E-10  2.1084332E-03  1.7053625E-04  3.385E-11  8.930E-18  4.503E+10  9.992E+10  1.072E+01  1.079E+05  0.76147487  3.479E-05  3.481E-05  8.920E-01  0.000E+00  0.000E+00  1.113E+00  643    2.0155  9.41E-03 1.4110E+01 3.3160E+01    3.92E+02 0.00E+00 2.23E+02  0.761535  0.037993 3.92E+02 0.00E+00 2.23E+02  0.761475  0.037993  0.0000000E+00  0.0000000E+00  1.9868595E-06  1.8712662E-01  6.5093412E-02  1.1314157E-04 -1.1091185E-01  5.0637119E-02  1.0239351E-02 0.000 0.197 1.000 1.000 1.000 1.000 1.000 1.000 1.000 1.000 1.000 1.000 1.000 1.000 1.000 1.000 1.000 1.000 1.000 1.000 1.000 1.000 1.000 1.000 1.000 1.000 1.000 1.000 1.000 1.000 1.000 1.000 1.000 1.000 1.000 1.000 1.000 1.000 1.000 1.000  8.0033815337E-02   0.11463   1.00000   0.00000   0.00000   0.2359495E-02
  3812  2.663759037191344E+07   9.968412  4.166680  4.329032  0.6807985E+00  0.3051795E+00  2.6957694E-05  1.1504710E-03  8.2825026E-05  3.9884367E-03  4.5378656E-03  7.3230051E-06  7.3135665E-06  2.1084332E-03  1.7053625E-04  0.1945    4.329032  -8.382  1.105264  7.600718  0.8129830E-01  0.9050718E+00  4.6371489E-10  7.3088600E-05  1.9928561E-05  9.1522492E-03  1.6384781E-04  4.1535086E-07  5.0594589E-10  2.1084332E-03  1.7053625E-04  3.319E-11  8.729E-18  4.474E+10  9.757E+10  1.065E+01  1.054E+05  0.76190758  3.470E-05  3.472E-05  8.919E-01  0.000E+00  0.000E+00  1.113E+00  644    2.0114  9.41E-03 1.4075E+01 3.3123E+01    3.92E+02 0.00E+00 2.23E+02  0.761992  0.038045 3.92E+02 0.00E+00 2.23E+02  0.761908  0.038045  0.0000000E+00  0.0000000E+00  1.9973565E-06  1.8749920E-01  6.5067589E-02  1.1282902E-04 -1.1085564E-01  5.0603700E-02  1.0248266E-02 0.000 0.196 1.000 1.000 1.000 1.000 1.000 1.000 1.000 1.000 1.000 1.000 1.000 1.000 1.000 1.000 1.000 1.000 1.000 1.000 1.000 1.000 1.000 1.000 1.000 1.000 1.000 1.000 1.000 1.000 1.000 1.000 1.000 1.000 1.000 1.000 1.000 1.000 1.000 1.000  8.0021855339E-02   0.11291   1.00000   0.00000   0.00000   0.2351766E-02
  3819  2.665563767257822E+07   9.968337  4.167274  4.328715  0.6807461E+00  0.3052320E+00  2.6947371E-05  1.1497268E-03  8.2814721E-05  3.9905555E-03  4.5364531E-03  7.3231982E-06  7.3094896E-06  2.1084332E-03  1.7053625E-04  0.1938    4.328715  -8.380  1.106474  7.601197  0.7990464E-01  0.9064656E+00  4.5068720E-10  7.3195158E-05  1.9961235E-05  9.1523062E-03  1.6360233E-04  4.1316506E-07  5.0454641E-10  2.1084332E-03  1.7053625E-04  3.319E-11  8.729E-18  4.454E+10  9.649E+10  1.060E+01  1.042E+05  0.76242055  3.462E-05  3.464E-05  8.917E-01  0.000E+00  0.000E+00  1.113E+00  645    2.0038  9.41E-03 1.4042E+01 3.3086E+01    3.92E+02 0.00E+00 2.23E+02  0.762561  0.038096 3.92E+02 0.00E+00 2.23E+02  0.762421  0.038096  0.0000000E+00  0.0000000E+00  2.0082196E-06  1.8787333E-01  6.5042658E-02  1.1252022E-04 -1.1079866E-01  5.0568529E-02  1.0259910E-02 0.000 0.197 1.000 1.000 1.000 1.000 1.000 1.000 1.000 1.000 1.000 1.000 1.000 1.000 1.000 1.000 1.000 1.000 1.000 1.000 1.000 1.000 1.000 1.000 1.000 1.000 1.000 1.000 1.000 1.000 1.000 1.000 1.000 1.000 1.000 1.000 1.000 1.000 1.000 1.000  8.0007828332E-02   0.11098   1.00000   0.00000   0.00000   0.2343654E-02
  3825  2.667110678743375E+07   9.968273  4.167847  4.328384  0.6807012E+00  0.3052769E+00  2.6938536E-05  1.1490900E-03  8.2805875E-05  3.9923686E-03  4.5352445E-03  7.3233632E-06  7.3060009E-06  2.1084332E-03  1.7053625E-04  0.1936    4.328384  -8.379  1.107873  7.601626  0.7868887E-01  0.9076814E+00  4.3520514E-10  7.3294145E-05  1.9989573E-05  9.1523523E-03  1.6338480E-04  4.1112467E-07  5.0322985E-10  2.1084332E-03  1.7053625E-04  3.138E-11  8.238E-18  4.430E+10  9.478E+10  1.054E+01  1.024E+05  0.76269453  3.452E-05  3.456E-05  8.916E-01  0.000E+00  0.000E+00  1.114E+00  646    2.0038  9.41E-03 1.4008E+01 3.3050E+01    3.91E+02 0.00E+00 2.23E+02  0.763093  0.038148 3.91E+02 0.00E+00 2.23E+02  0.762695  0.038146  0.0000000E+00  0.0000000E+00  2.0192571E-06  1.8825923E-01  6.5020343E-02  1.1221444E-04 -1.1074182E-01  5.0534875E-02  1.0268630E-02 0.000 0.197 1.000 1.000 1.000 1.000 1.000 1.000 1.000 1.000 1.000 1.000 1.000 1.000 1.000 1.000 1.000 1.000 1.000 1.000 1.000 1.000 1.000 1.000 1.000 1.000 1.000 1.000 1.000 1.000 1.000 1.000 1.000 1.000 1.000 1.000 1.000 1.000 1.000 1.000  7.9995744315E-02   0.10927   1.00000   0.00000   0.00000   0.2335661E-02
  3831  2.668657590228928E+07   9.968208  4.168465  4.328081  0.6806563E+00  0.3053218E+00  2.6929708E-05  1.1484540E-03  8.2797012E-05  3.9941796E-03  4.5340373E-03  7.3235278E-06  7.3025161E-06  2.1084332E-03  1.7053625E-04  0.1932    4.328081  -8.378  1.109238  7.602066  0.7742781E-01  0.9089425E+00  4.0711765E-10  7.3477220E-05  2.0037201E-05  9.1522938E-03  1.6315151E-04  4.0852207E-07  5.0246238E-10  2.1084332E-03  1.7053625E-04  3.025E-11  7.877E-18  4.385E+10  9.042E+10  1.044E+01  9.765E+04  0.76312493  3.444E-05  3.447E-05  8.914E-01  0.000E+00  0.000E+00  1.114E+00  647    2.0038  9.41E-03 1.3972E+01 3.3011E+01    3.91E+02 0.00E+00 2.23E+02  0.763428  0.038199 3.91E+02 0.00E+00 2.23E+02  0.763125  0.038199  0.0000000E+00  0.0000000E+00  2.0291474E-06  1.8865546E-01  6.4993068E-02  1.1188667E-04 -1.1068405E-01  5.0500741E-02  1.0277297E-02 0.000 0.196 1.000 1.000 1.000 1.000 1.000 1.000 1.000 1.000 1.000 1.000 1.000 1.000 1.000 1.000 1.000 1.000 1.000 1.000 1.000 1.000 1.000 1.000 1.000 1.000 1.000 1.000 1.000 1.000 1.000 1.000 1.000 1.000 1.000 1.000 1.000 1.000 1.000 1.000  7.9983597950E-02   0.10754   1.00000   0.00000   0.00000   0.2328531E-02
  3838  2.670462320295406E+07   9.968132  4.169122  4.327749  0.6806040E+00  0.3053742E+00  2.6919421E-05  1.1477132E-03  8.2786655E-05  3.9962891E-03  4.5326310E-03  7.3237193E-06  7.2984567E-06  2.1084332E-03  1.7053625E-04  0.1926    4.327749  -8.376  1.110703  7.602585  0.7598200E-01  0.9103884E+00  3.8738506E-10  7.3625136E-05  2.0077961E-05  9.1523089E-03  1.6288910E-04  4.0608827E-07  5.0128878E-10  2.1084332E-03  1.7053625E-04  3.025E-11  7.877E-18  4.354E+10  8.785E+10  1.036E+01  9.488E+04  0.76363904  3.435E-05  3.438E-05  8.912E-01  0.000E+00  0.000E+00  1.114E+00  648    1.9961  9.41E-03 1.3935E+01 3.2969E+01    3.90E+02 0.00E+00 2.23E+02  0.763839  0.038256 3.90E+02 0.00E+00 2.23E+02  0.763639  0.038256  0.0000000E+00  0.0000000E+00  2.0403763E-06  1.8906002E-01  6.4962762E-02  1.1154532E-04 -1.1062583E-01  5.0464930E-02  1.0288834E-02 0.000 0.194 1.000 1.000 1.000 1.000 1.000 1.000 1.000 1.000 1.000 1.000 1.000 1.000 1.000 1.000 1.000 1.000 1.000 1.000 1.000 1.000 1.000 1.000 1.000 1.000 1.000 1.000 1.000 1.000 1.000 1.000 1.000 1.000 1.000 1.000 1.000 1.000 1.000 1.000  7.9969345236E-02   0.10553   1.00000   0.00000   0.00000   0.2320099E-02
  3844  2.672009231780959E+07   9.968067  4.169711  4.327462  0.6805592E+00  0.3054191E+00  2.6910614E-05  1.1470792E-03  8.2777763E-05  3.9980944E-03  4.5314275E-03  7.3238829E-06  7.2949825E-06  2.1084332E-03  1.7053625E-04  0.1922    4.327462  -8.375  1.112024  7.603043  0.7472526E-01  0.9116452E+00  3.7158602E-10  7.3736227E-05  2.0109134E-05  9.1523492E-03  1.6265862E-04  4.0392351E-07  4.9989229E-10  2.1084332E-03  1.7053625E-04  2.921E-11  7.539E-18  4.329E+10  8.583E+10  1.030E+01  9.269E+04  0.76420414  3.428E-05  3.430E-05  8.910E-01  0.000E+00  0.000E+00  1.114E+00  649    1.9914  9.41E-03 1.3901E+01 3.2932E+01    3.90E+02 0.00E+00 2.23E+02  0.764283  0.038307 3.90E+02 0.00E+00 2.23E+02  0.764204  0.038307  0.0000000E+00  0.0000000E+00  2.0508859E-06  1.8941978E-01  6.4937387E-02  1.1124834E-04 -1.1057508E-01  5.0433829E-02  1.0298623E-02 0.000 0.194 1.000 1.000 1.000 1.000 1.000 1.000 1.000 1.000 1.000 1.000 1.000 1.000 1.000 1.000 1.000 1.000 1.000 1.000 1.000 1.000 1.000 1.000 1.000 1.000 1.000 1.000 1.000 1.000 1.000 1.000 1.000 1.000 1.000 1.000 1.000 1.000 1.000 1.000  7.9957064333E-02   0.10379   1.00000   0.00000   0.00000   0.2312887E-02
  3851  2.673813961847437E+07   9.967990  4.170362  4.327133  0.6805069E+00  0.3054714E+00  2.6900351E-05  1.1463408E-03  8.2767371E-05  4.0001974E-03  4.5300255E-03  7.3240733E-06  7.2909352E-06  2.1084332E-03  1.7053625E-04  0.1916    4.327133  -8.373  1.113550  7.603582  0.7326561E-01  0.9131049E+00  3.5429912E-10  7.3878983E-05  2.0149488E-05  9.1523740E-03  1.6239270E-04  4.0143819E-07  4.9850629E-10  2.1084332E-03  1.7053625E-04  2.822E-11  7.218E-18  4.301E+10  8.361E+10  1.024E+01  9.030E+04  0.76457915  3.419E-05  3.422E-05  8.909E-01  0.000E+00  0.000E+00  1.114E+00  651    1.9866  9.41E-03 1.3864E+01 3.2892E+01    3.90E+02 0.00E+00 2.23E+02  0.764866  0.038364 3.90E+02 0.00E+00 2.23E+02  0.764579  0.038364  0.0000000E+00  0.0000000E+00  2.0629896E-06  1.8982409E-01  6.4911727E-02  1.1092589E-04 -1.1051865E-01  5.0398754E-02  1.0310444E-02 0.000 0.194 1.000 1.000 1.000 1.000 1.000 1.000 1.000 1.000 1.000 1.000 1.000 1.000 1.000 1.000 1.000 1.000 1.000 1.000 1.000 1.000 1.000 1.000 1.000 1.000 1.000 1.000 1.000 1.000 1.000 1.000 1.000 1.000 1.000 1.000 1.000 1.000 1.000 1.000  7.9942659477E-02   0.10176   1.00000   0.00000   0.00000   0.2304435E-02
  3858  2.675618691913915E+07   9.967914  4.171013  4.326818  0.6804547E+00  0.3055237E+00  2.6890102E-05  1.1456036E-03  8.2756961E-05  4.0022970E-03  4.5286257E-03  7.3242631E-06  7.2868945E-06  2.1084332E-03  1.7053625E-04  0.1911    4.326818  -8.371  1.115099  7.604128  0.7180850E-01  0.9145620E+00  3.3763401E-10  7.4025135E-05  2.0190978E-05  9.1523923E-03  1.6212820E-04  3.9891403E-07  4.9710547E-10  2.1084332E-03  1.7053625E-04  2.822E-11  7.218E-18  4.273E+10  8.144E+10  1.017E+01  8.796E+04  0.76504652  3.410E-05  3.413E-05  8.907E-01  0.000E+00  0.000E+00  1.115E+00  652    1.9795  9.41E-03 1.3828E+01 3.2853E+01    3.89E+02 0.00E+00 2.23E+02  0.765294  0.038421 3.89E+02 0.00E+00 2.23E+02  0.765047  0.038421  0.0000000E+00  0.0000000E+00  2.0744297E-06  1.9022586E-01  6.4886256E-02  1.1060695E-04 -1.1046353E-01  5.0364262E-02  1.0322445E-02 0.000 0.194 1.000 1.000 1.000 1.000 1.000 1.000 1.000 1.000 1.000 1.000 1.000 1.000 1.000 1.000 1.000 1.000 1.000 1.000 1.000 1.000 1.000 1.000 1.000 1.000 1.000 1.000 1.000 1.000 1.000 1.000 1.000 1.000 1.000 1.000 1.000 1.000 1.000 1.000  7.9928173877E-02   0.09974   1.00000   0.00000   0.00000   0.2296510E-02
  3865  2.677423421980393E+07   9.967837  4.171651  4.326503  0.6804025E+00  0.3055759E+00  2.6879866E-05  1.1448678E-03  8.2746533E-05  4.0043930E-03  4.5272284E-03  7.3244523E-06  7.2828604E-06  2.1084332E-03  1.7053625E-04  0.1907    4.326503  -8.370  1.116779  7.604687  0.7034656E-01  0.9160240E+00  3.2050875E-10  7.4179917E-05  2.0234559E-05  9.1523996E-03  1.6186227E-04  3.9629353E-07  4.9569269E-10  2.1084332E-03  1.7053625E-04  2.666E-11  6.758E-18  4.245E+10  7.904E+10  1.010E+01  8.536E+04  0.76542551  3.401E-05  3.405E-05  8.906E-01  0.000E+00  0.000E+00  1.115E+00  653    1.9795  9.41E-03 1.3790E+01 3.2812E+01    3.89E+02 0.00E+00 2.23E+02  0.765743  0.038477 3.89E+02 0.00E+00 2.23E+02  0.765426  0.038476  0.0000000E+00  0.0000000E+00  2.0860477E-06  1.9062973E-01  6.4857933E-02  1.1027849E-04 -1.1040930E-01  5.0330204E-02  1.0334536E-02 0.000 0.193 1.000 1.000 1.000 1.000 1.000 1.000 1.000 1.000 1.000 1.000 1.000 1.000 1.000 1.000 1.000 1.000 1.000 1.000 1.000 1.000 1.000 1.000 1.000 1.000 1.000 1.000 1.000 1.000 1.000 1.000 1.000 1.000 1.000 1.000 1.000 1.000 1.000 1.000  7.9913607538E-02   0.09771   1.00000   0.00000   0.00000   0.2288921E-02
  3871  2.678970333465946E+07   9.967771  4.172309  4.326207  0.6803578E+00  0.3056207E+00  2.6871102E-05  1.1442380E-03  8.2737579E-05  4.0061871E-03  4.5260322E-03  7.3246141E-06  7.2794072E-06  2.1084332E-03  1.7053625E-04  0.1902    4.326207  -8.368  1.118338  7.605189  0.6905666E-01  0.9173140E+00  3.0117325E-10  7.4348087E-05  2.0279263E-05  9.1523673E-03  1.6162250E-04  3.9376223E-07  4.9459707E-10  2.1084332E-03  1.7053625E-04  2.554E-11  6.409E-18  4.211E+10  7.600E+10  1.002E+01  8.208E+04  0.76587341  3.393E-05  3.396E-05  8.904E-01  0.000E+00  0.000E+00  1.115E+00  654    1.9723  9.41E-03 1.3753E+01 3.2772E+01    3.88E+02 0.00E+00 2.23E+02  0.766063  0.038534 3.88E+02 0.00E+00 2.23E+02  0.765873  0.038534  0.0000000E+00  0.0000000E+00  2.0969919E-06  1.9102146E-01  6.4831562E-02  1.0996474E-04 -1.1035826E-01  5.0298947E-02  1.0344160E-02 0.000 0.192 1.000 1.000 1.000 1.000 1.000 1.000 1.000 1.000 1.000 1.000 1.000 1.000 1.000 1.000 1.000 1.000 1.000 1.000 1.000 1.000 1.000 1.000 1.000 1.000 1.000 1.000 1.000 1.000 1.000 1.000 1.000 1.000 1.000 1.000 1.000 1.000 1.000 1.000  7.9901054083E-02   0.09591   1.00000   0.00000   0.00000   0.2281379E-02
  3878  2.680775063532424E+07   9.967693  4.172996  4.325901  0.6803057E+00  0.3056728E+00  2.6860888E-05  1.1435043E-03  8.2727114E-05  4.0082771E-03  4.5246388E-03  7.3248024E-06  7.2753843E-06  2.1084332E-03  1.7053625E-04  0.1897    4.325901  -8.367  1.120031  7.605779  0.6756838E-01  0.9188023E+00  2.8574227E-10  7.4504506E-05  2.0323345E-05  9.1523794E-03  1.6134825E-04  3.9117281E-07  4.9314394E-10  2.1084332E-03  1.7053625E-04  2.554E-11  6.409E-18  4.186E+10  7.386E+10  9.962E+00  7.977E+04  0.76649571  3.385E-05  3.387E-05  8.902E-01  0.000E+00  0.000E+00  1.115E+00  655    1.9677  9.41E-03 1.3715E+01 3.2729E+01    3.88E+02 0.00E+00 2.23E+02  0.766561  0.038594 3.88E+02 0.00E+00 2.23E+02  0.766496  0.038594  0.0000000E+00  0.0000000E+00  2.1093399E-06  1.9141563E-01  6.4802540E-02  1.0964226E-04 -1.1030849E-01  5.0266759E-02  1.0356885E-02 0.000 0.192 1.000 1.000 1.000 1.000 1.000 1.000 1.000 1.000 1.000 1.000 1.000 1.000 1.000 1.000 1.000 1.000 1.000 1.000 1.000 1.000 1.000 1.000 1.000 1.000 1.000 1.000 1.000 1.000 1.000 1.000 1.000 1.000 1.000 1.000 1.000 1.000 1.000 1.000  7.9886322437E-02   0.09385   1.00000   0.00000   0.00000   0.2273316E-02
  3885  2.682579793598903E+07   9.967616  4.173636  4.325615  0.6802536E+00  0.3057250E+00  2.6850688E-05  1.1427719E-03  8.2716632E-05  4.0103637E-03  4.5232476E-03  7.3249901E-06  7.2713679E-06  2.1084332E-03  1.7053625E-04  0.1890    4.325615  -8.365  1.121611  7.606371  0.6610471E-01  0.9202661E+00  2.6576674E-10  7.4692032E-05  2.0372753E-05  9.1523427E-03  1.6108186E-04  3.8856478E-07  4.9212766E-10  2.1084332E-03  1.7053625E-04  2.415E-11  5.999E-18  4.165E+10  7.224E+10  9.913E+00  7.801E+04  0.76687067  3.377E-05  3.380E-05  8.900E-01  0.000E+00  0.000E+00  1.116E+00  657    1.9631  9.41E-03 1.3680E+01 3.2691E+01    3.88E+02 0.00E+00 2.23E+02  0.767133  0.038650 3.88E+02 0.00E+00 2.23E+02  0.766871  0.038650  0.0000000E+00  0.0000000E+00  2.1215031E-06  1.9178238E-01  6.4778417E-02  1.0935336E-04 -1.1026351E-01  5.0236779E-02  1.0370117E-02 0.000 0.191 1.000 1.000 1.000 1.000 1.000 1.000 1.000 1.000 1.000 1.000 1.000 1.000 1.000 1.000 1.000 1.000 1.000 1.000 1.000 1.000 1.000 1.000 1.000 1.000 1.000 1.000 1.000 1.000 1.000 1.000 1.000 1.000 1.000 1.000 1.000 1.000 1.000 1.000  7.9871506591E-02   0.09182   1.00000   0.00000   0.00000   0.2265619E-02
  3891  2.684126705084455E+07   9.967549  4.174227  4.325309  0.6802090E+00  0.3057696E+00  2.6841955E-05  1.1421451E-03  8.2707632E-05  4.0121496E-03  4.5220569E-03  7.3251505E-06  7.2679302E-06  2.1084332E-03  1.7053625E-04  0.1888    4.325309  -8.364  1.123407  7.606899  0.6482289E-01  0.9215480E+00  2.5347214E-10  7.4857615E-05  2.0420241E-05  9.1523083E-03  1.6084444E-04  3.8599050E-07  4.9088667E-10  2.1084332E-03  1.7053625E-04  2.300E-11  5.654E-18  4.129E+10  6.878E+10  9.828E+00  7.428E+04  0.76741790  3.370E-05  3.372E-05  8.898E-01  0.000E+00  0.000E+00  1.116E+00  658    1.9631  9.41E-03 1.3644E+01 3.2654E+01    3.87E+02 0.00E+00 2.23E+02  0.767585  0.038702 3.87E+02 0.00E+00 2.23E+02  0.767418  0.038702  0.0000000E+00  0.0000000E+00  2.1326612E-06  1.9215920E-01  6.4753536E-02  1.0905699E-04 -1.1021760E-01  5.0207790E-02  1.0380366E-02 0.000 0.191 1.000 1.000 1.000 1.000 1.000 1.000 1.000 1.000 1.000 1.000 1.000 1.000 1.000 1.000 1.000 1.000 1.000 1.000 1.000 1.000 1.000 1.000 1.000 1.000 1.000 1.000 1.000 1.000 1.000 1.000 1.000 1.000 1.000 1.000 1.000 1.000 1.000 1.000  7.9858742030E-02   0.09003   1.00000   0.00000   0.00000   0.2258016E-02
  3898  2.685931435150934E+07   9.967470  4.174997  4.325009  0.6801570E+00  0.3058217E+00  2.6831777E-05  1.1414149E-03  8.2697115E-05  4.0142301E-03  4.5206697E-03  7.3253373E-06  7.2639251E-06  2.1084332E-03  1.7053625E-04  0.1882    4.325009  -8.362  1.125260  7.607538  0.6331967E-01  0.9230512E+00  2.4280327E-10  7.4981226E-05  2.0457130E-05  9.1523712E-03  1.6056470E-04  3.8345405E-07  4.8888906E-10  2.1084332E-03  1.7053625E-04  2.300E-11  5.654E-18  4.112E+10  6.747E+10  9.786E+00  7.286E+04  0.76784578  3.361E-05  3.363E-05  8.896E-01  0.000E+00  0.000E+00  1.116E+00  658    1.9561  9.41E-03 1.3604E+01 3.2609E+01    3.87E+02 0.00E+00 2.23E+02  0.768072  0.038770 3.87E+02 0.00E+00 2.23E+02  0.767846  0.038769  0.0000000E+00  0.0000000E+00  2.1464252E-06  1.9255090E-01  6.4725652E-02  1.0866301E-04 -1.1017338E-01  5.0178003E-02  1.0393784E-02 0.000 0.191 1.000 1.000 1.000 1.000 1.000 1.000 1.000 1.000 1.000 1.000 1.000 1.000 1.000 1.000 1.000 1.000 1.000 1.000 1.000 1.000 1.000 1.000 1.000 1.000 1.000 1.000 1.000 1.000 1.000 1.000 1.000 1.000 1.000 1.000 1.000 1.000 1.000 1.000  7.9843758959E-02   0.08795   1.00000   0.00000   0.00000   0.2249507E-02
  3905  2.687736165217412E+07   9.967392  4.175678  4.324726  0.6801050E+00  0.3058737E+00  2.6821611E-05  1.1406859E-03  8.2686578E-05  4.0163076E-03  4.5192845E-03  7.3255236E-06  7.2599257E-06  2.1084332E-03  1.7053625E-04  0.1875    4.324726  -8.360  1.127200  7.608192  0.6179163E-01  0.9245794E+00  2.2482803E-10  7.5202345E-05  2.0517129E-05  9.1523030E-03  1.6027698E-04  3.8034769E-07  4.8758024E-10  2.1084332E-03  1.7053625E-04  2.215E-11  5.384E-18  4.081E+10  6.441E+10  9.713E+00  6.957E+04  0.76824340  3.352E-05  3.355E-05  8.895E-01  0.000E+00  0.000E+00  1.116E+00  659    1.9492  9.41E-03 1.3565E+01 3.2568E+01    3.86E+02 0.00E+00 2.23E+02  0.768539  0.038829 3.86E+02 0.00E+00 2.23E+02  0.768243  0.038829  0.0000000E+00  0.0000000E+00  2.1587834E-06  1.9293566E-01  6.4698169E-02  1.0835640E-04 -1.1013093E-01  5.0149050E-02  1.0407368E-02 0.000 0.189 1.000 1.000 1.000 1.000 1.000 1.000 1.000 1.000 1.000 1.000 1.000 1.000 1.000 1.000 1.000 1.000 1.000 1.000 1.000 1.000 1.000 1.000 1.000 1.000 1.000 1.000 1.000 1.000 1.000 1.000 1.000 1.000 1.000 1.000 1.000 1.000 1.000 1.000  7.9828687897E-02   0.08582   1.00000   0.00000   0.00000   0.2242141E-02
  3913  2.689798713864816E+07   9.967301  4.176474  4.324410  0.6800457E+00  0.3059332E+00  2.6810007E-05  1.1398542E-03  8.2674514E-05  4.0186777E-03  4.5177042E-03  7.3257358E-06  7.2553628E-06  2.1084332E-03  1.7053625E-04  0.1869    4.324410  -8.358  1.129423  7.608959  0.6005360E-01  0.9263175E+00  2.0980093E-10  7.5410160E-05  2.0575797E-05  9.1522863E-03  1.5994973E-04  3.7713875E-07  4.8580401E-10  2.1084332E-03  1.7053625E-04  2.118E-11  5.090E-18  4.056E+10  6.209E+10  9.654E+00  6.705E+04  0.76879280  3.344E-05  3.347E-05  8.893E-01  0.000E+00  0.000E+00  1.116E+00  662    1.9400  9.41E-03 1.3521E+01 3.2519E+01    3.86E+02 0.00E+00 2.23E+02  0.768983  0.038900 3.86E+02 0.00E+00 2.22E+02  0.768793  0.038900  0.0000000E+00  0.0000000E+00  2.1728626E-06  1.9334779E-01  6.4664996E-02  1.0801704E-04 -1.1008892E-01  5.0118801E-02  1.0423776E-02 0.000 0.189 1.000 1.000 1.000 1.000 1.000 1.000 1.000 1.000 1.000 1.000 1.000 1.000 1.000 1.000 1.000 1.000 1.000 1.000 1.000 1.000 1.000 1.000 1.000 1.000 1.000 1.000 1.000 1.000 1.000 1.000 1.000 1.000 1.000 1.000 1.000 1.000 1.000 1.000  7.9811353579E-02   0.08341   1.00000   0.00000   0.00000   0.2233261E-02
  3921  2.691861262512219E+07   9.967211  4.177260  4.324090  0.6799864E+00  0.3059926E+00  2.6798421E-05  1.1390241E-03  8.2662427E-05  4.0210434E-03  4.5161267E-03  7.3259475E-06  7.2508080E-06  2.1084332E-03  1.7053625E-04  0.1862    4.324090  -8.356  1.131701  7.609745  0.5831975E-01  0.9280514E+00  1.9550448E-10  7.5625287E-05  2.0636809E-05  9.1522586E-03  1.5962264E-04  3.7387599E-07  4.8401676E-10  2.1084332E-03  1.7053625E-04  1.978E-11  4.697E-18  4.033E+10  5.982E+10  9.599E+00  6.460E+04  0.76940829  3.335E-05  3.338E-05  8.890E-01  0.000E+00  0.000E+00  1.117E+00  661    1.9400  9.41E-03 1.3478E+01 3.2473E+01    3.86E+02 0.00E+00 2.23E+02  0.769664  0.038969 3.86E+02 0.00E+00 2.22E+02  0.769408  0.038969  0.0000000E+00  0.0000000E+00  2.1881313E-06  1.9374908E-01  6.4635498E-02  1.0769747E-04 -1.1005061E-01  5.0090185E-02  1.0440606E-02 0.000 0.189 1.000 1.000 1.000 1.000 1.000 1.000 1.000 1.000 1.000 1.000 1.000 1.000 1.000 1.000 1.000 1.000 1.000 1.000 1.000 1.000 1.000 1.000 1.000 1.000 1.000 1.000 1.000 1.000 1.000 1.000 1.000 1.000 1.000 1.000 1.000 1.000 1.000 1.000  7.9793902523E-02   0.08100   1.00000   0.00000   0.00000   0.2224018E-02
  3928  2.693665992578698E+07   9.967131  4.177986  4.323795  0.6799345E+00  0.3060445E+00  2.6788295E-05  1.1382990E-03  8.2651830E-05  4.0231100E-03  4.5147487E-03  7.3261321E-06  7.2468289E-06  2.1084332E-03  1.7053625E-04  0.1858    4.323795  -8.354  1.133997  7.610463  0.5677681E-01  0.9295944E+00  1.7937126E-10  7.5871444E-05  2.0703436E-05  9.1521604E-03  1.5932779E-04  3.7062224E-07  4.8271704E-10  2.1084332E-03  1.7053625E-04  1.978E-11  4.697E-18  4.004E+10  5.678E+10  9.529E+00  6.132E+04  0.76999441  3.328E-05  3.330E-05  8.888E-01  0.000E+00  0.000E+00  1.117E+00  663    1.9308  9.41E-03 1.3437E+01 3.2429E+01    3.85E+02 0.00E+00 2.23E+02  0.770188  0.039032 3.85E+02 0.00E+00 2.22E+02  0.769994  0.039033  0.0000000E+00  0.0000000E+00  2.2016694E-06  1.9414196E-01  6.4606537E-02  1.0738536E-04 -1.1001373E-01  5.0063731E-02  1.0454644E-02 0.000 0.187 1.000 1.000 1.000 1.000 1.000 1.000 1.000 1.000 1.000 1.000 1.000 1.000 1.000 1.000 1.000 1.000 1.000 1.000 1.000 1.000 1.000 1.000 1.000 1.000 1.000 1.000 1.000 1.000 1.000 1.000 1.000 1.000 1.000 1.000 1.000 1.000 1.000 1.000  7.9778534453E-02   0.07886   1.00000   0.00000   0.00000   0.2216146E-02
  3936  2.695728541226101E+07   9.967040  4.178856  4.323485  0.6798753E+00  0.3061038E+00  2.6776737E-05  1.1374717E-03  8.2639697E-05  4.0254682E-03  4.5131763E-03  7.3263426E-06  7.2422884E-06  2.1084332E-03  1.7053625E-04  0.1850    4.323485  -8.352  1.136502  7.611314  0.5500352E-01  0.9313678E+00  1.6609261E-10  7.6094603E-05  2.0766042E-05  9.1521343E-03  1.5898618E-04  3.6724777E-07  4.8073895E-10  2.1084332E-03  1.7053625E-04  1.875E-11  4.397E-18  3.983E+10  5.456E+10  9.479E+00  5.892E+04  0.77057087  3.319E-05  3.322E-05  8.886E-01  0.000E+00  0.000E+00  1.117E+00  664    1.9216  9.41E-03 1.3391E+01 3.2379E+01    3.85E+02 0.00E+00 2.23E+02  0.770778  0.039111 3.85E+02 0.00E+00 2.22E+02  0.770571  0.039111  0.0000000E+00  0.0000000E+00  2.2180117E-06  1.9453239E-01  6.4575239E-02  1.0706856E-04 -1.0998348E-01  5.0038628E-02  1.0472393E-02 0.000 0.187 1.000 1.000 1.000 1.000 1.000 1.000 1.000 1.000 1.000 1.000 1.000 1.000 1.000 1.000 1.000 1.000 1.000 1.000 1.000 1.000 1.000 1.000 1.000 1.000 1.000 1.000 1.000 1.000 1.000 1.000 1.000 1.000 1.000 1.000 1.000 1.000 1.000 1.000  7.9760847086E-02   0.07640   1.00000   0.00000   0.00000   0.2206312E-02
  3944  2.697791089873505E+07   9.966948  4.179671  4.323217  0.6798161E+00  0.3061631E+00  2.6765193E-05  1.1366459E-03  8.2627538E-05  4.0278223E-03  4.5116065E-03  7.3265526E-06  7.2377554E-06  2.1084332E-03  1.7053625E-04  0.1844    4.323217  -8.350  1.139060  7.612188  0.5323375E-01  0.9331377E+00  1.5283164E-10  7.6341554E-05  2.0835304E-05  9.1520744E-03  1.5864351E-04  3.6375601E-07  4.7889513E-10  2.1084332E-03  1.7053625E-04  1.778E-11  4.115E-18  3.963E+10  5.220E+10  9.432E+00  5.638E+04  0.77110495  3.311E-05  3.314E-05  8.884E-01  0.000E+00  0.000E+00  1.118E+00  666    1.9216  9.41E-03 1.3347E+01 3.2331E+01    3.84E+02 0.00E+00 2.23E+02  0.771364  0.039183 3.84E+02 0.00E+00 2.22E+02  0.771105  0.039183  0.0000000E+00  0.0000000E+00  2.2333600E-06  1.9489041E-01  6.4543375E-02  1.0676894E-04 -1.0996021E-01  5.0016685E-02  1.0491008E-02 0.000 0.186 1.000 1.000 1.000 1.000 1.000 1.000 1.000 1.000 1.000 1.000 1.000 1.000 1.000 1.000 1.000 1.000 1.000 1.000 1.000 1.000 1.000 1.000 1.000 1.000 1.000 1.000 1.000 1.000 1.000 1.000 1.000 1.000 1.000 1.000 1.000 1.000 1.000 1.000  7.9743035995E-02   0.07394   1.00000   0.00000   0.00000   0.2197972E-02
  3952  2.699853638520909E+07   9.966847  4.180463  4.322934  0.6797569E+00  0.3062223E+00  2.6753665E-05  1.1358216E-03  8.2615356E-05  4.0301723E-03  4.5100395E-03  7.3267619E-06  7.2332301E-06  2.1084332E-03  1.7053625E-04  0.1839    4.322934  -8.300  1.141808  7.613095  0.5146245E-01  0.9349091E+00  1.4076718E-10  7.6593580E-05  2.0906700E-05  9.1520088E-03  1.5829786E-04  3.6020857E-07  4.7697742E-10  2.1084332E-03  1.7053625E-04  1.649E-11  3.766E-18  3.946E+10  5.006E+10  9.392E+00  5.407E+04  0.77168540  3.303E-05  3.307E-05  8.882E-01  0.000E+00  0.000E+00  1.248E+00  667    1.9170  9.41E-03 1.3303E+01 3.2283E+01    3.84E+02 0.00E+00 2.22E+02  0.771834  0.039256 3.84E+02 0.00E+00 2.22E+02  0.771685  0.039254  0.0000000E+00  0.0000000E+00  2.5097222E-06  1.9523487E-01  6.4510071E-02  1.0647337E-04 -1.0994207E-01  4.9997063E-02  1.0510138E-02 0.000 0.186 1.000 1.000 1.000 1.000 1.000 1.000 1.000 1.000 1.000 1.000 1.000 1.000 1.000 1.000 1.000 1.000 1.000 1.000 1.000 1.000 1.000 1.000 1.000 1.000 1.000 1.000 1.000 1.000 1.000 1.000 1.000 1.000 1.000 1.000 1.000 1.000 1.000 1.000  7.9723536952E-02   0.07148   1.00000   0.00000   0.00000   0.2189129E-02
  3960  2.701916187168312E+07   9.966744  4.181399  4.322638  0.6796978E+00  0.3062815E+00  2.6742150E-05  1.1349986E-03  8.2603147E-05  4.0325188E-03  4.5084747E-03  7.3269708E-06  7.2287112E-06  2.1084332E-03  1.7053625E-04  0.1830    4.322638  -8.298  1.144757  7.614051  0.4965069E-01  0.9367209E+00  1.2649569E-10  7.6895230E-05  2.0988676E-05  9.1518865E-03  1.5793828E-04  3.5631542E-07  4.7519252E-10  2.1084332E-03  1.7053625E-04  1.649E-11  3.766E-18  3.922E+10  4.714E+10  9.335E+00  5.091E+04  0.77239363  3.295E-05  3.298E-05  8.879E-01  0.000E+00  0.000E+00  1.249E+00  669    1.9067  9.41E-03 1.3253E+01 3.2229E+01    3.84E+02 0.00E+00 2.23E+02  0.772555  0.039338 3.84E+02 0.00E+00 2.22E+02  0.772394  0.039337  0.0000000E+00  0.0000000E+00  2.5304880E-06  1.9561460E-01  6.4473396E-02  1.0614871E-04 -1.0992400E-01  4.9977437E-02  1.0528991E-02 0.000 0.185 1.000 1.000 1.000 1.000 1.000 1.000 1.000 1.000 1.000 1.000 1.000 1.000 1.000 1.000 1.000 1.000 1.000 1.000 1.000 1.000 1.000 1.000 1.000 1.000 1.000 1.000 1.000 1.000 1.000 1.000 1.000 1.000 1.000 1.000 1.000 1.000 1.000 1.000  7.9703365716E-02   0.06896   1.00000   0.00000   0.00000   0.2179304E-02
  3968  2.703978735815716E+07   9.966640  4.182240  4.322388  0.6796387E+00  0.3063407E+00  2.6730648E-05  1.1341770E-03  8.2590913E-05  4.0348614E-03  4.5069125E-03  7.3271791E-06  7.2241996E-06  2.1084332E-03  1.7053625E-04  0.1823    4.322388  -8.296  1.147676  7.615005  0.4785116E-01  0.9385205E+00  1.1522746E-10  7.7173370E-05  2.1066509E-05  9.1517958E-03  1.5757885E-04  3.5265849E-07  4.7330275E-10  2.1084332E-03  1.7053625E-04  1.549E-11  3.484E-18  3.908E+10  4.495E+10  9.301E+00  4.854E+04  0.77305013  3.288E-05  3.291E-05  8.876E-01  0.000E+00  0.000E+00  1.249E+00  671    1.9010  9.41E-03 1.3209E+01 3.2180E+01    3.83E+02 0.00E+00 2.23E+02  0.773194  0.039413 3.83E+02 0.00E+00 2.22E+02  0.773050  0.039413  0.0000000E+00  0.0000000E+00  2.5493247E-06  1.9591921E-01  6.4439840E-02  1.0587624E-04 -1.0991848E-01  4.9963354E-02  1.0549637E-02 0.000 0.184 1.000 1.000 1.000 1.000 1.000 1.000 1.000 1.000 1.000 1.000 1.000 1.000 1.000 1.000 1.000 1.000 1.000 1.000 1.000 1.000 1.000 1.000 1.000 1.000 1.000 1.000 1.000 1.000 1.000 1.000 1.000 1.000 1.000 1.000 1.000 1.000 1.000 1.000  7.9683034591E-02   0.06646   1.00000   0.00000   0.00000   0.2170392E-02
  3975  2.705783465882194E+07   9.966548  4.182985  4.322189  0.6795870E+00  0.3063924E+00  2.6720596E-05  1.1334592E-03  8.2580189E-05  4.0369079E-03  4.5055477E-03  7.3273609E-06  7.2202580E-06  2.1084332E-03  1.7053625E-04  0.1815    4.322189  -8.294  1.150316  7.615900  0.4627359E-01  0.9400982E+00  1.0614142E-10  7.7421765E-05  2.1136829E-05  9.1517117E-03  1.5726036E-04  3.4934168E-07  4.7148622E-10  2.1084332E-03  1.7053625E-04  1.426E-11  3.160E-18  3.899E+10  4.318E+10  9.280E+00  4.664E+04  0.77365037  3.283E-05  3.286E-05  8.874E-01  0.000E+00  0.000E+00  1.250E+00  673    1.8924  9.41E-03 1.3170E+01 3.2138E+01    3.83E+02 0.00E+00 2.23E+02  0.773887  0.039479 3.83E+02 0.00E+00 2.23E+02  0.773650  0.039479  0.0000000E+00  0.0000000E+00  2.5670162E-06  1.9615434E-01  6.4411961E-02  1.0566037E-04 -1.0992290E-01  4.9955180E-02  1.0568684E-02 0.000 0.184 1.000 1.000 1.000 1.000 1.000 1.000 1.000 1.000 1.000 1.000 1.000 1.000 1.000 1.000 1.000 1.000 1.000 1.000 1.000 1.000 1.000 1.000 1.000 1.000 1.000 1.000 1.000 1.000 1.000 1.000 1.000 1.000 1.000 1.000 1.000 1.000 1.000 1.000  7.9665118814E-02   0.06427   1.00000   0.00000   0.00000   0.2162598E-02
  3982  2.707588195948673E+07   9.966456  4.183778  4.321961  0.6795354E+00  0.3064441E+00  2.6710555E-05  1.1327426E-03  8.2569446E-05  4.0389515E-03  4.5041848E-03  7.3275424E-06  7.2163220E-06  2.1084332E-03  1.7053625E-04  0.1812    4.321961  -8.292  1.153333  7.616843  0.4466587E-01  0.9417060E+00  9.5394966E-11  7.7728711E-05  2.1220362E-05  9.1515552E-03  1.5693065E-04  3.4566717E-07  4.6989642E-10  2.1084332E-03  1.7053625E-04  1.334E-11  2.909E-18  3.885E+10  4.077E+10  9.245E+00  4.403E+04  0.77438393  3.277E-05  3.280E-05  8.871E-01  0.000E+00  0.000E+00  1.251E+00  673    1.8924  9.41E-03 1.3127E+01 3.2092E+01    3.83E+02 0.00E+00 2.23E+02  0.774502  0.039550 3.83E+02 0.00E+00 2.23E+02  0.774384  0.039551  0.0000000E+00  0.0000000E+00  2.5851715E-06  1.9642758E-01  6.4379312E-02  1.0540894E-04 -1.0992643E-01  4.9946708E-02  1.0587246E-02 0.000 0.183 1.000 1.000 1.000 1.000 1.000 1.000 1.000 1.000 1.000 1.000 1.000 1.000 1.000 1.000 1.000 1.000 1.000 1.000 1.000 1.000 1.000 1.000 1.000 1.000 1.000 1.000 1.000 1.000 1.000 1.000 1.000 1.000 1.000 1.000 1.000 1.000 1.000 1.000  7.9647084738E-02   0.06204   1.00000   0.00000   0.00000   0.2154289E-02
  3989  2.709392926015151E+07   9.966364  4.184594  4.321790  0.6794837E+00  0.3064958E+00  2.6700524E-05  1.1320270E-03  8.2558682E-05  4.0409924E-03  4.5028238E-03  7.3277235E-06  7.2123910E-06  2.1084332E-03  1.7053625E-04  0.1805    4.321790  -8.289  1.156244  7.617821  0.4306154E-01  0.9433104E+00  8.7235189E-11  7.7996835E-05  2.1295759E-05  9.1514551E-03  1.5659804E-04  3.4226530E-07  4.6804254E-10  2.1084332E-03  1.7053625E-04  1.334E-11  2.909E-18  3.881E+10  3.910E+10  9.236E+00  4.223E+04  0.77492232  3.272E-05  3.275E-05  8.869E-01  0.000E+00  0.000E+00  1.251E+00  675    1.8838  9.41E-03 1.3086E+01 3.2045E+01    3.82E+02 0.00E+00 2.23E+02  0.775040  0.039624 3.82E+02 0.00E+00 2.23E+02  0.774922  0.039624  0.0000000E+00  0.0000000E+00  2.6031155E-06  1.9662273E-01  6.4347177E-02  1.0520179E-04 -1.0994537E-01  4.9945005E-02  1.0607859E-02 0.000 0.183 1.000 1.000 1.000 1.000 1.000 1.000 1.000 1.000 1.000 1.000 1.000 1.000 1.000 1.000 1.000 1.000 1.000 1.000 1.000 1.000 1.000 1.000 1.000 1.000 1.000 1.000 1.000 1.000 1.000 1.000 1.000 1.000 1.000 1.000 1.000 1.000 1.000 1.000  7.9628915220E-02   0.05981   1.00000   0.00000   0.00000   0.2146158E-02
  3995  2.710939837500704E+07   9.966284  4.185250  4.321641  0.6794395E+00  0.3065401E+00  2.6691934E-05  1.1314145E-03  8.2549442E-05  4.0427394E-03  4.5016587E-03  7.3278784E-06  7.2090259E-06  2.1084332E-03  1.7053625E-04  0.1799    4.321641  -8.288  1.158814  7.618686  0.4168715E-01  0.9446849E+00  8.0227401E-11  7.8247077E-05  2.1365785E-05  9.1513424E-03  1.5630991E-04  3.3922136E-07  4.6649940E-10  2.1084332E-03  1.7053625E-04  1.238E-11  2.654E-18  3.878E+10  3.758E+10  9.230E+00  4.059E+04  0.77554626  3.268E-05  3.271E-05  8.867E-01  0.000E+00  0.000E+00  1.252E+00  677    1.8752  9.41E-03 1.3052E+01 3.2010E+01    3.82E+02 0.00E+00 2.23E+02  0.775755  0.039683 3.82E+02 0.00E+00 2.23E+02  0.775546  0.039683  0.0000000E+00  0.0000000E+00  2.6196671E-06  1.9675926E-01  6.4323529E-02  1.0505374E-04 -1.0996881E-01  4.9946774E-02  1.0626331E-02 0.000 0.181 1.000 1.000 1.000 1.000 1.000 1.000 1.000 1.000 1.000 1.000 1.000 1.000 1.000 1.000 1.000 1.000 1.000 1.000 1.000 1.000 1.000 1.000 1.000 1.000 1.000 1.000 1.000 1.000 1.000 1.000 1.000 1.000 1.000 1.000 1.000 1.000 1.000 1.000  7.9613238986E-02   0.05790   1.00000   0.00000   0.00000   0.2139112E-02
  4001  2.712486748986256E+07   9.966204  4.185921  4.321510  0.6793953E+00  0.3065843E+00  2.6683352E-05  1.1308027E-03  8.2540188E-05  4.0444843E-03  4.5004950E-03  7.3280331E-06  7.2056647E-06  2.1084332E-03  1.7053625E-04  0.1793    4.321510  -8.286  1.161476  7.619582  0.4031190E-01  0.9460603E+00  7.3905927E-11  7.8497940E-05  2.1436656E-05  9.1512312E-03  1.5601820E-04  3.3615516E-07  4.6485583E-10  2.1084332E-03  1.7053625E-04  1.123E-11  2.366E-18  3.879E+10  3.622E+10  9.231E+00  3.912E+04  0.77615219  3.265E-05  3.268E-05  8.864E-01  0.000E+00  0.000E+00  1.252E+00  677    1.8752  9.41E-03 1.3018E+01 3.1971E+01    3.82E+02 0.00E+00 2.23E+02  0.776250  0.039744 3.82E+02 0.00E+00 2.23E+02  0.776152  0.039744  0.0000000E+00  0.0000000E+00  2.6349414E-06  1.9687371E-01  6.4293126E-02  1.0489564E-04 -1.0999896E-01  4.9951568E-02  1.0645529E-02 0.000 0.181 1.000 1.000 1.000 1.000 1.000 1.000 1.000 1.000 1.000 1.000 1.000 1.000 1.000 1.000 1.000 1.000 1.000 1.000 1.000 1.000 1.000 1.000 1.000 1.000 1.000 1.000 1.000 1.000 1.000 1.000 1.000 1.000 1.000 1.000 1.000 1.000 1.000 1.000  7.9597469697E-02   0.05599   1.00000   0.00000   0.00000   0.2132206E-02
  4007  2.714033660471809E+07   9.966124  4.186620  4.321342  0.6793511E+00  0.3066286E+00  2.6674778E-05  1.1301917E-03  8.2530920E-05  4.0462270E-03  4.4993327E-03  7.3281875E-06  7.2023076E-06  2.1084332E-03  1.7053625E-04  0.1789    4.321342  -8.284  1.164503  7.620524  0.3891280E-01  0.9474594E+00  6.6350185E-11  7.8816227E-05  2.1523449E-05  9.1510332E-03  1.5571662E-04  3.3270733E-07  4.6350645E-10  2.1084332E-03  1.7053625E-04  1.123E-11  2.366E-18  3.874E+10  3.433E+10  9.221E+00  3.708E+04  0.77683879  3.261E-05  3.265E-05  8.861E-01  0.000E+00  0.000E+00  1.253E+00  678    1.8665  9.41E-03 1.2981E+01 3.1933E+01    3.81E+02 0.00E+00 2.23E+02  0.777089  0.039806 3.81E+02 0.00E+00 2.23E+02  0.776839  0.039807  0.0000000E+00  0.0000000E+00  2.6532736E-06  1.9702029E-01  6.4267996E-02  1.0473790E-04 -1.1002885E-01  4.9956330E-02  1.0664294E-02 0.000 0.180 1.000 1.000 1.000 1.000 1.000 1.000 1.000 1.000 1.000 1.000 1.000 1.000 1.000 1.000 1.000 1.000 1.000 1.000 1.000 1.000 1.000 1.000 1.000 1.000 1.000 1.000 1.000 1.000 1.000 1.000 1.000 1.000 1.000 1.000 1.000 1.000 1.000 1.000  7.9581597989E-02   0.05405   1.00000   0.00000   0.00000   0.2124521E-02
  4013  2.715580571957362E+07   9.966043  4.187371  4.321225  0.6793069E+00  0.3066728E+00  2.6666211E-05  1.1295815E-03  8.2521637E-05  4.0479679E-03  4.4981716E-03  7.3283416E-06  7.1989539E-06  2.1084332E-03  1.7053625E-04  0.1782    4.321225  -8.282  1.167434  7.621486  0.3751120E-01  0.9488611E+00  6.0666405E-11  7.9078608E-05  2.1596994E-05  9.1509184E-03  1.5541038E-04  3.2954940E-07  4.6170936E-10  2.1084332E-03  1.7053625E-04  1.030E-11  2.129E-18  3.878E+10  3.304E+10  9.230E+00  3.569E+04  0.77757868  3.258E-05  3.261E-05  8.859E-01  0.000E+00  0.000E+00  1.254E+00  678    1.8665  9.41E-03 1.2944E+01 3.1890E+01    3.81E+02 0.00E+00 2.23E+02  0.777658  0.039877 3.81E+02 0.00E+00 2.23E+02  0.777579  0.039876  0.0000000E+00  0.0000000E+00  2.6710053E-06  1.9710398E-01  6.4235934E-02  1.0459120E-04 -1.1007136E-01  4.9966631E-02  1.0684810E-02 0.000 0.180 1.000 1.000 1.000 1.000 1.000 1.000 1.000 1.000 1.000 1.000 1.000 1.000 1.000 1.000 1.000 1.000 1.000 1.000 1.000 1.000 1.000 1.000 1.000 1.000 1.000 1.000 1.000 1.000 1.000 1.000 1.000 1.000 1.000 1.000 1.000 1.000 1.000 1.000  7.9565617075E-02   0.05210   1.00000   0.00000   0.00000   0.2116942E-02
  4019  2.717127483442915E+07   9.965962  4.188076  4.321138  0.6792628E+00  0.3067170E+00  2.6657651E-05  1.1289719E-03  8.2512340E-05  4.0497067E-03  4.4970119E-03  7.3284956E-06  7.1956040E-06  2.1084332E-03  1.7053625E-04  0.1776    4.321138  -8.280  1.170455  7.622493  0.3611546E-01  0.9502570E+00  5.5062554E-11  7.9370225E-05  2.1678466E-05  9.1507634E-03  1.5510153E-04  3.2630132E-07  4.6010269E-10  2.1084332E-03  1.7053625E-04  1.030E-11  2.129E-18  3.885E+10  3.171E+10  9.247E+00  3.425E+04  0.77828475  3.256E-05  3.259E-05  8.856E-01  0.000E+00  0.000E+00  1.255E+00  681    1.8550  9.41E-03 1.2909E+01 3.1854E+01    3.81E+02 0.00E+00 2.23E+02  0.778333  0.039939 3.81E+02 0.00E+00 2.23E+02  0.778285  0.039940  0.0000000E+00  0.0000000E+00  2.6880990E-06  1.9714484E-01  6.4209625E-02  1.0448613E-04 -1.1012410E-01  4.9981539E-02  1.0706392E-02 0.000 0.179 1.000 1.000 1.000 1.000 1.000 1.000 1.000 1.000 1.000 1.000 1.000 1.000 1.000 1.000 1.000 1.000 1.000 1.000 1.000 1.000 1.000 1.000 1.000 1.000 1.000 1.000 1.000 1.000 1.000 1.000 1.000 1.000 1.000 1.000 1.000 1.000 1.000 1.000  7.9549530988E-02   0.05016   1.00000   0.00000   0.00000   0.2109893E-02
  4024  2.718416576347542E+07   9.965894  4.188667  4.321075  0.6792260E+00  0.3067538E+00  2.6650522E-05  1.1284645E-03  8.2504581E-05  4.0511543E-03  4.4960464E-03  7.3286237E-06  7.1928151E-06  2.1084332E-03  1.7053625E-04  0.1772    4.321075  -8.278  1.173068  7.623367  0.3494992E-01  0.9514226E+00  5.0766317E-11  7.9615803E-05  2.1747831E-05  9.1506335E-03  1.5483986E-04  3.2350767E-07  4.5860524E-10  2.1084332E-03  1.7053625E-04  9.205E-12  1.864E-18  3.894E+10  3.070E+10  9.268E+00  3.315E+04  0.77895741  3.255E-05  3.258E-05  8.853E-01  0.000E+00  0.000E+00  1.255E+00  682    1.8550  9.41E-03 1.2881E+01 3.1823E+01    3.81E+02 0.00E+00 2.23E+02  0.778920  0.039994 3.81E+02 0.00E+00 2.23E+02  0.778957  0.039993  0.0000000E+00  0.0000000E+00  2.7028412E-06  1.9714800E-01  6.4188456E-02  1.0441745E-04 -1.1017643E-01  4.9997706E-02  1.0725271E-02 0.000 0.179 1.000 1.000 1.000 1.000 1.000 1.000 1.000 1.000 1.000 1.000 1.000 1.000 1.000 1.000 1.000 1.000 1.000 1.000 1.000 1.000 1.000 1.000 1.000 1.000 1.000 1.000 1.000 1.000 1.000 1.000 1.000 1.000 1.000 1.000 1.000 1.000 1.000 1.000  7.9536045226E-02   0.04854   1.00000   0.00000   0.00000   0.2103666E-02
  4029  2.719705669252170E+07   9.965826  4.189266  4.321041  0.6791892E+00  0.3067906E+00  2.6643399E-05  1.1279576E-03  8.2496812E-05  4.0526005E-03  4.4950819E-03  7.3287516E-06  7.1900288E-06  2.1084332E-03  1.7053625E-04  0.1766    4.321041  -8.276  1.175805  7.624276  0.3377912E-01  0.9525935E+00  4.6399571E-11  7.9898764E-05  2.1826482E-05  9.1504544E-03  1.5457329E-04  3.2057792E-07  4.5730384E-10  2.1084332E-03  1.7053625E-04  9.205E-12  1.864E-18  3.905E+10  2.972E+10  9.295E+00  3.210E+04  0.77949282  3.254E-05  3.257E-05  8.851E-01  0.000E+00  0.000E+00  1.256E+00  683    1.8493  9.41E-03 1.2852E+01 3.1793E+01    3.81E+02 0.00E+00 2.24E+02  0.779538  0.040048 3.81E+02 0.00E+00 2.24E+02  0.779493  0.040048  0.0000000E+00  0.0000000E+00  2.7179083E-06  1.9714173E-01  6.4165678E-02  1.0434856E-04 -1.1023378E-01  5.0016227E-02  1.0744535E-02 0.000 0.178 1.000 1.000 1.000 1.000 1.000 1.000 1.000 1.000 1.000 1.000 1.000 1.000 1.000 1.000 1.000 1.000 1.000 1.000 1.000 1.000 1.000 1.000 1.000 1.000 1.000 1.000 1.000 1.000 1.000 1.000 1.000 1.000 1.000 1.000 1.000 1.000 1.000 1.000  7.9522485031E-02   0.04691   1.00000   0.00000   0.00000   0.2098273E-02
  4034  2.720994762156797E+07   9.965757  4.189936  4.320976  0.6791525E+00  0.3068275E+00  2.6636279E-05  1.1274511E-03  8.2489033E-05  4.0540456E-03  4.4941180E-03  7.3288794E-06  7.1872445E-06  2.1084332E-03  1.7053625E-04  0.1763    4.320976  -8.274  1.178910  7.625234  0.3258565E-01  0.9537870E+00  4.1822887E-11  8.0190333E-05  2.1906297E-05  9.1502728E-03  1.5429680E-04  3.1749494E-07  4.5584235E-10  2.1084332E-03  1.7053625E-04  8.394E-12  1.664E-18  3.913E+10  2.836E+10  9.313E+00  3.063E+04  0.78017797  3.253E-05  3.256E-05  8.848E-01  0.000E+00  0.000E+00  1.257E+00  684    1.8435  9.41E-03 1.2819E+01 3.1757E+01    3.81E+02 0.00E+00 2.24E+02  0.780209  0.040109 3.81E+02 0.00E+00 2.24E+02  0.780178  0.040109  0.0000000E+00  0.0000000E+00  2.7348858E-06  1.9714375E-01  6.4139193E-02  1.0426326E-04 -1.1029540E-01  5.0036638E-02  1.0764075E-02 0.000 0.178 1.000 1.000 1.000 1.000 1.000 1.000 1.000 1.000 1.000 1.000 1.000 1.000 1.000 1.000 1.000 1.000 1.000 1.000 1.000 1.000 1.000 1.000 1.000 1.000 1.000 1.000 1.000 1.000 1.000 1.000 1.000 1.000 1.000 1.000 1.000 1.000 1.000 1.000  7.9508846872E-02   0.04526   1.00000   0.00000   0.00000   0.2091605E-02
  4039  2.722283855061424E+07   9.965689  4.190591  4.320972  0.6791157E+00  0.3068643E+00  2.6629163E-05  1.1269451E-03  8.2481242E-05  4.0554895E-03  4.4931550E-03  7.3290070E-06  7.1844625E-06  2.1084332E-03  1.7053625E-04  0.1758    4.320972  -8.273  1.181885  7.626223  0.3140229E-01  0.9549705E+00  3.8182547E-11  8.0466728E-05  2.1983961E-05  9.1501124E-03  1.5401874E-04  3.1458647E-07  4.5432799E-10  2.1084332E-03  1.7053625E-04  8.394E-12  1.664E-18  3.930E+10  2.747E+10  9.353E+00  2.966E+04  0.78089372  3.253E-05  3.256E-05  8.845E-01  0.000E+00  0.000E+00  1.257E+00  685    1.8377  9.41E-03 1.2789E+01 3.1724E+01    3.81E+02 0.00E+00 2.24E+02  0.780883  0.040169 3.81E+02 0.00E+00 2.24E+02  0.780894  0.040169  0.0000000E+00  0.0000000E+00  2.7513995E-06  1.9706773E-01  6.4115246E-02  1.0422752E-04 -1.1037206E-01  5.0063735E-02  1.0785489E-02 0.000 0.178 1.000 1.000 1.000 1.000 1.000 1.000 1.000 1.000 1.000 1.000 1.000 1.000 1.000 1.000 1.000 1.000 1.000 1.000 1.000 1.000 1.000 1.000 1.000 1.000 1.000 1.000 1.000 1.000 1.000 1.000 1.000 1.000 1.000 1.000 1.000 1.000 1.000 1.000  7.9495122081E-02   0.04362   1.00000   0.00000   0.00000   0.2085448E-02
  4044  2.723572947966051E+07   9.965620  4.191220  4.320993  0.6790789E+00  0.3069011E+00  2.6622051E-05  1.1264395E-03  8.2473441E-05  4.0569322E-03  4.4921927E-03  7.3291345E-06  7.1816826E-06  2.1084332E-03  1.7053625E-04  0.1752    4.320993  -8.271  1.184965  7.627247  0.3021987E-01  0.9561530E+00  3.4558347E-11  8.0765869E-05  2.2067501E-05  9.1499230E-03  1.5373641E-04  3.1155904E-07  4.5285902E-10  2.1084332E-03  1.7053625E-04  7.531E-12  1.458E-18  3.949E+10  2.653E+10  9.398E+00  2.865E+04  0.78158255  3.254E-05  3.257E-05  8.843E-01  0.000E+00  0.000E+00  1.258E+00  687    1.8320  9.41E-03 1.2761E+01 3.1693E+01    3.80E+02 0.00E+00 2.24E+02  0.781549  0.040227 3.80E+02 0.00E+00 2.24E+02  0.781583  0.040227  0.0000000E+00  0.0000000E+00  2.7673759E-06  1.9695515E-01  6.4092888E-02  1.0421629E-04 -1.1045797E-01  5.0095009E-02  1.0807889E-02 0.000 0.177 1.000 1.000 1.000 1.000 1.000 1.000 1.000 1.000 1.000 1.000 1.000 1.000 1.000 1.000 1.000 1.000 1.000 1.000 1.000 1.000 1.000 1.000 1.000 1.000 1.000 1.000 1.000 1.000 1.000 1.000 1.000 1.000 1.000 1.000 1.000 1.000 1.000 1.000  7.9481317304E-02   0.04198   1.00000   0.00000   0.00000   0.2079672E-02
  4048  2.724604222289753E+07   9.965564  4.191731  4.321025  0.6790495E+00  0.3069305E+00  2.6616365E-05  1.1260353E-03  8.2467191E-05  4.0580856E-03  4.4914234E-03  7.3292365E-06  7.1794601E-06  2.1084332E-03  1.7053625E-04  0.1748    4.321025  -8.269  1.187519  7.628096  0.2927302E-01  0.9570999E+00  3.1958045E-11  8.1005873E-05  2.2135111E-05  9.1497732E-03  1.5350678E-04  3.0910025E-07  4.5157179E-10  2.1084332E-03  1.7053625E-04  7.531E-12  1.458E-18  3.967E+10  2.588E+10  9.442E+00  2.795E+04  0.78215453  3.255E-05  3.258E-05  8.840E-01  0.000E+00  0.000E+00  1.259E+00  687    1.8320  9.41E-03 1.2738E+01 3.1669E+01    3.80E+02 0.00E+00 2.24E+02  0.782105  0.040273 3.80E+02 0.00E+00 2.24E+02  0.782155  0.040274  0.0000000E+00  0.0000000E+00  2.7804966E-06  1.9684064E-01  6.4075363E-02  1.0422145E-04 -1.1053378E-01  5.0123214E-02  1.0826546E-02 0.000 0.177 1.000 1.000 1.000 1.000 1.000 1.000 1.000 1.000 1.000 1.000 1.000 1.000 1.000 1.000 1.000 1.000 1.000 1.000 1.000 1.000 1.000 1.000 1.000 1.000 1.000 1.000 1.000 1.000 1.000 1.000 1.000 1.000 1.000 1.000 1.000 1.000 1.000 1.000  7.9470215070E-02   0.04066   1.00000   0.00000   0.00000   0.2075049E-02
  4052  2.725635496613455E+07   9.965509  4.192250  4.321064  0.6790201E+00  0.3069599E+00  2.6610680E-05  1.1256314E-03  8.2460935E-05  4.0592383E-03  4.4906546E-03  7.3293383E-06  7.1772389E-06  2.1084332E-03  1.7053625E-04  0.1743    4.321064  -8.268  1.190190  7.628978  0.2832174E-01  0.9580513E+00  2.9283193E-11  8.1281917E-05  2.2211639E-05  9.1495758E-03  1.5327264E-04  3.0651605E-07  4.5046801E-10  2.1084332E-03  1.7053625E-04  6.564E-12  1.240E-18  3.987E+10  2.526E+10  9.490E+00  2.728E+04  0.78272999  3.256E-05  3.259E-05  8.838E-01  0.000E+00  0.000E+00  1.259E+00  688    1.8262  9.41E-03 1.2715E+01 3.1646E+01    3.80E+02 0.00E+00 2.25E+02  0.782681  0.040322 3.80E+02 0.00E+00 2.25E+02  0.782730  0.040321  0.0000000E+00  0.0000000E+00  2.7940196E-06  1.9671898E-01  6.4058691E-02  1.0423320E-04 -1.1061414E-01  5.0153537E-02  1.0845509E-02 0.000 0.176 1.000 1.000 1.000 1.000 1.000 1.000 1.000 1.000 1.000 1.000 1.000 1.000 1.000 1.000 1.000 1.000 1.000 1.000 1.000 1.000 1.000 1.000 1.000 1.000 1.000 1.000 1.000 1.000 1.000 1.000 1.000 1.000 1.000 1.000 1.000 1.000 1.000 1.000  7.9459059431E-02   0.03933   1.00000   0.00000   0.00000   0.2070407E-02
  4056  2.726666770937157E+07   9.965453  4.192821  4.321086  0.6789907E+00  0.3069894E+00  2.6604997E-05  1.1252277E-03  8.2454671E-05  4.0603904E-03  4.4898861E-03  7.3294401E-06  7.1750189E-06  2.1084332E-03  1.7053625E-04  0.1741    4.321086  -8.266  1.193220  7.629907  0.2735171E-01  0.9590214E+00  2.6441876E-11  8.1571267E-05  2.2290720E-05  9.1493678E-03  1.5302978E-04  3.0375899E-07  4.4924231E-10  2.1084332E-03  1.7053625E-04  6.564E-12  1.240E-18  4.005E+10  2.433E+10  9.532E+00  2.627E+04  0.78338141  3.257E-05  3.260E-05  8.835E-01  0.000E+00  0.000E+00  1.260E+00  689    1.8262  9.41E-03 1.2688E+01 3.1618E+01    3.80E+02 0.00E+00 2.25E+02  0.783327  0.040374 3.80E+02 0.00E+00 2.25E+02  0.783381  0.040374  0.0000000E+00  0.0000000E+00  2.8090628E-06  1.9659975E-01  6.4039170E-02  1.0423442E-04 -1.1069947E-01  5.0186078E-02  1.0864824E-02 0.000 0.176 1.000 1.000 1.000 1.000 1.000 1.000 1.000 1.000 1.000 1.000 1.000 1.000 1.000 1.000 1.000 1.000 1.000 1.000 1.000 1.000 1.000 1.000 1.000 1.000 1.000 1.000 1.000 1.000 1.000 1.000 1.000 1.000 1.000 1.000 1.000 1.000 1.000 1.000  7.9447847725E-02   0.03799   1.00000   0.00000   0.00000   0.2065060E-02
  4060  2.727698045260859E+07   9.965397  4.193409  4.321162  0.6789613E+00  0.3070188E+00  2.6599316E-05  1.1248242E-03  8.2448399E-05  4.0615419E-03  4.4891180E-03  7.3295418E-06  7.1727998E-06  2.1084332E-03  1.7053625E-04  0.1738    4.321162  -8.264  1.196120  7.630864  0.2638958E-01  0.9599836E+00  2.4201517E-11  8.1838291E-05  2.2365527E-05  9.1491919E-03  1.5278518E-04  3.0119035E-07  4.4791070E-10  2.1084332E-03  1.7053625E-04  6.564E-12  1.240E-18  4.031E+10  2.377E+10  9.594E+00  2.567E+04  0.78406389  3.259E-05  3.262E-05  8.833E-01  0.000E+00  0.000E+00  1.261E+00  690    1.8204  9.41E-03 1.2663E+01 3.1590E+01    3.80E+02 0.00E+00 2.25E+02  0.783992  0.040428 3.80E+02 0.00E+00 2.25E+02  0.784064  0.040428  0.0000000E+00  0.0000000E+00  2.8245157E-06  1.9641302E-01  6.4018137E-02  1.0426655E-04 -1.1079842E-01  5.0224683E-02  1.0885828E-02 0.000 0.176 1.000 1.000 1.000 1.000 1.000 1.000 1.000 1.000 1.000 1.000 1.000 1.000 1.000 1.000 1.000 1.000 1.000 1.000 1.000 1.000 1.000 1.000 1.000 1.000 1.000 1.000 1.000 1.000 1.000 1.000 1.000 1.000 1.000 1.000 1.000 1.000 1.000 1.000  7.9436574433E-02   0.03666   1.00000   0.00000   0.00000   0.2059976E-02
  4064  2.728729319584561E+07   9.965341  4.193963  4.321265  0.6789319E+00  0.3070482E+00  2.6593637E-05  1.1244209E-03  8.2442119E-05  4.0626929E-03  4.4883503E-03  7.3296434E-06  7.1705818E-06  2.1084332E-03  1.7053625E-04  0.1733    4.321265  -8.263  1.199108  7.631853  0.2543077E-01  0.9609425E+00  2.2087177E-11  8.2118244E-05  2.2444263E-05  9.1489996E-03  1.5253736E-04  2.9857227E-07  4.4659332E-10  2.1084332E-03  1.7053625E-04  5.757E-12  1.058E-18  4.060E+10  2.324E+10  9.664E+00  2.510E+04  0.78471541  3.262E-05  3.265E-05  8.830E-01  0.000E+00  0.000E+00  1.262E+00  691    1.8146  9.41E-03 1.2640E+01 3.1566E+01    3.80E+02 0.00E+00 2.25E+02  0.784614  0.040479 3.80E+02 0.00E+00 2.25E+02  0.784715  0.040479  0.0000000E+00  0.0000000E+00  2.8388867E-06  1.9618729E-01  6.3998891E-02  1.0432534E-04 -1.1090681E-01  5.0267550E-02  1.0907846E-02 0.000 0.176 1.000 1.000 1.000 1.000 1.000 1.000 1.000 1.000 1.000 1.000 1.000 1.000 1.000 1.000 1.000 1.000 1.000 1.000 1.000 1.000 1.000 1.000 1.000 1.000 1.000 1.000 1.000 1.000 1.000 1.000 1.000 1.000 1.000 1.000 1.000 1.000 1.000 1.000  7.9425243052E-02   0.03532   1.00000   0.00000   0.00000   0.2055325E-02
  4068  2.729760593908263E+07   9.965284  4.194523  4.321386  0.6789025E+00  0.3070777E+00  2.6587959E-05  1.1240178E-03  8.2435830E-05  4.0638433E-03  4.4875829E-03  7.3297450E-06  7.1683647E-06  2.1084332E-03  1.7053625E-04  0.1729    4.321386  -8.261  1.202219  7.632881  0.2447030E-01  0.9619031E+00  1.9985093E-11  8.2420234E-05  2.2528403E-05  9.1487800E-03  1.5228468E-04  2.9584013E-07  4.4530163E-10  2.1084332E-03  1.7053625E-04  5.757E-12  1.058E-18  4.092E+10  2.270E+10  9.739E+00  2.451E+04  0.78527797  3.264E-05  3.268E-05  8.828E-01  0.000E+00  0.000E+00  1.262E+00  692    1.8088  9.41E-03 1.2617E+01 3.1543E+01    3.80E+02 0.00E+00 2.25E+02  0.785256  0.040531 3.80E+02 0.00E+00 2.25E+02  0.785278  0.040531  0.0000000E+00  0.0000000E+00  2.8535409E-06  1.9593097E-01  6.3983278E-02  1.0441248E-04 -1.1102428E-01  5.0314503E-02  1.0930780E-02 0.000 0.175 1.000 1.000 1.000 1.000 1.000 1.000 1.000 1.000 1.000 1.000 1.000 1.000 1.000 1.000 1.000 1.000 1.000 1.000 1.000 1.000 1.000 1.000 1.000 1.000 1.000 1.000 1.000 1.000 1.000 1.000 1.000 1.000 1.000 1.000 1.000 1.000 1.000 1.000  7.9413851510E-02   0.03399   1.00000   0.00000   0.00000   0.2050642E-02
  4072  2.730791868231964E+07   9.965227  4.195095  4.321536  0.6788731E+00  0.3071071E+00  2.6582282E-05  1.1236149E-03  8.2429534E-05  4.0649932E-03  4.4868159E-03  7.3298465E-06  7.1661486E-06  2.1084332E-03  1.7053625E-04  0.1724    4.321536  -8.259  1.205450  7.633950  0.2351090E-01  0.9628626E+00  1.8102104E-11  8.2723159E-05  2.2613583E-05  9.1485621E-03  1.5202759E-04  2.9309651E-07  4.4391249E-10  2.1084332E-03  1.7053625E-04  4.887E-12  8.718E-19  4.128E+10  2.225E+10  9.824E+00  2.403E+04  0.78608948  3.269E-05  3.272E-05  8.824E-01  0.000E+00  0.000E+00  1.263E+00  692    1.8088  9.41E-03 1.2593E+01 3.1517E+01    3.80E+02 0.00E+00 2.26E+02  0.785805  0.040584 3.80E+02 0.00E+00 2.26E+02  0.786089  0.040584  0.0000000E+00  0.0000000E+00  2.8676462E-06  1.9563815E-01  6.3961921E-02  1.0450053E-04 -1.1115218E-01  5.0366176E-02  1.0954802E-02 0.000 0.175 1.000 1.000 1.000 1.000 1.000 1.000 1.000 1.000 1.000 1.000 1.000 1.000 1.000 1.000 1.000 1.000 1.000 1.000 1.000 1.000 1.000 1.000 1.000 1.000 1.000 1.000 1.000 1.000 1.000 1.000 1.000 1.000 1.000 1.000 1.000 1.000 1.000 1.000  7.9402403550E-02   0.03266   1.00000   0.00000   0.00000   0.2046146E-02
  4076  2.731823142555666E+07   9.965170  4.195681  4.321707  0.6788437E+00  0.3071365E+00  2.6576606E-05  1.1232122E-03  8.2423229E-05  4.0661428E-03  4.4860491E-03  7.3299480E-06  7.1639332E-06  2.1084332E-03  1.7053625E-04  0.1719    4.321707  -8.257  1.208851  7.635068  0.2254648E-01  0.9638271E+00  1.6214866E-11  8.3071074E-05  2.2710049E-05  9.1482854E-03  1.5176400E-04  2.9018439E-07  4.4270420E-10  2.1084332E-03  1.7053625E-04  4.887E-12  8.718E-19  4.167E+10  2.184E+10  9.918E+00  2.358E+04  0.78675527  3.273E-05  3.277E-05  8.822E-01  0.000E+00  0.000E+00  1.264E+00  693    1.8030  9.41E-03 1.2570E+01 3.1494E+01    3.80E+02 0.00E+00 2.26E+02  0.786499  0.040638 3.80E+02 0.00E+00 2.26E+02  0.786755  0.040638  0.0000000E+00  0.0000000E+00  2.8831830E-06  1.9532536E-01  6.3945102E-02  1.0461446E-04 -1.1128857E-01  5.0421737E-02  1.0979518E-02 0.000 0.173 1.000 1.000 1.000 1.000 1.000 1.000 1.000 1.000 1.000 1.000 1.000 1.000 1.000 1.000 1.000 1.000 1.000 1.000 1.000 1.000 1.000 1.000 1.000 1.000 1.000 1.000 1.000 1.000 1.000 1.000 1.000 1.000 1.000 1.000 1.000 1.000 1.000 1.000  7.9390891210E-02   0.03131   1.00000   0.00000   0.00000   0.2041875E-02
  4079  2.732596598298443E+07   9.965128  4.196145  4.321806  0.6788217E+00  0.3071586E+00  2.6572350E-05  1.1229103E-03  8.2418495E-05  4.0670045E-03  4.4854743E-03  7.3300240E-06  7.1622723E-06  2.1084332E-03  1.7053625E-04  0.1718    4.321806  -8.256  1.211761  7.635953  0.2180885E-01  0.9645648E+00  1.4693921E-11  8.3350255E-05  2.2786166E-05  9.1480594E-03  1.5155861E-04  2.8784349E-07  4.4173922E-10  2.1084332E-03  1.7053625E-04  4.887E-12  8.718E-19  4.196E+10  2.134E+10  9.986E+00  2.304E+04  0.78738886  3.276E-05  3.280E-05  8.819E-01  0.000E+00  0.000E+00  1.264E+00  693    1.8030  9.41E-03 1.2550E+01 3.1474E+01    3.80E+02 0.00E+00 2.26E+02  0.787066  0.040681 3.80E+02 0.00E+00 2.26E+02  0.787389  0.040681  0.0000000E+00  0.0000000E+00  2.8956225E-06  1.9508904E-01  6.3929298E-02  1.0469062E-04 -1.1139671E-01  5.0466050E-02  1.0998463E-02 0.000 0.173 1.000 1.000 1.000 1.000 1.000 1.000 1.000 1.000 1.000 1.000 1.000 1.000 1.000 1.000 1.000 1.000 1.000 1.000 1.000 1.000 1.000 1.000 1.000 1.000 1.000 1.000 1.000 1.000 1.000 1.000 1.000 1.000 1.000 1.000 1.000 1.000 1.000 1.000  7.9382217267E-02   0.03029   1.00000   0.00000   0.00000   0.2037559E-02
  4082  2.733370054041219E+07   9.965085  4.196661  4.321951  0.6787996E+00  0.3071807E+00  2.6568094E-05  1.1226084E-03  8.2413755E-05  4.0678662E-03  4.4848995E-03  7.3301001E-06  7.1606115E-06  2.1084332E-03  1.7053625E-04  0.1715    4.321951  -8.254  1.214540  7.636863  0.2107734E-01  0.9652964E+00  1.3511853E-11  8.3602420E-05  2.2856644E-05  9.1478722E-03  1.5135169E-04  2.8567452E-07  4.4061277E-10  2.1084332E-03  1.7053625E-04  4.152E-12  7.162E-19  4.231E+10  2.109E+10  1.007E+01  2.278E+04  0.78794922  3.280E-05  3.284E-05  8.817E-01  0.000E+00  0.000E+00  1.265E+00  694    1.7973  9.41E-03 1.2531E+01 3.1454E+01    3.80E+02 0.00E+00 2.27E+02  0.787831  0.040730 3.80E+02 0.00E+00 2.27E+02  0.787949  0.040729  0.0000000E+00  0.0000000E+00  2.9109889E-06  1.9480324E-01  6.3917450E-02  1.0480660E-04 -1.1151567E-01  5.0515148E-02  1.1018730E-02 0.000 0.173 1.000 1.000 1.000 1.000 1.000 1.000 1.000 1.000 1.000 1.000 1.000 1.000 1.000 1.000 1.000 1.000 1.000 1.000 1.000 1.000 1.000 1.000 1.000 1.000 1.000 1.000 1.000 1.000 1.000 1.000 1.000 1.000 1.000 1.000 1.000 1.000 1.000 1.000  7.9373498022E-02   0.02928   1.00000   0.00000   0.00000   0.2033343E-02
  4085  2.734143509783996E+07   9.965041  4.197147  4.322139  0.6787775E+00  0.3072028E+00  2.6563838E-05  1.1223066E-03  8.2409010E-05  4.0687278E-03  4.4843247E-03  7.3301761E-06  7.1589509E-06  2.1084332E-03  1.7053625E-04  0.1711    4.322139  -8.253  1.217387  7.637800  0.2034876E-01  0.9660250E+00  1.2388077E-11  8.3867406E-05  2.2930941E-05  9.1476682E-03  1.5114217E-04  2.8347427E-07  4.3953154E-10  2.1084332E-03  1.7053625E-04  4.152E-12  7.162E-19  4.270E+10  2.088E+10  1.016E+01  2.255E+04  0.78866000  3.285E-05  3.288E-05  8.814E-01  0.000E+00  0.000E+00  1.266E+00  695    1.7915  9.41E-03 1.2512E+01 3.1435E+01    3.80E+02 0.00E+00 2.27E+02  0.788343  0.040774 3.81E+02 0.00E+00 2.27E+02  0.788660  0.040775  0.0000000E+00  0.0000000E+00  2.9232503E-06  1.9447767E-01  6.3900983E-02  1.0492917E-04 -1.1164386E-01  5.0568444E-02  1.1040025E-02 0.000 0.173 1.000 1.000 1.000 1.000 1.000 1.000 1.000 1.000 1.000 1.000 1.000 1.000 1.000 1.000 1.000 1.000 1.000 1.000 1.000 1.000 1.000 1.000 1.000 1.000 1.000 1.000 1.000 1.000 1.000 1.000 1.000 1.000 1.000 1.000 1.000 1.000 1.000 1.000  7.9364741586E-02   0.02827   1.00000   0.00000   0.00000   0.2030104E-02
  4088  2.734916965526772E+07   9.964998  4.197626  4.322336  0.6787555E+00  0.3072249E+00  2.6559581E-05  1.1220048E-03  8.2404259E-05  4.0695893E-03  4.4837501E-03  7.3302522E-06  7.1572905E-06  2.1084332E-03  1.7053625E-04  0.1708    4.322336  -8.251  1.220334  7.638771  0.1962220E-01  0.9667517E+00  1.1324181E-11  8.4141851E-05  2.3007988E-05  9.1474529E-03  1.5092958E-04  2.8124121E-07  4.3844493E-10  2.1084332E-03  1.7053625E-04  4.152E-12  7.162E-19  4.312E+10  2.070E+10  1.026E+01  2.236E+04  0.78917543  3.290E-05  3.294E-05  8.812E-01  0.000E+00  0.000E+00  1.266E+00  695    1.7915  9.41E-03 1.2495E+01 3.1417E+01    3.81E+02 0.00E+00 2.27E+02  0.788938  0.040819 3.81E+02 0.00E+00 2.27E+02  0.789175  0.040819  0.0000000E+00  0.0000000E+00  2.9361472E-06  1.9412131E-01  6.3888427E-02  1.0508175E-04 -1.1178084E-01  5.0625691E-02  1.1062203E-02 0.000 0.173 1.000 1.000 1.000 1.000 1.000 1.000 1.000 1.000 1.000 1.000 1.000 1.000 1.000 1.000 1.000 1.000 1.000 1.000 1.000 1.000 1.000 1.000 1.000 1.000 1.000 1.000 1.000 1.000 1.000 1.000 1.000 1.000 1.000 1.000 1.000 1.000 1.000 1.000  7.9355944926E-02   0.02726   1.00000   0.00000   0.00000   0.2026543E-02
  4091  2.735690421269548E+07   9.964955  4.198105  4.322539  0.6787334E+00  0.3072470E+00  2.6555325E-05  1.1217031E-03  8.2399503E-05  4.0704507E-03  4.4831755E-03  7.3303282E-06  7.1556303E-06  2.1084332E-03  1.7053625E-04  0.1704    4.322539  -8.250  1.223383  7.639773  0.1889472E-01  0.9674792E+00  1.0258365E-11  8.4438762E-05  2.3090451E-05  9.1472093E-03  1.5071285E-04  2.7890568E-07  4.3740296E-10  2.1084332E-03  1.7053625E-04  3.468E-12  5.764E-19  4.356E+10  2.051E+10  1.037E+01  2.215E+04  0.78990468  3.296E-05  3.300E-05  8.809E-01  0.000E+00  0.000E+00  1.267E+00  696    1.7856  9.41E-03 1.2478E+01 3.1401E+01    3.81E+02 0.00E+00 2.28E+02  0.789729  0.040863 3.81E+02 0.00E+00 2.28E+02  0.789905  0.040864  0.0000000E+00  0.0000000E+00  2.9506786E-06  1.9373836E-01  6.3876395E-02  1.0525104E-04 -1.1192588E-01  5.0686561E-02  1.1085193E-02 0.000 0.172 1.000 1.000 1.000 1.000 1.000 1.000 1.000 1.000 1.000 1.000 1.000 1.000 1.000 1.000 1.000 1.000 1.000 1.000 1.000 1.000 1.000 1.000 1.000 1.000 1.000 1.000 1.000 1.000 1.000 1.000 1.000 1.000 1.000 1.000 1.000 1.000 1.000 1.000  7.9347109708E-02   0.02625   1.00000   0.00000   0.00000   0.2022573E-02
  4094  2.736463877012325E+07   9.964911  4.198606  4.322779  0.6787113E+00  0.3072691E+00  2.6551068E-05  1.1214014E-03  8.2394741E-05  4.0713119E-03  4.4826010E-03  7.3304042E-06  7.1539702E-06  2.1084332E-03  1.7053625E-04  0.1702    4.322779  -8.248  1.226565  7.640819  0.1816790E-01  0.9682061E+00  9.3148965E-12  8.4733797E-05  2.3173204E-05  9.1469710E-03  1.5049224E-04  2.7656571E-07  4.3624418E-10  2.1084332E-03  1.7053625E-04  3.468E-12  5.764E-19  4.406E+10  2.040E+10  1.049E+01  2.204E+04  0.79058555  3.303E-05  3.306E-05  8.806E-01  0.000E+00  0.000E+00  1.268E+00  696    1.7856  9.41E-03 1.2460E+01 3.1383E+01    3.81E+02 0.00E+00 2.28E+02  0.790256  0.040911 3.81E+02 0.00E+00 2.28E+02  0.790586  0.040911  0.0000000E+00  0.0000000E+00  2.9633595E-06  1.9332033E-01  6.3861533E-02  1.0543081E-04 -1.1208176E-01  5.0752341E-02  1.1109278E-02 0.000 0.172 1.000 1.000 1.000 1.000 1.000 1.000 1.000 1.000 1.000 1.000 1.000 1.000 1.000 1.000 1.000 1.000 1.000 1.000 1.000 1.000 1.000 1.000 1.000 1.000 1.000 1.000 1.000 1.000 1.000 1.000 1.000 1.000 1.000 1.000 1.000 1.000 1.000 1.000  7.9338235188E-02   0.02524   1.00000   0.00000   0.00000   0.2019105E-02
  4097  2.737237332755101E+07   9.964867  4.199114  4.323040  0.6786892E+00  0.3072912E+00  2.6546811E-05  1.1210997E-03  8.2389973E-05  4.0721731E-03  4.4820265E-03  7.3304802E-06  7.1523102E-06  2.1084332E-03  1.7053625E-04  0.1699    4.323040  -8.247  1.229860  7.641903  0.1744281E-01  0.9689313E+00  8.4243030E-12  8.5041178E-05  2.3259429E-05  9.1467179E-03  1.5026781E-04  2.7419562E-07  4.3509953E-10  2.1084332E-03  1.7053625E-04  3.468E-12  5.764E-19  4.459E+10  2.033E+10  1.061E+01  2.196E+04  0.79143729  3.310E-05  3.313E-05  8.802E-01  0.000E+00  0.000E+00  1.269E+00  697    1.7740  9.41E-03 1.2442E+01 3.1365E+01    3.81E+02 0.00E+00 2.28E+02  0.790929  0.040958 3.81E+02 0.00E+00 2.28E+02  0.791437  0.040958  0.0000000E+00  0.0000000E+00  2.9773851E-06  1.9286849E-01  6.3847435E-02  1.0563239E-04 -1.1224770E-01  5.0822663E-02  1.1134389E-02 0.000 0.172 1.000 1.000 1.000 1.000 1.000 1.000 1.000 1.000 1.000 1.000 1.000 1.000 1.000 1.000 1.000 1.000 1.000 1.000 1.000 1.000 1.000 1.000 1.000 1.000 1.000 1.000 1.000 1.000 1.000 1.000 1.000 1.000 1.000 1.000 1.000 1.000 1.000 1.000  7.9329318431E-02   0.02423   1.00000   0.00000   0.00000   0.2015587E-02
  4100  2.738010788497877E+07   9.964823  4.199616  4.323305  0.6786671E+00  0.3073134E+00  2.6542553E-05  1.1207980E-03  8.2385199E-05  4.0730345E-03  4.4814519E-03  7.3305562E-06  7.1506498E-06  2.1084332E-03  1.7053625E-04  0.1698    4.323305  -8.245  1.233462  7.643039  0.1671730E-01  0.9696569E+00  7.5849713E-12  8.5362782E-05  2.3349742E-05  9.1464480E-03  1.5003861E-04  2.7175968E-07  4.3392374E-10  2.1084332E-03  1.7053625E-04  3.468E-12  5.764E-19  4.515E+10  2.031E+10  1.075E+01  2.193E+04  0.79215726  3.318E-05  3.321E-05  8.799E-01  0.000E+00  0.000E+00  1.269E+00  697    1.7740  9.41E-03 1.2424E+01 3.1347E+01    3.81E+02 0.00E+00 2.29E+02  0.791528  0.041002 3.81E+02 0.00E+00 2.29E+02  0.792157  0.041005  0.0000000E+00  0.0000000E+00  2.9900537E-06  1.9240005E-01  6.3832810E-02  1.0584234E-04 -1.1242223E-01  5.0896942E-02  1.1160188E-02 0.000 0.172 1.000 1.000 1.000 1.000 1.000 1.000 1.000 1.000 1.000 1.000 1.000 1.000 1.000 1.000 1.000 1.000 1.000 1.000 1.000 1.000 1.000 1.000 1.000 1.000 1.000 1.000 1.000 1.000 1.000 1.000 1.000 1.000 1.000 1.000 1.000 1.000 1.000 1.000  7.9320359277E-02   0.02322   1.00000   0.00000   0.00000   0.2012080E-02
  4103  2.738784244240654E+07   9.964779  4.200200  4.323598  0.6786450E+00  0.3073355E+00  2.6538295E-05  1.1204964E-03  8.2380419E-05  4.0738956E-03  4.4808775E-03  7.3306321E-06  7.1489900E-06  2.1084332E-03  1.7053625E-04  0.1694    4.323598  -8.243  1.237229  7.644237  0.1597216E-01  0.9704021E+00  6.6244474E-12  8.5772617E-05  2.3460808E-05  9.1460630E-03  1.4979817E-04  2.6895339E-07  4.3307468E-10  2.1084332E-03  1.7053625E-04  2.746E-12  4.373E-19  4.575E+10  2.019E+10  1.089E+01  2.180E+04  0.79291106  3.325E-05  3.329E-05  8.796E-01  0.000E+00  0.000E+00  1.270E+00  697    1.7740  9.41E-03 1.2404E+01 3.1329E+01    3.81E+02 0.00E+00 2.29E+02  0.792295  0.041059 3.81E+02 0.00E+00 2.29E+02  0.792911  0.041060  0.0000000E+00  0.0000000E+00  3.0067428E-06  1.9190638E-01  6.3819463E-02  1.0607153E-04 -1.1260887E-01  5.0976667E-02  1.1187023E-02 0.000 0.171 1.000 1.000 1.000 1.000 1.000 1.000 1.000 1.000 1.000 1.000 1.000 1.000 1.000 1.000 1.000 1.000 1.000 1.000 1.000 1.000 1.000 1.000 1.000 1.000 1.000 1.000 1.000 1.000 1.000 1.000 1.000 1.000 1.000 1.000 1.000 1.000 1.000 1.000  7.9311352170E-02   0.02219   1.00000   0.00000   0.00000   0.2008269E-02
  4106  2.739557699983430E+07   9.964735  4.200818  4.323910  0.6786229E+00  0.3073576E+00  2.6534035E-05  1.1201947E-03  8.2375632E-05  4.0747570E-03  4.4803029E-03  7.3307081E-06  7.1473295E-06  2.1084332E-03  1.7053625E-04  0.1691    4.323910  -8.241  1.241084  7.645491  0.1523583E-01  0.9711386E+00  5.9021116E-12  8.6115669E-05  2.3556404E-05  9.1457746E-03  1.4955514E-04  2.6643396E-07  4.3178291E-10  2.1084332E-03  1.7053625E-04  2.746E-12  4.373E-19  4.645E+10  2.027E+10  1.105E+01  2.190E+04  0.79376361  3.334E-05  3.338E-05  8.793E-01  0.000E+00  0.000E+00  1.271E+00  697    1.7740  9.41E-03 1.2384E+01 3.1308E+01    3.82E+02 0.00E+00 2.29E+02  0.793140  0.041119 3.82E+02 0.00E+00 2.30E+02  0.793764  0.041118  0.0000000E+00  0.0000000E+00  3.0246308E-06  1.9134255E-01  6.3804092E-02  1.0633415E-04 -1.1281394E-01  5.1064617E-02  1.1215932E-02 0.000 0.171 1.000 1.000 1.000 1.000 1.000 1.000 1.000 1.000 1.000 1.000 1.000 1.000 1.000 1.000 1.000 1.000 1.000 1.000 1.000 1.000 1.000 1.000 1.000 1.000 1.000 1.000 1.000 1.000 1.000 1.000 1.000 1.000 1.000 1.000 1.000 1.000 1.000 1.000  7.9302294844E-02   0.02117   1.00000   0.00000   0.00000   0.2003521E-02
  4108  2.740073337145281E+07   9.964705  4.201221  4.324160  0.6786081E+00  0.3073724E+00  2.6531195E-05  1.1199936E-03  8.2372436E-05  4.0753313E-03  4.4799197E-03  7.3307588E-06  7.1462224E-06  2.1084332E-03  1.7053625E-04  0.1688    4.324160  -8.240  1.243734  7.646358  0.1474740E-01  0.9716271E+00  5.4474110E-12  8.6357487E-05  2.3623911E-05  9.1455651E-03  1.4939071E-04  2.6473835E-07  4.3098893E-10  2.1084332E-03  1.7053625E-04  2.746E-12  4.373E-19  4.695E+10  2.036E+10  1.117E+01  2.199E+04  0.79446676  3.341E-05  3.344E-05  8.790E-01  0.000E+00  0.000E+00  1.272E+00  698    1.7624  9.41E-03 1.2371E+01 3.1295E+01    3.82E+02 0.00E+00 2.30E+02  0.793720  0.041156 3.82E+02 0.00E+00 2.30E+02  0.794467  0.041156  0.0000000E+00  0.0000000E+00  3.0362128E-06  1.9093080E-01  6.3793347E-02  1.0652842E-04 -1.1296011E-01  5.1127538E-02  1.1236223E-02 0.000 0.171 1.000 1.000 1.000 1.000 1.000 1.000 1.000 1.000 1.000 1.000 1.000 1.000 1.000 1.000 1.000 1.000 1.000 1.000 1.000 1.000 1.000 1.000 1.000 1.000 1.000 1.000 1.000 1.000 1.000 1.000 1.000 1.000 1.000 1.000 1.000 1.000 1.000 1.000  7.9296226721E-02   0.02049   1.00000   0.00000   0.00000   0.2001307E-02
  4110  2.740588974307132E+07   9.964676  4.201627  4.324429  0.6785934E+00  0.3073872E+00  2.6528353E-05  1.1197924E-03  8.2369237E-05  4.0759058E-03  4.4795365E-03  7.3308095E-06  7.1451150E-06  2.1084332E-03  1.7053625E-04  0.1686    4.324429  -8.239  1.246439  7.647279  0.1426024E-01  0.9721143E+00  5.0146364E-12  8.6610005E-05  2.3694502E-05  9.1453418E-03  1.4922397E-04  2.6299865E-07  4.3018645E-10  2.1084332E-03  1.7053625E-04  2.746E-12  4.373E-19  4.749E+10  2.049E+10  1.130E+01  2.213E+04  0.79504217  3.348E-05  3.351E-05  8.787E-01  0.000E+00  0.000E+00  1.273E+00  698    1.7624  9.41E-03 1.2359E+01 3.1283E+01    3.82E+02 0.00E+00 2.30E+02  0.794329  0.041194 3.82E+02 0.00E+00 2.30E+02  0.795042  0.041194  0.0000000E+00  0.0000000E+00  3.0481200E-06  1.9049038E-01  6.3783208E-02  1.0674165E-04 -1.1311512E-01  5.1194451E-02  1.1257389E-02 0.000 0.171 1.000 1.000 1.000 1.000 1.000 1.000 1.000 1.000 1.000 1.000 1.000 1.000 1.000 1.000 1.000 1.000 1.000 1.000 1.000 1.000 1.000 1.000 1.000 1.000 1.000 1.000 1.000 1.000 1.000 1.000 1.000 1.000 1.000 1.000 1.000 1.000 1.000 1.000  7.9290135350E-02   0.01981   1.00000   0.00000   0.00000   0.1998874E-02
  4112  2.741104611468983E+07   9.964646  4.202027  4.324704  0.6785786E+00  0.3074020E+00  2.6525511E-05  1.1195912E-03  8.2366036E-05  4.0764802E-03  4.4791533E-03  7.3308602E-06  7.1440076E-06  2.1084332E-03  1.7053625E-04  0.1684    4.324704  -8.237  1.249255  7.648201  0.1377438E-01  0.9726002E+00  4.6045410E-12  8.6868480E-05  2.3766848E-05  9.1451118E-03  1.4905484E-04  2.6124360E-07  4.2936871E-10  2.1084332E-03  1.7053625E-04  2.093E-12  3.168E-19  4.806E+10  2.063E+10  1.144E+01  2.229E+04  0.79568153  3.356E-05  3.359E-05  8.785E-01  0.000E+00  0.000E+00  1.273E+00  697    1.7624  9.41E-03 1.2347E+01 3.1272E+01    3.82E+02 0.00E+00 2.30E+02  0.794957  0.041231 3.82E+02 0.00E+00 2.31E+02  0.795682  0.041232  0.0000000E+00  0.0000000E+00  3.0599099E-06  1.9002948E-01  6.3773743E-02  1.0688697E-04 -1.1327631E-01  5.1264169E-02  1.1279198E-02 0.000 0.171 1.000 1.000 1.000 1.000 1.000 1.000 1.000 1.000 1.000 1.000 1.000 1.000 1.000 1.000 1.000 1.000 1.000 1.000 1.000 1.000 1.000 1.000 1.000 1.000 1.000 1.000 1.000 1.000 1.000 1.000 1.000 1.000 1.000 1.000 1.000 1.000 1.000 1.000  7.9284021700E-02   0.01914   1.00000   0.00000   0.00000   0.1996265E-02
  4114  2.741620248630834E+07   9.964616  4.202434  4.324994  0.6785638E+00  0.3074167E+00  2.6522669E-05  1.1193900E-03  8.2362831E-05  4.0770548E-03  4.4787700E-03  7.3309109E-06  7.1428999E-06  2.1084332E-03  1.7053625E-04  0.1681    4.324994  -8.236  1.252160  7.649150  0.1328842E-01  0.9730863E+00  4.1955915E-12  8.7147875E-05  2.3843999E-05  9.1448549E-03  1.4888272E-04  2.5942600E-07  4.2863719E-10  2.1084332E-03  1.7053625E-04  2.093E-12  3.168E-19  4.865E+10  2.079E+10  1.158E+01  2.246E+04  0.79633267  3.364E-05  3.367E-05  8.782E-01  0.000E+00  0.000E+00  1.274E+00  697    1.7624  9.41E-03 1.2335E+01 3.1260E+01    3.82E+02 0.00E+00 2.31E+02  0.795573  0.041269 3.82E+02 0.00E+00 2.31E+02  0.796333  0.041270  0.0000000E+00  0.0000000E+00  3.0717814E-06  1.8954616E-01  6.3764473E-02  1.0712924E-04 -1.1344483E-01  5.1337161E-02  1.1301721E-02 0.000 0.170 1.000 1.000 1.000 1.000 1.000 1.000 1.000 1.000 1.000 1.000 1.000 1.000 1.000 1.000 1.000 1.000 1.000 1.000 1.000 1.000 1.000 1.000 1.000 1.000 1.000 1.000 1.000 1.000 1.000 1.000 1.000 1.000 1.000 1.000 1.000 1.000 1.000 1.000  7.9277884243E-02   0.01846   1.00000   0.00000   0.00000   0.1993721E-02
  4116  2.742135885792685E+07   9.964586  4.202852  4.325301  0.6785491E+00  0.3074315E+00  2.6519825E-05  1.1191887E-03  8.2359622E-05  4.0776296E-03  4.4783866E-03  7.3309616E-06  7.1417919E-06  2.1084332E-03  1.7053625E-04  0.1679    4.325301  -8.235  1.255170  7.650135  0.1280279E-01  0.9735720E+00  3.8254362E-12  8.7423258E-05  2.3921101E-05  9.1446053E-03  1.4870767E-04  2.5758490E-07  4.2775076E-10  2.1084332E-03  1.7053625E-04  2.093E-12  3.168E-19  4.928E+10  2.101E+10  1.173E+01  2.269E+04  0.79701839  3.373E-05  3.376E-05  8.779E-01  0.000E+00  0.000E+00  1.275E+00  698    1.7507  9.41E-03 1.2322E+01 3.1249E+01    3.82E+02 0.00E+00 2.31E+02  0.796217  0.041309 3.83E+02 0.00E+00 2.32E+02  0.797018  0.041310  0.0000000E+00  0.0000000E+00  3.0841494E-06  1.8903609E-01  6.3755548E-02  1.0738910E-04 -1.1362223E-01  5.1414169E-02  1.1325129E-02 0.000 0.170 1.000 1.000 1.000 1.000 1.000 1.000 1.000 1.000 1.000 1.000 1.000 1.000 1.000 1.000 1.000 1.000 1.000 1.000 1.000 1.000 1.000 1.000 1.000 1.000 1.000 1.000 1.000 1.000 1.000 1.000 1.000 1.000 1.000 1.000 1.000 1.000 1.000 1.000  7.9271722435E-02   0.01779   1.00000   0.00000   0.00000   0.1991100E-02
  4118  2.742651522954536E+07   9.964556  4.203291  4.325623  0.6785343E+00  0.3074464E+00  2.6516978E-05  1.1189872E-03  8.2356408E-05  4.0782049E-03  4.4780028E-03  7.3310124E-06  7.1406828E-06  2.1084332E-03  1.7053625E-04  0.1676    4.325623  -8.233  1.258335  7.651164  0.1231385E-01  0.9740610E+00  3.4632466E-12  8.7734635E-05  2.4007201E-05  9.1443081E-03  1.4852811E-04  2.5564628E-07  4.2701031E-10  2.1084332E-03  1.7053625E-04  2.093E-12  3.168E-19  4.997E+10  2.126E+10  1.189E+01  2.296E+04  0.79758832  3.381E-05  3.385E-05  8.776E-01  0.000E+00  0.000E+00  1.276E+00  698    1.7507  9.41E-03 1.2310E+01 3.1239E+01    3.83E+02 0.00E+00 2.32E+02  0.796890  0.041351 3.83E+02 0.00E+00 2.32E+02  0.797588  0.041351  0.0000000E+00  0.0000000E+00  3.0972581E-06  1.8850776E-01  6.3747413E-02  1.0766353E-04 -1.1380794E-01  5.1494965E-02  1.1349218E-02 0.000 0.169 1.000 1.000 1.000 1.000 1.000 1.000 1.000 1.000 1.000 1.000 1.000 1.000 1.000 1.000 1.000 1.000 1.000 1.000 1.000 1.000 1.000 1.000 1.000 1.000 1.000 1.000 1.000 1.000 1.000 1.000 1.000 1.000 1.000 1.000 1.000 1.000 1.000 1.000  7.9265534912E-02   0.01710   1.00000   0.00000   0.00000   0.1988401E-02
  4120  2.743167160116387E+07   9.964525  4.203730  4.325942  0.6785195E+00  0.3074612E+00  2.6514134E-05  1.1187859E-03  8.2353194E-05  4.0787796E-03  4.4776194E-03  7.3310631E-06  7.1395749E-06  2.1084332E-03  1.7053625E-04  0.1676    4.325942  -8.232  1.261774  7.652236  0.1181991E-01  0.9745550E+00  3.0901955E-12  8.8064655E-05  2.4097293E-05  9.1439894E-03  1.4834339E-04  2.5359629E-07  4.2627030E-10  2.1084332E-03  1.7053625E-04  2.093E-12  3.168E-19  5.068E+10  2.150E+10  1.206E+01  2.322E+04  0.79824794  3.390E-05  3.395E-05  8.774E-01  0.000E+00  0.000E+00  1.276E+00  698    1.7507  9.41E-03 1.2297E+01 3.1227E+01    3.83E+02 0.00E+00 2.32E+02  0.797601  0.041390 3.83E+02 0.00E+00 2.32E+02  0.798248  0.041393  0.0000000E+00  0.0000000E+00  3.1101249E-06  1.8795440E-01  6.3738104E-02  1.0794991E-04 -1.1400404E-01  5.1580436E-02  1.1374274E-02 0.000 0.169 1.000 1.000 1.000 1.000 1.000 1.000 1.000 1.000 1.000 1.000 1.000 1.000 1.000 1.000 1.000 1.000 1.000 1.000 1.000 1.000 1.000 1.000 1.000 1.000 1.000 1.000 1.000 1.000 1.000 1.000 1.000 1.000 1.000 1.000 1.000 1.000 1.000 1.000  7.9259322343E-02   0.01642   1.00000   0.00000   0.00000   0.1985171E-02
  4122  2.743682797278238E+07   9.964495  4.204227  4.326293  0.6785047E+00  0.3074760E+00  2.6511286E-05  1.1185845E-03  8.2349974E-05  4.0793549E-03  4.4772356E-03  7.3311138E-06  7.1384658E-06  2.1084332E-03  1.7053625E-04  0.1674    4.326293  -8.230  1.265234  7.653355  0.1133001E-01  0.9750450E+00  2.7803996E-12  8.8369878E-05  2.4182391E-05  9.1437069E-03  1.4815641E-04  2.5167101E-07  4.2532417E-10  2.1084332E-03  1.7053625E-04  1.538E-12  2.191E-19  5.146E+10  2.184E+10  1.225E+01  2.359E+04  0.79914147  3.400E-05  3.405E-05  8.770E-01  0.000E+00  0.000E+00  1.277E+00  698    1.7507  9.41E-03 1.2283E+01 3.1214E+01    3.83E+02 0.00E+00 2.32E+02  0.798339  0.041440 3.83E+02 0.00E+00 2.33E+02  0.799141  0.041440  0.0000000E+00  0.0000000E+00  3.1253149E-06  1.8735875E-01  6.3729175E-02  1.0826363E-04 -1.1421325E-01  5.1671812E-02  1.1400741E-02 0.000 0.169 1.000 1.000 1.000 1.000 1.000 1.000 1.000 1.000 1.000 1.000 1.000 1.000 1.000 1.000 1.000 1.000 1.000 1.000 1.000 1.000 1.000 1.000 1.000 1.000 1.000 1.000 1.000 1.000 1.000 1.000 1.000 1.000 1.000 1.000 1.000 1.000 1.000 1.000  7.9253080739E-02   0.01574   1.00000   0.00000   0.00000   0.1981615E-02
  4124  2.744198434440089E+07   9.964466  4.204732  4.326698  0.6784899E+00  0.3074908E+00  2.6508438E-05  1.1183829E-03  8.2346750E-05  4.0799304E-03  4.4768517E-03  7.3311646E-06  7.1373563E-06  2.1084332E-03  1.7053625E-04  0.1671    4.326698  -8.281  1.268806  7.654515  0.1084267E-01  0.9755324E+00  2.4941756E-12  8.8689479E-05  2.4271400E-05  9.1434060E-03  1.4796645E-04  2.4972573E-07  4.2443751E-10  2.1084332E-03  1.7053625E-04  1.538E-12  2.191E-19  5.230E+10  2.225E+10  1.245E+01  2.403E+04  0.79992784  3.411E-05  3.416E-05  8.766E-01  0.000E+00  0.000E+00  1.131E+00  699    1.7449  9.41E-03 1.2270E+01 3.1201E+01    3.83E+02 0.00E+00 2.33E+02  0.798970  0.041489 3.83E+02 0.00E+00 2.33E+02  0.799928  0.041488  0.0000000E+00  0.0000000E+00  2.7788165E-06  1.8672054E-01  6.3718510E-02  1.0859816E-04 -1.1443508E-01  5.1768913E-02  1.1428545E-02 0.000 0.169 1.000 1.000 1.000 1.000 1.000 1.000 1.000 1.000 1.000 1.000 1.000 1.000 1.000 1.000 1.000 1.000 1.000 1.000 1.000 1.000 1.000 1.000 1.000 1.000 1.000 1.000 1.000 1.000 1.000 1.000 1.000 1.000 1.000 1.000 1.000 1.000 1.000 1.000  7.9247168739E-02   0.01507   1.00000   0.00000   0.00000   0.1979032E-02
  4126  2.744714071601940E+07   9.964439  4.205237  4.327119  0.6784750E+00  0.3075057E+00  2.6505587E-05  1.1181813E-03  8.2343521E-05  4.0805061E-03  4.4764676E-03  7.3312154E-06  7.1362463E-06  2.1084332E-03  1.7053625E-04  0.1669    4.327119  -8.280  1.272522  7.655723  0.1035753E-01  0.9760176E+00  2.2279377E-12  8.9021766E-05  2.4364066E-05  9.1430894E-03  1.4777318E-04  2.4775508E-07  4.2355277E-10  2.1084332E-03  1.7053625E-04  1.538E-12  2.191E-19  5.321E+10  2.271E+10  1.266E+01  2.452E+04  0.80080429  3.424E-05  3.428E-05  8.763E-01  0.000E+00  0.000E+00  1.132E+00  699    1.7449  9.41E-03 1.2257E+01 3.1189E+01    3.84E+02 0.00E+00 2.33E+02  0.799814  0.041537 3.84E+02 0.00E+00 2.34E+02  0.800804  0.041536  0.0000000E+00  0.0000000E+00  2.7916099E-06  1.8604172E-01  6.3709115E-02  1.0896306E-04 -1.1467013E-01  5.1871972E-02  1.1457667E-02 0.000 0.169 1.000 1.000 1.000 1.000 1.000 1.000 1.000 1.000 1.000 1.000 1.000 1.000 1.000 1.000 1.000 1.000 1.000 1.000 1.000 1.000 1.000 1.000 1.000 1.000 1.000 1.000 1.000 1.000 1.000 1.000 1.000 1.000 1.000 1.000 1.000 1.000 1.000 1.000  7.9241591775E-02   0.01439   1.00000   0.00000   0.00000   0.1976050E-02
  4128  2.745229708763791E+07   9.964412  4.205753  4.327583  0.6784602E+00  0.3075205E+00  2.6502736E-05  1.1179796E-03  8.2340289E-05  4.0810821E-03  4.4760833E-03  7.3312663E-06  7.1351357E-06  2.1084332E-03  1.7053625E-04  0.1666    4.327583  -8.278  1.276391  7.656979  0.9874466E-02  0.9765008E+00  1.9806081E-12  8.9368090E-05  2.4460694E-05  9.1427552E-03  1.4757635E-04  2.4574100E-07  4.2265462E-10  2.1084332E-03  1.7053625E-04  1.538E-12  2.191E-19  5.419E+10  2.323E+10  1.290E+01  2.509E+04  0.80175634  3.437E-05  3.440E-05  8.759E-01  0.000E+00  0.000E+00  1.132E+00  700    1.7391  9.41E-03 1.2243E+01 3.1177E+01    3.84E+02 0.00E+00 2.34E+02  0.800505  0.041585 3.84E+02 0.00E+00 2.34E+02  0.801756  0.041585  0.0000000E+00  0.0000000E+00  2.8034238E-06  1.8532278E-01  6.3697644E-02  1.0934713E-04 -1.1491866E-01  5.1981142E-02  1.1488145E-02 0.000 0.169 1.000 1.000 1.000 1.000 1.000 1.000 1.000 1.000 1.000 1.000 1.000 1.000 1.000 1.000 1.000 1.000 1.000 1.000 1.000 1.000 1.000 1.000 1.000 1.000 1.000 1.000 1.000 1.000 1.000 1.000 1.000 1.000 1.000 1.000 1.000 1.000 1.000 1.000  7.9235990280E-02   0.01372   1.00000   0.00000   0.00000   0.1973649E-02
  4130  2.745745345925641E+07   9.964385  4.206279  4.328046  0.6784454E+00  0.3075354E+00  2.6499882E-05  1.1177778E-03  8.2337052E-05  4.0816585E-03  4.4756989E-03  7.3313171E-06  7.1340246E-06  2.1084332E-03  1.7053625E-04  0.1665    4.328046  -8.276  1.280436  7.658292  0.9393507E-02  0.9769819E+00  1.7514599E-12  8.9727910E-05  2.4561091E-05  9.1424046E-03  1.4737573E-04  2.4369466E-07  4.2174333E-10  2.1084332E-03  1.7053625E-04  1.538E-12  2.191E-19  5.523E+10  2.382E+10  1.315E+01  2.573E+04  0.80265679  3.450E-05  3.454E-05  8.755E-01  0.000E+00  0.000E+00  1.133E+00  700    1.7391  9.41E-03 1.2231E+01 3.1168E+01    3.84E+02 0.00E+00 2.35E+02  0.801668  0.041635 3.84E+02 0.00E+00 2.35E+02  0.802657  0.041636  0.0000000E+00  0.0000000E+00  2.8187576E-06  1.8456304E-01  6.3693020E-02  1.0978218E-04 -1.1518187E-01  5.2096908E-02  1.1520037E-02 0.000 0.169 1.000 1.000 1.000 1.000 1.000 1.000 1.000 1.000 1.000 1.000 1.000 1.000 1.000 1.000 1.000 1.000 1.000 1.000 1.000 1.000 1.000 1.000 1.000 1.000 1.000 1.000 1.000 1.000 1.000 1.000 1.000 1.000 1.000 1.000 1.000 1.000 1.000 1.000  7.9230360493E-02   0.01305   1.00000   0.00000   0.00000   0.1970095E-02
  4132  2.746235201229400E+07   9.964359  4.206797  4.328532  0.6784313E+00  0.3075495E+00  2.6497169E-05  1.1175860E-03  8.2333972E-05  4.0822064E-03  4.4753333E-03  7.3313655E-06  7.1329682E-06  2.1084332E-03  1.7053625E-04  0.1663    4.328532  -8.275  1.284371  7.659617  0.8937388E-02  0.9774381E+00  1.5404011E-12  9.0289886E-05  2.4718521E-05  9.1417528E-03  1.4718036E-04  2.4077810E-07  4.2122865E-10  2.1084332E-03  1.7053625E-04  1.048E-12  1.392E-19  5.630E+10  2.444E+10  1.340E+01  2.640E+04  0.80355092  3.464E-05  3.468E-05  8.751E-01  0.000E+00  0.000E+00  1.133E+00  700    1.7391  9.41E-03 1.2218E+01 3.1156E+01    3.85E+02 0.00E+00 2.35E+02  0.802366  0.041685 3.85E+02 0.00E+00 2.36E+02  0.803551  0.041685  0.0000000E+00  0.0000000E+00  2.5477058E-06  1.8380201E-01  6.3683009E-02  1.1020285E-04 -1.1544565E-01  5.2213110E-02  1.1551739E-02 0.000 0.169 1.000 1.000 1.000 1.000 1.000 1.000 1.000 1.000 1.000 1.000 1.000 1.000 1.000 1.000 1.000 1.000 1.000 1.000 1.000 1.000 1.000 1.000 1.000 1.000 1.000 1.000 1.000 1.000 1.000 1.000 1.000 1.000 1.000 1.000 1.000 1.000 1.000 1.000  7.9224988241E-02   0.01242   1.00000   0.00000   0.00000   0.1967362E-02
  4134  2.746699274675066E+07   9.964334  4.207314  4.329022  0.6784179E+00  0.3075629E+00  2.6494594E-05  1.1174039E-03  8.2331048E-05  4.0827262E-03  4.4749865E-03  7.3314113E-06  7.1319659E-06  2.1084332E-03  1.7053625E-04  0.1660    4.329022  -8.273  1.288352  7.660906  0.8502081E-02  0.9778735E+00  1.3290262E-12  9.0801456E-05  2.4861385E-05  9.1411720E-03  1.4698897E-04  2.3795516E-07  4.2008692E-10  2.1084332E-03  1.7053625E-04  1.048E-12  1.392E-19  5.738E+10  2.512E+10  1.366E+01  2.712E+04  0.80443015  3.478E-05  3.482E-05  8.747E-01  0.000E+00  0.000E+00  1.134E+00  701    1.7274  9.41E-03 1.2206E+01 3.1145E+01    3.85E+02 0.00E+00 2.36E+02  0.803273  0.041733 3.85E+02 0.00E+00 2.36E+02  0.804430  0.041734  0.0000000E+00  0.0000000E+00  2.5596145E-06  1.8304857E-01  6.3673587E-02  1.1062445E-04 -1.1570880E-01  5.2329221E-02  1.1583005E-02 0.000 0.167 1.000 1.000 1.000 1.000 1.000 1.000 1.000 1.000 1.000 1.000 1.000 1.000 1.000 1.000 1.000 1.000 1.000 1.000 1.000 1.000 1.000 1.000 1.000 1.000 1.000 1.000 1.000 1.000 1.000 1.000 1.000 1.000 1.000 1.000 1.000 1.000 1.000 1.000  7.9219874440E-02   0.01182   1.00000   0.00000   0.00000   0.1964781E-02
  4136  2.747163348120731E+07   9.964309  4.207837  4.329523  0.6784045E+00  0.3075763E+00  2.6492023E-05  1.1172222E-03  8.2328125E-05  4.0832454E-03  4.4746402E-03  7.3314572E-06  7.1309649E-06  2.1084332E-03  1.7053625E-04  0.1660    4.329523  -8.272  1.292709  7.662266  0.8068451E-02  0.9783073E+00  1.1627721E-12  9.1201826E-05  2.4974071E-05  9.1407561E-03  1.4679391E-04  2.3569292E-07  4.1889034E-10  2.1084332E-03  1.7053625E-04  1.048E-12  1.392E-19  5.854E+10  2.583E+10  1.393E+01  2.789E+04  0.80545555  3.493E-05  3.497E-05  8.742E-01  0.000E+00  0.000E+00  1.134E+00  701    1.7274  9.41E-03 1.2193E+01 3.1135E+01    3.86E+02 0.00E+00 2.36E+02  0.804300  0.041780 3.86E+02 0.00E+00 2.37E+02  0.805456  0.041784  0.0000000E+00  0.0000000E+00  2.5722505E-06  1.8225583E-01  6.3666860E-02  1.1108288E-04 -1.1598932E-01  5.2453190E-02  1.1615846E-02 0.000 0.167 1.000 1.000 1.000 1.000 1.000 1.000 1.000 1.000 1.000 1.000 1.000 1.000 1.000 1.000 1.000 1.000 1.000 1.000 1.000 1.000 1.000 1.000 1.000 1.000 1.000 1.000 1.000 1.000 1.000 1.000 1.000 1.000 1.000 1.000 1.000 1.000 1.000 1.000  7.9214736369E-02   0.01122   1.00000   0.00000   0.00000   0.1961607E-02
  4137  2.747395384843564E+07   9.964297  4.208134  4.329815  0.6783978E+00  0.3075830E+00  2.6490735E-05  1.1171311E-03  8.2326661E-05  4.0835053E-03  4.4744668E-03  7.3314801E-06  7.1304638E-06  2.1084332E-03  1.7053625E-04  0.1658    4.329815  -8.271  1.294966  7.662982  0.7848725E-02  0.9785270E+00  1.0965554E-12  9.1403734E-05  2.5032057E-05  9.1405471E-03  1.4669336E-04  2.3459201E-07  4.1826425E-10  2.1084332E-03  1.7053625E-04  1.048E-12  1.392E-19  5.918E+10  2.626E+10  1.409E+01  2.836E+04  0.80590146  3.501E-05  3.505E-05  8.741E-01  0.000E+00  0.000E+00  1.134E+00  701    1.7274  9.41E-03 1.2186E+01 3.1130E+01    3.86E+02 0.00E+00 2.37E+02  0.804685  0.041812 3.86E+02 0.00E+00 2.37E+02  0.805901  0.041813  0.0000000E+00  0.0000000E+00  2.5788962E-06  1.8184036E-01  6.3663542E-02  1.1132545E-04 -1.1613747E-01  5.2518750E-02  1.1633030E-02 0.000 0.167 1.000 1.000 1.000 1.000 1.000 1.000 1.000 1.000 1.000 1.000 1.000 1.000 1.000 1.000 1.000 1.000 1.000 1.000 1.000 1.000 1.000 1.000 1.000 1.000 1.000 1.000 1.000 1.000 1.000 1.000 1.000 1.000 1.000 1.000 1.000 1.000 1.000 1.000  7.9212157473E-02   0.01091   1.00000   0.00000   0.00000   0.1960563E-02
  4138  2.747627421566397E+07   9.964285  4.208446  4.330114  0.6783911E+00  0.3075897E+00  2.6489447E-05  1.1170401E-03  8.2325195E-05  4.0837654E-03  4.4742933E-03  7.3315031E-06  7.1299623E-06  2.1084332E-03  1.7053625E-04  0.1657    4.330114  -8.270  1.297266  7.663716  0.7630446E-02  0.9787454E+00  1.0203471E-12  9.1597606E-05  2.5086467E-05  9.1403517E-03  1.4659214E-04  2.3355554E-07  4.1767747E-10  2.1084332E-03  1.7053625E-04  1.048E-12  1.392E-19  5.984E+10  2.670E+10  1.424E+01  2.884E+04  0.80638494  3.509E-05  3.513E-05  8.738E-01  0.000E+00  0.000E+00  1.135E+00  701    1.7274  9.41E-03 1.2179E+01 3.1125E+01    3.86E+02 0.00E+00 2.37E+02  0.805024  0.041841 3.86E+02 0.00E+00 2.38E+02  0.806385  0.041843  0.0000000E+00  0.0000000E+00  2.5848734E-06  1.8140965E-01  6.3660771E-02  1.1158042E-04 -1.1629104E-01  5.2586738E-02  1.1650759E-02 0.000 0.167 1.000 1.000 1.000 1.000 1.000 1.000 1.000 1.000 1.000 1.000 1.000 1.000 1.000 1.000 1.000 1.000 1.000 1.000 1.000 1.000 1.000 1.000 1.000 1.000 1.000 1.000 1.000 1.000 1.000 1.000 1.000 1.000 1.000 1.000 1.000 1.000 1.000 1.000  7.9209572599E-02   0.01061   1.00000   0.00000   0.00000   0.1959214E-02
  4139  2.747859458289230E+07   9.964272  4.208769  4.330427  0.6783844E+00  0.3075965E+00  2.6488158E-05  1.1169490E-03  8.2323728E-05  4.0840256E-03  4.4741197E-03  7.3315260E-06  7.1294606E-06  2.1084332E-03  1.7053625E-04  0.1655    4.330427  -8.269  1.299618  7.664468  0.7413263E-02  0.9789626E+00  9.5162586E-13  9.1794940E-05  2.5141260E-05  9.1401527E-03  1.4649008E-04  2.3254310E-07  4.1716605E-10  2.1084332E-03  1.7053625E-04  1.048E-12  1.392E-19  6.054E+10  2.718E+10  1.441E+01  2.936E+04  0.80674691  3.517E-05  3.521E-05  8.737E-01  0.000E+00  0.000E+00  1.135E+00  701    1.7274  9.41E-03 1.2172E+01 3.1119E+01    3.86E+02 0.00E+00 2.37E+02  0.805501  0.041873 3.86E+02 0.00E+00 2.38E+02  0.806747  0.041874  0.0000000E+00  0.0000000E+00  2.5920912E-06  1.8096290E-01  6.3658261E-02  1.1184749E-04 -1.1645011E-01  5.2657205E-02  1.1669051E-02 0.000 0.167 1.000 1.000 1.000 1.000 1.000 1.000 1.000 1.000 1.000 1.000 1.000 1.000 1.000 1.000 1.000 1.000 1.000 1.000 1.000 1.000 1.000 1.000 1.000 1.000 1.000 1.000 1.000 1.000 1.000 1.000 1.000 1.000 1.000 1.000 1.000 1.000 1.000 1.000  7.9206980508E-02   0.01030   1.00000   0.00000   0.00000   0.1957865E-02
  4140  2.748091495012063E+07   9.964260  4.209100  4.330767  0.6783776E+00  0.3076032E+00  2.6486868E-05  1.1168578E-03  8.2322260E-05  4.0842860E-03  4.4739460E-03  7.3315490E-06  7.1289586E-06  2.1084332E-03  1.7053625E-04  0.1654    4.330767  -8.268  1.302019  7.665239  0.7197003E-02  0.9791789E+00  8.8450092E-13  9.1998745E-05  2.5197750E-05  9.1399451E-03  1.4638706E-04  2.3152914E-07  4.1670005E-10  2.1084332E-03  1.7053625E-04  1.048E-12  1.392E-19  6.126E+10  2.769E+10  1.458E+01  2.990E+04  0.80730908  3.527E-05  3.530E-05  8.734E-01  0.000E+00  0.000E+00  1.135E+00  701    1.7274  9.41E-03 1.2165E+01 3.1112E+01    3.86E+02 0.00E+00 2.38E+02  0.805818  0.041905 3.87E+02 0.00E+00 2.38E+02  0.807309  0.041906  0.0000000E+00  0.0000000E+00  2.5983567E-06  1.8049991E-01  6.3653191E-02  1.1211684E-04 -1.1661456E-01  5.2730120E-02  1.1687904E-02 0.000 0.167 1.000 1.000 1.000 1.000 1.000 1.000 1.000 1.000 1.000 1.000 1.000 1.000 1.000 1.000 1.000 1.000 1.000 1.000 1.000 1.000 1.000 1.000 1.000 1.000 1.000 1.000 1.000 1.000 1.000 1.000 1.000 1.000 1.000 1.000 1.000 1.000 1.000 1.000  7.9204382151E-02   0.01000   1.00000   0.00000   0.00000   0.1957079E-02
  4141  2.748323531734896E+07   9.964247  4.209428  4.331093  0.6783709E+00  0.3076099E+00  2.6485578E-05  1.1167666E-03  8.2320790E-05  4.0845465E-03  4.4737722E-03  7.3315720E-06  7.1284563E-06  2.1084332E-03  1.7053625E-04  0.1653    4.331093  -8.266  1.304480  7.666028  0.6981594E-02  0.9793944E+00  8.2098815E-13  9.2208271E-05  2.5255885E-05  9.1397299E-03  1.4628302E-04  2.3051183E-07  4.1625104E-10  2.1084332E-03  1.7053625E-04  7.637E-13  9.549E-20  6.202E+10  2.822E+10  1.476E+01  3.048E+04  0.80789004  3.536E-05  3.539E-05  8.732E-01  0.000E+00  0.000E+00  1.135E+00  701    1.7274  9.41E-03 1.2158E+01 3.1107E+01    3.87E+02 0.00E+00 2.38E+02  0.806275  0.041937 3.87E+02 0.00E+00 2.39E+02  0.807890  0.041937  0.0000000E+00  0.0000000E+00  2.6054301E-06  1.8002177E-01  6.3651386E-02  1.1240862E-04 -1.1678450E-01  5.2805483E-02  1.1707287E-02 0.000 0.167 1.000 1.000 1.000 1.000 1.000 1.000 1.000 1.000 1.000 1.000 1.000 1.000 1.000 1.000 1.000 1.000 1.000 1.000 1.000 1.000 1.000 1.000 1.000 1.000 1.000 1.000 1.000 1.000 1.000 1.000 1.000 1.000 1.000 1.000 1.000 1.000 1.000 1.000  7.9201776721E-02   0.00971   1.00000   0.00000   0.00000   0.1955365E-02
  4143  2.748601975802296E+07   9.964232  4.209765  4.331432  0.6783628E+00  0.3076180E+00  2.6484027E-05  1.1166570E-03  8.2319023E-05  4.0848595E-03  4.4735633E-03  7.3315996E-06  7.1278527E-06  2.1084332E-03  1.7053625E-04  0.1652    4.331432  -8.265  1.307089  7.667008  0.6717741E-02  0.9796585E+00  7.2637709E-13  9.3751324E-05  2.5691777E-05  9.1375816E-03  1.4615063E-04  2.2408353E-07  4.1738737E-10  2.1084332E-03  1.7053625E-04  7.637E-13  9.549E-20  6.286E+10  2.879E+10  1.496E+01  3.109E+04  0.80869452  3.547E-05  3.549E-05  8.728E-01  0.000E+00  0.000E+00  1.136E+00  702    1.7215  9.41E-03 1.2148E+01 3.1100E+01    3.87E+02 0.00E+00 2.39E+02  0.808025  0.041968 3.87E+02 0.00E+00 2.39E+02  0.808695  0.041970  0.0000000E+00  0.0000000E+00  1.5725708E-06  1.7945958E-01  6.3649148E-02  1.1275328E-04 -1.1698137E-01  5.2892591E-02  1.1730121E-02 0.000 0.167 1.000 1.000 1.000 1.000 1.000 1.000 1.000 1.000 1.000 1.000 1.000 1.000 1.000 1.000 1.000 1.000 1.000 1.000 1.000 1.000 1.000 1.000 1.000 1.000 1.000 1.000 1.000 1.000 1.000 1.000 1.000 1.000 1.000 1.000 1.000 1.000 1.000 1.000  7.9198635445E-02   0.00933   1.00000   0.00000   0.00000   0.1951922E-02
  4145  2.748880419869696E+07   9.964217  4.210139  4.331863  0.6783548E+00  0.3076261E+00  2.6482477E-05  1.1165474E-03  8.2317256E-05  4.0851725E-03  4.4733546E-03  7.3316272E-06  7.1272494E-06  2.1084332E-03  1.7053625E-04  0.1650    4.331863  -8.264  1.310136  7.667983  0.6454718E-02  0.9799217E+00  6.5834256E-13  9.4296251E-05  2.5859171E-05  9.1368854E-03  1.4601661E-04  2.2101888E-07  4.1453844E-10  2.1084332E-03  1.7053625E-04  7.637E-13  9.549E-20  6.381E+10  2.949E+10  1.519E+01  3.185E+04  0.80925183  3.559E-05  3.561E-05  8.726E-01  0.000E+00  0.000E+00  1.136E+00  702    1.7215  9.41E-03 1.2141E+01 3.1095E+01    3.87E+02 0.00E+00 2.39E+02  0.808268  0.042004 3.87E+02 0.00E+00 2.40E+02  0.809252  0.042006  0.0000000E+00  0.0000000E+00  1.5761088E-06  1.7886533E-01  6.3646984E-02  1.1312066E-04 -1.1719301E-01  5.2986500E-02  1.1754254E-02 0.000 0.167 1.000 1.000 1.000 1.000 1.000 1.000 1.000 1.000 1.000 1.000 1.000 1.000 1.000 1.000 1.000 1.000 1.000 1.000 1.000 1.000 1.000 1.000 1.000 1.000 1.000 1.000 1.000 1.000 1.000 1.000 1.000 1.000 1.000 1.000 1.000 1.000 1.000 1.000  7.9195485548E-02   0.00897   1.00000   0.00000   0.00000   0.1950866E-02
  4147  2.749158863937096E+07   9.964201  4.210565  4.332315  0.6783467E+00  0.3076342E+00  2.6480925E-05  1.1164378E-03  8.2315487E-05  4.0854856E-03  4.4731457E-03  7.3316549E-06  7.1266455E-06  2.1084332E-03  1.7053625E-04  0.1648    4.332315  -8.263  1.313441  7.669032  0.6192833E-02  0.9801836E+00  5.9463024E-13  9.4638540E-05  2.5958606E-05  9.1364994E-03  1.4588078E-04  2.1916286E-07  4.1285473E-10  2.1084332E-03  1.7053625E-04  7.637E-13  9.549E-20  6.487E+10  3.029E+10  1.544E+01  3.271E+04  0.80990308  3.571E-05  3.573E-05  8.723E-01  0.000E+00  0.000E+00  1.137E+00  702    1.7215  9.41E-03 1.2133E+01 3.1089E+01    3.88E+02 0.00E+00 2.40E+02  0.808865  0.042045 3.88E+02 0.00E+00 2.40E+02  0.809903  0.042047  0.0000000E+00  0.0000000E+00  1.5816896E-06  1.7823467E-01  6.3644866E-02  1.1351385E-04 -1.1742120E-01  5.3087908E-02  1.1779883E-02 0.000 0.167 1.000 1.000 1.000 1.000 1.000 1.000 1.000 1.000 1.000 1.000 1.000 1.000 1.000 1.000 1.000 1.000 1.000 1.000 1.000 1.000 1.000 1.000 1.000 1.000 1.000 1.000 1.000 1.000 1.000 1.000 1.000 1.000 1.000 1.000 1.000 1.000 1.000 1.000  7.9192325192E-02   0.00860   1.00000   0.00000   0.00000   0.1949328E-02
  4149  2.749437308004496E+07   9.964186  4.211034  4.332792  0.6783386E+00  0.3076423E+00  2.6479372E-05  1.1163281E-03  8.2313716E-05  4.0857990E-03  4.4729366E-03  7.3316825E-06  7.1260412E-06  2.1084332E-03  1.7053625E-04  0.1646    4.332792  -8.261  1.316911  7.670134  0.5931968E-02  0.9804446E+00  5.3482516E-13  9.4948442E-05  2.6045586E-05  9.1361661E-03  1.4574293E-04  2.1771747E-07  4.1188254E-10  2.1084332E-03  1.7053625E-04  7.637E-13  9.549E-20  6.602E+10  3.116E+10  1.571E+01  3.365E+04  0.81062671  3.585E-05  3.587E-05  8.720E-01  0.000E+00  0.000E+00  1.137E+00  703    1.7157  9.41E-03 1.2123E+01 3.1082E+01    3.88E+02 0.00E+00 2.40E+02  0.809531  0.042091 3.88E+02 0.00E+00 2.41E+02  0.810627  0.042092  0.0000000E+00  0.0000000E+00  1.5878985E-06  1.7757062E-01  6.3643005E-02  1.1393215E-04 -1.1766297E-01  5.3195446E-02  1.1806821E-02 0.000 0.167 1.000 1.000 1.000 1.000 1.000 1.000 1.000 1.000 1.000 1.000 1.000 1.000 1.000 1.000 1.000 1.000 1.000 1.000 1.000 1.000 1.000 1.000 1.000 1.000 1.000 1.000 1.000 1.000 1.000 1.000 1.000 1.000 1.000 1.000 1.000 1.000 1.000 1.000  7.9189152746E-02   0.00824   1.00000   0.00000   0.00000   0.1947475E-02
  4151  2.749715752071896E+07   9.964171  4.211529  4.333296  0.6783305E+00  0.3076504E+00  2.6477818E-05  1.1162182E-03  8.2311942E-05  4.0861128E-03  4.4727273E-03  7.3317102E-06  7.1254363E-06  2.1084332E-03  1.7053625E-04  0.1644    4.333296  -8.260  1.320528  7.671283  0.5672145E-02  0.9807045E+00  4.7894318E-13  9.5259292E-05  2.6132053E-05  9.1358340E-03  1.4560291E-04  2.1641684E-07  4.1118564E-10  2.1084332E-03  1.7053625E-04  5.744E-13  6.829E-20  6.725E+10  3.211E+10  1.601E+01  3.468E+04  0.81125625  3.598E-05  3.601E-05  8.717E-01  0.000E+00  0.000E+00  1.137E+00  703    1.7157  9.41E-03 1.2114E+01 3.1075E+01    3.88E+02 0.00E+00 2.41E+02  0.810242  0.042139 3.89E+02 0.00E+00 2.41E+02  0.811256  0.042140  0.0000000E+00  0.0000000E+00  1.5945519E-06  1.7687238E-01  6.3641611E-02  1.1437743E-04 -1.1791785E-01  5.3308896E-02  1.1835054E-02 0.000 0.167 1.000 1.000 1.000 1.000 1.000 1.000 1.000 1.000 1.000 1.000 1.000 1.000 1.000 1.000 1.000 1.000 1.000 1.000 1.000 1.000 1.000 1.000 1.000 1.000 1.000 1.000 1.000 1.000 1.000 1.000 1.000 1.000 1.000 1.000 1.000 1.000 1.000 1.000  7.9185967135E-02   0.00788   1.00000   0.00000   0.00000   0.1945507E-02
  4153  2.749910662919075E+07   9.964160  4.211835  4.333617  0.6783248E+00  0.3076561E+00  2.6476726E-05  1.1161411E-03  8.2310696E-05  4.0863331E-03  4.4725803E-03  7.3317297E-06  7.1250115E-06  2.1084332E-03  1.7053625E-04  0.1647    4.333617  -8.259  1.323022  7.672111  0.5487744E-02  0.9808891E+00  4.3348448E-13  9.6290603E-05  2.6412798E-05  9.1344208E-03  1.4550074E-04  2.1295332E-07  4.1273782E-10  2.1084332E-03  1.7053625E-04  5.744E-13  6.829E-20  6.808E+10  3.274E+10  1.620E+01  3.536E+04  0.81193148  3.608E-05  3.610E-05  8.714E-01  0.000E+00  0.000E+00  1.138E+00  703    1.7157  9.41E-03 1.2105E+01 3.1068E+01    3.89E+02 0.00E+00 2.41E+02  0.811206  0.042168 3.89E+02 0.00E+00 2.42E+02  0.811931  0.042169  0.0000000E+00  0.0000000E+00  1.1204761E-06  1.7638316E-01  6.3637343E-02  1.1467959E-04 -1.1809560E-01  5.3387971E-02  1.1854835E-02 0.000 0.167 1.000 1.000 1.000 1.000 1.000 1.000 1.000 1.000 1.000 1.000 1.000 1.000 1.000 1.000 1.000 1.000 1.000 1.000 1.000 1.000 1.000 1.000 1.000 1.000 1.000 1.000 1.000 1.000 1.000 1.000 1.000 1.000 1.000 1.000 1.000 1.000 1.000 1.000  7.9183728289E-02   0.00762   1.00000   0.00000   0.00000   0.1943216E-02
  4155  2.750105573766255E+07   9.964149  4.212167  4.333977  0.6783191E+00  0.3076617E+00  2.6475636E-05  1.1160641E-03  8.2309452E-05  4.0865530E-03  4.4724336E-03  7.3317491E-06  7.1245875E-06  2.1084332E-03  1.7053625E-04  0.1644    4.333977  -8.257  1.325629  7.672944  0.5304693E-02  0.9810722E+00  3.9918678E-13  9.6730725E-05  2.6546170E-05  9.1338553E-03  1.4539786E-04  2.1109054E-07  4.1117984E-10  2.1084332E-03  1.7053625E-04  5.744E-13  6.829E-20  6.900E+10  3.349E+10  1.642E+01  3.617E+04  0.81237635  3.618E-05  3.620E-05  8.712E-01  0.000E+00  0.000E+00  1.138E+00  703    1.7157  9.41E-03 1.2100E+01 3.1065E+01    3.89E+02 0.00E+00 2.42E+02  0.811717  0.042201 3.89E+02 0.00E+00 2.42E+02  0.812376  0.042202  0.0000000E+00  0.0000000E+00  1.1236801E-06  1.7587526E-01  6.3638028E-02  1.1501363E-04 -1.1828129E-01  5.3470651E-02  1.1875370E-02 0.000 0.167 1.000 1.000 1.000 1.000 1.000 1.000 1.000 1.000 1.000 1.000 1.000 1.000 1.000 1.000 1.000 1.000 1.000 1.000 1.000 1.000 1.000 1.000 1.000 1.000 1.000 1.000 1.000 1.000 1.000 1.000 1.000 1.000 1.000 1.000 1.000 1.000 1.000 1.000  7.9181482869E-02   0.00737   1.00000   0.00000   0.00000   0.1941607E-02
  4157  2.750300484613435E+07   9.964139  4.212527  4.334353  0.6783135E+00  0.3076674E+00  2.6474548E-05  1.1159872E-03  8.2308209E-05  4.0867726E-03  4.4722871E-03  7.3317685E-06  7.1241640E-06  2.1084332E-03  1.7053625E-04  0.1642    4.334353  -8.256  1.328488  7.673830  0.5116463E-02  0.9812605E+00  3.5717768E-13  9.7071991E-05  2.6641833E-05  9.1334489E-03  1.4529096E-04  2.0969609E-07  4.1028173E-10  2.1084332E-03  1.7053625E-04  5.744E-13  6.829E-20  6.998E+10  3.428E+10  1.666E+01  3.703E+04  0.81300328  3.629E-05  3.632E-05  8.709E-01  0.000E+00  0.000E+00  1.139E+00  703    1.7157  9.41E-03 1.2093E+01 3.1061E+01    3.89E+02 0.00E+00 2.42E+02  0.812182  0.042237 3.89E+02 0.00E+00 2.42E+02  0.813003  0.042236  0.0000000E+00  0.0000000E+00  1.1269432E-06  1.7534571E-01  6.3638823E-02  1.1536419E-04 -1.1847880E-01  5.3558729E-02  1.1896875E-02 0.000 0.165 1.000 1.000 1.000 1.000 1.000 1.000 1.000 1.000 1.000 1.000 1.000 1.000 1.000 1.000 1.000 1.000 1.000 1.000 1.000 1.000 1.000 1.000 1.000 1.000 1.000 1.000 1.000 1.000 1.000 1.000 1.000 1.000 1.000 1.000 1.000 1.000 1.000 1.000  7.9179231077E-02   0.00711   1.00000   0.00000   0.00000   0.1939848E-02
  4159  2.750495395460614E+07   9.964128  4.212930  4.334791  0.6783078E+00  0.3076731E+00  2.6473456E-05  1.1159101E-03  8.2306962E-05  4.0869928E-03  4.4721401E-03  7.3317879E-06  7.1237394E-06  2.1084332E-03  1.7053625E-04  0.1639    4.334791  -8.255  1.331488  7.674763  0.4930236E-02  0.9814468E+00  3.2595222E-13  9.7336108E-05  2.6717036E-05  9.1331547E-03  1.4518345E-04  2.0865426E-07  4.0946240E-10  2.1084332E-03  1.7053625E-04  5.744E-13  6.829E-20  7.106E+10  3.516E+10  1.691E+01  3.797E+04  0.81357555  3.641E-05  3.643E-05  8.706E-01  0.000E+00  0.000E+00  1.139E+00  703    1.7157  9.41E-03 1.2084E+01 3.1053E+01    3.90E+02 0.00E+00 2.42E+02  0.812446  0.042275 3.90E+02 0.00E+00 2.43E+02  0.813576  0.042276  0.0000000E+00  0.0000000E+00  1.1298310E-06  1.7479096E-01  6.3633781E-02  1.1571228E-04 -1.1868728E-01  5.3651805E-02  1.1919473E-02 0.000 0.165 1.000 1.000 1.000 1.000 1.000 1.000 1.000 1.000 1.000 1.000 1.000 1.000 1.000 1.000 1.000 1.000 1.000 1.000 1.000 1.000 1.000 1.000 1.000 1.000 1.000 1.000 1.000 1.000 1.000 1.000 1.000 1.000 1.000 1.000 1.000 1.000 1.000 1.000  7.9176972377E-02   0.00685   1.00000   0.00000   0.00000   0.1939389E-02
  4161  2.750690306307794E+07   9.964117  4.213356  4.335196  0.6783021E+00  0.3076788E+00  2.6472364E-05  1.1158329E-03  8.2305714E-05  4.0872132E-03  4.4719931E-03  7.3318074E-06  7.1233144E-06  2.1084332E-03  1.7053625E-04  0.1637    4.335196  -8.254  1.334587  7.675732  0.4745332E-02  0.9816318E+00  2.9670862E-13  9.7591683E-05  2.6788169E-05  9.1328757E-03  1.4507492E-04  2.0773639E-07  4.0888319E-10  2.1084332E-03  1.7053625E-04  4.476E-13  4.917E-20  7.219E+10  3.610E+10  1.718E+01  3.899E+04  0.81417886  3.652E-05  3.655E-05  8.704E-01  0.000E+00  0.000E+00  1.139E+00  704    1.7039  9.41E-03 1.2075E+01 3.1047E+01    3.90E+02 0.00E+00 2.43E+02  0.813403  0.042316 3.90E+02 0.00E+00 2.43E+02  0.814179  0.042317  0.0000000E+00  0.0000000E+00  1.1348905E-06  1.7421439E-01  6.3634903E-02  1.1609972E-04 -1.1890523E-01  5.3749082E-02  1.1942963E-02 0.000 0.165 1.000 1.000 1.000 1.000 1.000 1.000 1.000 1.000 1.000 1.000 1.000 1.000 1.000 1.000 1.000 1.000 1.000 1.000 1.000 1.000 1.000 1.000 1.000 1.000 1.000 1.000 1.000 1.000 1.000 1.000 1.000 1.000 1.000 1.000 1.000 1.000 1.000 1.000  7.9174705124E-02   0.00659   1.00000   0.00000   0.00000   0.1937008E-02
  4164  2.750953435951486E+07   9.964102  4.213302  4.335601  0.6782944E+00  0.3076865E+00  2.6470886E-05  1.1157286E-03  8.2304025E-05  4.0875113E-03  4.4717942E-03  7.3318337E-06  7.1227395E-06  2.1084332E-03  1.7053625E-04  0.1644    4.335601  -8.254  1.337923  7.675821  0.4515449E-02  0.9818618E+00  2.6962762E-13  9.8063780E-05  2.6920024E-05  9.1323040E-03  1.4493816E-04  2.0616850E-07  4.0883920E-10  2.1084332E-03  1.7053625E-04  4.476E-13  4.917E-20  7.258E+10  3.647E+10  1.727E+01  3.939E+04  0.81442624  3.664E-05  3.665E-05  8.702E-01  0.000E+00  0.000E+00  1.139E+00  704    1.7039  9.41E-03 1.2080E+01 3.1055E+01    3.90E+02 0.00E+00 2.43E+02  0.813821  0.042307 3.90E+02 0.00E+00 2.44E+02  0.814426  0.042312  0.0000000E+00  0.0000000E+00  1.0213467E-06  1.7369423E-01  6.3637729E-02  1.1645820E-04 -1.1906678E-01  5.3820325E-02  1.1963100E-02 0.000 0.167 1.000 1.000 1.000 1.000 1.000 1.000 1.000 1.000 1.000 1.000 1.000 1.000 1.000 1.000 1.000 1.000 1.000 1.000 1.000 1.000 1.000 1.000 1.000 1.000 1.000 1.000 1.000 1.000 1.000 1.000 1.000 1.000 1.000 1.000 1.000 1.000 1.000 1.000  7.9171639613E-02   0.00627   1.00000   0.00000   0.00000   0.1938869E-02
  4166  2.751128855713948E+07   9.964092  4.213526  4.335960  0.6782893E+00  0.3076916E+00  2.6469904E-05  1.1156592E-03  8.2302901E-05  4.0877095E-03  4.4716620E-03  7.3318512E-06  7.1223574E-06  2.1084332E-03  1.7053625E-04  0.1639    4.335960  -8.253  1.340661  7.676625  0.4352406E-02  0.9820249E+00  2.4091933E-13  9.8356679E-05  2.7000224E-05  9.1319620E-03  1.4484083E-04  2.0515503E-07  4.0847071E-10  2.1084332E-03  1.7053625E-04  4.476E-13  4.917E-20  7.348E+10  3.726E+10  1.749E+01  4.024E+04  0.81459282  3.673E-05  3.676E-05  8.702E-01  0.000E+00  0.000E+00  1.139E+00  704    1.7039  9.41E-03 1.2076E+01 3.1057E+01    3.91E+02 0.00E+00 2.44E+02  0.813924  0.042331 3.91E+02 0.00E+00 2.44E+02  0.814593  0.042333  0.0000000E+00  0.0000000E+00  1.0226611E-06  1.7323656E-01  6.3639952E-02  1.1677442E-04 -1.1924302E-01  5.3899120E-02  1.1982012E-02 0.000 0.165 1.000 1.000 1.000 1.000 1.000 1.000 1.000 1.000 1.000 1.000 1.000 1.000 1.000 1.000 1.000 1.000 1.000 1.000 1.000 1.000 1.000 1.000 1.000 1.000 1.000 1.000 1.000 1.000 1.000 1.000 1.000 1.000 1.000 1.000 1.000 1.000 1.000 1.000  7.9169595302E-02   0.00605   1.00000   0.00000   0.00000   0.1939057E-02
  4168  2.751304275476409E+07   9.964083  4.213867  4.336312  0.6782841E+00  0.3076968E+00  2.6468919E-05  1.1155896E-03  8.2301775E-05  4.0879082E-03  4.4715295E-03  7.3318687E-06  7.1219744E-06  2.1084332E-03  1.7053625E-04  0.1635    4.336312  -8.252  1.343729  7.677536  0.4191375E-02  0.9821860E+00  2.1990383E-13  9.8604484E-05  2.7070182E-05  9.1316837E-03  1.4474316E-04  2.0431881E-07  4.0790416E-10  2.1084332E-03  1.7053625E-04  4.476E-13  4.917E-20  7.454E+10  3.819E+10  1.774E+01  4.125E+04  0.81516425  3.683E-05  3.687E-05  8.699E-01  0.000E+00  0.000E+00  1.140E+00  704    1.7039  9.41E-03 1.2066E+01 3.1053E+01    3.91E+02 0.00E+00 2.44E+02  0.814376  0.042365 3.91E+02 0.00E+00 2.44E+02  0.815164  0.042367  0.0000000E+00  0.0000000E+00  1.0255232E-06  1.7274322E-01  6.3640457E-02  1.1711009E-04 -1.1944047E-01  5.3987472E-02  1.2002778E-02 0.000 0.165 1.000 1.000 1.000 1.000 1.000 1.000 1.000 1.000 1.000 1.000 1.000 1.000 1.000 1.000 1.000 1.000 1.000 1.000 1.000 1.000 1.000 1.000 1.000 1.000 1.000 1.000 1.000 1.000 1.000 1.000 1.000 1.000 1.000 1.000 1.000 1.000 1.000 1.000  7.9167546163E-02   0.00582   1.00000   0.00000   0.00000   0.1937399E-02
  4170  2.751479695238871E+07   9.964073  4.214331  4.336708  0.6782790E+00  0.3077019E+00  2.6467934E-05  1.1155200E-03  8.2300648E-05  4.0881070E-03  4.4713968E-03  7.3318863E-06  7.1215910E-06  2.1084332E-03  1.7053625E-04  0.1632    4.336708  -8.250  1.346932  7.678500  0.4031672E-02  0.9823458E+00  2.0006741E-13  9.8853148E-05  2.7139282E-05  9.1314061E-03  1.4464467E-04  2.0352927E-07  4.0743668E-10  2.1084332E-03  1.7053625E-04  4.476E-13  4.917E-20  7.569E+10  3.920E+10  1.802E+01  4.234E+04  0.81588419  3.695E-05  3.698E-05  8.696E-01  0.000E+00  0.000E+00  1.140E+00  704    1.7039  9.41E-03 1.2054E+01 3.1042E+01    3.91E+02 0.00E+00 2.44E+02  0.814837  0.042410 3.91E+02 0.00E+00 2.45E+02  0.815884  0.042412  0.0000000E+00  0.0000000E+00  1.0291749E-06  1.7222090E-01  6.3636907E-02  1.1745242E-04 -1.1965188E-01  5.4082095E-02  1.2024912E-02 0.000 0.165 1.000 1.000 1.000 1.000 1.000 1.000 1.000 1.000 1.000 1.000 1.000 1.000 1.000 1.000 1.000 1.000 1.000 1.000 1.000 1.000 1.000 1.000 1.000 1.000 1.000 1.000 1.000 1.000 1.000 1.000 1.000 1.000 1.000 1.000 1.000 1.000 1.000 1.000  7.9165489451E-02   0.00560   1.00000   0.00000   0.00000   0.1935664E-02
  4172  2.751646344013210E+07   9.964063  4.214844  4.337090  0.6782741E+00  0.3077068E+00  2.6466996E-05  1.1154538E-03  8.2299575E-05  4.0882961E-03  4.4712707E-03  7.3319030E-06  7.1212264E-06  2.1084332E-03  1.7053625E-04  0.1630    4.337090  -8.249  1.350044  7.679449  0.3880622E-02  0.9824969E+00  1.8128018E-13  9.9233753E-05  2.7239910E-05  9.1309376E-03  1.4454982E-04  2.0247443E-07  4.0759925E-10  2.1084332E-03  1.7053625E-04  3.332E-13  3.470E-20  7.686E+10  4.022E+10  1.829E+01  4.344E+04  0.81657705  3.706E-05  3.709E-05  8.693E-01  0.000E+00  0.000E+00  1.140E+00  704    1.7039  9.41E-03 1.2040E+01 3.1029E+01    3.91E+02 0.00E+00 2.45E+02  0.815673  0.042461 3.92E+02 0.00E+00 2.45E+02  0.816577  0.042462  0.0000000E+00  0.0000000E+00  9.3074622E-07  1.7169834E-01  6.3633029E-02  1.1779580E-04 -1.1986310E-01  5.4176596E-02  1.2047018E-02 0.000 0.165 1.000 1.000 1.000 1.000 1.000 1.000 1.000 1.000 1.000 1.000 1.000 1.000 1.000 1.000 1.000 1.000 1.000 1.000 1.000 1.000 1.000 1.000 1.000 1.000 1.000 1.000 1.000 1.000 1.000 1.000 1.000 1.000 1.000 1.000 1.000 1.000 1.000 1.000  7.9163526664E-02   0.00539   1.00000   0.00000   0.00000   0.1932960E-02
  4174  2.751804221799425E+07   9.964054  4.215362  4.337418  0.6782695E+00  0.3077114E+00  2.6466108E-05  1.1153911E-03  8.2298558E-05  4.0884754E-03  4.4711511E-03  7.3319188E-06  7.1208806E-06  2.1084332E-03  1.7053625E-04  0.1628    4.337418  -8.247  1.353047  7.680373  0.3737975E-02  0.9826396E+00  1.6540320E-13  9.9592094E-05  2.7341568E-05  9.1304908E-03  1.4445867E-04  2.0142980E-07  4.0717493E-10  2.1084332E-03  1.7053625E-04  3.332E-13  3.470E-20  7.802E+10  4.126E+10  1.857E+01  4.456E+04  0.81728882  3.716E-05  3.720E-05  8.689E-01  0.000E+00  0.000E+00  1.141E+00  704    1.7039  9.41E-03 1.2029E+01 3.1018E+01    3.92E+02 0.00E+00 2.45E+02  0.816643  0.042511 3.92E+02 0.00E+00 2.46E+02  0.817289  0.042512  0.0000000E+00  0.0000000E+00  9.3560550E-07  1.7117843E-01  6.3630127E-02  1.1814316E-04 -1.2007189E-01  5.4269985E-02  1.2068882E-02 0.000 0.165 1.000 1.000 1.000 1.000 1.000 1.000 1.000 1.000 1.000 1.000 1.000 1.000 1.000 1.000 1.000 1.000 1.000 1.000 1.000 1.000 1.000 1.000 1.000 1.000 1.000 1.000 1.000 1.000 1.000 1.000 1.000 1.000 1.000 1.000 1.000 1.000 1.000 1.000  7.9161658097E-02   0.00519   1.00000   0.00000   0.00000   0.1929096E-02
  4176  2.751962099585640E+07   9.964046  4.215889  4.337775  0.6782648E+00  0.3077161E+00  2.6465216E-05  1.1153281E-03  8.2297536E-05  4.0886552E-03  4.4710310E-03  7.3319347E-06  7.1205338E-06  2.1084332E-03  1.7053625E-04  0.1628    4.337775  -8.245  1.356285  7.681339  0.3594536E-02  0.9827831E+00  1.5001921E-13  9.9887945E-05  2.7425519E-05  9.1301373E-03  1.4436571E-04  2.0054051E-07  4.0660490E-10  2.1084332E-03  1.7053625E-04  3.332E-13  3.470E-20  7.927E+10  4.238E+10  1.887E+01  4.577E+04  0.81833251  3.728E-05  3.732E-05  8.685E-01  0.000E+00  0.000E+00  1.141E+00  704    1.7039  9.41E-03 1.2017E+01 3.1004E+01    3.92E+02 0.00E+00 2.46E+02  0.817301  0.042566 3.92E+02 0.00E+00 2.46E+02  0.818333  0.042564  0.0000000E+00  0.0000000E+00  9.3990924E-07  1.7062927E-01  6.3621692E-02  1.1849218E-04 -1.2029246E-01  5.4368747E-02  1.2091874E-02 0.000 0.165 1.000 1.000 1.000 1.000 1.000 1.000 1.000 1.000 1.000 1.000 1.000 1.000 1.000 1.000 1.000 1.000 1.000 1.000 1.000 1.000 1.000 1.000 1.000 1.000 1.000 1.000 1.000 1.000 1.000 1.000 1.000 1.000 1.000 1.000 1.000 1.000 1.000 1.000  7.9159780703E-02   0.00499   1.00000   0.00000   0.00000   0.1925358E-02
  4178  2.752119977371856E+07   9.964037  4.216438  4.338164  0.6782602E+00  0.3077207E+00  2.6464327E-05  1.1152653E-03  8.2296519E-05  4.0888345E-03  4.4709114E-03  7.3319505E-06  7.1201881E-06  2.1084332E-03  1.7053625E-04  0.1627    4.338164  -8.244  1.359561  7.682346  0.3451015E-02  0.9829267E+00  1.3210779E-13  1.0018307E-04  2.7505145E-05  9.1297908E-03  1.4427111E-04  1.9970374E-07  4.0627832E-10  2.1084332E-03  1.7053625E-04  3.332E-13  3.470E-20  8.061E+10  4.359E+10  1.919E+01  4.708E+04  0.81909479  3.740E-05  3.744E-05  8.681E-01  0.000E+00  0.000E+00  1.142E+00  704    1.7039  9.41E-03 1.2004E+01 3.0990E+01    3.92E+02 0.00E+00 2.46E+02  0.818233  0.042618 3.92E+02 0.00E+00 2.47E+02  0.819095  0.042618  0.0000000E+00  0.0000000E+00  9.4476247E-07  1.7005225E-01  6.3614325E-02  1.1886703E-04 -1.2052341E-01  5.4472203E-02  1.2115913E-02 0.000 0.164 1.000 1.000 1.000 1.000 1.000 1.000 1.000 1.000 1.000 1.000 1.000 1.000 1.000 1.000 1.000 1.000 1.000 1.000 1.000 1.000 1.000 1.000 1.000 1.000 1.000 1.000 1.000 1.000 1.000 1.000 1.000 1.000 1.000 1.000 1.000 1.000 1.000 1.000  7.9157893373E-02   0.00480   1.00000   0.00000   0.00000   0.1921694E-02
  4180  2.752277855158071E+07   9.964028  4.216977  4.338550  0.6782556E+00  0.3077254E+00  2.6463436E-05  1.1152024E-03  8.2295498E-05  4.0890143E-03  4.4707915E-03  7.3319664E-06  7.1198414E-06  2.1084332E-03  1.7053625E-04  0.1622    4.338550  -8.242  1.363011  7.683397  0.3306696E-02  0.9830711E+00  1.1960016E-13  1.0047060E-04  2.7585727E-05  9.1294539E-03  1.4417450E-04  1.9889343E-07  4.0577990E-10  2.1084332E-03  1.7053625E-04  3.332E-13  3.470E-20  8.205E+10  4.491E+10  1.953E+01  4.850E+04  0.82026775  3.754E-05  3.757E-05  8.676E-01  0.000E+00  0.000E+00  1.143E+00  704    1.7039  9.41E-03 1.1992E+01 3.0978E+01    3.93E+02 0.00E+00 2.47E+02  0.819170  0.042671 3.93E+02 0.00E+00 2.47E+02  0.820268  0.042670  0.0000000E+00  0.0000000E+00  9.4965847E-07  1.6944672E-01  6.3607240E-02  1.1926544E-04 -1.2076630E-01  5.4581044E-02  1.2141106E-02 0.000 0.164 1.000 1.000 1.000 1.000 1.000 1.000 1.000 1.000 1.000 1.000 1.000 1.000 1.000 1.000 1.000 1.000 1.000 1.000 1.000 1.000 1.000 1.000 1.000 1.000 1.000 1.000 1.000 1.000 1.000 1.000 1.000 1.000 1.000 1.000 1.000 1.000 1.000 1.000  7.9155996840E-02   0.00459   1.00000   0.00000   0.00000   0.1917809E-02
  4182  2.752435732944287E+07   9.964018  4.217531  4.338979  0.6782509E+00  0.3077301E+00  2.6462543E-05  1.1151394E-03  8.2294475E-05  4.0891943E-03  4.4706714E-03  7.3319823E-06  7.1194943E-06  2.1084332E-03  1.7053625E-04  0.1619    4.338979  -8.240  1.366569  7.684487  0.3163707E-02  0.9832141E+00  1.0736097E-13  1.0075060E-04  2.7663867E-05  9.1291291E-03  1.4407703E-04  1.9812214E-07  4.0528190E-10  2.1084332E-03  1.7053625E-04  2.337E-13  2.281E-20  8.358E+10  4.631E+10  1.989E+01  5.002E+04  0.82107165  3.766E-05  3.771E-05  8.672E-01  0.000E+00  0.000E+00  1.143E+00  705    1.6922  9.41E-03 1.1980E+01 3.0965E+01    3.93E+02 0.00E+00 2.48E+02  0.820111  0.042724 3.93E+02 0.00E+00 2.48E+02  0.821072  0.042725  0.0000000E+00  0.0000000E+00  9.5462644E-07  1.6881282E-01  6.3601319E-02  1.1969134E-04 -1.2102068E-01  5.4695086E-02  1.2167452E-02 0.000 0.164 1.000 1.000 1.000 1.000 1.000 1.000 1.000 1.000 1.000 1.000 1.000 1.000 1.000 1.000 1.000 1.000 1.000 1.000 1.000 1.000 1.000 1.000 1.000 1.000 1.000 1.000 1.000 1.000 1.000 1.000 1.000 1.000 1.000 1.000 1.000 1.000 1.000 1.000  7.9154089746E-02   0.00440   1.00000   0.00000   0.00000   0.1914396E-02
  4184  2.752593610730502E+07   9.964009  4.218094  4.339421  0.6782463E+00  0.3077347E+00  2.6461650E-05  1.1150763E-03  8.2293451E-05  4.0893745E-03  4.4705512E-03  7.3319982E-06  7.1191468E-06  2.1084332E-03  1.7053625E-04  0.1616    4.339421  -8.239  1.370247  7.685617  0.3021774E-02  0.9833561E+00  9.5946986E-14  1.0103801E-04  2.7743567E-05  9.1287949E-03  1.4397848E-04  1.9735862E-07  4.0481139E-10  2.1084332E-03  1.7053625E-04  2.337E-13  2.281E-20  8.519E+10  4.782E+10  2.028E+01  5.164E+04  0.82222560  3.782E-05  3.785E-05  8.667E-01  0.000E+00  0.000E+00  1.144E+00  705    1.6922  9.41E-03 1.1968E+01 3.0951E+01    3.93E+02 0.00E+00 2.48E+02  0.820975  0.042780 3.93E+02 0.00E+00 2.49E+02  0.822226  0.042780  0.0000000E+00  0.0000000E+00  9.5950059E-07  1.6815129E-01  6.3592171E-02  1.2012788E-04 -1.2128655E-01  5.4814321E-02  1.2194940E-02 0.000 0.164 1.000 1.000 1.000 1.000 1.000 1.000 1.000 1.000 1.000 1.000 1.000 1.000 1.000 1.000 1.000 1.000 1.000 1.000 1.000 1.000 1.000 1.000 1.000 1.000 1.000 1.000 1.000 1.000 1.000 1.000 1.000 1.000 1.000 1.000 1.000 1.000 1.000 1.000  7.9152173396E-02   0.00420   1.00000   0.00000   0.00000   0.1910680E-02
  4186  2.752751488516717E+07   9.964000  4.218671  4.339878  0.6782416E+00  0.3077394E+00  2.6460755E-05  1.1150131E-03  8.2292426E-05  4.0895549E-03  4.4704308E-03  7.3320141E-06  7.1187989E-06  2.1084332E-03  1.7053625E-04  0.1613    4.339878  -8.237  1.374055  7.686789  0.2880804E-02  0.9834972E+00  8.5355261E-14  1.0133699E-04  2.7826326E-05  9.1284450E-03  1.4387872E-04  1.9658367E-07  4.0436125E-10  2.1084332E-03  1.7053625E-04  2.337E-13  2.281E-20  8.691E+10  4.943E+10  2.068E+01  5.339E+04  0.82317175  3.796E-05  3.800E-05  8.662E-01  0.000E+00  0.000E+00  1.144E+00  705    1.6922  9.41E-03 1.1955E+01 3.0939E+01    3.94E+02 0.00E+00 2.49E+02  0.822139  0.042836 3.94E+02 0.00E+00 2.49E+02  0.823172  0.042837  0.0000000E+00  0.0000000E+00  9.6516741E-07  1.6746254E-01  6.3587139E-02  1.2060320E-04 -1.2156414E-01  5.4938838E-02  1.2223571E-02 0.000 0.164 1.000 1.000 1.000 1.000 1.000 1.000 1.000 1.000 1.000 1.000 1.000 1.000 1.000 1.000 1.000 1.000 1.000 1.000 1.000 1.000 1.000 1.000 1.000 1.000 1.000 1.000 1.000 1.000 1.000 1.000 1.000 1.000 1.000 1.000 1.000 1.000 1.000 1.000  7.9150245743E-02   0.00400   1.00000   0.00000   0.00000   0.1906664E-02
  4188  2.752909366302933E+07   9.963991  4.219258  4.340347  0.6782369E+00  0.3077441E+00  2.6459857E-05  1.1149497E-03  8.2291396E-05  4.0897360E-03  4.4703100E-03  7.3320301E-06  7.1184496E-06  2.1084332E-03  1.7053625E-04  0.1611    4.340347  -8.235  1.378042  7.688007  0.2738814E-02  0.9836393E+00  7.3139188E-14  1.0168097E-04  2.7918092E-05  9.1280352E-03  1.4377637E-04  1.9573260E-07  4.0413232E-10  2.1084332E-03  1.7053625E-04  2.337E-13  2.281E-20  8.873E+10  5.117E+10  2.112E+01  5.526E+04  0.82436193  3.812E-05  3.817E-05  8.656E-01  0.000E+00  0.000E+00  1.145E+00  705    1.6922  9.41E-03 1.1943E+01 3.0927E+01    3.94E+02 0.00E+00 2.50E+02  0.823176  0.042895 3.94E+02 0.00E+00 2.50E+02  0.824362  0.042895  0.0000000E+00  0.0000000E+00  9.7064551E-07  1.6674667E-01  6.3581960E-02  1.2110151E-04 -1.2185454E-01  5.5069157E-02  1.2253383E-02 0.000 0.162 1.000 1.000 1.000 1.000 1.000 1.000 1.000 1.000 1.000 1.000 1.000 1.000 1.000 1.000 1.000 1.000 1.000 1.000 1.000 1.000 1.000 1.000 1.000 1.000 1.000 1.000 1.000 1.000 1.000 1.000 1.000 1.000 1.000 1.000 1.000 1.000 1.000 1.000  7.9148307577E-02   0.00381   1.00000   0.00000   0.00000   0.1902294E-02
  4190  2.753067244089148E+07   9.963982  4.219860  4.340862  0.6782322E+00  0.3077487E+00  2.6458963E-05  1.1148866E-03  8.2290370E-05  4.0899165E-03  4.4701896E-03  7.3320461E-06  7.1181017E-06  2.1084332E-03  1.7053625E-04  0.1609    4.340862  -8.233  1.382312  7.689287  0.2598895E-02  0.9837792E+00  6.4347329E-14  1.0200840E-04  2.8009104E-05  9.1276461E-03  1.4367341E-04  1.9491694E-07  4.0363421E-10  2.1084332E-03  1.7053625E-04  2.337E-13  2.281E-20  9.068E+10  5.306E+10  2.158E+01  5.731E+04  0.82542438  3.829E-05  3.834E-05  8.651E-01  0.000E+00  0.000E+00  1.145E+00  705    1.6922  9.41E-03 1.1930E+01 3.0914E+01    3.94E+02 0.00E+00 2.50E+02  0.824127  0.042954 3.94E+02 0.00E+00 2.51E+02  0.825424  0.042954  0.0000000E+00  0.0000000E+00  9.7596424E-07  1.6600115E-01  6.3574647E-02  1.2161769E-04 -1.2215935E-01  5.5206056E-02  1.2284562E-02 0.000 0.162 1.000 1.000 1.000 1.000 1.000 1.000 1.000 1.000 1.000 1.000 1.000 1.000 1.000 1.000 1.000 1.000 1.000 1.000 1.000 1.000 1.000 1.000 1.000 1.000 1.000 1.000 1.000 1.000 1.000 1.000 1.000 1.000 1.000 1.000 1.000 1.000 1.000 1.000  7.9146358065E-02   0.00361   1.00000   0.00000   0.00000   0.1898769E-02
  4192  2.753225121875364E+07   9.963972  4.220481  4.341377  0.6782276E+00  0.3077534E+00  2.6458065E-05  1.1148232E-03  8.2289341E-05  4.0900975E-03  4.4700689E-03  7.3320621E-06  7.1177527E-06  2.1084332E-03  1.7053625E-04  0.1603    4.341377  -8.231  1.386748  7.690627  0.2457734E-02  0.9839205E+00  5.6509268E-14  1.0236143E-04  2.8107970E-05  9.1272212E-03  1.4356753E-04  1.9405224E-07  4.0307770E-10  2.1084332E-03  1.7053625E-04  1.515E-13  1.355E-20  9.277E+10  5.512E+10  2.208E+01  5.953E+04  0.82661466  3.846E-05  3.851E-05  8.646E-01  0.000E+00  0.000E+00  1.146E+00  705    1.6922  9.41E-03 1.1916E+01 3.0901E+01    3.95E+02 0.00E+00 2.51E+02  0.825304  0.043015 3.95E+02 0.00E+00 2.52E+02  0.826615  0.043016  0.0000000E+00  0.0000000E+00  9.8199069E-07  1.6522673E-01  6.3567470E-02  1.2216043E-04 -1.2247908E-01  5.5349692E-02  1.2317126E-02 0.000 0.162 1.000 1.000 1.000 1.000 1.000 1.000 1.000 1.000 1.000 1.000 1.000 1.000 1.000 1.000 1.000 1.000 1.000 1.000 1.000 1.000 1.000 1.000 1.000 1.000 1.000 1.000 1.000 1.000 1.000 1.000 1.000 1.000 1.000 1.000 1.000 1.000 1.000 1.000  7.9144397145E-02   0.00342   1.00000   0.00000   0.00000   0.1894438E-02
  4194  2.753382999661579E+07   9.963963  4.221136  4.341913  0.6782229E+00  0.3077581E+00  2.6457166E-05  1.1147598E-03  8.2288309E-05  4.0902788E-03  4.4699479E-03  7.3320781E-06  7.1174031E-06  2.1084332E-03  1.7053625E-04  0.1597    4.341913  -8.229  1.391376  7.692028  0.2318260E-02  0.9840600E+00  4.9050765E-14  1.0271342E-04  2.8206310E-05  9.1267990E-03  1.4346061E-04  1.9320756E-07  4.0247025E-10  2.1084332E-03  1.7053625E-04  1.515E-13  1.355E-20  9.501E+10  5.734E+10  2.261E+01  6.192E+04  0.82775148  3.864E-05  3.870E-05  8.640E-01  0.000E+00  0.000E+00  1.147E+00  705    1.6922  9.41E-03 1.1901E+01 3.0886E+01    3.95E+02 0.00E+00 2.52E+02  0.826506  0.043080 3.95E+02 0.00E+00 2.52E+02  0.827751  0.043081  0.0000000E+00  0.0000000E+00  9.8830748E-07  1.6442092E-01  6.3559781E-02  1.2272978E-04 -1.2281478E-01  5.5500553E-02  1.2351205E-02 0.000 0.162 1.000 1.000 1.000 1.000 1.000 1.000 1.000 1.000 1.000 1.000 1.000 1.000 1.000 1.000 1.000 1.000 1.000 1.000 1.000 1.000 1.000 1.000 1.000 1.000 1.000 1.000 1.000 1.000 1.000 1.000 1.000 1.000 1.000 1.000 1.000 1.000 1.000 1.000  7.9142423749E-02   0.00322   1.00000   0.00000   0.00000   0.1889850E-02
  4195  2.753461938554687E+07   9.963959  4.221482  4.342205  0.6782205E+00  0.3077605E+00  2.6456716E-05  1.1147280E-03  8.2287793E-05  4.0903695E-03  4.4698874E-03  7.3320861E-06  7.1172281E-06  2.1084332E-03  1.7053625E-04  0.1595    4.342205  -8.228  1.393768  7.692751  0.2249076E-02  0.9841293E+00  4.5570382E-14  1.0289470E-04  2.8256711E-05  9.1265808E-03  1.4340667E-04  1.9278155E-07  4.0217843E-10  2.1084332E-03  1.7053625E-04  1.515E-13  1.355E-20  9.619E+10  5.852E+10  2.289E+01  6.320E+04  0.82845927  3.874E-05  3.879E-05  8.637E-01  0.000E+00  0.000E+00  1.147E+00  706    1.6804  9.41E-03 1.1893E+01 3.0877E+01    3.95E+02 0.00E+00 2.52E+02  0.827008  0.043113 3.95E+02 0.00E+00 2.53E+02  0.828459  0.043115  0.0000000E+00  0.0000000E+00  9.9130679E-07  1.6400540E-01  6.3552974E-02  1.2301446E-04 -1.2298893E-01  5.5578857E-02  1.2368860E-02 0.000 0.162 1.000 1.000 1.000 1.000 1.000 1.000 1.000 1.000 1.000 1.000 1.000 1.000 1.000 1.000 1.000 1.000 1.000 1.000 1.000 1.000 1.000 1.000 1.000 1.000 1.000 1.000 1.000 1.000 1.000 1.000 1.000 1.000 1.000 1.000 1.000 1.000 1.000 1.000  7.9141432442E-02   0.00313   1.00000   0.00000   0.00000   0.1887976E-02
  4197  2.753619816340902E+07   9.963949  4.222187  4.342759  0.6782158E+00  0.3077652E+00  2.6455815E-05  1.1146644E-03  8.2286758E-05  4.0905513E-03  4.4697661E-03  7.3321021E-06  7.1168776E-06  2.1084332E-03  1.7053625E-04  0.1593    4.342759  -8.225  1.398884  7.694263  0.2109358E-02  0.9842691E+00  3.7770291E-14  1.0331143E-04  2.8368622E-05  9.1260719E-03  1.4329596E-04  1.9184190E-07  4.0184171E-10  2.1084332E-03  1.7053625E-04  1.515E-13  1.355E-20  9.867E+10  6.105E+10  2.348E+01  6.593E+04  0.82979146  3.893E-05  3.900E-05  8.630E-01  0.000E+00  0.000E+00  1.148E+00  706    1.6804  9.41E-03 1.1877E+01 3.0862E+01    3.96E+02 0.00E+00 2.53E+02  0.828481  0.043182 3.96E+02 0.00E+00 2.54E+02  0.829791  0.043185  0.0000000E+00  0.0000000E+00  9.9857735E-07  1.6315117E-01  6.3545202E-02  1.2362864E-04 -1.2335179E-01  5.5742037E-02  1.2405368E-02 0.000 0.160 1.000 1.000 1.000 1.000 1.000 1.000 1.000 1.000 1.000 1.000 1.000 1.000 1.000 1.000 1.000 1.000 1.000 1.000 1.000 1.000 1.000 1.000 1.000 1.000 1.000 1.000 1.000 1.000 1.000 1.000 1.000 1.000 1.000 1.000 1.000 1.000 1.000 1.000  7.9139439124E-02   0.00293   1.00000   0.00000   0.00000   0.1882396E-02
  4198  2.753698755234010E+07   9.963944  4.222563  4.343068  0.6782135E+00  0.3077675E+00  2.6455364E-05  1.1146325E-03  8.2286241E-05  4.0906421E-03  4.4697055E-03  7.3321102E-06  7.1167023E-06  2.1084332E-03  1.7053625E-04  0.1588    4.343068  -8.224  1.401535  7.695051  0.2039864E-02  0.9843386E+00  3.5170829E-14  1.0351724E-04  2.8426332E-05  9.1258192E-03  1.4323991E-04  1.9137597E-07  4.0151999E-10  2.1084332E-03  1.7053625E-04  1.515E-13  1.355E-20  9.999E+10  6.241E+10  2.380E+01  6.741E+04  0.83055594  3.904E-05  3.910E-05  8.627E-01  0.000E+00  0.000E+00  1.148E+00  706    1.6804  9.41E-03 1.1868E+01 3.0852E+01    3.96E+02 0.00E+00 2.53E+02  0.829018  0.043221 3.96E+02 0.00E+00 2.54E+02  0.830556  0.043222  0.0000000E+00  0.0000000E+00  1.0020206E-06  1.6270985E-01  6.3538692E-02  1.2393866E-04 -1.2354088E-01  5.5827116E-02  1.2424357E-02 0.000 0.160 1.000 1.000 1.000 1.000 1.000 1.000 1.000 1.000 1.000 1.000 1.000 1.000 1.000 1.000 1.000 1.000 1.000 1.000 1.000 1.000 1.000 1.000 1.000 1.000 1.000 1.000 1.000 1.000 1.000 1.000 1.000 1.000 1.000 1.000 1.000 1.000 1.000 1.000  7.9138437104E-02   0.00284   1.00000   0.00000   0.00000   0.1880241E-02
  4199  2.753777694127117E+07   9.963940  4.222944  4.343357  0.6782111E+00  0.3077699E+00  2.6454913E-05  1.1146007E-03  8.2285723E-05  4.0907331E-03  4.4696448E-03  7.3321182E-06  7.1165268E-06  2.1084332E-03  1.7053625E-04  0.1584    4.343357  -8.223  1.404248  7.695859  0.1970945E-02  0.9844076E+00  3.2267252E-14  1.0372015E-04  2.8483507E-05  9.1255705E-03  1.4318364E-04  1.9091992E-07  4.0115020E-10  2.1084332E-03  1.7053625E-04  1.515E-13  1.355E-20  1.014E+11  6.384E+10  2.412E+01  6.894E+04  0.83137476  3.915E-05  3.921E-05  8.623E-01  0.000E+00  0.000E+00  1.149E+00  706    1.6804  9.41E-03 1.1859E+01 3.0843E+01    3.96E+02 0.00E+00 2.54E+02  0.829703  0.043260 3.96E+02 0.00E+00 2.55E+02  0.831375  0.043260  0.0000000E+00  0.0000000E+00  1.0057390E-06  1.6225966E-01  6.3534629E-02  1.2426677E-04 -1.2373502E-01  5.5914453E-02  1.2443802E-02 0.000 0.160 1.000 1.000 1.000 1.000 1.000 1.000 1.000 1.000 1.000 1.000 1.000 1.000 1.000 1.000 1.000 1.000 1.000 1.000 1.000 1.000 1.000 1.000 1.000 1.000 1.000 1.000 1.000 1.000 1.000 1.000 1.000 1.000 1.000 1.000 1.000 1.000 1.000 1.000  7.9137431365E-02   0.00274   1.00000   0.00000   0.00000   0.1877067E-02
  4200  2.753856633020225E+07   9.963935  4.223339  4.343659  0.6782088E+00  0.3077722E+00  2.6454461E-05  1.1145688E-03  8.2285204E-05  4.0908242E-03  4.4695840E-03  7.3321262E-06  7.1163512E-06  2.1084332E-03  1.7053625E-04  0.1581    4.343659  -8.222  1.407029  7.696687  0.1902537E-02  0.9844760E+00  2.9664447E-14  1.0392550E-04  2.8541072E-05  9.1253189E-03  1.4312709E-04  1.9046462E-07  4.0078403E-10  2.1084332E-03  1.7053625E-04  1.515E-13  1.355E-20  1.028E+11  6.532E+10  2.446E+01  7.055E+04  0.83202622  3.925E-05  3.932E-05  8.620E-01  0.000E+00  0.000E+00  1.149E+00  706    1.6804  9.41E-03 1.1849E+01 3.0835E+01    3.96E+02 0.00E+00 2.54E+02  0.830607  0.043298 3.97E+02 0.00E+00 2.55E+02  0.832026  0.043299  0.0000000E+00  0.0000000E+00  1.0101203E-06  1.6179990E-01  6.3531099E-02  1.2460624E-04 -1.2393444E-01  5.6004177E-02  1.2463742E-02 0.000 0.160 1.000 1.000 1.000 1.000 1.000 1.000 1.000 1.000 1.000 1.000 1.000 1.000 1.000 1.000 1.000 1.000 1.000 1.000 1.000 1.000 1.000 1.000 1.000 1.000 1.000 1.000 1.000 1.000 1.000 1.000 1.000 1.000 1.000 1.000 1.000 1.000 1.000 1.000  7.9136421244E-02   0.00265   1.00000   0.00000   0.00000   0.1874037E-02
  4201  2.753935571913333E+07   9.963930  4.223754  4.343988  0.6782064E+00  0.3077746E+00  2.6454009E-05  1.1145369E-03  8.2284685E-05  4.0909154E-03  4.4695232E-03  7.3321343E-06  7.1161754E-06  2.1084332E-03  1.7053625E-04  0.1576    4.343988  -8.220  1.409881  7.697536  0.1834618E-02  0.9845440E+00  2.7162282E-14  1.0413548E-04  2.8599704E-05  9.1250610E-03  1.4307023E-04  1.9000567E-07  4.0042628E-10  2.1084332E-03  1.7053625E-04  7.796E-14  5.888E-21  1.043E+11  6.688E+10  2.482E+01  7.223E+04  0.83273562  3.936E-05  3.943E-05  8.616E-01  0.000E+00  0.000E+00  1.150E+00  706    1.6804  9.41E-03 1.1839E+01 3.0824E+01    3.97E+02 0.00E+00 2.55E+02  0.831219  0.043339 3.97E+02 0.00E+00 2.56E+02  0.832736  0.043341  0.0000000E+00  0.0000000E+00  1.0138760E-06  1.6132977E-01  6.3524455E-02  1.2494337E-04 -1.2413941E-01  5.6096443E-02  1.2484221E-02 0.000 0.160 1.000 1.000 1.000 1.000 1.000 1.000 1.000 1.000 1.000 1.000 1.000 1.000 1.000 1.000 1.000 1.000 1.000 1.000 1.000 1.000 1.000 1.000 1.000 1.000 1.000 1.000 1.000 1.000 1.000 1.000 1.000 1.000 1.000 1.000 1.000 1.000 1.000 1.000  7.9135407368E-02   0.00255   1.00000   0.00000   0.00000   0.1871540E-02
  4202  2.754014510806441E+07   9.963925  4.224170  4.344308  0.6782040E+00  0.3077770E+00  2.6453553E-05  1.1145047E-03  8.2284161E-05  4.0910073E-03  4.4694618E-03  7.3321424E-06  7.1159981E-06  2.1084332E-03  1.7053625E-04  0.1577    4.344308  -8.219  1.412904  7.698410  0.1766567E-02  0.9846121E+00  2.4661014E-14  1.0436245E-04  2.8662083E-05  9.1247800E-03  1.4301255E-04  1.8952176E-07  4.0013629E-10  2.1084332E-03  1.7053625E-04  7.796E-14  5.888E-21  1.058E+11  6.851E+10  2.518E+01  7.399E+04  0.83366893  3.948E-05  3.955E-05  8.612E-01  0.000E+00  0.000E+00  1.150E+00  706    1.6804  9.41E-03 1.1828E+01 3.0813E+01    3.97E+02 0.00E+00 2.55E+02  0.831843  0.043382 3.97E+02 0.00E+00 2.56E+02  0.833669  0.043382  0.0000000E+00  0.0000000E+00  1.0177744E-06  1.6084959E-01  6.3517499E-02  1.2528900E-04 -1.2435079E-01  5.6191618E-02  1.2505245E-02 0.000 0.160 1.000 1.000 1.000 1.000 1.000 1.000 1.000 1.000 1.000 1.000 1.000 1.000 1.000 1.000 1.000 1.000 1.000 1.000 1.000 1.000 1.000 1.000 1.000 1.000 1.000 1.000 1.000 1.000 1.000 1.000 1.000 1.000 1.000 1.000 1.000 1.000 1.000 1.000  7.9134389594E-02   0.00246   1.00000   0.00000   0.00000   0.1868523E-02
  4203  2.754093449699548E+07   9.963921  4.224612  4.344622  0.6782017E+00  0.3077793E+00  2.6453104E-05  1.1144730E-03  8.2283645E-05  4.0910980E-03  4.4694013E-03  7.3321504E-06  7.1158232E-06  2.1084332E-03  1.7053625E-04  0.1572    4.344622  -8.218  1.415993  7.699318  0.1698013E-02  0.9846807E+00  2.1806327E-14  1.0461551E-04  2.8729312E-05  9.1244644E-03  1.4295365E-04  1.8899976E-07  3.9997178E-10  2.1084332E-03  1.7053625E-04  7.796E-14  5.888E-21  1.074E+11  7.025E+10  2.556E+01  7.587E+04  0.83461231  3.960E-05  3.967E-05  8.607E-01  0.000E+00  0.000E+00  1.151E+00  706    1.6804  9.41E-03 1.1818E+01 3.0803E+01    3.97E+02 0.00E+00 2.56E+02  0.832810  0.043424 3.97E+02 0.00E+00 2.57E+02  0.834612  0.043426  0.0000000E+00  0.0000000E+00  1.0225315E-06  1.6035957E-01  6.3513505E-02  1.2565618E-04 -1.2456862E-01  5.6289697E-02  1.2526814E-02 0.000 0.158 1.000 1.000 1.000 1.000 1.000 1.000 1.000 1.000 1.000 1.000 1.000 1.000 1.000 1.000 1.000 1.000 1.000 1.000 1.000 1.000 1.000 1.000 1.000 1.000 1.000 1.000 1.000 1.000 1.000 1.000 1.000 1.000 1.000 1.000 1.000 1.000 1.000 1.000  7.9133367062E-02   0.00236   1.00000   0.00000   0.00000   0.1864751E-02
  4204  2.754172388592656E+07   9.963916  4.225066  4.344951  0.6781993E+00  0.3077817E+00  2.6452651E-05  1.1144410E-03  8.2283124E-05  4.0911893E-03  4.4693404E-03  7.3321585E-06  7.1156471E-06  2.1084332E-03  1.7053625E-04  0.1566    4.344951  -8.216  1.419186  7.700252  0.1630317E-02  0.9847485E+00  1.9988851E-14  1.0485452E-04  2.8796518E-05  9.1241652E-03  1.4289471E-04  1.8850165E-07  3.9956800E-10  2.1084332E-03  1.7053625E-04  7.796E-14  5.888E-21  1.091E+11  7.208E+10  2.597E+01  7.785E+04  0.83524029  3.970E-05  3.979E-05  8.604E-01  0.000E+00  0.000E+00  1.151E+00  707    1.6720  9.41E-03 1.1807E+01 3.0793E+01    3.97E+02 0.00E+00 2.57E+02  0.833806  0.043470 3.98E+02 0.00E+00 2.57E+02  0.835240  0.043472  0.0000000E+00  0.0000000E+00  1.0277073E-06  1.5985759E-01  6.3510106E-02  1.2603755E-04 -1.2479333E-01  5.6390892E-02  1.2549039E-02 0.000 0.158 1.000 1.000 1.000 1.000 1.000 1.000 1.000 1.000 1.000 1.000 1.000 1.000 1.000 1.000 1.000 1.000 1.000 1.000 1.000 1.000 1.000 1.000 1.000 1.000 1.000 1.000 1.000 1.000 1.000 1.000 1.000 1.000 1.000 1.000 1.000 1.000 1.000 1.000  7.9132339355E-02   0.00227   1.00000   0.00000   0.00000   0.1861157E-02
  4205  2.754251327485764E+07   9.963911  4.225548  4.345326  0.6781970E+00  0.3077841E+00  2.6452197E-05  1.1144090E-03  8.2282603E-05  4.0912808E-03  4.4692794E-03  7.3321666E-06  7.1154707E-06  2.1084332E-03  1.7053625E-04  0.1560    4.345326  -8.215  1.422470  7.701214  0.1563336E-02  0.9848155E+00  1.8011150E-14  1.0509258E-04  2.8863675E-05  9.1238674E-03  1.4283558E-04  1.8800981E-07  3.9912480E-10  2.1084332E-03  1.7053625E-04  7.796E-14  5.888E-21  1.109E+11  7.401E+10  2.639E+01  7.993E+04  0.83623675  3.984E-05  3.992E-05  8.599E-01  0.000E+00  0.000E+00  1.152E+00  707    1.6720  9.41E-03 1.1795E+01 3.0779E+01    3.98E+02 0.00E+00 2.57E+02  0.834388  0.043517 3.98E+02 0.00E+00 2.58E+02  0.836237  0.043520  0.0000000E+00  0.0000000E+00  1.0317841E-06  1.5934284E-01  6.3500432E-02  1.2640623E-04 -1.2502516E-01  5.6495362E-02  1.2571958E-02 0.000 0.158 1.000 1.000 1.000 1.000 1.000 1.000 1.000 1.000 1.000 1.000 1.000 1.000 1.000 1.000 1.000 1.000 1.000 1.000 1.000 1.000 1.000 1.000 1.000 1.000 1.000 1.000 1.000 1.000 1.000 1.000 1.000 1.000 1.000 1.000 1.000 1.000 1.000 1.000  7.9131307571E-02   0.00217   1.00000   0.00000   0.00000   0.1858713E-02
  4206  2.754330266378871E+07   9.963906  4.226029  4.345650  0.6781946E+00  0.3077864E+00  2.6451743E-05  1.1143769E-03  8.2282081E-05  4.0913724E-03  4.4692183E-03  7.3321747E-06  7.1152940E-06  2.1084332E-03  1.7053625E-04  0.1559    4.345650  -8.213  1.425980  7.702213  0.1495593E-02  0.9848833E+00  1.5675798E-14  1.0537012E-04  2.8937238E-05  9.1235181E-03  1.4277493E-04  1.8746323E-07  3.9893345E-10  2.1084332E-03  1.7053625E-04  7.796E-14  5.888E-21  1.127E+11  7.606E+10  2.682E+01  8.214E+04  0.83720361  3.996E-05  4.006E-05  8.594E-01  0.000E+00  0.000E+00  1.152E+00  707    1.6720  9.41E-03 1.1783E+01 3.0767E+01    3.98E+02 0.00E+00 2.58E+02  0.835229  0.043568 3.98E+02 0.00E+00 2.59E+02  0.837204  0.043568  0.0000000E+00  0.0000000E+00  1.0367352E-06  1.5881762E-01  6.3495836E-02  1.2680609E-04 -1.2526519E-01  5.6603518E-02  1.2595496E-02 0.000 0.157 1.000 1.000 1.000 1.000 1.000 1.000 1.000 1.000 1.000 1.000 1.000 1.000 1.000 1.000 1.000 1.000 1.000 1.000 1.000 1.000 1.000 1.000 1.000 1.000 1.000 1.000 1.000 1.000 1.000 1.000 1.000 1.000 1.000 1.000 1.000 1.000 1.000 1.000  7.9130270836E-02   0.00208   1.00000   0.00000   0.00000   0.1854130E-02
  4207  2.754409205271979E+07   9.963901  4.226543  4.346016  0.6781922E+00  0.3077888E+00  2.6451288E-05  1.1143448E-03  8.2281559E-05  4.0914641E-03  4.4691571E-03  7.3321828E-06  7.1151173E-06  2.1084332E-03  1.7053625E-04  0.1552    4.346016  -8.211  1.429572  7.703248  0.1428824E-02  0.9849501E+00  1.4223291E-14  1.0563297E-04  2.9011182E-05  9.1231853E-03  1.4271429E-04  1.8694238E-07  3.9847392E-10  2.1084332E-03  1.7053625E-04  7.796E-14  5.888E-21  1.146E+11  7.823E+10  2.729E+01  8.449E+04  0.83812312  4.009E-05  4.019E-05  8.589E-01  0.000E+00  0.000E+00  1.153E+00  707    1.6720  9.41E-03 1.1769E+01 3.0754E+01    3.98E+02 0.00E+00 2.58E+02  0.836399  0.043616 3.98E+02 0.00E+00 2.59E+02  0.838123  0.043620  0.0000000E+00  0.0000000E+00  1.0425877E-06  1.5827821E-01  6.3489404E-02  1.2721262E-04 -1.2551357E-01  5.6715474E-02  1.2619845E-02 0.000 0.157 1.000 1.000 1.000 1.000 1.000 1.000 1.000 1.000 1.000 1.000 1.000 1.000 1.000 1.000 1.000 1.000 1.000 1.000 1.000 1.000 1.000 1.000 1.000 1.000 1.000 1.000 1.000 1.000 1.000 1.000 1.000 1.000 1.000 1.000 1.000 1.000 1.000 1.000  7.9129228248E-02   0.00199   1.00000   0.00000   0.00000   0.1850496E-02
  4208  2.754488144165087E+07   9.963896  4.227077  4.346387  0.6781898E+00  0.3077912E+00  2.6450833E-05  1.1143127E-03  8.2281035E-05  4.0915559E-03  4.4690959E-03  7.3321909E-06  7.1149403E-06  2.1084332E-03  1.7053625E-04  0.1545    4.346387  -8.210  1.433282  7.704317  0.1362880E-02  0.9850161E+00  1.2650846E-14  1.0589568E-04  2.9085363E-05  9.1228526E-03  1.4265353E-04  1.8642988E-07  3.9796177E-10  2.1084332E-03  1.7053625E-04  7.796E-14  5.888E-21  1.167E+11  8.054E+10  2.777E+01  8.698E+04  0.83913235  4.023E-05  4.033E-05  8.584E-01  0.000E+00  0.000E+00  1.153E+00  707    1.6720  9.41E-03 1.1755E+01 3.0740E+01    3.99E+02 0.00E+00 2.59E+02  0.837183  0.043671 3.99E+02 0.00E+00 2.60E+02  0.839132  0.043673  0.0000000E+00  0.0000000E+00  1.0477050E-06  1.5772517E-01  6.3482175E-02  1.2762974E-04 -1.2577049E-01  5.6831291E-02  1.2644975E-02 0.000 0.157 1.000 1.000 1.000 1.000 1.000 1.000 1.000 1.000 1.000 1.000 1.000 1.000 1.000 1.000 1.000 1.000 1.000 1.000 1.000 1.000 1.000 1.000 1.000 1.000 1.000 1.000 1.000 1.000 1.000 1.000 1.000 1.000 1.000 1.000 1.000 1.000 1.000 1.000  7.9128180543E-02   0.00190   1.00000   0.00000   0.00000   0.1846503E-02
  4209  2.754567083058194E+07   9.963892  4.227633  4.346761  0.6781875E+00  0.3077936E+00  2.6450377E-05  1.1142805E-03  8.2280512E-05  4.0916477E-03  4.4690346E-03  7.3321990E-06  7.1147631E-06  2.1084332E-03  1.7053625E-04  0.1541    4.346761  -8.208  1.437252  7.705434  0.1296340E-02  0.9850827E+00  1.0862066E-14  1.0620033E-04  2.9166478E-05  9.1224650E-03  1.4259128E-04  1.8586398E-07  3.9769722E-10  2.1084332E-03  1.7053625E-04  7.796E-14  5.888E-21  1.188E+11  8.300E+10  2.828E+01  8.964E+04  0.84020190  4.037E-05  4.048E-05  8.579E-01  0.000E+00  0.000E+00  1.154E+00  707    1.6720  9.41E-03 1.1741E+01 3.0725E+01    3.99E+02 0.00E+00 2.60E+02  0.838197  0.043727 3.99E+02 0.00E+00 2.61E+02  0.840202  0.043729  0.0000000E+00  0.0000000E+00  1.0535675E-06  1.5715824E-01  6.3474928E-02  1.2806106E-04 -1.2603770E-01  5.6951810E-02  1.2670949E-02 0.000 0.155 1.000 1.000 1.000 1.000 1.000 1.000 1.000 1.000 1.000 1.000 1.000 1.000 1.000 1.000 1.000 1.000 1.000 1.000 1.000 1.000 1.000 1.000 1.000 1.000 1.000 1.000 1.000 1.000 1.000 1.000 1.000 1.000 1.000 1.000 1.000 1.000 1.000 1.000  7.9127126976E-02   0.00181   1.00000   0.00000   0.00000   0.1842148E-02
  4210  2.754646021951302E+07   9.963887  4.228217  4.347144  0.6781851E+00  0.3077960E+00  2.6449921E-05  1.1142483E-03  8.2279987E-05  4.0917397E-03  4.4689732E-03  7.3322071E-06  7.1145857E-06  2.1084332E-03  1.7053625E-04  0.1532    4.347144  -8.206  1.441336  7.706593  0.1230907E-02  0.9851482E+00  9.7219497E-15  1.0649130E-04  2.9248404E-05  9.1220922E-03  1.4252914E-04  1.8532510E-07  3.9715542E-10  2.1084332E-03  1.7053625E-04  7.796E-14  5.888E-21  1.211E+11  8.563E+10  2.882E+01  9.248E+04  0.84118354  4.050E-05  4.063E-05  8.574E-01  0.000E+00  0.000E+00  1.155E+00  707    1.6720  9.41E-03 1.1725E+01 3.0710E+01    3.99E+02 0.00E+00 2.60E+02  0.839273  0.043785 3.99E+02 0.00E+00 2.61E+02  0.841184  0.043788  0.0000000E+00  0.0000000E+00  1.0597761E-06  1.5657573E-01  6.3467603E-02  1.2850802E-04 -1.2631493E-01  5.7076849E-02  1.2697856E-02 0.000 0.155 1.000 1.000 1.000 1.000 1.000 1.000 1.000 1.000 1.000 1.000 1.000 1.000 1.000 1.000 1.000 1.000 1.000 1.000 1.000 1.000 1.000 1.000 1.000 1.000 1.000 1.000 1.000 1.000 1.000 1.000 1.000 1.000 1.000 1.000 1.000 1.000 1.000 1.000  7.9126067199E-02   0.00171   1.00000   0.00000   0.00000   0.1837531E-02
  4211  2.754724960844410E+07   9.963882  4.228836  4.347556  0.6781827E+00  0.3077984E+00  2.6449460E-05  1.1142158E-03  8.2279457E-05  4.0918327E-03  4.4689112E-03  7.3322153E-06  7.1144065E-06  2.1084332E-03  1.7053625E-04  0.1525    4.347556  -8.204  1.445607  7.707800  0.1165192E-02  0.9852140E+00  8.2129900E-15  1.0681903E-04  2.9336333E-05  9.1216713E-03  1.4246574E-04  1.8474372E-07  3.9680721E-10  2.1084332E-03  1.7053625E-04  2.484E-14  1.385E-21  1.235E+11  8.843E+10  2.940E+01  9.551E+04  0.84238848  4.066E-05  4.079E-05  8.568E-01  0.000E+00  0.000E+00  1.155E+00  708    1.6636  9.41E-03 1.1708E+01 3.0692E+01    3.99E+02 0.00E+00 2.61E+02  0.840246  0.043847 4.00E+02 0.00E+00 2.62E+02  0.842388  0.043850  0.0000000E+00  0.0000000E+00  1.0659585E-06  1.5597717E-01  6.3457152E-02  1.2895877E-04 -1.2660348E-01  5.7207062E-02  1.2725750E-02 0.000 0.153 1.000 1.000 1.000 1.000 1.000 1.000 1.000 1.000 1.000 1.000 1.000 1.000 1.000 1.000 1.000 1.000 1.000 1.000 1.000 1.000 1.000 1.000 1.000 1.000 1.000 1.000 1.000 1.000 1.000 1.000 1.000 1.000 1.000 1.000 1.000 1.000 1.000 1.000  7.9125001241E-02   0.00162   1.00000   0.00000   0.00000   0.1833231E-02
  4212  2.754803899737518E+07   9.963877  4.229474  4.347959  0.6781803E+00  0.3078007E+00  2.6449006E-05  1.1141838E-03  8.2278935E-05  4.0919242E-03  4.4688501E-03  7.3322234E-06  7.1142300E-06  2.1084332E-03  1.7053625E-04  0.1518    4.347959  -8.202  1.450185  7.709067  0.1100695E-02  0.9852786E+00  7.2722808E-15  1.0713323E-04  2.9425085E-05  9.1212650E-03  1.4240254E-04  1.8419285E-07  3.9617650E-10  2.1084332E-03  1.7053625E-04  2.484E-14  1.385E-21  1.261E+11  9.147E+10  3.000E+01  9.878E+04  0.84368088  4.082E-05  4.095E-05  8.561E-01  0.000E+00  0.000E+00  1.156E+00  708    1.6636  9.41E-03 1.1690E+01 3.0674E+01    4.00E+02 0.00E+00 2.62E+02  0.841378  0.043913 4.00E+02 0.00E+00 2.63E+02  0.843681  0.043915  0.0000000E+00  0.0000000E+00  1.0728417E-06  1.5536155E-01  6.3449181E-02  1.2943736E-04 -1.2690437E-01  5.7342842E-02  1.2754715E-02 0.000 0.153 1.000 1.000 1.000 1.000 1.000 1.000 1.000 1.000 1.000 1.000 1.000 1.000 1.000 1.000 1.000 1.000 1.000 1.000 1.000 1.000 1.000 1.000 1.000 1.000 1.000 1.000 1.000 1.000 1.000 1.000 1.000 1.000 1.000 1.000 1.000 1.000 1.000 1.000  7.9123928399E-02   0.00153   1.00000   0.00000   0.00000   0.1827911E-02
  4213  2.754882838630625E+07   9.963872  4.230154  4.348418  0.6781779E+00  0.3078031E+00  2.6448544E-05  1.1141512E-03  8.2278403E-05  4.0920173E-03  4.4687880E-03  7.3322316E-06  7.1140503E-06  2.1084332E-03  1.7053625E-04  0.1508    4.348418  -8.200  1.454917  7.710385  0.1036070E-02  0.9853433E+00  6.0640707E-15  1.0748630E-04  2.9520242E-05  9.1208076E-03  1.4233815E-04  1.8359944E-07  3.9574454E-10  2.1084332E-03  1.7053625E-04  2.484E-14  1.385E-21  1.288E+11  9.471E+10  3.064E+01  1.023E+05  0.84481566  4.098E-05  4.113E-05  8.555E-01  0.000E+00  0.000E+00  1.157E+00  708    1.6636  9.41E-03 1.1671E+01 3.0656E+01    4.00E+02 0.00E+00 2.62E+02  0.842719  0.043979 4.00E+02 0.00E+00 2.64E+02  0.844816  0.043984  0.0000000E+00  0.0000000E+00  1.0804317E-06  1.5472875E-01  6.3442533E-02  1.2993963E-04 -1.2721793E-01  5.7484390E-02  1.2784783E-02 0.000 0.152 1.000 1.000 1.000 1.000 1.000 1.000 1.000 1.000 1.000 1.000 1.000 1.000 1.000 1.000 1.000 1.000 1.000 1.000 1.000 1.000 1.000 1.000 1.000 1.000 1.000 1.000 1.000 1.000 1.000 1.000 1.000 1.000 1.000 1.000 1.000 1.000 1.000 1.000  7.9122847968E-02   0.00144   1.00000   0.00000   0.00000   0.1823170E-02
  4214  2.754961777523733E+07   9.963867  4.230866  4.348895  0.6781755E+00  0.3078055E+00  2.6448089E-05  1.1141191E-03  8.2277881E-05  4.0921090E-03  4.4687268E-03  7.3322397E-06  7.1138736E-06  2.1084332E-03  1.7053625E-04  0.1499    4.348895  -8.198  1.459996  7.711773  0.9728072E-03  0.9854066E+00  5.2978219E-15  1.0782685E-04  2.9616540E-05  9.1203632E-03  1.4227409E-04  1.8303992E-07  3.9501814E-10  2.1084332E-03  1.7053625E-04  2.484E-14  1.385E-21  1.316E+11  9.823E+10  3.133E+01  1.061E+05  0.84597966  4.115E-05  4.131E-05  8.549E-01  0.000E+00  0.000E+00  1.158E+00  708    1.6636  9.41E-03 1.1651E+01 3.0637E+01    4.00E+02 0.00E+00 2.63E+02  0.843679  0.044052 4.01E+02 0.00E+00 2.64E+02  0.845980  0.044056  0.0000000E+00  0.0000000E+00  1.0872920E-06  1.5407674E-01  6.3435776E-02  1.3046185E-04 -1.2754568E-01  5.7632376E-02  1.2816101E-02 0.000 0.152 1.000 1.000 1.000 1.000 1.000 1.000 1.000 1.000 1.000 1.000 1.000 1.000 1.000 1.000 1.000 1.000 1.000 1.000 1.000 1.000 1.000 1.000 1.000 1.000 1.000 1.000 1.000 1.000 1.000 1.000 1.000 1.000 1.000 1.000 1.000 1.000 1.000 1.000  7.9121760676E-02   0.00136   1.00000   0.00000   0.00000   0.1818368E-02
  4215  2.755040716416841E+07   9.963862  4.231618  4.349387  0.6781731E+00  0.3078079E+00  2.6447630E-05  1.1140867E-03  8.2277352E-05  4.0922015E-03  4.4686651E-03  7.3322479E-06  7.1136951E-06  2.1084332E-03  1.7053625E-04  0.1490    4.349387  -8.195  1.465368  7.713228  0.9095702E-03  0.9854699E+00  4.3521135E-15  1.0820905E-04  2.9720000E-05  9.1198636E-03  1.4220894E-04  1.8243845E-07  3.9448132E-10  2.1084332E-03  1.7053625E-04  2.484E-14  1.385E-21  1.347E+11  1.020E+11  3.205E+01  1.102E+05  0.84721141  4.133E-05  4.150E-05  8.543E-01  0.000E+00  0.000E+00  1.158E+00  708    1.6636  9.41E-03 1.1630E+01 3.0616E+01    4.01E+02 0.00E+00 2.64E+02  0.844802  0.044128 4.01E+02 0.00E+00 2.65E+02  0.847211  0.044132  0.0000000E+00  0.0000000E+00  1.0948422E-06  1.5340582E-01  6.3428746E-02  1.3100352E-04 -1.2788865E-01  5.7787292E-02  1.2848705E-02 0.000 0.150 1.000 1.000 1.000 1.000 1.000 1.000 1.000 1.000 1.000 1.000 1.000 1.000 1.000 1.000 1.000 1.000 1.000 1.000 1.000 1.000 1.000 1.000 1.000 1.000 1.000 1.000 1.000 1.000 1.000 1.000 1.000 1.000 1.000 1.000 1.000 1.000 1.000 1.000  7.9120665833E-02   0.00127   1.00000   0.00000   0.00000   0.1813622E-02
  4216  2.755119655309948E+07   9.963857  4.232411  4.349891  0.6781707E+00  0.3078103E+00  2.6447170E-05  1.1140542E-03  8.2276823E-05  4.0922943E-03  4.4686032E-03  7.3322561E-06  7.1135162E-06  2.1084332E-03  1.7053625E-04  0.1475    4.349891  -8.193  1.470955  7.714750  0.8478747E-03  0.9855317E+00  3.7403400E-15  1.0858029E-04  2.9824995E-05  9.1193746E-03  1.4214429E-04  1.8187277E-07  3.9365069E-10  2.1084332E-03  1.7053625E-04  2.484E-14  1.385E-21  1.379E+11  1.061E+11  3.283E+01  1.146E+05  0.84851943  4.151E-05  4.169E-05  8.536E-01  0.000E+00  0.000E+00  1.159E+00  708    1.6636  9.41E-03 1.1607E+01 3.0595E+01    4.01E+02 0.00E+00 2.65E+02  0.846018  0.044209 4.01E+02 0.00E+00 2.66E+02  0.848519  0.044213  0.0000000E+00  0.0000000E+00  1.1030331E-06  1.5271508E-01  6.3421613E-02  1.3156658E-04 -1.2824658E-01  5.7948967E-02  1.2882665E-02 0.000 0.150 1.000 1.000 1.000 1.000 1.000 1.000 1.000 1.000 1.000 1.000 1.000 1.000 1.000 1.000 1.000 1.000 1.000 1.000 1.000 1.000 1.000 1.000 1.000 1.000 1.000 1.000 1.000 1.000 1.000 1.000 1.000 1.000 1.000 1.000 1.000 1.000 1.000 1.000  7.9119562800E-02   0.00118   1.00000   0.00000   0.00000   0.1807755E-02
  4217  2.755198594203056E+07   9.963852  4.233247  4.350408  0.6781683E+00  0.3078127E+00  2.6446709E-05  1.1140217E-03  8.2276293E-05  4.0923872E-03  4.4685412E-03  7.3322643E-06  7.1133370E-06  2.1084332E-03  1.7053625E-04  0.1464    4.350408  -8.190  1.476963  7.716352  0.7864239E-03  0.9855932E+00  3.0189038E-15  1.0899564E-04  2.9937920E-05  9.1188265E-03  1.4207872E-04  1.8126855E-07  3.9298380E-10  2.1084332E-03  1.7053625E-04  2.484E-14  1.385E-21  1.414E+11  1.106E+11  3.365E+01  1.194E+05  0.84990619  4.170E-05  4.190E-05  8.529E-01  0.000E+00  0.000E+00  1.160E+00  709    1.6467  9.41E-03 1.1582E+01 3.0571E+01    4.02E+02 0.00E+00 2.66E+02  0.847316  0.044294 4.02E+02 0.00E+00 2.67E+02  0.849906  0.044298  0.0000000E+00  0.0000000E+00  1.1117983E-06  1.5200408E-01  6.3414465E-02  1.3215232E-04 -1.2862192E-01  5.8118563E-02  1.2918062E-02 0.000 0.148 1.000 1.000 1.000 1.000 1.000 1.000 1.000 1.000 1.000 1.000 1.000 1.000 1.000 1.000 1.000 1.000 1.000 1.000 1.000 1.000 1.000 1.000 1.000 1.000 1.000 1.000 1.000 1.000 1.000 1.000 1.000 1.000 1.000 1.000 1.000 1.000 1.000 1.000  7.9118451002E-02   0.00110   1.00000   0.00000   0.00000   0.1801846E-02
  4218  2.755277533096164E+07   9.963846  4.234129  4.350940  0.6781659E+00  0.3078151E+00  2.6446247E-05  1.1139891E-03  8.2275761E-05  4.0924804E-03  4.4684791E-03  7.3322725E-06  7.1131574E-06  2.1084332E-03  1.7053625E-04  0.1450    4.350940  -8.188  1.483386  7.718045  0.7256688E-03  0.9856541E+00  2.4428112E-15  1.0943764E-04  3.0058399E-05  9.1182396E-03  1.4201268E-04  1.8065162E-07  3.9224512E-10  2.1084332E-03  1.7053625E-04  2.484E-14  1.385E-21  1.451E+11  1.154E+11  3.454E+01  1.246E+05  0.85123409  4.188E-05  4.211E-05  8.522E-01  0.000E+00  0.000E+00  1.161E+00  709    1.6467  9.41E-03 1.1556E+01 3.0547E+01    4.02E+02 0.00E+00 2.66E+02  0.848696  0.044383 4.02E+02 0.00E+00 2.68E+02  0.851234  0.044388  0.0000000E+00  0.0000000E+00  1.1211675E-06  1.5127150E-01  6.3407295E-02  1.3276248E-04 -1.2901634E-01  5.8296838E-02  1.2955097E-02 0.000 0.146 1.000 1.000 1.000 1.000 1.000 1.000 1.000 1.000 1.000 1.000 1.000 1.000 1.000 1.000 1.000 1.000 1.000 1.000 1.000 1.000 1.000 1.000 1.000 1.000 1.000 1.000 1.000 1.000 1.000 1.000 1.000 1.000 1.000 1.000 1.000 1.000 1.000 1.000  7.9117329835E-02   0.00101   1.00000   0.00000   0.00000   0.1795514E-02
  4219  2.755356471989271E+07   9.963841  4.235064  4.351505  0.6781635E+00  0.3078176E+00  2.6445784E-05  1.1139564E-03  8.2275228E-05  4.0925737E-03  4.4684168E-03  7.3322808E-06  7.1129775E-06  2.1084332E-03  1.7053625E-04  0.1433    4.351505  -8.185  1.490265  7.719837  0.6657915E-03  0.9857141E+00  1.9507593E-15  1.0990490E-04  3.0186202E-05  9.1176157E-03  1.4194635E-04  1.8002978E-07  3.9140307E-10  2.1084332E-03  1.7053625E-04  2.484E-14  1.385E-21  1.491E+11  1.207E+11  3.548E+01  1.304E+05  0.85267063  4.209E-05  4.234E-05  8.514E-01  0.000E+00  0.000E+00  1.162E+00  709    1.6467  9.41E-03 1.1526E+01 3.0519E+01    4.02E+02 0.00E+00 2.67E+02  0.850016  0.044478 4.03E+02 0.00E+00 2.69E+02  0.852671  0.044484  0.0000000E+00  0.0000000E+00  1.1307723E-06  1.5051636E-01  6.3397023E-02  1.3338545E-04 -1.2943125E-01  5.8484454E-02  1.2993894E-02 0.000 0.145 1.000 1.000 1.000 1.000 1.000 1.000 1.000 1.000 1.000 1.000 1.000 1.000 1.000 1.000 1.000 1.000 1.000 1.000 1.000 1.000 1.000 1.000 1.000 1.000 1.000 1.000 1.000 1.000 1.000 1.000 1.000 1.000 1.000 1.000 1.000 1.000 1.000 1.000  7.9116199062E-02   0.00093   1.00000   0.00000   0.00000   0.1789381E-02
  4220  2.755435410882379E+07   9.963836  4.236047  4.352070  0.6781611E+00  0.3078200E+00  2.6445321E-05  1.1139237E-03  8.2274695E-05  4.0926671E-03  4.4683544E-03  7.3322890E-06  7.1127972E-06  2.1084332E-03  1.7053625E-04  0.1415    4.352070  -8.182  1.497643  7.721735  0.6069703E-03  0.9857730E+00  1.5365503E-15  1.1039777E-04  3.0321420E-05  9.1169540E-03  1.4187991E-04  1.7940688E-07  3.9045032E-10  2.1084332E-03  1.7053625E-04  2.484E-14  1.385E-21  1.534E+11  1.265E+11  3.650E+01  1.366E+05  0.85440276  4.231E-05  4.258E-05  8.505E-01  0.000E+00  0.000E+00  1.163E+00  709    1.6467  9.41E-03 1.1495E+01 3.0489E+01    4.03E+02 0.00E+00 2.68E+02  0.851371  0.044579 4.03E+02 0.00E+00 2.70E+02  0.854403  0.044584  0.0000000E+00  0.0000000E+00  1.1409370E-06  1.4973927E-01  6.3386330E-02  1.3403251E-04 -1.2986784E-01  5.8681907E-02  1.3034521E-02 0.000 0.143 1.000 1.000 1.000 1.000 1.000 1.000 1.000 1.000 1.000 1.000 1.000 1.000 1.000 1.000 1.000 1.000 1.000 1.000 1.000 1.000 1.000 1.000 1.000 1.000 1.000 1.000 1.000 1.000 1.000 1.000 1.000 1.000 1.000 1.000 1.000 1.000 1.000 1.000  7.9115058125E-02   0.00085   1.00000   0.00000   0.00000   0.1782298E-02
  4221  2.755514349775487E+07   9.963831  4.237077  4.352623  0.6781587E+00  0.3078224E+00  2.6444856E-05  1.1138909E-03  8.2274160E-05  4.0927608E-03  4.4682919E-03  7.3322973E-06  7.1126165E-06  2.1084332E-03  1.7053625E-04  0.1393    4.352623  -8.179  1.505573  7.723748  0.5494045E-03  0.9858306E+00  1.1920634E-15  1.1091735E-04  3.0464316E-05  9.1162528E-03  1.4181356E-04  1.7878677E-07  3.8937916E-10  2.1084332E-03  1.7053625E-04  5.315E-15  1.906E-22  1.579E+11  1.329E+11  3.759E+01  1.435E+05  0.85607863  4.252E-05  4.283E-05  8.496E-01  0.000E+00  0.000E+00  1.164E+00  709    1.6467  9.41E-03 1.1461E+01 3.0458E+01    4.03E+02 0.00E+00 2.69E+02  0.853156  0.044685 4.03E+02 0.00E+00 2.71E+02  0.856079  0.044690  0.0000000E+00  0.0000000E+00  1.1528400E-06  1.4894096E-01  6.3378521E-02  1.3471789E-04 -1.3032734E-01  5.8889741E-02  1.3077063E-02 0.000 0.141 1.000 1.000 1.000 1.000 1.000 1.000 1.000 1.000 1.000 1.000 1.000 1.000 1.000 1.000 1.000 1.000 1.000 1.000 1.000 1.000 1.000 1.000 1.000 1.000 1.000 1.000 1.000 1.000 1.000 1.000 1.000 1.000 1.000 1.000 1.000 1.000 1.000 1.000  7.9113905285E-02   0.00077   1.00000   0.00000   0.00000   0.1773952E-02
  4222  2.755561713111351E+07   9.963828  4.237690  4.352807  0.6781572E+00  0.3078239E+00  2.6444574E-05  1.1138711E-03  8.2273836E-05  4.0928175E-03  4.4682541E-03  7.3323023E-06  7.1125071E-06  2.1084332E-03  1.7053625E-04  0.1380    4.352807  -8.176  1.510679  7.725021  0.5131348E-03  0.9858671E+00  9.5090828E-16  1.1186693E-04  3.0705914E-05  9.1149241E-03  1.4177013E-04  1.7779892E-07  3.8745097E-10  2.1084332E-03  1.7053625E-04  5.315E-15  1.906E-22  1.608E+11  1.370E+11  3.828E+01  1.480E+05  0.85767682  4.265E-05  4.287E-05  8.487E-01  0.000E+00  0.000E+00  1.166E+00  709    1.6467  9.41E-03 1.1425E+01 3.0426E+01    4.04E+02 0.00E+00 2.71E+02  0.855387  0.044754 4.04E+02 0.00E+00 2.72E+02  0.857677  0.044753  0.0000000E+00  0.0000000E+00  6.9839502E-07  1.4845297E-01  6.3368970E-02  1.3511998E-04 -1.3061547E-01  5.9019966E-02  1.3103582E-02 0.000 0.139 1.000 1.000 1.000 1.000 1.000 1.000 1.000 1.000 1.000 1.000 1.000 1.000 1.000 1.000 1.000 1.000 1.000 1.000 1.000 1.000 1.000 1.000 1.000 1.000 1.000 1.000 1.000 1.000 1.000 1.000 1.000 1.000 1.000 1.000 1.000 1.000 1.000 1.000  7.9113206890E-02   0.00072   1.00000   0.00000   0.00000   0.1763831E-02
  4223  2.755609076447216E+07   9.963825  4.238387  4.353174  0.6781557E+00  0.3078253E+00  2.6444295E-05  1.1138513E-03  8.2273513E-05  4.0928740E-03  4.4682165E-03  7.3323073E-06  7.1123983E-06  2.1084332E-03  1.7053625E-04  0.1364    4.353174  -8.174  1.516134  7.726359  0.4773457E-03  0.9859030E+00  7.8652282E-16  1.1263965E-04  3.0921544E-05  9.1138292E-03  1.4172674E-04  1.7701085E-07  3.8559993E-10  2.1084332E-03  1.7053625E-04  5.315E-15  1.906E-22  1.639E+11  1.415E+11  3.901E+01  1.528E+05  0.85891735  4.280E-05  4.303E-05  8.480E-01  0.000E+00  0.000E+00  1.167E+00  709    1.6467  9.41E-03 1.1399E+01 3.0402E+01    4.04E+02 0.00E+00 2.72E+02  0.857561  0.044816 4.04E+02 0.00E+00 2.73E+02  0.858917  0.044825  0.0000000E+00  0.0000000E+00  7.0503045E-07  1.4795090E-01  6.3357910E-02  1.3553116E-04 -1.3091666E-01  5.9156260E-02  1.3131253E-02 0.000 0.138 1.000 1.000 1.000 1.000 1.000 1.000 1.000 1.000 1.000 1.000 1.000 1.000 1.000 1.000 1.000 1.000 1.000 1.000 1.000 1.000 1.000 1.000 1.000 1.000 1.000 1.000 1.000 1.000 1.000 1.000 1.000 1.000 1.000 1.000 1.000 1.000 1.000 1.000  7.9112501860E-02   0.00067   1.00000   0.00000   0.00000   0.1758831E-02
  4224  2.755656439783081E+07   9.963821  4.239096  4.353509  0.6781543E+00  0.3078268E+00  2.6444015E-05  1.1138315E-03  8.2273191E-05  4.0929304E-03  4.4681788E-03  7.3323123E-06  7.1122894E-06  2.1084332E-03  1.7053625E-04  0.1347    4.353509  -8.172  1.521943  7.727769  0.4421195E-03  0.9859384E+00  6.4478424E-16  1.1330180E-04  3.1112907E-05  9.1128893E-03  1.4168347E-04  1.7636467E-07  3.8386641E-10  2.1084332E-03  1.7053625E-04  5.315E-15  1.906E-22  1.672E+11  1.463E+11  3.979E+01  1.580E+05  0.86021785  4.294E-05  4.319E-05  8.473E-01  0.000E+00  0.000E+00  1.168E+00  710    1.6298  9.41E-03 1.1374E+01 3.0378E+01    4.04E+02 0.00E+00 2.72E+02  0.858170  0.044897 4.04E+02 0.00E+00 2.74E+02  0.860218  0.044898  0.0000000E+00  0.0000000E+00  7.0912831E-07  1.4743769E-01  6.3350472E-02  1.3597104E-04 -1.3123118E-01  5.9298593E-02  1.3160038E-02 0.000 0.136 1.000 1.000 1.000 1.000 1.000 1.000 1.000 1.000 1.000 1.000 1.000 1.000 1.000 1.000 1.000 1.000 1.000 1.000 1.000 1.000 1.000 1.000 1.000 1.000 1.000 1.000 1.000 1.000 1.000 1.000 1.000 1.000 1.000 1.000 1.000 1.000 1.000 1.000  7.9111792732E-02   0.00062   1.00000   0.00000   0.00000   0.1752500E-02
  4225  2.755703803118945E+07   9.963818  4.239837  4.353867  0.6781528E+00  0.3078283E+00  2.6443734E-05  1.1138118E-03  8.2272868E-05  4.0929870E-03  4.4681411E-03  7.3323173E-06  7.1121804E-06  2.1084332E-03  1.7053625E-04  0.1327    4.353867  -8.170  1.528131  7.729250  0.4075402E-03  0.9859731E+00  5.2343954E-16  1.1389718E-04  3.1286121E-05  9.1120465E-03  1.4164040E-04  1.7582192E-07  3.8221580E-10  2.1084332E-03  1.7053625E-04  5.315E-15  1.906E-22  1.706E+11  1.515E+11  4.061E+01  1.636E+05  0.86134187  4.308E-05  4.336E-05  8.467E-01  0.000E+00  0.000E+00  1.169E+00  710    1.6298  9.41E-03 1.1346E+01 3.0354E+01    4.04E+02 0.00E+00 2.73E+02  0.859604  0.044972 4.04E+02 0.00E+00 2.74E+02  0.861342  0.044975  0.0000000E+00  0.0000000E+00  7.1475705E-07  1.4691367E-01  6.3343386E-02  1.3642563E-04 -1.3155917E-01  5.9447059E-02  1.3189959E-02 0.000 0.134 1.000 1.000 1.000 1.000 1.000 1.000 1.000 1.000 1.000 1.000 1.000 1.000 1.000 1.000 1.000 1.000 1.000 1.000 1.000 1.000 1.000 1.000 1.000 1.000 1.000 1.000 1.000 1.000 1.000 1.000 1.000 1.000 1.000 1.000 1.000 1.000 1.000 1.000  7.9111077974E-02   0.00057   1.00000   0.00000   0.00000   0.1746436E-02
  4226  2.755751166454810E+07   9.963815  4.240608  4.354239  0.6781513E+00  0.3078297E+00  2.6443453E-05  1.1137919E-03  8.2272544E-05  4.0930436E-03  4.4681033E-03  7.3323223E-06  7.1120712E-06  2.1084332E-03  1.7053625E-04  0.1306    4.354239  -8.167  1.534720  7.730807  0.3736981E-03  0.9860070E+00  4.2039788E-16  1.1445505E-04  3.1447449E-05  9.1112600E-03  1.4159764E-04  1.7535632E-07  3.8060605E-10  2.1084332E-03  1.7053625E-04  5.315E-15  1.906E-22  1.743E+11  1.571E+11  4.147E+01  1.696E+05  0.86266374  4.323E-05  4.353E-05  8.459E-01  0.000E+00  0.000E+00  1.169E+00  710    1.6298  9.41E-03 1.1316E+01 3.0328E+01    4.05E+02 0.00E+00 2.74E+02  0.860674  0.045052 4.05E+02 0.00E+00 2.75E+02  0.862664  0.045055  0.0000000E+00  0.0000000E+00  7.1989031E-07  1.4637969E-01  6.3332990E-02  1.3687839E-04 -1.3190080E-01  5.9601745E-02  1.3221043E-02 0.000 0.132 1.000 1.000 1.000 1.000 1.000 1.000 1.000 1.000 1.000 1.000 1.000 1.000 1.000 1.000 1.000 1.000 1.000 1.000 1.000 1.000 1.000 1.000 1.000 1.000 1.000 1.000 1.000 1.000 1.000 1.000 1.000 1.000 1.000 1.000 1.000 1.000 1.000 1.000  7.9110358084E-02   0.00052   1.00000   0.00000   0.00000   0.1740611E-02
  4227  2.755798529790675E+07   9.963812  4.241393  4.354578  0.6781499E+00  0.3078312E+00  2.6443172E-05  1.1137721E-03  8.2272220E-05  4.0931003E-03  4.4680654E-03  7.3323273E-06  7.1119618E-06  2.1084332E-03  1.7053625E-04  0.1281    4.354578  -8.165  1.541741  7.732436  0.3406950E-03  0.9860402E+00  3.3378048E-16  1.1499462E-04  3.1601978E-05  9.1105018E-03  1.4155532E-04  1.7495141E-07  3.7898946E-10  2.1084332E-03  1.7053625E-04  5.315E-15  1.906E-22  1.781E+11  1.630E+11  4.238E+01  1.761E+05  0.86411104  4.339E-05  4.371E-05  8.451E-01  0.000E+00  0.000E+00  1.170E+00  710    1.6298  9.41E-03 1.1285E+01 3.0300E+01    4.05E+02 0.00E+00 2.75E+02  0.861968  0.045135 4.05E+02 0.00E+00 2.76E+02  0.864111  0.045136  0.0000000E+00  0.0000000E+00  7.2563182E-07  1.4583840E-01  6.3323841E-02  1.3734679E-04 -1.3225557E-01  5.9762330E-02  1.3253174E-02 0.000 0.131 1.000 1.000 1.000 1.000 1.000 1.000 1.000 1.000 1.000 1.000 1.000 1.000 1.000 1.000 1.000 1.000 1.000 1.000 1.000 1.000 1.000 1.000 1.000 1.000 1.000 1.000 1.000 1.000 1.000 1.000 1.000 1.000 1.000 1.000 1.000 1.000 1.000 1.000  7.9109632452E-02   0.00048   1.00000   0.00000   0.00000   0.1733480E-02
  4228  2.755845893126539E+07   9.963808  4.242204  4.354923  0.6781484E+00  0.3078327E+00  2.6442890E-05  1.1137522E-03  8.2271895E-05  4.0931572E-03  4.4680275E-03  7.3323323E-06  7.1118522E-06  2.1084332E-03  1.7053625E-04  0.1260    4.354923  -8.162  1.549315  7.734150  0.3081994E-03  0.9860728E+00  2.5434182E-16  1.1555390E-04  3.1757849E-05  9.1097193E-03  1.4151297E-04  1.7457397E-07  3.7733616E-10  2.1084332E-03  1.7053625E-04  5.315E-15  1.906E-22  1.820E+11  1.694E+11  4.332E+01  1.830E+05  0.86543692  4.353E-05  4.390E-05  8.444E-01  0.000E+00  0.000E+00  1.172E+00  710    1.6298  9.41E-03 1.1251E+01 3.0271E+01    4.05E+02 0.00E+00 2.76E+02  0.863562  0.045218 4.05E+02 0.00E+00 2.77E+02  0.865437  0.045221  0.0000000E+00  0.0000000E+00  7.3207684E-07  1.4529027E-01  6.3314499E-02  1.3782439E-04 -1.3262500E-01  5.9929628E-02  1.3286536E-02 0.000 0.127 1.000 1.000 1.000 1.000 1.000 1.000 1.000 1.000 1.000 1.000 1.000 1.000 1.000 1.000 1.000 1.000 1.000 1.000 1.000 1.000 1.000 1.000 1.000 1.000 1.000 1.000 1.000 1.000 1.000 1.000 1.000 1.000 1.000 1.000 1.000 1.000 1.000 1.000  7.9108900376E-02   0.00043   1.00000   0.00000   0.00000   0.1726261E-02
  4229  2.755893256462404E+07   9.963805  4.243038  4.355289  0.6781469E+00  0.3078342E+00  2.6442607E-05  1.1137323E-03  8.2271570E-05  4.0932141E-03  4.4679895E-03  7.3323373E-06  7.1117424E-06  2.1084332E-03  1.7053625E-04  0.1228    4.355289  -8.160  1.557374  7.735940  0.2768321E-03  0.9861042E+00  1.9636796E-16  1.1610879E-04  3.1913275E-05  9.1089415E-03  1.4147143E-04  1.7425263E-07  3.7554735E-10  2.1084332E-03  1.7053625E-04  5.315E-15  1.906E-22  1.861E+11  1.762E+11  4.430E+01  1.903E+05  0.86682196  4.369E-05  4.409E-05  8.436E-01  0.000E+00  0.000E+00  1.173E+00  710    1.6298  9.41E-03 1.1215E+01 3.0240E+01    4.05E+02 0.00E+00 2.77E+02  0.864889  0.045305 4.05E+02 0.00E+00 2.78E+02  0.866822  0.045308  0.0000000E+00  0.0000000E+00  7.3817904E-07  1.4473779E-01  6.3301686E-02  1.3829456E-04 -1.3300744E-01  6.0102762E-02  1.3320968E-02 0.000 0.125 1.000 1.000 1.000 1.000 1.000 1.000 1.000 1.000 1.000 1.000 1.000 1.000 1.000 1.000 1.000 1.000 1.000 1.000 1.000 1.000 1.000 1.000 1.000 1.000 1.000 1.000 1.000 1.000 1.000 1.000 1.000 1.000 1.000 1.000 1.000 1.000 1.000 1.000  7.9108162196E-02   0.00039   1.00000   0.00000   0.00000   0.1719511E-02
  4230  2.755940619798268E+07   9.963802  4.243878  4.355631  0.6781454E+00  0.3078356E+00  2.6442324E-05  1.1137123E-03  8.2271244E-05  4.0932711E-03  4.4679515E-03  7.3323424E-06  7.1116324E-06  2.1084332E-03  1.7053625E-04  0.1199    4.355631  -8.157  1.566063  7.737819  0.2462807E-03  0.9861349E+00  1.4511846E-16  1.1669460E-04  3.2074446E-05  9.1081212E-03  1.4143027E-04  1.7395898E-07  3.7359304E-10  2.1084332E-03  1.7053625E-04  5.315E-15  1.906E-22  1.904E+11  1.834E+11  4.531E+01  1.981E+05  0.86832964  4.384E-05  4.429E-05  8.427E-01  0.000E+00  0.000E+00  1.174E+00  710    1.6298  9.41E-03 1.1177E+01 3.0207E+01    4.06E+02 0.00E+00 2.77E+02  0.866216  0.045395 4.06E+02 0.00E+00 2.79E+02  0.868330  0.045395  0.0000000E+00  0.0000000E+00  7.4440351E-07  1.4418411E-01  6.3288135E-02  1.3876625E-04 -1.3340357E-01  6.0282117E-02  1.3356555E-02 0.000 0.122 1.000 1.000 1.000 1.000 1.000 1.000 1.000 1.000 1.000 1.000 1.000 1.000 1.000 1.000 1.000 1.000 1.000 1.000 1.000 1.000 1.000 1.000 1.000 1.000 1.000 1.000 1.000 1.000 1.000 1.000 1.000 1.000 1.000 1.000 1.000 1.000 1.000 1.000  7.9107417793E-02   0.00035   1.00000   0.00000   0.00000   0.1711986E-02
  4231  2.755987983134133E+07   9.963799  4.244723  4.355960  0.6781440E+00  0.3078371E+00  2.6442041E-05  1.1136923E-03  8.2270918E-05  4.0933283E-03  4.4679134E-03  7.3323474E-06  7.1115222E-06  2.1084332E-03  1.7053625E-04  0.1164    4.355960  -8.155  1.575433  7.739777  0.2167597E-03  0.9861645E+00  1.0520808E-16  1.1730935E-04  3.2242448E-05  9.1072593E-03  1.4138978E-04  1.7370497E-07  3.7139461E-10  2.1084332E-03  1.7053625E-04  6.051E-16  1.032E-23  1.947E+11  1.910E+11  4.634E+01  2.063E+05  0.87001244  4.401E-05  4.449E-05  8.417E-01  0.000E+00  0.000E+00  1.175E+00  711    1.6129  9.41E-03 1.1136E+01 3.0173E+01    4.06E+02 0.00E+00 2.78E+02  0.867822  0.045483 4.06E+02 0.00E+00 2.80E+02  0.870012  0.045484  0.0000000E+00  0.0000000E+00  7.5127635E-07  1.4363311E-01  6.3274313E-02  1.3923774E-04 -1.3381219E-01  6.0467028E-02  1.3393124E-02 0.000 0.118 1.000 1.000 1.000 1.000 1.000 1.000 1.000 1.000 1.000 1.000 1.000 1.000 1.000 1.000 1.000 1.000 1.000 1.000 1.000 1.000 1.000 1.000 1.000 1.000 1.000 1.000 1.000 1.000 1.000 1.000 1.000 1.000 1.000 1.000 1.000 1.000 1.000 1.000  7.9106666517E-02   0.00030   1.00000   0.00000   0.00000   0.1704135E-02
  4232  2.756016401135652E+07   9.963797  4.245194  4.355995  0.6781431E+00  0.3078380E+00  2.6441869E-05  1.1136802E-03  8.2270720E-05  4.0933628E-03  4.4678903E-03  7.3323505E-06  7.1114555E-06  2.1084332E-03  1.7053625E-04  0.1140    4.355995  -8.153  1.581375  7.740999  0.1985676E-03  0.9861829E+00  8.1499836E-17  1.1813558E-04  3.2442062E-05  9.1061037E-03  1.4136401E-04  1.7346807E-07  3.6723509E-10  2.1084332E-03  1.7053625E-04  6.051E-16  1.032E-23  1.974E+11  1.958E+11  4.697E+01  2.115E+05  0.87141148  4.410E-05  4.444E-05  8.409E-01  0.000E+00  0.000E+00  1.176E+00  711    1.6129  9.41E-03 1.1096E+01 3.0144E+01    4.06E+02 0.00E+00 2.80E+02  0.869742  0.045537 4.06E+02 0.00E+00 2.80E+02  0.871411  0.045533  0.0000000E+00  0.0000000E+00  4.5446777E-07  1.4330438E-01  6.3265476E-02  1.3951805E-04 -1.3406391E-01  6.0580784E-02  1.3415620E-02 0.000 0.116 1.000 1.000 1.000 1.000 1.000 1.000 1.000 1.000 1.000 1.000 1.000 1.000 1.000 1.000 1.000 1.000 1.000 1.000 1.000 1.000 1.000 1.000 1.000 1.000 1.000 1.000 1.000 1.000 1.000 1.000 1.000 1.000 1.000 1.000 1.000 1.000 1.000 1.000  7.9106212049E-02   0.00028   1.00000   0.00000   0.00000   0.1694539E-02
  4233  2.756044819137171E+07   9.963795  4.245729  4.356207  0.6781422E+00  0.3078389E+00  2.6441697E-05  1.1136680E-03  8.2270521E-05  4.0933976E-03  4.4678671E-03  7.3323536E-06  7.1113885E-06  2.1084332E-03  1.7053625E-04  0.1115    4.356207  -8.151  1.587637  7.742270  0.1807009E-03  0.9862009E+00  6.3329449E-17  1.1889031E-04  3.2640006E-05  9.1050331E-03  1.4133840E-04  1.7328749E-07  3.6407197E-10  2.1084332E-03  1.7053625E-04  6.051E-16  1.032E-23  2.001E+11  2.009E+11  4.762E+01  2.169E+05  0.87246761  4.420E-05  4.456E-05  8.403E-01  0.000E+00  0.000E+00  1.178E+00  711    1.6129  9.41E-03 1.1068E+01 3.0120E+01    4.06E+02 0.00E+00 2.81E+02  0.871735  0.045582 4.06E+02 0.00E+00 2.81E+02  0.872468  0.045589  0.0000000E+00  0.0000000E+00  4.5824314E-07  1.4297372E-01  6.3253427E-02  1.3978740E-04 -1.3432309E-01  6.0698120E-02  1.3438939E-02 0.000 0.113 1.000 1.000 1.000 1.000 1.000 1.000 1.000 1.000 1.000 1.000 1.000 1.000 1.000 1.000 1.000 1.000 1.000 1.000 1.000 1.000 1.000 1.000 1.000 1.000 1.000 1.000 1.000 1.000 1.000 1.000 1.000 1.000 1.000 1.000 1.000 1.000 1.000 1.000  7.9105753806E-02   0.00025   1.00000   0.00000   0.00000   0.1690163E-02
  4234  2.756073237138689E+07   9.963793  4.246241  4.356364  0.6781413E+00  0.3078398E+00  2.6441528E-05  1.1136561E-03  8.2270326E-05  4.0934317E-03  4.4678443E-03  7.3323566E-06  7.1113227E-06  2.1084332E-03  1.7053625E-04  0.1091    4.356364  -8.149  1.594346  7.743585  0.1634805E-03  0.9862183E+00  4.9721774E-17  1.1957216E-04  3.2827683E-05  9.1040578E-03  1.4131344E-04  1.7316217E-07  3.6149055E-10  2.1084332E-03  1.7053625E-04  6.051E-16  1.032E-23  2.028E+11  2.061E+11  4.828E+01  2.226E+05  0.87346565  4.429E-05  4.468E-05  8.397E-01  0.000E+00  0.000E+00  1.178E+00  711    1.6129  9.41E-03 1.1040E+01 3.0098E+01    4.06E+02 0.00E+00 2.81E+02  0.872169  0.045645 4.06E+02 0.00E+00 2.82E+02  0.873466  0.045643  0.0000000E+00  0.0000000E+00  4.6026777E-07  1.4264598E-01  6.3244862E-02  1.4007068E-04 -1.3458807E-01  6.0818012E-02  1.3462770E-02 0.000 0.111 1.000 1.000 1.000 1.000 1.000 1.000 1.000 1.000 1.000 1.000 1.000 1.000 1.000 1.000 1.000 1.000 1.000 1.000 1.000 1.000 1.000 1.000 1.000 1.000 1.000 1.000 1.000 1.000 1.000 1.000 1.000 1.000 1.000 1.000 1.000 1.000 1.000 1.000  7.9105293538E-02   0.00023   1.00000   0.00000   0.00000   0.1684310E-02
  4235  2.756101655140208E+07   9.963791  4.246759  4.356555  0.6781404E+00  0.3078407E+00  2.6441357E-05  1.1136440E-03  8.2270130E-05  4.0934661E-03  4.4678214E-03  7.3323596E-06  7.1112564E-06  2.1084332E-03  1.7053625E-04  0.1057    4.356555  -8.148  1.601356  7.744940  0.1469645E-03  0.9862349E+00  3.8516533E-17  1.2020289E-04  3.3004509E-05  9.1031531E-03  1.4128922E-04  1.7308902E-07  3.5912552E-10  2.1084332E-03  1.7053625E-04  6.051E-16  1.032E-23  2.056E+11  2.114E+11  4.893E+01  2.283E+05  0.87449132  4.439E-05  4.479E-05  8.391E-01  0.000E+00  0.000E+00  1.179E+00  711    1.6129  9.41E-03 1.1010E+01 3.0076E+01    4.06E+02 0.00E+00 2.82E+02  0.873360  0.045697 4.06E+02 0.00E+00 2.82E+02  0.874491  0.045697  0.0000000E+00  0.0000000E+00  4.6311685E-07  1.4232259E-01  6.3234258E-02  1.4034185E-04 -1.3485763E-01  6.0939963E-02  1.3487101E-02 0.000 0.109 1.000 1.000 1.000 1.000 1.000 1.000 1.000 1.000 1.000 1.000 1.000 1.000 1.000 1.000 1.000 1.000 1.000 1.000 1.000 1.000 1.000 1.000 1.000 1.000 1.000 1.000 1.000 1.000 1.000 1.000 1.000 1.000 1.000 1.000 1.000 1.000 1.000 1.000  7.9104830421E-02   0.00021   1.00000   0.00000   0.00000   0.1679821E-02
  4236  2.756130073141727E+07   9.963788  4.247251  4.356705  0.6781395E+00  0.3078416E+00  2.6441186E-05  1.1136320E-03  8.2269933E-05  4.0935006E-03  4.4677984E-03  7.3323627E-06  7.1111899E-06  2.1084332E-03  1.7053625E-04  0.1031    4.356705  -8.146  1.608817  7.746328  0.1309161E-03  0.9862511E+00  2.8427433E-17  1.2082608E-04  3.3176829E-05  9.1022619E-03  1.4126538E-04  1.7304726E-07  3.5671858E-10  2.1084332E-03  1.7053625E-04  6.051E-16  1.032E-23  2.083E+11  2.169E+11  4.958E+01  2.342E+05  0.87556372  4.448E-05  4.492E-05  8.384E-01  0.000E+00  0.000E+00  1.180E+00  711    1.6129  9.41E-03 1.0981E+01 3.0054E+01    4.06E+02 0.00E+00 2.82E+02  0.874257  0.045752 4.07E+02 0.00E+00 2.83E+02  0.875564  0.045749  0.0000000E+00  0.0000000E+00  4.6563188E-07  1.4200695E-01  6.3225538E-02  1.4061501E-04 -1.3513105E-01  6.1063597E-02  1.3511799E-02 0.000 0.104 1.000 1.000 1.000 1.000 1.000 1.000 1.000 1.000 1.000 1.000 1.000 1.000 1.000 1.000 1.000 1.000 1.000 1.000 1.000 1.000 1.000 1.000 1.000 1.000 1.000 1.000 1.000 1.000 1.000 1.000 1.000 1.000 1.000 1.000 1.000 1.000 1.000 1.000  7.9104364789E-02   0.00018   1.00000   0.00000   0.00000   0.1674175E-02
  4237  2.756158491143246E+07   9.963786  4.247727  4.356854  0.6781386E+00  0.3078425E+00  2.6441013E-05  1.1136198E-03  8.2269733E-05  4.0935354E-03  4.4677752E-03  7.3323657E-06  7.1111227E-06  2.1084332E-03  1.7053625E-04  0.0991    4.356854  -8.145  1.616650  7.747751  0.1154381E-03  0.9862667E+00  2.0528154E-17  1.2144763E-04  3.3346265E-05  9.1013753E-03  1.4124206E-04  1.7303927E-07  3.5417737E-10  2.1084332E-03  1.7053625E-04  6.051E-16  1.032E-23  2.109E+11  2.224E+11  5.020E+01  2.402E+05  0.87656202  4.457E-05  4.504E-05  8.378E-01  0.000E+00  0.000E+00  1.181E+00  711    1.6129  9.41E-03 1.0950E+01 3.0032E+01    4.07E+02 0.00E+00 2.83E+02  0.875462  0.045801 4.07E+02 0.00E+00 2.84E+02  0.876562  0.045799  0.0000000E+00  0.0000000E+00  4.6847064E-07  1.4170121E-01  6.3217153E-02  1.4088105E-04 -1.3540707E-01  6.1188328E-02  1.3536852E-02 0.000 0.100 1.000 1.000 1.000 1.000 1.000 1.000 1.000 1.000 1.000 1.000 1.000 1.000 1.000 1.000 1.000 1.000 1.000 1.000 1.000 1.000 1.000 1.000 1.000 1.000 1.000 1.000 1.000 1.000 1.000 1.000 1.000 1.000 1.000 1.000 1.000 1.000 1.000 1.000  7.9103896319E-02   0.00016   1.00000   0.00000   0.00000   0.1668964E-02
  4238  2.756186909144764E+07   9.963784  4.248179  4.356994  0.6781377E+00  0.3078434E+00  2.6440843E-05  1.1136078E-03  8.2269537E-05  4.0935697E-03  4.4677523E-03  7.3323688E-06  7.1110566E-06  2.1084332E-03  1.7053625E-04  0.0953    4.356994  -8.143  1.624984  7.749205  0.1009266E-03  0.9862813E+00  1.5022502E-17  1.2203852E-04  3.3508168E-05  9.1005313E-03  1.4121992E-04  1.7307368E-07  3.5167130E-10  2.1084332E-03  1.7053625E-04  6.051E-16  1.032E-23  2.135E+11  2.280E+11  5.081E+01  2.462E+05  0.87752098  4.466E-05  4.516E-05  8.373E-01  0.000E+00  0.000E+00  1.181E+00  712    1.5959  9.40E-03 1.0919E+01 3.0011E+01    4.07E+02 0.00E+00 2.84E+02  0.876451  0.045849 4.07E+02 0.00E+00 2.84E+02  0.877521  0.045847  0.0000000E+00  0.0000000E+00  4.7100402E-07  1.4140852E-01  6.3208491E-02  1.4113399E-04 -1.3568419E-01  6.1313461E-02  1.3562177E-02 0.000 0.098 1.000 1.000 1.000 1.000 1.000 1.000 1.000 1.000 1.000 1.000 1.000 1.000 1.000 1.000 1.000 1.000 1.000 1.000 1.000 1.000 1.000 1.000 1.000 1.000 1.000 1.000 1.000 1.000 1.000 1.000 1.000 1.000 1.000 1.000 1.000 1.000 1.000 1.000  7.9103425315E-02   0.00014   1.00000   0.00000   0.00000   0.1664057E-02
  4239  2.756215327146283E+07   9.963782  4.248591  4.357117  0.6781368E+00  0.3078443E+00  2.6440672E-05  1.1135957E-03  8.2269340E-05  4.0936043E-03  4.4677292E-03  7.3323718E-06  7.1109899E-06  2.1084332E-03  1.7053625E-04  0.0915    4.357117  -8.142  1.633759  7.750676  0.8715642E-04  0.9862952E+00  1.0384327E-17  1.2263803E-04  3.3668525E-05  9.0996783E-03  1.4119861E-04  1.7313841E-07  3.4891599E-10  2.1084332E-03  1.7053625E-04  6.051E-16  1.032E-23  2.158E+11  2.334E+11  5.137E+01  2.521E+05  0.87851551  4.474E-05  4.528E-05  8.367E-01  0.000E+00  0.000E+00  1.182E+00  712    1.5959  9.40E-03 1.0887E+01 2.9990E+01    4.07E+02 0.00E+00 2.84E+02  0.877419  0.045894 4.07E+02 0.00E+00 2.85E+02  0.878516  0.045890  0.0000000E+00  0.0000000E+00  4.7343954E-07  1.4113338E-01  6.3199632E-02  1.4136948E-04 -1.3596016E-01  6.1437960E-02  1.3587594E-02 0.000 0.093 1.000 1.000 1.000 1.000 1.000 1.000 1.000 1.000 1.000 1.000 1.000 1.000 1.000 1.000 1.000 1.000 1.000 1.000 1.000 1.000 1.000 1.000 1.000 1.000 1.000 1.000 1.000 1.000 1.000 1.000 1.000 1.000 1.000 1.000 1.000 1.000 1.000 1.000  7.9102951875E-02   0.00012   1.00000   0.00000   0.00000   0.1658598E-02
  4240  2.756243745147802E+07   9.963780  4.248951  4.357190  0.6781359E+00  0.3078452E+00  2.6440500E-05  1.1135836E-03  8.2269142E-05  4.0936389E-03  4.4677061E-03  7.3323749E-06  7.1109232E-06  2.1084332E-03  1.7053625E-04  0.0870    4.357190  -8.141  1.643014  7.752158  0.7423556E-04  0.9863082E+00  6.9738740E-18  1.2324446E-04  3.3827736E-05  9.0988176E-03  1.4117831E-04  1.7323614E-07  3.4589446E-10  2.1084332E-03  1.7053625E-04  6.051E-16  1.032E-23  2.180E+11  2.387E+11  5.187E+01  2.578E+05  0.87932372  4.480E-05  4.539E-05  8.362E-01  0.000E+00  0.000E+00  1.183E+00  712    1.5959  9.40E-03 1.0855E+01 2.9971E+01    4.07E+02 0.00E+00 2.85E+02  0.878443  0.045934 4.07E+02 0.00E+00 2.85E+02  0.879324  0.045928  0.0000000E+00  0.0000000E+00  4.7582965E-07  1.4088043E-01  6.3192097E-02  1.4158964E-04 -1.3623259E-01  6.1560673E-02  1.3612956E-02 0.000 0.089 1.000 1.000 1.000 1.000 1.000 1.000 1.000 1.000 1.000 1.000 1.000 1.000 1.000 1.000 1.000 1.000 1.000 1.000 1.000 1.000 1.000 1.000 1.000 1.000 1.000 1.000 1.000 1.000 1.000 1.000 1.000 1.000 1.000 1.000 1.000 1.000 1.000 1.000  7.9102476045E-02   0.00010   1.00000   0.00000   0.00000   0.1654151E-02
  4241  2.756272163149321E+07   9.963778  4.249263  4.357281  0.6781350E+00  0.3078461E+00  2.6440328E-05  1.1135714E-03  8.2268943E-05  4.0936736E-03  4.4676830E-03  7.3323779E-06  7.1108563E-06  2.1084332E-03  1.7053625E-04  0.0818    4.357281  -8.140  1.652750  7.753639  0.6226526E-04  0.9863203E+00  4.5343653E-18  1.2385474E-04  3.3985384E-05  9.0979529E-03  1.4115922E-04  1.7336498E-07  3.4262147E-10  2.1084332E-03  1.7053625E-04  0.000E+00  0.000E+00  2.198E+11  2.437E+11  5.231E+01  2.632E+05  0.88008444  4.487E-05  4.550E-05  8.357E-01  0.000E+00  0.000E+00  1.184E+00  712    1.5959  9.40E-03 1.0822E+01 2.9952E+01    4.07E+02 0.00E+00 2.85E+02  0.879388  0.045966 4.07E+02 0.00E+00 2.86E+02  0.880084  0.045961  0.0000000E+00  0.0000000E+00  4.7797341E-07  1.4065400E-01  6.3180712E-02  1.4176651E-04 -1.3649863E-01  6.1680344E-02  1.3638135E-02 0.000 0.085 1.000 1.000 1.000 1.000 1.000 1.000 1.000 1.000 1.000 1.000 1.000 1.000 1.000 1.000 1.000 1.000 1.000 1.000 1.000 1.000 1.000 1.000 1.000 1.000 1.000 1.000 1.000 1.000 1.000 1.000 1.000 1.000 1.000 1.000 1.000 1.000 1.000 1.000  7.9101998072E-02   0.00009   1.00000   0.00000   0.00000   0.1650573E-02
  4242  2.756311948351447E+07   9.963775  4.249542  4.357367  0.6781338E+00  0.3078473E+00  2.6440086E-05  1.1135544E-03  8.2268665E-05  4.0937223E-03  4.4676505E-03  7.3323823E-06  7.1107623E-06  2.1084332E-03  1.7053625E-04  0.0745    4.357367  -8.139  1.667276  7.755656  0.4757344E-04  0.9863351E+00  2.3007848E-18  1.2449142E-04  3.4159252E-05  9.0970444E-03  1.4113549E-04  1.7341793E-07  3.4061016E-10  2.1084332E-03  1.7053625E-04  0.000E+00  0.000E+00  2.215E+11  2.497E+11  5.272E+01  2.697E+05  0.88090451  4.494E-05  4.588E-05  8.352E-01  0.000E+00  0.000E+00  1.184E+00  712    1.5959  9.40E-03 1.0788E+01 2.9931E+01    4.07E+02 0.00E+00 2.86E+02  0.880021  0.046008 4.07E+02 0.00E+00 2.86E+02  0.880905  0.045991  0.0000000E+00  0.0000000E+00  6.7184315E-07  1.4040643E-01  6.3167980E-02  1.4195956E-04 -1.3684709E-01  6.1836619E-02  1.3671952E-02 0.000 0.076 1.000 1.000 1.000 1.000 1.000 1.000 1.000 1.000 1.000 1.000 1.000 1.000 1.000 1.000 1.000 1.000 1.000 1.000 1.000 1.000 1.000 1.000 1.000 1.000 1.000 1.000 1.000 1.000 1.000 1.000 1.000 1.000 1.000 1.000 1.000 1.000 1.000 1.000  7.9101326229E-02   0.00007   1.00000   0.00000   0.00000   0.1646981E-02
  4243  2.756351733553573E+07   9.963772  4.249608  4.357347  0.6781325E+00  0.3078486E+00  2.6439844E-05  1.1135373E-03  8.2268386E-05  4.0937710E-03  4.4676180E-03  7.3323866E-06  7.1106684E-06  2.1084332E-03  1.7053625E-04  0.0663    4.357347  -8.138  1.682755  7.757568  0.3495812E-04  0.9863479E+00  1.0813654E-18  1.2518986E-04  3.4333928E-05  9.0960604E-03  1.4111462E-04  1.7355911E-07  3.3641342E-10  2.1084332E-03  1.7053625E-04  0.000E+00  0.000E+00  2.222E+11  2.543E+11  5.288E+01  2.747E+05  0.88180866  4.500E-05  4.603E-05  8.346E-01  0.000E+00  0.000E+00  1.185E+00  713    1.5789  9.40E-03 1.0744E+01 2.9913E+01    4.07E+02 0.00E+00 2.86E+02  0.880845  0.046020 4.07E+02 0.00E+00 2.87E+02  0.881809  0.045998  0.0000000E+00  0.0000000E+00  6.7387325E-07  1.4024407E-01  6.3155835E-02  1.4206924E-04 -1.3716382E-01  6.1977870E-02  1.3704066E-02 0.000 0.069 1.000 1.000 1.000 1.000 1.000 1.000 1.000 1.000 1.000 1.000 1.000 1.000 1.000 1.000 1.000 1.000 1.000 1.000 1.000 1.000 1.000 1.000 1.000 1.000 1.000 1.000 1.000 1.000 1.000 1.000 1.000 1.000 1.000 1.000 1.000 1.000 1.000 1.000  7.9100652356E-02   0.00005   1.00000   0.00000   0.00000   0.1643357E-02
  4244  2.756391518755699E+07   9.963770  4.249440  4.357233  0.6781312E+00  0.3078499E+00  2.6439603E-05  1.1135203E-03  8.2268108E-05  4.0938196E-03  4.4675855E-03  7.3323908E-06  7.1105746E-06  2.1084332E-03  1.7053625E-04  0.0555    4.357233  -8.138  1.699137  7.759335  0.2400713E-04  0.9863590E+00  3.9343751E-19  1.2602960E-04  3.4524881E-05  9.0948923E-03  1.4109584E-04  1.7381637E-07  3.2894202E-10  2.1084332E-03  1.7053625E-04  0.000E+00  0.000E+00  2.217E+11  2.572E+11  5.276E+01  2.778E+05  0.88236547  4.503E-05  4.614E-05  8.343E-01  0.000E+00  0.000E+00  1.186E+00  713    1.5789  9.40E-03 1.0703E+01 2.9902E+01    4.07E+02 0.00E+00 2.87E+02  0.881949  0.046005 4.07E+02 0.00E+00 2.87E+02  0.882365  0.045980  0.0000000E+00  0.0000000E+00  6.7549143E-07  1.4018602E-01  6.3148676E-02  1.4209589E-04 -1.3743608E-01  6.2098206E-02  1.3733586E-02 0.000 0.058 1.000 1.000 1.000 1.000 1.000 1.000 1.000 1.000 1.000 1.000 1.000 1.000 1.000 1.000 1.000 1.000 1.000 1.000 1.000 1.000 1.000 1.000 1.000 1.000 1.000 1.000 1.000 1.000 1.000 1.000 1.000 1.000 1.000 1.000 1.000 1.000 1.000 1.000  7.9099976864E-02   0.00004   1.00000   0.00000   0.00000   0.1640668E-02
  4245  2.756431303957826E+07   9.963767  4.249009  4.357051  0.6781300E+00  0.3078511E+00  2.6439362E-05  1.1135033E-03  8.2267830E-05  4.0938683E-03  4.4675531E-03  7.3323952E-06  7.1104807E-06  2.1084332E-03  1.7053625E-04  0.0411    4.357051  -8.139  1.716600  7.760844  0.1461877E-04  0.9863686E+00  8.7908677E-20  1.2711137E-04  3.4748995E-05  9.0934046E-03  1.4107881E-04  1.7442278E-07  3.1404681E-10  2.1084332E-03  1.7053625E-04  0.000E+00  0.000E+00  2.198E+11  2.581E+11  5.230E+01  2.787E+05  0.88251378  4.502E-05  4.624E-05  8.342E-01  0.000E+00  0.000E+00  1.186E+00  713    1.5789  9.40E-03 1.0664E+01 2.9899E+01    4.07E+02 0.00E+00 2.87E+02  0.882638  0.045962 4.07E+02 0.00E+00 2.87E+02  0.882514  0.045935  0.0000000E+00  0.0000000E+00  6.7532588E-07  1.4024664E-01  6.3143973E-02  1.4201337E-04 -1.3765498E-01  6.2193523E-02  1.3760005E-02 0.000 0.042 1.000 1.000 1.000 1.000 1.000 1.000 1.000 1.000 1.000 1.000 1.000 1.000 1.000 1.000 1.000 1.000 1.000 1.000 1.000 1.000 1.000 1.000 1.000 1.000 1.000 1.000 1.000 1.000 1.000 1.000 1.000 1.000 1.000 1.000 1.000 1.000 1.000 1.000  7.9099301538E-02   0.00002   1.00000   0.00000   0.00000   0.1640477E-02
  4246  2.756471089159952E+07   9.963764  4.248276  4.356741  0.6781287E+00  0.3078524E+00  2.6439121E-05  1.1134863E-03  8.2267552E-05  4.0939169E-03  4.4675207E-03  7.3323994E-06  7.1103871E-06  2.1084332E-03  1.7053625E-04  0.0225    4.356741  -8.141  1.735079  7.761965  0.7276934E-05  0.9863761E+00  2.7579949E-21  1.2843420E-04  3.5003006E-05  9.0916006E-03  1.4106438E-04  1.7578920E-07  2.8852183E-10  2.1084332E-03  1.7053625E-04  0.000E+00  0.000E+00  2.164E+11  2.567E+11  5.149E+01  2.772E+05  0.88216018  4.495E-05  4.631E-05  8.344E-01  0.000E+00  0.000E+00  1.186E+00  713    1.5789  9.40E-03 1.0630E+01 2.9905E+01    4.07E+02 0.00E+00 2.87E+02  0.882799  0.045889 4.07E+02 0.00E+00 2.87E+02  0.882160  0.045857  0.0000000E+00  0.0000000E+00  6.7300366E-07  1.4044230E-01  6.3142226E-02  1.4180784E-04 -1.3780899E-01  6.2258480E-02  1.3782461E-02 0.000 0.024 0.305 0.308 0.310 0.314 1.000 1.000 1.000 1.000 1.000 1.000 1.000 1.000 1.000 1.000 1.000 1.000 1.000 1.000 1.000 1.000 1.000 1.000 1.000 1.000 1.000 1.000 1.000 1.000 1.000 1.000 1.000 1.000 1.000 1.000 1.000 1.000 1.000 1.000  7.9098628535E-02   0.00001   1.00000   0.00000   0.00000   0.1641947E-02
  4247  2.756510874362078E+07   9.963761  4.247230  4.356366  0.6781275E+00  0.3078536E+00  2.6438879E-05  1.1134692E-03  8.2267274E-05  4.0939655E-03  4.4674882E-03  7.3324037E-06  7.1102933E-06  2.1084332E-03  1.7053625E-04  0.0010    4.356366  -8.143  1.754312  7.762492  0.2262071E-05  0.9863814E+00  4.1377401E-35  1.2997240E-04  3.5289693E-05  9.0895068E-03  1.4105285E-04  1.7790365E-07  2.6093100E-10  2.1084332E-03  1.7053625E-04  0.000E+00  0.000E+00  2.121E+11  2.570E+11  5.047E+01  2.776E+05  0.88144660  4.485E-05  4.636E-05  8.349E-01  0.000E+00  0.000E+00  1.186E+00  718    1.5789  9.40E-03 1.0599E+01 2.9921E+01    4.07E+02 0.00E+00 2.87E+02  0.882640  0.045780 4.07E+02 0.00E+00 2.86E+02  0.881447  0.045747  0.0000000E+00  0.0000000E+00  6.6881111E-07  1.4078688E-01  6.3139864E-02  1.4145024E-04 -1.3788554E-01  6.2287700E-02  1.3799353E-02 0.000 0.001 0.288 0.291 0.294 0.316 0.320 0.332 1.000 1.000 1.000 1.000 1.000 1.000 1.000 1.000 1.000 1.000 1.000 1.000 1.000 1.000 1.000 1.000 1.000 1.000 1.000 1.000 1.000 1.000 1.000 1.000 1.000 1.000 1.000 1.000 1.000 1.000 1.000 1.000  7.9097959723E-02   0.00001   1.00000   0.00000   0.00000   0.1647071E-02
  4248  2.756550659564204E+07   9.963758  4.245892  4.355857  0.6781262E+00  0.3078549E+00  2.6438638E-05  1.1134522E-03  8.2266996E-05  4.0940141E-03  4.4674558E-03  7.3324080E-06  7.1101996E-06  2.1084332E-03  1.7053625E-04  0.0000    4.355857  -8.147  1.773515  7.762433  0.6275966E-06  0.9863832E+00  0.0000000E+00  1.3057781E-04  3.5379433E-05  9.0887074E-03  1.4104897E-04  1.7878973E-07  2.4399866E-10  2.1084332E-03  1.7053625E-04  0.000E+00  0.000E+00  2.106E+11  2.992E+11  5.012E+01  3.231E+05  0.88029605  4.471E-05  4.668E-05  8.356E-01  0.000E+00  0.000E+00  1.186E+00  725    1.5619  9.40E-03 1.0689E+01 2.9936E+01    4.07E+02 0.00E+00 2.86E+02  0.881876  0.045637 4.06E+02 0.00E+00 2.85E+02  0.880296  0.045606  0.0000000E+00  0.0000000E+00  6.6221051E-07  1.4127639E-01  6.3144869E-02  1.4098374E-04 -1.3787117E-01  6.2278932E-02  1.3805582E-02 0.000 0.000 0.274 0.312 0.326 0.342 1.000 1.000 1.000 1.000 1.000 1.000 1.000 1.000 1.000 1.000 1.000 1.000 1.000 1.000 1.000 1.000 1.000 1.000 1.000 1.000 1.000 1.000 1.000 1.000 1.000 1.000 1.000 1.000 1.000 1.000 1.000 1.000 1.000 1.000  7.9097297513E-02   0.00000   1.00000   0.00000   0.00000   0.1653401E-02
  4249  2.756590444766330E+07   9.963755  4.244356  4.355300  0.6781250E+00  0.3078562E+00  2.6438398E-05  1.1134353E-03  8.2266719E-05  4.0940625E-03  4.4674235E-03  7.3324123E-06  7.1101062E-06  2.1084332E-03  1.7053625E-04  0.0000    4.355300  -8.152  1.792070  7.762150  0.1700762E-06  0.9863837E+00  0.0000000E+00  1.3075604E-04  3.5400850E-05  9.0884777E-03  1.4104788E-04  1.7905483E-07  2.3619633E-10  2.1084332E-03  1.7053625E-04  0.000E+00  0.000E+00  2.026E+11  2.760E+11  4.823E+01  2.980E+05  0.87860291  4.452E-05  4.678E-05  8.366E-01  0.000E+00  0.000E+00  1.185E+00  735    1.5619  9.40E-03 1.0753E+01 2.9966E+01    4.06E+02 0.00E+00 2.86E+02  0.880958  0.045466 4.06E+02 0.00E+00 2.84E+02  0.878603  0.045445  0.0000000E+00  0.0000000E+00  6.5445345E-07  1.4188525E-01  6.3153391E-02  1.4041792E-04 -1.3780777E-01  6.2241972E-02  1.3808966E-02 0.000 0.000 0.264 0.304 0.315 0.350 1.000 1.000 1.000 1.000 1.000 1.000 1.000 1.000 1.000 1.000 1.000 1.000 1.000 1.000 1.000 1.000 1.000 1.000 1.000 1.000 1.000 1.000 1.000 1.000 1.000 1.000 1.000 1.000 1.000 1.000 1.000 1.000 1.000 1.000  7.9096643059E-02   0.00000   1.00000   0.00000   0.00000   0.1662708E-02
  4250  2.756630229968457E+07   9.963753  4.242685  4.354682  0.6781237E+00  0.3078574E+00  2.6438158E-05  1.1134184E-03  8.2266442E-05  4.0941109E-03  4.4673912E-03  7.3324166E-06  7.1100129E-06  2.1084332E-03  1.7053625E-04  0.0000    4.354682  -8.157  1.810233  7.761946  0.4489852E-07  0.9863838E+00  0.0000000E+00  1.3080560E-04  3.5406259E-05  9.0884147E-03  1.4104758E-04  1.7912859E-07  2.3350226E-10  2.1084332E-03  1.7053625E-04  0.000E+00  0.000E+00  2.021E+11  2.992E+11  4.811E+01  3.231E+05  0.87672871  4.431E-05  4.608E-05  8.377E-01  0.000E+00  0.000E+00  1.183E+00  730    1.5619  9.40E-03 1.0592E+01 3.0015E+01    4.06E+02 0.00E+00 2.85E+02  0.879258  0.045284 4.06E+02 0.00E+00 2.83E+02  0.876729  0.045270  0.0000000E+00  0.0000000E+00  6.4491627E-07  1.4260722E-01  6.3159662E-02  1.3973319E-04 -1.3770077E-01  6.2188623E-02  1.3809221E-02 0.000 0.000 0.256 0.346 0.354 0.362 1.000 1.000 1.000 1.000 1.000 1.000 1.000 1.000 1.000 1.000 1.000 1.000 1.000 1.000 1.000 1.000 1.000 1.000 1.000 1.000 1.000 1.000 1.000 1.000 1.000 1.000 1.000 1.000 1.000 1.000 1.000 1.000 1.000 1.000  7.9095998143E-02   0.00000   1.00000   0.00000   0.00000   0.1673748E-02
  4251  2.756670015170583E+07   9.963750  4.240925  4.353962  0.6781224E+00  0.3078587E+00  2.6437918E-05  1.1134015E-03  8.2266165E-05  4.0941592E-03  4.4673590E-03  7.3324209E-06  7.1099197E-06  2.1084332E-03  1.7053625E-04  0.0000    4.353962  -8.162  1.826968  7.761337  0.1166964E-07  0.9863838E+00  0.0000000E+00  1.3081874E-04  3.5407656E-05  9.0883981E-03  1.4104750E-04  1.7914789E-07  2.3274869E-10  2.1084332E-03  1.7053625E-04  0.000E+00  0.000E+00  2.020E+11  3.957E+11  4.809E+01  4.274E+05  0.87479456  4.407E-05  4.565E-05  8.389E-01  0.000E+00  0.000E+00  1.182E+00  730    1.5619  9.40E-03 1.0576E+01 3.0049E+01    4.06E+02 0.00E+00 2.83E+02  0.877488  0.045096 4.05E+02 0.00E+00 2.82E+02  0.874795  0.045087  0.0000000E+00  0.0000000E+00  6.3516912E-07  1.4343181E-01  6.3166922E-02  1.3896154E-04 -1.3751081E-01  6.2099883E-02  1.3790319E-02 0.000 0.000 0.250 0.301 0.306 0.336 0.345 0.368 1.000 1.000 1.000 1.000 1.000 1.000 1.000 1.000 1.000 1.000 1.000 1.000 1.000 1.000 1.000 1.000 1.000 1.000 1.000 1.000 1.000 1.000 1.000 1.000 1.000 1.000 1.000 1.000 1.000 1.000 1.000 1.000  7.9095362974E-02   0.00000   1.00000   0.00000   0.00000   0.1684713E-02
  4252  2.756709800372709E+07   9.963747  4.239327  4.353212  0.6781212E+00  0.3078599E+00  2.6437680E-05  1.1133846E-03  8.2265890E-05  4.0942073E-03  4.4673269E-03  7.3324251E-06  7.1098269E-06  2.1084332E-03  1.7053625E-04  0.0000    4.353212  -8.167  1.843841  7.761120  0.2958896E-08  0.9863838E+00  0.0000000E+00  1.3082221E-04  3.5408019E-05  9.0883938E-03  1.4104748E-04  1.7915292E-07  2.3254873E-10  2.1084332E-03  1.7053625E-04  0.000E+00  0.000E+00  1.913E+11  3.287E+11  4.553E+01  3.550E+05  0.87268392  4.380E-05  4.561E-05  8.402E-01  0.000E+00  0.000E+00  1.181E+00  759    1.5619  9.40E-03 1.0605E+01 3.0071E+01    4.05E+02 0.00E+00 2.82E+02  0.875862  0.044905 4.05E+02 0.00E+00 2.80E+02  0.872684  0.044922  0.0000000E+00  0.0000000E+00  6.2577418E-07  1.4427797E-01  6.3177076E-02  1.3819189E-04 -1.3737238E-01  6.2026943E-02  1.3784757E-02 0.000 0.000 0.244 0.293 0.300 0.360 0.368 0.372 1.000 1.000 1.000 1.000 1.000 1.000 1.000 1.000 1.000 1.000 1.000 1.000 1.000 1.000 1.000 1.000 1.000 1.000 1.000 1.000 1.000 1.000 1.000 1.000 1.000 1.000 1.000 1.000 1.000 1.000 1.000 1.000  7.9094737200E-02   0.00000   1.00000   0.00000   0.00000   0.1694936E-02
  4253  2.756749585574835E+07   9.963744  4.237517  4.352281  0.6781200E+00  0.3078612E+00  2.6437442E-05  1.1133678E-03  8.2265616E-05  4.0942552E-03  4.4672949E-03  7.3324293E-06  7.1097345E-06  2.1084332E-03  1.7053625E-04  0.0000    4.352281  -8.171  1.861404  7.761575  0.0000000E+00  0.9863838E+00  0.0000000E+00  1.3082312E-04  3.5408112E-05  9.0883927E-03  1.4104748E-04  1.7915423E-07  2.3249558E-10  2.1084332E-03  1.7053625E-04  0.000E+00  0.000E+00  1.872E+11  3.926E+11  4.456E+01  4.240E+05  0.87038687  4.347E-05  4.579E-05  8.415E-01  0.000E+00  0.000E+00  1.179E+00  767    1.5619  9.40E-03 1.0565E+01 3.0080E+01    4.05E+02 0.00E+00 2.81E+02  0.874026  0.044757 4.04E+02 0.00E+00 2.79E+02  0.870387  0.044735  0.0000000E+00  0.0000000E+00  6.1767313E-07  1.4522300E-01  6.3184067E-02  1.3732538E-04 -1.3722537E-01  6.1965350E-02  1.3783766E-02 0.000 0.000 0.239 0.291 0.310 0.342 0.352 0.354 0.358 0.366 1.000 1.000 1.000 1.000 1.000 1.000 1.000 1.000 1.000 1.000 1.000 1.000 1.000 1.000 1.000 1.000 1.000 1.000 1.000 1.000 1.000 1.000 1.000 1.000 1.000 1.000 1.000 1.000 1.000 1.000  7.9094119527E-02   0.00000   1.00000   0.00000   0.00000   0.1704401E-02
  4254  2.756789370776961E+07   9.963742  4.235823  4.351339  0.6781187E+00  0.3078624E+00  2.6437203E-05  1.1133510E-03  8.2265341E-05  4.0943033E-03  4.4672628E-03  7.3324336E-06  7.1096418E-06  2.1084332E-03  1.7053625E-04  0.0000    4.351339  -8.177  1.877852  7.761758  0.0000000E+00  0.9863838E+00  0.0000000E+00  1.3082312E-04  3.5408112E-05  9.0883927E-03  1.4104748E-04  1.7915423E-07  2.3249558E-10  2.1084332E-03  1.7053625E-04  0.000E+00  0.000E+00  1.768E+11  2.986E+11  4.207E+01  3.224E+05  0.86837348  4.316E-05  4.532E-05  8.427E-01  0.000E+00  0.000E+00  1.178E+00  762    1.5789  9.40E-03 1.0622E+01 3.0097E+01    4.04E+02 0.00E+00 2.79E+02  0.872226  0.044549 4.04E+02 0.00E+00 2.77E+02  0.868373  0.044561  0.0000000E+00  0.0000000E+00  6.0780137E-07  1.4627648E-01  6.3181477E-02  1.3632493E-04 -1.3705191E-01  6.1875650E-02  1.3781940E-02 0.000 0.000 0.239 0.332 0.345 0.366 0.370 0.375 1.000 1.000 1.000 1.000 1.000 1.000 1.000 1.000 1.000 1.000 1.000 1.000 1.000 1.000 1.000 1.000 1.000 1.000 1.000 1.000 1.000 1.000 1.000 1.000 1.000 1.000 1.000 1.000 1.000 1.000 1.000 1.000  7.9093511725E-02   0.00000   1.00000   0.00000   0.00000   0.1715169E-02
  4255  2.756829155979088E+07   9.963739  4.234213  4.350234  0.6781175E+00  0.3078636E+00  2.6436966E-05  1.1133343E-03  8.2265067E-05  4.0943511E-03  4.4672309E-03  7.3324378E-06  7.1095495E-06  2.1084332E-03  1.7053625E-04  0.0000    4.350234  -8.182  1.893681  7.761906  0.0000000E+00  0.9863838E+00  0.0000000E+00  1.3082312E-04  3.5408112E-05  9.0883927E-03  1.4104748E-04  1.7915423E-07  2.3249558E-10  2.1084332E-03  1.7053625E-04  0.000E+00  0.000E+00  1.672E+11  2.687E+11  3.979E+01  2.902E+05  0.86658941  4.282E-05  4.496E-05  8.437E-01  0.000E+00  0.000E+00  1.176E+00  756    1.5789  9.40E-03 1.0590E+01 3.0104E+01    4.03E+02 0.00E+00 2.78E+02  0.870368  0.044387 4.03E+02 0.00E+00 2.76E+02  0.866589  0.044396  0.0000000E+00  0.0000000E+00  5.9951630E-07  1.4742387E-01  6.3180326E-02  1.3525899E-04 -1.3684023E-01  6.1770938E-02  1.3774243E-02 0.000 0.000 0.239 0.326 0.336 0.340 0.341 0.367 1.000 1.000 1.000 1.000 1.000 1.000 1.000 1.000 1.000 1.000 1.000 1.000 1.000 1.000 1.000 1.000 1.000 1.000 1.000 1.000 1.000 1.000 1.000 1.000 1.000 1.000 1.000 1.000 1.000 1.000 1.000 1.000  7.9092912209E-02   0.00000   1.00000   0.00000   0.00000   0.1722257E-02
  4256  2.756868941181214E+07   9.963737  4.232853  4.349115  0.6781162E+00  0.3078649E+00  2.6436729E-05  1.1133176E-03  8.2264794E-05  4.0943988E-03  4.4671991E-03  7.3324420E-06  7.1094576E-06  2.1084332E-03  1.7053625E-04  0.0000    4.349115  -8.187  1.908441  7.761765  0.0000000E+00  0.9863838E+00  0.0000000E+00  1.3082312E-04  3.5408112E-05  9.0883927E-03  1.4104748E-04  1.7915423E-07  2.3249558E-10  2.1084332E-03  1.7053625E-04  0.000E+00  0.000E+00  1.721E+11  4.169E+11  4.097E+01  4.503E+05  0.86489605  4.246E-05  4.403E-05  8.447E-01  0.000E+00  0.000E+00  1.176E+00  781    1.5789  9.40E-03 1.0449E+01 3.0111E+01    4.02E+02 0.00E+00 2.77E+02  0.869301  0.044231 4.02E+02 0.00E+00 2.74E+02  0.864896  0.044257  0.0000000E+00  0.0000000E+00  5.9303945E-07  1.4862149E-01  6.3173861E-02  1.3413964E-04 -1.3656721E-01  6.1649028E-02  1.3746234E-02 0.000 0.000 0.239 0.306 0.330 0.364 0.375 0.382 1.000 1.000 1.000 1.000 1.000 1.000 1.000 1.000 1.000 1.000 1.000 1.000 1.000 1.000 1.000 1.000 1.000 1.000 1.000 1.000 1.000 1.000 1.000 1.000 1.000 1.000 1.000 1.000 1.000 1.000 1.000 1.000  7.9092319170E-02   0.00000   1.00000   0.00000   0.00000   0.1728204E-02
  4257  2.756908726383340E+07   9.963734  4.231798  4.347957  0.6781150E+00  0.3078661E+00  2.6436493E-05  1.1133009E-03  8.2264521E-05  4.0944465E-03  4.4671673E-03  7.3324462E-06  7.1093656E-06  2.1084332E-03  1.7053625E-04  0.0000    4.347957  -8.190  1.924027  7.762312  0.0000000E+00  0.9863838E+00  0.0000000E+00  1.3082312E-04  3.5408112E-05  9.0883927E-03  1.4104748E-04  1.7915423E-07  2.3249558E-10  2.1084332E-03  1.7053625E-04  0.000E+00  0.000E+00  1.570E+11  3.337E+11  3.736E+01  3.604E+05  0.86348216  4.209E-05  4.371E-05  8.455E-01  0.000E+00  0.000E+00  1.174E+00  776    1.5959  9.40E-03 1.0468E+01 3.0081E+01    4.01E+02 0.00E+00 2.76E+02  0.867911  0.044118 4.01E+02 0.00E+00 2.73E+02  0.863482  0.044149  0.0000000E+00  0.0000000E+00  5.8751969E-07  1.4982033E-01  6.3163261E-02  1.3302212E-04 -1.3638900E-01  6.1560585E-02  1.3739687E-02 0.000 0.000 0.237 0.299 0.325 0.352 0.363 0.367 0.372 0.378 1.000 1.000 1.000 1.000 1.000 1.000 1.000 1.000 1.000 1.000 1.000 1.000 1.000 1.000 1.000 1.000 1.000 1.000 1.000 1.000 1.000 1.000 1.000 1.000 1.000 1.000 1.000 1.000 1.000 1.000  7.9091731650E-02   0.00000   1.00000   0.00000   0.00000   0.1731327E-02
  4258  2.756948511585466E+07   9.963731  4.230937  4.346711  0.6781138E+00  0.3078673E+00  2.6436256E-05  1.1132842E-03  8.2264248E-05  4.0944941E-03  4.4671355E-03  7.3324504E-06  7.1092738E-06  2.1084332E-03  1.7053625E-04  0.0000    4.346711  -8.193  1.939169  7.762868  0.0000000E+00  0.9863838E+00  0.0000000E+00  1.3082312E-04  3.5408112E-05  9.0883927E-03  1.4104748E-04  1.7915423E-07  2.3249558E-10  2.1084332E-03  1.7053625E-04  0.000E+00  0.000E+00  1.476E+11  2.755E+11  3.513E+01  2.975E+05  0.86231947  4.171E-05  4.346E-05  8.461E-01  0.000E+00  0.000E+00  1.174E+00  728    1.5959  9.40E-03 1.0423E+01 3.0043E+01    4.00E+02 0.00E+00 2.74E+02  0.866947  0.044042 4.00E+02 0.00E+00 2.72E+02  0.862319  0.044062  0.0000000E+00  0.0000000E+00  5.8407610E-07  1.5110585E-01  6.3148647E-02  1.3182993E-04 -1.3618969E-01  6.1462573E-02  1.3730785E-02 0.000 0.000 0.236 0.295 0.322 0.338 0.367 0.373 1.000 1.000 1.000 1.000 1.000 1.000 1.000 1.000 1.000 1.000 1.000 1.000 1.000 1.000 1.000 1.000 1.000 1.000 1.000 1.000 1.000 1.000 1.000 1.000 1.000 1.000 1.000 1.000 1.000 1.000 1.000 1.000  7.9091147574E-02   0.00000   1.00000   0.00000   0.00000   0.1731963E-02
  4259  2.756988296787592E+07   9.963729  4.230268  4.345474  0.6781125E+00  0.3078686E+00  2.6436020E-05  1.1132675E-03  8.2263975E-05  4.0945418E-03  4.4671037E-03  7.3324547E-06  7.1091818E-06  2.1084332E-03  1.7053625E-04  0.0000    4.345474  -8.196  1.954086  7.763536  0.0000000E+00  0.9863838E+00  0.0000000E+00  1.3082312E-04  3.5408112E-05  9.0883927E-03  1.4104748E-04  1.7915423E-07  2.3249558E-10  2.1084332E-03  1.7053625E-04  0.000E+00  0.000E+00  1.398E+11  2.400E+11  3.327E+01  2.592E+05  0.86126712  4.132E-05  4.307E-05  8.467E-01  0.000E+00  0.000E+00  1.173E+00  767    1.5959  9.40E-03 1.0347E+01 2.9998E+01    3.99E+02 0.00E+00 2.73E+02  0.866320  0.043975 3.99E+02 0.00E+00 2.70E+02  0.861267  0.043994  0.0000000E+00  0.0000000E+00  5.8159272E-07  1.5246740E-01  6.3129933E-02  1.3057528E-04 -1.3598099E-01  6.1360017E-02  1.3722055E-02 0.000 0.000 0.236 0.293 0.319 0.330 0.338 0.342 0.363 0.368 1.000 1.000 1.000 1.000 1.000 1.000 1.000 1.000 1.000 1.000 1.000 1.000 1.000 1.000 1.000 1.000 1.000 1.000 1.000 1.000 1.000 1.000 1.000 1.000 1.000 1.000 1.000 1.000 1.000 1.000  7.9090565981E-02   0.00000   1.00000   0.00000   0.00000   0.1732204E-02
  4260  2.757028081989719E+07   9.963726  4.229809  4.344163  0.6781113E+00  0.3078698E+00  2.6435783E-05  1.1132508E-03  8.2263702E-05  4.0945895E-03  4.4670719E-03  7.3324589E-06  7.1090898E-06  2.1084332E-03  1.7053625E-04  0.0000    4.344163  -8.198  1.968645  7.764229  0.0000000E+00  0.9863838E+00  0.0000000E+00  1.3082312E-04  3.5408112E-05  9.0883927E-03  1.4104748E-04  1.7915423E-07  2.3249558E-10  2.1084332E-03  1.7053625E-04  0.000E+00  0.000E+00  1.325E+11  2.178E+11  3.153E+01  2.352E+05  0.86063422  4.094E-05  4.280E-05  8.471E-01  0.000E+00  0.000E+00  1.173E+00  760    1.5959  9.40E-03 1.0307E+01 2.9941E+01    3.98E+02 0.00E+00 2.72E+02  0.865424  0.043926 3.98E+02 0.00E+00 2.69E+02  0.860634  0.043948  0.0000000E+00  0.0000000E+00  5.7930370E-07  1.5390150E-01  6.3112316E-02  1.2928674E-04 -1.3575727E-01  6.1250444E-02  1.3711970E-02 0.000 0.000 0.237 0.292 0.318 0.324 0.338 0.341 0.364 0.367 1.000 1.000 1.000 1.000 1.000 1.000 1.000 1.000 1.000 1.000 1.000 1.000 1.000 1.000 1.000 1.000 1.000 1.000 1.000 1.000 1.000 1.000 1.000 1.000 1.000 1.000 1.000 1.000 1.000 1.000  7.9089986677E-02   0.00000   1.00000   0.00000   0.00000   0.1730031E-02
