   173  2.278629815039994E+05   9.999928  3.716959  4.405432  0.7200000E+00  0.2659559E+00  4.4148437E-05  2.5648146E-03  3.1125577E-05  7.4002602E-04  6.4239375E-03  2.5450983E-06  1.4491123E-05  2.1084332E-03  1.7053625E-04  0.3371    4.405432  -9.522  1.038911  7.518212  0.7169772E+00  0.2686710E+00  3.3065893E-07  2.6110343E-05  7.0977086E-06  4.2434935E-03  5.8251313E-03  2.9352822E-05  2.1457792E-08  2.1084332E-03  1.7053625E-04  5.421E-10  1.543E-16  4.253E+11  2.907E+12  1.012E+02  3.139E+06  0.56774847  9.010E-05  9.030E-05  9.467E-01  0.000E+00  0.000E+00  1.051E+00  323    3.3524  1.01E-02 2.9929E+01 4.9077E+01    5.95E+02 0.00E+00 2.38E+02  0.568190  0.013780 5.95E+02 0.00E+00 2.38E+02  0.567748  0.013779  0.0000000E+00  0.0000000E+00  3.5972208E-08  8.2287564E-02  7.4203373E-02  3.3443605E-04 -1.4961930E-01  7.2902791E-02  5.5077903E-03 0.000 0.339 1.000 1.000 1.000 1.000 1.000 1.000 1.000 1.000 1.000 1.000 1.000 1.000 1.000 1.000 1.000 1.000 1.000 1.000 1.000 1.000 1.000 1.000 1.000 1.000 1.000 1.000 1.000 1.000 1.000 1.000 1.000 1.000 1.000 1.000 1.000 1.000 1.000 1.000  8.4131357738E-02   0.99580   1.00000   0.00000   0.00000   0.1116803E-01
   207  3.120720877332468E+05   9.999902  3.717941  4.405127  0.7200000E+00  0.2659559E+00  4.4148767E-05  2.5648146E-03  3.1125577E-05  7.4002602E-04  6.4239375E-03  2.5450983E-06  1.4491123E-05  2.1084332E-03  1.7053625E-04  0.3370    4.405127  -9.521  1.036186  7.517406  0.7159843E+00  0.2696874E+00  4.5990484E-07  2.6776325E-05  7.2895375E-06  4.4069739E-03  5.6360215E-03  3.0567363E-05  2.5824096E-08  2.1084332E-03  1.7053625E-04  6.587E-10  1.830E-16  4.838E+11  3.348E+12  1.151E+02  3.616E+06  0.56015333  8.842E-05  9.196E-05  9.483E-01  0.000E+00  0.000E+00  1.050E+00  323    3.3524  1.01E-02 3.0608E+01 4.9805E+01    5.94E+02 0.00E+00 2.34E+02  0.560967  0.013810 5.94E+02 0.00E+00 2.34E+02  0.560153  0.013810  0.0000000E+00  0.0000000E+00  9.7692024E-08  8.2696919E-02  7.4332193E-02  3.3399497E-04 -1.4926210E-01  7.2724146E-02  5.5032736E-03 0.000 0.339 1.000 1.000 1.000 1.000 1.000 1.000 1.000 1.000 1.000 1.000 1.000 1.000 1.000 1.000 1.000 1.000 1.000 1.000 1.000 1.000 1.000 1.000 1.000 1.000 1.000 1.000 1.000 1.000 1.000 1.000 1.000 1.000 1.000 1.000 1.000 1.000 1.000 1.000  8.4129279326E-02   0.99442   1.00000   0.00000   0.00000   0.1117095E-01
   219  3.725615608989682E+05   9.999884  3.718426  4.404790  0.7200000E+00  0.2659559E+00  4.4148997E-05  2.5648146E-03  3.1125577E-05  7.4002602E-04  6.4239375E-03  2.5450983E-06  1.4491123E-05  2.1084332E-03  1.7053625E-04  0.3364    4.404790  -9.521  1.033717  7.516691  0.7151598E+00  0.2705304E+00  5.0921674E-07  2.7633737E-05  7.5299817E-06  4.5349877E-03  5.4876958E-03  3.1182393E-05  2.9453268E-08  2.1084332E-03  1.7053625E-04  7.256E-10  1.978E-16  5.234E+11  3.615E+12  1.246E+02  3.904E+06  0.55476481  8.719E-05  9.264E-05  9.494E-01  0.000E+00  0.000E+00  1.048E+00  323    3.3524  1.01E-02 3.0953E+01 5.0270E+01    5.93E+02 0.00E+00 2.31E+02  0.555615  0.013826 5.93E+02 0.00E+00 2.31E+02  0.554765  0.013826  0.0000000E+00  0.0000000E+00  1.3545063E-07  8.3053819E-02  7.4423166E-02  3.3346338E-04 -1.4894948E-01  7.2568501E-02  5.4984102E-03 0.000 0.339 1.000 1.000 1.000 1.000 1.000 1.000 1.000 1.000 1.000 1.000 1.000 1.000 1.000 1.000 1.000 1.000 1.000 1.000 1.000 1.000 1.000 1.000 1.000 1.000 1.000 1.000 1.000 1.000 1.000 1.000 1.000 1.000 1.000 1.000 1.000 1.000 1.000 1.000  8.4127802965E-02   0.99328   1.00000   0.00000   0.00000   0.1117657E-01
   229  4.461040256425560E+05   9.999862  3.719071  4.404458  0.7200000E+00  0.2659559E+00  4.4149279E-05  2.5648146E-03  3.1125577E-05  7.4002602E-04  6.4239375E-03  2.5450983E-06  1.4491123E-05  2.1084332E-03  1.7053625E-04  0.3360    4.404458  -9.520  1.031217  7.515985  0.7141534E+00  0.2715579E+00  5.5855415E-07  2.8431050E-05  7.7576073E-06  4.6808337E-03  5.3192213E-03  3.1654321E-05  3.2339487E-08  2.1084332E-03  1.7053625E-04  7.956E-10  2.121E-16  5.608E+11  3.870E+12  1.335E+02  4.179E+06  0.54866563  8.583E-05  9.330E-05  9.507E-01  0.000E+00  0.000E+00  1.047E+00  323    3.3524  1.01E-02 3.1299E+01 5.0747E+01    5.92E+02 0.00E+00 2.28E+02  0.549859  0.013847 5.92E+02 0.00E+00 2.28E+02  0.548666  0.013846  0.0000000E+00  0.0000000E+00  1.8785566E-07  8.3427470E-02  7.4522912E-02  3.3299225E-04 -1.4862610E-01  7.2406719E-02  5.4945601E-03 0.000 0.339 1.000 1.000 1.000 1.000 1.000 1.000 1.000 1.000 1.000 1.000 1.000 1.000 1.000 1.000 1.000 1.000 1.000 1.000 1.000 1.000 1.000 1.000 1.000 1.000 1.000 1.000 1.000 1.000 1.000 1.000 1.000 1.000 1.000 1.000 1.000 1.000 1.000 1.000  8.4126025356E-02   0.99188   1.00000   0.00000   0.00000   0.1117939E-01
   237  5.272235928142710E+05   9.999837  3.719770  4.404150  0.7200000E+00  0.2659559E+00  4.4149589E-05  2.5648146E-03  3.1125577E-05  7.4002602E-04  6.4239375E-03  2.5450983E-06  1.4491123E-05  2.1084332E-03  1.7053625E-04  0.3357    4.404150  -9.519  1.028900  7.515376  0.7130326E+00  0.2727004E+00  6.0900449E-07  2.9092889E-05  7.9420450E-06  4.8314719E-03  5.1455922E-03  3.2033301E-05  3.4106771E-08  2.1084332E-03  1.7053625E-04  8.669E-10  2.255E-16  5.992E+11  4.132E+12  1.426E+02  4.463E+06  0.54322842  8.460E-05  9.389E-05  9.517E-01  0.000E+00  0.000E+00  1.046E+00  323    3.3524  1.00E-02 3.1611E+01 5.1182E+01    5.91E+02 0.00E+00 2.26E+02  0.544453  0.013869 5.91E+02 0.00E+00 2.25E+02  0.543228  0.013869  0.0000000E+00  0.0000000E+00  2.6085515E-07  8.3782261E-02  7.4614063E-02  3.3255089E-04 -1.4832266E-01  7.2254149E-02  5.4923692E-03 0.000 0.339 1.000 1.000 1.000 1.000 1.000 1.000 1.000 1.000 1.000 1.000 1.000 1.000 1.000 1.000 1.000 1.000 1.000 1.000 1.000 1.000 1.000 1.000 1.000 1.000 1.000 1.000 1.000 1.000 1.000 1.000 1.000 1.000 1.000 1.000 1.000 1.000 1.000 1.000  8.4124082326E-02   0.99032   1.00000   0.00000   0.00000   0.1117882E-01
   244  6.134911325180370E+05   9.999811  3.720505  4.403882  0.7200000E+00  0.2659559E+00  4.4149922E-05  2.5648146E-03  3.1125577E-05  7.4002602E-04  6.4239375E-03  2.5450983E-06  1.4491123E-05  2.1084332E-03  1.7053625E-04  0.3354    4.403882  -9.518  1.026885  7.514868  0.7118240E+00  0.2739308E+00  6.4381497E-07  2.9600793E-05  8.0751412E-06  4.9829109E-03  4.9716907E-03  3.2016701E-05  3.3513584E-08  2.1084332E-03  1.7053625E-04  9.201E-10  2.333E-16  6.247E+11  4.296E+12  1.487E+02  4.640E+06  0.53889500  8.359E-05  9.427E-05  9.526E-01  0.000E+00  0.000E+00  1.045E+00  323    3.3524  1.00E-02 3.1840E+01 5.1503E+01    5.90E+02 0.00E+00 2.23E+02  0.539344  0.013891 5.90E+02 0.00E+00 2.23E+02  0.538895  0.013892  0.0000000E+00  0.0000000E+00  3.3646733E-07  8.4107080E-02  7.4682321E-02  3.3201452E-04 -1.4804853E-01  7.2115528E-02  5.4919454E-03 0.000 0.339 1.000 1.000 1.000 1.000 1.000 1.000 1.000 1.000 1.000 1.000 1.000 1.000 1.000 1.000 1.000 1.000 1.000 1.000 1.000 1.000 1.000 1.000 1.000 1.000 1.000 1.000 1.000 1.000 1.000 1.000 1.000 1.000 1.000 1.000 1.000 1.000 1.000 1.000  8.4122030857E-02   0.98865   1.00000   0.00000   0.00000   0.1117666E-01
   250  6.986666780483378E+05   9.999785  3.721271  4.403634  0.7200000E+00  0.2659559E+00  4.4150255E-05  2.5648146E-03  3.1125577E-05  7.4002602E-04  6.4239375E-03  2.5450983E-06  1.4491123E-05  2.1084332E-03  1.7053625E-04  0.3351    4.403634  -9.517  1.025177  7.514445  0.7106167E+00  0.2751585E+00  6.4012675E-07  3.0060332E-05  8.1882742E-06  5.1245029E-03  4.8095865E-03  3.1519764E-05  3.0483823E-08  2.1084332E-03  1.7053625E-04  9.201E-10  2.333E-16  6.178E+11  4.216E+12  1.470E+02  4.553E+06  0.53508526  8.269E-05  9.461E-05  9.533E-01  0.000E+00  0.000E+00  1.044E+00  323    3.3524  1.00E-02 3.2047E+01 5.1797E+01    5.90E+02 0.00E+00 2.21E+02  0.535475  0.013916 5.90E+02 0.00E+00 2.21E+02  0.535085  0.013917  0.0000000E+00  0.0000000E+00  3.3514508E-07  8.4397017E-02  7.4744811E-02  3.3157492E-04 -1.4780695E-01  7.1992536E-02  5.4925784E-03 0.000 0.339 1.000 1.000 1.000 1.000 1.000 1.000 1.000 1.000 1.000 1.000 1.000 1.000 1.000 1.000 1.000 1.000 1.000 1.000 1.000 1.000 1.000 1.000 1.000 1.000 1.000 1.000 1.000 1.000 1.000 1.000 1.000 1.000 1.000 1.000 1.000 1.000 1.000 1.000  8.4120015607E-02   0.98697   1.00000   0.00000   0.00000   0.1116629E-01
   256  7.838422235786386E+05   9.999759  3.722019  4.403383  0.7200000E+00  0.2659559E+00  4.4150595E-05  2.5648146E-03  3.1125577E-05  7.4002602E-04  6.4239375E-03  2.5450983E-06  1.4491123E-05  2.1084332E-03  1.7053625E-04  0.3349    4.403383  -9.515  1.023543  7.514049  0.7093927E+00  0.2764021E+00  6.3357301E-07  3.0547868E-05  8.3086995E-06  5.2600955E-03  4.6545930E-03  3.0703693E-05  2.7415365E-08  2.1084332E-03  1.7053625E-04  9.108E-10  2.257E-16  6.089E+11  4.122E+12  1.449E+02  4.452E+06  0.53162487  8.185E-05  9.488E-05  9.540E-01  0.000E+00  0.000E+00  1.044E+00  323    3.3524  9.98E-03 3.2222E+01 5.2048E+01    5.89E+02 0.00E+00 2.19E+02  0.532010  0.013940 5.89E+02 0.00E+00 2.19E+02  0.531625  0.013941  0.0000000E+00  0.0000000E+00  3.3404065E-07  8.4679774E-02  7.4798667E-02  3.3108431E-04 -1.4757311E-01  7.1873270E-02  5.4935734E-03 0.000 0.339 1.000 1.000 1.000 1.000 1.000 1.000 1.000 1.000 1.000 1.000 1.000 1.000 1.000 1.000 1.000 1.000 1.000 1.000 1.000 1.000 1.000 1.000 1.000 1.000 1.000 1.000 1.000 1.000 1.000 1.000 1.000 1.000 1.000 1.000 1.000 1.000 1.000 1.000  8.4118007914E-02   0.98527   1.00000   0.00000   0.00000   0.1115408E-01
   262  8.690177691089395E+05   9.999733  3.722774  4.403113  0.7200000E+00  0.2659559E+00  4.4150923E-05  2.5648146E-03  3.1125577E-05  7.4002602E-04  6.4239375E-03  2.5450983E-06  1.4491123E-05  2.1084332E-03  1.7053625E-04  0.3346    4.403113  -9.514  1.021949  7.513666  0.7081538E+00  0.2776599E+00  6.2771039E-07  3.1073797E-05  8.4411181E-06  5.3897170E-03  4.5063949E-03  2.9847743E-05  2.4816730E-08  2.1084332E-03  1.7053625E-04  9.043E-10  2.193E-16  6.011E+11  4.037E+12  1.431E+02  4.360E+06  0.52906844  8.115E-05  9.503E-05  9.545E-01  0.000E+00  0.000E+00  1.043E+00  323    3.3524  9.97E-03 3.2359E+01 5.2248E+01    5.88E+02 0.00E+00 2.18E+02  0.529429  0.013965 5.88E+02 0.00E+00 2.17E+02  0.529068  0.013965  0.0000000E+00  0.0000000E+00  3.3366407E-07  8.4961044E-02  7.4839423E-02  3.3047160E-04 -1.4734237E-01  7.1755432E-02  5.4947105E-03 0.000 0.339 1.000 1.000 1.000 1.000 1.000 1.000 1.000 1.000 1.000 1.000 1.000 1.000 1.000 1.000 1.000 1.000 1.000 1.000 1.000 1.000 1.000 1.000 1.000 1.000 1.000 1.000 1.000 1.000 1.000 1.000 1.000 1.000 1.000 1.000 1.000 1.000 1.000 1.000  8.4116004170E-02   0.98354   1.00000   0.00000   0.00000   0.1113639E-01
   268  9.541933146392403E+05   9.999707  3.723531  4.402834  0.7200000E+00  0.2659559E+00  4.4151261E-05  2.5648146E-03  3.1125577E-05  7.4002602E-04  6.4239375E-03  2.5450983E-06  1.4491123E-05  2.1084332E-03  1.7053625E-04  0.3343    4.402834  -9.512  1.020395  7.513296  0.7069004E+00  0.2789312E+00  6.2286179E-07  3.1628970E-05  8.5839101E-06  5.5137787E-03  4.3644887E-03  2.9002446E-05  2.2766448E-08  2.1084332E-03  1.7053625E-04  9.043E-10  2.193E-16  5.945E+11  3.962E+12  1.415E+02  4.279E+06  0.52697297  8.054E-05  9.508E-05  9.549E-01  0.000E+00  0.000E+00  1.043E+00  323    3.3524  9.95E-03 3.2459E+01 5.2396E+01    5.88E+02 0.00E+00 2.16E+02  0.527288  0.013989 5.88E+02 0.00E+00 2.16E+02  0.526973  0.013989  0.0000000E+00  0.0000000E+00  3.3360491E-07  8.5240511E-02  7.4869153E-02  3.2975153E-04 -1.4711486E-01  7.1639148E-02  5.4960076E-03 0.000 0.339 1.000 1.000 1.000 1.000 1.000 1.000 1.000 1.000 1.000 1.000 1.000 1.000 1.000 1.000 1.000 1.000 1.000 1.000 1.000 1.000 1.000 1.000 1.000 1.000 1.000 1.000 1.000 1.000 1.000 1.000 1.000 1.000 1.000 1.000 1.000 1.000 1.000 1.000  8.4114002208E-02   0.98181   1.00000   0.00000   0.00000   0.1111587E-01
   274  1.039368860169541E+06   9.999681  3.724298  4.402556  0.7200000E+00  0.2659559E+00  4.4151604E-05  2.5648146E-03  3.1125577E-05  7.4002602E-04  6.4239375E-03  2.5450983E-06  1.4491123E-05  2.1084332E-03  1.7053625E-04  0.3340    4.402556  -9.511  1.018895  7.512949  0.7056328E+00  0.2802161E+00  6.1812495E-07  3.2191448E-05  8.7303207E-06  5.6327230E-03  4.2283962E-03  2.8178707E-05  2.1011812E-08  2.1084332E-03  1.7053625E-04  8.999E-10  2.138E-16  5.885E+11  3.892E+12  1.401E+02  4.203E+06  0.52519319  7.998E-05  9.509E-05  9.552E-01  0.000E+00  0.000E+00  1.043E+00  323    3.3524  9.93E-03 3.2541E+01 5.2521E+01    5.87E+02 0.00E+00 2.15E+02  0.525494  0.014014 5.87E+02 0.00E+00 2.15E+02  0.525193  0.014014  0.0000000E+00  0.0000000E+00  3.3383601E-07  8.5515204E-02  7.4893549E-02  3.2899817E-04 -1.4689294E-01  7.1525548E-02  5.4975347E-03 0.000 0.339 1.000 1.000 1.000 1.000 1.000 1.000 1.000 1.000 1.000 1.000 1.000 1.000 1.000 1.000 1.000 1.000 1.000 1.000 1.000 1.000 1.000 1.000 1.000 1.000 1.000 1.000 1.000 1.000 1.000 1.000 1.000 1.000 1.000 1.000 1.000 1.000 1.000 1.000  8.4111999558E-02   0.98005   1.00000   0.00000   0.00000   0.1109346E-01
   280  1.124544405699841E+06   9.999655  3.725075  4.402276  0.7200000E+00  0.2659559E+00  4.4151951E-05  2.5648146E-03  3.1125577E-05  7.4002602E-04  6.4239375E-03  2.5450983E-06  1.4491123E-05  2.1084332E-03  1.7053625E-04  0.3338    4.402276  -9.509  1.017453  7.512615  0.7043552E+00  0.2815102E+00  6.1410828E-07  3.2765014E-05  8.8820385E-06  5.7464191E-03  4.0982559E-03  2.7380871E-05  1.9745274E-08  2.1084332E-03  1.7053625E-04  8.999E-10  2.138E-16  5.841E+11  3.829E+12  1.390E+02  4.135E+06  0.52384753  7.949E-05  9.503E-05  9.555E-01  0.000E+00  0.000E+00  1.042E+00  323    3.3524  9.91E-03 3.2598E+01 5.2612E+01    5.86E+02 0.00E+00 2.14E+02  0.524137  0.014039 5.86E+02 0.00E+00 2.14E+02  0.523848  0.014039  0.0000000E+00  0.0000000E+00  3.3443480E-07  8.5785742E-02  7.4910433E-02  3.2818228E-04 -1.4667603E-01  7.1414374E-02  5.4992423E-03 0.000 0.339 1.000 1.000 1.000 1.000 1.000 1.000 1.000 1.000 1.000 1.000 1.000 1.000 1.000 1.000 1.000 1.000 1.000 1.000 1.000 1.000 1.000 1.000 1.000 1.000 1.000 1.000 1.000 1.000 1.000 1.000 1.000 1.000 1.000 1.000 1.000 1.000 1.000 1.000  8.4109994355E-02   0.97828   1.00000   0.00000   0.00000   0.1106852E-01
   286  1.209719951230141E+06   9.999628  3.725845  4.401991  0.7200000E+00  0.2659559E+00  4.4152303E-05  2.5648146E-03  3.1125577E-05  7.4002602E-04  6.4239375E-03  2.5450983E-06  1.4491123E-05  2.1084332E-03  1.7053625E-04  0.3333    4.401991  -9.507  1.016022  7.512287  0.7030755E+00  0.2828056E+00  6.1186374E-07  3.3385302E-05  9.0502847E-06  5.8543099E-03  3.9746410E-03  2.6610253E-05  1.9498705E-08  2.1084332E-03  1.7053625E-04  9.074E-10  2.114E-16  5.810E+11  3.779E+12  1.383E+02  4.081E+06  0.52270703  7.904E-05  9.493E-05  9.557E-01  0.000E+00  0.000E+00  1.042E+00  323    3.3524  9.90E-03 3.2643E+01 5.2687E+01    5.85E+02 0.00E+00 2.14E+02  0.522994  0.014064 5.85E+02 0.00E+00 2.13E+02  0.522707  0.014064  0.0000000E+00  0.0000000E+00  3.3516753E-07  8.6055532E-02  7.4923784E-02  3.2733498E-04 -1.4646077E-01  7.1304009E-02  5.5010168E-03 0.000 0.339 1.000 1.000 1.000 1.000 1.000 1.000 1.000 1.000 1.000 1.000 1.000 1.000 1.000 1.000 1.000 1.000 1.000 1.000 1.000 1.000 1.000 1.000 1.000 1.000 1.000 1.000 1.000 1.000 1.000 1.000 1.000 1.000 1.000 1.000 1.000 1.000 1.000 1.000  8.4107985104E-02   0.97650   1.00000   0.00000   0.00000   0.1104271E-01
   292  1.293475904334937E+06   9.999602  3.726658  4.401727  0.7200000E+00  0.2659559E+00  4.4152677E-05  2.5648146E-03  3.1125577E-05  7.4002602E-04  6.4239375E-03  2.5450983E-06  1.4491123E-05  2.1084332E-03  1.7053625E-04  0.3330    4.401727  -9.505  1.014730  7.511993  0.7017331E+00  0.2841640E+00  5.7472955E-07  3.3940218E-05  9.1883633E-06  5.9638575E-03  3.8493254E-03  2.5770464E-05  1.5601941E-08  2.1084332E-03  1.7053625E-04  8.635E-10  1.981E-16  5.556E+11  3.570E+12  1.322E+02  3.856E+06  0.52183551  7.864E-05  9.488E-05  9.558E-01  0.000E+00  0.000E+00  1.042E+00  324    3.3124  9.88E-03 3.2692E+01 5.2733E+01    5.85E+02 0.00E+00 2.13E+02  0.522079  0.014092 5.85E+02 0.00E+00 2.13E+02  0.521836  0.014091  0.0000000E+00  0.0000000E+00  3.0269877E-07  8.6309988E-02  7.4932967E-02  3.2650885E-04 -1.4626129E-01  7.1201270E-02  5.5031421E-03 0.000 0.335 1.000 1.000 1.000 1.000 1.000 1.000 1.000 1.000 1.000 1.000 1.000 1.000 1.000 1.000 1.000 1.000 1.000 1.000 1.000 1.000 1.000 1.000 1.000 1.000 1.000 1.000 1.000 1.000 1.000 1.000 1.000 1.000 1.000 1.000 1.000 1.000 1.000 1.000  8.4106003684E-02   0.97466   1.00000   0.00000   0.00000   0.1101438E-01
   299  1.382910227141752E+06   9.999574  3.727550  4.401467  0.7200000E+00  0.2659559E+00  4.4153110E-05  2.5648146E-03  3.1125577E-05  7.4002602E-04  6.4239375E-03  2.5450983E-06  1.4491123E-05  2.1084332E-03  1.7053625E-04  0.3332    4.401467  -9.504  1.013567  7.511738  0.7004008E+00  0.2855110E+00  5.7702468E-07  3.4539872E-05  9.3557837E-06  6.0648862E-03  3.7337816E-03  2.4786426E-05  1.6275008E-08  2.1084332E-03  1.7053625E-04  8.635E-10  1.981E-16  5.496E+11  3.512E+12  1.308E+02  3.793E+06  0.52109957  7.826E-05  9.475E-05  9.560E-01  0.000E+00  0.000E+00  1.042E+00  324    3.3124  9.87E-03 3.2717E+01 5.2793E+01    5.84E+02 0.00E+00 2.12E+02  0.521353  0.014119 5.84E+02 0.00E+00 2.12E+02  0.521100  0.014120  0.0000000E+00  0.0000000E+00  3.0385470E-07  8.6567047E-02  7.4939488E-02  3.2565213E-04 -1.4606077E-01  7.1097836E-02  5.5058614E-03 0.000 0.335 1.000 1.000 1.000 1.000 1.000 1.000 1.000 1.000 1.000 1.000 1.000 1.000 1.000 1.000 1.000 1.000 1.000 1.000 1.000 1.000 1.000 1.000 1.000 1.000 1.000 1.000 1.000 1.000 1.000 1.000 1.000 1.000 1.000 1.000 1.000 1.000 1.000 1.000  8.4103880368E-02   0.97279   1.00000   0.00000   0.00000   0.1098401E-01
   306  1.472344549948568E+06   9.999546  3.728449  4.401207  0.7200000E+00  0.2659559E+00  4.4153463E-05  2.5648146E-03  3.1125577E-05  7.4002602E-04  6.4239375E-03  2.5450983E-06  1.4491123E-05  2.1084332E-03  1.7053625E-04  0.3328    4.401207  -9.501  1.012366  7.511489  0.6990076E+00  0.2869190E+00  5.7549772E-07  3.5082775E-05  9.5027315E-06  6.1667567E-03  3.6171762E-03  2.4016712E-05  1.5608213E-08  2.1084332E-03  1.7053625E-04  8.620E-10  1.950E-16  5.476E+11  3.480E+12  1.303E+02  3.758E+06  0.52047576  7.789E-05  9.461E-05  9.561E-01  0.000E+00  0.000E+00  1.042E+00  324    3.3124  9.85E-03 3.2738E+01 5.2818E+01    5.83E+02 0.00E+00 2.12E+02  0.520793  0.014150 5.83E+02 0.00E+00 2.12E+02  0.520476  0.014149  0.0000000E+00  0.0000000E+00  3.0537113E-07  8.6821720E-02  7.4941326E-02  3.2475437E-04 -1.4586362E-01  7.0995872E-02  5.5088516E-03 0.000 0.335 1.000 1.000 1.000 1.000 1.000 1.000 1.000 1.000 1.000 1.000 1.000 1.000 1.000 1.000 1.000 1.000 1.000 1.000 1.000 1.000 1.000 1.000 1.000 1.000 1.000 1.000 1.000 1.000 1.000 1.000 1.000 1.000 1.000 1.000 1.000 1.000 1.000 1.000  8.4101747139E-02   0.97085   1.00000   0.00000   0.00000   0.1095229E-01
   313  1.561778872755383E+06   9.999518  3.729274  4.400946  0.7200000E+00  0.2659559E+00  4.4153969E-05  2.5648146E-03  3.1125578E-05  7.4002602E-04  6.4239375E-03  2.5450983E-06  1.4491123E-05  2.1084332E-03  1.7053625E-04  0.3323    4.400946  -9.500  1.011187  7.511254  0.6975755E+00  0.2883658E+00  5.6776799E-07  3.5624749E-05  9.6463538E-06  6.2673974E-03  3.5019425E-03  2.3289123E-05  1.4321749E-08  2.1084332E-03  1.7053625E-04  8.496E-10  1.896E-16  5.414E+11  3.413E+12  1.288E+02  3.687E+06  0.52001999  7.757E-05  9.445E-05  9.562E-01  0.000E+00  0.000E+00  1.042E+00  324    3.3124  9.84E-03 3.2748E+01 5.2858E+01    5.83E+02 0.00E+00 2.11E+02  0.520140  0.014176 5.83E+02 0.00E+00 2.11E+02  0.520020  0.014176  0.0000000E+00  0.0000000E+00  3.0650114E-07  8.7074048E-02  7.4942925E-02  3.2387117E-04 -1.4566872E-01  7.0895020E-02  5.5120749E-03 0.000 0.335 1.000 1.000 1.000 1.000 1.000 1.000 1.000 1.000 1.000 1.000 1.000 1.000 1.000 1.000 1.000 1.000 1.000 1.000 1.000 1.000 1.000 1.000 1.000 1.000 1.000 1.000 1.000 1.000 1.000 1.000 1.000 1.000 1.000 1.000 1.000 1.000 1.000 1.000  8.4099604971E-02   0.96890   1.00000   0.00000   0.00000   0.1092322E-01
   320  1.651213195562199E+06   9.999489  3.730100  4.400676  0.7200000E+00  0.2659559E+00  4.4154567E-05  2.5648146E-03  3.1125579E-05  7.4002602E-04  6.4239375E-03  2.5450983E-06  1.4491123E-05  2.1084332E-03  1.7053625E-04  0.3319    4.400676  -9.498  1.010037  7.511029  0.6961169E+00  0.2898386E+00  5.6262915E-07  3.6161825E-05  9.7923433E-06  6.3654371E-03  3.3896666E-03  2.2580567E-05  1.3602974E-08  2.1084332E-03  1.7053625E-04  8.496E-10  1.896E-16  5.366E+11  3.364E+12  1.277E+02  3.633E+06  0.51963022  7.725E-05  9.427E-05  9.563E-01  0.000E+00  0.000E+00  1.041E+00  324    3.3124  9.82E-03 3.2749E+01 5.2863E+01    5.82E+02 0.00E+00 2.11E+02  0.519849  0.014203 5.82E+02 0.00E+00 2.11E+02  0.519630  0.014203  0.0000000E+00  0.0000000E+00  3.0795123E-07  8.7326196E-02  7.4943759E-02  3.2296908E-04 -1.4547540E-01  7.0794855E-02  5.5154299E-03 0.000 0.335 1.000 1.000 1.000 1.000 1.000 1.000 1.000 1.000 1.000 1.000 1.000 1.000 1.000 1.000 1.000 1.000 1.000 1.000 1.000 1.000 1.000 1.000 1.000 1.000 1.000 1.000 1.000 1.000 1.000 1.000 1.000 1.000 1.000 1.000 1.000 1.000 1.000 1.000  8.4097453102E-02   0.96682   1.00000   0.00000   0.00000   0.1089213E-01
   327  1.740647518369015E+06   9.999461  3.730893  4.400408  0.7200000E+00  0.2659559E+00  4.4155132E-05  2.5648146E-03  3.1125581E-05  7.4002602E-04  6.4239375E-03  2.5450983E-06  1.4491123E-05  2.1084332E-03  1.7053625E-04  0.3312    4.400408  -9.496  1.008875  7.510816  0.6946431E+00  0.2913262E+00  5.6842288E-07  3.6656748E-05  9.9268435E-06  6.4603301E-03  3.2810437E-03  2.1886074E-05  1.3317342E-08  2.1084332E-03  1.7053625E-04  8.520E-10  1.876E-16  5.406E+11  3.382E+12  1.287E+02  3.652E+06  0.51929738  7.695E-05  9.407E-05  9.563E-01  0.000E+00  0.000E+00  1.041E+00  324    3.3325  9.81E-03 3.2746E+01 5.2884E+01    5.82E+02 0.00E+00 2.11E+02  0.519594  0.014229 5.82E+02 0.00E+00 2.11E+02  0.519297  0.014229  0.0000000E+00  0.0000000E+00  3.0936140E-07  8.7575868E-02  7.4941064E-02  3.2194368E-04 -1.4528411E-01  7.0695667E-02  5.5190306E-03 0.000 0.335 1.000 1.000 1.000 1.000 1.000 1.000 1.000 1.000 1.000 1.000 1.000 1.000 1.000 1.000 1.000 1.000 1.000 1.000 1.000 1.000 1.000 1.000 1.000 1.000 1.000 1.000 1.000 1.000 1.000 1.000 1.000 1.000 1.000 1.000 1.000 1.000 1.000 1.000  8.4095291526E-02   0.96477   1.00000   0.00000   0.00000   0.1086496E-01
   334  1.830081841175830E+06   9.999432  3.731704  4.400140  0.7200000E+00  0.2659559E+00  4.4156182E-05  2.5648146E-03  3.1125590E-05  7.4002602E-04  6.4239375E-03  2.5450983E-06  1.4491123E-05  2.1084332E-03  1.7053625E-04  0.3307    4.400140  -9.494  1.007804  7.510620  0.6931387E+00  0.2928441E+00  5.5826860E-07  3.7190824E-05  1.0071570E-05  6.5530525E-03  3.1748250E-03  2.1204503E-05  1.2638871E-08  2.1084332E-03  1.7053625E-04  8.475E-10  1.845E-16  5.320E+11  3.307E+12  1.266E+02  3.572E+06  0.51913373  7.667E-05  9.386E-05  9.563E-01  0.000E+00  0.000E+00  1.041E+00  324    3.3325  9.80E-03 3.2735E+01 5.2878E+01    5.81E+02 0.00E+00 2.10E+02  0.519469  0.014256 5.81E+02 0.00E+00 2.10E+02  0.519134  0.014256  0.0000000E+00  0.0000000E+00  3.1093538E-07  8.7822565E-02  7.4938174E-02  3.2103357E-04 -1.4509735E-01  7.0598635E-02  5.5227429E-03 0.000 0.335 1.000 1.000 1.000 1.000 1.000 1.000 1.000 1.000 1.000 1.000 1.000 1.000 1.000 1.000 1.000 1.000 1.000 1.000 1.000 1.000 1.000 1.000 1.000 1.000 1.000 1.000 1.000 1.000 1.000 1.000 1.000 1.000 1.000 1.000 1.000 1.000 1.000 1.000  8.4093120278E-02   0.96270   1.00000   0.00000   0.00000   0.1083069E-01
   341  1.919516163982646E+06   9.999403  3.732694  4.399910  0.7200000E+00  0.2659559E+00  4.4157849E-05  2.5648146E-03  3.1125618E-05  7.4002602E-04  6.4239375E-03  2.5450983E-06  1.4491123E-05  2.1084332E-03  1.7053625E-04  0.3309    4.399910  -9.492  1.006962  7.510452  0.6916700E+00  0.2943253E+00  5.6424347E-07  3.7629899E-05  1.0191712E-05  6.6387555E-03  3.0767442E-03  2.0566355E-05  1.2369591E-08  2.1084332E-03  1.7053625E-04  8.638E-10  1.861E-16  5.266E+11  3.255E+12  1.253E+02  3.516E+06  0.51909318  7.641E-05  9.366E-05  9.564E-01  0.000E+00  0.000E+00  1.041E+00  325    3.3325  9.78E-03 3.2717E+01 5.2886E+01    5.80E+02 0.00E+00 2.10E+02  0.519234  0.014284 5.80E+02 0.00E+00 2.10E+02  0.519093  0.014288  0.0000000E+00  0.0000000E+00  3.1257781E-07  8.8058168E-02  7.4932983E-02  3.2015419E-04 -1.4492262E-01  7.0507456E-02  5.5265996E-03 0.000 0.335 1.000 1.000 1.000 1.000 1.000 1.000 1.000 1.000 1.000 1.000 1.000 1.000 1.000 1.000 1.000 1.000 1.000 1.000 1.000 1.000 1.000 1.000 1.000 1.000 1.000 1.000 1.000 1.000 1.000 1.000 1.000 1.000 1.000 1.000 1.000 1.000 1.000 1.000  8.4090937568E-02   0.96062   1.00000   0.00000   0.00000   0.1079496E-01
   348  2.008950486789461E+06   9.999375  3.733572  4.399671  0.7200000E+00  0.2659559E+00  4.4159119E-05  2.5648145E-03  3.1125657E-05  7.4002603E-04  6.4239375E-03  2.5450983E-06  1.4491123E-05  2.1084332E-03  1.7053625E-04  0.3305    4.399671  -9.490  1.006041  7.510302  0.6901542E+00  0.2958535E+00  5.5752008E-07  3.8116566E-05  1.0322477E-05  6.7238104E-03  2.9793255E-03  1.9930798E-05  1.1891248E-08  2.1084332E-03  1.7053625E-04  8.638E-10  1.861E-16  5.221E+11  3.206E+12  1.243E+02  3.462E+06  0.51898732  7.615E-05  9.350E-05  9.564E-01  0.000E+00  0.000E+00  1.041E+00  325    3.3325  9.77E-03 3.2715E+01 5.2863E+01    5.80E+02 0.00E+00 2.10E+02  0.519165  0.014316 5.80E+02 0.00E+00 2.10E+02  0.518987  0.014317  0.0000000E+00  0.0000000E+00  3.1453460E-07  8.8290705E-02  7.4926721E-02  3.1927407E-04 -1.4474978E-01  7.0417172E-02  5.5308468E-03 0.000 0.335 1.000 1.000 1.000 1.000 1.000 1.000 1.000 1.000 1.000 1.000 1.000 1.000 1.000 1.000 1.000 1.000 1.000 1.000 1.000 1.000 1.000 1.000 1.000 1.000 1.000 1.000 1.000 1.000 1.000 1.000 1.000 1.000 1.000 1.000 1.000 1.000 1.000 1.000  8.4088741008E-02   0.95851   1.00000   0.00000   0.00000   0.1076225E-01
   355  2.098384809596277E+06   9.999346  3.734534  4.399471  0.7200000E+00  0.2659559E+00  4.4160181E-05  2.5648145E-03  3.1125704E-05  7.4002604E-04  6.4239375E-03  2.5450984E-06  1.4491123E-05  2.1084332E-03  1.7053625E-04  0.3299    4.399471  -9.487  1.005228  7.510180  0.6887008E+00  0.2973180E+00  5.4358159E-07  3.8582848E-05  1.0447897E-05  6.8002369E-03  2.8917471E-03  1.9353241E-05  1.1497643E-08  2.1084332E-03  1.7053625E-04  8.491E-10  1.812E-16  5.211E+11  3.197E+12  1.240E+02  3.452E+06  0.51899535  7.592E-05  9.330E-05  9.564E-01  0.000E+00  0.000E+00  1.041E+00  326    3.2722  9.76E-03 3.2691E+01 5.2866E+01    5.79E+02 0.00E+00 2.10E+02  0.519243  0.014349 5.79E+02 0.00E+00 2.09E+02  0.518995  0.014349  0.0000000E+00  0.0000000E+00  3.1680442E-07  8.8504291E-02  7.4919350E-02  3.1846105E-04 -1.4459461E-01  7.0335587E-02  5.5353103E-03 0.000 0.333 1.000 1.000 1.000 1.000 1.000 1.000 1.000 1.000 1.000 1.000 1.000 1.000 1.000 1.000 1.000 1.000 1.000 1.000 1.000 1.000 1.000 1.000 1.000 1.000 1.000 1.000 1.000 1.000 1.000 1.000 1.000 1.000 1.000 1.000 1.000 1.000 1.000 1.000  8.4086529621E-02   0.95652   1.00000   0.00000   0.00000   0.1072883E-01
   362  2.187819132403093E+06   9.999316  3.735345  4.399249  0.7200000E+00  0.2659559E+00  4.4161691E-05  2.5648144E-03  3.1125807E-05  7.4002608E-04  6.4239375E-03  2.5450986E-06  1.4491123E-05  2.1084332E-03  1.7053625E-04  0.3292    4.399249  -9.485  1.004319  7.510060  0.6872281E+00  0.2988015E+00  5.5761828E-07  3.8930482E-05  1.0542952E-05  6.8750689E-03  2.8061728E-03  1.8789937E-05  1.1270059E-08  2.1084332E-03  1.7053625E-04  8.584E-10  1.816E-16  5.320E+11  3.267E+12  1.266E+02  3.528E+06  0.51908757  7.571E-05  9.310E-05  9.564E-01  0.000E+00  0.000E+00  1.041E+00  326    3.3024  9.75E-03 3.2675E+01 5.2849E+01    5.78E+02 0.00E+00 2.09E+02  0.519212  0.014376 5.78E+02 0.00E+00 2.09E+02  0.519088  0.014376  0.0000000E+00  0.0000000E+00  3.1849374E-07  8.8721865E-02  7.4913336E-02  3.1763921E-04 -1.4443342E-01  7.0250921E-02  5.5402084E-03 0.000 0.333 1.000 1.000 1.000 1.000 1.000 1.000 1.000 1.000 1.000 1.000 1.000 1.000 1.000 1.000 1.000 1.000 1.000 1.000 1.000 1.000 1.000 1.000 1.000 1.000 1.000 1.000 1.000 1.000 1.000 1.000 1.000 1.000 1.000 1.000 1.000 1.000 1.000 1.000  8.4084304750E-02   0.95445   1.00000   0.00000   0.00000   0.1069889E-01
   369  2.277253455209909E+06   9.999287  3.736251  4.399044  0.7200000E+00  0.2659559E+00  4.4163325E-05  2.5648142E-03  3.1125975E-05  7.4002615E-04  6.4239375E-03  2.5450989E-06  1.4491122E-05  2.1084332E-03  1.7053625E-04  0.3290    4.399044  -9.483  1.003580  7.509959  0.6857578E+00  0.3002823E+00  5.4608374E-07  3.9363177E-05  1.0660537E-05  6.9463030E-03  2.7245482E-03  1.8249585E-05  1.0882185E-08  2.1084332E-03  1.7053625E-04  8.584E-10  1.816E-16  5.246E+11  3.209E+12  1.249E+02  3.466E+06  0.51919893  7.551E-05  9.291E-05  9.563E-01  0.000E+00  0.000E+00  1.041E+00  327    3.3024  9.74E-03 3.2653E+01 5.2845E+01    5.78E+02 0.00E+00 2.09E+02  0.519196  0.014406 5.78E+02 0.00E+00 2.09E+02  0.519199  0.014406  0.0000000E+00  0.0000000E+00  3.2050354E-07  8.8931793E-02  7.4904047E-02  3.1682755E-04 -1.4428101E-01  7.0170657E-02  5.5451331E-03 0.000 0.333 1.000 1.000 1.000 1.000 1.000 1.000 1.000 1.000 1.000 1.000 1.000 1.000 1.000 1.000 1.000 1.000 1.000 1.000 1.000 1.000 1.000 1.000 1.000 1.000 1.000 1.000 1.000 1.000 1.000 1.000 1.000 1.000 1.000 1.000 1.000 1.000 1.000 1.000  8.4082067756E-02   0.95243   1.00000   0.00000   0.00000   0.1066610E-01
   376  2.366687778016724E+06   9.999257  3.737194  4.398848  0.7200000E+00  0.2659559E+00  4.4164688E-05  2.5648139E-03  3.1126166E-05  7.4002625E-04  6.4239375E-03  2.5450994E-06  1.4491122E-05  2.1084332E-03  1.7053625E-04  0.3285    4.398848  -9.481  1.002893  7.509875  0.6842727E+00  0.3017773E+00  5.3254082E-07  3.9792140E-05  1.0774765E-05  7.0152714E-03  2.6455085E-03  1.7723586E-05  1.0525255E-08  2.1084332E-03  1.7053625E-04  8.471E-10  1.778E-16  5.140E+11  3.123E+12  1.223E+02  3.373E+06  0.51922344  7.528E-05  9.278E-05  9.563E-01  0.000E+00  0.000E+00  1.041E+00  328    3.2722  9.73E-03 3.2650E+01 5.2816E+01    5.77E+02 0.00E+00 2.09E+02  0.519515  0.014438 5.77E+02 0.00E+00 2.09E+02  0.519223  0.014437  0.0000000E+00  0.0000000E+00  3.2284475E-07  8.9137040E-02  7.4897950E-02  3.1606102E-04 -1.4413417E-01  7.0092896E-02  5.5501478E-03 0.000 0.330 1.000 1.000 1.000 1.000 1.000 1.000 1.000 1.000 1.000 1.000 1.000 1.000 1.000 1.000 1.000 1.000 1.000 1.000 1.000 1.000 1.000 1.000 1.000 1.000 1.000 1.000 1.000 1.000 1.000 1.000 1.000 1.000 1.000 1.000 1.000 1.000 1.000 1.000  8.4079815293E-02   0.95039   1.00000   0.00000   0.00000   0.1063189E-01
   383  2.456122100823540E+06   9.999228  3.738085  4.398646  0.7200000E+00  0.2659559E+00  4.4166711E-05  2.5648134E-03  3.1126567E-05  7.4002649E-04  6.4239375E-03  2.5451006E-06  1.4491121E-05  2.1084332E-03  1.7053625E-04  0.3280    4.398646  -9.478  1.002159  7.509789  0.6827363E+00  0.3033239E+00  5.3404087E-07  4.0157386E-05  1.0874599E-05  7.0848578E-03  2.5658674E-03  1.7195072E-05  1.0212621E-08  2.1084332E-03  1.7053625E-04  8.526E-10  1.776E-16  5.167E+11  3.131E+12  1.230E+02  3.382E+06  0.51928206  7.507E-05  9.261E-05  9.563E-01  0.000E+00  0.000E+00  1.041E+00  328    3.2722  9.72E-03 3.2632E+01 5.2817E+01    5.77E+02 0.00E+00 2.09E+02  0.519498  0.014467 5.77E+02 0.00E+00 2.09E+02  0.519282  0.014467  0.0000000E+00  0.0000000E+00  3.2472905E-07  8.9347622E-02  7.4890385E-02  3.1527110E-04 -1.4398250E-01  7.0012829E-02  5.5553081E-03 0.000 0.330 1.000 1.000 1.000 1.000 1.000 1.000 1.000 1.000 1.000 1.000 1.000 1.000 1.000 1.000 1.000 1.000 1.000 1.000 1.000 1.000 1.000 1.000 1.000 1.000 1.000 1.000 1.000 1.000 1.000 1.000 1.000 1.000 1.000 1.000 1.000 1.000 1.000 1.000  8.4077548177E-02   0.94823   1.00000   0.00000   0.00000   0.1060029E-01
   390  2.545556423630355E+06   9.999198  3.738982  4.398455  0.7200000E+00  0.2659559E+00  4.4169005E-05  2.5648124E-03  3.1127196E-05  7.4002692E-04  6.4239375E-03  2.5451029E-06  1.4491118E-05  2.1084332E-03  1.7053625E-04  0.3274    4.398455  -9.476  1.001477  7.509721  0.6812316E+00  0.3048380E+00  5.3024792E-07  4.0524226E-05  1.0973742E-05  7.1495092E-03  2.4918334E-03  1.6700274E-05  9.9211408E-09  2.1084332E-03  1.7053625E-04  8.526E-10  1.776E-16  5.144E+11  3.110E+12  1.224E+02  3.359E+06  0.51935703  7.487E-05  9.244E-05  9.563E-01  0.000E+00  0.000E+00  1.041E+00  329    3.2722  9.71E-03 3.2615E+01 5.2798E+01    5.76E+02 0.00E+00 2.09E+02  0.519629  0.014497 5.76E+02 0.00E+00 2.09E+02  0.519357  0.014497  0.0000000E+00  0.0000000E+00  3.2687786E-07  8.9549563E-02  7.4883291E-02  3.1451259E-04 -1.4383827E-01  6.9936376E-02  5.5607115E-03 0.000 0.330 1.000 1.000 1.000 1.000 1.000 1.000 1.000 1.000 1.000 1.000 1.000 1.000 1.000 1.000 1.000 1.000 1.000 1.000 1.000 1.000 1.000 1.000 1.000 1.000 1.000 1.000 1.000 1.000 1.000 1.000 1.000 1.000 1.000 1.000 1.000 1.000 1.000 1.000  8.4075266830E-02   0.94617   1.00000   0.00000   0.00000   0.1056837E-01
   397  2.634990746437171E+06   9.999168  3.739896  4.398287  0.7200000E+00  0.2659559E+00  4.4171647E-05  2.5648109E-03  3.1128197E-05  7.4002771E-04  6.4239375E-03  2.5451071E-06  1.4491114E-05  2.1084332E-03  1.7053625E-04  0.3269    4.398287  -9.474  1.000839  7.509667  0.6797530E+00  0.3063254E+00  5.2958111E-07  4.0852107E-05  1.1063154E-05  7.2098850E-03  2.4227211E-03  1.6235968E-05  9.6612986E-09  2.1084332E-03  1.7053625E-04  8.549E-10  1.769E-16  5.147E+11  3.109E+12  1.225E+02  3.357E+06  0.51951585  7.469E-05  9.225E-05  9.563E-01  0.000E+00  0.000E+00  1.041E+00  329    3.2722  9.70E-03 3.2588E+01 5.2793E+01    5.76E+02 0.00E+00 2.08E+02  0.519485  0.014527 5.76E+02 0.00E+00 2.08E+02  0.519516  0.014527  0.0000000E+00  0.0000000E+00  3.2879160E-07  8.9744211E-02  7.4874540E-02  3.1377126E-04 -1.4370026E-01  6.9863028E-02  5.5663451E-03 0.000 0.330 1.000 1.000 1.000 1.000 1.000 1.000 1.000 1.000 1.000 1.000 1.000 1.000 1.000 1.000 1.000 1.000 1.000 1.000 1.000 1.000 1.000 1.000 1.000 1.000 1.000 1.000 1.000 1.000 1.000 1.000 1.000 1.000 1.000 1.000 1.000 1.000 1.000 1.000  8.4072971053E-02   0.94409   1.00000   0.00000   0.00000   0.1053840E-01
   404  2.724425069243987E+06   9.999138  3.740805  4.398109  0.7200000E+00  0.2659559E+00  4.4173542E-05  2.5648094E-03  3.1129096E-05  7.4002851E-04  6.4239374E-03  2.5451114E-06  1.4491110E-05  2.1084332E-03  1.7053625E-04  0.3264    4.398109  -9.471  1.000238  7.509625  0.6782797E+00  0.3078071E+00  5.2502644E-07  4.1183295E-05  1.1152835E-05  7.2674236E-03  2.3568279E-03  1.5791672E-05  9.3969149E-09  2.1084332E-03  1.7053625E-04  8.565E-10  1.761E-16  5.119E+11  3.086E+12  1.218E+02  3.333E+06  0.51958318  7.449E-05  9.209E-05  9.563E-01  0.000E+00  0.000E+00  1.042E+00  329    3.2722  9.69E-03 3.2568E+01 5.2768E+01    5.75E+02 0.00E+00 2.08E+02  0.519855  0.014558 5.75E+02 0.00E+00 2.08E+02  0.519583  0.014558  0.0000000E+00  0.0000000E+00  3.3119468E-07  8.9934330E-02  7.4868573E-02  3.1306527E-04 -1.4356649E-01  6.9791618E-02  5.5721254E-03 0.000 0.330 1.000 1.000 1.000 1.000 1.000 1.000 1.000 1.000 1.000 1.000 1.000 1.000 1.000 1.000 1.000 1.000 1.000 1.000 1.000 1.000 1.000 1.000 1.000 1.000 1.000 1.000 1.000 1.000 1.000 1.000 1.000 1.000 1.000 1.000 1.000 1.000 1.000 1.000  8.4070659836E-02   0.94207   1.00000   0.00000   0.00000   0.1050570E-01
   411  2.813859392050802E+06   9.999108  3.741731  4.397949  0.7200000E+00  0.2659559E+00  4.4176478E-05  2.5648064E-03  3.1130909E-05  7.4003029E-04  6.4239374E-03  2.5451210E-06  1.4491102E-05  2.1084332E-03  1.7053625E-04  0.3259    4.397949  -9.469  0.999671  7.509595  0.6768275E+00  0.3092671E+00  5.2358858E-07  4.1480517E-05  1.1233894E-05  7.3214106E-03  2.2950253E-03  1.5373086E-05  9.1677559E-09  2.1084332E-03  1.7053625E-04  8.578E-10  1.754E-16  5.118E+11  3.082E+12  1.218E+02  3.329E+06  0.51982540  7.433E-05  9.190E-05  9.562E-01  0.000E+00  0.000E+00  1.041E+00  330    3.2722  9.68E-03 3.2538E+01 5.2758E+01    5.75E+02 0.00E+00 2.08E+02  0.519772  0.014589 5.75E+02 0.00E+00 2.08E+02  0.519825  0.014589  0.0000000E+00  0.0000000E+00  3.3323315E-07  9.0118510E-02  7.4858553E-02  3.1235284E-04 -1.4343777E-01  6.9722739E-02  5.5781036E-03 0.000 0.330 1.000 1.000 1.000 1.000 1.000 1.000 1.000 1.000 1.000 1.000 1.000 1.000 1.000 1.000 1.000 1.000 1.000 1.000 1.000 1.000 1.000 1.000 1.000 1.000 1.000 1.000 1.000 1.000 1.000 1.000 1.000 1.000 1.000 1.000 1.000 1.000 1.000 1.000  8.4068333331E-02   0.94003   1.00000   0.00000   0.00000   0.1047471E-01
   418  2.903293714857618E+06   9.999077  3.742652  4.397780  0.7200000E+00  0.2659559E+00  4.4179028E-05  2.5648028E-03  3.1132890E-05  7.4003244E-04  6.4239373E-03  2.5451326E-06  1.4491091E-05  2.1084332E-03  1.7053625E-04  0.3255    4.397780  -9.467  0.999133  7.509574  0.6753737E+00  0.3107285E+00  5.1934985E-07  4.1780029E-05  1.1315006E-05  7.3733347E-03  2.2355631E-03  1.4969583E-05  8.9294255E-09  2.1084332E-03  1.7053625E-04  8.578E-10  1.754E-16  5.094E+11  3.063E+12  1.212E+02  3.308E+06  0.52003629  7.416E-05  9.174E-05  9.562E-01  0.000E+00  0.000E+00  1.042E+00  330    3.2722  9.68E-03 3.2516E+01 5.2730E+01    5.74E+02 0.00E+00 2.08E+02  0.520137  0.014620 5.74E+02 0.00E+00 2.08E+02  0.520036  0.014620  0.0000000E+00  0.0000000E+00  3.3570924E-07  9.0299719E-02  7.4850011E-02  3.1166179E-04 -1.4331198E-01  6.9655188E-02  5.5841997E-03 0.000 0.330 1.000 1.000 1.000 1.000 1.000 1.000 1.000 1.000 1.000 1.000 1.000 1.000 1.000 1.000 1.000 1.000 1.000 1.000 1.000 1.000 1.000 1.000 1.000 1.000 1.000 1.000 1.000 1.000 1.000 1.000 1.000 1.000 1.000 1.000 1.000 1.000 1.000 1.000  8.4065990716E-02   0.93803   1.00000   0.00000   0.00000   0.1044142E-01
   425  2.992728037664433E+06   9.999046  3.743625  4.397624  0.7200000E+00  0.2659559E+00  4.4182133E-05  2.5647972E-03  3.1135892E-05  7.4003598E-04  6.4239372E-03  2.5451520E-06  1.4491074E-05  2.1084332E-03  1.7053625E-04  0.3250    4.397624  -9.464  0.998635  7.509564  0.6738850E+00  0.3122248E+00  5.0473068E-07  4.2123902E-05  1.1405952E-05  7.4250625E-03  2.1762531E-03  1.4567164E-05  8.6556075E-09  2.1084332E-03  1.7053625E-04  8.483E-10  1.726E-16  5.096E+11  3.063E+12  1.213E+02  3.308E+06  0.52012322  7.397E-05  9.160E-05  9.562E-01  0.000E+00  0.000E+00  1.042E+00  331    3.2317  9.67E-03 3.2496E+01 5.2709E+01    5.74E+02 0.00E+00 2.08E+02  0.520295  0.014651 5.74E+02 0.00E+00 2.08E+02  0.520123  0.014653  0.0000000E+00  0.0000000E+00  3.3797483E-07  9.0478292E-02  7.4840631E-02  3.1098036E-04 -1.4319025E-01  6.9589735E-02  5.5902852E-03 0.000 0.327 1.000 1.000 1.000 1.000 1.000 1.000 1.000 1.000 1.000 1.000 1.000 1.000 1.000 1.000 1.000 1.000 1.000 1.000 1.000 1.000 1.000 1.000 1.000 1.000 1.000 1.000 1.000 1.000 1.000 1.000 1.000 1.000 1.000 1.000 1.000 1.000 1.000 1.000  8.4063631314E-02   0.93597   1.00000   0.00000   0.00000   0.1040784E-01
   432  3.082162360471249E+06   9.999016  3.744646  4.397467  0.7200000E+00  0.2659559E+00  4.4186070E-05  2.5647878E-03  3.1140731E-05  7.4004223E-04  6.4239369E-03  2.5451862E-06  1.4491045E-05  2.1084332E-03  1.7053625E-04  0.3250    4.397467  -9.461  0.998235  7.509555  0.6723957E+00  0.3137213E+00  5.0528704E-07  4.2388989E-05  1.1478929E-05  7.4750095E-03  2.1190919E-03  1.4179062E-05  8.4397316E-09  2.1084332E-03  1.7053625E-04  8.415E-10  1.704E-16  5.011E+11  2.995E+12  1.193E+02  3.235E+06  0.52034546  7.379E-05  9.145E-05  9.561E-01  0.000E+00  0.000E+00  1.042E+00  331    3.2317  9.66E-03 3.2472E+01 5.2689E+01    5.73E+02 0.00E+00 2.08E+02  0.520612  0.014688 5.73E+02 0.00E+00 2.08E+02  0.520345  0.014687  0.0000000E+00  0.0000000E+00  3.4084833E-07  9.0661243E-02  7.4831458E-02  3.1028725E-04 -1.4306564E-01  6.9522653E-02  5.5963658E-03 0.000 0.329 1.000 1.000 1.000 1.000 1.000 1.000 1.000 1.000 1.000 1.000 1.000 1.000 1.000 1.000 1.000 1.000 1.000 1.000 1.000 1.000 1.000 1.000 1.000 1.000 1.000 1.000 1.000 1.000 1.000 1.000 1.000 1.000 1.000 1.000 1.000 1.000 1.000 1.000  8.4061254318E-02   0.93389   1.00000   0.00000   0.00000   0.1037262E-01
   439  3.171596683278065E+06   9.998985  3.745515  4.397307  0.7199999E+00  0.2659559E+00  4.4188799E-05  2.5647795E-03  3.1144800E-05  7.4004790E-04  6.4239367E-03  2.5452173E-06  1.4491019E-05  2.1084332E-03  1.7053625E-04  0.3244    4.397307  -9.459  0.997684  7.509555  0.6709161E+00  0.3152078E+00  4.9693384E-07  4.2684083E-05  1.1557820E-05  7.5224271E-03  2.0647576E-03  1.3808569E-05  8.2086211E-09  2.1084332E-03  1.7053625E-04  8.415E-10  1.704E-16  5.050E+11  3.023E+12  1.202E+02  3.265E+06  0.52057762  7.363E-05  9.130E-05  9.561E-01  0.000E+00  0.000E+00  1.042E+00  333    3.2317  9.66E-03 3.2454E+01 5.2669E+01    5.73E+02 0.00E+00 2.08E+02  0.520833  0.014716 5.73E+02 0.00E+00 2.08E+02  0.520578  0.014717  0.0000000E+00  0.0000000E+00  3.4293683E-07  9.0835471E-02  7.4822686E-02  3.0962970E-04 -1.4294584E-01  6.9458037E-02  5.6028975E-03 0.000 0.326 1.000 1.000 1.000 1.000 1.000 1.000 1.000 1.000 1.000 1.000 1.000 1.000 1.000 1.000 1.000 1.000 1.000 1.000 1.000 1.000 1.000 1.000 1.000 1.000 1.000 1.000 1.000 1.000 1.000 1.000 1.000 1.000 1.000 1.000 1.000 1.000 1.000 1.000  8.4058860764E-02   0.93185   1.00000   0.00000   0.00000   0.1034219E-01
   446  3.261031006084880E+06   9.998953  3.746509  4.397149  0.7199999E+00  0.2659559E+00  4.4192550E-05  2.5647650E-03  3.1151635E-05  7.4005807E-04  6.4239362E-03  2.5452735E-06  1.4490971E-05  2.1084332E-03  1.7053625E-04  0.3242    4.397149  -9.456  0.997272  7.509555  0.6693632E+00  0.3167680E+00  4.9547048E-07  4.2954381E-05  1.1631841E-05  7.5719809E-03  2.0080344E-03  1.3423723E-05  7.9815646E-09  2.1084332E-03  1.7053625E-04  8.448E-10  1.703E-16  4.964E+11  2.954E+12  1.182E+02  3.190E+06  0.52077119  7.346E-05  9.117E-05  9.560E-01  0.000E+00  0.000E+00  1.042E+00  335    3.2317  9.65E-03 3.2440E+01 5.2646E+01    5.72E+02 0.00E+00 2.08E+02  0.520897  0.014751 5.72E+02 0.00E+00 2.08E+02  0.520771  0.014751  0.0000000E+00  0.0000000E+00  3.4547905E-07  9.1021211E-02  7.4813592E-02  3.0893569E-04 -1.4281984E-01  6.9390215E-02  5.6091865E-03 0.000 0.326 1.000 1.000 1.000 1.000 1.000 1.000 1.000 1.000 1.000 1.000 1.000 1.000 1.000 1.000 1.000 1.000 1.000 1.000 1.000 1.000 1.000 1.000 1.000 1.000 1.000 1.000 1.000 1.000 1.000 1.000 1.000 1.000 1.000 1.000 1.000 1.000 1.000 1.000  8.4056449763E-02   0.92968   1.00000   0.00000   0.00000   0.1030906E-01
   453  3.350465328891696E+06   9.998922  3.747449  4.396991  0.7199999E+00  0.2659559E+00  4.4196302E-05  2.5647468E-03  3.1159924E-05  7.4007125E-04  6.4239356E-03  2.5453463E-06  1.4490911E-05  2.1084332E-03  1.7053625E-04  0.3236    4.396991  -9.454  0.996814  7.509563  0.6678371E+00  0.3183008E+00  4.9623387E-07  4.3200469E-05  1.1698847E-05  7.6183146E-03  1.9550105E-03  1.3062050E-05  7.7865636E-09  2.1084332E-03  1.7053625E-04  8.470E-10  1.700E-16  4.986E+11  2.967E+12  1.187E+02  3.205E+06  0.52104246  7.330E-05  9.101E-05  9.560E-01  0.000E+00  0.000E+00  1.042E+00  335    3.2317  9.64E-03 3.2414E+01 5.2642E+01    5.72E+02 0.00E+00 2.08E+02  0.521101  0.014782 5.72E+02 0.00E+00 2.08E+02  0.521042  0.014783  0.0000000E+00  0.0000000E+00  3.4785318E-07  9.1199905E-02  7.4803522E-02  3.0826320E-04 -1.4269875E-01  6.9324830E-02  5.6157135E-03 0.000 0.326 1.000 1.000 1.000 1.000 1.000 1.000 1.000 1.000 1.000 1.000 1.000 1.000 1.000 1.000 1.000 1.000 1.000 1.000 1.000 1.000 1.000 1.000 1.000 1.000 1.000 1.000 1.000 1.000 1.000 1.000 1.000 1.000 1.000 1.000 1.000 1.000 1.000 1.000  8.4054021863E-02   0.92754   1.00000   0.00000   0.00000   0.1027686E-01
   460  3.439899651698512E+06   9.998891  3.748391  4.396839  0.7199999E+00  0.2659559E+00  4.4200377E-05  2.5647218E-03  3.1170885E-05  7.4008984E-04  6.4239347E-03  2.5454492E-06  1.4490826E-05  2.1084332E-03  1.7053625E-04  0.3231    4.396839  -9.452  0.996386  7.509580  0.6663343E+00  0.3198099E+00  4.9194221E-07  4.3455876E-05  1.1767911E-05  7.6616403E-03  1.9053891E-03  1.2722121E-05  7.5875472E-09  2.1084332E-03  1.7053625E-04  8.470E-10  1.700E-16  4.963E+11  2.952E+12  1.181E+02  3.188E+06  0.52098778  7.310E-05  9.088E-05  9.560E-01  0.000E+00  0.000E+00  1.042E+00  335    3.2317  9.64E-03 3.2393E+01 5.2617E+01    5.71E+02 0.00E+00 2.08E+02  0.521259  0.014815 5.71E+02 0.00E+00 2.07E+02  0.520988  0.014815  0.0000000E+00  0.0000000E+00  3.5032946E-07  9.1373251E-02  7.4797218E-02  3.0763490E-04 -1.4258219E-01  6.9261626E-02  5.6223986E-03 0.000 0.326 1.000 1.000 1.000 1.000 1.000 1.000 1.000 1.000 1.000 1.000 1.000 1.000 1.000 1.000 1.000 1.000 1.000 1.000 1.000 1.000 1.000 1.000 1.000 1.000 1.000 1.000 1.000 1.000 1.000 1.000 1.000 1.000 1.000 1.000 1.000 1.000 1.000 1.000  8.4051576894E-02   0.92548   1.00000   0.00000   0.00000   0.1024448E-01
   467  3.529333974505327E+06   9.998859  3.749346  4.396700  0.7199999E+00  0.2659559E+00  4.4204045E-05  2.5646938E-03  3.1182711E-05  7.4011110E-04  6.4239337E-03  2.5455670E-06  1.4490730E-05  2.1084332E-03  1.7053625E-04  0.3227    4.396700  -9.449  0.995979  7.509606  0.6648534E+00  0.3212968E+00  4.9046859E-07  4.3681244E-05  1.1829554E-05  7.7022705E-03  1.8588782E-03  1.2402488E-05  7.4125987E-09  2.1084332E-03  1.7053625E-04  8.480E-10  1.696E-16  4.965E+11  2.953E+12  1.182E+02  3.190E+06  0.52137755  7.297E-05  9.071E-05  9.559E-01  0.000E+00  0.000E+00  1.042E+00  335    3.2317  9.63E-03 3.2363E+01 5.2608E+01    5.71E+02 0.00E+00 2.07E+02  0.521313  0.014847 5.71E+02 0.00E+00 2.07E+02  0.521378  0.014847  0.0000000E+00  0.0000000E+00  3.5268678E-07  9.1542270E-02  7.4785122E-02  3.0698072E-04 -1.4246924E-01  6.9200247E-02  5.6292317E-03 0.000 0.326 1.000 1.000 1.000 1.000 1.000 1.000 1.000 1.000 1.000 1.000 1.000 1.000 1.000 1.000 1.000 1.000 1.000 1.000 1.000 1.000 1.000 1.000 1.000 1.000 1.000 1.000 1.000 1.000 1.000 1.000 1.000 1.000 1.000 1.000 1.000 1.000 1.000 1.000  8.4049114782E-02   0.92339   1.00000   0.00000   0.00000   0.1021317E-01
   474  3.618768297312143E+06   9.998827  3.750297  4.396556  0.7199999E+00  0.2659559E+00  4.4207597E-05  2.5646608E-03  3.1196248E-05  7.4013671E-04  6.4239324E-03  2.5457092E-06  1.4490615E-05  2.1084332E-03  1.7053625E-04  0.3222    4.396556  -9.446  0.995594  7.509638  0.6633726E+00  0.3227832E+00  4.8568405E-07  4.3915936E-05  1.1893064E-05  7.7413540E-03  1.8141095E-03  1.2094510E-05  7.2297107E-09  2.1084332E-03  1.7053625E-04  8.485E-10  1.691E-16  4.939E+11  2.936E+12  1.175E+02  3.171E+06  0.52154230  7.280E-05  9.057E-05  9.559E-01  0.000E+00  0.000E+00  1.042E+00  335    3.2317  9.62E-03 3.2340E+01 5.2579E+01    5.70E+02 0.00E+00 2.07E+02  0.521657  0.014880 5.70E+02 0.00E+00 2.07E+02  0.521542  0.014880  0.0000000E+00  0.0000000E+00  3.5537054E-07  9.1709112E-02  7.4778078E-02  3.0637000E-04 -1.4235846E-01  6.9139828E-02  5.6361568E-03 0.000 0.326 1.000 1.000 1.000 1.000 1.000 1.000 1.000 1.000 1.000 1.000 1.000 1.000 1.000 1.000 1.000 1.000 1.000 1.000 1.000 1.000 1.000 1.000 1.000 1.000 1.000 1.000 1.000 1.000 1.000 1.000 1.000 1.000 1.000 1.000 1.000 1.000 1.000 1.000  8.4046634776E-02   0.92136   1.00000   0.00000   0.00000   0.1019118E-01
   481  3.708202620118958E+06   9.998795  3.751260  4.396422  0.7199999E+00  0.2659559E+00  4.4210828E-05  2.5646250E-03  3.1210509E-05  7.4016490E-04  6.4239308E-03  2.5458658E-06  1.4490489E-05  2.1084332E-03  1.7053625E-04  0.3217    4.396422  -9.444  0.995227  7.509676  0.6619118E+00  0.3242494E+00  4.8378509E-07  4.4122797E-05  1.1949632E-05  7.7780629E-03  1.7720835E-03  1.1804233E-05  7.0755909E-09  2.1084332E-03  1.7053625E-04  8.352E-10  1.660E-16  4.938E+11  2.936E+12  1.175E+02  3.171E+06  0.52175738  7.264E-05  9.041E-05  9.559E-01  0.000E+00  0.000E+00  1.042E+00  335    3.2317  9.62E-03 3.2308E+01 5.2566E+01    5.70E+02 0.00E+00 2.07E+02  0.521925  0.014913 5.70E+02 0.00E+00 2.07E+02  0.521757  0.014913  0.0000000E+00  0.0000000E+00  3.5796750E-07  9.1872287E-02  7.4767198E-02  3.0574640E-04 -1.4225079E-01  6.9080956E-02  5.6432074E-03 0.000 0.326 1.000 1.000 1.000 1.000 1.000 1.000 1.000 1.000 1.000 1.000 1.000 1.000 1.000 1.000 1.000 1.000 1.000 1.000 1.000 1.000 1.000 1.000 1.000 1.000 1.000 1.000 1.000 1.000 1.000 1.000 1.000 1.000 1.000 1.000 1.000 1.000 1.000 1.000  8.4044136711E-02   0.91931   1.00000   0.00000   0.00000   0.1014832E-01
   488  3.797636942925774E+06   9.998763  3.752222  4.396290  0.7199998E+00  0.2659559E+00  4.4214863E-05  2.5645698E-03  3.1231881E-05  7.4020927E-04  6.4239284E-03  2.5461123E-06  1.4490292E-05  2.1084332E-03  1.7053625E-04  0.3213    4.396290  -9.441  0.994876  7.509721  0.6604458E+00  0.3257206E+00  4.7941469E-07  4.4336988E-05  1.2007599E-05  7.8136696E-03  1.7312977E-03  1.1522478E-05  6.9103980E-09  2.1084332E-03  1.7053625E-04  8.352E-10  1.660E-16  4.916E+11  2.922E+12  1.170E+02  3.156E+06  0.52202914  7.250E-05  9.027E-05  9.558E-01  0.000E+00  0.000E+00  1.042E+00  335    3.2317  9.61E-03 3.2284E+01 5.2535E+01    5.69E+02 0.00E+00 2.07E+02  0.522127  0.014947 5.69E+02 0.00E+00 2.07E+02  0.522029  0.014946  0.0000000E+00  0.0000000E+00  3.6062590E-07  9.2033917E-02  7.4758070E-02  3.0514061E-04 -1.4214471E-01  6.9022829E-02  5.6503583E-03 0.000 0.326 1.000 1.000 1.000 1.000 1.000 1.000 1.000 1.000 1.000 1.000 1.000 1.000 1.000 1.000 1.000 1.000 1.000 1.000 1.000 1.000 1.000 1.000 1.000 1.000 1.000 1.000 1.000 1.000 1.000 1.000 1.000 1.000 1.000 1.000 1.000 1.000 1.000 1.000  8.4041620284E-02   0.91730   1.00000   0.00000   0.00000   0.1011646E-01
   495  3.887071265732590E+06   9.998730  3.753272  4.396151  0.7199998E+00  0.2659559E+00  4.4219102E-05  2.5644972E-03  3.1259066E-05  7.4026855E-04  6.4239249E-03  2.5464419E-06  1.4490030E-05  2.1084332E-03  1.7053625E-04  0.3212    4.396151  -9.439  0.994600  7.509768  0.6589248E+00  0.3272470E+00  4.7789808E-07  4.4537469E-05  1.2063026E-05  7.8505770E-03  1.6890546E-03  1.1232415E-05  6.7420305E-09  2.1084332E-03  1.7053625E-04  8.297E-10  1.644E-16  4.879E+11  2.892E+12  1.161E+02  3.124E+06  0.52239648  7.235E-05  9.014E-05  9.557E-01  0.000E+00  0.000E+00  1.042E+00  336    3.2317  9.61E-03 3.2260E+01 5.2518E+01    5.69E+02 0.00E+00 2.07E+02  0.522431  0.014980 5.69E+02 0.00E+00 2.07E+02  0.522396  0.014982  0.0000000E+00  0.0000000E+00  3.6335684E-07  9.2203591E-02  7.4746408E-02  3.0449682E-04 -1.4203451E-01  6.8962692E-02  5.6573798E-03 0.000 0.325 1.000 1.000 1.000 1.000 1.000 1.000 1.000 1.000 1.000 1.000 1.000 1.000 1.000 1.000 1.000 1.000 1.000 1.000 1.000 1.000 1.000 1.000 1.000 1.000 1.000 1.000 1.000 1.000 1.000 1.000 1.000 1.000 1.000 1.000 1.000 1.000 1.000 1.000  8.4039084523E-02   0.91510   1.00000   0.00000   0.00000   0.1008101E-01
   502  3.976505588539405E+06   9.998697  3.754287  4.396019  0.7199998E+00  0.2659560E+00  4.4222972E-05  2.5644138E-03  3.1289350E-05  7.4033787E-04  6.4239207E-03  2.5468273E-06  1.4489727E-05  2.1084332E-03  1.7053625E-04  0.3208    4.396019  -9.436  0.994312  7.509818  0.6573402E+00  0.3288372E+00  4.6324172E-07  4.4818699E-05  1.2136657E-05  7.8888197E-03  1.6451654E-03  1.0931954E-05  6.5264091E-09  2.1084332E-03  1.7053625E-04  8.416E-10  1.663E-16  4.823E+11  2.850E+12  1.148E+02  3.078E+06  0.52244301  7.217E-05  9.004E-05  9.557E-01  0.000E+00  0.000E+00  1.042E+00  337    3.1909  9.60E-03 3.2245E+01 5.2487E+01    5.68E+02 0.00E+00 2.07E+02  0.522717  0.015018 5.68E+02 0.00E+00 2.07E+02  0.522443  0.015018  0.0000000E+00  0.0000000E+00  3.6640707E-07  9.2371943E-02  7.4738499E-02  3.0388839E-04 -1.4192639E-01  6.8903414E-02  5.6643867E-03 0.000 0.323 1.000 1.000 1.000 1.000 1.000 1.000 1.000 1.000 1.000 1.000 1.000 1.000 1.000 1.000 1.000 1.000 1.000 1.000 1.000 1.000 1.000 1.000 1.000 1.000 1.000 1.000 1.000 1.000 1.000 1.000 1.000 1.000 1.000 1.000 1.000 1.000 1.000 1.000  8.4036528106E-02   0.91298   1.00000   0.00000   0.00000   0.1004811E-01
   509  4.065939911346221E+06   9.998664  3.755204  4.395879  0.7199997E+00  0.2659560E+00  4.4225865E-05  2.5643375E-03  3.1316319E-05  7.4040215E-04  6.4239167E-03  2.5471846E-06  1.4489447E-05  2.1084332E-03  1.7053625E-04  0.3202    4.395879  -9.433  0.993917  7.509869  0.6558118E+00  0.3303706E+00  4.6747391E-07  4.4984135E-05  1.2182199E-05  7.9235381E-03  1.6054672E-03  1.0658421E-05  6.3906671E-09  2.1084332E-03  1.7053625E-04  8.416E-10  1.663E-16  4.875E+11  2.888E+12  1.160E+02  3.119E+06  0.52278640  7.204E-05  8.988E-05  9.557E-01  0.000E+00  0.000E+00  1.042E+00  337    3.2113  9.60E-03 3.2217E+01 5.2479E+01    5.68E+02 0.00E+00 2.07E+02  0.522922  0.015049 5.68E+02 0.00E+00 2.07E+02  0.522786  0.015049  0.0000000E+00  0.0000000E+00  3.6891619E-07  9.2537855E-02  7.4727832E-02  3.0326916E-04 -1.4181726E-01  6.8843651E-02  5.6718053E-03 0.000 0.323 1.000 1.000 1.000 1.000 1.000 1.000 1.000 1.000 1.000 1.000 1.000 1.000 1.000 1.000 1.000 1.000 1.000 1.000 1.000 1.000 1.000 1.000 1.000 1.000 1.000 1.000 1.000 1.000 1.000 1.000 1.000 1.000 1.000 1.000 1.000 1.000 1.000 1.000  8.4033952793E-02   0.91083   1.00000   0.00000   0.00000   0.1001785E-01
   516  4.155374234153036E+06   9.998631  3.756153  4.395746  0.7199997E+00  0.2659560E+00  4.4229597E-05  2.5642126E-03  3.1359336E-05  7.4050893E-04  6.4239099E-03  2.5477780E-06  1.4488984E-05  2.1084332E-03  1.7053625E-04  0.3197    4.395746  -9.431  0.993594  7.509926  0.6542988E+00  0.3318883E+00  4.6108216E-07  4.5194838E-05  1.2239379E-05  7.9562221E-03  1.5680060E-03  1.0399441E-05  6.2332817E-09  2.1084332E-03  1.7053625E-04  8.408E-10  1.657E-16  4.834E+11  2.863E+12  1.150E+02  3.092E+06  0.52301069  7.189E-05  8.975E-05  9.556E-01  0.000E+00  0.000E+00  1.042E+00  337    3.2113  9.59E-03 3.2195E+01 5.2451E+01    5.67E+02 0.00E+00 2.07E+02  0.523123  0.015083 5.67E+02 0.00E+00 2.07E+02  0.523011  0.015082  0.0000000E+00  0.0000000E+00  3.7157354E-07  9.2700814E-02  7.4719489E-02  3.0267608E-04 -1.4171181E-01  6.8785730E-02  5.6792024E-03 0.000 0.323 1.000 1.000 1.000 1.000 1.000 1.000 1.000 1.000 1.000 1.000 1.000 1.000 1.000 1.000 1.000 1.000 1.000 1.000 1.000 1.000 1.000 1.000 1.000 1.000 1.000 1.000 1.000 1.000 1.000 1.000 1.000 1.000 1.000 1.000 1.000 1.000 1.000 1.000  8.4031360138E-02   0.90876   1.00000   0.00000   0.00000   0.9987030E-02
   523  4.244808556959853E+06   9.998598  3.757135  4.395623  0.7199996E+00  0.2659561E+00  4.4231842E-05  2.5641201E-03  3.1390401E-05  7.4058886E-04  6.4239046E-03  2.5482220E-06  1.4488640E-05  2.1084332E-03  1.7053625E-04  0.3193    4.395623  -9.428  0.993293  7.509992  0.6528096E+00  0.3333820E+00  4.5915971E-07  4.5368874E-05  1.2287136E-05  7.9867343E-03  1.5330717E-03  1.0156882E-05  6.1042791E-09  2.1084332E-03  1.7053625E-04  8.409E-10  1.654E-16  4.833E+11  2.865E+12  1.150E+02  3.094E+06  0.52322447  7.173E-05  8.960E-05  9.556E-01  0.000E+00  0.000E+00  1.042E+00  337    3.2113  9.59E-03 3.2163E+01 5.2440E+01    5.67E+02 0.00E+00 2.07E+02  0.523398  0.015116 5.67E+02 0.00E+00 2.07E+02  0.523224  0.015117  0.0000000E+00  0.0000000E+00  3.7434473E-07  9.2859766E-02  7.4708745E-02  3.0208210E-04 -1.4160985E-01  6.8729507E-02  5.6867110E-03 0.000 0.323 1.000 1.000 1.000 1.000 1.000 1.000 1.000 1.000 1.000 1.000 1.000 1.000 1.000 1.000 1.000 1.000 1.000 1.000 1.000 1.000 1.000 1.000 1.000 1.000 1.000 1.000 1.000 1.000 1.000 1.000 1.000 1.000 1.000 1.000 1.000 1.000 1.000 1.000  8.4028747961E-02   0.90666   1.00000   0.00000   0.00000   0.9955173E-02
   530  4.334242879766668E+06   9.998565  3.758117  4.395503  0.7199996E+00  0.2659561E+00  4.4234508E-05  2.5639784E-03  3.1436916E-05  7.4071283E-04  6.4238961E-03  2.5489101E-06  1.4488109E-05  2.1084332E-03  1.7053625E-04  0.3188    4.395503  -9.425  0.993011  7.510062  0.6513218E+00  0.3348741E+00  4.5477205E-07  4.5551125E-05  1.2336415E-05  8.0160592E-03  1.4994731E-03  9.9234166E-06  5.9684415E-09  2.1084332E-03  1.7053625E-04  8.409E-10  1.654E-16  4.811E+11  2.852E+12  1.145E+02  3.080E+06  0.52349730  7.159E-05  8.948E-05  9.555E-01  0.000E+00  0.000E+00  1.042E+00  337    3.2113  9.58E-03 3.2140E+01 5.2409E+01    5.66E+02 0.00E+00 2.07E+02  0.523592  0.015151 5.66E+02 0.00E+00 2.07E+02  0.523497  0.015151  0.0000000E+00  0.0000000E+00  3.7717810E-07  9.3016738E-02  7.4699776E-02  3.0150630E-04 -1.4150976E-01  6.8674168E-02  5.6943216E-03 0.000 0.323 1.000 1.000 1.000 1.000 1.000 1.000 1.000 1.000 1.000 1.000 1.000 1.000 1.000 1.000 1.000 1.000 1.000 1.000 1.000 1.000 1.000 1.000 1.000 1.000 1.000 1.000 1.000 1.000 1.000 1.000 1.000 1.000 1.000 1.000 1.000 1.000 1.000 1.000  8.4026116182E-02   0.90463   1.00000   0.00000   0.00000   0.9923794E-02
   538  4.427510102122351E+06   9.998529  3.759142  4.395366  0.7199995E+00  0.2659562E+00  4.4237190E-05  2.5637843E-03  3.1499028E-05  7.4088472E-04  6.4238840E-03  2.5498635E-06  1.4487376E-05  2.1084332E-03  1.7053625E-04  0.3184    4.395366  -9.423  0.992658  7.510110  0.6497844E+00  0.3364157E+00  4.3951934E-07  4.5862178E-05  1.2424553E-05  8.0449359E-03  1.4662638E-03  9.5872155E-06  5.8208205E-09  2.1084332E-03  1.7053625E-04  8.186E-10  1.606E-16  4.684E+11  2.769E+12  1.115E+02  2.990E+06  0.52378934  7.144E-05  8.932E-05  9.555E-01  0.000E+00  0.000E+00  1.042E+00  337    3.2113  9.58E-03 3.2109E+01 5.2386E+01    5.66E+02 0.00E+00 2.07E+02  0.523872  0.015187 5.66E+02 0.00E+00 2.07E+02  0.523789  0.015187  0.0000000E+00  0.0000000E+00  3.4212872E-07  9.3189271E-02  7.4689509E-02  3.0087294E-04 -1.4139905E-01  6.8613389E-02  5.7020030E-03 0.000 0.323 1.000 1.000 1.000 1.000 1.000 1.000 1.000 1.000 1.000 1.000 1.000 1.000 1.000 1.000 1.000 1.000 1.000 1.000 1.000 1.000 1.000 1.000 1.000 1.000 1.000 1.000 1.000 1.000 1.000 1.000 1.000 1.000 1.000 1.000 1.000 1.000 1.000 1.000  8.4023350929E-02   0.90249   1.00000   0.00000   0.00000   0.9890779E-02
   545  4.512600472107122E+06   9.998497  3.760167  4.395273  0.7199994E+00  0.2659562E+00  4.4238788E-05  2.5636267E-03  3.1548335E-05  7.4102575E-04  6.4238738E-03  2.5506450E-06  1.4486778E-05  2.1084332E-03  1.7053625E-04  0.3180    4.395273  -9.420  0.992565  7.510223  0.6482899E+00  0.3379145E+00  4.3564203E-07  4.5970641E-05  1.2448986E-05  8.0740509E-03  1.4329803E-03  9.4110927E-06  5.6458295E-09  2.1084332E-03  1.7053625E-04  8.280E-10  1.623E-16  4.664E+11  2.747E+12  1.110E+02  2.967E+06  0.52405295  7.131E-05  8.923E-05  9.554E-01  0.000E+00  0.000E+00  1.042E+00  340    3.1499  9.58E-03 3.2087E+01 5.2367E+01    5.65E+02 0.00E+00 2.07E+02  0.524240  0.015224 5.65E+02 0.00E+00 2.07E+02  0.524053  0.015223  0.0000000E+00  0.0000000E+00  3.7956349E-07  9.3330613E-02  7.4679023E-02  3.0034664E-04 -1.4131374E-01  6.8565388E-02  5.7094051E-03 0.000 0.321 1.000 1.000 1.000 1.000 1.000 1.000 1.000 1.000 1.000 1.000 1.000 1.000 1.000 1.000 1.000 1.000 1.000 1.000 1.000 1.000 1.000 1.000 1.000 1.000 1.000 1.000 1.000 1.000 1.000 1.000 1.000 1.000 1.000 1.000 1.000 1.000 1.000 1.000  8.4020807638E-02   0.90040   1.00000   0.00000   0.00000   0.9859282E-02
   552  4.599875594834743E+06   9.998464  3.761176  4.395157  0.7199993E+00  0.2659563E+00  4.4240162E-05  2.5634288E-03  3.1608965E-05  7.4120454E-04  6.4238605E-03  2.5516347E-06  1.4486023E-05  2.1084332E-03  1.7053625E-04  0.3177    4.395157  -9.417  0.992286  7.510405  0.6467053E+00  0.3395036E+00  4.2668817E-07  4.6243370E-05  1.2523822E-05  8.1047984E-03  1.3976079E-03  9.1731742E-06  5.5302155E-09  2.1084332E-03  1.7053625E-04  8.043E-10  1.575E-16  4.628E+11  2.724E+12  1.101E+02  2.942E+06  0.52437198  7.118E-05  8.914E-05  9.554E-01  0.000E+00  0.000E+00  1.042E+00  341    3.1807  9.57E-03 3.2073E+01 5.2336E+01    5.65E+02 0.00E+00 2.07E+02  0.524431  0.015258 5.65E+02 0.00E+00 2.07E+02  0.524372  0.015258  0.0000000E+00  0.0000000E+00  3.4405503E-07  9.3482142E-02  7.4669035E-02  2.9978972E-04 -1.4121871E-01  6.8512541E-02  5.7173712E-03 0.000 0.320 1.000 1.000 1.000 1.000 1.000 1.000 1.000 1.000 1.000 1.000 1.000 1.000 1.000 1.000 1.000 1.000 1.000 1.000 1.000 1.000 1.000 1.000 1.000 1.000 1.000 1.000 1.000 1.000 1.000 1.000 1.000 1.000 1.000 1.000 1.000 1.000 1.000 1.000  8.4018178473E-02   0.89820   1.00000   0.00000   0.00000   0.9826504E-02
   560  4.690945288115738E+06   9.998429  3.762152  4.395005  0.7199991E+00  0.2659564E+00  4.4241177E-05  2.5631780E-03  3.1684176E-05  7.4143332E-04  6.4238431E-03  2.5528997E-06  1.4485062E-05  2.1084332E-03  1.7053625E-04  0.3172    4.395005  -9.415  0.991991  7.510437  0.6450873E+00  0.3411260E+00  4.2194695E-07  4.6451622E-05  1.2583105E-05  8.1346709E-03  1.3634095E-03  8.8620143E-06  5.3718962E-09  2.1084332E-03  1.7053625E-04  8.043E-10  1.575E-16  4.598E+11  2.707E+12  1.094E+02  2.923E+06  0.52461025  7.102E-05  8.901E-05  9.553E-01  0.000E+00  0.000E+00  1.042E+00  341    3.1807  9.57E-03 3.2052E+01 5.2320E+01    5.64E+02 0.00E+00 2.07E+02  0.524704  0.015293 5.64E+02 0.00E+00 2.07E+02  0.524610  0.015292  0.0000000E+00  0.0000000E+00  3.4664730E-07  9.3659254E-02  7.4659586E-02  2.9916093E-04 -1.4110571E-01  6.8450637E-02  5.7250143E-03 0.000 0.320 1.000 1.000 1.000 1.000 1.000 1.000 1.000 1.000 1.000 1.000 1.000 1.000 1.000 1.000 1.000 1.000 1.000 1.000 1.000 1.000 1.000 1.000 1.000 1.000 1.000 1.000 1.000 1.000 1.000 1.000 1.000 1.000 1.000 1.000 1.000 1.000 1.000 1.000  8.4015414563E-02   0.89597   1.00000   0.00000   0.00000   0.9794820E-02
   568  4.782014981396733E+06   9.998394  3.763167  4.394879  0.7199990E+00  0.2659565E+00  4.4241605E-05  2.5628926E-03  3.1767944E-05  7.4169613E-04  6.4238226E-03  2.5543508E-06  1.4483964E-05  2.1084332E-03  1.7053625E-04  0.3167    4.394879  -9.412  0.991741  7.510522  0.6435101E+00  0.3427072E+00  4.1914070E-07  4.6615810E-05  1.2627882E-05  8.1619141E-03  1.3322116E-03  8.6370023E-06  5.2441476E-09  2.1084332E-03  1.7053625E-04  8.050E-10  1.574E-16  4.589E+11  2.704E+12  1.092E+02  2.921E+06  0.52470058  7.085E-05  8.888E-05  9.553E-01  0.000E+00  0.000E+00  1.042E+00  341    3.1807  9.56E-03 3.2026E+01 5.2303E+01    5.64E+02 0.00E+00 2.07E+02  0.524936  0.015328 5.64E+02 0.00E+00 2.06E+02  0.524701  0.015328  0.0000000E+00  0.0000000E+00  3.4931445E-07  9.3822176E-02  7.4650751E-02  2.9858283E-04 -1.4100377E-01  6.8394102E-02  5.7330420E-03 0.000 0.320 1.000 1.000 1.000 1.000 1.000 1.000 1.000 1.000 1.000 1.000 1.000 1.000 1.000 1.000 1.000 1.000 1.000 1.000 1.000 1.000 1.000 1.000 1.000 1.000 1.000 1.000 1.000 1.000 1.000 1.000 1.000 1.000 1.000 1.000 1.000 1.000 1.000 1.000  8.4012629569E-02   0.89378   1.00000   0.00000   0.00000   0.9761997E-02
   576  4.873084674677728E+06   9.998358  3.764265  4.394746  0.7199988E+00  0.2659567E+00  4.4241398E-05  2.5625815E-03  3.1857370E-05  7.4198511E-04  6.4237995E-03  2.5559441E-06  1.4482762E-05  2.1084332E-03  1.7053625E-04  0.3165    4.394746  -9.409  0.991600  7.510615  0.6418128E+00  0.3444089E+00  4.0929939E-07  4.6834087E-05  1.2685960E-05  8.1922542E-03  1.2973987E-03  8.3985352E-06  5.0919062E-09  2.1084332E-03  1.7053625E-04  7.967E-10  1.556E-16  4.530E+11  2.658E+12  1.078E+02  2.870E+06  0.52503368  7.070E-05  8.877E-05  9.552E-01  0.000E+00  0.000E+00  1.043E+00  342    3.1499  9.56E-03 3.2005E+01 5.2280E+01    5.63E+02 0.00E+00 2.06E+02  0.525265  0.015368 5.63E+02 0.00E+00 2.06E+02  0.525034  0.015367  0.0000000E+00  0.0000000E+00  3.5236253E-07  9.3993441E-02  7.4639571E-02  2.9796611E-04 -1.4089873E-01  6.8335991E-02  5.7408667E-03 0.000 0.318 1.000 1.000 1.000 1.000 1.000 1.000 1.000 1.000 1.000 1.000 1.000 1.000 1.000 1.000 1.000 1.000 1.000 1.000 1.000 1.000 1.000 1.000 1.000 1.000 1.000 1.000 1.000 1.000 1.000 1.000 1.000 1.000 1.000 1.000 1.000 1.000 1.000 1.000  8.4009822206E-02   0.89141   1.00000   0.00000   0.00000   0.9726727E-02
   584  4.964154367958723E+06   9.998323  3.765302  4.394617  0.7199987E+00  0.2659568E+00  4.4240788E-05  2.5623171E-03  3.1931992E-05  7.4223268E-04  6.4237793E-03  2.5573071E-06  1.4481737E-05  2.1084332E-03  1.7053625E-04  0.3159    4.394617  -9.406  0.991362  7.510703  0.6401941E+00  0.3460315E+00  4.0837157E-07  4.6985120E-05  1.2726806E-05  8.2188811E-03  1.2669111E-03  8.1911187E-06  4.9760392E-09  2.1084332E-03  1.7053625E-04  7.973E-10  1.555E-16  4.539E+11  2.667E+12  1.080E+02  2.881E+06  0.52531301  7.055E-05  8.865E-05  9.552E-01  0.000E+00  0.000E+00  1.043E+00  342    3.1499  9.55E-03 3.1980E+01 5.2264E+01    5.63E+02 0.00E+00 2.06E+02  0.525525  0.015404 5.63E+02 0.00E+00 2.06E+02  0.525313  0.015404  0.0000000E+00  0.0000000E+00  3.5510417E-07  9.4160397E-02  7.4629699E-02  2.9737238E-04 -1.4079502E-01  6.8278525E-02  5.7489459E-03 0.000 0.318 1.000 1.000 1.000 1.000 1.000 1.000 1.000 1.000 1.000 1.000 1.000 1.000 1.000 1.000 1.000 1.000 1.000 1.000 1.000 1.000 1.000 1.000 1.000 1.000 1.000 1.000 1.000 1.000 1.000 1.000 1.000 1.000 1.000 1.000 1.000 1.000 1.000 1.000  8.4006991716E-02   0.88917   1.00000   0.00000   0.00000   0.9694063E-02
   592  5.055224061239718E+06   9.998287  3.766329  4.394499  0.7199985E+00  0.2659569E+00  4.4239386E-05  2.5619553E-03  3.2032310E-05  7.4257401E-04  6.4237508E-03  2.5591833E-06  1.4480330E-05  2.1084332E-03  1.7053625E-04  0.3154    4.394499  -9.403  0.991143  7.510799  0.6386102E+00  0.3476189E+00  4.0522137E-07  4.7136426E-05  1.2768072E-05  8.2432450E-03  1.2389934E-03  8.0000958E-06  4.8675054E-09  2.1084332E-03  1.7053625E-04  7.971E-10  1.553E-16  4.527E+11  2.663E+12  1.077E+02  2.876E+06  0.52541552  7.038E-05  8.852E-05  9.552E-01  0.000E+00  0.000E+00  1.043E+00  342    3.1499  9.55E-03 3.1952E+01 5.2245E+01    5.62E+02 0.00E+00 2.06E+02  0.525638  0.015441 5.62E+02 0.00E+00 2.06E+02  0.525416  0.015440  0.0000000E+00  0.0000000E+00  3.5776948E-07  9.4321402E-02  7.4620497E-02  2.9680249E-04 -1.4069572E-01  6.8223227E-02  5.7572032E-03 0.000 0.318 1.000 1.000 1.000 1.000 1.000 1.000 1.000 1.000 1.000 1.000 1.000 1.000 1.000 1.000 1.000 1.000 1.000 1.000 1.000 1.000 1.000 1.000 1.000 1.000 1.000 1.000 1.000 1.000 1.000 1.000 1.000 1.000 1.000 1.000 1.000 1.000 1.000 1.000  8.4004139226E-02   0.88697   1.00000   0.00000   0.00000   0.9662560E-02
   600  5.146293754520712E+06   9.998251  3.767362  4.394380  0.7199982E+00  0.2659571E+00  4.4237477E-05  2.5615894E-03  3.2131942E-05  7.4292176E-04  6.4237212E-03  2.5610916E-06  1.4478902E-05  2.1084332E-03  1.7053625E-04  0.3152    4.394380  -9.400  0.990935  7.510899  0.6370452E+00  0.3491873E+00  4.0235575E-07  4.7277583E-05  1.2806580E-05  8.2660327E-03  1.2128830E-03  7.8208471E-06  4.7670416E-09  2.1084332E-03  1.7053625E-04  7.971E-10  1.553E-16  4.518E+11  2.660E+12  1.075E+02  2.873E+06  0.52578740  7.025E-05  8.839E-05  9.551E-01  0.000E+00  0.000E+00  1.043E+00  342    3.1499  9.55E-03 3.1924E+01 5.2224E+01    5.62E+02 0.00E+00 2.06E+02  0.525988  0.015478 5.62E+02 0.00E+00 2.06E+02  0.525787  0.015477  0.0000000E+00  0.0000000E+00  3.6068957E-07  9.4479763E-02  7.4609434E-02  2.9622816E-04 -1.4059868E-01  6.8169002E-02  5.7655496E-03 0.000 0.318 1.000 1.000 1.000 1.000 1.000 1.000 1.000 1.000 1.000 1.000 1.000 1.000 1.000 1.000 1.000 1.000 1.000 1.000 1.000 1.000 1.000 1.000 1.000 1.000 1.000 1.000 1.000 1.000 1.000 1.000 1.000 1.000 1.000 1.000 1.000 1.000 1.000 1.000  8.4001264322E-02   0.88480   1.00000   0.00000   0.00000   0.9630043E-02
   608  5.237363447801707E+06   9.998214  3.768400  4.394266  0.7199980E+00  0.2659573E+00  4.4235162E-05  2.5612214E-03  3.2230536E-05  7.4327378E-04  6.4236907E-03  2.5630200E-06  1.4477463E-05  2.1084332E-03  1.7053625E-04  0.3147    4.394266  -9.398  0.990739  7.511003  0.6354895E+00  0.3507461E+00  3.9919548E-07  4.7414212E-05  1.2843854E-05  8.2876401E-03  1.1881206E-03  7.6505079E-06  4.6712946E-09  2.1084332E-03  1.7053625E-04  7.968E-10  1.551E-16  4.506E+11  2.656E+12  1.072E+02  2.869E+06  0.52609645  7.012E-05  8.825E-05  9.550E-01  0.000E+00  0.000E+00  1.043E+00  342    3.1499  9.54E-03 3.1894E+01 5.2202E+01    5.61E+02 0.00E+00 2.06E+02  0.526300  0.015515 5.61E+02 0.00E+00 2.06E+02  0.526096  0.015514  0.0000000E+00  0.0000000E+00  3.6360037E-07  9.4636407E-02  7.4599584E-02  2.9566824E-04 -1.4050322E-01  6.8115536E-02  5.7739825E-03 0.000 0.318 1.000 1.000 1.000 1.000 1.000 1.000 1.000 1.000 1.000 1.000 1.000 1.000 1.000 1.000 1.000 1.000 1.000 1.000 1.000 1.000 1.000 1.000 1.000 1.000 1.000 1.000 1.000 1.000 1.000 1.000 1.000 1.000 1.000 1.000 1.000 1.000 1.000 1.000  8.3998366398E-02   0.88264   1.00000   0.00000   0.00000   0.9598023E-02
   616  5.328433141082702E+06   9.998178  3.769443  4.394158  0.7199977E+00  0.2659575E+00  4.4230959E-05  2.5606578E-03  3.2378848E-05  7.4381687E-04  6.4236427E-03  2.5659892E-06  1.4475252E-05  2.1084332E-03  1.7053625E-04  0.3142    4.394158  -9.395  0.990552  7.511111  0.6339429E+00  0.3522957E+00  3.9597437E-07  4.7545380E-05  1.2879641E-05  8.3081353E-03  1.1646306E-03  7.4886855E-06  4.5807337E-09  2.1084332E-03  1.7053625E-04  7.965E-10  1.550E-16  4.494E+11  2.652E+12  1.070E+02  2.864E+06  0.52625929  6.996E-05  8.812E-05  9.550E-01  0.000E+00  0.000E+00  1.043E+00  342    3.1499  9.54E-03 3.1864E+01 5.2178E+01    5.61E+02 0.00E+00 2.06E+02  0.526488  0.015552 5.61E+02 0.00E+00 2.06E+02  0.526259  0.015552  0.0000000E+00  0.0000000E+00  3.6643323E-07  9.4791268E-02  7.4589566E-02  2.9511354E-04 -1.4040937E-01  6.8062855E-02  5.7825095E-03 0.000 0.318 1.000 1.000 1.000 1.000 1.000 1.000 1.000 1.000 1.000 1.000 1.000 1.000 1.000 1.000 1.000 1.000 1.000 1.000 1.000 1.000 1.000 1.000 1.000 1.000 1.000 1.000 1.000 1.000 1.000 1.000 1.000 1.000 1.000 1.000 1.000 1.000 1.000 1.000  8.3995445341E-02   0.88049   1.00000   0.00000   0.00000   0.9566393E-02
   624  5.419502834363697E+06   9.998141  3.770495  4.394067  0.7199973E+00  0.2659578E+00  4.4225812E-05  2.5600518E-03  3.2535267E-05  7.4440526E-04  6.4235895E-03  2.5691987E-06  1.4472869E-05  2.1084332E-03  1.7053625E-04  0.3138    4.394067  -9.392  0.990397  7.511271  0.6324061E+00  0.3538353E+00  3.9255205E-07  4.7673812E-05  1.2914666E-05  8.3275132E-03  1.1424150E-03  7.3343069E-06  4.4950933E-09  2.1084332E-03  1.7053625E-04  7.954E-10  1.548E-16  4.482E+11  2.648E+12  1.067E+02  2.860E+06  0.52669425  6.985E-05  8.800E-05  9.549E-01  0.000E+00  0.000E+00  1.043E+00  343    3.1499  9.54E-03 3.1832E+01 5.2153E+01    5.60E+02 0.00E+00 2.06E+02  0.526755  0.015590 5.60E+02 0.00E+00 2.06E+02  0.526694  0.015589  0.0000000E+00  0.0000000E+00  3.6942099E-07  9.4933724E-02  7.4577886E-02  2.9458617E-04 -1.4032485E-01  6.8014623E-02  5.7914542E-03 0.000 0.318 1.000 1.000 1.000 1.000 1.000 1.000 1.000 1.000 1.000 1.000 1.000 1.000 1.000 1.000 1.000 1.000 1.000 1.000 1.000 1.000 1.000 1.000 1.000 1.000 1.000 1.000 1.000 1.000 1.000 1.000 1.000 1.000 1.000 1.000 1.000 1.000 1.000 1.000  8.3992500334E-02   0.87836   1.00000   0.00000   0.00000   0.9534789E-02
   632  5.510572527644692E+06   9.998104  3.771555  4.393966  0.7199969E+00  0.2659581E+00  4.4219854E-05  2.5594139E-03  3.2697013E-05  7.4502896E-04  6.4235320E-03  2.5725929E-06  1.4470354E-05  2.1084332E-03  1.7053625E-04  0.3134    4.393966  -9.389  0.990238  7.511405  0.6308681E+00  0.3553760E+00  3.8925061E-07  4.7796887E-05  1.2948227E-05  8.3462186E-03  1.1209716E-03  7.1856531E-06  4.4122197E-09  2.1084332E-03  1.7053625E-04  7.946E-10  1.547E-16  4.470E+11  2.645E+12  1.064E+02  2.856E+06  0.52705738  6.973E-05  8.787E-05  9.549E-01  0.000E+00  0.000E+00  1.043E+00  344    3.1499  9.54E-03 3.1800E+01 5.2127E+01    5.60E+02 0.00E+00 2.06E+02  0.527124  0.015628 5.60E+02 0.00E+00 2.06E+02  0.527057  0.015628  0.0000000E+00  0.0000000E+00  3.7255642E-07  9.5082437E-02  7.4567393E-02  2.9404916E-04 -1.4023620E-01  6.7964394E-02  5.8002656E-03 0.000 0.318 1.000 1.000 1.000 1.000 1.000 1.000 1.000 1.000 1.000 1.000 1.000 1.000 1.000 1.000 1.000 1.000 1.000 1.000 1.000 1.000 1.000 1.000 1.000 1.000 1.000 1.000 1.000 1.000 1.000 1.000 1.000 1.000 1.000 1.000 1.000 1.000 1.000 1.000  8.3989531196E-02   0.87622   1.00000   0.00000   0.00000   0.9502609E-02
   640  5.601642220925687E+06   9.998067  3.772678  4.393865  0.7199965E+00  0.2659585E+00  4.4213434E-05  2.5587748E-03  3.2856330E-05  7.4565782E-04  6.4234730E-03  2.5760073E-06  1.4467829E-05  2.1084332E-03  1.7053625E-04  0.3134    4.393865  -9.386  0.990164  7.511542  0.6293316E+00  0.3569152E+00  3.8574666E-07  4.7917772E-05  1.2981149E-05  8.3641878E-03  1.1003681E-03  7.0425197E-06  4.3308245E-09  2.1084332E-03  1.7053625E-04  7.946E-10  1.547E-16  4.459E+11  2.642E+12  1.061E+02  2.853E+06  0.52734225  6.959E-05  8.775E-05  9.548E-01  0.000E+00  0.000E+00  1.043E+00  345    3.1499  9.53E-03 3.1769E+01 5.2101E+01    5.59E+02 0.00E+00 2.06E+02  0.527587  0.015669 5.59E+02 0.00E+00 2.06E+02  0.527342  0.015668  0.0000000E+00  0.0000000E+00  3.7595902E-07  9.5231440E-02  7.4555395E-02  2.9350368E-04 -1.4014871E-01  6.7914774E-02  5.8090397E-03 0.000 0.318 1.000 1.000 1.000 1.000 1.000 1.000 1.000 1.000 1.000 1.000 1.000 1.000 1.000 1.000 1.000 1.000 1.000 1.000 1.000 1.000 1.000 1.000 1.000 1.000 1.000 1.000 1.000 1.000 1.000 1.000 1.000 1.000 1.000 1.000 1.000 1.000 1.000 1.000  8.3986537109E-02   0.87409   1.00000   0.00000   0.00000   0.9467707E-02
   648  5.692711914206682E+06   9.998029  3.773765  4.393759  0.7199960E+00  0.2659589E+00  4.4204451E-05  2.5579382E-03  3.3061232E-05  7.4648664E-04  6.4233937E-03  2.5804957E-06  1.4464516E-05  2.1084332E-03  1.7053625E-04  0.3125    4.393759  -9.383  0.990020  7.511680  0.6276447E+00  0.3586053E+00  3.8128335E-07  4.8063963E-05  1.3020142E-05  8.3863580E-03  1.0749497E-03  6.8701660E-06  4.2216715E-09  2.1084332E-03  1.7053625E-04  7.821E-10  1.522E-16  4.444E+11  2.629E+12  1.058E+02  2.839E+06  0.52771385  6.946E-05  8.766E-05  9.547E-01  0.000E+00  0.000E+00  1.043E+00  346    3.1332  9.53E-03 3.1754E+01 5.2072E+01    5.59E+02 0.00E+00 2.06E+02  0.527785  0.015710 5.59E+02 0.00E+00 2.06E+02  0.527714  0.015707  0.0000000E+00  0.0000000E+00  3.7915091E-07  9.5391347E-02  7.4543954E-02  2.9293576E-04 -1.4005414E-01  6.7861483E-02  5.8177903E-03 0.000 0.317 1.000 1.000 1.000 1.000 1.000 1.000 1.000 1.000 1.000 1.000 1.000 1.000 1.000 1.000 1.000 1.000 1.000 1.000 1.000 1.000 1.000 1.000 1.000 1.000 1.000 1.000 1.000 1.000 1.000 1.000 1.000 1.000 1.000 1.000 1.000 1.000 1.000 1.000  8.3983516804E-02   0.87169   1.00000   0.00000   0.00000   0.9436118E-02
   656  5.783781607487677E+06   9.997991  3.774751  4.393626  0.7199955E+00  0.2659593E+00  4.4196284E-05  2.5572127E-03  3.3236005E-05  7.4720973E-04  6.4233233E-03  2.5844017E-06  1.4461639E-05  2.1084332E-03  1.7053625E-04  0.3121    4.393626  -9.380  0.989820  7.511794  0.6259740E+00  0.3602791E+00  3.7476237E-07  4.8219046E-05  1.3061735E-05  8.4072526E-03  1.0509651E-03  6.7073898E-06  4.1127303E-09  2.1084332E-03  1.7053625E-04  7.844E-10  1.526E-16  4.402E+11  2.601E+12  1.048E+02  2.809E+06  0.52800332  6.932E-05  8.755E-05  9.547E-01  0.000E+00  0.000E+00  1.043E+00  347    3.1332  9.53E-03 3.1733E+01 5.2050E+01    5.58E+02 0.00E+00 2.06E+02  0.528092  0.015743 5.58E+02 0.00E+00 2.06E+02  0.528003  0.015743  0.0000000E+00  0.0000000E+00  3.8186194E-07  9.5557983E-02  7.4534047E-02  2.9235923E-04 -1.3995337E-01  6.7805222E-02  5.8265640E-03 0.000 0.315 1.000 1.000 1.000 1.000 1.000 1.000 1.000 1.000 1.000 1.000 1.000 1.000 1.000 1.000 1.000 1.000 1.000 1.000 1.000 1.000 1.000 1.000 1.000 1.000 1.000 1.000 1.000 1.000 1.000 1.000 1.000 1.000 1.000 1.000 1.000 1.000 1.000 1.000  8.3980472676E-02   0.86942   1.00000   0.00000   0.00000   0.9407622E-02
   664  5.874851300768672E+06   9.997953  3.775818  4.393517  0.7199949E+00  0.2659597E+00  4.4187059E-05  2.5564249E-03  3.3422958E-05  7.4799942E-04  6.4232452E-03  2.5886570E-06  1.4458508E-05  2.1084332E-03  1.7053625E-04  0.3116    4.393517  -9.377  0.989667  7.511929  0.6243551E+00  0.3619007E+00  3.7194717E-07  4.8339734E-05  1.3094669E-05  8.4258492E-03  1.0296475E-03  6.5612411E-06  4.0304684E-09  2.1084332E-03  1.7053625E-04  7.841E-10  1.525E-16  4.393E+11  2.600E+12  1.046E+02  2.809E+06  0.52814245  6.916E-05  8.743E-05  9.547E-01  0.000E+00  0.000E+00  1.043E+00  348    3.1332  9.52E-03 3.1705E+01 5.2030E+01    5.58E+02 0.00E+00 2.06E+02  0.528366  0.015783 5.58E+02 0.00E+00 2.06E+02  0.528142  0.015782  0.0000000E+00  0.0000000E+00  3.8502642E-07  9.5715263E-02  7.4524437E-02  2.9181536E-04 -1.3986046E-01  6.7752901E-02  5.8355768E-03 0.000 0.315 1.000 1.000 1.000 1.000 1.000 1.000 1.000 1.000 1.000 1.000 1.000 1.000 1.000 1.000 1.000 1.000 1.000 1.000 1.000 1.000 1.000 1.000 1.000 1.000 1.000 1.000 1.000 1.000 1.000 1.000 1.000 1.000 1.000 1.000 1.000 1.000 1.000 1.000  8.3977403934E-02   0.86717   1.00000   0.00000   0.00000   0.9373377E-02
   672  5.965920994049666E+06   9.997915  3.776881  4.393403  0.7199943E+00  0.2659603E+00  4.4175797E-05  2.5554967E-03  3.3639766E-05  7.4893507E-04  6.4231511E-03  2.5936854E-06  1.4454814E-05  2.1084332E-03  1.7053625E-04  0.3111    4.393403  -9.374  0.989516  7.512052  0.6227555E+00  0.3635028E+00  3.6875309E-07  4.8455493E-05  1.3126288E-05  8.4431548E-03  1.0098048E-03  6.4245597E-06  3.9525080E-09  2.1084332E-03  1.7053625E-04  7.834E-10  1.523E-16  4.380E+11  2.596E+12  1.042E+02  2.804E+06  0.52851645  6.903E-05  8.731E-05  9.546E-01  0.000E+00  0.000E+00  1.043E+00  348    3.1332  9.52E-03 3.1675E+01 5.2009E+01    5.58E+02 0.00E+00 2.06E+02  0.528587  0.015821 5.58E+02 0.00E+00 2.06E+02  0.528516  0.015821  0.0000000E+00  0.0000000E+00  3.8809458E-07  9.5873636E-02  7.4512819E-02  2.9125392E-04 -1.3976685E-01  6.7700105E-02  5.8445185E-03 0.000 0.315 1.000 1.000 1.000 1.000 1.000 1.000 1.000 1.000 1.000 1.000 1.000 1.000 1.000 1.000 1.000 1.000 1.000 1.000 1.000 1.000 1.000 1.000 1.000 1.000 1.000 1.000 1.000 1.000 1.000 1.000 1.000 1.000 1.000 1.000 1.000 1.000 1.000 1.000  8.3974310293E-02   0.86495   1.00000   0.00000   0.00000   0.9341401E-02
   680  6.056990687330661E+06   9.997876  3.777953  4.393287  0.7199936E+00  0.2659608E+00  4.4163795E-05  2.5545360E-03  3.3860686E-05  7.4990897E-04  6.4230517E-03  2.5989050E-06  1.4450986E-05  2.1084332E-03  1.7053625E-04  0.3108    4.393287  -9.372  0.989375  7.512178  0.6211710E+00  0.3650897E+00  3.6588749E-07  4.8563230E-05  1.3155736E-05  8.4593684E-03  9.9121545E-04  6.2963300E-06  3.8814268E-09  2.1084332E-03  1.7053625E-04  7.834E-10  1.523E-16  4.370E+11  2.594E+12  1.040E+02  2.801E+06  0.52884423  6.890E-05  8.718E-05  9.545E-01  0.000E+00  0.000E+00  1.043E+00  348    3.1332  9.52E-03 3.1645E+01 5.1986E+01    5.57E+02 0.00E+00 2.06E+02  0.528935  0.015860 5.57E+02 0.00E+00 2.06E+02  0.528844  0.015860  0.0000000E+00  0.0000000E+00  3.9133258E-07  9.6029944E-02  7.4502186E-02  2.9070676E-04 -1.3967509E-01  6.7648157E-02  5.8535385E-03 0.000 0.315 1.000 1.000 1.000 1.000 1.000 1.000 1.000 1.000 1.000 1.000 1.000 1.000 1.000 1.000 1.000 1.000 1.000 1.000 1.000 1.000 1.000 1.000 1.000 1.000 1.000 1.000 1.000 1.000 1.000 1.000 1.000 1.000 1.000 1.000 1.000 1.000 1.000 1.000  8.3971191074E-02   0.86275   1.00000   0.00000   0.00000   0.9308549E-02
   688  6.148060380611656E+06   9.997837  3.779031  4.393177  0.7199929E+00  0.2659614E+00  4.4150954E-05  2.5535326E-03  3.4087991E-05  7.5093155E-04  6.4229457E-03  2.6043703E-06  1.4446981E-05  2.1084332E-03  1.7053625E-04  0.3104    4.393177  -9.369  0.989253  7.512322  0.6195940E+00  0.3666690E+00  3.6277500E-07  4.8668964E-05  1.3184614E-05  8.4747470E-03  9.7357801E-04  6.1741958E-06  3.8135838E-09  2.1084332E-03  1.7053625E-04  7.825E-10  1.522E-16  4.359E+11  2.591E+12  1.037E+02  2.798E+06  0.52905722  6.875E-05  8.706E-05  9.545E-01  0.000E+00  0.000E+00  1.043E+00  349    3.1332  9.52E-03 3.1614E+01 5.1961E+01    5.57E+02 0.00E+00 2.06E+02  0.529289  0.015899 5.57E+02 0.00E+00 2.06E+02  0.529057  0.015899  0.0000000E+00  0.0000000E+00  3.9463665E-07  9.6181481E-02  7.4491188E-02  2.9017161E-04 -1.3958705E-01  6.7597990E-02  5.8627514E-03 0.000 0.315 1.000 1.000 1.000 1.000 1.000 1.000 1.000 1.000 1.000 1.000 1.000 1.000 1.000 1.000 1.000 1.000 1.000 1.000 1.000 1.000 1.000 1.000 1.000 1.000 1.000 1.000 1.000 1.000 1.000 1.000 1.000 1.000 1.000 1.000 1.000 1.000 1.000 1.000  8.3968045744E-02   0.86056   1.00000   0.00000   0.00000   0.9275668E-02
   696  6.239130073892651E+06   9.997798  3.780218  4.393062  0.7199922E+00  0.2659620E+00  4.4137753E-05  2.5525212E-03  3.4313855E-05  7.5196751E-04  6.4228369E-03  2.6098922E-06  1.4442939E-05  2.1084332E-03  1.7053625E-04  0.3103    4.393062  -9.365  0.989258  7.512472  0.6179261E+00  0.3683394E+00  3.5183404E-07  4.8835277E-05  1.3228585E-05  8.4920680E-03  9.5363421E-04  6.0385885E-06  3.7099266E-09  2.1084332E-03  1.7053625E-04  7.710E-10  1.500E-16  4.278E+11  2.533E+12  1.018E+02  2.736E+06  0.52949581  6.862E-05  8.696E-05  9.544E-01  0.000E+00  0.000E+00  1.043E+00  350    3.0999  9.51E-03 3.1587E+01 5.1932E+01    5.56E+02 0.00E+00 2.06E+02  0.529741  0.015944 5.56E+02 0.00E+00 2.06E+02  0.529496  0.015943  0.0000000E+00  0.0000000E+00  3.9845637E-07  9.6341081E-02  7.4478052E-02  2.8960251E-04 -1.3949685E-01  6.7546701E-02  5.8716794E-03 0.000 0.313 1.000 1.000 1.000 1.000 1.000 1.000 1.000 1.000 1.000 1.000 1.000 1.000 1.000 1.000 1.000 1.000 1.000 1.000 1.000 1.000 1.000 1.000 1.000 1.000 1.000 1.000 1.000 1.000 1.000 1.000 1.000 1.000 1.000 1.000 1.000 1.000 1.000 1.000  8.3964873274E-02   0.85823   1.00000   0.00000   0.00000   0.9239239E-02
   704  6.330199767173646E+06   9.997759  3.781301  4.392926  0.7199916E+00  0.2659625E+00  4.4126580E-05  2.5516772E-03  3.4499894E-05  7.5283583E-04  6.4227445E-03  2.6145087E-06  1.4439563E-05  2.1084332E-03  1.7053625E-04  0.3097    4.392926  -9.362  0.989132  7.512605  0.6162148E+00  0.3700533E+00  3.5197352E-07  4.8933651E-05  1.3254972E-05  8.5102059E-03  9.3287367E-04  5.8978053E-06  3.6369319E-09  2.1084332E-03  1.7053625E-04  7.669E-10  1.496E-16  4.304E+11  2.553E+12  1.024E+02  2.757E+06  0.52988902  6.848E-05  8.684E-05  9.543E-01  0.000E+00  0.000E+00  1.043E+00  350    3.0999  9.51E-03 3.1559E+01 5.1909E+01    5.56E+02 0.00E+00 2.06E+02  0.530108  0.015983 5.56E+02 0.00E+00 2.06E+02  0.529889  0.015983  0.0000000E+00  0.0000000E+00  4.0176199E-07  9.6508911E-02  7.4465382E-02  2.8901269E-04 -1.3939874E-01  6.7491479E-02  5.8807862E-03 0.000 0.313 1.000 1.000 1.000 1.000 1.000 1.000 1.000 1.000 1.000 1.000 1.000 1.000 1.000 1.000 1.000 1.000 1.000 1.000 1.000 1.000 1.000 1.000 1.000 1.000 1.000 1.000 1.000 1.000 1.000 1.000 1.000 1.000 1.000 1.000 1.000 1.000 1.000 1.000  8.3961671628E-02   0.85586   1.00000   0.00000   0.00000   0.9205473E-02
   712  6.421269460454641E+06   9.997719  3.782389  4.392840  0.7199907E+00  0.2659633E+00  4.4111035E-05  2.5505211E-03  3.4751416E-05  7.5403060E-04  6.4226157E-03  2.6208441E-06  1.4434934E-05  2.1084332E-03  1.7053625E-04  0.3092    4.392840  -9.359  0.989123  7.512874  0.6144818E+00  0.3717890E+00  3.4648696E-07  4.9075522E-05  1.3293064E-05  8.5281199E-03  9.1229726E-04  5.7564153E-06  3.5494243E-09  2.1084332E-03  1.7053625E-04  7.683E-10  1.502E-16  4.278E+11  2.541E+12  1.018E+02  2.744E+06  0.53015288  6.835E-05  8.677E-05  9.543E-01  0.000E+00  0.000E+00  1.044E+00  354    3.0999  9.51E-03 3.1539E+01 5.1882E+01    5.55E+02 0.00E+00 2.06E+02  0.530359  0.016023 5.55E+02 0.00E+00 2.06E+02  0.530153  0.016023  0.0000000E+00  0.0000000E+00  4.0508878E-07  9.6642583E-02  7.4453848E-02  2.8853628E-04 -1.3932508E-01  6.7448003E-02  5.8911080E-03 0.000 0.312 1.000 1.000 1.000 1.000 1.000 1.000 1.000 1.000 1.000 1.000 1.000 1.000 1.000 1.000 1.000 1.000 1.000 1.000 1.000 1.000 1.000 1.000 1.000 1.000 1.000 1.000 1.000 1.000 1.000 1.000 1.000 1.000 1.000 1.000 1.000 1.000 1.000 1.000  8.3958442760E-02   0.85346   1.00000   0.00000   0.00000   0.9173244E-02
   720  6.512339153735636E+06   9.997679  3.783477  4.392756  0.7199896E+00  0.2659642E+00  4.4091422E-05  2.5490835E-03  3.5059467E-05  7.5552390E-04  6.4224526E-03  2.6287376E-06  1.4429171E-05  2.1084332E-03  1.7053625E-04  0.3086    4.392756  -9.356  0.989108  7.513122  0.6128109E+00  0.3734621E+00  3.4401625E-07  4.9184302E-05  1.3322856E-05  8.5436190E-03  8.9451979E-04  5.6313116E-06  3.4814705E-09  2.1084332E-03  1.7053625E-04  7.683E-10  1.502E-16  4.277E+11  2.549E+12  1.018E+02  2.753E+06  0.53059518  6.824E-05  8.668E-05  9.542E-01  0.000E+00  0.000E+00  1.044E+00  357    3.0999  9.51E-03 3.1512E+01 5.1862E+01    5.55E+02 0.00E+00 2.06E+02  0.530653  0.016064 5.55E+02 0.00E+00 2.06E+02  0.530595  0.016063  0.0000000E+00  0.0000000E+00  4.0856598E-07  9.6774541E-02  7.4441845E-02  2.8806371E-04 -1.3925258E-01  6.7405039E-02  5.9014632E-03 0.000 0.312 1.000 1.000 1.000 1.000 1.000 1.000 1.000 1.000 1.000 1.000 1.000 1.000 1.000 1.000 1.000 1.000 1.000 1.000 1.000 1.000 1.000 1.000 1.000 1.000 1.000 1.000 1.000 1.000 1.000 1.000 1.000 1.000 1.000 1.000 1.000 1.000 1.000 1.000  8.3955186545E-02   0.85114   1.00000   0.00000   0.00000   0.9141167E-02
   728  6.603408847016631E+06   9.997639  3.784750  4.392728  0.7199886E+00  0.2659650E+00  4.4074090E-05  2.5478257E-03  3.5325243E-05  7.5683652E-04  6.4223073E-03  2.6356555E-06  1.4424123E-05  2.1084332E-03  1.7053625E-04  0.3084    4.392728  -9.352  0.989352  7.513462  0.6110445E+00  0.3752310E+00  3.3528216E-07  4.9349728E-05  1.3366571E-05  8.5607673E-03  8.7477652E-04  5.4938533E-06  3.3946345E-09  2.1084332E-03  1.7053625E-04  7.576E-10  1.488E-16  4.299E+11  2.573E+12  1.023E+02  2.778E+06  0.53104102  6.814E-05  8.664E-05  9.541E-01  0.000E+00  0.000E+00  1.044E+00  362    3.0664  9.50E-03 3.1489E+01 5.1836E+01    5.54E+02 0.00E+00 2.06E+02  0.530985  0.016121 5.54E+02 0.00E+00 2.06E+02  0.531041  0.016110  0.0000000E+00  0.0000000E+00  4.1348206E-07  9.6881433E-02  7.4430945E-02  2.8767811E-04 -1.3920130E-01  6.7372250E-02  5.9125812E-03 0.000 0.310 1.000 1.000 1.000 1.000 1.000 1.000 1.000 1.000 1.000 1.000 1.000 1.000 1.000 1.000 1.000 1.000 1.000 1.000 1.000 1.000 1.000 1.000 1.000 1.000 1.000 1.000 1.000 1.000 1.000 1.000 1.000 1.000 1.000 1.000 1.000 1.000 1.000 1.000  8.3951900946E-02   0.84866   1.00000   0.00000   0.00000   0.9106111E-02
   736  6.694478540297626E+06   9.997598  3.785776  4.392583  0.7199874E+00  0.2659660E+00  4.4053158E-05  2.5463216E-03  3.5638579E-05  7.5841350E-04  6.4221305E-03  2.6439409E-06  1.4418082E-05  2.1084332E-03  1.7053625E-04  0.3079    4.392583  -9.350  0.989246  7.513606  0.6092966E+00  0.3769813E+00  3.3259936E-07  4.9458547E-05  1.3395733E-05  8.5768169E-03  8.5637299E-04  5.3662514E-06  3.3194799E-09  2.1084332E-03  1.7053625E-04  7.607E-10  1.492E-16  4.222E+11  2.518E+12  1.005E+02  2.720E+06  0.53115607  6.797E-05  8.652E-05  9.541E-01  0.000E+00  0.000E+00  1.044E+00  362    3.0664  9.50E-03 3.1463E+01 5.1817E+01    5.54E+02 0.00E+00 2.06E+02  0.531407  0.016149 5.54E+02 0.00E+00 2.06E+02  0.531156  0.016149  0.0000000E+00  0.0000000E+00  4.1593058E-07  9.7054694E-02  7.4420728E-02  2.8709968E-04 -1.3910064E-01  6.7315615E-02  5.9220987E-03 0.000 0.310 1.000 1.000 1.000 1.000 1.000 1.000 1.000 1.000 1.000 1.000 1.000 1.000 1.000 1.000 1.000 1.000 1.000 1.000 1.000 1.000 1.000 1.000 1.000 1.000 1.000 1.000 1.000 1.000 1.000 1.000 1.000 1.000 1.000 1.000 1.000 1.000 1.000 1.000  8.3948586046E-02   0.84625   1.00000   0.00000   0.00000   0.9074126E-02
   744  6.785548233578620E+06   9.997557  3.786819  4.392426  0.7199863E+00  0.2659670E+00  4.4033232E-05  2.5449001E-03  3.5930625E-05  7.5991057E-04  6.4219606E-03  2.6517824E-06  1.4412367E-05  2.1084332E-03  1.7053625E-04  0.3072    4.392426  -9.347  0.988993  7.513679  0.6075945E+00  0.3786855E+00  3.3161918E-07  4.9540987E-05  1.3418916E-05  8.5912577E-03  8.3983499E-04  5.2551971E-06  3.2573621E-09  2.1084332E-03  1.7053625E-04  7.597E-10  1.494E-16  4.223E+11  2.524E+12  1.005E+02  2.726E+06  0.53150125  6.782E-05  8.638E-05  9.540E-01  0.000E+00  0.000E+00  1.044E+00  361    3.0832  9.50E-03 3.1434E+01 5.1798E+01    5.53E+02 0.00E+00 2.06E+02  0.531713  0.016188 5.53E+02 0.00E+00 2.05E+02  0.531501  0.016187  0.0000000E+00  0.0000000E+00  4.1927027E-07  9.7244149E-02  7.4408233E-02  2.8645789E-04 -1.3898795E-01  6.7253193E-02  5.9310721E-03 0.000 0.310 1.000 1.000 1.000 1.000 1.000 1.000 1.000 1.000 1.000 1.000 1.000 1.000 1.000 1.000 1.000 1.000 1.000 1.000 1.000 1.000 1.000 1.000 1.000 1.000 1.000 1.000 1.000 1.000 1.000 1.000 1.000 1.000 1.000 1.000 1.000 1.000 1.000 1.000  8.3945245080E-02   0.84389   1.00000   0.00000   0.00000   0.9042226E-02
   752  6.876617926859615E+06   9.997516  3.787950  4.392371  0.7199853E+00  0.2659678E+00  4.4015123E-05  2.5436152E-03  3.6191143E-05  7.6126944E-04  6.4218047E-03  2.6588788E-06  1.4407197E-05  2.1084332E-03  1.7053625E-04  0.3067    4.392371  -9.344  0.989048  7.513952  0.6059297E+00  0.3803522E+00  3.2834185E-07  4.9644235E-05  1.3447106E-05  8.6040179E-03  8.2517646E-04  5.1519400E-06  3.2007393E-09  2.1084332E-03  1.7053625E-04  7.585E-10  1.492E-16  4.214E+11  2.529E+12  1.003E+02  2.731E+06  0.53188560  6.772E-05  8.629E-05  9.539E-01  0.000E+00  0.000E+00  1.044E+00  363    3.0832  9.50E-03 3.1403E+01 5.1775E+01    5.53E+02 0.00E+00 2.06E+02  0.531941  0.016230 5.53E+02 0.00E+00 2.05E+02  0.531886  0.016230  0.0000000E+00  0.0000000E+00  4.2288337E-07  9.7366619E-02  7.4397955E-02  2.8602887E-04 -1.3892334E-01  6.7213943E-02  5.9420930E-03 0.000 0.310 1.000 1.000 1.000 1.000 1.000 1.000 1.000 1.000 1.000 1.000 1.000 1.000 1.000 1.000 1.000 1.000 1.000 1.000 1.000 1.000 1.000 1.000 1.000 1.000 1.000 1.000 1.000 1.000 1.000 1.000 1.000 1.000 1.000 1.000 1.000 1.000 1.000 1.000  8.3941874607E-02   0.84158   1.00000   0.00000   0.00000   0.9011706E-02
   760  6.967687620140610E+06   9.997475  3.789058  4.392257  0.7199838E+00  0.2659691E+00  4.3989009E-05  2.5417742E-03  3.6559472E-05  7.6322474E-04  6.4215777E-03  2.6690585E-06  1.4399783E-05  2.1084332E-03  1.7053625E-04  0.3062    4.392257  -9.341  0.988953  7.514102  0.6042600E+00  0.3820237E+00  3.2537322E-07  4.9734451E-05  1.3471912E-05  8.6163471E-03  8.1102757E-04  5.0534860E-06  3.1455549E-09  2.1084332E-03  1.7053625E-04  7.585E-10  1.492E-16  4.201E+11  2.525E+12  9.998E+01  2.727E+06  0.53204523  6.756E-05  8.616E-05  9.539E-01  0.000E+00  0.000E+00  1.044E+00  363    3.0832  9.50E-03 3.1372E+01 5.1751E+01    5.52E+02 0.00E+00 2.05E+02  0.532288  0.016271 5.52E+02 0.00E+00 2.05E+02  0.532045  0.016271  0.0000000E+00  0.0000000E+00  4.2649563E-07  9.7529673E-02  7.4387343E-02  2.8548014E-04 -1.3883088E-01  6.7161250E-02  5.9518835E-03 0.000 0.310 1.000 1.000 1.000 1.000 1.000 1.000 1.000 1.000 1.000 1.000 1.000 1.000 1.000 1.000 1.000 1.000 1.000 1.000 1.000 1.000 1.000 1.000 1.000 1.000 1.000 1.000 1.000 1.000 1.000 1.000 1.000 1.000 1.000 1.000 1.000 1.000 1.000 1.000  8.3938475751E-02   0.83926   1.00000   0.00000   0.00000   0.8979193E-02
   769  7.061034055753632E+06   9.997432  3.790215  4.392140  0.7199824E+00  0.2659703E+00  4.3965117E-05  2.5400964E-03  3.6890368E-05  7.6501460E-04  6.4213674E-03  2.6783457E-06  1.4393021E-05  2.1084332E-03  1.7053625E-04  0.3059    4.392140  -9.338  0.988794  7.514276  0.6025693E+00  0.3837162E+00  3.1450111E-07  4.9966244E-05  1.3539169E-05  8.6278210E-03  7.9766162E-04  4.9056629E-06  3.0864798E-09  2.1084332E-03  1.7053625E-04  7.377E-10  1.452E-16  4.098E+11  2.460E+12  9.754E+01  2.656E+06  0.53249278  6.743E-05  8.602E-05  9.538E-01  0.000E+00  0.000E+00  1.044E+00  363    3.0832  9.49E-03 3.1334E+01 5.1736E+01    5.52E+02 0.00E+00 2.05E+02  0.532616  0.016314 5.52E+02 0.00E+00 2.05E+02  0.532493  0.016315  0.0000000E+00  0.0000000E+00  3.8723823E-07  9.7698938E-02  7.4373479E-02  2.8489233E-04 -1.3873498E-01  6.7106696E-02  5.9618819E-03 0.000 0.310 1.000 1.000 1.000 1.000 1.000 1.000 1.000 1.000 1.000 1.000 1.000 1.000 1.000 1.000 1.000 1.000 1.000 1.000 1.000 1.000 1.000 1.000 1.000 1.000 1.000 1.000 1.000 1.000 1.000 1.000 1.000 1.000 1.000 1.000 1.000 1.000 1.000 1.000  8.3934961609E-02   0.83689   1.00000   0.00000   0.00000   0.8945941E-02
   778  7.153242120200641E+06   9.997390  3.791363  4.392028  0.7199809E+00  0.2659716E+00  4.3939676E-05  2.5383159E-03  3.7236893E-05  7.6692189E-04  6.4211409E-03  2.6882111E-06  1.4385839E-05  2.1084332E-03  1.7053625E-04  0.3055    4.392028  -9.335  0.988714  7.514432  0.6009042E+00  0.3853829E+00  3.1119772E-07  5.0053058E-05  1.3562791E-05  8.6387191E-03  7.8515048E-04  4.8112754E-06  3.0327127E-09  2.1084332E-03  1.7053625E-04  7.221E-10  1.423E-16  4.080E+11  2.452E+12  9.709E+01  2.648E+06  0.53286237  6.730E-05  8.590E-05  9.538E-01  0.000E+00  0.000E+00  1.044E+00  363    3.0832  9.49E-03 3.1304E+01 5.1700E+01    5.51E+02 0.00E+00 2.05E+02  0.533046  0.016358 5.51E+02 0.00E+00 2.05E+02  0.532862  0.016358  0.0000000E+00  0.0000000E+00  3.9081155E-07  9.7861688E-02  7.4361755E-02  2.8433665E-04 -1.3864385E-01  6.7054494E-02  5.9719336E-03 0.000 0.310 1.000 1.000 1.000 1.000 1.000 1.000 1.000 1.000 1.000 1.000 1.000 1.000 1.000 1.000 1.000 1.000 1.000 1.000 1.000 1.000 1.000 1.000 1.000 1.000 1.000 1.000 1.000 1.000 1.000 1.000 1.000 1.000 1.000 1.000 1.000 1.000 1.000 1.000  8.3931459225E-02   0.83460   1.00000   0.00000   0.00000   0.8912605E-02
   787  7.245450184647650E+06   9.997347  3.792629  4.391998  0.7199792E+00  0.2659730E+00  4.3912540E-05  2.5364218E-03  3.7600592E-05  7.6895925E-04  6.4208963E-03  2.6987151E-06  1.4378192E-05  2.1084332E-03  1.7053625E-04  0.3053    4.391998  -9.331  0.988965  7.514792  0.5990480E+00  0.3872413E+00  3.0067395E-07  5.0231604E-05  1.3608264E-05  8.6535662E-03  7.6800022E-04  4.6923820E-06  2.9491570E-09  2.1084332E-03  1.7053625E-04  7.199E-10  1.426E-16  4.012E+11  2.406E+12  9.548E+01  2.599E+06  0.53328786  6.719E-05  8.585E-05  9.537E-01  0.000E+00  0.000E+00  1.044E+00  368    3.0536  9.49E-03 3.1278E+01 5.1674E+01    5.51E+02 0.00E+00 2.05E+02  0.533250  0.016410 5.51E+02 0.00E+00 2.05E+02  0.533288  0.016406  0.0000000E+00  0.0000000E+00  3.9490313E-07  9.7976379E-02  7.4347774E-02  2.8391228E-04 -1.3858883E-01  6.7019471E-02  5.9839197E-03 0.000 0.307 1.000 1.000 1.000 1.000 1.000 1.000 1.000 1.000 1.000 1.000 1.000 1.000 1.000 1.000 1.000 1.000 1.000 1.000 1.000 1.000 1.000 1.000 1.000 1.000 1.000 1.000 1.000 1.000 1.000 1.000 1.000 1.000 1.000 1.000 1.000 1.000 1.000 1.000  8.3927921584E-02   0.83205   1.00000   0.00000   0.00000   0.8879254E-02
   796  7.337658249094659E+06   9.997304  3.793735  4.391847  0.7199776E+00  0.2659744E+00  4.3885537E-05  2.5345403E-03  3.7956898E-05  7.7099144E-04  6.4206496E-03  2.7091572E-06  1.4370591E-05  2.1084332E-03  1.7053625E-04  0.3046    4.391847  -9.328  0.988858  7.514943  0.5971729E+00  0.3891185E+00  2.9956868E-07  5.0318636E-05  1.3633021E-05  8.6683342E-03  7.5108289E-04  4.5783990E-06  2.8823570E-09  2.1084332E-03  1.7053625E-04  7.239E-10  1.433E-16  4.023E+11  2.416E+12  9.574E+01  2.610E+06  0.53366874  6.705E-05  8.575E-05  9.536E-01  0.000E+00  0.000E+00  1.044E+00  368    3.0536  9.49E-03 3.1258E+01 5.1641E+01    5.50E+02 0.00E+00 2.05E+02  0.533754  0.016448 5.50E+02 0.00E+00 2.05E+02  0.533669  0.016448  0.0000000E+00  0.0000000E+00  3.9804150E-07  9.8163715E-02  7.4337360E-02  2.8330438E-04 -1.3848239E-01  6.6959569E-02  5.9939059E-03 0.000 0.307 1.000 1.000 1.000 1.000 1.000 1.000 1.000 1.000 1.000 1.000 1.000 1.000 1.000 1.000 1.000 1.000 1.000 1.000 1.000 1.000 1.000 1.000 1.000 1.000 1.000 1.000 1.000 1.000 1.000 1.000 1.000 1.000 1.000 1.000 1.000 1.000 1.000 1.000  8.3924353737E-02   0.82942   1.00000   0.00000   0.00000   0.8846146E-02
   805  7.429866313541668E+06   9.997260  3.794913  4.391746  0.7199759E+00  0.2659759E+00  4.3858158E-05  2.5326347E-03  3.8313213E-05  7.7305734E-04  6.4203964E-03  2.7197395E-06  1.4362888E-05  2.1084332E-03  1.7053625E-04  0.3046    4.391746  -9.325  0.988899  7.515152  0.5954013E+00  0.3908919E+00  2.9592297E-07  5.0419057E-05  1.3659518E-05  8.6800839E-03  7.3757467E-04  4.4863431E-06  2.8314055E-09  2.1084332E-03  1.7053625E-04  7.227E-10  1.433E-16  4.005E+11  2.410E+12  9.532E+01  2.603E+06  0.53393323  6.690E-05  8.564E-05  9.536E-01  0.000E+00  0.000E+00  1.044E+00  370    3.0239  9.49E-03 3.1225E+01 5.1631E+01    5.50E+02 0.00E+00 2.05E+02  0.534105  0.016491 5.50E+02 0.00E+00 2.05E+02  0.533933  0.016492  0.0000000E+00  0.0000000E+00  4.0157193E-07  9.8321331E-02  7.4324759E-02  2.8277300E-04 -1.3839749E-01  6.6910180E-02  6.0044919E-03 0.000 0.307 1.000 1.000 1.000 1.000 1.000 1.000 1.000 1.000 1.000 1.000 1.000 1.000 1.000 1.000 1.000 1.000 1.000 1.000 1.000 1.000 1.000 1.000 1.000 1.000 1.000 1.000 1.000 1.000 1.000 1.000 1.000 1.000 1.000 1.000 1.000 1.000 1.000 1.000  8.3920753648E-02   0.82696   1.00000   0.00000   0.00000   0.8813008E-02
   814  7.522074377988677E+06   9.997217  3.796081  4.391636  0.7199742E+00  0.2659773E+00  4.3830760E-05  2.5307288E-03  3.8665060E-05  7.7513135E-04  6.4201396E-03  2.7303296E-06  1.4355178E-05  2.1084332E-03  1.7053625E-04  0.3037    4.391636  -9.322  0.988794  7.515335  0.5936467E+00  0.3926480E+00  2.9352305E-07  5.0499751E-05  1.3682395E-05  8.6909208E-03  7.2513327E-04  4.4018032E-06  2.7822286E-09  2.1084332E-03  1.7053625E-04  7.212E-10  1.432E-16  3.997E+11  2.412E+12  9.513E+01  2.605E+06  0.53426899  6.676E-05  8.552E-05  9.535E-01  0.000E+00  0.000E+00  1.044E+00  371    3.0462  9.48E-03 3.1196E+01 5.1598E+01    5.49E+02 0.00E+00 2.05E+02  0.534453  0.016537 5.49E+02 0.00E+00 2.05E+02  0.534269  0.016537  0.0000000E+00  0.0000000E+00  4.0532689E-07  9.8488263E-02  7.4313281E-02  2.8221694E-04 -1.3830464E-01  6.6856851E-02  6.0151362E-03 0.000 0.307 1.000 1.000 1.000 1.000 1.000 1.000 1.000 1.000 1.000 1.000 1.000 1.000 1.000 1.000 1.000 1.000 1.000 1.000 1.000 1.000 1.000 1.000 1.000 1.000 1.000 1.000 1.000 1.000 1.000 1.000 1.000 1.000 1.000 1.000 1.000 1.000 1.000 1.000  8.3917120572E-02   0.82452   1.00000   0.00000   0.00000   0.8780198E-02
   823  7.614282442435686E+06   9.997172  3.797241  4.391536  0.7199722E+00  0.2659791E+00  4.3798610E-05  2.5284937E-03  3.9072279E-05  7.7757304E-04  6.4198344E-03  2.7427559E-06  1.4346129E-05  2.1084332E-03  1.7053625E-04  0.3032    4.391536  -9.319  0.988744  7.515531  0.5919127E+00  0.3943835E+00  2.9095204E-07  5.0578906E-05  1.3704403E-05  8.7007745E-03  7.1381269E-04  4.3236321E-06  2.7387523E-09  2.1084332E-03  1.7053625E-04  7.198E-10  1.430E-16  3.989E+11  2.413E+12  9.493E+01  2.606E+06  0.53460581  6.663E-05  8.539E-05  9.534E-01  0.000E+00  0.000E+00  1.044E+00  373    3.0462  9.48E-03 3.1159E+01 5.1583E+01    5.49E+02 0.00E+00 2.05E+02  0.534739  0.016581 5.49E+02 0.00E+00 2.05E+02  0.534606  0.016581  0.0000000E+00  0.0000000E+00  4.0885471E-07  9.8648405E-02  7.4301898E-02  2.8168497E-04 -1.3821714E-01  6.6806117E-02  6.0259463E-03 0.000 0.307 1.000 1.000 1.000 1.000 1.000 1.000 1.000 1.000 1.000 1.000 1.000 1.000 1.000 1.000 1.000 1.000 1.000 1.000 1.000 1.000 1.000 1.000 1.000 1.000 1.000 1.000 1.000 1.000 1.000 1.000 1.000 1.000 1.000 1.000 1.000 1.000 1.000 1.000  8.3913455438E-02   0.82209   1.00000   0.00000   0.00000   0.8748338E-02
   832  7.706490506882695E+06   9.997128  3.798422  4.391424  0.7199698E+00  0.2659812E+00  4.3761065E-05  2.5258834E-03  3.9541195E-05  7.8043594E-04  6.4194727E-03  2.7572742E-06  1.4335554E-05  2.1084332E-03  1.7053625E-04  0.3027    4.391424  -9.316  0.988689  7.515701  0.5901752E+00  0.3961224E+00  2.8768404E-07  5.0660126E-05  1.3726428E-05  8.7102849E-03  7.0287808E-04  4.2492668E-06  2.6951665E-09  2.1084332E-03  1.7053625E-04  7.202E-10  1.432E-16  3.971E+11  2.406E+12  9.452E+01  2.599E+06  0.53494492  6.649E-05  8.528E-05  9.534E-01  0.000E+00  0.000E+00  1.044E+00  373    3.0462  9.48E-03 3.1128E+01 5.1548E+01    5.48E+02 0.00E+00 2.05E+02  0.535004  0.016627 5.48E+02 0.00E+00 2.05E+02  0.534945  0.016626  0.0000000E+00  0.0000000E+00  4.1254338E-07  9.8818512E-02  7.4289957E-02  2.8111922E-04 -1.3812377E-01  6.6752557E-02  6.0364714E-03 0.000 0.307 1.000 1.000 1.000 1.000 1.000 1.000 1.000 1.000 1.000 1.000 1.000 1.000 1.000 1.000 1.000 1.000 1.000 1.000 1.000 1.000 1.000 1.000 1.000 1.000 1.000 1.000 1.000 1.000 1.000 1.000 1.000 1.000 1.000 1.000 1.000 1.000 1.000 1.000  8.3909757522E-02   0.81970   1.00000   0.00000   0.00000   0.8715677E-02
   841  7.798698571329704E+06   9.997083  3.799606  4.391321  0.7199679E+00  0.2659828E+00  4.3732588E-05  2.5239010E-03  3.9892652E-05  7.8261842E-04  6.4191943E-03  2.7683049E-06  1.4327517E-05  2.1084332E-03  1.7053625E-04  0.3022    4.391321  -9.312  0.988640  7.515895  0.5884376E+00  0.3978613E+00  2.8597376E-07  5.0728190E-05  1.3745239E-05  8.7194303E-03  6.9237978E-04  4.1773888E-06  2.6577987E-09  2.1084332E-03  1.7053625E-04  7.169E-10  1.427E-16  3.972E+11  2.414E+12  9.453E+01  2.607E+06  0.53542871  6.637E-05  8.514E-05  9.533E-01  0.000E+00  0.000E+00  1.045E+00  375    3.0462  9.48E-03 3.1089E+01 5.1530E+01    5.48E+02 0.00E+00 2.05E+02  0.535421  0.016671 5.48E+02 0.00E+00 2.05E+02  0.535429  0.016672  0.0000000E+00  0.0000000E+00  4.1632110E-07  9.8981915E-02  7.4275629E-02  2.8055911E-04 -1.3803503E-01  6.6701174E-02  6.0473407E-03 0.000 0.307 1.000 1.000 1.000 1.000 1.000 1.000 1.000 1.000 1.000 1.000 1.000 1.000 1.000 1.000 1.000 1.000 1.000 1.000 1.000 1.000 1.000 1.000 1.000 1.000 1.000 1.000 1.000 1.000 1.000 1.000 1.000 1.000 1.000 1.000 1.000 1.000 1.000 1.000  8.3906025679E-02   0.81727   1.00000   0.00000   0.00000   0.8683027E-02
   850  7.890906635776713E+06   9.997038  3.800795  4.391209  0.7199659E+00  0.2659846E+00  4.3701873E-05  2.5217609E-03  4.0267390E-05  7.8498256E-04  6.4188900E-03  2.7802159E-06  1.4318835E-05  2.1084332E-03  1.7053625E-04  0.3017    4.391209  -9.309  0.988590  7.516076  0.5867120E+00  0.3995881E+00  2.8195801E-07  5.0810977E-05  1.3767822E-05  8.7278721E-03  6.8265665E-04  4.1104222E-06  2.6172819E-09  2.1084332E-03  1.7053625E-04  7.169E-10  1.427E-16  3.946E+11  2.401E+12  9.391E+01  2.593E+06  0.53556925  6.620E-05  8.502E-05  9.532E-01  0.000E+00  0.000E+00  1.045E+00  376    3.0462  9.48E-03 3.1058E+01 5.1492E+01    5.47E+02 0.00E+00 2.05E+02  0.535778  0.016718 5.47E+02 0.00E+00 2.05E+02  0.535569  0.016717  0.0000000E+00  0.0000000E+00  4.2018084E-07  9.9149145E-02  7.4264909E-02  2.8001216E-04 -1.3794427E-01  6.6648770E-02  6.0580940E-03 0.000 0.307 1.000 1.000 1.000 1.000 1.000 1.000 1.000 1.000 1.000 1.000 1.000 1.000 1.000 1.000 1.000 1.000 1.000 1.000 1.000 1.000 1.000 1.000 1.000 1.000 1.000 1.000 1.000 1.000 1.000 1.000 1.000 1.000 1.000 1.000 1.000 1.000 1.000 1.000  8.3902259350E-02   0.81489   1.00000   0.00000   0.00000   0.8649841E-02
   859  7.983114700223722E+06   9.996993  3.802055  4.391086  0.7199633E+00  0.2659868E+00  4.3662938E-05  2.5190461E-03  4.0736816E-05  7.8799210E-04  6.4184992E-03  2.7953296E-06  1.4307814E-05  2.1084332E-03  1.7053625E-04  0.3011    4.391086  -9.305  0.988573  7.516219  0.5848956E+00  0.4014061E+00  2.7102765E-07  5.0961321E-05  1.3804974E-05  8.7378263E-03  6.7110699E-04  4.0333076E-06  2.5570449E-09  2.1084332E-03  1.7053625E-04  6.906E-10  1.375E-16  3.944E+11  2.403E+12  9.386E+01  2.596E+06  0.53622365  6.609E-05  8.491E-05  9.531E-01  0.000E+00  0.000E+00  1.045E+00  377    3.0462  9.48E-03 3.1027E+01 5.1466E+01    5.47E+02 0.00E+00 2.05E+02  0.536292  0.016774 5.47E+02 0.00E+00 2.05E+02  0.536224  0.016766  0.0000000E+00  0.0000000E+00  4.2500287E-07  9.9331074E-02  7.4248861E-02  2.7939622E-04 -1.3784719E-01  6.6593470E-02  6.0683206E-03 0.000 0.305 1.000 1.000 1.000 1.000 1.000 1.000 1.000 1.000 1.000 1.000 1.000 1.000 1.000 1.000 1.000 1.000 1.000 1.000 1.000 1.000 1.000 1.000 1.000 1.000 1.000 1.000 1.000 1.000 1.000 1.000 1.000 1.000 1.000 1.000 1.000 1.000 1.000 1.000  8.3898457673E-02   0.81242   1.00000   0.00000   0.00000   0.8615246E-02
   868  8.075322764670731E+06   9.996947  3.803215  4.390914  0.7199610E+00  0.2659888E+00  4.3629067E-05  2.5166798E-03  4.1140513E-05  7.9062497E-04  6.4181541E-03  2.8085057E-06  1.4298201E-05  2.1084332E-03  1.7053625E-04  0.3011    4.390914  -9.303  0.988626  7.516354  0.5829405E+00  0.4033630E+00  2.6891872E-07  5.1045193E-05  1.3829355E-05  8.7504004E-03  6.5668310E-04  3.9391180E-06  2.4997882E-09  2.1084332E-03  1.7053625E-04  7.142E-10  1.422E-16  3.853E+11  2.327E+12  9.170E+01  2.513E+06  0.53645796  6.591E-05  8.481E-05  9.531E-01  0.000E+00  0.000E+00  1.045E+00  372    3.0137  9.48E-03 3.1007E+01 5.1427E+01    5.46E+02 0.00E+00 2.05E+02  0.536582  0.016812 5.46E+02 0.00E+00 2.05E+02  0.536458  0.016811  0.0000000E+00  0.0000000E+00  4.2820236E-07  9.9535204E-02  7.4237455E-02  2.7874962E-04 -1.3773349E-01  6.6529598E-02  6.0785785E-03 0.000 0.303 1.000 1.000 1.000 1.000 1.000 1.000 1.000 1.000 1.000 1.000 1.000 1.000 1.000 1.000 1.000 1.000 1.000 1.000 1.000 1.000 1.000 1.000 1.000 1.000 1.000 1.000 1.000 1.000 1.000 1.000 1.000 1.000 1.000 1.000 1.000 1.000 1.000 1.000  8.3894618767E-02   0.80964   1.00000   0.00000   0.00000   0.8580175E-02
   877  8.167530829117740E+06   9.996901  3.804490  4.390816  0.7199580E+00  0.2659915E+00  4.3584865E-05  2.5135878E-03  4.1661333E-05  7.9407721E-04  6.4176976E-03  2.8257252E-06  1.4285631E-05  2.1084332E-03  1.7053625E-04  0.3005    4.390816  -9.299  0.988541  7.516556  0.5811795E+00  0.4051252E+00  2.6557983E-07  5.1126465E-05  1.3849178E-05  8.7586322E-03  6.4720209E-04  3.8757699E-06  2.4659700E-09  2.1084332E-03  1.7053625E-04  6.956E-10  1.386E-16  3.894E+11  2.372E+12  9.268E+01  2.562E+06  0.53686928  6.578E-05  8.468E-05  9.530E-01  0.000E+00  0.000E+00  1.045E+00  375    3.0300  9.48E-03 3.0970E+01 5.1415E+01    5.46E+02 0.00E+00 2.05E+02  0.537009  0.016861 5.46E+02 0.00E+00 2.05E+02  0.536869  0.016860  0.0000000E+00  0.0000000E+00  4.3239720E-07  9.9703562E-02  7.4223913E-02  2.7809436E-04 -1.3764462E-01  6.6478119E-02  6.0894693E-03 0.000 0.303 1.000 1.000 1.000 1.000 1.000 1.000 1.000 1.000 1.000 1.000 1.000 1.000 1.000 1.000 1.000 1.000 1.000 1.000 1.000 1.000 1.000 1.000 1.000 1.000 1.000 1.000 1.000 1.000 1.000 1.000 1.000 1.000 1.000 1.000 1.000 1.000 1.000 1.000  8.3890744128E-02   0.80727   1.00000   0.00000   0.00000   0.8546614E-02
   886  8.259738893564749E+06   9.996854  3.805691  4.390691  0.7199549E+00  0.2659942E+00  4.3541287E-05  2.5105322E-03  4.2168526E-05  7.9750217E-04  6.4172402E-03  2.8427433E-06  1.4273200E-05  2.1084332E-03  1.7053625E-04  0.3002    4.390691  -9.296  0.988587  7.516767  0.5792797E+00  0.4070265E+00  2.6497581E-07  5.1190544E-05  1.3868765E-05  8.7691624E-03  6.3513384E-04  3.7949233E-06  2.4195987E-09  2.1084332E-03  1.7053625E-04  6.980E-10  1.392E-16  3.848E+11  2.337E+12  9.159E+01  2.524E+06  0.53717925  6.563E-05  8.459E-05  9.529E-01  0.000E+00  0.000E+00  1.045E+00  378    3.0056  9.47E-03 3.0944E+01 5.1378E+01    5.45E+02 0.00E+00 2.05E+02  0.537249  0.016907 5.45E+02 0.00E+00 2.05E+02  0.537179  0.016907  0.0000000E+00  0.0000000E+00  4.3624419E-07  9.9882042E-02  7.4211893E-02  2.7751999E-04 -1.3754846E-01  6.6422652E-02  6.1006665E-03 0.000 0.303 1.000 1.000 1.000 1.000 1.000 1.000 1.000 1.000 1.000 1.000 1.000 1.000 1.000 1.000 1.000 1.000 1.000 1.000 1.000 1.000 1.000 1.000 1.000 1.000 1.000 1.000 1.000 1.000 1.000 1.000 1.000 1.000 1.000 1.000 1.000 1.000 1.000 1.000  8.3886833555E-02   0.80457   1.00000   0.00000   0.00000   0.8512957E-02
   895  8.351946958011758E+06   9.996807  3.806898  4.390562  0.7199520E+00  0.2659968E+00  4.3500434E-05  2.5076606E-03  4.2638825E-05  8.0073227E-04  6.4168049E-03  2.8587370E-06  1.4261509E-05  2.1084332E-03  1.7053625E-04  0.2997    4.390562  -9.293  0.988555  7.516947  0.5774467E+00  0.4088608E+00  2.6298304E-07  5.1257906E-05  1.3887528E-05  8.7779296E-03  6.2506481E-04  3.7272086E-06  2.3810288E-09  2.1084332E-03  1.7053625E-04  6.909E-10  1.379E-16  3.844E+11  2.340E+12  9.149E+01  2.527E+06  0.53752501  6.548E-05  8.445E-05  9.529E-01  0.000E+00  0.000E+00  1.045E+00  378    3.0056  9.47E-03 3.0908E+01 5.1366E+01    5.45E+02 0.00E+00 2.05E+02  0.537658  0.016954 5.45E+02 0.00E+00 2.05E+02  0.537525  0.016954  0.0000000E+00  0.0000000E+00  4.4030032E-07  1.0006414E-01  7.4199119E-02  2.7693605E-04 -1.3745053E-01  6.6366557E-02  6.1115638E-03 0.000 0.303 1.000 1.000 1.000 1.000 1.000 1.000 1.000 1.000 1.000 1.000 1.000 1.000 1.000 1.000 1.000 1.000 1.000 1.000 1.000 1.000 1.000 1.000 1.000 1.000 1.000 1.000 1.000 1.000 1.000 1.000 1.000 1.000 1.000 1.000 1.000 1.000 1.000 1.000  8.3882887193E-02   0.80200   1.00000   0.00000   0.00000   0.8479546E-02
   904  8.444155022458771E+06   9.996760  3.808156  4.390430  0.7199485E+00  0.2659998E+00  4.3452685E-05  2.5042964E-03  4.3182214E-05  8.0453037E-04  6.4162883E-03  2.8774746E-06  1.4247801E-05  2.1084332E-03  1.7053625E-04  0.2994    4.390430  -9.289  0.988590  7.517127  0.5755957E+00  0.4107131E+00  2.5984962E-07  5.1336156E-05  1.3908790E-05  8.7866991E-03  6.1497529E-04  3.6599504E-06  2.3399178E-09  2.1084332E-03  1.7053625E-04  6.847E-10  1.368E-16  3.793E+11  2.306E+12  9.027E+01  2.491E+06  0.53785129  6.532E-05  8.433E-05  9.528E-01  0.000E+00  0.000E+00  1.045E+00  377    3.0056  9.47E-03 3.0876E+01 5.1331E+01    5.44E+02 0.00E+00 2.05E+02  0.537926  0.017004 5.44E+02 0.00E+00 2.05E+02  0.537851  0.017004  0.0000000E+00  0.0000000E+00  4.4448892E-07  1.0025285E-01  7.4186026E-02  2.7633040E-04 -1.3734982E-01  6.6309074E-02  6.1223595E-03 0.000 0.303 1.000 1.000 1.000 1.000 1.000 1.000 1.000 1.000 1.000 1.000 1.000 1.000 1.000 1.000 1.000 1.000 1.000 1.000 1.000 1.000 1.000 1.000 1.000 1.000 1.000 1.000 1.000 1.000 1.000 1.000 1.000 1.000 1.000 1.000 1.000 1.000 1.000 1.000  8.3878903843E-02   0.79945   1.00000   0.00000   0.00000   0.8445086E-02
   913  8.536363086905789E+06   9.996713  3.809393  4.390287  0.7199460E+00  0.2660021E+00  4.3418009E-05  2.5018456E-03  4.3573111E-05  8.0730613E-04  6.4159076E-03  2.8911232E-06  1.4237809E-05  2.1084332E-03  1.7053625E-04  0.2987    4.390287  -9.286  0.988615  7.517323  0.5735629E+00  0.4127477E+00  2.5367793E-07  5.1458650E-05  1.3940731E-05  8.7984893E-03  6.0138116E-04  3.5716311E-06  2.2814693E-09  2.1084332E-03  1.7053625E-04  6.865E-10  1.373E-16  3.786E+11  2.300E+12  9.010E+01  2.484E+06  0.53821856  6.517E-05  8.424E-05  9.527E-01  0.000E+00  0.000E+00  1.045E+00  379    2.9811  9.47E-03 3.0853E+01 5.1310E+01    5.44E+02 0.00E+00 2.05E+02  0.538386  0.017052 5.44E+02 0.00E+00 2.05E+02  0.538219  0.017052  0.0000000E+00  0.0000000E+00  4.4871583E-07  1.0044864E-01  7.4172090E-02  2.7571001E-04 -1.3724591E-01  6.6249902E-02  6.1332416E-03 0.000 0.301 1.000 1.000 1.000 1.000 1.000 1.000 1.000 1.000 1.000 1.000 1.000 1.000 1.000 1.000 1.000 1.000 1.000 1.000 1.000 1.000 1.000 1.000 1.000 1.000 1.000 1.000 1.000 1.000 1.000 1.000 1.000 1.000 1.000 1.000 1.000 1.000 1.000 1.000  8.3874881837E-02   0.79661   1.00000   0.00000   0.00000   0.8410885E-02
   922  8.628571151352806E+06   9.996665  3.810600  4.390150  0.7199429E+00  0.2660048E+00  4.3377099E-05  2.4989480E-03  4.4029773E-05  8.1059823E-04  6.4154526E-03  2.9072593E-06  1.4225987E-05  2.1084332E-03  1.7053625E-04  0.2982    4.390150  -9.283  0.988594  7.517515  0.5716570E+00  0.4146549E+00  2.5105287E-07  5.1536230E-05  1.3961750E-05  8.8075381E-03  5.9097496E-04  3.5027574E-06  2.2412693E-09  2.1084332E-03  1.7053625E-04  6.857E-10  1.372E-16  3.773E+11  2.297E+12  8.980E+01  2.481E+06  0.53854312  6.501E-05  8.413E-05  9.527E-01  0.000E+00  0.000E+00  1.045E+00  380    2.9811  9.47E-03 3.0824E+01 5.1278E+01    5.43E+02 0.00E+00 2.05E+02  0.538753  0.017100 5.43E+02 0.00E+00 2.05E+02  0.538543  0.017100  0.0000000E+00  0.0000000E+00  4.5294172E-07  1.0063712E-01  7.4159427E-02  2.7511402E-04 -1.3714540E-01  6.6192371E-02  6.1443594E-03 0.000 0.301 1.000 1.000 1.000 1.000 1.000 1.000 1.000 1.000 1.000 1.000 1.000 1.000 1.000 1.000 1.000 1.000 1.000 1.000 1.000 1.000 1.000 1.000 1.000 1.000 1.000 1.000 1.000 1.000 1.000 1.000 1.000 1.000 1.000 1.000 1.000 1.000 1.000 1.000  8.3870822825E-02   0.79398   1.00000   0.00000   0.00000   0.8377514E-02
   931  8.720779215799823E+06   9.996617  3.811828  4.390026  0.7199399E+00  0.2660074E+00  4.3337852E-05  2.4961605E-03  4.4463801E-05  8.1377488E-04  6.4150101E-03  2.9227796E-06  1.4214606E-05  2.1084332E-03  1.7053625E-04  0.2976    4.390026  -9.280  0.988578  7.517703  0.5698065E+00  0.4165065E+00  2.4907806E-07  5.1598847E-05  1.3979234E-05  8.8151472E-03  5.8222903E-04  3.4439849E-06  2.2082757E-09  2.1084332E-03  1.7053625E-04  6.845E-10  1.371E-16  3.767E+11  2.299E+12  8.966E+01  2.483E+06  0.53887000  6.487E-05  8.399E-05  9.526E-01  0.000E+00  0.000E+00  1.045E+00  380    2.9811  9.47E-03 3.0786E+01 5.1265E+01    5.43E+02 0.00E+00 2.05E+02  0.539027  0.017148 5.43E+02 0.00E+00 2.05E+02  0.538870  0.017148  0.0000000E+00  0.0000000E+00  4.5703968E-07  1.0082241E-01  7.4146491E-02  2.7452941E-04 -1.3704732E-01  6.6136079E-02  6.1555224E-03 0.000 0.301 1.000 1.000 1.000 1.000 1.000 1.000 1.000 1.000 1.000 1.000 1.000 1.000 1.000 1.000 1.000 1.000 1.000 1.000 1.000 1.000 1.000 1.000 1.000 1.000 1.000 1.000 1.000 1.000 1.000 1.000 1.000 1.000 1.000 1.000 1.000 1.000 1.000 1.000  8.3866726183E-02   0.79139   1.00000   0.00000   0.00000   0.8344949E-02
   940  8.812987280246841E+06   9.996568  3.813058  4.389897  0.7199363E+00  0.2660107E+00  4.3290679E-05  2.4928016E-03  4.4980252E-05  8.1761495E-04  6.4144709E-03  2.9414782E-06  1.4200883E-05  2.1084332E-03  1.7053625E-04  0.2971    4.389897  -9.276  0.988566  7.517892  0.5679761E+00  0.4183379E+00  2.4613777E-07  5.1667500E-05  1.3997995E-05  8.8219881E-03  5.7434654E-04  3.3903968E-06  2.1777703E-09  2.1084332E-03  1.7053625E-04  6.845E-10  1.371E-16  3.750E+11  2.292E+12  8.924E+01  2.476E+06  0.53921265  6.472E-05  8.388E-05  9.525E-01  0.000E+00  0.000E+00  1.045E+00  380    2.9811  9.47E-03 3.0755E+01 5.1228E+01    5.42E+02 0.00E+00 2.05E+02  0.539421  0.017197 5.42E+02 0.00E+00 2.05E+02  0.539213  0.017197  0.0000000E+00  0.0000000E+00  4.6144405E-07  1.0100579E-01  7.4133636E-02  2.7394757E-04 -1.3695086E-01  6.6080567E-02  6.1667841E-03 0.000 0.301 1.000 1.000 1.000 1.000 1.000 1.000 1.000 1.000 1.000 1.000 1.000 1.000 1.000 1.000 1.000 1.000 1.000 1.000 1.000 1.000 1.000 1.000 1.000 1.000 1.000 1.000 1.000 1.000 1.000 1.000 1.000 1.000 1.000 1.000 1.000 1.000 1.000 1.000  8.3862591381E-02   0.78887   1.00000   0.00000   0.00000   0.8311358E-02
   949  8.905195344693858E+06   9.996519  3.814299  4.389774  0.7199320E+00  0.2660145E+00  4.3235724E-05  2.4888766E-03  4.5575336E-05  8.2211812E-04  6.4138328E-03  2.9633233E-06  1.4184833E-05  2.1084332E-03  1.7053625E-04  0.2966    4.389774  -9.273  0.988559  7.518088  0.5661764E+00  0.4201385E+00  2.4423802E-07  5.1721413E-05  1.4013078E-05  8.8279314E-03  5.6750809E-04  3.3432410E-06  2.1533227E-09  2.1084332E-03  1.7053625E-04  6.834E-10  1.370E-16  3.744E+11  2.295E+12  8.912E+01  2.479E+06  0.53959125  6.457E-05  8.374E-05  9.525E-01  0.000E+00  0.000E+00  1.045E+00  381    2.9811  9.46E-03 3.0714E+01 5.1211E+01    5.41E+02 0.00E+00 2.05E+02  0.539641  0.017246 5.41E+02 0.00E+00 2.05E+02  0.539591  0.017246  0.0000000E+00  0.0000000E+00  4.6560627E-07  1.0118492E-01  7.4119460E-02  2.7337213E-04 -1.3685744E-01  6.6026459E-02  6.1781907E-03 0.000 0.301 1.000 1.000 1.000 1.000 1.000 1.000 1.000 1.000 1.000 1.000 1.000 1.000 1.000 1.000 1.000 1.000 1.000 1.000 1.000 1.000 1.000 1.000 1.000 1.000 1.000 1.000 1.000 1.000 1.000 1.000 1.000 1.000 1.000 1.000 1.000 1.000 1.000 1.000  8.3858417373E-02   0.78635   1.00000   0.00000   0.00000   0.8278961E-02
   958  8.997403409140876E+06   9.996470  3.815528  4.389644  0.7199275E+00  0.2660185E+00  4.3179732E-05  2.4848640E-03  4.6175100E-05  8.2673782E-04  6.4131724E-03  2.9856484E-06  1.4168412E-05  2.1084332E-03  1.7053625E-04  0.2963    4.389644  -9.270  0.988549  7.518289  0.5643885E+00  0.4219272E+00  2.4090676E-07  5.1787473E-05  1.4031187E-05  8.8333118E-03  5.6128961E-04  3.2996035E-06  2.1286752E-09  2.1084332E-03  1.7053625E-04  6.815E-10  1.368E-16  3.722E+11  2.285E+12  8.858E+01  2.468E+06  0.54006237  6.444E-05  8.362E-05  9.524E-01  0.000E+00  0.000E+00  1.046E+00  382    2.9811  9.46E-03 3.0681E+01 5.1171E+01    5.41E+02 0.00E+00 2.05E+02  0.540159  0.017295 5.41E+02 0.00E+00 2.05E+02  0.540062  0.017295  0.0000000E+00  0.0000000E+00  4.7018900E-07  1.0136194E-01  7.4107056E-02  2.7281128E-04 -1.3676567E-01  6.5973044E-02  6.1897243E-03 0.000 0.301 1.000 1.000 1.000 1.000 1.000 1.000 1.000 1.000 1.000 1.000 1.000 1.000 1.000 1.000 1.000 1.000 1.000 1.000 1.000 1.000 1.000 1.000 1.000 1.000 1.000 1.000 1.000 1.000 1.000 1.000 1.000 1.000 1.000 1.000 1.000 1.000 1.000 1.000  8.3854203713E-02   0.78388   1.00000   0.00000   0.00000   0.8243830E-02
   967  9.089611473587893E+06   9.996420  3.816821  4.389506  0.7199230E+00  0.2660225E+00  4.3124895E-05  2.4809205E-03  4.6756242E-05  8.3129395E-04  6.4125152E-03  3.0075822E-06  1.4152260E-05  2.1084332E-03  1.7053625E-04  0.2957    4.389506  -9.266  0.988581  7.518497  0.5624394E+00  0.4238775E+00  2.2990261E-07  5.1945004E-05  1.4070873E-05  8.8411113E-03  5.5217441E-04  3.2387180E-06  2.0842278E-09  2.1084332E-03  1.7053625E-04  6.634E-10  1.333E-16  3.698E+11  2.270E+12  8.802E+01  2.451E+06  0.54056089  6.430E-05  8.351E-05  9.523E-01  0.000E+00  0.000E+00  1.046E+00  385    2.9380  9.46E-03 3.0649E+01 5.1144E+01    5.40E+02 0.00E+00 2.04E+02  0.540522  0.017346 5.40E+02 0.00E+00 2.05E+02  0.540561  0.017347  0.0000000E+00  0.0000000E+00  4.7472689E-07  1.0155209E-01  7.4090023E-02  2.7219385E-04 -1.3666870E-01  6.5917192E-02  6.2010208E-03 0.000 0.298 1.000 1.000 1.000 1.000 1.000 1.000 1.000 1.000 1.000 1.000 1.000 1.000 1.000 1.000 1.000 1.000 1.000 1.000 1.000 1.000 1.000 1.000 1.000 1.000 1.000 1.000 1.000 1.000 1.000 1.000 1.000 1.000 1.000 1.000 1.000 1.000 1.000 1.000  8.3849948871E-02   0.78117   1.00000   0.00000   0.00000   0.8209168E-02
   976  9.181819538034910E+06   9.996370  3.818049  4.389334  0.7199197E+00  0.2660255E+00  4.3084945E-05  2.4780373E-03  4.7175821E-05  8.3463513E-04  6.4120295E-03  3.0236126E-06  1.4140443E-05  2.1084332E-03  1.7053625E-04  0.2953    4.389334  -9.263  0.988649  7.518704  0.5603903E+00  0.4259280E+00  2.3130178E-07  5.1982546E-05  1.4082276E-05  8.8506221E-03  5.4130672E-04  3.1684867E-06  2.0429655E-09  2.1084332E-03  1.7053625E-04  6.713E-10  1.351E-16  3.659E+11  2.237E+12  8.708E+01  2.416E+06  0.54090958  6.413E-05  8.342E-05  9.522E-01  0.000E+00  0.000E+00  1.046E+00  386    2.9596  9.46E-03 3.0628E+01 5.1103E+01    5.40E+02 0.00E+00 2.05E+02  0.541139  0.017396 5.40E+02 0.00E+00 2.04E+02  0.540910  0.017396  0.0000000E+00  0.0000000E+00  4.7953357E-07  1.0175808E-01  7.4075865E-02  2.7155417E-04 -1.3656007E-01  6.5855217E-02  6.2125304E-03 0.000 0.297 1.000 1.000 1.000 1.000 1.000 1.000 1.000 1.000 1.000 1.000 1.000 1.000 1.000 1.000 1.000 1.000 1.000 1.000 1.000 1.000 1.000 1.000 1.000 1.000 1.000 1.000 1.000 1.000 1.000 1.000 1.000 1.000 1.000 1.000 1.000 1.000 1.000 1.000  8.3845652006E-02   0.77833   1.00000   0.00000   0.00000   0.8173577E-02
   985  9.274027602481928E+06   9.996319  3.819323  4.389191  0.7199146E+00  0.2660301E+00  4.3024250E-05  2.4736453E-03  4.7806808E-05  8.3974078E-04  6.4112813E-03  3.0480230E-06  1.4122426E-05  2.1084332E-03  1.7053625E-04  0.2948    4.389191  -9.260  0.988688  7.518902  0.5584531E+00  0.4278662E+00  2.2930773E-07  5.2044497E-05  1.4099338E-05  8.8577856E-03  5.3306719E-04  3.1141978E-06  2.0118937E-09  2.1084332E-03  1.7053625E-04  6.663E-10  1.342E-16  3.652E+11  2.239E+12  8.691E+01  2.418E+06  0.54127289  6.398E-05  8.329E-05  9.521E-01  0.000E+00  0.000E+00  1.046E+00  386    2.9542  9.46E-03 3.0592E+01 5.1092E+01    5.39E+02 0.00E+00 2.04E+02  0.541414  0.017447 5.39E+02 0.00E+00 2.04E+02  0.541273  0.017447  0.0000000E+00  0.0000000E+00  4.8401260E-07  1.0195491E-01  7.4061077E-02  2.7094314E-04 -1.3645843E-01  6.5796940E-02  6.2239584E-03 0.000 0.297 1.000 1.000 1.000 1.000 1.000 1.000 1.000 1.000 1.000 1.000 1.000 1.000 1.000 1.000 1.000 1.000 1.000 1.000 1.000 1.000 1.000 1.000 1.000 1.000 1.000 1.000 1.000 1.000 1.000 1.000 1.000 1.000 1.000 1.000 1.000 1.000 1.000 1.000  8.3841313765E-02   0.77562   1.00000   0.00000   0.00000   0.8139553E-02
   994  9.363162064780708E+06   9.996270  3.820525  4.389047  0.7199106E+00  0.2660337E+00  4.2977819E-05  2.4702735E-03  4.8284962E-05  8.4367270E-04  6.4107005E-03  3.0667552E-06  1.4108584E-05  2.1084332E-03  1.7053625E-04  0.2943    4.389047  -9.257  0.988636  7.519117  0.5566162E+00  0.4297040E+00  2.2117743E-07  5.2256002E-05  1.4160653E-05  8.8635713E-03  5.2616040E-04  3.0472928E-06  1.9864580E-09  2.1084332E-03  1.7053625E-04  6.488E-10  1.308E-16  3.561E+11  2.179E+12  8.474E+01  2.353E+06  0.54152840  6.381E-05  8.318E-05  9.521E-01  0.000E+00  0.000E+00  1.046E+00  386    2.9542  9.46E-03 3.0562E+01 5.1058E+01    5.39E+02 0.00E+00 2.04E+02  0.541755  0.017495 5.39E+02 0.00E+00 2.04E+02  0.541528  0.017495  0.0000000E+00  0.0000000E+00  4.3960398E-07  1.0214400E-01  7.4049243E-02  2.7036753E-04 -1.3636050E-01  6.5740685E-02  6.2351329E-03 0.000 0.297 1.000 1.000 1.000 1.000 1.000 1.000 1.000 1.000 1.000 1.000 1.000 1.000 1.000 1.000 1.000 1.000 1.000 1.000 1.000 1.000 1.000 1.000 1.000 1.000 1.000 1.000 1.000 1.000 1.000 1.000 1.000 1.000 1.000 1.000 1.000 1.000 1.000 1.000  8.3837081036E-02   0.77308   1.00000   0.00000   0.00000   0.8106885E-02
  1004  9.455370129227716E+06   9.996219  3.821724  4.388897  0.7199062E+00  0.2660376E+00  4.2928010E-05  2.4666452E-03  4.8793209E-05  8.4791615E-04  6.4100689E-03  3.0869036E-06  1.4093676E-05  2.1084332E-03  1.7053625E-04  0.2938    4.388897  -9.253  0.988664  7.519312  0.5547522E+00  0.4315688E+00  2.1851737E-07  5.2319792E-05  1.4178832E-05  8.8688678E-03  5.2005426E-04  2.9893895E-06  1.9540312E-09  2.1084332E-03  1.7053625E-04  6.469E-10  1.305E-16  3.543E+11  2.172E+12  8.433E+01  2.346E+06  0.54205949  6.368E-05  8.305E-05  9.520E-01  0.000E+00  0.000E+00  1.046E+00  387    2.9542  9.46E-03 3.0525E+01 5.1032E+01    5.38E+02 0.00E+00 2.04E+02  0.542115  0.017544 5.38E+02 0.00E+00 2.04E+02  0.542059  0.017544  0.0000000E+00  0.0000000E+00  4.4361667E-07  1.0233080E-01  7.4034450E-02  2.6978089E-04 -1.3626542E-01  6.5685961E-02  6.2460520E-03 0.000 0.297 1.000 1.000 1.000 1.000 1.000 1.000 1.000 1.000 1.000 1.000 1.000 1.000 1.000 1.000 1.000 1.000 1.000 1.000 1.000 1.000 1.000 1.000 1.000 1.000 1.000 1.000 1.000 1.000 1.000 1.000 1.000 1.000 1.000 1.000 1.000 1.000 1.000 1.000  8.3832662154E-02   0.77049   1.00000   0.00000   0.00000   0.8073370E-02
  1014  9.547578193674725E+06   9.996167  3.822978  4.388756  0.7199005E+00  0.2660427E+00  4.2863591E-05  2.4619380E-03  4.9443785E-05  8.5343900E-04  6.4092402E-03  3.1130301E-06  1.4074320E-05  2.1084332E-03  1.7053625E-04  0.2933    4.388756  -9.250  0.988675  7.519517  0.5529037E+00  0.4334180E+00  2.1608291E-07  5.2375947E-05  1.4194377E-05  8.8736041E-03  5.1458403E-04  2.9502938E-06  1.9323193E-09  2.1084332E-03  1.7053625E-04  6.458E-10  1.305E-16  3.529E+11  2.168E+12  8.400E+01  2.341E+06  0.54244774  6.354E-05  8.292E-05  9.519E-01  0.000E+00  0.000E+00  1.046E+00  388    2.9542  9.46E-03 3.0488E+01 5.1003E+01    5.38E+02 0.00E+00 2.04E+02  0.542511  0.017595 5.38E+02 0.00E+00 2.04E+02  0.542448  0.017594  0.0000000E+00  0.0000000E+00  4.4789267E-07  1.0251906E-01  7.4019687E-02  2.6919117E-04 -1.3616950E-01  6.5630353E-02  6.2578893E-03 0.000 0.297 1.000 1.000 1.000 1.000 1.000 1.000 1.000 1.000 1.000 1.000 1.000 1.000 1.000 1.000 1.000 1.000 1.000 1.000 1.000 1.000 1.000 1.000 1.000 1.000 1.000 1.000 1.000 1.000 1.000 1.000 1.000 1.000 1.000 1.000 1.000 1.000 1.000 1.000  8.3828202680E-02   0.76793   1.00000   0.00000   0.00000   0.8039475E-02
  1024  9.639786258121733E+06   9.996115  3.824247  4.388613  0.7198955E+00  0.2660473E+00  4.2808384E-05  2.4578891E-03  4.9995800E-05  8.5820466E-04  6.4085190E-03  3.1354899E-06  1.4057656E-05  2.1084332E-03  1.7053625E-04  0.2927    4.388613  -9.247  0.988689  7.519722  0.5510662E+00  0.4352561E+00  2.1362911E-07  5.2430089E-05  1.4209346E-05  8.8778897E-03  5.0962831E-04  2.9155495E-06  1.9134267E-09  2.1084332E-03  1.7053625E-04  6.272E-10  1.269E-16  3.515E+11  2.164E+12  8.366E+01  2.337E+06  0.54288836  6.339E-05  8.279E-05  9.518E-01  0.000E+00  0.000E+00  1.046E+00  389    2.9542  9.46E-03 3.0449E+01 5.0972E+01    5.37E+02 0.00E+00 2.04E+02  0.543083  0.017646 5.37E+02 0.00E+00 2.04E+02  0.542888  0.017646  0.0000000E+00  0.0000000E+00  4.5243271E-07  1.0270708E-01  7.4004183E-02  2.6859816E-04 -1.3607426E-01  6.5575033E-02  6.2697886E-03 0.000 0.297 1.000 1.000 1.000 1.000 1.000 1.000 1.000 1.000 1.000 1.000 1.000 1.000 1.000 1.000 1.000 1.000 1.000 1.000 1.000 1.000 1.000 1.000 1.000 1.000 1.000 1.000 1.000 1.000 1.000 1.000 1.000 1.000 1.000 1.000 1.000 1.000 1.000 1.000  8.3823699420E-02   0.76538   1.00000   0.00000   0.00000   0.8004703E-02
  1034  9.731994322568741E+06   9.996062  3.825605  4.388489  0.7198900E+00  0.2660523E+00  4.2748441E-05  2.4534787E-03  5.0589337E-05  8.6341162E-04  6.4077248E-03  3.1599411E-06  1.4039489E-05  2.1084332E-03  1.7053625E-04  0.2921    4.388489  -9.242  0.988750  7.519943  0.5491918E+00  0.4371313E+00  2.0498168E-07  5.2557249E-05  1.4240110E-05  8.8823491E-03  5.0435929E-04  2.8787134E-06  1.8875794E-09  2.1084332E-03  1.7053625E-04  6.269E-10  1.270E-16  3.470E+11  2.133E+12  8.260E+01  2.304E+06  0.54333766  6.325E-05  8.266E-05  9.517E-01  0.000E+00  0.000E+00  1.046E+00  393    2.8947  9.46E-03 3.0407E+01 5.0941E+01    5.36E+02 0.00E+00 2.04E+02  0.543600  0.017709 5.36E+02 0.00E+00 2.04E+02  0.543338  0.017701  0.0000000E+00  0.0000000E+00  4.5781485E-07  1.0289365E-01  7.3988137E-02  2.6800868E-04 -1.3598290E-01  6.5521658E-02  6.2815742E-03 0.000 0.296 1.000 1.000 1.000 1.000 1.000 1.000 1.000 1.000 1.000 1.000 1.000 1.000 1.000 1.000 1.000 1.000 1.000 1.000 1.000 1.000 1.000 1.000 1.000 1.000 1.000 1.000 1.000 1.000 1.000 1.000 1.000 1.000 1.000 1.000 1.000 1.000 1.000 1.000  8.3819148569E-02   0.76286   1.00000   0.00000   0.00000   0.7969929E-02
  1044  9.824202387015749E+06   9.996009  3.826873  4.388307  0.7198840E+00  0.2660577E+00  4.2685604E-05  2.4488389E-03  5.1204951E-05  8.6890761E-04  6.4068793E-03  3.1856476E-06  1.4020359E-05  2.1084332E-03  1.7053625E-04  0.2919    4.388307  -9.240  0.988868  7.520158  0.5470489E+00  0.4392754E+00  2.0508815E-07  5.2603500E-05  1.4254461E-05  8.8910543E-03  4.9439061E-04  2.8152692E-06  1.8501336E-09  2.1084332E-03  1.7053625E-04  6.301E-10  1.277E-16  3.459E+11  2.119E+12  8.232E+01  2.289E+06  0.54382536  6.309E-05  8.257E-05  9.516E-01  0.000E+00  0.000E+00  1.046E+00  393    2.9245  9.46E-03 3.0386E+01 5.0900E+01    5.36E+02 0.00E+00 2.04E+02  0.543891  0.017753 5.36E+02 0.00E+00 2.04E+02  0.543825  0.017753  0.0000000E+00  0.0000000E+00  4.6154134E-07  1.0311189E-01  7.3972611E-02  2.6734512E-04 -1.3587054E-01  6.5457671E-02  6.2934676E-03 0.000 0.294 1.000 1.000 1.000 1.000 1.000 1.000 1.000 1.000 1.000 1.000 1.000 1.000 1.000 1.000 1.000 1.000 1.000 1.000 1.000 1.000 1.000 1.000 1.000 1.000 1.000 1.000 1.000 1.000 1.000 1.000 1.000 1.000 1.000 1.000 1.000 1.000 1.000 1.000  8.3814553494E-02   0.75979   1.00000   0.00000   0.00000   0.7934375E-02
  1054  9.916410451462757E+06   9.995956  3.828145  4.388147  0.7198783E+00  0.2660629E+00  4.2625895E-05  2.4444149E-03  5.1784170E-05  8.7416402E-04  6.4060641E-03  3.2101419E-06  1.4002103E-05  2.1084332E-03  1.7053625E-04  0.2915    4.388147  -9.236  0.988895  7.520371  0.5450659E+00  0.4412593E+00  2.0288051E-07  5.2664748E-05  1.4271377E-05  8.8968214E-03  4.8773819E-04  2.7715654E-06  1.8246564E-09  2.1084332E-03  1.7053625E-04  6.309E-10  1.280E-16  3.445E+11  2.117E+12  8.200E+01  2.286E+06  0.54415455  6.293E-05  8.245E-05  9.516E-01  0.000E+00  0.000E+00  1.046E+00  394    2.9245  9.45E-03 3.0354E+01 5.0874E+01    5.35E+02 0.00E+00 2.04E+02  0.544394  0.017805 5.35E+02 0.00E+00 2.04E+02  0.544155  0.017805  0.0000000E+00  0.0000000E+00  4.6609445E-07  1.0331633E-01  7.3958275E-02  2.6672973E-04 -1.3576707E-01  6.5398121E-02  6.3054928E-03 0.000 0.294 1.000 1.000 1.000 1.000 1.000 1.000 1.000 1.000 1.000 1.000 1.000 1.000 1.000 1.000 1.000 1.000 1.000 1.000 1.000 1.000 1.000 1.000 1.000 1.000 1.000 1.000 1.000 1.000 1.000 1.000 1.000 1.000 1.000 1.000 1.000 1.000 1.000 1.000  8.3809913253E-02   0.75704   1.00000   0.00000   0.00000   0.7900023E-02
  1064  1.000861851590976E+07   9.995902  3.829465  4.388013  0.7198725E+00  0.2660681E+00  4.2567077E-05  2.4400429E-03  5.2349369E-05  8.7937385E-04  6.4052498E-03  3.2343326E-06  1.3984046E-05  2.1084332E-03  1.7053625E-04  0.2914    4.388013  -9.233  0.988986  7.520587  0.5432758E+00  0.4430498E+00  2.0127027E-07  5.2703812E-05  1.4281750E-05  8.8992263E-03  4.8494500E-04  2.7501552E-06  1.8177765E-09  2.1084332E-03  1.7053625E-04  6.189E-10  1.258E-16  3.404E+11  2.095E+12  8.103E+01  2.263E+06  0.54464649  6.279E-05  8.231E-05  9.515E-01  0.000E+00  0.000E+00  1.046E+00  396    2.9245  9.45E-03 3.0311E+01 5.0852E+01    5.35E+02 0.00E+00 2.04E+02  0.544843  0.017859 5.35E+02 0.00E+00 2.04E+02  0.544646  0.017859  0.0000000E+00  0.0000000E+00  4.7086322E-07  1.0350466E-01  7.3941483E-02  2.6614019E-04 -1.3567404E-01  6.5343763E-02  6.3176599E-03 0.000 0.294 1.000 1.000 1.000 1.000 1.000 1.000 1.000 1.000 1.000 1.000 1.000 1.000 1.000 1.000 1.000 1.000 1.000 1.000 1.000 1.000 1.000 1.000 1.000 1.000 1.000 1.000 1.000 1.000 1.000 1.000 1.000 1.000 1.000 1.000 1.000 1.000 1.000 1.000  8.3805227532E-02   0.75465   1.00000   0.00000   0.00000   0.7865122E-02
  1074  1.010082658035677E+07   9.995848  3.830777  4.387863  0.7198664E+00  0.2660737E+00  4.2506013E-05  2.4354888E-03  5.2930253E-05  8.8481738E-04  6.4043921E-03  3.2595123E-06  1.3965219E-05  2.1084332E-03  1.7053625E-04  0.2906    4.387863  -9.229  0.989044  7.520800  0.5411746E+00  0.4451520E+00  1.9595913E-07  5.2804533E-05  1.4308679E-05  8.9062105E-03  4.7684495E-04  2.6976650E-06  1.7790298E-09  2.1084332E-03  1.7053625E-04  6.220E-10  1.265E-16  3.395E+11  2.085E+12  8.080E+01  2.252E+06  0.54507466  6.263E-05  8.222E-05  9.514E-01  0.000E+00  0.000E+00  1.047E+00  395    2.9096  9.45E-03 3.0288E+01 5.0814E+01    5.34E+02 0.00E+00 2.04E+02  0.545140  0.017913 5.34E+02 0.00E+00 2.04E+02  0.545075  0.017913  0.0000000E+00  0.0000000E+00  4.7541778E-07  1.0371910E-01  7.3927501E-02  2.6550717E-04 -1.3556674E-01  6.5282370E-02  6.3295693E-03 0.000 0.293 1.000 1.000 1.000 1.000 1.000 1.000 1.000 1.000 1.000 1.000 1.000 1.000 1.000 1.000 1.000 1.000 1.000 1.000 1.000 1.000 1.000 1.000 1.000 1.000 1.000 1.000 1.000 1.000 1.000 1.000 1.000 1.000 1.000 1.000 1.000 1.000 1.000 1.000  8.3800493606E-02   0.75163   1.00000   0.00000   0.00000   0.7832128E-02
  1084  1.019303464480378E+07   9.995794  3.832054  4.387714  0.7198602E+00  0.2660793E+00  4.2445000E-05  2.4309240E-03  5.3505068E-05  8.9028979E-04  6.4035230E-03  3.2847329E-06  1.3946332E-05  2.1084332E-03  1.7053625E-04  0.2900    4.387714  -9.226  0.989072  7.521019  0.5391832E+00  0.4471442E+00  1.9442033E-07  5.2855323E-05  1.4322749E-05  8.9113813E-03  4.7088730E-04  2.6584020E-06  1.7563569E-09  2.1084332E-03  1.7053625E-04  6.202E-10  1.263E-16  3.391E+11  2.089E+12  8.070E+01  2.256E+06  0.54536317  6.247E-05  8.210E-05  9.513E-01  0.000E+00  0.000E+00  1.047E+00  397    2.9096  9.45E-03 3.0254E+01 5.0788E+01    5.34E+02 0.00E+00 2.04E+02  0.545600  0.017966 5.34E+02 0.00E+00 2.04E+02  0.545363  0.017966  0.0000000E+00  0.0000000E+00  4.8011985E-07  1.0392547E-01  7.3914124E-02  2.6489995E-04 -1.3546335E-01  6.5222766E-02  6.3418610E-03 0.000 0.293 1.000 1.000 1.000 1.000 1.000 1.000 1.000 1.000 1.000 1.000 1.000 1.000 1.000 1.000 1.000 1.000 1.000 1.000 1.000 1.000 1.000 1.000 1.000 1.000 1.000 1.000 1.000 1.000 1.000 1.000 1.000 1.000 1.000 1.000 1.000 1.000 1.000 1.000  8.3795713542E-02   0.74887   1.00000   0.00000   0.00000   0.7799151E-02
  1094  1.028524270925079E+07   9.995739  3.833347  4.387569  0.7198542E+00  0.2660848E+00  4.2387374E-05  2.4265991E-03  5.4042907E-05  8.9548933E-04  6.4026910E-03  3.3086101E-06  1.3928421E-05  2.1084332E-03  1.7053625E-04  0.2895    4.387569  -9.223  0.989107  7.521236  0.5372291E+00  0.4490990E+00  1.9221985E-07  5.2909829E-05  1.4337929E-05  8.9157096E-03  4.6588128E-04  2.6243754E-06  1.7370651E-09  2.1084332E-03  1.7053625E-04  6.191E-10  1.262E-16  3.377E+11  2.086E+12  8.038E+01  2.252E+06  0.54582430  6.233E-05  8.197E-05  9.512E-01  0.000E+00  0.000E+00  1.047E+00  398    2.9096  9.45E-03 3.0216E+01 5.0761E+01    5.33E+02 0.00E+00 2.04E+02  0.546024  0.018020 5.33E+02 0.00E+00 2.04E+02  0.545824  0.018020  0.0000000E+00  0.0000000E+00  4.8490555E-07  1.0412980E-01  7.3897391E-02  2.6427765E-04 -1.3536177E-01  6.5164054E-02  6.3542042E-03 0.000 0.293 1.000 1.000 1.000 1.000 1.000 1.000 1.000 1.000 1.000 1.000 1.000 1.000 1.000 1.000 1.000 1.000 1.000 1.000 1.000 1.000 1.000 1.000 1.000 1.000 1.000 1.000 1.000 1.000 1.000 1.000 1.000 1.000 1.000 1.000 1.000 1.000 1.000 1.000  8.3790886973E-02   0.74616   1.00000   0.00000   0.00000   0.7766031E-02
  1104  1.037745077369780E+07   9.995683  3.834660  4.387434  0.7198485E+00  0.2660901E+00  4.2332756E-05  2.4224875E-03  5.4547997E-05  9.0044609E-04  6.4018919E-03  3.3312921E-06  1.3911379E-05  2.1084332E-03  1.7053625E-04  0.2889    4.387434  -9.219  0.989155  7.521454  0.5353064E+00  0.4510221E+00  1.9010350E-07  5.2959489E-05  1.4351764E-05  8.9193184E-03  4.6170105E-04  2.5952807E-06  1.7212043E-09  2.1084332E-03  1.7053625E-04  6.216E-10  1.269E-16  3.365E+11  2.083E+12  8.008E+01  2.249E+06  0.54611668  6.216E-05  8.183E-05  9.512E-01  0.000E+00  0.000E+00  1.047E+00  398    2.9096  9.45E-03 3.0178E+01 5.0731E+01    5.33E+02 0.00E+00 2.04E+02  0.546337  0.018075 5.33E+02 0.00E+00 2.04E+02  0.546117  0.018074  0.0000000E+00  0.0000000E+00  4.8964249E-07  1.0433178E-01  7.3883813E-02  2.6368251E-04 -1.3526226E-01  6.5106349E-02  6.3666210E-03 0.000 0.293 1.000 1.000 1.000 1.000 1.000 1.000 1.000 1.000 1.000 1.000 1.000 1.000 1.000 1.000 1.000 1.000 1.000 1.000 1.000 1.000 1.000 1.000 1.000 1.000 1.000 1.000 1.000 1.000 1.000 1.000 1.000 1.000 1.000 1.000 1.000 1.000 1.000 1.000  8.3786012187E-02   0.74349   1.00000   0.00000   0.00000   0.7733475E-02
  1114  1.046965883814481E+07   9.995627  3.836003  4.387316  0.7198428E+00  0.2660953E+00  4.2280032E-05  2.4185076E-03  5.5031443E-05  9.0525629E-04  6.4011111E-03  3.3532317E-06  1.3894869E-05  2.1084332E-03  1.7053625E-04  0.2885    4.387316  -9.215  0.989197  7.521666  0.5335683E+00  0.4527603E+00  1.9116864E-07  5.2954410E-05  1.4351580E-05  8.9199502E-03  4.6099430E-04  2.5863157E-06  1.7254365E-09  2.1084332E-03  1.7053625E-04  6.242E-10  1.277E-16  3.382E+11  2.107E+12  8.050E+01  2.276E+06  0.54669943  6.204E-05  8.169E-05  9.510E-01  0.000E+00  0.000E+00  1.047E+00  398    2.9096  9.45E-03 3.0133E+01 5.0702E+01    5.32E+02 0.00E+00 2.04E+02  0.546892  0.018131 5.32E+02 0.00E+00 2.04E+02  0.546699  0.018130  0.0000000E+00  0.0000000E+00  4.9484853E-07  1.0451910E-01  7.3868498E-02  2.6311239E-04 -1.3517185E-01  6.5053161E-02  6.3791368E-03 0.000 0.294 1.000 1.000 1.000 1.000 1.000 1.000 1.000 1.000 1.000 1.000 1.000 1.000 1.000 1.000 1.000 1.000 1.000 1.000 1.000 1.000 1.000 1.000 1.000 1.000 1.000 1.000 1.000 1.000 1.000 1.000 1.000 1.000 1.000 1.000 1.000 1.000 1.000 1.000  8.3781088018E-02   0.74104   1.00000   0.00000   0.00000   0.7699903E-02
  1124  1.056186690259181E+07   9.995571  3.837390  4.387213  0.7198343E+00  0.2661031E+00  4.2202112E-05  2.4126097E-03  5.5738721E-05  9.1240518E-04  6.3999416E-03  3.3857159E-06  1.3870381E-05  2.1084332E-03  1.7053625E-04  0.2889    4.387213  -9.212  0.989359  7.521886  0.5318954E+00  0.4544331E+00  1.8570213E-07  5.3023232E-05  1.4370816E-05  8.9192327E-03  4.6170086E-04  2.5842584E-06  1.7221818E-09  2.1084332E-03  1.7053625E-04  6.033E-10  1.236E-16  3.290E+11  2.040E+12  7.830E+01  2.203E+06  0.54710747  6.190E-05  8.154E-05  9.510E-01  0.000E+00  0.000E+00  1.047E+00  400    2.9096  9.45E-03 3.0083E+01 5.0666E+01    5.31E+02 0.00E+00 2.04E+02  0.547198  0.018187 5.31E+02 0.00E+00 2.04E+02  0.547107  0.018188  0.0000000E+00  0.0000000E+00  4.9979112E-07  1.0469782E-01  7.3853488E-02  2.6256294E-04 -1.3508740E-01  6.5002938E-02  6.3917738E-03 0.000 0.294 1.000 1.000 1.000 1.000 1.000 1.000 1.000 1.000 1.000 1.000 1.000 1.000 1.000 1.000 1.000 1.000 1.000 1.000 1.000 1.000 1.000 1.000 1.000 1.000 1.000 1.000 1.000 1.000 1.000 1.000 1.000 1.000 1.000 1.000 1.000 1.000 1.000 1.000  8.3776112091E-02   0.73873   1.00000   0.00000   0.00000   0.7665942E-02
  1134  1.065407496703882E+07   9.995514  3.838755  4.387047  0.7198274E+00  0.2661094E+00  4.2141189E-05  2.4079824E-03  5.6285905E-05  9.1803172E-04  6.3990132E-03  3.4111772E-06  1.3851148E-05  2.1084332E-03  1.7053625E-04  0.2878    4.387047  -9.208  0.989462  7.522117  0.5296705E+00  0.4566591E+00  1.8080850E-07  5.3127610E-05  1.4396241E-05  8.9267796E-03  4.5295711E-04  2.5293155E-06  1.6834718E-09  2.1084332E-03  1.7053625E-04  6.049E-10  1.240E-16  3.297E+11  2.040E+12  7.848E+01  2.203E+06  0.54751766  6.174E-05  8.145E-05  9.509E-01  0.000E+00  0.000E+00  1.047E+00  397    2.8804  9.45E-03 3.0059E+01 5.0623E+01    5.31E+02 0.00E+00 2.04E+02  0.547751  0.018246 5.31E+02 0.00E+00 2.04E+02  0.547518  0.018246  0.0000000E+00  0.0000000E+00  5.0528941E-07  1.0492849E-01  7.3836445E-02  2.6188319E-04 -1.3497517E-01  6.4938759E-02  6.4040166E-03 0.000 0.291 1.000 1.000 1.000 1.000 1.000 1.000 1.000 1.000 1.000 1.000 1.000 1.000 1.000 1.000 1.000 1.000 1.000 1.000 1.000 1.000 1.000 1.000 1.000 1.000 1.000 1.000 1.000 1.000 1.000 1.000 1.000 1.000 1.000 1.000 1.000 1.000 1.000 1.000  8.3771081987E-02   0.73565   1.00000   0.00000   0.00000   0.7631794E-02
  1144  1.074628303148583E+07   9.995456  3.840099  4.386877  0.7198210E+00  0.2661153E+00  4.2084733E-05  2.4036826E-03  5.6788457E-05  9.2327371E-04  6.3981421E-03  3.4348163E-06  1.3833261E-05  2.1084332E-03  1.7053625E-04  0.2874    4.386877  -9.205  0.989575  7.522350  0.5276130E+00  0.4587174E+00  1.8030031E-07  5.3163999E-05  1.4407566E-05  8.9317162E-03  4.4728732E-04  2.4924991E-06  1.6626916E-09  2.1084332E-03  1.7053625E-04  5.982E-10  1.229E-16  3.290E+11  2.040E+12  7.831E+01  2.203E+06  0.54807927  6.159E-05  8.133E-05  9.508E-01  0.000E+00  0.000E+00  1.047E+00  398    2.8951  9.45E-03 3.0025E+01 5.0591E+01    5.30E+02 0.00E+00 2.04E+02  0.548310  0.018300 5.30E+02 0.00E+00 2.04E+02  0.548079  0.018302  0.0000000E+00  0.0000000E+00  5.1039861E-07  1.0514935E-01  7.3819657E-02  2.6123132E-04 -1.3486697E-01  6.4876632E-02  6.4166360E-03 0.000 0.291 1.000 1.000 1.000 1.000 1.000 1.000 1.000 1.000 1.000 1.000 1.000 1.000 1.000 1.000 1.000 1.000 1.000 1.000 1.000 1.000 1.000 1.000 1.000 1.000 1.000 1.000 1.000 1.000 1.000 1.000 1.000 1.000 1.000 1.000 1.000 1.000 1.000 1.000  8.3766000954E-02   0.73272   1.00000   0.00000   0.00000   0.7596327E-02
  1154  1.083849109593284E+07   9.995399  3.841431  4.386752  0.7198122E+00  0.2661234E+00  4.2008674E-05  2.3978744E-03  5.7458722E-05  9.3037476E-04  6.3969528E-03  3.4667175E-06  1.3809076E-05  2.1084332E-03  1.7053625E-04  0.2867    4.386752  -9.201  0.989578  7.522573  0.5256809E+00  0.4606500E+00  1.7262946E-07  5.3290183E-05  1.4437263E-05  8.9344213E-03  4.4401379E-04  2.4685490E-06  1.6469422E-09  2.1084332E-03  1.7053625E-04  5.932E-10  1.219E-16  3.282E+11  2.043E+12  7.812E+01  2.207E+06  0.54844124  6.144E-05  8.119E-05  9.507E-01  0.000E+00  0.000E+00  1.047E+00  400    2.8804  9.45E-03 2.9984E+01 5.0563E+01    5.30E+02 0.00E+00 2.04E+02  0.548661  0.018360 5.30E+02 0.00E+00 2.04E+02  0.548441  0.018359  0.0000000E+00  0.0000000E+00  5.1578396E-07  1.0535032E-01  7.3804564E-02  2.6064090E-04 -1.3477121E-01  6.4820679E-02  6.4292736E-03 0.000 0.288 1.000 1.000 1.000 1.000 1.000 1.000 1.000 1.000 1.000 1.000 1.000 1.000 1.000 1.000 1.000 1.000 1.000 1.000 1.000 1.000 1.000 1.000 1.000 1.000 1.000 1.000 1.000 1.000 1.000 1.000 1.000 1.000 1.000 1.000 1.000 1.000 1.000 1.000  8.3760865317E-02   0.73017   1.00000   0.00000   0.00000   0.7565119E-02
  1164  1.093069916037985E+07   9.995340  3.842729  4.386567  0.7198024E+00  0.2661324E+00  4.1926835E-05  2.3916044E-03  5.8171549E-05  9.3806588E-04  6.3956527E-03  3.5011147E-06  1.3782939E-05  2.1084332E-03  1.7053625E-04  0.2864    4.386567  -9.198  0.989706  7.522816  0.5234300E+00  0.4629019E+00  1.7215617E-07  5.3335662E-05  1.4451681E-05  8.9415319E-03  4.3585690E-04  2.4174102E-06  1.6142892E-09  2.1084332E-03  1.7053625E-04  5.927E-10  1.220E-16  3.237E+11  2.003E+12  7.703E+01  2.163E+06  0.54893855  6.129E-05  8.110E-05  9.506E-01  0.000E+00  0.000E+00  1.047E+00  405    2.8658  9.45E-03 2.9961E+01 5.0524E+01    5.29E+02 0.00E+00 2.04E+02  0.549020  0.018414 5.29E+02 0.00E+00 2.04E+02  0.548939  0.018414  0.0000000E+00  0.0000000E+00  5.2073142E-07  1.0558705E-01  7.3788001E-02  2.5995983E-04 -1.3465436E-01  6.4753876E-02  6.4421321E-03 0.000 0.288 1.000 1.000 1.000 1.000 1.000 1.000 1.000 1.000 1.000 1.000 1.000 1.000 1.000 1.000 1.000 1.000 1.000 1.000 1.000 1.000 1.000 1.000 1.000 1.000 1.000 1.000 1.000 1.000 1.000 1.000 1.000 1.000 1.000 1.000 1.000 1.000 1.000 1.000  8.3755681042E-02   0.72699   1.00000   0.00000   0.00000   0.7531896E-02
  1174  1.102290722482685E+07   9.995282  3.844058  4.386395  0.7197936E+00  0.2661406E+00  4.1854445E-05  2.3860411E-03  5.8795266E-05  9.4491150E-04  6.3944857E-03  3.5316011E-06  1.3759723E-05  2.1084332E-03  1.7053625E-04  0.2857    4.386395  -9.194  0.989760  7.523044  0.5213235E+00  0.4650091E+00  1.7019879E-07  5.3393862E-05  1.4467943E-05  8.9464173E-03  4.3021028E-04  2.3809695E-06  1.5924502E-09  2.1084332E-03  1.7053625E-04  5.918E-10  1.218E-16  3.224E+11  2.001E+12  7.672E+01  2.161E+06  0.54922115  6.111E-05  8.098E-05  9.505E-01  0.000E+00  0.000E+00  1.047E+00  406    2.8658  9.45E-03 2.9927E+01 5.0499E+01    5.28E+02 0.00E+00 2.04E+02  0.549473  0.018470 5.28E+02 0.00E+00 2.04E+02  0.549221  0.018470  0.0000000E+00  0.0000000E+00  5.2598604E-07  1.0581545E-01  7.3773235E-02  2.5931465E-04 -1.3454334E-01  6.4690341E-02  6.4549901E-03 0.000 0.288 1.000 1.000 1.000 1.000 1.000 1.000 1.000 1.000 1.000 1.000 1.000 1.000 1.000 1.000 1.000 1.000 1.000 1.000 1.000 1.000 1.000 1.000 1.000 1.000 1.000 1.000 1.000 1.000 1.000 1.000 1.000 1.000 1.000 1.000 1.000 1.000 1.000 1.000  8.3750445016E-02   0.72406   1.00000   0.00000   0.00000   0.7498492E-02
  1184  1.111511528927386E+07   9.995222  3.845390  4.386220  0.7197873E+00  0.2661465E+00  4.1803005E-05  2.3820765E-03  5.9234425E-05  9.4980283E-04  6.3936456E-03  3.5533045E-06  1.3743163E-05  2.1084332E-03  1.7053625E-04  0.2851    4.386220  -9.191  0.989816  7.523228  0.5192749E+00  0.4670583E+00  1.6821963E-07  5.3445132E-05  1.4482269E-05  8.9502770E-03  4.2574090E-04  2.3513696E-06  1.5753828E-09  2.1084332E-03  1.7053625E-04  5.902E-10  1.216E-16  3.209E+11  1.996E+12  7.638E+01  2.156E+06  0.54972044  6.096E-05  8.084E-05  9.504E-01  0.000E+00  0.000E+00  1.048E+00  407    2.8658  9.45E-03 2.9889E+01 5.0472E+01    5.28E+02 0.00E+00 2.04E+02  0.549944  0.018527 5.28E+02 0.00E+00 2.04E+02  0.549720  0.018527  0.0000000E+00  0.0000000E+00  5.3137490E-07  1.0604709E-01  7.3757033E-02  2.5865348E-04 -1.3443034E-01  6.4625684E-02  6.4676003E-03 0.000 0.288 1.000 1.000 1.000 1.000 1.000 1.000 1.000 1.000 1.000 1.000 1.000 1.000 1.000 1.000 1.000 1.000 1.000 1.000 1.000 1.000 1.000 1.000 1.000 1.000 1.000 1.000 1.000 1.000 1.000 1.000 1.000 1.000 1.000 1.000 1.000 1.000 1.000 1.000  8.3745156541E-02   0.72122   1.00000   0.00000   0.00000   0.7465037E-02
  1194  1.120732335372087E+07   9.995163  3.846741  4.386069  0.7197778E+00  0.2661552E+00  4.1728194E-05  2.3762974E-03  5.9866729E-05  9.5695230E-04  6.3924083E-03  3.5849074E-06  1.3719001E-05  2.1084332E-03  1.7053625E-04  0.2846    4.386069  -9.187  0.989892  7.523459  0.5172606E+00  0.4690731E+00  1.6622336E-07  5.3494798E-05  1.4496123E-05  8.9534360E-03  4.2207123E-04  2.3259383E-06  1.5613684E-09  2.1084332E-03  1.7053625E-04  5.888E-10  1.215E-16  3.196E+11  1.992E+12  7.606E+01  2.151E+06  0.55014096  6.080E-05  8.070E-05  9.504E-01  0.000E+00  0.000E+00  1.048E+00  407    2.8658  9.45E-03 2.9849E+01 5.0443E+01    5.27E+02 0.00E+00 2.04E+02  0.550245  0.018585 5.27E+02 0.00E+00 2.03E+02  0.550141  0.018585  0.0000000E+00  0.0000000E+00  5.3664942E-07  1.0626626E-01  7.3742523E-02  2.5803421E-04 -1.3432562E-01  6.4565028E-02  6.4806074E-03 0.000 0.288 1.000 1.000 1.000 1.000 1.000 1.000 1.000 1.000 1.000 1.000 1.000 1.000 1.000 1.000 1.000 1.000 1.000 1.000 1.000 1.000 1.000 1.000 1.000 1.000 1.000 1.000 1.000 1.000 1.000 1.000 1.000 1.000 1.000 1.000 1.000 1.000 1.000 1.000  8.3739814577E-02   0.71842   1.00000   0.00000   0.00000   0.7432423E-02
  1204  1.129953141816788E+07   9.995103  3.848099  4.385920  0.7197669E+00  0.2661654E+00  4.1643841E-05  2.3697629E-03  6.0571662E-05  9.6506161E-04  6.3909926E-03  3.6205966E-06  1.3691650E-05  2.1084332E-03  1.7053625E-04  0.2840    4.385920  -9.184  0.989969  7.523691  0.5152756E+00  0.4710585E+00  1.6427435E-07  5.3540822E-05  1.4509005E-05  8.9559881E-03  4.1909765E-04  2.3043652E-06  1.5500278E-09  2.1084332E-03  1.7053625E-04  5.986E-10  1.237E-16  3.183E+11  1.988E+12  7.575E+01  2.147E+06  0.55052120  6.064E-05  8.057E-05  9.503E-01  0.000E+00  0.000E+00  1.048E+00  407    2.8658  9.45E-03 2.9808E+01 5.0413E+01    5.27E+02 0.00E+00 2.03E+02  0.550602  0.018643 5.27E+02 0.00E+00 2.03E+02  0.550521  0.018643  0.0000000E+00  0.0000000E+00  5.4211894E-07  1.0648355E-01  7.3726144E-02  2.5740899E-04 -1.3422248E-01  6.4505118E-02  6.4937081E-03 0.000 0.288 1.000 1.000 1.000 1.000 1.000 1.000 1.000 1.000 1.000 1.000 1.000 1.000 1.000 1.000 1.000 1.000 1.000 1.000 1.000 1.000 1.000 1.000 1.000 1.000 1.000 1.000 1.000 1.000 1.000 1.000 1.000 1.000 1.000 1.000 1.000 1.000 1.000 1.000  8.3734418213E-02   0.71566   1.00000   0.00000   0.00000   0.7399600E-02
  1214  1.139173948261489E+07   9.995042  3.849543  4.385780  0.7197568E+00  0.2661748E+00  4.1567372E-05  2.3638223E-03  6.1203691E-05  9.7245647E-04  6.3896905E-03  3.6530010E-06  1.3666757E-05  2.1084332E-03  1.7053625E-04  0.2835    4.385780  -9.180  0.990067  7.523926  0.5133410E+00  0.4729933E+00  1.5754985E-07  5.3654277E-05  1.4535612E-05  8.9575304E-03  4.1716661E-04  2.2880692E-06  1.5403817E-09  2.1084332E-03  1.7053625E-04  5.764E-10  1.193E-16  3.168E+11  1.985E+12  7.540E+01  2.144E+06  0.55090287  6.048E-05  8.043E-05  9.502E-01  0.000E+00  0.000E+00  1.048E+00  408    2.8658  9.45E-03 2.9763E+01 5.0381E+01    5.26E+02 0.00E+00 2.03E+02  0.551146  0.018708 5.26E+02 0.00E+00 2.03E+02  0.550903  0.018705  0.0000000E+00  0.0000000E+00  5.4843893E-07  1.0669482E-01  7.3709762E-02  2.5680134E-04 -1.3412606E-01  6.4448576E-02  6.5065987E-03 0.000 0.287 1.000 1.000 1.000 1.000 1.000 1.000 1.000 1.000 1.000 1.000 1.000 1.000 1.000 1.000 1.000 1.000 1.000 1.000 1.000 1.000 1.000 1.000 1.000 1.000 1.000 1.000 1.000 1.000 1.000 1.000 1.000 1.000 1.000 1.000 1.000 1.000 1.000 1.000  8.3728963349E-02   0.71304   1.00000   0.00000   0.00000   0.7365261E-02
  1224  1.148394754706189E+07   9.994981  3.850936  4.385576  0.7197469E+00  0.2661840E+00  4.1494673E-05  2.3581591E-03  6.1797966E-05  9.7952745E-04  6.3884348E-03  3.6838523E-06  1.3643001E-05  2.1084332E-03  1.7053625E-04  0.2831    4.385576  -9.176  0.990302  7.524173  0.5110785E+00  0.4752567E+00  1.5619725E-07  5.3707366E-05  1.4552188E-05  8.9633068E-03  4.1051348E-04  2.2457041E-06  1.5136537E-09  2.1084332E-03  1.7053625E-04  5.731E-10  1.188E-16  3.111E+11  1.932E+12  7.404E+01  2.086E+06  0.55137183  6.031E-05  8.032E-05  9.501E-01  0.000E+00  0.000E+00  1.048E+00  406    2.8366  9.44E-03 2.9733E+01 5.0340E+01    5.25E+02 0.00E+00 2.03E+02  0.551652  0.018765 5.25E+02 0.00E+00 2.03E+02  0.551372  0.018765  0.0000000E+00  0.0000000E+00  5.5397337E-07  1.0694110E-01  7.3692756E-02  2.5610925E-04 -1.3400833E-01  6.4381167E-02  6.5196944E-03 0.000 0.285 1.000 1.000 1.000 1.000 1.000 1.000 1.000 1.000 1.000 1.000 1.000 1.000 1.000 1.000 1.000 1.000 1.000 1.000 1.000 1.000 1.000 1.000 1.000 1.000 1.000 1.000 1.000 1.000 1.000 1.000 1.000 1.000 1.000 1.000 1.000 1.000 1.000 1.000  8.3723449358E-02   0.70984   1.00000   0.00000   0.00000   0.7328825E-02
  1234  1.157615561150890E+07   9.994919  3.852260  4.385382  0.7197378E+00  0.2661925E+00  4.1428657E-05  2.3530042E-03  6.2332330E-05  9.8598119E-04  6.3872801E-03  3.7119017E-06  1.3621356E-05  2.1084332E-03  1.7053625E-04  0.2825    4.385382  -9.173  0.990370  7.524419  0.5089120E+00  0.4774238E+00  1.5504211E-07  5.3751831E-05  1.4564608E-05  8.9675856E-03  4.0557891E-04  2.2137320E-06  1.4948035E-09  2.1084332E-03  1.7053625E-04  5.674E-10  1.178E-16  3.109E+11  1.938E+12  7.400E+01  2.093E+06  0.55199161  6.016E-05  8.020E-05  9.500E-01  0.000E+00  0.000E+00  1.048E+00  412    2.8366  9.44E-03 2.9701E+01 5.0307E+01    5.25E+02 0.00E+00 2.03E+02  0.552227  0.018822 5.25E+02 0.00E+00 2.03E+02  0.551992  0.018822  0.0000000E+00  0.0000000E+00  5.5974321E-07  1.0717733E-01  7.3674039E-02  2.5543441E-04 -1.3389563E-01  6.4316252E-02  6.5330680E-03 0.000 0.285 1.000 1.000 1.000 1.000 1.000 1.000 1.000 1.000 1.000 1.000 1.000 1.000 1.000 1.000 1.000 1.000 1.000 1.000 1.000 1.000 1.000 1.000 1.000 1.000 1.000 1.000 1.000 1.000 1.000 1.000 1.000 1.000 1.000 1.000 1.000 1.000 1.000 1.000  8.3717879250E-02   0.70683   1.00000   0.00000   0.00000   0.7294803E-02
  1244  1.166559743402250E+07   9.994859  3.853641  4.385206  0.7197278E+00  0.2662018E+00  4.1357709E-05  2.3474513E-03  6.2900675E-05  9.9295251E-04  6.3860228E-03  3.7420780E-06  1.3598015E-05  2.1084332E-03  1.7053625E-04  0.2823    4.385206  -9.169  0.990464  7.524674  0.5069199E+00  0.4794163E+00  1.5111298E-07  5.3924692E-05  1.4615662E-05  8.9699746E-03  4.0258810E-04  2.1787568E-06  1.4853803E-09  2.1084332E-03  1.7053625E-04  5.483E-10  1.140E-16  3.041E+11  1.893E+12  7.237E+01  2.045E+06  0.55243755  6.000E-05  8.007E-05  9.499E-01  0.000E+00  0.000E+00  1.048E+00  414    2.8366  9.44E-03 2.9663E+01 5.0281E+01    5.24E+02 0.00E+00 2.03E+02  0.552628  0.018882 5.24E+02 0.00E+00 2.03E+02  0.552438  0.018882  0.0000000E+00  0.0000000E+00  5.0894122E-07  1.0740615E-01  7.3656089E-02  2.5478666E-04 -1.3378849E-01  6.4254505E-02  6.5457930E-03 0.000 0.286 1.000 1.000 1.000 1.000 1.000 1.000 1.000 1.000 1.000 1.000 1.000 1.000 1.000 1.000 1.000 1.000 1.000 1.000 1.000 1.000 1.000 1.000 1.000 1.000 1.000 1.000 1.000 1.000 1.000 1.000 1.000 1.000 1.000 1.000 1.000 1.000 1.000 1.000  8.3712420054E-02   0.70407   1.00000   0.00000   0.00000   0.7260426E-02
  1255  1.175688341782504E+07   9.994797  3.855048  4.385013  0.7197172E+00  0.2662118E+00  4.1283635E-05  2.3416402E-03  6.3487857E-05  1.0002686E-03  6.3846928E-03  3.7736161E-06  1.3573563E-05  2.1084332E-03  1.7053625E-04  0.2816    4.385013  -9.166  0.990676  7.524925  0.5045847E+00  0.4817524E+00  1.4438246E-07  5.4072971E-05  1.4654678E-05  8.9758807E-03  3.9564463E-04  2.1234953E-06  1.4499432E-09  2.1084332E-03  1.7053625E-04  5.456E-10  1.136E-16  2.988E+11  1.843E+12  7.111E+01  1.991E+06  0.55295769  5.984E-05  7.997E-05  9.498E-01  0.000E+00  0.000E+00  1.048E+00  409    2.8073  9.44E-03 2.9631E+01 5.0256E+01    5.24E+02 0.00E+00 2.03E+02  0.552879  0.018943 5.24E+02 0.00E+00 2.03E+02  0.552958  0.018943  0.0000000E+00  0.0000000E+00  5.1409144E-07  1.0765858E-01  7.3638111E-02  2.5409148E-04 -1.3367099E-01  6.4187313E-02  6.5586563E-03 0.000 0.282 1.000 1.000 1.000 1.000 1.000 1.000 1.000 1.000 1.000 1.000 1.000 1.000 1.000 1.000 1.000 1.000 1.000 1.000 1.000 1.000 1.000 1.000 1.000 1.000 1.000 1.000 1.000 1.000 1.000 1.000 1.000 1.000 1.000 1.000 1.000 1.000 1.000 1.000  8.3706789184E-02   0.70081   1.00000   0.00000   0.00000   0.7226680E-02
  1266  1.184816940162759E+07   9.994734  3.856390  4.384815  0.7197056E+00  0.2662227E+00  4.1204709E-05  2.3354341E-03  6.4106599E-05  1.0081051E-03  6.3832562E-03  3.8072513E-06  1.3547420E-05  2.1084332E-03  1.7053625E-04  0.2811    4.384815  -9.162  0.990800  7.525176  0.5023643E+00  0.4839735E+00  1.4311635E-07  5.4121467E-05  1.4667974E-05  8.9803103E-03  3.9053165E-04  2.0911312E-06  1.4298815E-09  2.1084332E-03  1.7053625E-04  5.448E-10  1.135E-16  2.983E+11  1.846E+12  7.100E+01  1.994E+06  0.55320422  5.965E-05  7.986E-05  9.497E-01  0.000E+00  0.000E+00  1.048E+00  412    2.8073  9.44E-03 2.9603E+01 5.0214E+01    5.23E+02 0.00E+00 2.03E+02  0.553446  0.019002 5.23E+02 0.00E+00 2.03E+02  0.553204  0.019002  0.0000000E+00  0.0000000E+00  5.1948705E-07  1.0790286E-01  7.3623817E-02  2.5343572E-04 -1.3355625E-01  6.4121389E-02  6.5719002E-03 0.000 0.282 1.000 1.000 1.000 1.000 1.000 1.000 1.000 1.000 1.000 1.000 1.000 1.000 1.000 1.000 1.000 1.000 1.000 1.000 1.000 1.000 1.000 1.000 1.000 1.000 1.000 1.000 1.000 1.000 1.000 1.000 1.000 1.000 1.000 1.000 1.000 1.000 1.000 1.000  8.3701101269E-02   0.69773   1.00000   0.00000   0.00000   0.7192802E-02
  1277  1.193945538543013E+07   9.994671  3.857765  4.384637  0.7196930E+00  0.2662344E+00  4.1121370E-05  2.3288657E-03  6.4752555E-05  1.0164240E-03  6.3817182E-03  3.8427974E-06  1.3519720E-05  2.1084332E-03  1.7053625E-04  0.2805    4.384637  -9.159  0.990916  7.525423  0.5002361E+00  0.4861022E+00  1.4150237E-07  5.4169794E-05  1.4681550E-05  8.9834062E-03  3.8693455E-04  2.0674734E-06  1.4158999E-09  2.1084332E-03  1.7053625E-04  5.439E-10  1.135E-16  2.972E+11  1.845E+12  7.074E+01  1.992E+06  0.55381269  5.951E-05  7.972E-05  9.496E-01  0.000E+00  0.000E+00  1.048E+00  412    2.8073  9.44E-03 2.9563E+01 5.0199E+01    5.22E+02 0.00E+00 2.03E+02  0.553731  0.019062 5.22E+02 0.00E+00 2.03E+02  0.553813  0.019062  0.0000000E+00  0.0000000E+00  5.2466642E-07  1.0814102E-01  7.3604823E-02  2.5277246E-04 -1.3344555E-01  6.4057477E-02  6.5853284E-03 0.000 0.282 1.000 1.000 1.000 1.000 1.000 1.000 1.000 1.000 1.000 1.000 1.000 1.000 1.000 1.000 1.000 1.000 1.000 1.000 1.000 1.000 1.000 1.000 1.000 1.000 1.000 1.000 1.000 1.000 1.000 1.000 1.000 1.000 1.000 1.000 1.000 1.000 1.000 1.000  8.3695355546E-02   0.69477   1.00000   0.00000   0.00000   0.7160011E-02
  1288  1.203074136923267E+07   9.994607  3.859138  4.384453  0.7196840E+00  0.2662429E+00  4.1062865E-05  2.3242437E-03  6.5201380E-05  1.0222940E-03  6.3806244E-03  3.8677757E-06  1.3500207E-05  2.1084332E-03  1.7053625E-04  0.2799    4.384453  -9.155  0.991025  7.525669  0.4981550E+00  0.4881836E+00  1.3970714E-07  5.4217577E-05  1.4694948E-05  8.9857275E-03  3.8421935E-04  2.0484329E-06  1.4052952E-09  2.1084332E-03  1.7053625E-04  5.424E-10  1.133E-16  2.958E+11  1.840E+12  7.040E+01  1.987E+06  0.55414433  5.933E-05  7.960E-05  9.495E-01  0.000E+00  0.000E+00  1.048E+00  413    2.8073  9.44E-03 2.9527E+01 5.0159E+01    5.22E+02 0.00E+00 2.03E+02  0.554345  0.019123 5.22E+02 0.00E+00 2.03E+02  0.554144  0.019123  0.0000000E+00  0.0000000E+00  5.3037236E-07  1.0837572E-01  7.3589379E-02  2.5213518E-04 -1.3333726E-01  6.3994662E-02  6.5988607E-03 0.000 0.282 1.000 1.000 1.000 1.000 1.000 1.000 1.000 1.000 1.000 1.000 1.000 1.000 1.000 1.000 1.000 1.000 1.000 1.000 1.000 1.000 1.000 1.000 1.000 1.000 1.000 1.000 1.000 1.000 1.000 1.000 1.000 1.000 1.000 1.000 1.000 1.000 1.000 1.000  8.3689549835E-02   0.69188   1.00000   0.00000   0.00000   0.7125880E-02
  1299  1.212202735303521E+07   9.994543  3.860527  4.384286  0.7196699E+00  0.2662562E+00  4.0973002E-05  2.3171316E-03  6.5883289E-05  1.0313516E-03  6.3789232E-03  3.9061558E-06  1.3470149E-05  2.1084332E-03  1.7053625E-04  0.2793    4.384286  -9.152  0.991129  7.525914  0.4961194E+00  0.4902195E+00  1.3870735E-07  5.4247976E-05  1.4703912E-05  8.9873423E-03  3.8233572E-04  2.0340501E-06  1.3981368E-09  2.1084332E-03  1.7053625E-04  5.476E-10  1.145E-16  2.956E+11  1.847E+12  7.036E+01  1.994E+06  0.55455042  5.917E-05  7.945E-05  9.495E-01  0.000E+00  0.000E+00  1.049E+00  414    2.8073  9.44E-03 2.9481E+01 5.0141E+01    5.21E+02 0.00E+00 2.03E+02  0.554609  0.019183 5.21E+02 0.00E+00 2.03E+02  0.554550  0.019184  0.0000000E+00  0.0000000E+00  5.3564101E-07  1.0860721E-01  7.3571598E-02  2.5149619E-04 -1.3323117E-01  6.3932977E-02  6.6125007E-03 0.000 0.283 1.000 1.000 1.000 1.000 1.000 1.000 1.000 1.000 1.000 1.000 1.000 1.000 1.000 1.000 1.000 1.000 1.000 1.000 1.000 1.000 1.000 1.000 1.000 1.000 1.000 1.000 1.000 1.000 1.000 1.000 1.000 1.000 1.000 1.000 1.000 1.000 1.000 1.000  8.3683684406E-02   0.68903   1.00000   0.00000   0.00000   0.7093417E-02
  1310  1.221331333683775E+07   9.994478  3.861946  4.384138  0.7196584E+00  0.2662670E+00  4.0901337E-05  2.3114470E-03  6.6421149E-05  1.0386121E-03  6.3775483E-03  3.9367855E-06  1.3446097E-05  2.1084332E-03  1.7053625E-04  0.2789    4.384138  -9.148  0.991204  7.526151  0.4943257E+00  0.4920130E+00  1.3879041E-07  5.4244635E-05  1.4703873E-05  8.9859048E-03  3.8397828E-04  2.0391322E-06  1.4064944E-09  2.1084332E-03  1.7053625E-04  5.496E-10  1.151E-16  2.965E+11  1.865E+12  7.057E+01  2.015E+06  0.55510704  5.903E-05  7.930E-05  9.493E-01  0.000E+00  0.000E+00  1.049E+00  419    2.8073  9.44E-03 2.9436E+01 5.0098E+01    5.21E+02 0.00E+00 2.03E+02  0.555164  0.019247 5.21E+02 0.00E+00 2.03E+02  0.555107  0.019247  0.0000000E+00  0.0000000E+00  5.4162869E-07  1.0881600E-01  7.3555325E-02  2.5091213E-04 -1.3313786E-01  6.3877595E-02  6.6263361E-03 0.000 0.285 1.000 1.000 1.000 1.000 1.000 1.000 1.000 1.000 1.000 1.000 1.000 1.000 1.000 1.000 1.000 1.000 1.000 1.000 1.000 1.000 1.000 1.000 1.000 1.000 1.000 1.000 1.000 1.000 1.000 1.000 1.000 1.000 1.000 1.000 1.000 1.000 1.000 1.000  8.3677755888E-02   0.68656   1.00000   0.00000   0.00000   0.7059563E-02
  1321  1.230459932064030E+07   9.994413  3.863400  4.383959  0.7196433E+00  0.2662813E+00  4.0809264E-05  2.3041294E-03  6.7104046E-05  1.0479866E-03  6.3757577E-03  3.9761510E-06  1.3415099E-05  2.1084332E-03  1.7053625E-04  0.2785    4.383959  -9.144  0.991425  7.526405  0.4922202E+00  0.4941188E+00  1.3048491E-07  5.4405610E-05  1.4744701E-05  8.9878376E-03  3.8152366E-04  2.0189904E-06  1.3925195E-09  2.1084332E-03  1.7053625E-04  5.265E-10  1.106E-16  2.845E+11  1.760E+12  6.771E+01  1.901E+06  0.55560994  5.887E-05  7.916E-05  9.492E-01  0.000E+00  0.000E+00  1.049E+00  415    2.7631  9.44E-03 2.9382E+01 5.0067E+01    5.20E+02 0.00E+00 2.03E+02  0.555692  0.019310 5.20E+02 0.00E+00 2.03E+02  0.555610  0.019311  0.0000000E+00  0.0000000E+00  5.4747205E-07  1.0905460E-01  7.3535738E-02  2.5024687E-04 -1.3303203E-01  6.3815856E-02  6.6398425E-03 0.000 0.281 1.000 1.000 1.000 1.000 1.000 1.000 1.000 1.000 1.000 1.000 1.000 1.000 1.000 1.000 1.000 1.000 1.000 1.000 1.000 1.000 1.000 1.000 1.000 1.000 1.000 1.000 1.000 1.000 1.000 1.000 1.000 1.000 1.000 1.000 1.000 1.000 1.000 1.000  8.3671761844E-02   0.68365   1.00000   0.00000   0.00000   0.7025055E-02
  1332  1.239588530444284E+07   9.994347  3.864816  4.383735  0.7196289E+00  0.2662949E+00  4.0724127E-05  2.2973479E-03  6.7727625E-05  1.0567023E-03  6.3740777E-03  4.0125671E-06  1.3386336E-05  2.1084332E-03  1.7053625E-04  0.2778    4.383735  -9.141  0.991663  7.526672  0.4898090E+00  0.4965308E+00  1.2878141E-07  5.4469277E-05  1.4761936E-05  8.9933928E-03  3.7510565E-04  1.9797654E-06  1.3671656E-09  2.1084332E-03  1.7053625E-04  5.259E-10  1.107E-16  2.833E+11  1.747E+12  6.743E+01  1.887E+06  0.55616336  5.870E-05  7.907E-05  9.491E-01  0.000E+00  0.000E+00  1.049E+00  411    2.7631  9.44E-03 2.9358E+01 5.0012E+01    5.19E+02 0.00E+00 2.03E+02  0.556238  0.019374 5.19E+02 0.00E+00 2.03E+02  0.556163  0.019374  0.0000000E+00  0.0000000E+00  5.5347786E-07  1.0932621E-01  7.3516359E-02  2.4941870E-04 -1.3290739E-01  6.3744693E-02  6.6533854E-03 0.000 0.280 1.000 1.000 1.000 1.000 1.000 1.000 1.000 1.000 1.000 1.000 1.000 1.000 1.000 1.000 1.000 1.000 1.000 1.000 1.000 1.000 1.000 1.000 1.000 1.000 1.000 1.000 1.000 1.000 1.000 1.000 1.000 1.000 1.000 1.000 1.000 1.000 1.000 1.000  8.3665702269E-02   0.68030   1.00000   0.00000   0.00000   0.6990241E-02
  1343  1.248717128824538E+07   9.994281  3.866242  4.383534  0.7196148E+00  0.2663082E+00  4.0642518E-05  2.2908345E-03  6.8318320E-05  1.0650988E-03  6.3724452E-03  4.0474846E-06  1.3358677E-05  2.1084332E-03  1.7053625E-04  0.2774    4.383534  -9.137  0.991819  7.526930  0.4876249E+00  0.4987154E+00  1.2836475E-07  5.4496102E-05  1.4769615E-05  8.9962739E-03  3.7178747E-04  1.9586896E-06  1.3541935E-09  2.1084332E-03  1.7053625E-04  5.162E-10  1.088E-16  2.857E+11  1.779E+12  6.800E+01  1.921E+06  0.55662976  5.853E-05  7.893E-05  9.490E-01  0.000E+00  0.000E+00  1.049E+00  414    2.7797  9.44E-03 2.9319E+01 4.9993E+01    5.19E+02 0.00E+00 2.03E+02  0.556696  0.019437 5.19E+02 0.00E+00 2.03E+02  0.556630  0.019438  0.0000000E+00  0.0000000E+00  5.5939223E-07  1.0957829E-01  7.3496290E-02  2.4873263E-04 -1.3279245E-01  6.3678525E-02  6.6672882E-03 0.000 0.280 1.000 1.000 1.000 1.000 1.000 1.000 1.000 1.000 1.000 1.000 1.000 1.000 1.000 1.000 1.000 1.000 1.000 1.000 1.000 1.000 1.000 1.000 1.000 1.000 1.000 1.000 1.000 1.000 1.000 1.000 1.000 1.000 1.000 1.000 1.000 1.000 1.000 1.000  8.3659576982E-02   0.67726   1.00000   0.00000   0.00000   0.6955424E-02
  1354  1.257845727204792E+07   9.994214  3.867675  4.383319  0.7196007E+00  0.2663216E+00  4.0562216E-05  2.2844136E-03  6.8892872E-05  1.0734002E-03  6.3708177E-03  4.0818480E-06  1.3331378E-05  2.1084332E-03  1.7053625E-04  0.2768    4.383319  -9.133  0.992010  7.527199  0.4852997E+00  0.5010412E+00  1.2514915E-07  5.4583425E-05  1.4792486E-05  9.0003409E-03  3.6702373E-04  1.9280954E-06  1.3355015E-09  2.1084332E-03  1.7053625E-04  5.173E-10  1.091E-16  2.832E+11  1.759E+12  6.740E+01  1.900E+06  0.55703009  5.834E-05  7.882E-05  9.490E-01  0.000E+00  0.000E+00  1.049E+00  418    2.7631  9.44E-03 2.9288E+01 4.9946E+01    5.18E+02 0.00E+00 2.03E+02  0.557282  0.019502 5.18E+02 0.00E+00 2.03E+02  0.557030  0.019502  0.0000000E+00  0.0000000E+00  5.6564822E-07  1.0984318E-01  7.3480382E-02  2.4804433E-04 -1.3267297E-01  6.3609799E-02  6.6811444E-03 0.000 0.278 1.000 1.000 1.000 1.000 1.000 1.000 1.000 1.000 1.000 1.000 1.000 1.000 1.000 1.000 1.000 1.000 1.000 1.000 1.000 1.000 1.000 1.000 1.000 1.000 1.000 1.000 1.000 1.000 1.000 1.000 1.000 1.000 1.000 1.000 1.000 1.000 1.000 1.000  8.3653384642E-02   0.67403   1.00000   0.00000   0.00000   0.6920620E-02
  1365  1.266974325585046E+07   9.994147  3.869079  4.383114  0.7195862E+00  0.2663353E+00  4.0482209E-05  2.2780048E-03  6.9458632E-05  1.0817106E-03  6.3691748E-03  4.1160876E-06  1.3304099E-05  2.1084332E-03  1.7053625E-04  0.2763    4.383114  -9.130  0.992155  7.527461  0.4830571E+00  0.5032842E+00  1.2368657E-07  5.4631833E-05  1.4805948E-05  9.0033594E-03  3.6351418E-04  1.9055154E-06  1.3217680E-09  2.1084332E-03  1.7053625E-04  5.162E-10  1.091E-16  2.821E+11  1.758E+12  6.715E+01  1.898E+06  0.55761468  5.819E-05  7.868E-05  9.488E-01  0.000E+00  0.000E+00  1.049E+00  420    2.7631  9.44E-03 2.9249E+01 4.9927E+01    5.17E+02 0.00E+00 2.03E+02  0.557751  0.019565 5.17E+02 0.00E+00 2.03E+02  0.557615  0.019565  0.0000000E+00  0.0000000E+00  5.7161054E-07  1.1010264E-01  7.3460803E-02  2.4735293E-04 -1.3255563E-01  6.3542186E-02  6.6951640E-03 0.000 0.278 1.000 1.000 1.000 1.000 1.000 1.000 1.000 1.000 1.000 1.000 1.000 1.000 1.000 1.000 1.000 1.000 1.000 1.000 1.000 1.000 1.000 1.000 1.000 1.000 1.000 1.000 1.000 1.000 1.000 1.000 1.000 1.000 1.000 1.000 1.000 1.000 1.000 1.000  8.3647127479E-02   0.67091   1.00000   0.00000   0.00000   0.6887194E-02
  1376  1.276102923965301E+07   9.994078  3.870503  4.382918  0.7195707E+00  0.2663500E+00  4.0398395E-05  2.2712794E-03  7.0044267E-05  1.0904572E-03  6.3674310E-03  4.1519537E-06  1.3275437E-05  2.1084332E-03  1.7053625E-04  0.2757    4.382918  -9.126  0.992304  7.527721  0.4808824E+00  0.5054593E+00  1.2208703E-07  5.4679069E-05  1.4819232E-05  9.0054493E-03  3.6106243E-04  1.8883714E-06  1.3122645E-09  2.1084332E-03  1.7053625E-04  5.152E-10  1.090E-16  2.808E+11  1.753E+12  6.682E+01  1.894E+06  0.55793207  5.800E-05  7.856E-05  9.488E-01  0.000E+00  0.000E+00  1.049E+00  419    2.7631  9.44E-03 2.9212E+01 4.9884E+01    5.17E+02 0.00E+00 2.03E+02  0.558183  0.019630 5.17E+02 0.00E+00 2.03E+02  0.557932  0.019629  0.0000000E+00  0.0000000E+00  5.7772026E-07  1.1035744E-01  7.3443793E-02  2.4668508E-04 -1.3244167E-01  6.3476230E-02  6.7092619E-03 0.000 0.278 1.000 1.000 1.000 1.000 1.000 1.000 1.000 1.000 1.000 1.000 1.000 1.000 1.000 1.000 1.000 1.000 1.000 1.000 1.000 1.000 1.000 1.000 1.000 1.000 1.000 1.000 1.000 1.000 1.000 1.000 1.000 1.000 1.000 1.000 1.000 1.000 1.000 1.000  8.3640803593E-02   0.66789   1.00000   0.00000   0.00000   0.6853857E-02
  1387  1.285231522345555E+07   9.994010  3.871938  4.382736  0.7195570E+00  0.2663631E+00  4.0325637E-05  2.2654314E-03  7.0546777E-05  1.0980849E-03  6.3658977E-03  4.1830862E-06  1.3250485E-05  2.1084332E-03  1.7053625E-04  0.2751    4.382736  -9.122  0.992433  7.527979  0.4787840E+00  0.5075578E+00  1.2119701E-07  5.4707345E-05  1.4827682E-05  9.0065547E-03  3.5976123E-04  1.8775215E-06  1.3072742E-09  2.1084332E-03  1.7053625E-04  5.139E-10  1.089E-16  2.806E+11  1.760E+12  6.678E+01  1.901E+06  0.55860948  5.786E-05  7.840E-05  9.486E-01  0.000E+00  0.000E+00  1.049E+00  422    2.7631  9.44E-03 2.9165E+01 4.9865E+01    5.16E+02 0.00E+00 2.03E+02  0.558523  0.019694 5.16E+02 0.00E+00 2.03E+02  0.558609  0.019694  0.0000000E+00  0.0000000E+00  5.8374746E-07  1.1060587E-01  7.3422487E-02  2.4601050E-04 -1.3233139E-01  6.3412100E-02  6.7235089E-03 0.000 0.279 1.000 1.000 1.000 1.000 1.000 1.000 1.000 1.000 1.000 1.000 1.000 1.000 1.000 1.000 1.000 1.000 1.000 1.000 1.000 1.000 1.000 1.000 1.000 1.000 1.000 1.000 1.000 1.000 1.000 1.000 1.000 1.000 1.000 1.000 1.000 1.000 1.000 1.000  8.3634411852E-02   0.66496   1.00000   0.00000   0.00000   0.6821175E-02
  1398  1.294360120725809E+07   9.993941  3.873386  4.382556  0.7195434E+00  0.2663760E+00  4.0255310E-05  2.2597705E-03  7.1027385E-05  1.1054878E-03  6.3643987E-03  4.2131730E-06  1.3226306E-05  2.1084332E-03  1.7053625E-04  0.2746    4.382556  -9.118  0.992568  7.528236  0.4767523E+00  0.5095896E+00  1.1973647E-07  5.4741961E-05  1.4837069E-05  9.0067508E-03  3.5948471E-04  1.8719425E-06  1.3064355E-09  2.1084332E-03  1.7053625E-04  5.155E-10  1.094E-16  2.793E+11  1.757E+12  6.648E+01  1.898E+06  0.55891145  5.768E-05  7.826E-05  9.486E-01  0.000E+00  0.000E+00  1.049E+00  424    2.7631  9.44E-03 2.9123E+01 4.9818E+01    5.15E+02 0.00E+00 2.03E+02  0.559132  0.019761 5.15E+02 0.00E+00 2.02E+02  0.558911  0.019760  0.0000000E+00  0.0000000E+00  5.9041482E-07  1.1084728E-01  7.3406805E-02  2.4538116E-04 -1.3222552E-01  6.3350056E-02  6.7378701E-03 0.000 0.279 1.000 1.000 1.000 1.000 1.000 1.000 1.000 1.000 1.000 1.000 1.000 1.000 1.000 1.000 1.000 1.000 1.000 1.000 1.000 1.000 1.000 1.000 1.000 1.000 1.000 1.000 1.000 1.000 1.000 1.000 1.000 1.000 1.000 1.000 1.000 1.000 1.000 1.000  8.3627949648E-02   0.66217   1.00000   0.00000   0.00000   0.6787421E-02
  1409  1.303488719106063E+07   9.993871  3.874895  4.382389  0.7195253E+00  0.2663933E+00  4.0163496E-05  2.2523701E-03  7.1647582E-05  1.1151927E-03  6.3624177E-03  4.2524351E-06  1.3194661E-05  2.1084332E-03  1.7053625E-04  0.2746    4.382389  -9.115  0.992793  7.528489  0.4749493E+00  0.5113922E+00  1.2110436E-07  5.4709347E-05  1.4830287E-05  9.0043128E-03  3.6231169E-04  1.8836385E-06  1.3216739E-09  2.1084332E-03  1.7053625E-04  5.092E-10  1.082E-16  2.763E+11  1.738E+12  6.575E+01  1.877E+06  0.55959910  5.754E-05  7.808E-05  9.484E-01  0.000E+00  0.000E+00  1.050E+00  421    2.7631  9.44E-03 2.9069E+01 4.9796E+01    5.15E+02 0.00E+00 2.03E+02  0.559734  0.019828 5.15E+02 0.00E+00 2.02E+02  0.559599  0.019829  0.0000000E+00  0.0000000E+00  5.9715680E-07  1.1108113E-01  7.3385966E-02  2.4474248E-04 -1.3212494E-01  6.3290907E-02  6.7520918E-03 0.000 0.282 1.000 1.000 1.000 1.000 1.000 1.000 1.000 1.000 1.000 1.000 1.000 1.000 1.000 1.000 1.000 1.000 1.000 1.000 1.000 1.000 1.000 1.000 1.000 1.000 1.000 1.000 1.000 1.000 1.000 1.000 1.000 1.000 1.000 1.000 1.000 1.000 1.000 1.000  8.3621416205E-02   0.65951   1.00000   0.00000   0.00000   0.6752818E-02
  1420  1.312617317486317E+07   9.993800  3.876344  4.382182  0.7195066E+00  0.2664112E+00  4.0070846E-05  2.2448901E-03  7.2265005E-05  1.1250344E-03  6.3603901E-03  4.2920350E-06  1.3162631E-05  2.1084332E-03  1.7053625E-04  0.2738    4.382182  -9.111  0.993009  7.528775  0.4724172E+00  0.5139251E+00  1.1401907E-07  5.4880353E-05  1.4873238E-05  9.0095537E-03  3.5607920E-04  1.8434756E-06  1.2904996E-09  2.1084332E-03  1.7053625E-04  5.015E-10  1.068E-16  2.735E+11  1.710E+12  6.509E+01  1.847E+06  0.56008832  5.737E-05  7.800E-05  9.483E-01  0.000E+00  0.000E+00  1.050E+00  421    2.7410  9.44E-03 2.9036E+01 4.9735E+01    5.14E+02 0.00E+00 2.02E+02  0.560194  0.019895 5.14E+02 0.00E+00 2.02E+02  0.560088  0.019895  0.0000000E+00  0.0000000E+00  6.0373047E-07  1.1136040E-01  7.3367925E-02  2.4402517E-04 -1.3200238E-01  6.3220301E-02  6.7664272E-03 0.000 0.276 1.000 1.000 1.000 1.000 1.000 1.000 1.000 1.000 1.000 1.000 1.000 1.000 1.000 1.000 1.000 1.000 1.000 1.000 1.000 1.000 1.000 1.000 1.000 1.000 1.000 1.000 1.000 1.000 1.000 1.000 1.000 1.000 1.000 1.000 1.000 1.000 1.000 1.000  8.3614807780E-02   0.65614   1.00000   0.00000   0.00000   0.6720294E-02
  1431  1.321745915866572E+07   9.993729  3.877808  4.381986  0.7194894E+00  0.2664276E+00  3.9987688E-05  2.2381664E-03  7.2812288E-05  1.1339078E-03  6.3585464E-03  4.3275601E-06  1.3133804E-05  2.1084332E-03  1.7053625E-04  0.2734    4.381986  -9.107  0.993239  7.529045  0.4701547E+00  0.5161880E+00  1.1174294E-07  5.4946930E-05  1.4891670E-05  9.0118704E-03  3.5333716E-04  1.8252764E-06  1.2798185E-09  2.1084332E-03  1.7053625E-04  4.913E-10  1.049E-16  2.688E+11  1.676E+12  6.398E+01  1.810E+06  0.56058555  5.721E-05  7.784E-05  9.482E-01  0.000E+00  0.000E+00  1.050E+00  428    2.7410  9.44E-03 2.8990E+01 4.9713E+01    5.13E+02 0.00E+00 2.02E+02  0.560713  0.019961 5.13E+02 0.00E+00 2.02E+02  0.560586  0.019962  0.0000000E+00  0.0000000E+00  6.1031502E-07  1.1163010E-01  7.3346987E-02  2.4331897E-04 -1.3188411E-01  6.3151974E-02  6.7808709E-03 0.000 0.276 1.000 1.000 1.000 1.000 1.000 1.000 1.000 1.000 1.000 1.000 1.000 1.000 1.000 1.000 1.000 1.000 1.000 1.000 1.000 1.000 1.000 1.000 1.000 1.000 1.000 1.000 1.000 1.000 1.000 1.000 1.000 1.000 1.000 1.000 1.000 1.000 1.000 1.000  8.3608127519E-02   0.65302   1.00000   0.00000   0.00000   0.6687322E-02
  1442  1.330874514246826E+07   9.993658  3.879304  4.381759  0.7194737E+00  0.2664426E+00  3.9913608E-05  2.2321686E-03  7.3294169E-05  1.1418454E-03  6.3568840E-03  4.3591896E-06  1.3108059E-05  2.1084332E-03  1.7053625E-04  0.2726    4.381759  -9.103  0.993498  7.529335  0.4676775E+00  0.5186658E+00  1.0908070E-07  5.5030864E-05  1.4912946E-05  9.0160945E-03  3.4840038E-04  1.7946840E-06  1.2602750E-09  2.1084332E-03  1.7053625E-04  4.904E-10  1.049E-16  2.686E+11  1.675E+12  6.393E+01  1.809E+06  0.56105876  5.702E-05  7.775E-05  9.481E-01  0.000E+00  0.000E+00  1.050E+00  429    2.7187  9.44E-03 2.8961E+01 4.9661E+01    5.13E+02 0.00E+00 2.02E+02  0.561280  0.020031 5.13E+02 0.00E+00 2.02E+02  0.561059  0.020031  0.0000000E+00  0.0000000E+00  6.1742280E-07  1.1192357E-01  7.3328364E-02  2.4258023E-04 -1.3175612E-01  6.3078773E-02  6.7951777E-03 0.000 0.274 1.000 1.000 1.000 1.000 1.000 1.000 1.000 1.000 1.000 1.000 1.000 1.000 1.000 1.000 1.000 1.000 1.000 1.000 1.000 1.000 1.000 1.000 1.000 1.000 1.000 1.000 1.000 1.000 1.000 1.000 1.000 1.000 1.000 1.000 1.000 1.000 1.000 1.000  8.3601371674E-02   0.64955   1.00000   0.00000   0.00000   0.6653073E-02
  1453  1.340003112627080E+07   9.993585  3.880768  4.381561  0.7194562E+00  0.2664594E+00  3.9832739E-05  2.2256133E-03  7.3813904E-05  1.1505456E-03  6.3550472E-03  4.3936914E-06  1.3079887E-05  2.1084332E-03  1.7053625E-04  0.2719    4.381561  -9.100  0.993684  7.529612  0.4653861E+00  0.5209575E+00  1.0762700E-07  5.5080264E-05  1.4926914E-05  9.0183341E-03  3.4577407E-04  1.7773160E-06  1.2499581E-09  2.1084332E-03  1.7053625E-04  4.893E-10  1.048E-16  2.673E+11  1.671E+12  6.361E+01  1.805E+06  0.56161151  5.687E-05  7.760E-05  9.480E-01  0.000E+00  0.000E+00  1.050E+00  429    2.7187  9.44E-03 2.8918E+01 4.9641E+01    5.12E+02 0.00E+00 2.02E+02  0.561542  0.020098 5.12E+02 0.00E+00 2.02E+02  0.561612  0.020099  0.0000000E+00  0.0000000E+00  6.2381934E-07  1.1219959E-01  7.3308140E-02  2.4187548E-04 -1.3163573E-01  6.3009322E-02  6.8098602E-03 0.000 0.274 1.000 1.000 1.000 1.000 1.000 1.000 1.000 1.000 1.000 1.000 1.000 1.000 1.000 1.000 1.000 1.000 1.000 1.000 1.000 1.000 1.000 1.000 1.000 1.000 1.000 1.000 1.000 1.000 1.000 1.000 1.000 1.000 1.000 1.000 1.000 1.000 1.000 1.000  8.3594541222E-02   0.64637   1.00000   0.00000   0.00000   0.6621373E-02
  1464  1.349131711007334E+07   9.993512  3.882235  4.381357  0.7194396E+00  0.2664753E+00  3.9757757E-05  2.2195280E-03  7.4290197E-05  1.1586447E-03  6.3533240E-03  4.4256580E-06  1.3053704E-05  2.1084332E-03  1.7053625E-04  0.2713    4.381357  -9.096  0.993861  7.529887  0.4631594E+00  0.5231845E+00  1.0618671E-07  5.5125490E-05  1.4939768E-05  9.0197635E-03  3.4407644E-04  1.7645399E-06  1.2431415E-09  2.1084332E-03  1.7053625E-04  4.877E-10  1.046E-16  2.659E+11  1.667E+12  6.329E+01  1.801E+06  0.56185709  5.667E-05  7.747E-05  9.480E-01  0.000E+00  0.000E+00  1.050E+00  431    2.7187  9.44E-03 2.8879E+01 4.9596E+01    5.11E+02 0.00E+00 2.02E+02  0.562104  0.020167 5.11E+02 0.00E+00 2.02E+02  0.561857  0.020167  0.0000000E+00  0.0000000E+00  6.3086317E-07  1.1247115E-01  7.3292061E-02  2.4120184E-04 -1.3151838E-01  6.2941292E-02  6.8246432E-03 0.000 0.274 1.000 1.000 1.000 1.000 1.000 1.000 1.000 1.000 1.000 1.000 1.000 1.000 1.000 1.000 1.000 1.000 1.000 1.000 1.000 1.000 1.000 1.000 1.000 1.000 1.000 1.000 1.000 1.000 1.000 1.000 1.000 1.000 1.000 1.000 1.000 1.000 1.000 1.000  8.3587635707E-02   0.64328   1.00000   0.00000   0.00000   0.6588275E-02
  1475  1.358260309387589E+07   9.993439  3.883716  4.381162  0.7194224E+00  0.2664918E+00  3.9681466E-05  2.2133300E-03  7.4769333E-05  1.1669157E-03  6.3515511E-03  4.4581548E-06  1.3027007E-05  2.1084332E-03  1.7053625E-04  0.2710    4.381162  -9.092  0.994037  7.530162  0.4609650E+00  0.5253790E+00  1.0466145E-07  5.5170402E-05  1.4952356E-05  9.0207168E-03  3.4292106E-04  1.7544087E-06  1.2383501E-09  2.1084332E-03  1.7053625E-04  4.863E-10  1.045E-16  2.645E+11  1.662E+12  6.295E+01  1.795E+06  0.56245136  5.652E-05  7.731E-05  9.478E-01  0.000E+00  0.000E+00  1.050E+00  431    2.7187  9.44E-03 2.8830E+01 4.9574E+01    5.11E+02 0.00E+00 2.02E+02  0.562617  0.020235 5.11E+02 0.00E+00 2.02E+02  0.562451  0.020235  0.0000000E+00  0.0000000E+00  6.3785887E-07  1.1274055E-01  7.3271678E-02  2.4051386E-04 -1.3140276E-01  6.2874088E-02  6.8395410E-03 0.000 0.274 1.000 1.000 1.000 1.000 1.000 1.000 1.000 1.000 1.000 1.000 1.000 1.000 1.000 1.000 1.000 1.000 1.000 1.000 1.000 1.000 1.000 1.000 1.000 1.000 1.000 1.000 1.000 1.000 1.000 1.000 1.000 1.000 1.000 1.000 1.000 1.000 1.000 1.000  8.3580654211E-02   0.64023   1.00000   0.00000   0.00000   0.6555861E-02
  1486  1.366973971477831E+07   9.993368  3.885123  4.380947  0.7194038E+00  0.2665097E+00  3.9600701E-05  2.2067622E-03  7.5270621E-05  1.1757044E-03  6.3496527E-03  4.4925231E-06  1.2998684E-05  2.1084332E-03  1.7053625E-04  0.2705    4.380947  -9.088  0.994108  7.530393  0.4589236E+00  0.5274205E+00  1.0131637E-07  5.5355793E-05  1.5008221E-05  9.0207926E-03  3.4253801E-04  1.7337211E-06  1.2358553E-09  2.1084332E-03  1.7053625E-04  4.766E-10  1.024E-16  2.590E+11  1.624E+12  6.165E+01  1.754E+06  0.56294569  5.635E-05  7.717E-05  9.477E-01  0.000E+00  0.000E+00  1.050E+00  432    2.7187  9.44E-03 2.8789E+01 4.9528E+01    5.10E+02 0.00E+00 2.02E+02  0.563163  0.020301 5.10E+02 0.00E+00 2.02E+02  0.562946  0.020301  0.0000000E+00  0.0000000E+00  5.8030023E-07  1.1301028E-01  7.3253536E-02  2.3983547E-04 -1.3128564E-01  6.2806693E-02  6.8533830E-03 0.000 0.274 1.000 1.000 1.000 1.000 1.000 1.000 1.000 1.000 1.000 1.000 1.000 1.000 1.000 1.000 1.000 1.000 1.000 1.000 1.000 1.000 1.000 1.000 1.000 1.000 1.000 1.000 1.000 1.000 1.000 1.000 1.000 1.000 1.000 1.000 1.000 1.000 1.000 1.000  8.3573918207E-02   0.63738   1.00000   0.00000   0.00000   0.6523468E-02
  1498  1.375936595342080E+07   9.993295  3.886594  4.380755  0.7193800E+00  0.2665326E+00  3.9499802E-05  2.1985487E-03  7.5888695E-05  1.1867287E-03  6.3472512E-03  4.5354076E-06  1.2963218E-05  2.1084332E-03  1.7053625E-04  0.2700    4.380755  -9.085  0.994270  7.530660  0.4568532E+00  0.5294909E+00  9.9715099E-08  5.5400053E-05  1.5021333E-05  9.0207190E-03  3.4255549E-04  1.7246423E-06  1.2321246E-09  2.1084332E-03  1.7053625E-04  4.712E-10  1.014E-16  2.569E+11  1.612E+12  6.114E+01  1.741E+06  0.56349235  5.619E-05  7.702E-05  9.476E-01  0.000E+00  0.000E+00  1.050E+00  428    2.7382  9.44E-03 2.8740E+01 4.9489E+01    5.09E+02 0.00E+00 2.02E+02  0.563590  0.020370 5.09E+02 0.00E+00 2.02E+02  0.563492  0.020370  0.0000000E+00  0.0000000E+00  5.8660858E-07  1.1326884E-01  7.3234035E-02  2.3917568E-04 -1.3117623E-01  6.2742656E-02  6.8682121E-03 0.000 0.274 1.000 1.000 1.000 1.000 1.000 1.000 1.000 1.000 1.000 1.000 1.000 1.000 1.000 1.000 1.000 1.000 1.000 1.000 1.000 1.000 1.000 1.000 1.000 1.000 1.000 1.000 1.000 1.000 1.000 1.000 1.000 1.000 1.000 1.000 1.000 1.000 1.000 1.000  8.3566914533E-02   0.63451   1.00000   0.00000   0.00000   0.6491197E-02
  1510  1.384899219206329E+07   9.993220  3.888126  4.380517  0.7193557E+00  0.2665559E+00  3.9399692E-05  2.1903905E-03  7.6493203E-05  1.1977151E-03  6.3448360E-03  4.5778991E-06  1.2927941E-05  2.1084332E-03  1.7053625E-04  0.2695    4.380517  -9.081  0.994611  7.530954  0.4544051E+00  0.5319396E+00  9.6181101E-08  5.5507358E-05  1.5047676E-05  9.0241446E-03  3.3849016E-04  1.6979784E-06  1.2156303E-09  2.1084332E-03  1.7053625E-04  4.618E-10  9.957E-17  2.535E+11  1.578E+12  6.033E+01  1.704E+06  0.56403092  5.601E-05  7.690E-05  9.475E-01  0.000E+00  0.000E+00  1.051E+00  430    2.6964  9.44E-03 2.8702E+01 4.9445E+01    5.09E+02 0.00E+00 2.02E+02  0.564142  0.020442 5.09E+02 0.00E+00 2.02E+02  0.564031  0.020442  0.0000000E+00  0.0000000E+00  5.9341067E-07  1.1356596E-01  7.3212982E-02  2.3843495E-04 -1.3105072E-01  6.2670548E-02  6.8827092E-03 0.000 0.272 1.000 1.000 1.000 1.000 1.000 1.000 1.000 1.000 1.000 1.000 1.000 1.000 1.000 1.000 1.000 1.000 1.000 1.000 1.000 1.000 1.000 1.000 1.000 1.000 1.000 1.000 1.000 1.000 1.000 1.000 1.000 1.000 1.000 1.000 1.000 1.000 1.000 1.000  8.3559831084E-02   0.63112   1.00000   0.00000   0.00000   0.6456406E-02
  1522  1.393861843070578E+07   9.993146  3.889598  4.380293  0.7193338E+00  0.2665770E+00  3.9311409E-05  2.1831884E-03  7.7018844E-05  1.2074453E-03  6.3426778E-03  4.6153192E-06  1.2896756E-05  2.1084332E-03  1.7053625E-04  0.2689    4.380293  -9.077  0.994810  7.531234  0.4521506E+00  0.5341943E+00  9.5110350E-08  5.5546629E-05  1.5058767E-05  9.0255945E-03  3.3677824E-04  1.6862136E-06  1.2089277E-09  2.1084332E-03  1.7053625E-04  4.543E-10  9.826E-17  2.526E+11  1.579E+12  6.011E+01  1.705E+06  0.56446863  5.583E-05  7.676E-05  9.474E-01  0.000E+00  0.000E+00  1.051E+00  433    2.6964  9.43E-03 2.8661E+01 4.9408E+01    5.08E+02 0.00E+00 2.02E+02  0.564715  0.020511 5.08E+02 0.00E+00 2.02E+02  0.564469  0.020511  0.0000000E+00  0.0000000E+00  6.0005306E-07  1.1384814E-01  7.3191915E-02  2.3772711E-04 -1.3093118E-01  6.2601358E-02  6.8975982E-03 0.000 0.272 1.000 1.000 1.000 1.000 1.000 1.000 1.000 1.000 1.000 1.000 1.000 1.000 1.000 1.000 1.000 1.000 1.000 1.000 1.000 1.000 1.000 1.000 1.000 1.000 1.000 1.000 1.000 1.000 1.000 1.000 1.000 1.000 1.000 1.000 1.000 1.000 1.000 1.000  8.3552667607E-02   0.62798   1.00000   0.00000   0.00000   0.6423234E-02
  1534  1.402824466934828E+07   9.993070  3.891120  4.380051  0.7193146E+00  0.2665956E+00  3.9235643E-05  2.1770020E-03  7.7464359E-05  1.2158272E-03  6.3408040E-03  4.6473920E-06  1.2869937E-05  2.1084332E-03  1.7053625E-04  0.2685    4.380051  -9.073  0.995137  7.531527  0.4497495E+00  0.5365958E+00  9.1448976E-08  5.5661037E-05  1.5088415E-05  9.0281805E-03  3.3365417E-04  1.6646214E-06  1.1966110E-09  2.1084332E-03  1.7053625E-04  4.504E-10  9.754E-17  2.479E+11  1.537E+12  5.900E+01  1.659E+06  0.56515515  5.567E-05  7.665E-05  9.473E-01  0.000E+00  0.000E+00  1.051E+00  436    2.6741  9.43E-03 2.8622E+01 4.9366E+01    5.07E+02 0.00E+00 2.02E+02  0.565253  0.020583 5.07E+02 0.00E+00 2.02E+02  0.565155  0.020583  0.0000000E+00  0.0000000E+00  6.0692313E-07  1.1414821E-01  7.3170727E-02  2.3698954E-04 -1.3080569E-01  6.2529162E-02  6.9122901E-03 0.000 0.269 1.000 1.000 1.000 1.000 1.000 1.000 1.000 1.000 1.000 1.000 1.000 1.000 1.000 1.000 1.000 1.000 1.000 1.000 1.000 1.000 1.000 1.000 1.000 1.000 1.000 1.000 1.000 1.000 1.000 1.000 1.000 1.000 1.000 1.000 1.000 1.000 1.000 1.000  8.3545421611E-02   0.62465   1.00000   0.00000   0.00000   0.6388932E-02
  1546  1.411787090799077E+07   9.992994  3.892613  4.379810  0.7192893E+00  0.2666200E+00  3.9138364E-05  2.1690533E-03  7.8028812E-05  1.2266292E-03  6.3383694E-03  4.6885058E-06  1.2835432E-05  2.1084332E-03  1.7053625E-04  0.2677    4.379810  -9.069  0.995389  7.531823  0.4473159E+00  0.5390299E+00  9.0583580E-08  5.5701824E-05  1.5099434E-05  9.0310519E-03  3.3032356E-04  1.6444637E-06  1.1833336E-09  2.1084332E-03  1.7053625E-04  4.498E-10  9.753E-17  2.475E+11  1.539E+12  5.891E+01  1.662E+06  0.56565469  5.549E-05  7.652E-05  9.472E-01  0.000E+00  0.000E+00  1.051E+00  435    2.6741  9.43E-03 2.8587E+01 4.9329E+01    5.07E+02 0.00E+00 2.02E+02  0.565767  0.020654 5.07E+02 0.00E+00 2.02E+02  0.565655  0.020654  0.0000000E+00  0.0000000E+00  6.1370835E-07  1.1445122E-01  7.3150116E-02  2.3625402E-04 -1.3067770E-01  6.2455626E-02  6.9272716E-03 0.000 0.269 1.000 1.000 1.000 1.000 1.000 1.000 1.000 1.000 1.000 1.000 1.000 1.000 1.000 1.000 1.000 1.000 1.000 1.000 1.000 1.000 1.000 1.000 1.000 1.000 1.000 1.000 1.000 1.000 1.000 1.000 1.000 1.000 1.000 1.000 1.000 1.000 1.000 1.000  8.3538094441E-02   0.62127   1.00000   0.00000   0.00000   0.6355853E-02
  1558  1.420749714663326E+07   9.992917  3.894097  4.379579  0.7192675E+00  0.2666410E+00  3.9056484E-05  2.1623573E-03  7.8497579E-05  1.2357562E-03  6.3362953E-03  4.7230572E-06  1.2806329E-05  2.1084332E-03  1.7053625E-04  0.2671    4.379579  -9.066  0.995609  7.532111  0.4450038E+00  0.5413422E+00  8.9399128E-08  5.5747611E-05  1.5112483E-05  9.0326159E-03  3.2847096E-04  1.6317676E-06  1.1760038E-09  2.1084332E-03  1.7053625E-04  4.493E-10  9.756E-17  2.464E+11  1.536E+12  5.863E+01  1.659E+06  0.56610171  5.531E-05  7.638E-05  9.471E-01  0.000E+00  0.000E+00  1.051E+00  435    2.6741  9.43E-03 2.8546E+01 4.9297E+01    5.06E+02 0.00E+00 2.02E+02  0.566315  0.020724 5.06E+02 0.00E+00 2.02E+02  0.566102  0.020724  0.0000000E+00  0.0000000E+00  6.2062142E-07  1.1474402E-01  7.3128310E-02  2.3553517E-04 -1.3055508E-01  6.2384761E-02  6.9424178E-03 0.000 0.269 1.000 1.000 1.000 1.000 1.000 1.000 1.000 1.000 1.000 1.000 1.000 1.000 1.000 1.000 1.000 1.000 1.000 1.000 1.000 1.000 1.000 1.000 1.000 1.000 1.000 1.000 1.000 1.000 1.000 1.000 1.000 1.000 1.000 1.000 1.000 1.000 1.000 1.000  8.3530686205E-02   0.61806   1.00000   0.00000   0.00000   0.6322932E-02
  1570  1.429712338527575E+07   9.992840  3.895603  4.379373  0.7192469E+00  0.2666610E+00  3.8980383E-05  2.1561297E-03  7.8927864E-05  1.2442687E-03  6.3343461E-03  4.7551207E-06  1.2779228E-05  2.1084332E-03  1.7053625E-04  0.2665    4.379373  -9.062  0.995798  7.532391  0.4428819E+00  0.5434640E+00  8.8819139E-08  5.5767805E-05  1.5119155E-05  9.0323067E-03  3.2879027E-04  1.6306023E-06  1.1769569E-09  2.1084332E-03  1.7053625E-04  4.504E-10  9.795E-17  2.457E+11  1.541E+12  5.848E+01  1.664E+06  0.56662782  5.514E-05  7.622E-05  9.470E-01  0.000E+00  0.000E+00  1.051E+00  441    2.6741  9.43E-03 2.8499E+01 4.9265E+01    5.05E+02 0.00E+00 2.02E+02  0.566830  0.020796 5.05E+02 0.00E+00 2.02E+02  0.566628  0.020796  0.0000000E+00  0.0000000E+00  6.2765682E-07  1.1501925E-01  7.3108504E-02  2.3486411E-04 -1.3044185E-01  6.2318499E-02  6.9577446E-03 0.000 0.270 1.000 1.000 1.000 1.000 1.000 1.000 1.000 1.000 1.000 1.000 1.000 1.000 1.000 1.000 1.000 1.000 1.000 1.000 1.000 1.000 1.000 1.000 1.000 1.000 1.000 1.000 1.000 1.000 1.000 1.000 1.000 1.000 1.000 1.000 1.000 1.000 1.000 1.000  8.3523194534E-02   0.61513   1.00000   0.00000   0.00000   0.6290539E-02
  1582  1.438674962391824E+07   9.992762  3.897100  4.379170  0.7192200E+00  0.2666870E+00  3.8883458E-05  2.1481936E-03  7.9468704E-05  1.2551480E-03  6.3318354E-03  4.7958838E-06  1.2744649E-05  2.1084332E-03  1.7053625E-04  0.2662    4.379170  -9.058  0.995989  7.532671  0.4407372E+00  0.5456087E+00  8.6400580E-08  5.5839781E-05  1.5139068E-05  9.0319952E-03  3.2902989E-04  1.6263674E-06  1.1771686E-09  2.1084332E-03  1.7053625E-04  4.447E-10  9.702E-17  2.428E+11  1.520E+12  5.778E+01  1.641E+06  0.56713214  5.498E-05  7.606E-05  9.469E-01  0.000E+00  0.000E+00  1.051E+00  440    2.6741  9.43E-03 2.8445E+01 4.9228E+01    5.05E+02 0.00E+00 2.02E+02  0.567224  0.020868 5.05E+02 0.00E+00 2.02E+02  0.567132  0.020868  0.0000000E+00  0.0000000E+00  6.3451720E-07  1.1529613E-01  7.3088739E-02  2.3418868E-04 -1.3032803E-01  6.2251984E-02  6.9731425E-03 0.000 0.270 1.000 1.000 1.000 1.000 1.000 1.000 1.000 1.000 1.000 1.000 1.000 1.000 1.000 1.000 1.000 1.000 1.000 1.000 1.000 1.000 1.000 1.000 1.000 1.000 1.000 1.000 1.000 1.000 1.000 1.000 1.000 1.000 1.000 1.000 1.000 1.000 1.000 1.000  8.3515618253E-02   0.61213   1.00000   0.00000   0.00000   0.6259002E-02
  1594  1.447637586256073E+07   9.992683  3.898618  4.378951  0.7191927E+00  0.2667134E+00  3.8787752E-05  2.1403524E-03  7.9994942E-05  1.2659322E-03  6.3293247E-03  4.8360527E-06  1.2710436E-05  2.1084332E-03  1.7053625E-04  0.2657    4.378951  -9.054  0.996209  7.532961  0.4385080E+00  0.5478380E+00  8.5488646E-08  5.5871490E-05  1.5147673E-05  9.0324702E-03  3.2844027E-04  1.6199108E-06  1.1740990E-09  2.1084332E-03  1.7053625E-04  4.422E-10  9.661E-17  2.420E+11  1.519E+12  5.759E+01  1.641E+06  0.56769319  5.481E-05  7.592E-05  9.467E-01  0.000E+00  0.000E+00  1.051E+00  444    2.6741  9.43E-03 2.8401E+01 4.9185E+01    5.04E+02 0.00E+00 2.02E+02  0.567777  0.020941 5.04E+02 0.00E+00 2.01E+02  0.567693  0.020941  0.0000000E+00  0.0000000E+00  6.4181489E-07  1.1558541E-01  7.3067538E-02  2.3348525E-04 -1.3020949E-01  6.2182967E-02  6.9886276E-03 0.000 0.270 1.000 1.000 1.000 1.000 1.000 1.000 1.000 1.000 1.000 1.000 1.000 1.000 1.000 1.000 1.000 1.000 1.000 1.000 1.000 1.000 1.000 1.000 1.000 1.000 1.000 1.000 1.000 1.000 1.000 1.000 1.000 1.000 1.000 1.000 1.000 1.000 1.000 1.000  8.3507956528E-02   0.60905   1.00000   0.00000   0.00000   0.6226459E-02
  1606  1.456600210120322E+07   9.992604  3.900171  4.378714  0.7191643E+00  0.2667409E+00  3.8690253E-05  2.1323598E-03  8.0523391E-05  1.2769593E-03  6.3267359E-03  4.8768902E-06  1.2675515E-05  2.1084332E-03  1.7053625E-04  0.2650    4.378714  -9.050  0.996503  7.533270  0.4360547E+00  0.5502917E+00  8.0398728E-08  5.6038024E-05  1.5189366E-05  9.0346751E-03  3.2566648E-04  1.5993563E-06  1.1637126E-09  2.1084332E-03  1.7053625E-04  4.308E-10  9.429E-17  2.397E+11  1.498E+12  5.704E+01  1.618E+06  0.56822486  5.463E-05  7.578E-05  9.466E-01  0.000E+00  0.000E+00  1.052E+00  437    2.6291  9.43E-03 2.8355E+01 4.9143E+01    5.03E+02 0.00E+00 2.01E+02  0.568358  0.021016 5.03E+02 0.00E+00 2.01E+02  0.568225  0.021015  0.0000000E+00  0.0000000E+00  6.4936986E-07  1.1589202E-01  7.3046053E-02  2.3275210E-04 -1.3008535E-01  6.2111236E-02  7.0039318E-03 0.000 0.268 1.000 1.000 1.000 1.000 1.000 1.000 1.000 1.000 1.000 1.000 1.000 1.000 1.000 1.000 1.000 1.000 1.000 1.000 1.000 1.000 1.000 1.000 1.000 1.000 1.000 1.000 1.000 1.000 1.000 1.000 1.000 1.000 1.000 1.000 1.000 1.000 1.000 1.000  8.3500205537E-02   0.60566   1.00000   0.00000   0.00000   0.6193309E-02
  1618  1.465562833984572E+07   9.992524  3.901696  4.378437  0.7191385E+00  0.2667660E+00  3.8603759E-05  2.1252655E-03  8.0985470E-05  1.2867777E-03  6.3244113E-03  4.9130413E-06  1.2644477E-05  2.1084332E-03  1.7053625E-04  0.2644    4.378437  -9.046  0.996851  7.533579  0.4335001E+00  0.5528468E+00  8.1193526E-08  5.6030033E-05  1.5188226E-05  9.0378878E-03  3.2202636E-04  1.5785152E-06  1.1481993E-09  2.1084332E-03  1.7053625E-04  4.259E-10  9.335E-17  2.381E+11  1.485E+12  5.668E+01  1.604E+06  0.56880461  5.445E-05  7.566E-05  9.465E-01  0.000E+00  0.000E+00  1.052E+00  447    2.6544  9.43E-03 2.8321E+01 4.9096E+01    5.03E+02 0.00E+00 2.01E+02  0.569017  0.021090 5.03E+02 0.00E+00 2.01E+02  0.568805  0.021089  0.0000000E+00  0.0000000E+00  6.5696246E-07  1.1622377E-01  7.3022468E-02  2.3196249E-04 -1.2994743E-01  6.2032395E-02  7.0192910E-03 0.000 0.266 1.000 1.000 1.000 1.000 1.000 1.000 1.000 1.000 1.000 1.000 1.000 1.000 1.000 1.000 1.000 1.000 1.000 1.000 1.000 1.000 1.000 1.000 1.000 1.000 1.000 1.000 1.000 1.000 1.000 1.000 1.000 1.000 1.000 1.000 1.000 1.000 1.000 1.000  8.3492364757E-02   0.60207   1.00000   0.00000   0.00000   0.6158977E-02
  1630  1.474525457848821E+07   9.992443  3.903215  4.378182  0.7191152E+00  0.2667886E+00  3.8527193E-05  2.1189827E-03  8.1389129E-05  1.2954982E-03  6.3223310E-03  4.9449792E-06  1.2616955E-05  2.1084332E-03  1.7053625E-04  0.2637    4.378182  -9.043  0.997086  7.533883  0.4310382E+00  0.5553090E+00  7.7762924E-08  5.6151288E-05  1.5218335E-05  9.0398806E-03  3.1956568E-04  1.5622449E-06  1.1402653E-09  2.1084332E-03  1.7053625E-04  4.365E-10  9.581E-17  2.383E+11  1.496E+12  5.671E+01  1.616E+06  0.56936704  5.427E-05  7.553E-05  9.464E-01  0.000E+00  0.000E+00  1.052E+00  447    2.6129  9.43E-03 2.8284E+01 4.9058E+01    5.02E+02 0.00E+00 2.01E+02  0.569565  0.021164 5.02E+02 0.00E+00 2.01E+02  0.569367  0.021163  0.0000000E+00  0.0000000E+00  6.6454691E-07  1.1653893E-01  7.2999855E-02  2.3121862E-04 -1.2981999E-01  6.1959008E-02  7.0346727E-03 0.000 0.266 1.000 1.000 1.000 1.000 1.000 1.000 1.000 1.000 1.000 1.000 1.000 1.000 1.000 1.000 1.000 1.000 1.000 1.000 1.000 1.000 1.000 1.000 1.000 1.000 1.000 1.000 1.000 1.000 1.000 1.000 1.000 1.000 1.000 1.000 1.000 1.000 1.000 1.000  8.3484432880E-02   0.59876   1.00000   0.00000   0.00000   0.6126147E-02
  1642  1.483488081713070E+07   9.992361  3.904818  4.377968  0.7190899E+00  0.2668132E+00  3.8445961E-05  2.1123150E-03  8.1812031E-05  1.3047779E-03  6.3201014E-03  4.9787945E-06  1.2587713E-05  2.1084332E-03  1.7053625E-04  0.2634    4.377968  -9.039  0.997388  7.534167  0.4289760E+00  0.5573710E+00  7.9433514E-08  5.6099886E-05  1.5209166E-05  9.0384921E-03  3.2122593E-04  1.5688157E-06  1.1449838E-09  2.1084332E-03  1.7053625E-04  4.220E-10  9.293E-17  2.359E+11  1.484E+12  5.615E+01  1.602E+06  0.56991964  5.410E-05  7.536E-05  9.463E-01  0.000E+00  0.000E+00  1.052E+00  448    2.6372  9.43E-03 2.8233E+01 4.9029E+01    5.01E+02 0.00E+00 2.01E+02  0.570129  0.021242 5.01E+02 0.00E+00 2.01E+02  0.569920  0.021241  0.0000000E+00  0.0000000E+00  6.7247414E-07  1.1682832E-01  7.2978331E-02  2.3053100E-04 -1.2970491E-01  6.1891372E-02  7.0505296E-03 0.000 0.269 1.000 1.000 1.000 1.000 1.000 1.000 1.000 1.000 1.000 1.000 1.000 1.000 1.000 1.000 1.000 1.000 1.000 1.000 1.000 1.000 1.000 1.000 1.000 1.000 1.000 1.000 1.000 1.000 1.000 1.000 1.000 1.000 1.000 1.000 1.000 1.000 1.000 1.000  8.3476407853E-02   0.59587   1.00000   0.00000   0.00000   0.6092550E-02
  1654  1.492450705577319E+07   9.992279  3.906334  4.377730  0.7190626E+00  0.2668397E+00  3.8360215E-05  2.1052747E-03  8.2252441E-05  1.3146043E-03  6.3177224E-03  5.0144095E-06  1.2556798E-05  2.1084332E-03  1.7053625E-04  0.2628    4.377730  -9.035  0.997636  7.534471  0.4266449E+00  0.5597022E+00  7.6834889E-08  5.6189802E-05  1.5233105E-05  9.0391573E-03  3.2032638E-04  1.5582960E-06  1.1405715E-09  2.1084332E-03  1.7053625E-04  4.087E-10  9.012E-17  2.323E+11  1.452E+12  5.529E+01  1.568E+06  0.57042883  5.392E-05  7.521E-05  9.462E-01  0.000E+00  0.000E+00  1.052E+00  446    2.6372  9.43E-03 2.8183E+01 4.8986E+01    5.00E+02 0.00E+00 2.01E+02  0.570662  0.021316 5.00E+02 0.00E+00 2.01E+02  0.570429  0.021315  0.0000000E+00  0.0000000E+00  6.8011013E-07  1.1713472E-01  7.2957055E-02  2.2981193E-04 -1.2958117E-01  6.1819586E-02  7.0664105E-03 0.000 0.267 1.000 1.000 1.000 1.000 1.000 1.000 1.000 1.000 1.000 1.000 1.000 1.000 1.000 1.000 1.000 1.000 1.000 1.000 1.000 1.000 1.000 1.000 1.000 1.000 1.000 1.000 1.000 1.000 1.000 1.000 1.000 1.000 1.000 1.000 1.000 1.000 1.000 1.000  8.3468290051E-02   0.59256   1.00000   0.00000   0.00000   0.6060478E-02
  1666  1.501413329441568E+07   9.992195  3.907954  4.377458  0.7190309E+00  0.2668706E+00  3.8262679E-05  2.0972646E-03  8.2746020E-05  1.3258196E-03  6.3149849E-03  5.0548184E-06  1.2521576E-05  2.1084332E-03  1.7053625E-04  0.2623    4.377458  -9.031  0.998075  7.534798  0.4240213E+00  0.5623263E+00  7.4254895E-08  5.6291570E-05  1.5258441E-05  9.0422311E-03  3.1666851E-04  1.5350887E-06  1.1263269E-09  2.1084332E-03  1.7053625E-04  4.135E-10  9.135E-17  2.290E+11  1.420E+12  5.450E+01  1.534E+06  0.57102523  5.373E-05  7.510E-05  9.460E-01  0.000E+00  0.000E+00  1.052E+00  448    2.6129  9.43E-03 2.8146E+01 4.8938E+01    5.00E+02 0.00E+00 2.01E+02  0.571161  0.021395 5.00E+02 0.00E+00 2.01E+02  0.571025  0.021395  0.0000000E+00  0.0000000E+00  6.8820688E-07  1.1747862E-01  7.2934839E-02  2.2902622E-04 -1.2944404E-01  6.1741007E-02  7.0819815E-03 0.000 0.264 1.000 1.000 1.000 1.000 1.000 1.000 1.000 1.000 1.000 1.000 1.000 1.000 1.000 1.000 1.000 1.000 1.000 1.000 1.000 1.000 1.000 1.000 1.000 1.000 1.000 1.000 1.000 1.000 1.000 1.000 1.000 1.000 1.000 1.000 1.000 1.000 1.000 1.000  8.3460077111E-02   0.58891   1.00000   0.00000   0.00000   0.6026457E-02
  1678  1.510375953305817E+07   9.992112  3.909498  4.377191  0.7190042E+00  0.2668966E+00  3.8182343E-05  2.0906653E-03  8.3146934E-05  1.3350869E-03  6.3127054E-03  5.0880226E-06  1.2492521E-05  2.1084332E-03  1.7053625E-04  0.2616    4.377191  -9.027  0.998357  7.535111  0.4215482E+00  0.5647996E+00  7.3270077E-08  5.6337477E-05  1.5271357E-05  9.0438978E-03  3.1469841E-04  1.5224766E-06  1.1186314E-09  2.1084332E-03  1.7053625E-04  4.135E-10  9.149E-17  2.279E+11  1.418E+12  5.424E+01  1.532E+06  0.57158594  5.355E-05  7.496E-05  9.459E-01  0.000E+00  0.000E+00  1.052E+00  453    2.6129  9.43E-03 2.8105E+01 4.8899E+01    4.99E+02 0.00E+00 2.01E+02  0.571831  0.021471 4.99E+02 0.00E+00 2.01E+02  0.571586  0.021471  0.0000000E+00  0.0000000E+00  6.9637248E-07  1.1780965E-01  7.2911584E-02  2.2826247E-04 -1.2931111E-01  6.1664453E-02  7.0979600E-03 0.000 0.264 1.000 1.000 1.000 1.000 1.000 1.000 1.000 1.000 1.000 1.000 1.000 1.000 1.000 1.000 1.000 1.000 1.000 1.000 1.000 1.000 1.000 1.000 1.000 1.000 1.000 1.000 1.000 1.000 1.000 1.000 1.000 1.000 1.000 1.000 1.000 1.000 1.000 1.000  8.3451766731E-02   0.58548   1.00000   0.00000   0.00000   0.5993252E-02
  1690  1.519338577170066E+07   9.992027  3.910994  4.376963  0.7189751E+00  0.2669249E+00  3.8096657E-05  2.0836255E-03  8.3568865E-05  1.3450004E-03  6.3102492E-03  5.1233534E-06  1.2461489E-05  2.1084332E-03  1.7053625E-04  0.2611    4.376963  -9.023  0.998487  7.535404  0.4193682E+00  0.5669796E+00  7.2651004E-08  5.6360346E-05  1.5279131E-05  9.0429794E-03  3.1570553E-04  1.5250632E-06  1.1222204E-09  2.1084332E-03  1.7053625E-04  4.119E-10  9.125E-17  2.264E+11  1.414E+12  5.389E+01  1.527E+06  0.57215305  5.339E-05  7.478E-05  9.458E-01  0.000E+00  0.000E+00  1.052E+00  445    2.6318  9.43E-03 2.8057E+01 4.8865E+01    4.98E+02 0.00E+00 2.01E+02  0.572369  0.021544 4.98E+02 0.00E+00 2.01E+02  0.572153  0.021545  0.0000000E+00  0.0000000E+00  7.0416394E-07  1.1810710E-01  7.2889372E-02  2.2756677E-04 -1.2919188E-01  6.1594681E-02  7.1143855E-03 0.000 0.264 1.000 1.000 1.000 1.000 1.000 1.000 1.000 1.000 1.000 1.000 1.000 1.000 1.000 1.000 1.000 1.000 1.000 1.000 1.000 1.000 1.000 1.000 1.000 1.000 1.000 1.000 1.000 1.000 1.000 1.000 1.000 1.000 1.000 1.000 1.000 1.000 1.000 1.000  8.3443360056E-02   0.58246   1.00000   0.00000   0.00000   0.5962310E-02
  1702  1.528301201034315E+07   9.991941  3.912644  4.376723  0.7189430E+00  0.2669563E+00  3.8004094E-05  2.0760200E-03  8.4018126E-05  1.3557425E-03  6.3075671E-03  5.1614188E-06  1.2427920E-05  2.1084332E-03  1.7053625E-04  0.2608    4.376723  -9.019  0.998819  7.535710  0.4171265E+00  0.5692211E+00  7.1890390E-08  5.6386225E-05  1.5286564E-05  9.0424015E-03  3.1632259E-04  1.5247786E-06  1.1238011E-09  2.1084332E-03  1.7053625E-04  4.071E-10  9.051E-17  2.289E+11  1.447E+12  5.447E+01  1.563E+06  0.57272200  5.321E-05  7.464E-05  9.457E-01  0.000E+00  0.000E+00  1.053E+00  451    2.6079  9.43E-03 2.8011E+01 4.8823E+01    4.98E+02 0.00E+00 2.01E+02  0.572943  0.021627 4.98E+02 0.00E+00 2.01E+02  0.572722  0.021626  0.0000000E+00  0.0000000E+00  7.1295184E-07  1.1841732E-01  7.2865902E-02  2.2684881E-04 -1.2907337E-01  6.1525543E-02  7.1302375E-03 0.000 0.267 1.000 1.000 1.000 1.000 1.000 1.000 1.000 1.000 1.000 1.000 1.000 1.000 1.000 1.000 1.000 1.000 1.000 1.000 1.000 1.000 1.000 1.000 1.000 1.000 1.000 1.000 1.000 1.000 1.000 1.000 1.000 1.000 1.000 1.000 1.000 1.000 1.000 1.000  8.3434855070E-02   0.57939   1.00000   0.00000   0.00000   0.5927970E-02
  1714  1.537263824898565E+07   9.991855  3.914193  4.376472  0.7189063E+00  0.2669920E+00  3.7901005E-05  2.0675494E-03  8.4510529E-05  1.3677463E-03  6.3045446E-03  5.2036857E-06  1.2390477E-05  2.1084332E-03  1.7053625E-04  0.2602    4.376472  -9.015  0.999141  7.536025  0.4147442E+00  0.5716036E+00  6.9905188E-08  5.6462402E-05  1.5306859E-05  9.0429532E-03  3.1557431E-04  1.5155669E-06  1.1197425E-09  2.1084332E-03  1.7053625E-04  3.994E-10  8.897E-17  2.240E+11  1.403E+12  5.330E+01  1.515E+06  0.57317148  5.302E-05  7.449E-05  9.456E-01  0.000E+00  0.000E+00  1.053E+00  450    2.6079  9.43E-03 2.7958E+01 4.8780E+01    4.97E+02 0.00E+00 2.01E+02  0.573444  0.021704 4.97E+02 0.00E+00 2.01E+02  0.573171  0.021703  0.0000000E+00  0.0000000E+00  7.2108974E-07  1.1874155E-01  7.2844553E-02  2.2611530E-04 -1.2894567E-01  6.1451341E-02  7.1465203E-03 0.000 0.264 1.000 1.000 1.000 1.000 1.000 1.000 1.000 1.000 1.000 1.000 1.000 1.000 1.000 1.000 1.000 1.000 1.000 1.000 1.000 1.000 1.000 1.000 1.000 1.000 1.000 1.000 1.000 1.000 1.000 1.000 1.000 1.000 1.000 1.000 1.000 1.000 1.000 1.000  8.3426248851E-02   0.57604   1.00000   0.00000   0.00000   0.5897012E-02
  1726  1.545853006101803E+07   9.991772  3.915725  4.376224  0.7188714E+00  0.2670261E+00  3.7805002E-05  2.0596608E-03  8.4961979E-05  1.3789611E-03  6.3016975E-03  5.2429307E-06  1.2355560E-05  2.1084332E-03  1.7053625E-04  0.2599    4.376224  -9.011  0.999399  7.536301  0.4124943E+00  0.5738536E+00  6.5934678E-08  5.6715548E-05  1.5379589E-05  9.0429107E-03  3.1521348E-04  1.4969232E-06  1.1182003E-09  2.1084332E-03  1.7053625E-04  3.841E-10  8.562E-17  2.141E+11  1.318E+12  5.096E+01  1.423E+06  0.57374697  5.285E-05  7.433E-05  9.454E-01  0.000E+00  0.000E+00  1.053E+00  454    2.6063  9.43E-03 2.7912E+01 4.8741E+01    4.96E+02 0.00E+00 2.01E+02  0.573995  0.021778 4.96E+02 0.00E+00 2.01E+02  0.573747  0.021780  0.0000000E+00  0.0000000E+00  6.5627390E-07  1.1906269E-01  7.2821222E-02  2.2538150E-04 -1.2881904E-01  6.1378269E-02  7.1616628E-03 0.000 0.265 1.000 1.000 1.000 1.000 1.000 1.000 1.000 1.000 1.000 1.000 1.000 1.000 1.000 1.000 1.000 1.000 1.000 1.000 1.000 1.000 1.000 1.000 1.000 1.000 1.000 1.000 1.000 1.000 1.000 1.000 1.000 1.000 1.000 1.000 1.000 1.000 1.000 1.000  8.3417905315E-02   0.57303   1.00000   0.00000   0.00000   0.5865016E-02
  1739  1.554591564369445E+07   9.991686  3.917287  4.375932  0.7188372E+00  0.2670595E+00  3.7713194E-05  2.0521171E-03  8.5387037E-05  1.3897195E-03  6.2989444E-03  5.2803477E-06  1.2322122E-05  2.1084332E-03  1.7053625E-04  0.2591    4.375932  -9.008  0.999782  7.536641  0.4098676E+00  0.5764807E+00  6.4348442E-08  5.6797138E-05  1.5400676E-05  9.0458956E-03  3.1169232E-04  1.4705220E-06  1.1010495E-09  2.1084332E-03  1.7053625E-04  3.854E-10  8.605E-17  2.147E+11  1.322E+12  5.109E+01  1.428E+06  0.57450045  5.268E-05  7.421E-05  9.453E-01  0.000E+00  0.000E+00  1.053E+00  450    2.5839  9.43E-03 2.7867E+01 4.8702E+01    4.95E+02 0.00E+00 2.01E+02  0.574425  0.021858 4.95E+02 0.00E+00 2.01E+02  0.574500  0.021858  0.0000000E+00  0.0000000E+00  6.6383953E-07  1.1942143E-01  7.2794723E-02  2.2448339E-04 -1.2867877E-01  6.1298295E-02  7.1774151E-03 0.000 0.261 1.000 1.000 1.000 1.000 1.000 1.000 1.000 1.000 1.000 1.000 1.000 1.000 1.000 1.000 1.000 1.000 1.000 1.000 1.000 1.000 1.000 1.000 1.000 1.000 1.000 1.000 1.000 1.000 1.000 1.000 1.000 1.000 1.000 1.000 1.000 1.000 1.000 1.000  8.3409318822E-02   0.56926   1.00000   0.00000   0.00000   0.5832525E-02
  1752  1.563330122637087E+07   9.991600  3.918824  4.375641  0.7188074E+00  0.2670886E+00  3.7635016E-05  2.0456936E-03  8.5743723E-05  1.3989077E-03  6.2965754E-03  5.3121185E-06  1.2293613E-05  2.1084332E-03  1.7053625E-04  0.2584    4.375641  -9.004  1.000095  7.536962  0.4073670E+00  0.5789816E+00  6.3550772E-08  5.6842668E-05  1.5413611E-05  9.0477553E-03  3.0950250E-04  1.4575954E-06  1.0925224E-09  2.1084332E-03  1.7053625E-04  3.850E-10  8.619E-17  2.138E+11  1.322E+12  5.089E+01  1.428E+06  0.57498283  5.248E-05  7.408E-05  9.452E-01  0.000E+00  0.000E+00  1.053E+00  450    2.5839  9.43E-03 2.7828E+01 4.8652E+01    4.95E+02 0.00E+00 2.01E+02  0.575208  0.021936 4.95E+02 0.00E+00 2.01E+02  0.574983  0.021935  0.0000000E+00  0.0000000E+00  6.7187572E-07  1.1976781E-01  7.2772387E-02  2.2371882E-04 -1.2854335E-01  6.1220411E-02  7.1934916E-03 0.000 0.261 1.000 1.000 1.000 1.000 1.000 1.000 1.000 1.000 1.000 1.000 1.000 1.000 1.000 1.000 1.000 1.000 1.000 1.000 1.000 1.000 1.000 1.000 1.000 1.000 1.000 1.000 1.000 1.000 1.000 1.000 1.000 1.000 1.000 1.000 1.000 1.000 1.000 1.000  8.3400632247E-02   0.56578   1.00000   0.00000   0.00000   0.5799525E-02
  1765  1.572068680904730E+07   9.991513  3.920380  4.375365  0.7187725E+00  0.2671228E+00  3.7544977E-05  2.0382968E-03  8.6148697E-05  1.4095183E-03  6.2938200E-03  5.3486028E-06  1.2260744E-05  2.1084332E-03  1.7053625E-04  0.2578    4.375365  -9.000  1.000379  7.537275  0.4050214E+00  0.5813273E+00  6.2451215E-08  5.6895124E-05  1.5428604E-05  9.0482200E-03  3.0888889E-04  1.4512958E-06  1.0899808E-09  2.1084332E-03  1.7053625E-04  3.835E-10  8.599E-17  2.122E+11  1.315E+12  5.051E+01  1.421E+06  0.57570669  5.231E-05  7.392E-05  9.450E-01  0.000E+00  0.000E+00  1.053E+00  452    2.5839  9.43E-03 2.7779E+01 4.8626E+01    4.94E+02 0.00E+00 2.01E+02  0.575730  0.022014 4.94E+02 0.00E+00 2.01E+02  0.575707  0.022014  0.0000000E+00  0.0000000E+00  6.7955964E-07  1.2009893E-01  7.2747138E-02  2.2297467E-04 -1.2841571E-01  6.1146370E-02  7.2097853E-03 0.000 0.261 1.000 1.000 1.000 1.000 1.000 1.000 1.000 1.000 1.000 1.000 1.000 1.000 1.000 1.000 1.000 1.000 1.000 1.000 1.000 1.000 1.000 1.000 1.000 1.000 1.000 1.000 1.000 1.000 1.000 1.000 1.000 1.000 1.000 1.000 1.000 1.000 1.000 1.000  8.3391844639E-02   0.56254   1.00000   0.00000   0.00000   0.5766449E-02
  1778  1.580807239172372E+07   9.991425  3.921959  4.375092  0.7187382E+00  0.2671563E+00  3.7458543E-05  2.0311973E-03  8.6531851E-05  1.4197320E-03  6.2911485E-03  5.3835223E-06  1.2229155E-05  2.1084332E-03  1.7053625E-04  0.2573    4.375092  -8.996  1.000633  7.537578  0.4028241E+00  0.5835245E+00  6.2388276E-08  5.6900652E-05  1.5431803E-05  9.0474343E-03  3.0977368E-04  1.4532306E-06  1.0922458E-09  2.1084332E-03  1.7053625E-04  3.816E-10  8.568E-17  2.125E+11  1.327E+12  5.058E+01  1.433E+06  0.57622484  5.213E-05  7.376E-05  9.449E-01  0.000E+00  0.000E+00  1.053E+00  454    2.5839  9.43E-03 2.7735E+01 4.8576E+01    4.93E+02 0.00E+00 2.01E+02  0.576450  0.022094 4.93E+02 0.00E+00 2.00E+02  0.576225  0.022094  0.0000000E+00  0.0000000E+00  6.8789282E-07  1.2041740E-01  7.2724129E-02  2.2226322E-04 -1.2829483E-01  6.1075611E-02  7.2262056E-03 0.000 0.263 1.000 1.000 1.000 1.000 1.000 1.000 1.000 1.000 1.000 1.000 1.000 1.000 1.000 1.000 1.000 1.000 1.000 1.000 1.000 1.000 1.000 1.000 1.000 1.000 1.000 1.000 1.000 1.000 1.000 1.000 1.000 1.000 1.000 1.000 1.000 1.000 1.000 1.000  8.3382953415E-02   0.55949   1.00000   0.00000   0.00000   0.5733603E-02
  1791  1.589545797440014E+07   9.991337  3.923541  4.374840  0.7186979E+00  0.2671958E+00  3.7359101E-05  2.0230315E-03  8.6965751E-05  1.4315165E-03  6.2880422E-03  5.4235642E-06  1.2192773E-05  2.1084332E-03  1.7053625E-04  0.2567    4.374840  -8.992  1.000889  7.537887  0.4005998E+00  0.5857487E+00  6.1136053E-08  5.6952803E-05  1.5446685E-05  9.0466788E-03  3.1054989E-04  1.4525635E-06  1.0949765E-09  2.1084332E-03  1.7053625E-04  3.792E-10  8.541E-17  2.108E+11  1.317E+12  5.016E+01  1.422E+06  0.57684272  5.196E-05  7.358E-05  9.448E-01  0.000E+00  0.000E+00  1.053E+00  452    2.5839  9.43E-03 2.7676E+01 4.8548E+01    4.92E+02 0.00E+00 2.00E+02  0.576960  0.022174 4.92E+02 0.00E+00 2.00E+02  0.576843  0.022174  0.0000000E+00  0.0000000E+00  6.9590216E-07  1.2073916E-01  7.2698761E-02  2.2153792E-04 -1.2817291E-01  6.1004308E-02  7.2428787E-03 0.000 0.262 1.000 1.000 1.000 1.000 1.000 1.000 1.000 1.000 1.000 1.000 1.000 1.000 1.000 1.000 1.000 1.000 1.000 1.000 1.000 1.000 1.000 1.000 1.000 1.000 1.000 1.000 1.000 1.000 1.000 1.000 1.000 1.000 1.000 1.000 1.000 1.000 1.000 1.000  8.3373956520E-02   0.55638   1.00000   0.00000   0.00000   0.5701965E-02
  1804  1.598284355707656E+07   9.991247  3.925112  4.374569  0.7186559E+00  0.2672370E+00  3.7257824E-05  2.0147175E-03  8.7400380E-05  1.4435540E-03  6.2848436E-03  5.4642017E-06  1.2155677E-05  2.1084332E-03  1.7053625E-04  0.2564    4.374569  -8.988  1.001186  7.538207  0.3982328E+00  0.5881158E+00  5.9258271E-08  5.7035144E-05  1.5468492E-05  9.0470000E-03  3.1005340E-04  1.4450430E-06  1.0920732E-09  2.1084332E-03  1.7053625E-04  3.664E-10  8.267E-17  2.079E+11  1.292E+12  4.947E+01  1.396E+06  0.57732655  5.177E-05  7.344E-05  9.447E-01  0.000E+00  0.000E+00  1.054E+00  454    2.5839  9.43E-03 2.7626E+01 4.8489E+01    4.92E+02 0.00E+00 2.00E+02  0.577587  0.022254 4.92E+02 0.00E+00 2.00E+02  0.577327  0.022254  0.0000000E+00  0.0000000E+00  7.0420923E-07  1.2107521E-01  7.2675894E-02  2.2079931E-04 -1.2804520E-01  6.0930010E-02  7.2595797E-03 0.000 0.260 1.000 1.000 1.000 1.000 1.000 1.000 1.000 1.000 1.000 1.000 1.000 1.000 1.000 1.000 1.000 1.000 1.000 1.000 1.000 1.000 1.000 1.000 1.000 1.000 1.000 1.000 1.000 1.000 1.000 1.000 1.000 1.000 1.000 1.000 1.000 1.000 1.000 1.000  8.3364852618E-02   0.55309   1.00000   0.00000   0.00000   0.5669976E-02
  1816  1.606350717185480E+07   9.991164  3.926634  4.374259  0.7186208E+00  0.2672714E+00  3.7175038E-05  2.0079234E-03  8.7750036E-05  1.4534216E-03  6.2822016E-03  5.4973072E-06  1.2125321E-05  2.1084332E-03  1.7053625E-04  0.2559    4.374259  -8.984  1.001690  7.538535  0.3956299E+00  0.5907192E+00  5.7075840E-08  5.7145665E-05  1.5495521E-05  9.0504539E-03  3.0594891E-04  1.4202607E-06  1.0760225E-09  2.1084332E-03  1.7053625E-04  3.658E-10  8.265E-17  2.049E+11  1.261E+12  4.876E+01  1.362E+06  0.57801163  5.159E-05  7.334E-05  9.445E-01  0.000E+00  0.000E+00  1.054E+00  453    2.5612  9.43E-03 2.7590E+01 4.8438E+01    4.91E+02 0.00E+00 2.00E+02  0.578134  0.022332 4.91E+02 0.00E+00 2.00E+02  0.578012  0.022332  0.0000000E+00  0.0000000E+00  7.1218388E-07  1.2144153E-01  7.2650958E-02  2.2001008E-04 -1.2790635E-01  6.0851014E-02  7.2744301E-03 0.000 0.257 1.000 1.000 1.000 1.000 1.000 1.000 1.000 1.000 1.000 1.000 1.000 1.000 1.000 1.000 1.000 1.000 1.000 1.000 1.000 1.000 1.000 1.000 1.000 1.000 1.000 1.000 1.000 1.000 1.000 1.000 1.000 1.000 1.000 1.000 1.000 1.000 1.000 1.000  8.3356349784E-02   0.54948   1.00000   0.00000   0.00000   0.5638381E-02
  1829  1.615089275453122E+07   9.991073  3.928241  4.373956  0.7185764E+00  0.2673150E+00  3.7072516E-05  1.9995130E-03  8.8176129E-05  1.4656745E-03  6.2788961E-03  5.5381604E-06  1.2087694E-05  2.1084332E-03  1.7053625E-04  0.2552    4.373956  -8.980  1.002061  7.538853  0.3931027E+00  0.5932467E+00  5.6502731E-08  5.7181920E-05  1.5505878E-05  9.0518694E-03  3.0427902E-04  1.4106820E-06  1.0694334E-09  2.1084332E-03  1.7053625E-04  3.710E-10  8.392E-17  2.044E+11  1.265E+12  4.866E+01  1.366E+06  0.57863928  5.140E-05  7.318E-05  9.444E-01  0.000E+00  0.000E+00  1.054E+00  455    2.5555  9.43E-03 2.7547E+01 4.8408E+01    4.90E+02 0.00E+00 2.00E+02  0.578769  0.022414 4.90E+02 0.00E+00 2.00E+02  0.578639  0.022414  0.0000000E+00  0.0000000E+00  7.2074599E-07  1.2181167E-01  7.2623335E-02  2.1920609E-04 -1.2776621E-01  6.0770586E-02  7.2908378E-03 0.000 0.259 1.000 1.000 1.000 1.000 1.000 1.000 1.000 1.000 1.000 1.000 1.000 1.000 1.000 1.000 1.000 1.000 1.000 1.000 1.000 1.000 1.000 1.000 1.000 1.000 1.000 1.000 1.000 1.000 1.000 1.000 1.000 1.000 1.000 1.000 1.000 1.000 1.000 1.000  8.3347031765E-02   0.54597   1.00000   0.00000   0.00000   0.5605790E-02
  1842  1.623827833720764E+07   9.990981  3.929868  4.373654  0.7185393E+00  0.2673513E+00  3.6988824E-05  1.9926498E-03  8.8518535E-05  1.4757037E-03  6.2761705E-03  5.5713961E-06  1.2056947E-05  2.1084332E-03  1.7053625E-04  0.2547    4.373654  -8.976  1.002505  7.539192  0.3905665E+00  0.5957830E+00  5.4496820E-08  5.7284082E-05  1.5532693E-05  9.0531163E-03  3.0269727E-04  1.3975723E-06  1.0633311E-09  2.1084332E-03  1.7053625E-04  3.598E-10  8.164E-17  2.012E+11  1.236E+12  4.790E+01  1.335E+06  0.57923752  5.121E-05  7.305E-05  9.443E-01  0.000E+00  0.000E+00  1.054E+00  461    2.5384  9.43E-03 2.7499E+01 4.8355E+01    4.89E+02 0.00E+00 2.00E+02  0.579489  0.022499 4.89E+02 0.00E+00 2.00E+02  0.579238  0.022498  0.0000000E+00  0.0000000E+00  7.2980529E-07  1.2217838E-01  7.2599838E-02  2.1842979E-04 -1.2762971E-01  6.0691869E-02  7.3073228E-03 0.000 0.257 1.000 1.000 1.000 1.000 1.000 1.000 1.000 1.000 1.000 1.000 1.000 1.000 1.000 1.000 1.000 1.000 1.000 1.000 1.000 1.000 1.000 1.000 1.000 1.000 1.000 1.000 1.000 1.000 1.000 1.000 1.000 1.000 1.000 1.000 1.000 1.000 1.000 1.000  8.3337600349E-02   0.54245   1.00000   0.00000   0.00000   0.5566765E-02
  1855  1.632566391988406E+07   9.990888  3.931481  4.373376  0.7184963E+00  0.2673935E+00  3.6893735E-05  1.9848559E-03  8.8901145E-05  1.4871291E-03  6.2730419E-03  5.6090171E-06  1.2021983E-05  2.1084332E-03  1.7053625E-04  0.2541    4.373376  -8.972  1.002838  7.539524  0.3881265E+00  0.5982232E+00  5.4112026E-08  5.7310174E-05  1.5541141E-05  9.0536493E-03  3.0204719E-04  1.3930228E-06  1.0604800E-09  2.1084332E-03  1.7053625E-04  3.588E-10  8.153E-17  2.009E+11  1.242E+12  4.782E+01  1.342E+06  0.57980840  5.103E-05  7.288E-05  9.441E-01  0.000E+00  0.000E+00  1.054E+00  461    2.5384  9.43E-03 2.7452E+01 4.8325E+01    4.89E+02 0.00E+00 2.00E+02  0.579881  0.022581 4.89E+02 0.00E+00 2.00E+02  0.579808  0.022582  0.0000000E+00  0.0000000E+00  7.3817667E-07  1.2253798E-01  7.2573302E-02  2.1765831E-04 -1.2749570E-01  6.0614287E-02  7.3242744E-03 0.000 0.258 1.000 1.000 1.000 1.000 1.000 1.000 1.000 1.000 1.000 1.000 1.000 1.000 1.000 1.000 1.000 1.000 1.000 1.000 1.000 1.000 1.000 1.000 1.000 1.000 1.000 1.000 1.000 1.000 1.000 1.000 1.000 1.000 1.000 1.000 1.000 1.000 1.000 1.000  8.3328054731E-02   0.53906   1.00000   0.00000   0.00000   0.5541576E-02
  1868  1.641304950256049E+07   9.990795  3.933086  4.373113  0.7184507E+00  0.2674383E+00  3.6795096E-05  1.9767750E-03  8.9291542E-05  1.4990120E-03  6.2697637E-03  5.6478979E-06  1.1985682E-05  2.1084332E-03  1.7053625E-04  0.2535    4.373113  -8.968  1.003106  7.539840  0.3859142E+00  0.6004353E+00  5.3942666E-08  5.7320236E-05  1.5546335E-05  9.0523937E-03  3.0345817E-04  1.3973386E-06  1.0648806E-09  2.1084332E-03  1.7053625E-04  3.571E-10  8.127E-17  2.004E+11  1.248E+12  4.770E+01  1.348E+06  0.58042811  5.085E-05  7.272E-05  9.440E-01  0.000E+00  0.000E+00  1.054E+00  464    2.5877  9.43E-03 2.7403E+01 4.8274E+01    4.88E+02 0.00E+00 2.00E+02  0.580518  0.022664 4.88E+02 0.00E+00 2.00E+02  0.580428  0.022665  0.0000000E+00  0.0000000E+00  7.4716109E-07  1.2287624E-01  7.2550434E-02  2.1693981E-04 -1.2737140E-01  6.0541526E-02  7.3414119E-03 0.000 0.259 1.000 1.000 1.000 1.000 1.000 1.000 1.000 1.000 1.000 1.000 1.000 1.000 1.000 1.000 1.000 1.000 1.000 1.000 1.000 1.000 1.000 1.000 1.000 1.000 1.000 1.000 1.000 1.000 1.000 1.000 1.000 1.000 1.000 1.000 1.000 1.000 1.000 1.000  8.3318394307E-02   0.53597   1.00000   0.00000   0.00000   0.5510174E-02
  1881  1.650043508523691E+07   9.990700  3.934692  4.372819  0.7184062E+00  0.2674821E+00  3.6700885E-05  1.9690612E-03  8.9658051E-05  1.5103919E-03  6.2666002E-03  5.6848887E-06  1.1950981E-05  2.1084332E-03  1.7053625E-04  0.2529    4.372819  -8.964  1.003475  7.540183  0.3833578E+00  0.6029919E+00  5.2146854E-08  5.7412655E-05  1.5570073E-05  9.0536115E-03  3.0192633E-04  1.3842663E-06  1.0582068E-09  2.1084332E-03  1.7053625E-04  3.553E-10  8.111E-17  1.990E+11  1.237E+12  4.737E+01  1.336E+06  0.58101290  5.067E-05  7.254E-05  9.439E-01  0.000E+00  0.000E+00  1.054E+00  465    2.5384  9.43E-03 2.7345E+01 4.8240E+01    4.87E+02 0.00E+00 2.00E+02  0.581129  0.022748 4.87E+02 0.00E+00 2.00E+02  0.581013  0.022748  0.0000000E+00  0.0000000E+00  7.5616098E-07  1.2324579E-01  7.2523587E-02  2.1615370E-04 -1.2723455E-01  6.0462464E-02  7.3584848E-03 0.000 0.257 1.000 1.000 1.000 1.000 1.000 1.000 1.000 1.000 1.000 1.000 1.000 1.000 1.000 1.000 1.000 1.000 1.000 1.000 1.000 1.000 1.000 1.000 1.000 1.000 1.000 1.000 1.000 1.000 1.000 1.000 1.000 1.000 1.000 1.000 1.000 1.000 1.000 1.000  8.3308618436E-02   0.53243   1.00000   0.00000   0.00000   0.5478714E-02
  1894  1.658782066791333E+07   9.990605  3.936310  4.372529  0.7183656E+00  0.2675220E+00  3.6616552E-05  1.9621599E-03  8.9980987E-05  1.5206030E-03  6.2637419E-03  5.7178817E-06  1.1919895E-05  2.1084332E-03  1.7053625E-04  0.2523    4.372529  -8.960  1.003804  7.540516  0.3809706E+00  0.6053791E+00  5.0943557E-08  5.7476123E-05  1.5587492E-05  9.0535006E-03  3.0195032E-04  1.3808848E-06  1.0584436E-09  2.1084332E-03  1.7053625E-04  3.582E-10  8.189E-17  1.960E+11  1.215E+12  4.664E+01  1.313E+06  0.58166718  5.049E-05  7.239E-05  9.437E-01  0.000E+00  0.000E+00  1.055E+00  465    2.5384  9.43E-03 2.7299E+01 4.8182E+01    4.86E+02 0.00E+00 2.00E+02  0.581907  0.022833 4.86E+02 0.00E+00 2.00E+02  0.581667  0.022833  0.0000000E+00  0.0000000E+00  7.6573048E-07  1.2360843E-01  7.2499250E-02  2.1539308E-04 -1.2710164E-01  6.0385210E-02  7.3757913E-03 0.000 0.258 1.000 1.000 1.000 1.000 1.000 1.000 1.000 1.000 1.000 1.000 1.000 1.000 1.000 1.000 1.000 1.000 1.000 1.000 1.000 1.000 1.000 1.000 1.000 1.000 1.000 1.000 1.000 1.000 1.000 1.000 1.000 1.000 1.000 1.000 1.000 1.000 1.000 1.000  8.3298723404E-02   0.52914   1.00000   0.00000   0.00000   0.5446711E-02
  1907  1.667520625058975E+07   9.990509  3.937934  4.372234  0.7183229E+00  0.2675640E+00  3.6529831E-05  1.9550674E-03  9.0307731E-05  1.5311284E-03  6.2607749E-03  5.7516824E-06  1.1887905E-05  2.1084332E-03  1.7053625E-04  0.2518    4.372234  -8.956  1.004151  7.540829  0.3784938E+00  0.6078560E+00  4.9472253E-08  5.7556648E-05  1.5609336E-05  9.0539473E-03  3.0131338E-04  1.3725536E-06  1.0552738E-09  2.1084332E-03  1.7053625E-04  3.393E-10  7.767E-17  1.935E+11  1.194E+12  4.604E+01  1.289E+06  0.58226004  5.030E-05  7.221E-05  9.436E-01  0.000E+00  0.000E+00  1.055E+00  467    2.5384  9.43E-03 2.7241E+01 4.8147E+01    4.86E+02 0.00E+00 2.00E+02  0.582467  0.022919 4.86E+02 0.00E+00 2.00E+02  0.582260  0.022918  0.0000000E+00  0.0000000E+00  7.7492077E-07  1.2398922E-01  7.2471355E-02  2.1459102E-04 -1.2696142E-01  6.0304540E-02  7.3928486E-03 0.000 0.256 1.000 1.000 1.000 1.000 1.000 1.000 1.000 1.000 1.000 1.000 1.000 1.000 1.000 1.000 1.000 1.000 1.000 1.000 1.000 1.000 1.000 1.000 1.000 1.000 1.000 1.000 1.000 1.000 1.000 1.000 1.000 1.000 1.000 1.000 1.000 1.000 1.000 1.000  8.3288706471E-02   0.52573   1.00000   0.00000   0.00000   0.5415868E-02
  1919  1.675586986536799E+07   9.990419  3.939508  4.371928  0.7182746E+00  0.2676116E+00  3.6433619E-05  1.9472042E-03  9.0664115E-05  1.5428338E-03  6.2574514E-03  5.7890325E-06  1.1852392E-05  2.1084332E-03  1.7053625E-04  0.2514    4.371928  -8.953  1.004668  7.541169  0.3759131E+00  0.6104371E+00  4.7929977E-08  5.7647824E-05  1.5631844E-05  9.0563937E-03  2.9838524E-04  1.3545763E-06  1.0436870E-09  2.1084332E-03  1.7053625E-04  3.409E-10  7.813E-17  1.912E+11  1.172E+12  4.552E+01  1.265E+06  0.58290831  5.012E-05  7.209E-05  9.434E-01  0.000E+00  0.000E+00  1.055E+00  473    2.5156  9.43E-03 2.7198E+01 4.8097E+01    4.85E+02 0.00E+00 2.00E+02  0.582839  0.023001 4.85E+02 0.00E+00 2.00E+02  0.582908  0.023001  0.0000000E+00  0.0000000E+00  7.8357891E-07  1.2437411E-01  7.2445944E-02  2.1380389E-04 -1.2682172E-01  6.0224849E-02  7.4085289E-03 0.000 0.254 1.000 1.000 1.000 1.000 1.000 1.000 1.000 1.000 1.000 1.000 1.000 1.000 1.000 1.000 1.000 1.000 1.000 1.000 1.000 1.000 1.000 1.000 1.000 1.000 1.000 1.000 1.000 1.000 1.000 1.000 1.000 1.000 1.000 1.000 1.000 1.000 1.000 1.000  8.3279349399E-02   0.52210   1.00000   0.00000   0.00000   0.5385663E-02
  1932  1.684325544804441E+07   9.990321  3.941145  4.371605  0.7182251E+00  0.2676603E+00  3.6337237E-05  1.9393327E-03  9.1014841E-05  1.5545894E-03  6.2540887E-03  5.8262935E-06  1.1816791E-05  2.1084332E-03  1.7053625E-04  0.2507    4.371605  -8.949  1.005050  7.541522  0.3733199E+00  0.6130304E+00  4.7050516E-08  5.7704979E-05  1.5647844E-05  9.0575204E-03  2.9700987E-04  1.3459268E-06  1.0386862E-09  2.1084332E-03  1.7053625E-04  3.351E-10  7.706E-17  1.907E+11  1.176E+12  4.538E+01  1.270E+06  0.58348606  4.993E-05  7.195E-05  9.433E-01  0.000E+00  0.000E+00  1.055E+00  474    2.5156  9.43E-03 2.7155E+01 4.8040E+01    4.84E+02 0.00E+00 2.00E+02  0.583620  0.023088 4.84E+02 0.00E+00 2.00E+02  0.583486  0.023087  0.0000000E+00  0.0000000E+00  7.9356709E-07  1.2476754E-01  7.2421403E-02  2.1300698E-04 -1.2667895E-01  6.0142530E-02  7.4260235E-03 0.000 0.255 1.000 1.000 1.000 1.000 1.000 1.000 1.000 1.000 1.000 1.000 1.000 1.000 1.000 1.000 1.000 1.000 1.000 1.000 1.000 1.000 1.000 1.000 1.000 1.000 1.000 1.000 1.000 1.000 1.000 1.000 1.000 1.000 1.000 1.000 1.000 1.000 1.000 1.000  8.3269092121E-02   0.51855   1.00000   0.00000   0.00000   0.5353293E-02
  1945  1.693064103072083E+07   9.990222  3.942849  4.371298  0.7181825E+00  0.2677022E+00  3.6255852E-05  1.9326905E-03  9.1306271E-05  1.5645378E-03  6.2512239E-03  5.8576377E-06  1.1786711E-05  2.1084332E-03  1.7053625E-04  0.2503    4.371298  -8.944  1.005546  7.541868  0.3708486E+00  0.6155018E+00  4.5626734E-08  5.7789416E-05  1.5670294E-05  9.0575333E-03  2.9685972E-04  1.3408630E-06  1.0381872E-09  2.1084332E-03  1.7053625E-04  3.295E-10  7.590E-17  1.874E+11  1.145E+12  4.460E+01  1.237E+06  0.58412136  4.974E-05  7.180E-05  9.432E-01  0.000E+00  0.000E+00  1.055E+00  473    2.4926  9.43E-03 2.7103E+01 4.8005E+01    4.83E+02 0.00E+00 2.00E+02  0.584328  0.023177 4.83E+02 0.00E+00 2.00E+02  0.584121  0.023178  0.0000000E+00  0.0000000E+00  8.0372269E-07  1.2515423E-01  7.2392446E-02  2.1221128E-04 -1.2654205E-01  6.0063293E-02  7.4430988E-03 0.000 0.253 1.000 1.000 1.000 1.000 1.000 1.000 1.000 1.000 1.000 1.000 1.000 1.000 1.000 1.000 1.000 1.000 1.000 1.000 1.000 1.000 1.000 1.000 1.000 1.000 1.000 1.000 1.000 1.000 1.000 1.000 1.000 1.000 1.000 1.000 1.000 1.000 1.000 1.000  8.3258705417E-02   0.51508   1.00000   0.00000   0.00000   0.5320736E-02
  1957  1.700727146476015E+07   9.990135  3.944259  4.370985  0.7181314E+00  0.2677526E+00  3.6160147E-05  1.9248858E-03  9.1643210E-05  1.5762627E-03  6.2478242E-03  5.8943475E-06  1.1751321E-05  2.1084332E-03  1.7053625E-04  0.2496    4.370985  -8.941  1.005868  7.542183  0.3683580E+00  0.6179928E+00  4.3630601E-08  5.8026470E-05  1.5739191E-05  9.0595530E-03  2.9417749E-04  1.3123928E-06  1.0264155E-09  2.1084332E-03  1.7053625E-04  3.230E-10  7.445E-17  1.832E+11  1.108E+12  4.359E+01  1.197E+06  0.58471965  4.956E-05  7.168E-05  9.430E-01  0.000E+00  0.000E+00  1.055E+00  474    2.4926  9.43E-03 2.7067E+01 4.7960E+01    4.83E+02 0.00E+00 1.99E+02  0.584657  0.023253 4.83E+02 0.00E+00 1.99E+02  0.584720  0.023253  0.0000000E+00  0.0000000E+00  7.3062605E-07  1.2553925E-01  7.2368158E-02  2.1144425E-04 -1.2639980E-01  5.9982777E-02  7.4579902E-03 0.000 0.251 1.000 1.000 1.000 1.000 1.000 1.000 1.000 1.000 1.000 1.000 1.000 1.000 1.000 1.000 1.000 1.000 1.000 1.000 1.000 1.000 1.000 1.000 1.000 1.000 1.000 1.000 1.000 1.000 1.000 1.000 1.000 1.000 1.000 1.000 1.000 1.000 1.000 1.000  8.3249492684E-02   0.51161   1.00000   0.00000   0.00000   0.5293698E-02
  1970  1.708591848916891E+07   9.990044  3.945749  4.370679  0.7180931E+00  0.2677903E+00  3.6089741E-05  1.9191483E-03  9.1887142E-05  1.5849066E-03  6.2453016E-03  5.9212512E-06  1.1725271E-05  2.1084332E-03  1.7053625E-04  0.2490    4.370679  -8.937  1.006239  7.542508  0.3659872E+00  0.6203637E+00  4.3180333E-08  5.8063882E-05  1.5750610E-05  9.0605121E-03  2.9302615E-04  1.3030510E-06  1.0201709E-09  2.1084332E-03  1.7053625E-04  3.230E-10  7.456E-17  1.825E+11  1.110E+12  4.345E+01  1.199E+06  0.58517101  4.938E-05  7.155E-05  9.429E-01  0.000E+00  0.000E+00  1.055E+00  473    2.5113  9.43E-03 2.7030E+01 4.7910E+01    4.82E+02 0.00E+00 1.99E+02  0.585393  0.023333 4.82E+02 0.00E+00 1.99E+02  0.585171  0.023332  0.0000000E+00  0.0000000E+00  7.3910413E-07  1.2590947E-01  7.2345350E-02  2.1071312E-04 -1.2626724E-01  5.9906498E-02  7.4739303E-03 0.000 0.251 1.000 1.000 1.000 1.000 1.000 1.000 1.000 1.000 1.000 1.000 1.000 1.000 1.000 1.000 1.000 1.000 1.000 1.000 1.000 1.000 1.000 1.000 1.000 1.000 1.000 1.000 1.000 1.000 1.000 1.000 1.000 1.000 1.000 1.000 1.000 1.000 1.000 1.000  8.3239934619E-02   0.50830   1.00000   0.00000   0.00000   0.5264396E-02
  1984  1.717061528468604E+07   9.989946  3.947362  4.370367  0.7180491E+00  0.2678337E+00  3.6010116E-05  1.9126640E-03  9.2159039E-05  1.5947004E-03  6.2424271E-03  5.9515715E-06  1.1695799E-05  2.1084332E-03  1.7053625E-04  0.2483    4.370367  -8.933  1.006629  7.542857  0.3634950E+00  0.6228561E+00  4.2158631E-08  5.8133348E-05  1.5769812E-05  9.0609836E-03  2.9237741E-04  1.2963362E-06  1.0175097E-09  2.1084332E-03  1.7053625E-04  3.187E-10  7.377E-17  1.806E+11  1.098E+12  4.298E+01  1.186E+06  0.58577642  4.919E-05  7.139E-05  9.428E-01  0.000E+00  0.000E+00  1.056E+00  476    2.4926  9.43E-03 2.6981E+01 4.7870E+01    4.81E+02 0.00E+00 1.99E+02  0.586015  0.023419 4.81E+02 0.00E+00 1.99E+02  0.585776  0.023419  0.0000000E+00  0.0000000E+00  7.4803989E-07  1.2630157E-01  7.2320072E-02  2.0993891E-04 -1.2612812E-01  5.9826098E-02  7.4913155E-03 0.000 0.251 1.000 1.000 1.000 1.000 1.000 1.000 1.000 1.000 1.000 1.000 1.000 1.000 1.000 1.000 1.000 1.000 1.000 1.000 1.000 1.000 1.000 1.000 1.000 1.000 1.000 1.000 1.000 1.000 1.000 1.000 1.000 1.000 1.000 1.000 1.000 1.000 1.000 1.000  8.3229522231E-02   0.50486   1.00000   0.00000   0.00000   0.5233895E-02
  1998  1.725531208020318E+07   9.989847  3.948985  4.370061  0.7179973E+00  0.2678848E+00  3.5918284E-05  1.9051922E-03  9.2467370E-05  1.6060190E-03  6.2390830E-03  5.9863974E-06  1.1661793E-05  2.1084332E-03  1.7053625E-04  0.2477    4.370061  -8.929  1.007020  7.543207  0.3610024E+00  0.6253487E+00  4.1344497E-08  5.8190954E-05  1.5786163E-05  9.0613796E-03  2.9183345E-04  1.2904212E-06  1.0148777E-09  2.1084332E-03  1.7053625E-04  3.189E-10  7.390E-17  1.793E+11  1.091E+12  4.267E+01  1.178E+06  0.58620232  4.899E-05  7.124E-05  9.427E-01  0.000E+00  0.000E+00  1.056E+00  478    2.4926  9.43E-03 2.6932E+01 4.7828E+01    4.80E+02 0.00E+00 1.99E+02  0.586458  0.023506 4.80E+02 0.00E+00 1.99E+02  0.586202  0.023506  0.0000000E+00  0.0000000E+00  7.5679970E-07  1.2669677E-01  7.2295078E-02  2.0916532E-04 -1.2598866E-01  5.9745492E-02  7.5088366E-03 0.000 0.251 1.000 1.000 1.000 1.000 1.000 1.000 1.000 1.000 1.000 1.000 1.000 1.000 1.000 1.000 1.000 1.000 1.000 1.000 1.000 1.000 1.000 1.000 1.000 1.000 1.000 1.000 1.000 1.000 1.000 1.000 1.000 1.000 1.000 1.000 1.000 1.000 1.000 1.000  8.3218985259E-02   0.50140   1.00000   0.00000   0.00000   0.5204075E-02
  2012  1.734000887572031E+07   9.989747  3.950686  4.369758  0.7179459E+00  0.2679355E+00  3.5828897E-05  1.8979257E-03  9.2762344E-05  1.6170593E-03  6.2357995E-03  6.0201544E-06  1.1628680E-05  2.1084332E-03  1.7053625E-04  0.2470    4.369758  -8.925  1.007563  7.543565  0.3583937E+00  0.6279576E+00  3.9182323E-08  5.8337847E-05  1.5823908E-05  9.0623478E-03  2.9049641E-04  1.2780806E-06  1.0104293E-09  2.1084332E-03  1.7053625E-04  3.100E-10  7.207E-17  1.739E+11  1.034E+12  4.139E+01  1.116E+06  0.58694986  4.881E-05  7.108E-05  9.426E-01  0.000E+00  0.000E+00  1.056E+00  473    2.4466  9.43E-03 2.6883E+01 4.7786E+01    4.80E+02 0.00E+00 1.99E+02  0.587092  0.023597 4.80E+02 0.00E+00 1.99E+02  0.586950  0.023598  0.0000000E+00  0.0000000E+00  7.6634656E-07  1.2710105E-01  7.2266799E-02  2.0836617E-04 -1.2584898E-01  5.9664592E-02  7.5260238E-03 0.000 0.250 1.000 1.000 1.000 1.000 1.000 1.000 1.000 1.000 1.000 1.000 1.000 1.000 1.000 1.000 1.000 1.000 1.000 1.000 1.000 1.000 1.000 1.000 1.000 1.000 1.000 1.000 1.000 1.000 1.000 1.000 1.000 1.000 1.000 1.000 1.000 1.000 1.000 1.000  8.3208319645E-02   0.49782   1.00000   0.00000   0.00000   0.5173489E-02
  2025  1.741865590012907E+07   9.989653  3.952208  4.369439  0.7178904E+00  0.2679902E+00  3.5734402E-05  1.8902515E-03  9.3068552E-05  1.6287554E-03  6.2322968E-03  6.0556824E-06  1.1593660E-05  2.1084332E-03  1.7053625E-04  0.2467    4.369439  -8.922  1.007992  7.543911  0.3559734E+00  0.6303781E+00  3.9475952E-08  5.8323069E-05  1.5821274E-05  9.0633059E-03  2.8942943E-04  1.2727068E-06  1.0049303E-09  2.1084332E-03  1.7053625E-04  3.082E-10  7.177E-17  1.762E+11  1.067E+12  4.194E+01  1.153E+06  0.58747775  4.863E-05  7.093E-05  9.424E-01  0.000E+00  0.000E+00  1.056E+00  476    2.4926  9.43E-03 2.6838E+01 4.7751E+01    4.79E+02 0.00E+00 1.99E+02  0.587614  0.023680 4.79E+02 0.00E+00 1.99E+02  0.587478  0.023680  0.0000000E+00  0.0000000E+00  7.7501916E-07  1.2749239E-01  7.2242902E-02  2.0761626E-04 -1.2571138E-01  5.9585855E-02  7.5423452E-03 0.000 0.250 1.000 1.000 1.000 1.000 1.000 1.000 1.000 1.000 1.000 1.000 1.000 1.000 1.000 1.000 1.000 1.000 1.000 1.000 1.000 1.000 1.000 1.000 1.000 1.000 1.000 1.000 1.000 1.000 1.000 1.000 1.000 1.000 1.000 1.000 1.000 1.000 1.000 1.000  8.3198297190E-02   0.49440   1.00000   0.00000   0.00000   0.5144586E-02
  2038  1.749730292453784E+07   9.989558  3.953727  4.369123  0.7178323E+00  0.2680477E+00  3.5637184E-05  1.8823638E-03  9.3377979E-05  1.6408134E-03  6.2286616E-03  6.0920749E-06  1.1557618E-05  2.1084332E-03  1.7053625E-04  0.2462    4.369123  -8.918  1.008379  7.544246  0.3536143E+00  0.6327372E+00  3.8462910E-08  5.8397244E-05  1.5841727E-05  9.0636346E-03  2.8893548E-04  1.2666407E-06  1.0029788E-09  2.1084332E-03  1.7053625E-04  2.969E-10  6.922E-17  1.744E+11  1.056E+12  4.150E+01  1.140E+06  0.58791588  4.844E-05  7.080E-05  9.423E-01  0.000E+00  0.000E+00  1.056E+00  480    2.4696  9.43E-03 2.6795E+01 4.7698E+01    4.78E+02 0.00E+00 1.99E+02  0.588197  0.023762 4.78E+02 0.00E+00 1.99E+02  0.587916  0.023762  0.0000000E+00  0.0000000E+00  7.8384330E-07  1.2787381E-01  7.2218464E-02  2.0687904E-04 -1.2557886E-01  5.9509310E-02  7.5588842E-03 0.000 0.250 1.000 1.000 1.000 1.000 1.000 1.000 1.000 1.000 1.000 1.000 1.000 1.000 1.000 1.000 1.000 1.000 1.000 1.000 1.000 1.000 1.000 1.000 1.000 1.000 1.000 1.000 1.000 1.000 1.000 1.000 1.000 1.000 1.000 1.000 1.000 1.000 1.000 1.000  8.3188161339E-02   0.49115   1.00000   0.00000   0.00000   0.5115836E-02
  2050  1.756990017783824E+07   9.989470  3.955187  4.368802  0.7177856E+00  0.2680938E+00  3.5560569E-05  1.8761536E-03  9.3617652E-05  1.6503344E-03  6.2257730E-03  6.1206342E-06  1.1529206E-05  2.1084332E-03  1.7053625E-04  0.2457    4.368802  -8.914  1.008942  7.544578  0.3511882E+00  0.6351636E+00  3.7054747E-08  5.8504065E-05  1.5869002E-05  9.0654501E-03  2.8669906E-04  1.2513769E-06  9.9422154E-10  2.1084332E-03  1.7053625E-04  2.997E-10  7.001E-17  1.721E+11  1.029E+12  4.095E+01  1.112E+06  0.58856499  4.827E-05  7.069E-05  9.422E-01  0.000E+00  0.000E+00  1.056E+00  475    2.4466  9.43E-03 2.6755E+01 4.7655E+01    4.77E+02 0.00E+00 1.99E+02  0.588708  0.023842 4.77E+02 0.00E+00 1.99E+02  0.588565  0.023842  0.0000000E+00  0.0000000E+00  7.9230832E-07  1.2825591E-01  7.2193233E-02  2.0614657E-04 -1.2544711E-01  5.9434083E-02  7.5735846E-03 0.000 0.247 1.000 1.000 1.000 1.000 1.000 1.000 1.000 1.000 1.000 1.000 1.000 1.000 1.000 1.000 1.000 1.000 1.000 1.000 1.000 1.000 1.000 1.000 1.000 1.000 1.000 1.000 1.000 1.000 1.000 1.000 1.000 1.000 1.000 1.000 1.000 1.000 1.000 1.000  8.3178700203E-02   0.48775   1.00000   0.00000   0.00000   0.5088007E-02
  2062  1.764249743113863E+07   9.989381  3.956598  4.368482  0.7177345E+00  0.2681442E+00  3.5478167E-05  1.8694806E-03  9.3871259E-05  1.6605929E-03  6.2226422E-03  6.1512284E-06  1.1498639E-05  2.1084332E-03  1.7053625E-04  0.2451    4.368482  -8.911  1.009357  7.544904  0.3488464E+00  0.6375056E+00  3.6523127E-08  5.8549354E-05  1.5881587E-05  9.0666997E-03  2.8520285E-04  1.2430389E-06  9.8838984E-10  2.1084332E-03  1.7053625E-04  2.980E-10  6.979E-17  1.711E+11  1.027E+12  4.073E+01  1.109E+06  0.58912111  4.809E-05  7.056E-05  9.421E-01  0.000E+00  0.000E+00  1.056E+00  476    2.4466  9.43E-03 2.6717E+01 4.7615E+01    4.77E+02 0.00E+00 1.99E+02  0.589361  0.023919 4.77E+02 0.00E+00 1.99E+02  0.589121  0.023919  0.0000000E+00  0.0000000E+00  8.0087877E-07  1.2863373E-01  7.2167543E-02  2.0542122E-04 -1.2531603E-01  5.9358986E-02  7.5888610E-03 0.000 0.247 1.000 1.000 1.000 1.000 1.000 1.000 1.000 1.000 1.000 1.000 1.000 1.000 1.000 1.000 1.000 1.000 1.000 1.000 1.000 1.000 1.000 1.000 1.000 1.000 1.000 1.000 1.000 1.000 1.000 1.000 1.000 1.000 1.000 1.000 1.000 1.000 1.000 1.000  8.3169138357E-02   0.48449   1.00000   0.00000   0.00000   0.5060857E-02
  2075  1.772114445554740E+07   9.989284  3.958139  4.368157  0.7176870E+00  0.2681912E+00  3.5402809E-05  1.8633835E-03  9.4099464E-05  1.6699909E-03  6.2197575E-03  6.1790972E-06  1.1470678E-05  2.1084332E-03  1.7053625E-04  0.2444    4.368157  -8.907  1.009766  7.545244  0.3464596E+00  0.6398925E+00  3.5982229E-08  5.8597119E-05  1.5896282E-05  9.0669897E-03  2.8479401E-04  1.2383359E-06  9.8639045E-10  2.1084332E-03  1.7053625E-04  2.961E-10  6.944E-17  1.699E+11  1.022E+12  4.044E+01  1.104E+06  0.58978358  4.792E-05  7.040E-05  9.419E-01  0.000E+00  0.000E+00  1.057E+00  481    2.4696  9.43E-03 2.6668E+01 4.7586E+01    4.76E+02 0.00E+00 1.99E+02  0.590026  0.024003 4.76E+02 0.00E+00 1.99E+02  0.589784  0.024004  0.0000000E+00  0.0000000E+00  8.1014439E-07  1.2902844E-01  7.2140874E-02  2.0467090E-04 -1.2518082E-01  5.9280950E-02  7.6055834E-03 0.000 0.247 1.000 1.000 1.000 1.000 1.000 1.000 1.000 1.000 1.000 1.000 1.000 1.000 1.000 1.000 1.000 1.000 1.000 1.000 1.000 1.000 1.000 1.000 1.000 1.000 1.000 1.000 1.000 1.000 1.000 1.000 1.000 1.000 1.000 1.000 1.000 1.000 1.000 1.000  8.3158664154E-02   0.48119   1.00000   0.00000   0.00000   0.5032014E-02
  2088  1.779979147995616E+07   9.989186  3.959703  4.367844  0.7176223E+00  0.2682551E+00  3.5302077E-05  1.8552425E-03  9.4399087E-05  1.6825761E-03  6.2158702E-03  6.2161848E-06  1.1433296E-05  2.1084332E-03  1.7053625E-04  0.2438    4.367844  -8.903  1.010158  7.545584  0.3441131E+00  0.6422391E+00  3.5385281E-08  5.8644160E-05  1.5909462E-05  9.0669180E-03  2.8479942E-04  1.2358250E-06  9.8577243E-10  2.1084332E-03  1.7053625E-04  2.958E-10  6.948E-17  1.691E+11  1.021E+12  4.024E+01  1.103E+06  0.59019611  4.772E-05  7.025E-05  9.418E-01  0.000E+00  0.000E+00  1.057E+00  485    2.4466  9.43E-03 2.6624E+01 4.7533E+01    4.75E+02 0.00E+00 1.99E+02  0.590481  0.024089 4.75E+02 0.00E+00 1.98E+02  0.590196  0.024090  0.0000000E+00  0.0000000E+00  8.1938099E-07  1.2942123E-01  7.2116030E-02  2.0393197E-04 -1.2504757E-01  5.9203777E-02  7.6226206E-03 0.000 0.249 1.000 1.000 1.000 1.000 1.000 1.000 1.000 1.000 1.000 1.000 1.000 1.000 1.000 1.000 1.000 1.000 1.000 1.000 1.000 1.000 1.000 1.000 1.000 1.000 1.000 1.000 1.000 1.000 1.000 1.000 1.000 1.000 1.000 1.000 1.000 1.000 1.000 1.000  8.3148069954E-02   0.47793   1.00000   0.00000   0.00000   0.5003753E-02
  2101  1.787843850436493E+07   9.989088  3.961270  4.367529  0.7175702E+00  0.2683066E+00  3.5222550E-05  1.8488222E-03  9.4631289E-05  1.6925313E-03  6.2127755E-03  6.2453333E-06  1.1403775E-05  2.1084332E-03  1.7053625E-04  0.2433    4.367529  -8.900  1.010548  7.545926  0.3417768E+00  0.6445754E+00  3.4274403E-08  5.8732821E-05  1.5934293E-05  9.0666572E-03  2.8495257E-04  1.2317507E-06  9.8649709E-10  2.1084332E-03  1.7053625E-04  2.885E-10  6.797E-17  1.675E+11  1.008E+12  3.986E+01  1.088E+06  0.59101200  4.757E-05  7.007E-05  9.416E-01  0.000E+00  0.000E+00  1.057E+00  478    2.4466  9.43E-03 2.6568E+01 4.7507E+01    4.74E+02 0.00E+00 1.98E+02  0.590942  0.024175 4.74E+02 0.00E+00 1.98E+02  0.591012  0.024176  0.0000000E+00  0.0000000E+00  8.2866892E-07  1.2981214E-01  7.2085495E-02  2.0309148E-04 -1.2491555E-01  5.9127272E-02  7.6397451E-03 0.000 0.247 1.000 1.000 1.000 1.000 1.000 1.000 1.000 1.000 1.000 1.000 1.000 1.000 1.000 1.000 1.000 1.000 1.000 1.000 1.000 1.000 1.000 1.000 1.000 1.000 1.000 1.000 1.000 1.000 1.000 1.000 1.000 1.000 1.000 1.000 1.000 1.000 1.000 1.000  8.3137350879E-02   0.47467   1.00000   0.00000   0.00000   0.4975364E-02
  2114  1.795708552877370E+07   9.988988  3.962812  4.367204  0.7175106E+00  0.2683656E+00  3.5133021E-05  1.8416023E-03  9.4888080E-05  1.7037580E-03  6.2092644E-03  6.2780043E-06  1.1370538E-05  2.1084332E-03  1.7053625E-04  0.2427    4.367204  -8.896  1.010962  7.546269  0.3394407E+00  0.6469114E+00  3.3722657E-08  5.8773845E-05  1.5945201E-05  9.0663916E-03  2.8519017E-04  1.2294802E-06  9.8611507E-10  2.1084332E-03  1.7053625E-04  2.904E-10  6.852E-17  1.665E+11  1.004E+12  3.963E+01  1.084E+06  0.59155815  4.738E-05  6.992E-05  9.415E-01  0.000E+00  0.000E+00  1.057E+00  486    2.4466  9.43E-03 2.6521E+01 4.7448E+01    4.74E+02 0.00E+00 1.98E+02  0.591700  0.024262 4.74E+02 0.00E+00 1.98E+02  0.591558  0.024262  0.0000000E+00  0.0000000E+00  8.3861063E-07  1.3020181E-01  7.2061492E-02  2.0236588E-04 -1.2478465E-01  5.9051298E-02  7.6566694E-03 0.000 0.247 1.000 1.000 1.000 1.000 1.000 1.000 1.000 1.000 1.000 1.000 1.000 1.000 1.000 1.000 1.000 1.000 1.000 1.000 1.000 1.000 1.000 1.000 1.000 1.000 1.000 1.000 1.000 1.000 1.000 1.000 1.000 1.000 1.000 1.000 1.000 1.000 1.000 1.000  8.3126506547E-02   0.47146   1.00000   0.00000   0.00000   0.4946507E-02
  2124  1.801758323985736E+07   9.988911  3.964057  4.366894  0.7174653E+00  0.2684105E+00  3.5066053E-05  1.8362074E-03  9.5076983E-05  1.7121692E-03  6.2066191E-03  6.3023429E-06  1.1345672E-05  2.1084332E-03  1.7053625E-04  0.2423    4.366894  -8.893  1.011550  7.546572  0.3372291E+00  0.6491234E+00  3.2380752E-08  5.8887915E-05  1.5973447E-05  9.0686788E-03  2.8240616E-04  1.2117334E-06  9.7523816E-10  2.1084332E-03  1.7053625E-04  2.800E-10  6.618E-17  1.633E+11  9.684E+11  3.887E+01  1.046E+06  0.59200891  4.722E-05  6.984E-05  9.414E-01  0.000E+00  0.000E+00  1.057E+00  487    2.4234  9.43E-03 2.6483E+01 4.7407E+01    4.73E+02 0.00E+00 1.98E+02  0.592178  0.024331 4.73E+02 0.00E+00 1.98E+02  0.592009  0.024331  0.0000000E+00  0.0000000E+00  8.4635634E-07  1.3056455E-01  7.2039705E-02  2.0170626E-04 -1.2466270E-01  5.8982309E-02  7.6691049E-03 0.000 0.244 1.000 1.000 1.000 1.000 1.000 1.000 1.000 1.000 1.000 1.000 1.000 1.000 1.000 1.000 1.000 1.000 1.000 1.000 1.000 1.000 1.000 1.000 1.000 1.000 1.000 1.000 1.000 1.000 1.000 1.000 1.000 1.000 1.000 1.000 1.000 1.000 1.000 1.000  8.3118077216E-02   0.46835   1.00000   0.00000   0.00000   0.4923034E-02
  2135  1.808413072204939E+07   9.988825  3.965406  4.366578  0.7174151E+00  0.2684601E+00  3.4993063E-05  1.8303327E-03  9.5279829E-05  1.7213497E-03  6.2037177E-03  6.3287737E-06  1.1318568E-05  2.1084332E-03  1.7053625E-04  0.2419    4.366578  -8.890  1.012026  7.546892  0.3349616E+00  0.6513911E+00  3.1860301E-08  5.8937596E-05  1.5986789E-05  9.0701521E-03  2.8064802E-04  1.2029950E-06  9.6885386E-10  2.1084332E-03  1.7053625E-04  2.820E-10  6.675E-17  1.623E+11  9.640E+11  3.862E+01  1.041E+06  0.59268247  4.707E-05  6.971E-05  9.413E-01  0.000E+00  0.000E+00  1.057E+00  493    2.4176  9.43E-03 2.6447E+01 4.7376E+01    4.72E+02 0.00E+00 1.98E+02  0.592718  0.024406 4.72E+02 0.00E+00 1.98E+02  0.592682  0.024406  0.0000000E+00  0.0000000E+00  8.5486740E-07  1.3094288E-01  7.2012079E-02  2.0099933E-04 -1.2453557E-01  5.8909790E-02  7.6833675E-03 0.000 0.244 1.000 1.000 1.000 1.000 1.000 1.000 1.000 1.000 1.000 1.000 1.000 1.000 1.000 1.000 1.000 1.000 1.000 1.000 1.000 1.000 1.000 1.000 1.000 1.000 1.000 1.000 1.000 1.000 1.000 1.000 1.000 1.000 1.000 1.000 1.000 1.000 1.000 1.000  8.3108716382E-02   0.46522   1.00000   0.00000   0.00000   0.4898076E-02
  2146  1.815067820424142E+07   9.988739  3.966795  4.366268  0.7173594E+00  0.2685153E+00  3.4913200E-05  1.8239113E-03  9.5498225E-05  1.7314099E-03  6.2005216E-03  6.3575796E-06  1.1288909E-05  2.1084332E-03  1.7053625E-04  0.2415    4.366268  -8.886  1.012532  7.547204  0.3328067E+00  0.6535462E+00  3.0999769E-08  5.9019295E-05  1.6009147E-05  9.0707764E-03  2.7980493E-04  1.1957697E-06  9.6597113E-10  2.1084332E-03  1.7053625E-04  2.773E-10  6.574E-17  1.605E+11  9.493E+11  3.820E+01  1.025E+06  0.59310483  4.689E-05  6.961E-05  9.412E-01  0.000E+00  0.000E+00  1.057E+00  493    2.4002  9.43E-03 2.6410E+01 4.7326E+01    4.71E+02 0.00E+00 1.98E+02  0.593279  0.024484 4.71E+02 0.00E+00 1.98E+02  0.593105  0.024483  0.0000000E+00  0.0000000E+00  8.6387136E-07  1.3131506E-01  7.1990556E-02  2.0033274E-04 -1.2441337E-01  5.8839648E-02  7.6977034E-03 0.000 0.243 1.000 1.000 1.000 1.000 1.000 1.000 1.000 1.000 1.000 1.000 1.000 1.000 1.000 1.000 1.000 1.000 1.000 1.000 1.000 1.000 1.000 1.000 1.000 1.000 1.000 1.000 1.000 1.000 1.000 1.000 1.000 1.000 1.000 1.000 1.000 1.000 1.000 1.000  8.3099259340E-02   0.46222   1.00000   0.00000   0.00000   0.4872543E-02
  2158  1.822327545754182E+07   9.988644  3.968257  4.365940  0.7173103E+00  0.2685639E+00  3.4843856E-05  1.8183413E-03  9.5684857E-05  1.7401578E-03  6.1977281E-03  6.3824949E-06  1.1263154E-05  2.1084332E-03  1.7053625E-04  0.2409    4.365940  -8.883  1.012972  7.547539  0.3305031E+00  0.6558498E+00  3.0442000E-08  5.9071141E-05  1.6023820E-05  9.0711343E-03  2.7931242E-04  1.1918481E-06  9.6422459E-10  2.1084332E-03  1.7053625E-04  2.755E-10  6.542E-17  1.593E+11  9.425E+11  3.790E+01  1.018E+06  0.59370661  4.672E-05  6.947E-05  9.410E-01  0.000E+00  0.000E+00  1.058E+00  488    2.4002  9.43E-03 2.6367E+01 4.7285E+01    4.71E+02 0.00E+00 1.98E+02  0.593970  0.024566 4.71E+02 0.00E+00 1.98E+02  0.593707  0.024566  0.0000000E+00  0.0000000E+00  8.7358800E-07  1.3171025E-01  7.1963793E-02  1.9960930E-04 -1.2428236E-01  5.8764258E-02  7.7135598E-03 0.000 0.243 1.000 1.000 1.000 1.000 1.000 1.000 1.000 1.000 1.000 1.000 1.000 1.000 1.000 1.000 1.000 1.000 1.000 1.000 1.000 1.000 1.000 1.000 1.000 1.000 1.000 1.000 1.000 1.000 1.000 1.000 1.000 1.000 1.000 1.000 1.000 1.000 1.000 1.000  8.3088830904E-02   0.45902   1.00000   0.00000   0.00000   0.4845619E-02
  2169  1.828982293973386E+07   9.988557  3.969590  4.365634  0.7172599E+00  0.2686138E+00  3.4773766E-05  1.8127169E-03  9.5870539E-05  1.7490124E-03  6.1948865E-03  6.4075817E-06  1.1237120E-05  2.1084332E-03  1.7053625E-04  0.2403    4.365634  -8.880  1.013407  7.547858  0.3283184E+00  0.6580346E+00  2.9984472E-08  5.9115981E-05  1.6036259E-05  9.0718768E-03  2.7839547E-04  1.1847163E-06  9.5973587E-10  2.1084332E-03  1.7053625E-04  2.740E-10  6.515E-17  1.584E+11  9.392E+11  3.770E+01  1.014E+06  0.59425895  4.657E-05  6.934E-05  9.409E-01  0.000E+00  0.000E+00  1.058E+00  494    2.4251  9.43E-03 2.6326E+01 4.7258E+01    4.70E+02 0.00E+00 1.98E+02  0.594507  0.024640 4.70E+02 0.00E+00 1.98E+02  0.594259  0.024641  0.0000000E+00  0.0000000E+00  8.8218562E-07  1.3208372E-01  7.1939331E-02  1.9893680E-04 -1.2415888E-01  5.8693362E-02  7.7282860E-03 0.000 0.243 1.000 1.000 1.000 1.000 1.000 1.000 1.000 1.000 1.000 1.000 1.000 1.000 1.000 1.000 1.000 1.000 1.000 1.000 1.000 1.000 1.000 1.000 1.000 1.000 1.000 1.000 1.000 1.000 1.000 1.000 1.000 1.000 1.000 1.000 1.000 1.000 1.000 1.000  8.3079172723E-02   0.45600   1.00000   0.00000   0.00000   0.4822094E-02
  2182  1.836181521592342E+07   9.988461  3.971043  4.365311  0.7171974E+00  0.2686757E+00  3.4688165E-05  1.8058553E-03  9.6093623E-05  1.7598418E-03  6.1913933E-03  6.4380977E-06  1.1205324E-05  2.1084332E-03  1.7053625E-04  0.2398    4.365311  -8.876  1.013717  7.548172  0.3261319E+00  0.6602212E+00  2.9051011E-08  5.9319253E-05  1.6097951E-05  9.0712980E-03  2.7872099E-04  1.1730664E-06  9.5895151E-10  2.1084332E-03  1.7053625E-04  2.674E-10  6.372E-17  1.557E+11  9.197E+11  3.705E+01  9.933E+05  0.59477931  4.639E-05  6.919E-05  9.408E-01  0.000E+00  0.000E+00  1.058E+00  501    2.4002  9.43E-03 2.6284E+01 4.7208E+01    4.69E+02 0.00E+00 1.98E+02  0.594993  0.024723 4.69E+02 0.00E+00 1.98E+02  0.594779  0.024722  0.0000000E+00  0.0000000E+00  8.0255709E-07  1.3248504E-01  7.1913554E-02  1.9821395E-04 -1.2402583E-01  5.8617143E-02  7.7438943E-03 0.000 0.245 1.000 1.000 1.000 1.000 1.000 1.000 1.000 1.000 1.000 1.000 1.000 1.000 1.000 1.000 1.000 1.000 1.000 1.000 1.000 1.000 1.000 1.000 1.000 1.000 1.000 1.000 1.000 1.000 1.000 1.000 1.000 1.000 1.000 1.000 1.000 1.000 1.000 1.000  8.3068617261E-02   0.45297   1.00000   0.00000   0.00000   0.4795727E-02
  2196  1.843804233188884E+07   9.988360  3.972606  4.364991  0.7171380E+00  0.2687345E+00  3.4608166E-05  1.7994501E-03  9.6298348E-05  1.7699786E-03  6.1881051E-03  6.4664922E-06  1.1175608E-05  2.1084332E-03  1.7053625E-04  0.2392    4.364991  -8.872  1.014159  7.548525  0.3237829E+00  0.6625701E+00  2.8488847E-08  5.9377808E-05  1.6115220E-05  9.0710510E-03  2.7890732E-04  1.1694636E-06  9.5840392E-10  2.1084332E-03  1.7053625E-04  2.662E-10  6.353E-17  1.550E+11  9.168E+11  3.689E+01  9.902E+05  0.59525744  4.621E-05  6.903E-05  9.407E-01  0.000E+00  0.000E+00  1.058E+00  498    2.4002  9.43E-03 2.6235E+01 4.7166E+01    4.69E+02 0.00E+00 1.98E+02  0.595528  0.024811 4.69E+02 0.00E+00 1.98E+02  0.595257  0.024811  0.0000000E+00  0.0000000E+00  8.1173389E-07  1.3289641E-01  7.1887687E-02  1.9748185E-04 -1.2389241E-01  5.8539780E-02  7.7612104E-03 0.000 0.244 1.000 1.000 1.000 1.000 1.000 1.000 1.000 1.000 1.000 1.000 1.000 1.000 1.000 1.000 1.000 1.000 1.000 1.000 1.000 1.000 1.000 1.000 1.000 1.000 1.000 1.000 1.000 1.000 1.000 1.000 1.000 1.000 1.000 1.000 1.000 1.000 1.000 1.000  8.3057314241E-02   0.44966   1.00000   0.00000   0.00000   0.4768782E-02
  2210  1.851426944785425E+07   9.988257  3.974155  4.364667  0.7170693E+00  0.2688025E+00  3.4517155E-05  1.7921723E-03  9.6526875E-05  1.7815287E-03  6.1843371E-03  6.4986469E-06  1.1141802E-05  2.1084332E-03  1.7053625E-04  0.2386    4.364667  -8.868  1.014639  7.548887  0.3213238E+00  0.6650293E+00  2.7654238E-08  5.9458031E-05  1.6136476E-05  9.0714230E-03  2.7835551E-04  1.1626433E-06  9.5559227E-10  2.1084332E-03  1.7053625E-04  2.634E-10  6.294E-17  1.532E+11  9.002E+11  3.645E+01  9.722E+05  0.59576842  4.603E-05  6.887E-05  9.406E-01  0.000E+00  0.000E+00  1.058E+00  495    2.4266  9.43E-03 2.6185E+01 4.7122E+01    4.68E+02 0.00E+00 1.98E+02  0.596009  0.024899 4.68E+02 0.00E+00 1.98E+02  0.595768  0.024899  0.0000000E+00  0.0000000E+00  8.2097234E-07  1.3332348E-01  7.1860706E-02  1.9672473E-04 -1.2375320E-01  5.8459624E-02  7.7783369E-03 0.000 0.243 1.000 1.000 1.000 1.000 1.000 1.000 1.000 1.000 1.000 1.000 1.000 1.000 1.000 1.000 1.000 1.000 1.000 1.000 1.000 1.000 1.000 1.000 1.000 1.000 1.000 1.000 1.000 1.000 1.000 1.000 1.000 1.000 1.000 1.000 1.000 1.000 1.000 1.000  8.3045880389E-02   0.44625   1.00000   0.00000   0.00000   0.4742508E-02
  2223  1.858505176982214E+07   9.988160  3.975653  4.364353  0.7170118E+00  0.2688595E+00  3.4442256E-05  1.7861903E-03  9.6711421E-05  1.7910490E-03  6.1812137E-03  6.5249895E-06  1.1113981E-05  2.1084332E-03  1.7053625E-04  0.2379    4.364353  -8.865  1.015229  7.549238  0.3188822E+00  0.6674711E+00  2.5916595E-08  5.9634794E-05  1.6180988E-05  9.0724999E-03  2.7684640E-04  1.1500413E-06  9.5154602E-10  2.1084332E-03  1.7053625E-04  2.551E-10  6.112E-17  1.483E+11  8.468E+11  3.529E+01  9.145E+05  0.59651711  4.587E-05  6.873E-05  9.404E-01  0.000E+00  0.000E+00  1.058E+00  501    2.3571  9.43E-03 2.6136E+01 4.7088E+01    4.67E+02 0.00E+00 1.98E+02  0.596421  0.024983 4.67E+02 0.00E+00 1.98E+02  0.596517  0.024984  0.0000000E+00  0.0000000E+00  8.2967377E-07  1.3374677E-01  7.1832778E-02  1.9597903E-04 -1.2361768E-01  5.8381955E-02  7.7939440E-03 0.000 0.240 1.000 1.000 1.000 1.000 1.000 1.000 1.000 1.000 1.000 1.000 1.000 1.000 1.000 1.000 1.000 1.000 1.000 1.000 1.000 1.000 1.000 1.000 1.000 1.000 1.000 1.000 1.000 1.000 1.000 1.000 1.000 1.000 1.000 1.000 1.000 1.000 1.000 1.000  8.3035144821E-02   0.44290   1.00000   0.00000   0.00000   0.4717945E-02
  2235  1.865038929779250E+07   9.988071  3.977010  4.364038  0.7169598E+00  0.2689111E+00  3.4375429E-05  1.7808589E-03  9.6873307E-05  1.7995547E-03  6.1784093E-03  6.5483975E-06  1.1089159E-05  2.1084332E-03  1.7053625E-04  0.2375    4.364038  -8.862  1.015753  7.549573  0.3166493E+00  0.6697041E+00  2.6199761E-08  5.9609772E-05  1.6176025E-05  9.0735409E-03  2.7570039E-04  1.1454594E-06  9.4573770E-10  2.1084332E-03  1.7053625E-04  2.584E-10  6.195E-17  1.500E+11  8.747E+11  3.570E+01  9.447E+05  0.59703753  4.571E-05  6.861E-05  9.403E-01  0.000E+00  0.000E+00  1.058E+00  503    2.3787  9.43E-03 2.6099E+01 4.7041E+01    4.66E+02 0.00E+00 1.97E+02  0.596969  0.025062 4.66E+02 0.00E+00 1.97E+02  0.597038  0.025062  0.0000000E+00  0.0000000E+00  8.3825217E-07  1.3414003E-01  7.1808368E-02  1.9529528E-04 -1.2349077E-01  5.8309446E-02  7.8087316E-03 0.000 0.240 1.000 1.000 1.000 1.000 1.000 1.000 1.000 1.000 1.000 1.000 1.000 1.000 1.000 1.000 1.000 1.000 1.000 1.000 1.000 1.000 1.000 1.000 1.000 1.000 1.000 1.000 1.000 1.000 1.000 1.000 1.000 1.000 1.000 1.000 1.000 1.000 1.000 1.000  8.3025128690E-02   0.43979   1.00000   0.00000   0.00000   0.4693847E-02
  2246  1.871028203176533E+07   9.987988  3.978248  4.363737  0.7169143E+00  0.2689562E+00  3.4317717E-05  1.7762591E-03  9.7011169E-05  1.8069083E-03  6.1759749E-03  6.5685453E-06  1.1067723E-05  2.1084332E-03  1.7053625E-04  0.2372    4.363737  -8.859  1.016212  7.549828  0.3146766E+00  0.6716769E+00  2.5439020E-08  5.9694475E-05  1.6200102E-05  9.0738219E-03  2.7524198E-04  1.1398088E-06  9.4456393E-10  2.1084332E-03  1.7053625E-04  2.466E-10  5.920E-17  1.467E+11  8.426E+11  3.492E+01  9.100E+05  0.59727759  4.554E-05  6.851E-05  9.402E-01  0.000E+00  0.000E+00  1.058E+00  503    2.3787  9.43E-03 2.6060E+01 4.6994E+01    4.66E+02 0.00E+00 1.97E+02  0.597555  0.025133 4.66E+02 0.00E+00 1.97E+02  0.597278  0.025133  0.0000000E+00  0.0000000E+00  8.4621533E-07  1.3451523E-01  7.1789289E-02  1.9466524E-04 -1.2336920E-01  5.8240472E-02  7.8216458E-03 0.000 0.242 1.000 1.000 1.000 1.000 1.000 1.000 1.000 1.000 1.000 1.000 1.000 1.000 1.000 1.000 1.000 1.000 1.000 1.000 1.000 1.000 1.000 1.000 1.000 1.000 1.000 1.000 1.000 1.000 1.000 1.000 1.000 1.000 1.000 1.000 1.000 1.000 1.000 1.000  8.3015858991E-02   0.43708   1.00000   0.00000   0.00000   0.4671750E-02
  2257  1.877017476573816E+07   9.987905  3.979524  4.363429  0.7168555E+00  0.2690145E+00  3.4244175E-05  1.7704038E-03  9.7184073E-05  1.8162901E-03  6.1728551E-03  6.5941216E-06  1.1040411E-05  2.1084332E-03  1.7053625E-04  0.2368    4.363429  -8.856  1.016766  7.550159  0.3123789E+00  0.6739750E+00  2.4663208E-08  5.9780009E-05  1.6220407E-05  9.0759546E-03  2.7267900E-04  1.1256014E-06  9.3449150E-10  2.1084332E-03  1.7053625E-04  2.473E-10  5.946E-17  1.463E+11  8.408E+11  3.482E+01  9.080E+05  0.59779236  4.539E-05  6.840E-05  9.401E-01  0.000E+00  0.000E+00  1.059E+00  504    2.3571  9.43E-03 2.6027E+01 4.6963E+01    4.65E+02 0.00E+00 1.97E+02  0.597887  0.025206 4.65E+02 0.00E+00 1.97E+02  0.597792  0.025206  0.0000000E+00  0.0000000E+00  8.5393894E-07  1.3491567E-01  7.1765043E-02  1.9398771E-04 -1.2324113E-01  5.8168131E-02  7.8349117E-03 0.000 0.238 1.000 1.000 1.000 1.000 1.000 1.000 1.000 1.000 1.000 1.000 1.000 1.000 1.000 1.000 1.000 1.000 1.000 1.000 1.000 1.000 1.000 1.000 1.000 1.000 1.000 1.000 1.000 1.000 1.000 1.000 1.000 1.000 1.000 1.000 1.000 1.000 1.000 1.000  8.3006503035E-02   0.43387   1.00000   0.00000   0.00000   0.4650507E-02
  2270  1.884095708770605E+07   9.987806  3.980996  4.363101  0.7167848E+00  0.2690846E+00  3.4157055E-05  1.7634759E-03  9.7385273E-05  1.8274189E-03  6.1691356E-03  6.6242918E-06  1.1008058E-05  2.1084332E-03  1.7053625E-04  0.2362    4.363101  -8.852  1.017240  7.550510  0.3100532E+00  0.6763007E+00  2.4341524E-08  5.9825035E-05  1.6234821E-05  9.0761826E-03  2.7234306E-04  1.1230061E-06  9.3340985E-10  2.1084332E-03  1.7053625E-04  2.473E-10  5.954E-17  1.458E+11  8.422E+11  3.470E+01  9.096E+05  0.59822250  4.521E-05  6.827E-05  9.400E-01  0.000E+00  0.000E+00  1.059E+00  503    2.3780  9.43E-03 2.5987E+01 4.6911E+01    4.64E+02 0.00E+00 1.97E+02  0.598468  0.025291 4.64E+02 0.00E+00 1.97E+02  0.598223  0.025291  0.0000000E+00  0.0000000E+00  8.6341366E-07  1.3533954E-01  7.1740754E-02  1.9327291E-04 -1.2310682E-01  5.8090874E-02  7.8512844E-03 0.000 0.238 1.000 1.000 1.000 1.000 1.000 1.000 1.000 1.000 1.000 1.000 1.000 1.000 1.000 1.000 1.000 1.000 1.000 1.000 1.000 1.000 1.000 1.000 1.000 1.000 1.000 1.000 1.000 1.000 1.000 1.000 1.000 1.000 1.000 1.000 1.000 1.000 1.000 1.000  8.2995334397E-02   0.43061   1.00000   0.00000   0.00000   0.4625793E-02
  2282  1.890629461567641E+07   9.987714  3.982358  4.362799  0.7167334E+00  0.2691356E+00  3.4094505E-05  1.7585077E-03  9.7527199E-05  1.8354195E-03  6.1664486E-03  6.6458630E-06  1.0984832E-05  2.1084332E-03  1.7053625E-04  0.2357    4.362799  -8.849  1.017683  7.550832  0.3079331E+00  0.6784209E+00  2.3875507E-08  5.9879999E-05  1.6250275E-05  9.0761485E-03  2.7229292E-04  1.1197102E-06  9.3250340E-10  2.1084332E-03  1.7053625E-04  2.469E-10  5.959E-17  1.448E+11  8.359E+11  3.447E+01  9.028E+05  0.59874424  4.505E-05  6.813E-05  9.399E-01  0.000E+00  0.000E+00  1.059E+00  508    2.3571  9.43E-03 2.5945E+01 4.6877E+01    4.64E+02 0.00E+00 1.97E+02  0.599011  0.025371 4.64E+02 0.00E+00 1.97E+02  0.598744  0.025370  0.0000000E+00  0.0000000E+00  8.7225290E-07  1.3572927E-01  7.1716557E-02  1.9261190E-04 -1.2298420E-01  5.8020233E-02  7.8664204E-03 0.000 0.238 1.000 1.000 1.000 1.000 1.000 1.000 1.000 1.000 1.000 1.000 1.000 1.000 1.000 1.000 1.000 1.000 1.000 1.000 1.000 1.000 1.000 1.000 1.000 1.000 1.000 1.000 1.000 1.000 1.000 1.000 1.000 1.000 1.000 1.000 1.000 1.000 1.000 1.000  8.2984915674E-02   0.42767   1.00000   0.00000   0.00000   0.4602405E-02
  2295  1.897707693764430E+07   9.987613  3.983829  4.362490  0.7166676E+00  0.2692009E+00  3.4015682E-05  1.7522544E-03  9.7702979E-05  1.8455139E-03  6.1630424E-03  6.6729354E-06  1.0955567E-05  2.1084332E-03  1.7053625E-04  0.2351    4.362490  -8.845  1.018160  7.551176  0.3056924E+00  0.6806615E+00  2.3342650E-08  5.9942014E-05  1.6268168E-05  9.0757187E-03  2.7268070E-04  1.1183295E-06  9.3373973E-10  2.1084332E-03  1.7053625E-04  2.431E-10  5.877E-17  1.434E+11  8.253E+11  3.414E+01  8.914E+05  0.59947991  4.490E-05  6.797E-05  9.397E-01  0.000E+00  0.000E+00  1.059E+00  514    2.3796  9.43E-03 2.5898E+01 4.6848E+01    4.63E+02 0.00E+00 1.97E+02  0.599426  0.025456 4.63E+02 0.00E+00 1.97E+02  0.599480  0.025455  0.0000000E+00  0.0000000E+00  8.8152178E-07  1.3614395E-01  7.1688433E-02  1.9190271E-04 -1.2285454E-01  5.7945441E-02  7.8826438E-03 0.000 0.238 1.000 1.000 1.000 1.000 1.000 1.000 1.000 1.000 1.000 1.000 1.000 1.000 1.000 1.000 1.000 1.000 1.000 1.000 1.000 1.000 1.000 1.000 1.000 1.000 1.000 1.000 1.000 1.000 1.000 1.000 1.000 1.000 1.000 1.000 1.000 1.000 1.000 1.000  8.2973510188E-02   0.42459   1.00000   0.00000   0.00000   0.4578491E-02
  2308  1.904785925961218E+07   9.987511  3.985300  4.362171  0.7165962E+00  0.2692717E+00  3.3931573E-05  1.7455908E-03  9.7886875E-05  1.8562997E-03  6.1593836E-03  6.7016892E-06  1.0924346E-05  2.1084332E-03  1.7053625E-04  0.2346    4.362171  -8.842  1.018601  7.551523  0.3034841E+00  0.6828697E+00  2.3106822E-08  5.9970812E-05  1.6276967E-05  9.0751239E-03  2.7331059E-04  1.1190383E-06  9.3478006E-10  2.1084332E-03  1.7053625E-04  2.441E-10  5.908E-17  1.440E+11  8.401E+11  3.428E+01  9.073E+05  0.59988416  4.473E-05  6.782E-05  9.396E-01  0.000E+00  0.000E+00  1.059E+00  516    2.3571  9.43E-03 2.5855E+01 4.6794E+01    4.62E+02 0.00E+00 1.97E+02  0.600002  0.025541 4.62E+02 0.00E+00 1.97E+02  0.599884  0.025541  0.0000000E+00  0.0000000E+00  8.9117220E-07  1.3655719E-01  7.1664731E-02  1.9121476E-04 -1.2272692E-01  5.7871532E-02  7.8992632E-03 0.000 0.240 1.000 1.000 1.000 1.000 1.000 1.000 1.000 1.000 1.000 1.000 1.000 1.000 1.000 1.000 1.000 1.000 1.000 1.000 1.000 1.000 1.000 1.000 1.000 1.000 1.000 1.000 1.000 1.000 1.000 1.000 1.000 1.000 1.000 1.000 1.000 1.000 1.000 1.000  8.2961980866E-02   0.42151   1.00000   0.00000   0.00000   0.4553835E-02
  2320  1.911319678758254E+07   9.987417  3.986660  4.361864  0.7165268E+00  0.2693406E+00  3.3850951E-05  1.7392121E-03  9.8059734E-05  1.8666520E-03  6.1558538E-03  6.7291256E-06  1.0894423E-05  2.1084332E-03  1.7053625E-04  0.2341    4.361864  -8.838  1.019066  7.551843  0.3013967E+00  0.6849572E+00  2.2357602E-08  6.0058012E-05  1.6300701E-05  9.0747515E-03  2.7359372E-04  1.1158470E-06  9.3589571E-10  2.1084332E-03  1.7053625E-04  2.388E-10  5.788E-17  1.412E+11  8.118E+11  3.361E+01  8.767E+05  0.60041390  4.457E-05  6.768E-05  9.395E-01  0.000E+00  0.000E+00  1.059E+00  519    2.3571  9.43E-03 2.5807E+01 4.6755E+01    4.62E+02 0.00E+00 1.97E+02  0.600529  0.025622 4.62E+02 0.00E+00 1.97E+02  0.600414  0.025620  0.0000000E+00  0.0000000E+00  9.0047713E-07  1.3694525E-01  7.1639635E-02  1.9055952E-04 -1.2260639E-01  5.7801867E-02  7.9144079E-03 0.000 0.238 1.000 1.000 1.000 1.000 1.000 1.000 1.000 1.000 1.000 1.000 1.000 1.000 1.000 1.000 1.000 1.000 1.000 1.000 1.000 1.000 1.000 1.000 1.000 1.000 1.000 1.000 1.000 1.000 1.000 1.000 1.000 1.000 1.000 1.000 1.000 1.000 1.000 1.000  8.2951226163E-02   0.41870   1.00000   0.00000   0.00000   0.4530949E-02
  2331  1.917308952155537E+07   9.987330  3.987995  4.361543  0.7164701E+00  0.2693969E+00  3.3786053E-05  1.7340837E-03  9.8196387E-05  1.8749953E-03  6.1529956E-03  6.7511188E-06  1.0870341E-05  2.1084332E-03  1.7053625E-04  0.2339    4.361543  -8.835  1.019811  7.552181  0.2991185E+00  0.6872356E+00  2.1071712E-08  6.0221530E-05  1.6340710E-05  9.0763437E-03  2.7152142E-04  1.1005933E-06  9.2833304E-10  2.1084332E-03  1.7053625E-04  2.357E-10  5.731E-17  1.387E+11  7.812E+11  3.301E+01  8.437E+05  0.60099225  4.442E-05  6.757E-05  9.394E-01  0.000E+00  0.000E+00  1.059E+00  520    2.3138  9.43E-03 2.5761E+01 4.6724E+01    4.61E+02 0.00E+00 1.97E+02  0.600936  0.025698 4.61E+02 0.00E+00 1.97E+02  0.600992  0.025699  0.0000000E+00  0.0000000E+00  9.0898070E-07  1.3735074E-01  7.1613311E-02  1.8988717E-04 -1.2248319E-01  5.7731586E-02  7.9279991E-03 0.000 0.236 1.000 1.000 1.000 1.000 1.000 1.000 1.000 1.000 1.000 1.000 1.000 1.000 1.000 1.000 1.000 1.000 1.000 1.000 1.000 1.000 1.000 1.000 1.000 1.000 1.000 1.000 1.000 1.000 1.000 1.000 1.000 1.000 1.000 1.000 1.000 1.000 1.000 1.000  8.2941269658E-02   0.41557   1.00000   0.00000   0.00000   0.4508748E-02
  2342  1.923298225552820E+07   9.987242  3.989239  4.361219  0.7164050E+00  0.2694614E+00  3.3712597E-05  1.7282863E-03  9.8348311E-05  1.8844495E-03  6.1497421E-03  6.7759093E-06  1.0843089E-05  2.1084332E-03  1.7053625E-04  0.2331    4.361219  -8.832  1.020221  7.552501  0.2970447E+00  0.6893095E+00  2.1174855E-08  6.0204114E-05  1.6337048E-05  9.0769391E-03  2.7086977E-04  1.0993886E-06  9.2544208E-10  2.1084332E-03  1.7053625E-04  2.219E-10  5.399E-17  1.382E+11  7.845E+11  3.288E+01  8.473E+05  0.60144270  4.426E-05  6.746E-05  9.393E-01  0.000E+00  0.000E+00  1.059E+00  523    2.3531  9.43E-03 2.5732E+01 4.6669E+01    4.60E+02 0.00E+00 1.97E+02  0.601525  0.025772 4.60E+02 0.00E+00 1.97E+02  0.601443  0.025772  0.0000000E+00  0.0000000E+00  9.1768404E-07  1.3774104E-01  7.1590772E-02  1.8924741E-04 -1.2236096E-01  5.7661922E-02  7.9419375E-03 0.000 0.236 1.000 1.000 1.000 1.000 1.000 1.000 1.000 1.000 1.000 1.000 1.000 1.000 1.000 1.000 1.000 1.000 1.000 1.000 1.000 1.000 1.000 1.000 1.000 1.000 1.000 1.000 1.000 1.000 1.000 1.000 1.000 1.000 1.000 1.000 1.000 1.000 1.000 1.000  8.2931217171E-02   0.41263   1.00000   0.00000   0.00000   0.4486854E-02
  2352  1.928743019550350E+07   9.987161  3.990404  4.360901  0.7163506E+00  0.2695155E+00  3.3651922E-05  1.7235031E-03  9.8471746E-05  1.8922669E-03  6.1470407E-03  6.7963091E-06  1.0820582E-05  2.1084332E-03  1.7053625E-04  0.2328    4.360901  -8.829  1.020815  7.552782  0.2950369E+00  0.6913175E+00  2.0637829E-08  6.0286844E-05  1.6360334E-05  9.0779704E-03  2.6956155E-04  1.0893610E-06  9.1973876E-10  2.1084332E-03  1.7053625E-04  2.267E-10  5.524E-17  1.371E+11  7.740E+11  3.263E+01  8.359E+05  0.60174060  4.410E-05  6.737E-05  9.392E-01  0.000E+00  0.000E+00  1.060E+00  517    2.3138  9.43E-03 2.5698E+01 4.6633E+01    4.60E+02 0.00E+00 1.96E+02  0.602115  0.025840 4.60E+02 0.00E+00 1.96E+02  0.601741  0.025840  0.0000000E+00  0.0000000E+00  9.2582398E-07  1.3812355E-01  7.1569603E-02  1.8863578E-04 -1.2224381E-01  5.7595572E-02  7.9542425E-03 0.000 0.234 1.000 1.000 1.000 1.000 1.000 1.000 1.000 1.000 1.000 1.000 1.000 1.000 1.000 1.000 1.000 1.000 1.000 1.000 1.000 1.000 1.000 1.000 1.000 1.000 1.000 1.000 1.000 1.000 1.000 1.000 1.000 1.000 1.000 1.000 1.000 1.000 1.000 1.000  8.2921996001E-02   0.40974   1.00000   0.00000   0.00000   0.4466437E-02
  2363  1.934732292947633E+07   9.987072  3.991693  4.360588  0.7162965E+00  0.2695692E+00  3.3592233E-05  1.7188026E-03  9.8591270E-05  1.8999647E-03  6.1443703E-03  6.8163053E-06  1.0798445E-05  2.1084332E-03  1.7053625E-04  0.2322    4.360588  -8.826  1.021324  7.553108  0.2929224E+00  0.6934321E+00  2.0355390E-08  6.0326068E-05  1.6371384E-05  9.0785564E-03  2.6882968E-04  1.0854197E-06  9.1676608E-10  2.1084332E-03  1.7053625E-04  2.245E-10  5.479E-17  1.364E+11  7.727E+11  3.247E+01  8.345E+05  0.60241173  4.396E-05  6.724E-05  9.390E-01  0.000E+00  0.000E+00  1.060E+00  519    2.3138  9.43E-03 2.5662E+01 4.6602E+01    4.59E+02 0.00E+00 1.96E+02  0.602600  0.025916 4.59E+02 0.00E+00 1.96E+02  0.602412  0.025916  0.0000000E+00  0.0000000E+00  9.3470444E-07  1.3851792E-01  7.1542023E-02  1.8798254E-04 -1.2212332E-01  5.7526598E-02  7.9683415E-03 0.000 0.235 1.000 1.000 1.000 1.000 1.000 1.000 1.000 1.000 1.000 1.000 1.000 1.000 1.000 1.000 1.000 1.000 1.000 1.000 1.000 1.000 1.000 1.000 1.000 1.000 1.000 1.000 1.000 1.000 1.000 1.000 1.000 1.000 1.000 1.000 1.000 1.000 1.000 1.000  8.2911758020E-02   0.40681   1.00000   0.00000   0.00000   0.4449586E-02
  2374  1.940721566344916E+07   9.986983  3.992965  4.360265  0.7162266E+00  0.2696386E+00  3.3516234E-05  1.7128252E-03  9.8740798E-05  1.9097762E-03  6.1409519E-03  6.8416637E-06  1.0770266E-05  2.1084332E-03  1.7053625E-04  0.2319    4.360265  -8.823  1.021826  7.553434  0.2907965E+00  0.6955581E+00  1.9767555E-08  6.0408888E-05  1.6393487E-05  9.0790873E-03  2.6809149E-04  1.0789251E-06  9.1414444E-10  2.1084332E-03  1.7053625E-04  2.198E-10  5.371E-17  1.347E+11  7.582E+11  3.207E+01  8.189E+05  0.60278797  4.380E-05  6.714E-05  9.389E-01  0.000E+00  0.000E+00  1.060E+00  527    2.3138  9.43E-03 2.5627E+01 4.6554E+01    4.58E+02 0.00E+00 1.96E+02  0.603098  0.025992 4.58E+02 0.00E+00 1.96E+02  0.602788  0.025992  0.0000000E+00  0.0000000E+00  9.4367188E-07  1.3892118E-01  7.1520536E-02  1.8734472E-04 -1.2200038E-01  5.7456207E-02  7.9827460E-03 0.000 0.234 1.000 1.000 1.000 1.000 1.000 1.000 1.000 1.000 1.000 1.000 1.000 1.000 1.000 1.000 1.000 1.000 1.000 1.000 1.000 1.000 1.000 1.000 1.000 1.000 1.000 1.000 1.000 1.000 1.000 1.000 1.000 1.000 1.000 1.000 1.000 1.000 1.000 1.000  8.2901423026E-02   0.40388   1.00000   0.00000   0.00000   0.4423458E-02
  2385  1.946710839742199E+07   9.986892  3.994256  4.359958  0.7161716E+00  0.2696932E+00  3.3457129E-05  1.7081820E-03  9.8855056E-05  1.9174146E-03  6.1382795E-03  6.8613073E-06  1.0748355E-05  2.1084332E-03  1.7053625E-04  0.2314    4.359958  -8.820  1.022288  7.553750  0.2887824E+00  0.6975722E+00  1.9388451E-08  6.0462612E-05  1.6408327E-05  9.0789858E-03  2.6811955E-04  1.0768689E-06  9.1383177E-10  2.1084332E-03  1.7053625E-04  2.221E-10  5.435E-17  1.339E+11  7.525E+11  3.187E+01  8.127E+05  0.60340870  4.366E-05  6.700E-05  9.388E-01  0.000E+00  0.000E+00  1.060E+00  525    2.3325  9.43E-03 2.5586E+01 4.6529E+01    4.58E+02 0.00E+00 1.96E+02  0.603598  0.026068 4.58E+02 0.00E+00 1.96E+02  0.603409  0.026068  0.0000000E+00  0.0000000E+00  9.5271688E-07  1.3931181E-01  7.1494101E-02  1.8670902E-04 -1.2188260E-01  5.7388464E-02  7.9971594E-03 0.000 0.234 1.000 1.000 1.000 1.000 1.000 1.000 1.000 1.000 1.000 1.000 1.000 1.000 1.000 1.000 1.000 1.000 1.000 1.000 1.000 1.000 1.000 1.000 1.000 1.000 1.000 1.000 1.000 1.000 1.000 1.000 1.000 1.000 1.000 1.000 1.000 1.000 1.000 1.000  8.2890988151E-02   0.40110   1.00000   0.00000   0.00000   0.4402191E-02
  2396  1.952427873439606E+07   9.986806  3.995451  4.359628  0.7161160E+00  0.2697485E+00  3.3398059E-05  1.7035469E-03  9.8967380E-05  1.9250557E-03  6.1355956E-03  6.8808671E-06  1.0726463E-05  2.1084332E-03  1.7053625E-04  0.2309    4.359628  -8.817  1.022630  7.554034  0.2868063E+00  0.6995483E+00  1.8682386E-08  6.0688362E-05  1.6476139E-05  9.0789246E-03  2.6781676E-04  1.0643936E-06  9.1228995E-10  2.1084332E-03  1.7053625E-04  2.163E-10  5.295E-17  1.313E+11  7.323E+11  3.125E+01  7.909E+05  0.60383679  4.351E-05  6.688E-05  9.387E-01  0.000E+00  0.000E+00  1.060E+00  530    2.3138  9.43E-03 2.5552E+01 4.6481E+01    4.57E+02 0.00E+00 1.96E+02  0.604116  0.026139 4.57E+02 0.00E+00 1.96E+02  0.603837  0.026140  0.0000000E+00  0.0000000E+00  8.6518922E-07  1.3971984E-01  7.1471850E-02  1.8606812E-04 -1.2175691E-01  5.7317332E-02  8.0104041E-03 0.000 0.235 1.000 1.000 1.000 1.000 1.000 1.000 1.000 1.000 1.000 1.000 1.000 1.000 1.000 1.000 1.000 1.000 1.000 1.000 1.000 1.000 1.000 1.000 1.000 1.000 1.000 1.000 1.000 1.000 1.000 1.000 1.000 1.000 1.000 1.000 1.000 1.000 1.000 1.000  8.2880935758E-02   0.39837   1.00000   0.00000   0.00000   0.4381779E-02
  2408  1.958651272978784E+07   9.986710  3.996843  4.359312  0.7160522E+00  0.2698119E+00  3.3331155E-05  1.6983034E-03  9.9092422E-05  1.9337185E-03  6.1325407E-03  6.9029359E-06  1.0701673E-05  2.1084332E-03  1.7053625E-04  0.2304    4.359312  -8.814  1.023196  7.554356  0.2847411E+00  0.7016136E+00  1.8448744E-08  6.0604616E-05  1.6447637E-05  9.0788340E-03  2.6806219E-04  1.0695833E-06  9.1303083E-10  2.1084332E-03  1.7053625E-04  2.175E-10  5.329E-17  1.309E+11  7.307E+11  3.116E+01  7.891E+05  0.60435365  4.335E-05  6.675E-05  9.386E-01  0.000E+00  0.000E+00  1.060E+00  530    2.3313  9.43E-03 2.5512E+01 4.6442E+01    4.56E+02 0.00E+00 1.96E+02  0.604630  0.026223 4.56E+02 0.00E+00 1.96E+02  0.604354  0.026223  0.0000000E+00  0.0000000E+00  9.6164258E-07  1.4012879E-01  7.1446496E-02  1.8541890E-04 -1.2163678E-01  5.7247815E-02  8.0258147E-03 0.000 0.233 1.000 1.000 1.000 1.000 1.000 1.000 1.000 1.000 1.000 1.000 1.000 1.000 1.000 1.000 1.000 1.000 1.000 1.000 1.000 1.000 1.000 1.000 1.000 1.000 1.000 1.000 1.000 1.000 1.000 1.000 1.000 1.000 1.000 1.000 1.000 1.000 1.000 1.000  8.2869887363E-02   0.39548   1.00000   0.00000   0.00000   0.4359329E-02
  2419  1.964580653642096E+07   9.986619  3.998133  4.359008  0.7159776E+00  0.2698860E+00  3.3253978E-05  1.6922629E-03  9.9233886E-05  1.9437218E-03  6.1289974E-03  6.9282839E-06  1.0673086E-05  2.1084332E-03  1.7053625E-04  0.2299    4.359008  -8.811  1.023691  7.554682  0.2826907E+00  0.7036640E+00  1.8371209E-08  6.0627956E-05  1.6456654E-05  9.0790128E-03  2.6781812E-04  1.0669685E-06  9.1076230E-10  2.1084332E-03  1.7053625E-04  2.166E-10  5.316E-17  1.311E+11  7.375E+11  3.121E+01  7.965E+05  0.60484011  4.320E-05  6.662E-05  9.385E-01  0.000E+00  0.000E+00  1.060E+00  529    2.3308  9.43E-03 2.5464E+01 4.6415E+01    4.56E+02 0.00E+00 1.96E+02  0.604998  0.026299 4.56E+02 0.00E+00 1.96E+02  0.604840  0.026300  0.0000000E+00  0.0000000E+00  9.7051335E-07  1.4052994E-01  7.1422026E-02  1.8478865E-04 -1.2151761E-01  5.7179313E-02  8.0403409E-03 0.000 0.233 1.000 1.000 1.000 1.000 1.000 1.000 1.000 1.000 1.000 1.000 1.000 1.000 1.000 1.000 1.000 1.000 1.000 1.000 1.000 1.000 1.000 1.000 1.000 1.000 1.000 1.000 1.000 1.000 1.000 1.000 1.000 1.000 1.000 1.000 1.000 1.000 1.000 1.000  8.2859257356E-02   0.39260   1.00000   0.00000   0.00000   0.4338923E-02
  2430  1.970024903160228E+07   9.986535  3.999346  4.358695  0.7159134E+00  0.2699498E+00  3.3188390E-05  1.6871362E-03  9.9351831E-05  1.9522318E-03  6.1259701E-03  6.9497360E-06  1.0648798E-05  2.1084332E-03  1.7053625E-04  0.2299    4.358695  -8.808  1.024262  7.554985  0.2808150E+00  0.7055397E+00  1.7475519E-08  6.0890818E-05  1.6533407E-05  9.0787811E-03  2.6765173E-04  1.0523781E-06  9.0911135E-10  2.1084332E-03  1.7053625E-04  2.034E-10  5.000E-17  1.265E+11  6.868E+11  3.011E+01  7.418E+05  0.60525759  4.305E-05  6.651E-05  9.384E-01  0.000E+00  0.000E+00  1.060E+00  534    2.3138  9.43E-03 2.5429E+01 4.6370E+01    4.55E+02 0.00E+00 1.96E+02  0.605430  0.026372 4.55E+02 0.00E+00 1.96E+02  0.605258  0.026373  0.0000000E+00  0.0000000E+00  8.8134043E-07  1.4092350E-01  7.1400430E-02  1.8410480E-04 -1.2140126E-01  5.7113221E-02  8.0531290E-03 0.000 0.233 1.000 1.000 1.000 1.000 1.000 1.000 1.000 1.000 1.000 1.000 1.000 1.000 1.000 1.000 1.000 1.000 1.000 1.000 1.000 1.000 1.000 1.000 1.000 1.000 1.000 1.000 1.000 1.000 1.000 1.000 1.000 1.000 1.000 1.000 1.000 1.000 1.000 1.000  8.2849408565E-02   0.39000   1.00000   0.00000   0.00000   0.4318735E-02
  2442  1.975846476902388E+07   9.986444  4.000677  4.358387  0.7158507E+00  0.2700121E+00  3.3125104E-05  1.6821956E-03  9.9463565E-05  1.9604510E-03  6.1230343E-03  6.9703530E-06  1.0625369E-05  2.1084332E-03  1.7053625E-04  0.2291    4.358387  -8.805  1.024711  7.555313  0.2787869E+00  0.7075679E+00  1.7314760E-08  6.0911172E-05  1.6538445E-05  9.0789684E-03  2.6740596E-04  1.0506204E-06  9.0665722E-10  2.1084332E-03  1.7053625E-04  2.073E-10  5.106E-17  1.275E+11  7.065E+11  3.036E+01  7.630E+05  0.60576806  4.291E-05  6.639E-05  9.382E-01  0.000E+00  0.000E+00  1.061E+00  541    2.2920  9.43E-03 2.5390E+01 4.6329E+01    4.54E+02 0.00E+00 1.96E+02  0.605905  0.026453 4.54E+02 0.00E+00 1.96E+02  0.605768  0.026453  0.0000000E+00  0.0000000E+00  8.9010662E-07  1.4132980E-01  7.1375953E-02  1.8347353E-04 -1.2128304E-01  5.7045206E-02  8.0673882E-03 0.000 0.234 1.000 1.000 1.000 1.000 1.000 1.000 1.000 1.000 1.000 1.000 1.000 1.000 1.000 1.000 1.000 1.000 1.000 1.000 1.000 1.000 1.000 1.000 1.000 1.000 1.000 1.000 1.000 1.000 1.000 1.000 1.000 1.000 1.000 1.000 1.000 1.000 1.000 1.000  8.2838774398E-02   0.38717   1.00000   0.00000   0.00000   0.4297877E-02
  2454  1.981668050644548E+07   9.986352  4.001961  4.358066  0.7157813E+00  0.2700812E+00  3.3055880E-05  1.6767983E-03  9.9583530E-05  1.9694498E-03  6.1198070E-03  6.9928141E-06  1.0599751E-05  2.1084332E-03  1.7053625E-04  0.2286    4.358066  -8.802  1.025225  7.555638  0.2767195E+00  0.7096353E+00  1.6922481E-08  6.0976442E-05  1.6556474E-05  9.0793039E-03  2.6691813E-04  1.0455165E-06  9.0428320E-10  2.1084332E-03  1.7053625E-04  2.044E-10  5.042E-17  1.268E+11  7.037E+11  3.018E+01  7.600E+05  0.60626790  4.276E-05  6.627E-05  9.381E-01  0.000E+00  0.000E+00  1.061E+00  541    2.2920  9.42E-03 2.5351E+01 4.6289E+01    4.54E+02 0.00E+00 1.96E+02  0.606403  0.026530 4.54E+02 0.00E+00 1.96E+02  0.606268  0.026530  0.0000000E+00  0.0000000E+00  8.9855622E-07  1.4174042E-01  7.1351244E-02  1.8283840E-04 -1.2116271E-01  5.6976167E-02  8.0817501E-03 0.000 0.234 1.000 1.000 1.000 1.000 1.000 1.000 1.000 1.000 1.000 1.000 1.000 1.000 1.000 1.000 1.000 1.000 1.000 1.000 1.000 1.000 1.000 1.000 1.000 1.000 1.000 1.000 1.000 1.000 1.000 1.000 1.000 1.000 1.000 1.000 1.000 1.000 1.000 1.000  8.2828039407E-02   0.38431   1.00000   0.00000   0.00000   0.4277452E-02
  2465  1.987004493241528E+07   9.986268  4.003174  4.357752  0.7157159E+00  0.2701461E+00  3.2991554E-05  1.6717894E-03  9.9692926E-05  1.9778197E-03  6.1167933E-03  7.0136022E-06  1.0575952E-05  2.1084332E-03  1.7053625E-04  0.2283    4.357752  -8.799  1.025886  7.555960  0.2747070E+00  0.7116480E+00  1.6167117E-08  6.1104343E-05  1.6589479E-05  9.0801083E-03  2.6579652E-04  1.0362767E-06  9.0107751E-10  2.1084332E-03  1.7053625E-04  2.016E-10  4.981E-17  1.245E+11  6.780E+11  2.964E+01  7.322E+05  0.60683871  4.262E-05  6.616E-05  9.380E-01  0.000E+00  0.000E+00  1.061E+00  540    2.2702  9.42E-03 2.5315E+01 4.6262E+01    4.53E+02 0.00E+00 1.95E+02  0.606849  0.026604 4.53E+02 0.00E+00 1.95E+02  0.606839  0.026604  0.0000000E+00  0.0000000E+00  9.0669965E-07  1.4213786E-01  7.1326133E-02  1.8222699E-04 -1.2104783E-01  5.6910775E-02  8.0945016E-03 0.000 0.231 1.000 1.000 1.000 1.000 1.000 1.000 1.000 1.000 1.000 1.000 1.000 1.000 1.000 1.000 1.000 1.000 1.000 1.000 1.000 1.000 1.000 1.000 1.000 1.000 1.000 1.000 1.000 1.000 1.000 1.000 1.000 1.000 1.000 1.000 1.000 1.000 1.000 1.000  8.2818107470E-02   0.38157   1.00000   0.00000   0.00000   0.4257561E-02
  2476  1.992340935838509E+07   9.986182  4.004329  4.357428  0.7156622E+00  0.2701996E+00  3.2939204E-05  1.6677178E-03  9.9780412E-05  1.9846371E-03  6.1143294E-03  7.0304578E-06  1.0556589E-05  2.1084332E-03  1.7053625E-04  0.2278    4.357428  -8.796  1.026418  7.556277  0.2726789E+00  0.7136762E+00  1.5750745E-08  6.1181502E-05  1.6610185E-05  9.0810058E-03  2.6464996E-04  1.0283516E-06  8.9636856E-10  2.1084332E-03  1.7053625E-04  1.994E-10  4.932E-17  1.235E+11  6.693E+11  2.939E+01  7.229E+05  0.60714130  4.246E-05  6.607E-05  9.379E-01  0.000E+00  0.000E+00  1.061E+00  543    2.2702  9.42E-03 2.5277E+01 4.6214E+01    4.53E+02 0.00E+00 1.95E+02  0.607395  0.026674 4.53E+02 0.00E+00 1.95E+02  0.607141  0.026674  0.0000000E+00  0.0000000E+00  9.1471960E-07  1.4253896E-01  7.1304264E-02  1.8162206E-04 -1.2093006E-01  5.6843731E-02  8.1076849E-03 0.000 0.229 1.000 1.000 1.000 1.000 1.000 1.000 1.000 1.000 1.000 1.000 1.000 1.000 1.000 1.000 1.000 1.000 1.000 1.000 1.000 1.000 1.000 1.000 1.000 1.000 1.000 1.000 1.000 1.000 1.000 1.000 1.000 1.000 1.000 1.000 1.000 1.000 1.000 1.000  8.2808085216E-02   0.37871   1.00000   0.00000   0.00000   0.4238181E-02
  2487  1.997677378435489E+07   9.986097  4.005524  4.357120  0.7156004E+00  0.2702610E+00  3.2879745E-05  1.6630988E-03  9.9878064E-05  1.9923867E-03  6.1115186E-03  7.0495324E-06  1.0534604E-05  2.1084332E-03  1.7053625E-04  0.2272    4.357120  -8.793  1.026946  7.556595  0.2706833E+00  0.7156720E+00  1.5668091E-08  6.1199779E-05  1.6616445E-05  9.0817560E-03  2.6376371E-04  1.0249113E-06  8.9251491E-10  2.1084332E-03  1.7053625E-04  1.968E-10  4.872E-17  1.234E+11  6.751E+11  2.937E+01  7.291E+05  0.60769475  4.233E-05  6.595E-05  9.378E-01  0.000E+00  0.000E+00  1.061E+00  546    2.2702  9.42E-03 2.5246E+01 4.6183E+01    4.52E+02 0.00E+00 1.95E+02  0.607637  0.026746 4.52E+02 0.00E+00 1.95E+02  0.607695  0.026747  0.0000000E+00  0.0000000E+00  9.2233237E-07  1.4294265E-01  7.1278697E-02  1.8100708E-04 -1.2081288E-01  5.6776963E-02  8.1209636E-03 0.000 0.230 1.000 1.000 1.000 1.000 1.000 1.000 1.000 1.000 1.000 1.000 1.000 1.000 1.000 1.000 1.000 1.000 1.000 1.000 1.000 1.000 1.000 1.000 1.000 1.000 1.000 1.000 1.000 1.000 1.000 1.000 1.000 1.000 1.000 1.000 1.000 1.000 1.000 1.000  8.2797976725E-02   0.37593   1.00000   0.00000   0.00000   0.4219686E-02
  2498  2.003013821032469E+07   9.986011  4.006702  4.356793  0.7155409E+00  0.2703202E+00  3.2823003E-05  1.6586959E-03  9.9969670E-05  1.9997879E-03  6.1088248E-03  7.0676707E-06  1.0513630E-05  2.1084332E-03  1.7053625E-04  0.2269    4.356793  -8.791  1.027463  7.556910  0.2687405E+00  0.7176148E+00  1.5257301E-08  6.1271067E-05  1.6635144E-05  9.0820960E-03  2.6326114E-04  1.0206122E-06  8.9092662E-10  2.1084332E-03  1.7053625E-04  1.974E-10  4.893E-17  1.220E+11  6.624E+11  2.903E+01  7.154E+05  0.60796001  4.217E-05  6.585E-05  9.377E-01  0.000E+00  0.000E+00  1.061E+00  546    2.2702  9.42E-03 2.5211E+01 4.6137E+01    4.51E+02 0.00E+00 1.95E+02  0.608236  0.026820 4.51E+02 0.00E+00 1.95E+02  0.607960  0.026819  0.0000000E+00  0.0000000E+00  9.3089375E-07  1.4333937E-01  7.1257445E-02  1.8041793E-04 -1.2069845E-01  5.6711442E-02  8.1343718E-03 0.000 0.230 1.000 1.000 1.000 1.000 1.000 1.000 1.000 1.000 1.000 1.000 1.000 1.000 1.000 1.000 1.000 1.000 1.000 1.000 1.000 1.000 1.000 1.000 1.000 1.000 1.000 1.000 1.000 1.000 1.000 1.000 1.000 1.000 1.000 1.000 1.000 1.000 1.000 1.000  8.2787778455E-02   0.37327   1.00000   0.00000   0.00000   0.4199820E-02
  2509  2.008350263629449E+07   9.985924  4.007897  4.356485  0.7154809E+00  0.2703798E+00  3.2766490E-05  1.6543159E-03  1.0005937E-04  2.0071649E-03  6.1061306E-03  7.0856721E-06  1.0492747E-05  2.1084332E-03  1.7053625E-04  0.2265    4.356485  -8.788  1.027912  7.557192  0.2669219E+00  0.7194334E+00  1.4944702E-08  6.1333932E-05  1.6653638E-05  9.0817690E-03  2.6353028E-04  1.0185132E-06  8.9158799E-10  2.1084332E-03  1.7053625E-04  1.944E-10  4.824E-17  1.212E+11  6.572E+11  2.884E+01  7.098E+05  0.60857880  4.204E-05  6.571E-05  9.376E-01  0.000E+00  0.000E+00  1.061E+00  544    2.2702  9.42E-03 2.5174E+01 4.6114E+01    4.51E+02 0.00E+00 1.95E+02  0.608766  0.026892 4.51E+02 0.00E+00 1.95E+02  0.608579  0.026892  0.0000000E+00  0.0000000E+00  9.3925015E-07  1.4372670E-01  7.1231552E-02  1.7982703E-04 -1.2058749E-01  5.6647718E-02  8.1477979E-03 0.000 0.231 1.000 1.000 1.000 1.000 1.000 1.000 1.000 1.000 1.000 1.000 1.000 1.000 1.000 1.000 1.000 1.000 1.000 1.000 1.000 1.000 1.000 1.000 1.000 1.000 1.000 1.000 1.000 1.000 1.000 1.000 1.000 1.000 1.000 1.000 1.000 1.000 1.000 1.000  8.2777488649E-02   0.37072   1.00000   0.00000   0.00000   0.4180637E-02
  2520  2.013686706226429E+07   9.985837  4.009075  4.356165  0.7154162E+00  0.2704441E+00  3.2706123E-05  1.6496428E-03  1.0015347E-04  2.0150513E-03  6.1032401E-03  7.1048307E-06  1.0470448E-05  2.1084332E-03  1.7053625E-04  0.2260    4.356165  -8.785  1.028423  7.557507  0.2649879E+00  0.7213676E+00  1.4561535E-08  6.1402054E-05  1.6671298E-05  9.0820225E-03  2.6313123E-04  1.0151545E-06  8.9048881E-10  2.1084332E-03  1.7053625E-04  1.927E-10  4.786E-17  1.198E+11  6.459E+11  2.852E+01  6.975E+05  0.60895267  4.189E-05  6.561E-05  9.375E-01  0.000E+00  0.000E+00  1.061E+00  543    2.2702  9.42E-03 2.5140E+01 4.6066E+01    4.50E+02 0.00E+00 1.95E+02  0.609264  0.026965 4.50E+02 0.00E+00 1.95E+02  0.608953  0.026964  0.0000000E+00  0.0000000E+00  9.4765263E-07  1.4412418E-01  7.1210629E-02  1.7924355E-04 -1.2047375E-01  5.6582523E-02  8.1613241E-03 0.000 0.229 1.000 1.000 1.000 1.000 1.000 1.000 1.000 1.000 1.000 1.000 1.000 1.000 1.000 1.000 1.000 1.000 1.000 1.000 1.000 1.000 1.000 1.000 1.000 1.000 1.000 1.000 1.000 1.000 1.000 1.000 1.000 1.000 1.000 1.000 1.000 1.000 1.000 1.000  8.2767107907E-02   0.36806   1.00000   0.00000   0.00000   0.4161488E-02
  2531  2.019023148823410E+07   9.985749  4.010256  4.355857  0.7153431E+00  0.2705169E+00  3.2638701E-05  1.6444305E-03  1.0025653E-04  2.0238666E-03  6.0999969E-03  7.1261431E-06  1.0445551E-05  2.1084332E-03  1.7053625E-04  0.2255    4.355857  -8.782  1.028935  7.557823  0.2631055E+00  0.7232500E+00  1.4632350E-08  6.1398115E-05  1.6673272E-05  9.0820720E-03  2.6307905E-04  1.0133200E-06  8.8760396E-10  2.1084332E-03  1.7053625E-04  1.894E-10  4.712E-17  1.199E+11  6.511E+11  2.855E+01  7.032E+05  0.60953992  4.177E-05  6.548E-05  9.374E-01  0.000E+00  0.000E+00  1.062E+00  548    2.2925  9.43E-03 2.5096E+01 4.6043E+01    4.49E+02 0.00E+00 1.95E+02  0.609680  0.027036 4.49E+02 0.00E+00 1.95E+02  0.609540  0.027037  0.0000000E+00  0.0000000E+00  9.5581469E-07  1.4451911E-01  7.1184747E-02  1.7864876E-04 -1.2036168E-01  5.6518198E-02  8.1748851E-03 0.000 0.230 1.000 1.000 1.000 1.000 1.000 1.000 1.000 1.000 1.000 1.000 1.000 1.000 1.000 1.000 1.000 1.000 1.000 1.000 1.000 1.000 1.000 1.000 1.000 1.000 1.000 1.000 1.000 1.000 1.000 1.000 1.000 1.000 1.000 1.000 1.000 1.000 1.000 1.000  8.2756635629E-02   0.36537   1.00000   0.00000   0.00000   0.4142946E-02
  2541  2.023874460275210E+07   9.985668  4.011312  4.355527  0.7152770E+00  0.2705826E+00  3.2578485E-05  1.6397813E-03  1.0034678E-04  2.0317463E-03  6.0970870E-03  7.1451028E-06  1.0423324E-05  2.1084332E-03  1.7053625E-04  0.2255    4.355527  -8.780  1.029512  7.558097  0.2613257E+00  0.7250297E+00  1.4362856E-08  6.1456457E-05  1.6690372E-05  9.0823830E-03  2.6262893E-04  1.0089277E-06  8.8558670E-10  2.1084332E-03  1.7053625E-04  1.822E-10  4.538E-17  1.192E+11  6.449E+11  2.838E+01  6.964E+05  0.61001763  4.163E-05  6.536E-05  9.372E-01  0.000E+00  0.000E+00  1.062E+00  551    2.2702  9.42E-03 2.5064E+01 4.6008E+01    4.49E+02 0.00E+00 1.95E+02  0.610040  0.027103 4.49E+02 0.00E+00 1.95E+02  0.610018  0.027102  0.0000000E+00  0.0000000E+00  9.6351696E-07  1.4491055E-01  7.1161868E-02  1.7807401E-04 -1.2024966E-01  5.6455110E-02  8.1866051E-03 0.000 0.230 1.000 1.000 1.000 1.000 1.000 1.000 1.000 1.000 1.000 1.000 1.000 1.000 1.000 1.000 1.000 1.000 1.000 1.000 1.000 1.000 1.000 1.000 1.000 1.000 1.000 1.000 1.000 1.000 1.000 1.000 1.000 1.000 1.000 1.000 1.000 1.000 1.000 1.000  8.2747036034E-02   0.36291   1.00000   0.00000   0.00000   0.4124965E-02
  2552  2.029210902872190E+07   9.985579  4.012632  4.355199  0.7152172E+00  0.2706421E+00  3.2524523E-05  1.6356200E-03  1.0042621E-04  2.0388128E-03  6.0944685E-03  7.1620324E-06  1.0403412E-05  2.1084332E-03  1.7053625E-04  0.2250    4.355199  -8.776  1.030238  7.558427  0.2592372E+00  0.7271185E+00  1.3487185E-08  6.1615262E-05  1.6728289E-05  9.0831958E-03  2.6145120E-04  9.9909347E-07  8.8297217E-10  2.1084332E-03  1.7053625E-04  1.864E-10  4.650E-17  1.168E+11  6.187E+11  2.780E+01  6.682E+05  0.61046507  4.148E-05  6.529E-05  9.371E-01  0.000E+00  0.000E+00  1.062E+00  549    2.2263  9.42E-03 2.5023E+01 4.5959E+01    4.48E+02 0.00E+00 1.95E+02  0.610681  0.027183 4.48E+02 0.00E+00 1.95E+02  0.610465  0.027184  0.0000000E+00  0.0000000E+00  9.7306813E-07  1.4534217E-01  7.1138635E-02  1.7745462E-04 -1.2013182E-01  5.6387744E-02  8.1995330E-03 0.000 0.227 1.000 1.000 1.000 1.000 1.000 1.000 1.000 1.000 1.000 1.000 1.000 1.000 1.000 1.000 1.000 1.000 1.000 1.000 1.000 1.000 1.000 1.000 1.000 1.000 1.000 1.000 1.000 1.000 1.000 1.000 1.000 1.000 1.000 1.000 1.000 1.000 1.000 1.000  8.2736381006E-02   0.36003   1.00000   0.00000   0.00000   0.4104762E-02
  2563  2.034547345469170E+07   9.985490  4.013793  4.354878  0.7151438E+00  0.2707152E+00  3.2459001E-05  1.6305737E-03  1.0052076E-04  2.0474000E-03  6.0912749E-03  7.1825089E-06  1.0379244E-05  2.1084332E-03  1.7053625E-04  0.2242    4.354878  -8.774  1.030683  7.558758  0.2572297E+00  0.7291260E+00  1.3345127E-08  6.1653854E-05  1.6741078E-05  9.0836875E-03  2.6082555E-04  9.9527273E-07  8.8012460E-10  2.1084332E-03  1.7053625E-04  1.822E-10  4.551E-17  1.160E+11  6.165E+11  2.760E+01  6.658E+05  0.61086936  4.133E-05  6.516E-05  9.370E-01  0.000E+00  0.000E+00  1.062E+00  553    2.2691  9.42E-03 2.4983E+01 4.5929E+01    4.48E+02 0.00E+00 1.95E+02  0.611033  0.027255 4.48E+02 0.00E+00 1.95E+02  0.610869  0.027255  0.0000000E+00  0.0000000E+00  9.8135820E-07  1.4575639E-01  7.1112872E-02  1.7684553E-04 -1.2001329E-01  5.6319875E-02  8.2136955E-03 0.000 0.227 1.000 1.000 1.000 1.000 1.000 1.000 1.000 1.000 1.000 1.000 1.000 1.000 1.000 1.000 1.000 1.000 1.000 1.000 1.000 1.000 1.000 1.000 1.000 1.000 1.000 1.000 1.000 1.000 1.000 1.000 1.000 1.000 1.000 1.000 1.000 1.000 1.000 1.000  8.2725627187E-02   0.35727   1.00000   0.00000   0.00000   0.4086709E-02
  2573  2.039398656920970E+07   9.985408  4.014899  4.354573  0.7150785E+00  0.2707802E+00  3.2401391E-05  1.6261426E-03  1.0060226E-04  2.0549559E-03  6.0884547E-03  7.2004435E-06  1.0358003E-05  2.1084332E-03  1.7053625E-04  0.2238    4.354573  -8.771  1.031272  7.559071  0.2552663E+00  0.7310897E+00  1.2563864E-08  6.1809886E-05  1.6777992E-05  9.0846105E-03  2.5952660E-04  9.8548395E-07  8.7651999E-10  2.1084332E-03  1.7053625E-04  1.791E-10  4.479E-17  1.155E+11  6.141E+11  2.750E+01  6.632E+05  0.61138214  4.121E-05  6.508E-05  9.369E-01  0.000E+00  0.000E+00  1.062E+00  556    2.2432  9.42E-03 2.4946E+01 4.5892E+01    4.47E+02 0.00E+00 1.94E+02  0.611329  0.027324 4.47E+02 0.00E+00 1.94E+02  0.611382  0.027324  0.0000000E+00  0.0000000E+00  9.8919404E-07  1.4615194E-01  7.1089271E-02  1.7627374E-04 -1.1990346E-01  5.6257520E-02  8.2256710E-03 0.000 0.225 1.000 1.000 1.000 1.000 1.000 1.000 1.000 1.000 1.000 1.000 1.000 1.000 1.000 1.000 1.000 1.000 1.000 1.000 1.000 1.000 1.000 1.000 1.000 1.000 1.000 1.000 1.000 1.000 1.000 1.000 1.000 1.000 1.000 1.000 1.000 1.000 1.000 1.000  8.2715769219E-02   0.35462   1.00000   0.00000   0.00000   0.4069777E-02
  2582  2.043764837227590E+07   9.985334  4.015906  4.354245  0.7150244E+00  0.2708340E+00  3.2354147E-05  1.6225131E-03  1.0066788E-04  2.0611567E-03  6.0861328E-03  7.2150992E-06  1.0340590E-05  2.1084332E-03  1.7053625E-04  0.2234    4.354245  -8.769  1.031966  7.559373  0.2534036E+00  0.7329526E+00  1.2578147E-08  6.1818037E-05  1.6782906E-05  9.0860583E-03  2.5786200E-04  9.7802422E-07  8.6870689E-10  2.1084332E-03  1.7053625E-04  1.789E-10  4.481E-17  1.138E+11  5.964E+11  2.708E+01  6.441E+05  0.61152876  4.105E-05  6.502E-05  9.369E-01  0.000E+00  0.000E+00  1.062E+00  561    2.2263  9.42E-03 2.4922E+01 4.5846E+01    4.46E+02 0.00E+00 1.94E+02  0.611843  0.027387 4.46E+02 0.00E+00 1.94E+02  0.611529  0.027387  0.0000000E+00  0.0000000E+00  9.9693352E-07  1.4655239E-01  7.1072117E-02  1.7572729E-04 -1.1979103E-01  5.6194522E-02  8.2363420E-03 0.000 0.225 1.000 1.000 1.000 1.000 1.000 1.000 1.000 1.000 1.000 1.000 1.000 1.000 1.000 1.000 1.000 1.000 1.000 1.000 1.000 1.000 1.000 1.000 1.000 1.000 1.000 1.000 1.000 1.000 1.000 1.000 1.000 1.000 1.000 1.000 1.000 1.000 1.000 1.000  8.2706827546E-02   0.35194   1.00000   0.00000   0.00000   0.4052894E-02
  2592  2.048616148679391E+07   9.985251  4.017007  4.353933  0.7149684E+00  0.2708897E+00  3.2305690E-05  1.6187941E-03  1.0073413E-04  2.0675204E-03  6.0837433E-03  7.2300863E-06  1.0322735E-05  2.1084332E-03  1.7053625E-04  0.2229    4.353933  -8.766  1.032476  7.559676  0.2515850E+00  0.7347712E+00  1.2386928E-08  6.1869553E-05  1.6798742E-05  9.0863048E-03  2.5749432E-04  9.7556563E-07  8.6782017E-10  2.1084332E-03  1.7053625E-04  1.782E-10  4.467E-17  1.132E+11  5.942E+11  2.694E+01  6.417E+05  0.61210440  4.093E-05  6.492E-05  9.367E-01  0.000E+00  0.000E+00  1.062E+00  549    2.2432  9.42E-03 2.4892E+01 4.5810E+01    4.46E+02 0.00E+00 1.94E+02  0.612385  0.027456 4.46E+02 0.00E+00 1.94E+02  0.612104  0.027456  0.0000000E+00  0.0000000E+00  1.0054198E-06  1.4694450E-01  7.1048078E-02  1.7516354E-04 -1.1968246E-01  5.6132475E-02  8.2489762E-03 0.000 0.225 1.000 1.000 1.000 1.000 1.000 1.000 1.000 1.000 1.000 1.000 1.000 1.000 1.000 1.000 1.000 1.000 1.000 1.000 1.000 1.000 1.000 1.000 1.000 1.000 1.000 1.000 1.000 1.000 1.000 1.000 1.000 1.000 1.000 1.000 1.000 1.000 1.000 1.000  8.2696813063E-02   0.34940   1.00000   0.00000   0.00000   0.4035328E-02
  2602  2.053467460131191E+07   9.985167  4.018110  4.353616  0.7148953E+00  0.2709625E+00  3.2243020E-05  1.6139903E-03  1.0081820E-04  2.0757562E-03  6.0806407E-03  7.2493998E-06  1.0299653E-05  2.1084332E-03  1.7053625E-04  0.2224    4.353616  -8.764  1.032992  7.559978  0.2498005E+00  0.7365557E+00  1.2247586E-08  6.1903627E-05  1.6809265E-05  9.0863575E-03  2.5737750E-04  9.7368881E-07  8.6664704E-10  2.1084332E-03  1.7053625E-04  1.761E-10  4.421E-17  1.128E+11  5.937E+11  2.684E+01  6.412E+05  0.61257175  4.080E-05  6.481E-05  9.366E-01  0.000E+00  0.000E+00  1.062E+00  560    2.2263  9.42E-03 2.4862E+01 4.5777E+01    4.45E+02 0.00E+00 1.94E+02  0.612742  0.027525 4.45E+02 0.00E+00 1.94E+02  0.612572  0.027525  0.0000000E+00  0.0000000E+00  1.0135125E-06  1.4733668E-01  7.1024935E-02  1.7460686E-04 -1.1957472E-01  5.6070901E-02  8.2615029E-03 0.000 0.226 1.000 1.000 1.000 1.000 1.000 1.000 1.000 1.000 1.000 1.000 1.000 1.000 1.000 1.000 1.000 1.000 1.000 1.000 1.000 1.000 1.000 1.000 1.000 1.000 1.000 1.000 1.000 1.000 1.000 1.000 1.000 1.000 1.000 1.000 1.000 1.000 1.000 1.000  8.2686716046E-02   0.34699   1.00000   0.00000   0.00000   0.4017938E-02
  2612  2.058318771582991E+07   9.985083  4.019203  4.353290  0.7148343E+00  0.2710232E+00  3.2191252E-05  1.6100269E-03  1.0088632E-04  2.0825642E-03  6.0780676E-03  7.2652965E-06  1.0280593E-05  2.1084332E-03  1.7053625E-04  0.2220    4.353290  -8.761  1.033537  7.560287  0.2479543E+00  0.7384020E+00  1.1916562E-08  6.1981535E-05  1.6830351E-05  9.0866335E-03  2.5693714E-04  9.6852613E-07  8.6466945E-10  2.1084332E-03  1.7053625E-04  1.760E-10  4.423E-17  1.115E+11  5.821E+11  2.654E+01  6.286E+05  0.61299325  4.066E-05  6.470E-05  9.365E-01  0.000E+00  0.000E+00  1.062E+00  565    2.2263  9.42E-03 2.4825E+01 4.5745E+01    4.45E+02 0.00E+00 1.94E+02  0.613261  0.027594 4.45E+02 0.00E+00 1.94E+02  0.612993  0.027593  0.0000000E+00  0.0000000E+00  1.0220796E-06  1.4773240E-01  7.1000333E-02  1.7404223E-04 -1.1946590E-01  5.6008662E-02  8.2741876E-03 0.000 0.225 1.000 1.000 1.000 1.000 1.000 1.000 1.000 1.000 1.000 1.000 1.000 1.000 1.000 1.000 1.000 1.000 1.000 1.000 1.000 1.000 1.000 1.000 1.000 1.000 1.000 1.000 1.000 1.000 1.000 1.000 1.000 1.000 1.000 1.000 1.000 1.000 1.000 1.000  8.2676534682E-02   0.34439   1.00000   0.00000   0.00000   0.4000163E-02
  2622  2.063170083034791E+07   9.984999  4.020317  4.352967  0.7147621E+00  0.2710951E+00  3.2130590E-05  1.6053886E-03  1.0096454E-04  2.0905470E-03  6.0750404E-03  7.2838548E-06  1.0258268E-05  2.1084332E-03  1.7053625E-04  0.2217    4.352967  -8.758  1.034062  7.560594  0.2461446E+00  0.7402117E+00  1.1753648E-08  6.2027282E-05  1.6844523E-05  9.0867330E-03  2.5674699E-04  9.6634082E-07  8.6363348E-10  2.1084332E-03  1.7053625E-04  1.734E-10  4.361E-17  1.111E+11  5.814E+11  2.643E+01  6.279E+05  0.61343873  4.053E-05  6.460E-05  9.364E-01  0.000E+00  0.000E+00  1.063E+00  561    2.2454  9.42E-03 2.4792E+01 4.5711E+01    4.44E+02 0.00E+00 1.94E+02  0.613586  0.027663 4.44E+02 0.00E+00 1.94E+02  0.613439  0.027663  0.0000000E+00  0.0000000E+00  1.0303192E-06  1.4813346E-01  7.0977197E-02  1.7348117E-04 -1.1935664E-01  5.5946206E-02  8.2869400E-03 0.000 0.225 1.000 1.000 1.000 1.000 1.000 1.000 1.000 1.000 1.000 1.000 1.000 1.000 1.000 1.000 1.000 1.000 1.000 1.000 1.000 1.000 1.000 1.000 1.000 1.000 1.000 1.000 1.000 1.000 1.000 1.000 1.000 1.000 1.000 1.000 1.000 1.000 1.000 1.000  8.2666268982E-02   0.34186   1.00000   0.00000   0.00000   0.3982786E-02
  2631  2.067536263341411E+07   9.984923  4.021328  4.352666  0.7147089E+00  0.2711481E+00  3.2086263E-05  1.6020032E-03  1.0102066E-04  2.0963841E-03  6.0728201E-03  7.2973704E-06  1.0241961E-05  2.1084332E-03  1.7053625E-04  0.2213    4.352666  -8.756  1.034563  7.560873  0.2445206E+00  0.7418357E+00  1.1723060E-08  6.2035253E-05  1.6847714E-05  9.0868332E-03  2.5661902E-04  9.6524647E-07  8.6137962E-10  2.1084332E-03  1.7053625E-04  1.728E-10  4.353E-17  1.106E+11  5.799E+11  2.632E+01  6.262E+05  0.61389484  4.041E-05  6.448E-05  9.363E-01  0.000E+00  0.000E+00  1.063E+00  561    2.2572  9.42E-03 2.4761E+01 4.5691E+01    4.43E+02 0.00E+00 1.94E+02  0.614070  0.027725 4.43E+02 0.00E+00 1.94E+02  0.613895  0.027727  0.0000000E+00  0.0000000E+00  1.0381149E-06  1.4849864E-01  7.0953488E-02  1.7296422E-04 -1.1925758E-01  5.5889537E-02  8.2984394E-03 0.000 0.226 1.000 1.000 1.000 1.000 1.000 1.000 1.000 1.000 1.000 1.000 1.000 1.000 1.000 1.000 1.000 1.000 1.000 1.000 1.000 1.000 1.000 1.000 1.000 1.000 1.000 1.000 1.000 1.000 1.000 1.000 1.000 1.000 1.000 1.000 1.000 1.000 1.000 1.000  8.2656956077E-02   0.33951   1.00000   0.00000   0.00000   0.3966586E-02
  2641  2.072387574793211E+07   9.984837  4.022439  4.352347  0.7146331E+00  0.2712235E+00  3.2023851E-05  1.5972423E-03  1.0109815E-04  2.1046076E-03  6.0696824E-03  7.3163340E-06  1.0219010E-05  2.1084332E-03  1.7053625E-04  0.2209    4.352347  -8.753  1.035079  7.561178  0.2427508E+00  0.7436055E+00  1.1206907E-08  6.2145675E-05  1.6874808E-05  9.0865871E-03  2.5672248E-04  9.6237778E-07  8.6328030E-10  2.1084332E-03  1.7053625E-04  1.703E-10  4.290E-17  1.091E+11  5.643E+11  2.597E+01  6.094E+05  0.61439713  4.028E-05  6.437E-05  9.362E-01  0.000E+00  0.000E+00  1.063E+00  562    2.2387  9.42E-03 2.4721E+01 4.5659E+01    4.43E+02 0.00E+00 1.94E+02  0.614542  0.027796 4.43E+02 0.00E+00 1.94E+02  0.614397  0.027797  0.0000000E+00  0.0000000E+00  1.0469353E-06  1.4888753E-01  7.0929837E-02  1.7241877E-04 -1.1915313E-01  5.5829456E-02  8.3113282E-03 0.000 0.224 1.000 1.000 1.000 1.000 1.000 1.000 1.000 1.000 1.000 1.000 1.000 1.000 1.000 1.000 1.000 1.000 1.000 1.000 1.000 1.000 1.000 1.000 1.000 1.000 1.000 1.000 1.000 1.000 1.000 1.000 1.000 1.000 1.000 1.000 1.000 1.000 1.000 1.000  8.2646525531E-02   0.33716   1.00000   0.00000   0.00000   0.3949003E-02
  2650  2.076317137069170E+07   9.984768  4.023389  4.352014  0.7145821E+00  0.2712743E+00  3.1982199E-05  1.5940688E-03  1.0114887E-04  2.1100992E-03  6.0675807E-03  7.3289461E-06  1.0203699E-05  2.1084332E-03  1.7053625E-04  0.2204    4.352014  -8.751  1.035527  7.561421  0.2410252E+00  0.7453315E+00  1.0360578E-08  6.2496436E-05  1.6971973E-05  9.0874503E-03  2.5516874E-04  9.4132507E-07  8.5737426E-10  2.1084332E-03  1.7053625E-04  1.703E-10  4.290E-17  1.085E+11  5.626E+11  2.583E+01  6.076E+05  0.61468992  4.014E-05  6.431E-05  9.361E-01  0.000E+00  0.000E+00  1.063E+00  563    2.2263  9.43E-03 2.4692E+01 4.5618E+01    4.42E+02 0.00E+00 1.94E+02  0.614898  0.027858 4.42E+02 0.00E+00 1.94E+02  0.614690  0.027857  0.0000000E+00  0.0000000E+00  9.4911808E-07  1.4928404E-01  7.0912458E-02  1.7189782E-04 -1.1904502E-01  5.5769837E-02  8.3200151E-03 0.000 0.223 1.000 1.000 1.000 1.000 1.000 1.000 1.000 1.000 1.000 1.000 1.000 1.000 1.000 1.000 1.000 1.000 1.000 1.000 1.000 1.000 1.000 1.000 1.000 1.000 1.000 1.000 1.000 1.000 1.000 1.000 1.000 1.000 1.000 1.000 1.000 1.000 1.000 1.000  8.2638012864E-02   0.33477   1.00000   0.00000   0.00000   0.3933382E-02
  2660  2.080683317375791E+07   9.984690  4.024395  4.351712  0.7145132E+00  0.2713429E+00  3.1926355E-05  1.5898187E-03  1.0121567E-04  2.1174661E-03  6.0647534E-03  7.3458022E-06  1.0183179E-05  2.1084332E-03  1.7053625E-04  0.2202    4.351712  -8.749  1.036143  7.561708  0.2394147E+00  0.7469419E+00  1.0457076E-08  6.2482537E-05  1.6972521E-05  9.0874808E-03  2.5515156E-04  9.4130553E-07  8.5616893E-10  2.1084332E-03  1.7053625E-04  1.630E-10  4.109E-17  1.062E+11  5.382E+11  2.529E+01  5.813E+05  0.61512127  4.002E-05  6.422E-05  9.360E-01  0.000E+00  0.000E+00  1.063E+00  564    2.2043  9.42E-03 2.4664E+01 4.5583E+01    4.42E+02 0.00E+00 1.94E+02  0.615250  0.027921 4.42E+02 0.00E+00 1.94E+02  0.615121  0.027921  0.0000000E+00  0.0000000E+00  9.5614868E-07  1.4965687E-01  7.0888659E-02  1.7137561E-04 -1.1894435E-01  5.5712173E-02  8.3317444E-03 0.000 0.223 1.000 1.000 1.000 1.000 1.000 1.000 1.000 1.000 1.000 1.000 1.000 1.000 1.000 1.000 1.000 1.000 1.000 1.000 1.000 1.000 1.000 1.000 1.000 1.000 1.000 1.000 1.000 1.000 1.000 1.000 1.000 1.000 1.000 1.000 1.000 1.000 1.000 1.000  8.2628482928E-02   0.33252   1.00000   0.00000   0.00000   0.3917577E-02
  2670  2.085049497682412E+07   9.984612  4.025427  4.351410  0.7144561E+00  0.2713997E+00  3.1880605E-05  1.5863409E-03  1.0126933E-04  2.1235050E-03  6.0624288E-03  7.3595651E-06  1.0166375E-05  2.1084332E-03  1.7053625E-04  0.2198    4.351410  -8.746  1.036649  7.561988  0.2377972E+00  0.7485594E+00  1.0539796E-08  6.2463748E-05  1.6969801E-05  9.0875119E-03  2.5514386E-04  9.4189602E-07  8.5426749E-10  2.1084332E-03  1.7053625E-04  1.654E-10  4.174E-17  1.065E+11  5.453E+11  2.535E+01  5.889E+05  0.61548539  3.990E-05  6.412E-05  9.359E-01  0.000E+00  0.000E+00  1.063E+00  561    2.2043  9.42E-03 2.4632E+01 4.5550E+01    4.41E+02 0.00E+00 1.94E+02  0.615758  0.027986 4.41E+02 0.00E+00 1.93E+02  0.615485  0.027987  0.0000000E+00  0.0000000E+00  9.6366643E-07  1.5002839E-01  7.0866922E-02  1.7086698E-04 -1.1884582E-01  5.5655725E-02  8.3433270E-03 0.000 0.224 1.000 1.000 1.000 1.000 1.000 1.000 1.000 1.000 1.000 1.000 1.000 1.000 1.000 1.000 1.000 1.000 1.000 1.000 1.000 1.000 1.000 1.000 1.000 1.000 1.000 1.000 1.000 1.000 1.000 1.000 1.000 1.000 1.000 1.000 1.000 1.000 1.000 1.000  8.2618879533E-02   0.33018   1.00000   0.00000   0.00000   0.3901295E-02
  2680  2.089415677989033E+07   9.984533  4.026423  4.351074  0.7144022E+00  0.2714534E+00  3.1837713E-05  1.5830838E-03  1.0131878E-04  2.1291697E-03  6.0602427E-03  7.3724299E-06  1.0150626E-05  2.1084332E-03  1.7053625E-04  0.2197    4.351074  -8.744  1.037332  7.562293  0.2360254E+00  0.7503314E+00  1.0112207E-08  6.2581274E-05  1.7000822E-05  9.0880793E-03  2.5430878E-04  9.3316032E-07  8.5113555E-10  2.1084332E-03  1.7053625E-04  1.568E-10  3.964E-17  1.040E+11  5.173E+11  2.475E+01  5.586E+05  0.61603565  3.978E-05  6.404E-05  9.358E-01  0.000E+00  0.000E+00  1.063E+00  566    2.2143  9.42E-03 2.4598E+01 4.5518E+01    4.41E+02 0.00E+00 1.93E+02  0.616314  0.028050 4.41E+02 0.00E+00 1.93E+02  0.616036  0.028050  0.0000000E+00  0.0000000E+00  9.7127155E-07  1.5042879E-01  7.0843324E-02  1.7032230E-04 -1.1873913E-01  5.5595315E-02  8.3547225E-03 0.000 0.222 1.000 1.000 1.000 1.000 1.000 1.000 1.000 1.000 1.000 1.000 1.000 1.000 1.000 1.000 1.000 1.000 1.000 1.000 1.000 1.000 1.000 1.000 1.000 1.000 1.000 1.000 1.000 1.000 1.000 1.000 1.000 1.000 1.000 1.000 1.000 1.000 1.000 1.000  8.2609201435E-02   0.32778   1.00000   0.00000   0.00000   0.3884760E-02
  2690  2.093781858295654E+07   9.984454  4.027499  4.350752  0.7143332E+00  0.2715221E+00  3.1783302E-05  1.5789569E-03  1.0138027E-04  2.1363597E-03  6.0574598E-03  7.3886943E-06  1.0130656E-05  2.1084332E-03  1.7053625E-04  0.2191    4.350752  -8.741  1.038000  7.562619  0.2340975E+00  0.7522595E+00  9.7716630E-09  6.2672030E-05  1.7023064E-05  9.0893865E-03  2.5267472E-04  9.2451467E-07  8.4524555E-10  2.1084332E-03  1.7053625E-04  1.578E-10  3.992E-17  1.039E+11  5.195E+11  2.472E+01  5.610E+05  0.61641666  3.964E-05  6.397E-05  9.357E-01  0.000E+00  0.000E+00  1.063E+00  574    2.1823  9.42E-03 2.4567E+01 4.5481E+01    4.40E+02 0.00E+00 1.93E+02  0.616585  0.028119 4.40E+02 0.00E+00 1.93E+02  0.616417  0.028119  0.0000000E+00  0.0000000E+00  9.7881929E-07  1.5085180E-01  7.0822057E-02  1.6976793E-04 -1.1862765E-01  5.5532510E-02  8.3660093E-03 0.000 0.221 1.000 1.000 1.000 1.000 1.000 1.000 1.000 1.000 1.000 1.000 1.000 1.000 1.000 1.000 1.000 1.000 1.000 1.000 1.000 1.000 1.000 1.000 1.000 1.000 1.000 1.000 1.000 1.000 1.000 1.000 1.000 1.000 1.000 1.000 1.000 1.000 1.000 1.000  8.2599447008E-02   0.32512   1.00000   0.00000   0.00000   0.3868883E-02
  2700  2.098148038602275E+07   9.984375  4.028520  4.350433  0.7142711E+00  0.2715840E+00  3.1734784E-05  1.5752812E-03  1.0143402E-04  2.1427747E-03  6.0549696E-03  7.4031490E-06  1.0112856E-05  2.1084332E-03  1.7053625E-04  0.2186    4.350433  -8.739  1.038524  7.562894  0.2323707E+00  0.7539864E+00  9.6393870E-09  6.2713171E-05  1.7035469E-05  9.0897667E-03  2.5217172E-04  9.2273693E-07  8.4406507E-10  2.1084332E-03  1.7053625E-04  1.574E-10  3.983E-17  1.032E+11  5.172E+11  2.457E+01  5.586E+05  0.61680761  3.951E-05  6.386E-05  9.356E-01  0.000E+00  0.000E+00  1.063E+00  572    2.1823  9.42E-03 2.4541E+01 4.5445E+01    4.40E+02 0.00E+00 1.93E+02  0.617050  0.028185 4.39E+02 0.00E+00 1.93E+02  0.616808  0.028184  0.0000000E+00  0.0000000E+00  9.8651135E-07  1.5125604E-01  7.0798862E-02  1.6922619E-04 -1.1851972E-01  5.5471489E-02  8.3774952E-03 0.000 0.223 1.000 1.000 1.000 1.000 1.000 1.000 1.000 1.000 1.000 1.000 1.000 1.000 1.000 1.000 1.000 1.000 1.000 1.000 1.000 1.000 1.000 1.000 1.000 1.000 1.000 1.000 1.000 1.000 1.000 1.000 1.000 1.000 1.000 1.000 1.000 1.000 1.000 1.000  8.2589618047E-02   0.32274   1.00000   0.00000   0.00000   0.3853033E-02
  2711  2.102950836939558E+07   9.984287  4.029636  4.350114  0.7142029E+00  0.2716519E+00  3.1681966E-05  1.5712846E-03  1.0149134E-04  2.1497621E-03  6.0522494E-03  7.4188315E-06  1.0093486E-05  2.1084332E-03  1.7053625E-04  0.2181    4.350114  -8.736  1.039122  7.563218  0.2305076E+00  0.7558495E+00  9.4601803E-09  6.2773138E-05  1.7053255E-05  9.0899579E-03  2.5185484E-04  9.1899199E-07  8.4236354E-10  2.1084332E-03  1.7053625E-04  1.549E-10  3.928E-17  1.027E+11  5.143E+11  2.444E+01  5.555E+05  0.61738370  3.939E-05  6.373E-05  9.355E-01  0.000E+00  0.000E+00  1.064E+00  573    2.1823  9.42E-03 2.4505E+01 4.5422E+01    4.39E+02 0.00E+00 1.93E+02  0.617326  0.028255 4.39E+02 0.00E+00 1.93E+02  0.617384  0.028256  0.0000000E+00  0.0000000E+00  9.9426120E-07  1.5168119E-01  7.0772081E-02  1.6865102E-04 -1.1840811E-01  5.5407756E-02  8.3904567E-03 0.000 0.222 1.000 1.000 1.000 1.000 1.000 1.000 1.000 1.000 1.000 1.000 1.000 1.000 1.000 1.000 1.000 1.000 1.000 1.000 1.000 1.000 1.000 1.000 1.000 1.000 1.000 1.000 1.000 1.000 1.000 1.000 1.000 1.000 1.000 1.000 1.000 1.000 1.000 1.000  8.2578718773E-02   0.32014   1.00000   0.00000   0.00000   0.3836869E-02
  2721  2.107317017246179E+07   9.984207  4.030663  4.349804  0.7141470E+00  0.2717077E+00  3.1639006E-05  1.5680377E-03  1.0153703E-04  2.1554486E-03  6.0500293E-03  7.4315451E-06  1.0077739E-05  2.1084332E-03  1.7053625E-04  0.2177    4.349804  -8.734  1.039658  7.563517  0.2288304E+00  0.7575267E+00  9.3035360E-09  6.2820117E-05  1.7066501E-05  9.0900195E-03  2.5170734E-04  9.1711712E-07  8.4139350E-10  2.1084332E-03  1.7053625E-04  1.530E-10  3.882E-17  1.021E+11  5.103E+11  2.429E+01  5.511E+05  0.61770562  3.926E-05  6.363E-05  9.354E-01  0.000E+00  0.000E+00  1.064E+00  571    2.1823  9.42E-03 2.4474E+01 4.5390E+01    4.38E+02 0.00E+00 1.93E+02  0.617881  0.028322 4.38E+02 0.00E+00 1.93E+02  0.617706  0.028322  0.0000000E+00  0.0000000E+00  1.0023489E-06  1.5207364E-01  7.0751043E-02  1.6813676E-04 -1.1830581E-01  5.5349369E-02  8.4022904E-03 0.000 0.222 1.000 1.000 1.000 1.000 1.000 1.000 1.000 1.000 1.000 1.000 1.000 1.000 1.000 1.000 1.000 1.000 1.000 1.000 1.000 1.000 1.000 1.000 1.000 1.000 1.000 1.000 1.000 1.000 1.000 1.000 1.000 1.000 1.000 1.000 1.000 1.000 1.000 1.000  8.2568729556E-02   0.31781   1.00000   0.00000   0.00000   0.3820927E-02
  2731  2.111683197552799E+07   9.984126  4.031683  4.349494  0.7140811E+00  0.2717733E+00  3.1588867E-05  1.5642524E-03  1.0158933E-04  2.1620886E-03  6.0474301E-03  7.4463369E-06  1.0059367E-05  2.1084332E-03  1.7053625E-04  0.2172    4.349494  -8.732  1.040249  7.563830  0.2270357E+00  0.7593215E+00  9.0561274E-09  6.2901013E-05  1.7088723E-05  9.0905705E-03  2.5094851E-04  9.1068656E-07  8.3810469E-10  2.1084332E-03  1.7053625E-04  1.521E-10  3.862E-17  1.012E+11  5.025E+11  2.408E+01  5.427E+05  0.61819850  3.915E-05  6.354E-05  9.353E-01  0.000E+00  0.000E+00  1.064E+00  572    2.2011  9.42E-03 2.4437E+01 4.5358E+01    4.38E+02 0.00E+00 1.93E+02  0.618251  0.028387 4.38E+02 0.00E+00 1.93E+02  0.618199  0.028388  0.0000000E+00  0.0000000E+00  1.0099431E-06  1.5247854E-01  7.0728425E-02  1.6760520E-04 -1.1819992E-01  5.5289073E-02  8.4142791E-03 0.000 0.220 1.000 1.000 1.000 1.000 1.000 1.000 1.000 1.000 1.000 1.000 1.000 1.000 1.000 1.000 1.000 1.000 1.000 1.000 1.000 1.000 1.000 1.000 1.000 1.000 1.000 1.000 1.000 1.000 1.000 1.000 1.000 1.000 1.000 1.000 1.000 1.000 1.000 1.000  8.2558664449E-02   0.31533   1.00000   0.00000   0.00000   0.3805739E-02
  2741  2.116049377859420E+07   9.984045  4.032695  4.349181  0.7140094E+00  0.2718447E+00  3.1534761E-05  1.5601729E-03  1.0164452E-04  2.1692580E-03  6.0446153E-03  7.4622428E-06  1.0039551E-05  2.1084332E-03  1.7053625E-04  0.2167    4.349181  -8.729  1.040799  7.564121  0.2253039E+00  0.7610534E+00  8.8711284E-09  6.2959281E-05  1.7105139E-05  9.0908231E-03  2.5056496E-04  9.0738817E-07  8.3659707E-10  2.1084332E-03  1.7053625E-04  1.523E-10  3.870E-17  1.004E+11  4.973E+11  2.390E+01  5.371E+05  0.61845817  3.901E-05  6.344E-05  9.352E-01  0.000E+00  0.000E+00  1.064E+00  574    2.2011  9.42E-03 2.4405E+01 4.5324E+01    4.37E+02 0.00E+00 1.93E+02  0.618622  0.028452 4.37E+02 0.00E+00 1.93E+02  0.618458  0.028453  0.0000000E+00  0.0000000E+00  1.0174974E-06  1.5288817E-01  7.0707512E-02  1.6707802E-04 -1.1809275E-01  5.5228250E-02  8.4260390E-03 0.000 0.220 1.000 1.000 1.000 1.000 1.000 1.000 1.000 1.000 1.000 1.000 1.000 1.000 1.000 1.000 1.000 1.000 1.000 1.000 1.000 1.000 1.000 1.000 1.000 1.000 1.000 1.000 1.000 1.000 1.000 1.000 1.000 1.000 1.000 1.000 1.000 1.000 1.000 1.000  8.2548521926E-02   0.31292   1.00000   0.00000   0.00000   0.3790662E-02
  2752  2.120852176196703E+07   9.983955  4.033849  4.348856  0.7139293E+00  0.2719246E+00  3.1474880E-05  1.5556638E-03  1.0170419E-04  2.1771974E-03  6.0414886E-03  7.4797819E-06  1.0017630E-05  2.1084332E-03  1.7053625E-04  0.2165    4.348856  -8.726  1.041401  7.564447  0.2235131E+00  0.7628441E+00  8.7397798E-09  6.3005760E-05  1.7119490E-05  9.0905581E-03  2.5078817E-04  9.0735731E-07  8.3740451E-10  2.1084332E-03  1.7053625E-04  1.481E-10  3.768E-17  9.923E+10  4.861E+11  2.362E+01  5.250E+05  0.61887458  3.888E-05  6.334E-05  9.351E-01  0.000E+00  0.000E+00  1.064E+00  570    2.2041  9.42E-03 2.4372E+01 4.5279E+01    4.37E+02 0.00E+00 1.93E+02  0.618998  0.028528 4.37E+02 0.00E+00 1.93E+02  0.618875  0.028528  0.0000000E+00  0.0000000E+00  1.0263803E-06  1.5332282E-01  7.0684433E-02  1.6651566E-04 -1.1798135E-01  5.5164459E-02  8.4392144E-03 0.000 0.221 1.000 1.000 1.000 1.000 1.000 1.000 1.000 1.000 1.000 1.000 1.000 1.000 1.000 1.000 1.000 1.000 1.000 1.000 1.000 1.000 1.000 1.000 1.000 1.000 1.000 1.000 1.000 1.000 1.000 1.000 1.000 1.000 1.000 1.000 1.000 1.000 1.000 1.000  8.2537275117E-02   0.31042   1.00000   0.00000   0.00000   0.3773929E-02
  2762  2.125218356503324E+07   9.983873  4.034927  4.348546  0.7138677E+00  0.2719859E+00  3.1429295E-05  1.5522356E-03  1.0174857E-04  2.1832449E-03  6.0390999E-03  7.4930867E-06  1.0000951E-05  2.1084332E-03  1.7053625E-04  0.2164    4.348546  -8.724  1.042107  7.564773  0.2217866E+00  0.7645707E+00  8.6281229E-09  6.3052457E-05  1.7133810E-05  9.0907450E-03  2.5049919E-04  9.0266167E-07  8.3400614E-10  2.1084332E-03  1.7053625E-04  1.469E-10  3.744E-17  1.009E+11  5.018E+11  2.401E+01  5.419E+05  0.61915839  3.874E-05  6.324E-05  9.350E-01  0.000E+00  0.000E+00  1.064E+00  567    2.1823  9.42E-03 2.4336E+01 4.5248E+01    4.36E+02 0.00E+00 1.93E+02  0.619475  0.028600 4.36E+02 0.00E+00 1.92E+02  0.619158  0.028598  0.0000000E+00  0.0000000E+00  1.0349621E-06  1.5371152E-01  7.0663598E-02  1.6594522E-04 -1.1788406E-01  5.5108909E-02  8.4510064E-03 0.000 0.221 1.000 1.000 1.000 1.000 1.000 1.000 1.000 1.000 1.000 1.000 1.000 1.000 1.000 1.000 1.000 1.000 1.000 1.000 1.000 1.000 1.000 1.000 1.000 1.000 1.000 1.000 1.000 1.000 1.000 1.000 1.000 1.000 1.000 1.000 1.000 1.000 1.000 1.000  8.2526963867E-02   0.30798   1.00000   0.00000   0.00000   0.3757220E-02
  2772  2.129584536809945E+07   9.983790  4.035985  4.348243  0.7138063E+00  0.2720471E+00  3.1384238E-05  1.5488510E-03  1.0179152E-04  2.1892251E-03  6.0367314E-03  7.5061952E-06  9.9844716E-06  2.1084332E-03  1.7053625E-04  0.2157    4.348243  -8.721  1.042766  7.565088  0.2199221E+00  0.7664354E+00  8.2232212E-09  6.3164998E-05  1.7160331E-05  9.0914194E-03  2.4955149E-04  8.9669402E-07  8.3190987E-10  2.1084332E-03  1.7053625E-04  1.456E-10  3.712E-17  9.806E+10  4.746E+11  2.334E+01  5.126E+05  0.61970072  3.863E-05  6.315E-05  9.349E-01  0.000E+00  0.000E+00  1.064E+00  581    2.1823  9.42E-03 2.4304E+01 4.5211E+01    4.36E+02 0.00E+00 1.93E+02  0.619956  0.028668 4.35E+02 0.00E+00 1.92E+02  0.619701  0.028667  0.0000000E+00  0.0000000E+00  1.0432510E-06  1.5413442E-01  7.0640056E-02  1.6540195E-04 -1.1777570E-01  5.5047101E-02  8.4628320E-03 0.000 0.219 1.000 1.000 1.000 1.000 1.000 1.000 1.000 1.000 1.000 1.000 1.000 1.000 1.000 1.000 1.000 1.000 1.000 1.000 1.000 1.000 1.000 1.000 1.000 1.000 1.000 1.000 1.000 1.000 1.000 1.000 1.000 1.000 1.000 1.000 1.000 1.000 1.000 1.000  8.2516569839E-02   0.30544   1.00000   0.00000   0.00000   0.3742493E-02
  2782  2.133950717116566E+07   9.983707  4.037014  4.347936  0.7137356E+00  0.2721175E+00  3.1332784E-05  1.5449904E-03  1.0183949E-04  2.1960581E-03  6.0340178E-03  7.5211159E-06  9.9656609E-06  2.1084332E-03  1.7053625E-04  0.2153    4.347936  -8.719  1.043346  7.565399  0.2182600E+00  0.7680975E+00  8.2181562E-09  6.3173677E-05  1.7164892E-05  9.0912557E-03  2.4972025E-04  8.9778333E-07  8.3131268E-10  2.1084332E-03  1.7053625E-04  1.404E-10  3.585E-17  9.737E+10  4.724E+11  2.317E+01  5.102E+05  0.62010536  3.851E-05  6.305E-05  9.348E-01  0.000E+00  0.000E+00  1.064E+00  581    2.1601  9.42E-03 2.4276E+01 4.5174E+01    4.35E+02 0.00E+00 1.92E+02  0.620267  0.028734 4.35E+02 0.00E+00 1.92E+02  0.620105  0.028734  0.0000000E+00  0.0000000E+00  1.0510365E-06  1.5454741E-01  7.0618626E-02  1.6488007E-04 -1.1767075E-01  5.4987239E-02  8.4749555E-03 0.000 0.221 1.000 1.000 1.000 1.000 1.000 1.000 1.000 1.000 1.000 1.000 1.000 1.000 1.000 1.000 1.000 1.000 1.000 1.000 1.000 1.000 1.000 1.000 1.000 1.000 1.000 1.000 1.000 1.000 1.000 1.000 1.000 1.000 1.000 1.000 1.000 1.000 1.000 1.000  8.2506096719E-02   0.30308   1.00000   0.00000   0.00000   0.3727798E-02
  2791  2.137880279392525E+07   9.983631  4.038003  4.347618  0.7136649E+00  0.2721879E+00  3.1281799E-05  1.5411700E-03  1.0188590E-04  2.2028322E-03  6.0313198E-03  7.5358486E-06  9.9470309E-06  2.1084332E-03  1.7053625E-04  0.2150    4.347618  -8.717  1.044189  7.565726  0.2163341E+00  0.7700237E+00  7.6717092E-09  6.3356619E-05  1.7209466E-05  9.0928014E-03  2.4766922E-04  8.8292048E-07  8.2436443E-10  2.1084332E-03  1.7053625E-04  1.405E-10  3.590E-17  9.587E+10  4.552E+11  2.282E+01  4.916E+05  0.62047636  3.838E-05  6.299E-05  9.347E-01  0.000E+00  0.000E+00  1.064E+00  582    2.1379  9.42E-03 2.4237E+01 4.5151E+01    4.34E+02 0.00E+00 1.92E+02  0.620452  0.028798 4.34E+02 0.00E+00 1.92E+02  0.620476  0.028798  0.0000000E+00  0.0000000E+00  1.0583662E-06  1.5497667E-01  7.0594703E-02  1.6434217E-04 -1.1756270E-01  5.4926787E-02  8.4851550E-03 0.000 0.216 1.000 1.000 1.000 1.000 1.000 1.000 1.000 1.000 1.000 1.000 1.000 1.000 1.000 1.000 1.000 1.000 1.000 1.000 1.000 1.000 1.000 1.000 1.000 1.000 1.000 1.000 1.000 1.000 1.000 1.000 1.000 1.000 1.000 1.000 1.000 1.000 1.000 1.000  8.2496600545E-02   0.30047   1.00000   0.00000   0.00000   0.3713778E-02
  2801  2.142246459699146E+07   9.983547  4.039061  4.347294  0.7135947E+00  0.2722579E+00  3.1231602E-05  1.5374132E-03  1.0193053E-04  2.2095051E-03  6.0286547E-03  7.5503043E-06  9.9286974E-06  2.1084332E-03  1.7053625E-04  0.2145    4.347294  -8.714  1.044828  7.566055  0.2145272E+00  0.7718306E+00  7.5717804E-09  6.3400705E-05  1.7223501E-05  9.0931761E-03  2.4716650E-04  8.8119545E-07  8.2330661E-10  2.1084332E-03  1.7053625E-04  1.388E-10  3.552E-17  9.538E+10  4.545E+11  2.270E+01  4.908E+05  0.62076788  3.825E-05  6.290E-05  9.346E-01  0.000E+00  0.000E+00  1.064E+00  578    2.1601  9.42E-03 2.4208E+01 4.5112E+01    4.34E+02 0.00E+00 1.92E+02  0.620863  0.028867 4.34E+02 0.00E+00 1.92E+02  0.620768  0.028868  0.0000000E+00  0.0000000E+00  1.0667798E-06  1.5541006E-01  7.0572358E-02  1.6380294E-04 -1.1745344E-01  5.4864699E-02  8.4973281E-03 0.000 0.216 1.000 1.000 1.000 1.000 1.000 1.000 1.000 1.000 1.000 1.000 1.000 1.000 1.000 1.000 1.000 1.000 1.000 1.000 1.000 1.000 1.000 1.000 1.000 1.000 1.000 1.000 1.000 1.000 1.000 1.000 1.000 1.000 1.000 1.000 1.000 1.000 1.000 1.000  8.2485967138E-02   0.29797   1.00000   0.00000   0.00000   0.3698409E-02
  2810  2.146176021975105E+07   9.983471  4.039995  4.346990  0.7135385E+00  0.2723140E+00  3.1191660E-05  1.5344273E-03  1.0196528E-04  2.2148172E-03  6.0265278E-03  7.5617720E-06  9.9141156E-06  2.1084332E-03  1.7053625E-04  0.2141    4.346990  -8.712  1.045405  7.566351  0.2129004E+00  0.7734575E+00  7.4201770E-09  6.3461012E-05  1.7240506E-05  9.0934565E-03  2.4674804E-04  8.7760410E-07  8.2138885E-10  2.1084332E-03  1.7053625E-04  1.388E-10  3.552E-17  9.475E+10  4.500E+11  2.255E+01  4.860E+05  0.62116143  3.814E-05  6.283E-05  9.346E-01  0.000E+00  0.000E+00  1.065E+00  579    2.1596  9.42E-03 2.4183E+01 4.5069E+01    4.33E+02 0.00E+00 1.92E+02  0.621453  0.028929 4.33E+02 0.00E+00 1.92E+02  0.621161  0.028929  0.0000000E+00  0.0000000E+00  1.0748881E-06  1.5580084E-01  7.0554035E-02  1.6332449E-04 -1.1735525E-01  5.4808805E-02  8.5083675E-03 0.000 0.216 1.000 1.000 1.000 1.000 1.000 1.000 1.000 1.000 1.000 1.000 1.000 1.000 1.000 1.000 1.000 1.000 1.000 1.000 1.000 1.000 1.000 1.000 1.000 1.000 1.000 1.000 1.000 1.000 1.000 1.000 1.000 1.000 1.000 1.000 1.000 1.000 1.000 1.000  8.2476325457E-02   0.29569   1.00000   0.00000   0.00000   0.3684157E-02
  2820  2.150542202281725E+07   9.983386  4.041056  4.346673  0.7134677E+00  0.2723845E+00  3.1141843E-05  1.5307072E-03  1.0200768E-04  2.2214458E-03  6.0238671E-03  7.5760311E-06  9.8959362E-06  2.1084332E-03  1.7053625E-04  0.2136    4.346673  -8.709  1.046005  7.566671  0.2111592E+00  0.7751987E+00  7.3102471E-09  6.3507806E-05  1.7254840E-05  9.0934783E-03  2.4664462E-04  8.7604307E-07  8.2066625E-10  2.1084332E-03  1.7053625E-04  1.398E-10  3.579E-17  9.463E+10  4.522E+11  2.252E+01  4.883E+05  0.62168350  3.802E-05  6.273E-05  9.344E-01  0.000E+00  0.000E+00  1.065E+00  580    2.1379  9.42E-03 2.4154E+01 4.5035E+01    4.33E+02 0.00E+00 1.92E+02  0.621804  0.028999 4.33E+02 0.00E+00 1.92E+02  0.621683  0.028999  0.0000000E+00  0.0000000E+00  1.0832890E-06  1.5622595E-01  7.0529746E-02  1.6279154E-04 -1.1724956E-01  5.4748502E-02  8.5206154E-03 0.000 0.217 1.000 1.000 1.000 1.000 1.000 1.000 1.000 1.000 1.000 1.000 1.000 1.000 1.000 1.000 1.000 1.000 1.000 1.000 1.000 1.000 1.000 1.000 1.000 1.000 1.000 1.000 1.000 1.000 1.000 1.000 1.000 1.000 1.000 1.000 1.000 1.000 1.000 1.000  8.2465532190E-02   0.29327   1.00000   0.00000   0.00000   0.3668916E-02
  2830  2.154908382588346E+07   9.983301  4.042091  4.346340  0.7133930E+00  0.2724590E+00  3.1089715E-05  1.5268196E-03  1.0205093E-04  2.2283853E-03  6.0210738E-03  7.5908997E-06  9.8769230E-06  2.1084332E-03  1.7053625E-04  0.2131    4.346340  -8.707  1.046674  7.566986  0.2093930E+00  0.7769650E+00  7.2614835E-09  6.3529279E-05  1.7262435E-05  9.0936289E-03  2.4643593E-04  8.7443748E-07  8.1822475E-10  2.1084332E-03  1.7053625E-04  1.368E-10  3.503E-17  9.353E+10  4.417E+11  2.226E+01  4.771E+05  0.62195199  3.788E-05  6.263E-05  9.344E-01  0.000E+00  0.000E+00  1.065E+00  582    2.1697  9.42E-03 2.4120E+01 4.5001E+01    4.32E+02 0.00E+00 1.92E+02  0.622215  0.029067 4.32E+02 0.00E+00 1.92E+02  0.621952  0.029067  0.0000000E+00  0.0000000E+00  1.0917810E-06  1.5666910E-01  7.0507289E-02  1.6225006E-04 -1.1713810E-01  5.4685323E-02  8.5325087E-03 0.000 0.217 1.000 1.000 1.000 1.000 1.000 1.000 1.000 1.000 1.000 1.000 1.000 1.000 1.000 1.000 1.000 1.000 1.000 1.000 1.000 1.000 1.000 1.000 1.000 1.000 1.000 1.000 1.000 1.000 1.000 1.000 1.000 1.000 1.000 1.000 1.000 1.000 1.000 1.000  8.2454654326E-02   0.29074   1.00000   0.00000   0.00000   0.3653941E-02
  2840  2.159274562894967E+07   9.983215  4.043118  4.346020  0.7133252E+00  0.2725266E+00  3.1042807E-05  1.5233257E-03  1.0208888E-04  2.2346330E-03  6.0185520E-03  7.6042339E-06  9.8598223E-06  2.1084332E-03  1.7053625E-04  0.2126    4.346020  -8.705  1.047326  7.567327  0.2075144E+00  0.7788436E+00  6.9313936E-09  6.3661239E-05  1.7297312E-05  9.0941023E-03  2.4568320E-04  8.6695394E-07  8.1654243E-10  2.1084332E-03  1.7053625E-04  1.348E-10  3.457E-17  9.276E+10  4.349E+11  2.208E+01  4.697E+05  0.62222708  3.775E-05  6.253E-05  9.343E-01  0.000E+00  0.000E+00  1.065E+00  583    2.1379  9.42E-03 2.4087E+01 4.4967E+01    4.32E+02 0.00E+00 1.92E+02  0.622536  0.029135 4.32E+02 0.00E+00 1.92E+02  0.622227  0.029135  0.0000000E+00  0.0000000E+00  1.1000746E-06  1.5709940E-01  7.0484868E-02  1.6172374E-04 -1.1703101E-01  5.4624277E-02  8.5449257E-03 0.000 0.216 1.000 1.000 1.000 1.000 1.000 1.000 1.000 1.000 1.000 1.000 1.000 1.000 1.000 1.000 1.000 1.000 1.000 1.000 1.000 1.000 1.000 1.000 1.000 1.000 1.000 1.000 1.000 1.000 1.000 1.000 1.000 1.000 1.000 1.000 1.000 1.000 1.000 1.000  8.2443690724E-02   0.28821   1.00000   0.00000   0.00000   0.3639323E-02
  2850  2.163640743201588E+07   9.983128  4.044187  4.345701  0.7132519E+00  0.2725996E+00  3.0992551E-05  1.5195871E-03  1.0212850E-04  2.2413299E-03  6.0158416E-03  7.6184717E-06  9.8415099E-06  2.1084332E-03  1.7053625E-04  0.2121    4.345701  -8.702  1.047940  7.567648  0.2058186E+00  0.7805394E+00  6.8443315E-09  6.3694779E-05  1.7307398E-05  9.0938416E-03  2.4592328E-04  8.6764818E-07  8.1684352E-10  2.1084332E-03  1.7053625E-04  1.344E-10  3.448E-17  9.226E+10  4.328E+11  2.196E+01  4.674E+05  0.62265412  3.763E-05  6.241E-05  9.342E-01  0.000E+00  0.000E+00  1.065E+00  580    2.1379  9.42E-03 2.4057E+01 4.4933E+01    4.31E+02 0.00E+00 1.92E+02  0.622967  0.029206 4.31E+02 0.00E+00 1.92E+02  0.622654  0.029206  0.0000000E+00  0.0000000E+00  1.1090048E-06  1.5753036E-01  7.0462448E-02  1.6120094E-04 -1.1692569E-01  5.4564019E-02  8.5573518E-03 0.000 0.217 1.000 1.000 1.000 1.000 1.000 1.000 1.000 1.000 1.000 1.000 1.000 1.000 1.000 1.000 1.000 1.000 1.000 1.000 1.000 1.000 1.000 1.000 1.000 1.000 1.000 1.000 1.000 1.000 1.000 1.000 1.000 1.000 1.000 1.000 1.000 1.000 1.000 1.000  8.2432641351E-02   0.28586   1.00000   0.00000   0.00000   0.3624165E-02
  2860  2.167613967280612E+07   9.983049  4.045193  4.345364  0.7131855E+00  0.2726658E+00  3.0947378E-05  1.5162306E-03  1.0216324E-04  2.2473522E-03  6.0133979E-03  7.6312282E-06  9.8250574E-06  2.1084332E-03  1.7053625E-04  0.2123    4.345364  -8.700  1.048754  7.567952  0.2041068E+00  0.7822513E+00  6.4702336E-09  6.3995946E-05  1.7394419E-05  9.0939717E-03  2.4528069E-04  8.5219118E-07  8.1321010E-10  2.1084332E-03  1.7053625E-04  1.263E-10  3.243E-17  9.004E+10  4.065E+11  2.143E+01  4.390E+05  0.62309576  3.751E-05  6.233E-05  9.341E-01  0.000E+00  0.000E+00  1.065E+00  581    2.1379  9.42E-03 2.4021E+01 4.4905E+01    4.30E+02 0.00E+00 1.92E+02  0.623399  0.029274 4.30E+02 0.00E+00 1.91E+02  0.623096  0.029273  0.0000000E+00  0.0000000E+00  1.0058769E-06  1.5796673E-01  7.0440526E-02  1.6068063E-04 -1.1681870E-01  5.4503961E-02  8.5676203E-03 0.000 0.216 1.000 1.000 1.000 1.000 1.000 1.000 1.000 1.000 1.000 1.000 1.000 1.000 1.000 1.000 1.000 1.000 1.000 1.000 1.000 1.000 1.000 1.000 1.000 1.000 1.000 1.000 1.000 1.000 1.000 1.000 1.000 1.000 1.000 1.000 1.000 1.000 1.000 1.000  8.2422510920E-02   0.28343   1.00000   0.00000   0.00000   0.3609060E-02
  2870  2.171543529556569E+07   9.982970  4.046157  4.345059  0.7131224E+00  0.2727288E+00  3.0904728E-05  1.5130653E-03  1.0219521E-04  2.2530408E-03  6.0110837E-03  7.6432336E-06  9.8095310E-06  2.1084332E-03  1.7053625E-04  0.2114    4.345059  -8.697  1.049296  7.568291  0.2022604E+00  0.7840979E+00  6.3522627E-09  6.4035643E-05  1.7403603E-05  9.0951039E-03  2.4392751E-04  8.4686342E-07  8.0696861E-10  2.1084332E-03  1.7053625E-04  1.287E-10  3.306E-17  9.013E+10  4.130E+11  2.145E+01  4.461E+05  0.62341376  3.739E-05  6.226E-05  9.340E-01  0.000E+00  0.000E+00  1.065E+00  594    2.1268  9.42E-03 2.3988E+01 4.4871E+01    4.30E+02 0.00E+00 1.91E+02  0.623629  0.029338 4.30E+02 0.00E+00 1.91E+02  0.623414  0.029337  0.0000000E+00  0.0000000E+00  1.0128220E-06  1.5839557E-01  7.0418179E-02  1.6016579E-04 -1.1671195E-01  5.4443708E-02  8.5788934E-03 0.000 0.214 1.000 1.000 1.000 1.000 1.000 1.000 1.000 1.000 1.000 1.000 1.000 1.000 1.000 1.000 1.000 1.000 1.000 1.000 1.000 1.000 1.000 1.000 1.000 1.000 1.000 1.000 1.000 1.000 1.000 1.000 1.000 1.000 1.000 1.000 1.000 1.000 1.000 1.000  8.2412417157E-02   0.28088   1.00000   0.00000   0.00000   0.3596070E-02
  2880  2.175473091832526E+07   9.982891  4.047115  4.344754  0.7130589E+00  0.2727921E+00  3.0862198E-05  1.5099124E-03  1.0222637E-04  2.2587157E-03  6.0087698E-03  7.6551708E-06  9.7940549E-06  2.1084332E-03  1.7053625E-04  0.2111    4.344754  -8.695  1.049985  7.568601  0.2006223E+00  0.7857361E+00  6.1768105E-09  6.4127307E-05  1.7429773E-05  9.0952085E-03  2.4365677E-04  8.4337505E-07  8.0682220E-10  2.1084332E-03  1.7053625E-04  1.266E-10  3.256E-17  8.923E+10  4.059E+11  2.124E+01  4.383E+05  0.62366629  3.726E-05  6.218E-05  9.339E-01  0.000E+00  0.000E+00  1.065E+00  595    2.1359  9.42E-03 2.3961E+01 4.4835E+01    4.29E+02 0.00E+00 1.91E+02  0.623945  0.029401 4.29E+02 0.00E+00 1.91E+02  0.623666  0.029401  0.0000000E+00  0.0000000E+00  1.0199149E-06  1.5880894E-01  7.0397921E-02  1.5967851E-04 -1.1661255E-01  5.4387159E-02  8.5900322E-03 0.000 0.214 1.000 1.000 1.000 1.000 1.000 1.000 1.000 1.000 1.000 1.000 1.000 1.000 1.000 1.000 1.000 1.000 1.000 1.000 1.000 1.000 1.000 1.000 1.000 1.000 1.000 1.000 1.000 1.000 1.000 1.000 1.000 1.000 1.000 1.000 1.000 1.000 1.000 1.000  8.2402250575E-02   0.27864   1.00000   0.00000   0.00000   0.3582562E-02
  2890  2.179402654108484E+07   9.982812  4.048068  4.344426  0.7129944E+00  0.2728563E+00  3.0819335E-05  1.5067383E-03  1.0225701E-04  2.2644373E-03  6.0064314E-03  7.6671655E-06  9.7784648E-06  2.1084332E-03  1.7053625E-04  0.2109    4.344426  -8.693  1.050671  7.568919  0.1990123E+00  0.7873461E+00  6.1166405E-09  6.4167680E-05  1.7443105E-05  9.0952317E-03  2.4356189E-04  8.4141415E-07  8.0522563E-10  2.1084332E-03  1.7053625E-04  1.272E-10  3.276E-17  8.934E+10  4.073E+11  2.126E+01  4.399E+05  0.62416014  3.715E-05  6.209E-05  9.338E-01  0.000E+00  0.000E+00  1.065E+00  592    2.1146  9.42E-03 2.3933E+01 4.4803E+01    4.29E+02 0.00E+00 1.91E+02  0.624455  0.029465 4.29E+02 0.00E+00 1.91E+02  0.624160  0.029464  0.0000000E+00  0.0000000E+00  1.0275797E-06  1.5922135E-01  7.0375297E-02  1.5918518E-04 -1.1651339E-01  5.4330982E-02  8.6010765E-03 0.000 0.215 1.000 1.000 1.000 1.000 1.000 1.000 1.000 1.000 1.000 1.000 1.000 1.000 1.000 1.000 1.000 1.000 1.000 1.000 1.000 1.000 1.000 1.000 1.000 1.000 1.000 1.000 1.000 1.000 1.000 1.000 1.000 1.000 1.000 1.000 1.000 1.000 1.000 1.000  8.2392009990E-02   0.27634   1.00000   0.00000   0.00000   0.3568071E-02
  2900  2.183332216384441E+07   9.982732  4.049096  4.344093  0.7129165E+00  0.2729340E+00  3.0767921E-05  1.5029357E-03  1.0229277E-04  2.2713034E-03  6.0036179E-03  7.6815061E-06  9.7597738E-06  2.1084332E-03  1.7053625E-04  0.2104    4.344093  -8.690  1.051447  7.569233  0.1972408E+00  0.7891177E+00  5.8105343E-09  6.4292137E-05  1.7472953E-05  9.0958223E-03  2.4269046E-04  8.3492100E-07  8.0307890E-10  2.1084332E-03  1.7053625E-04  1.220E-10  3.142E-17  8.749E+10  3.901E+11  2.082E+01  4.213E+05  0.62455253  3.703E-05  6.202E-05  9.337E-01  0.000E+00  0.000E+00  1.066E+00  596    2.0933  9.42E-03 2.3904E+01 4.4770E+01    4.28E+02 0.00E+00 1.91E+02  0.624727  0.029534 4.28E+02 0.00E+00 1.91E+02  0.624553  0.029533  0.0000000E+00  0.0000000E+00  1.0353469E-06  1.5967050E-01  7.0353252E-02  1.5866403E-04 -1.1640624E-01  5.4270443E-02  8.6118509E-03 0.000 0.213 1.000 1.000 1.000 1.000 1.000 1.000 1.000 1.000 1.000 1.000 1.000 1.000 1.000 1.000 1.000 1.000 1.000 1.000 1.000 1.000 1.000 1.000 1.000 1.000 1.000 1.000 1.000 1.000 1.000 1.000 1.000 1.000 1.000 1.000 1.000 1.000 1.000 1.000  8.2381692499E-02   0.27398   1.00000   0.00000   0.00000   0.3553910E-02
  2910  2.187261778660398E+07   9.982651  4.050078  4.343760  0.7128498E+00  0.2730005E+00  3.0724273E-05  1.4997113E-03  1.0232230E-04  2.2771350E-03  6.0012223E-03  7.6936415E-06  9.7439136E-06  2.1084332E-03  1.7053625E-04  0.2099    4.343760  -8.688  1.052112  7.569557  0.1955497E+00  0.7908089E+00  5.7107541E-09  6.4342868E-05  1.7487834E-05  9.0961363E-03  2.4224854E-04  8.3194322E-07  8.0099766E-10  2.1084332E-03  1.7053625E-04  1.216E-10  3.133E-17  8.702E+10  3.880E+11  2.071E+01  4.190E+05  0.62492206  3.691E-05  6.193E-05  9.336E-01  0.000E+00  0.000E+00  1.066E+00  601    2.0933  9.42E-03 2.3876E+01 4.4737E+01    4.28E+02 0.00E+00 1.91E+02  0.625174  0.029600 4.28E+02 0.00E+00 1.91E+02  0.624922  0.029599  0.0000000E+00  0.0000000E+00  1.0431607E-06  1.6010048E-01  7.0329712E-02  1.5815619E-04 -1.1630339E-01  5.4211998E-02  8.6233054E-03 0.000 0.213 1.000 1.000 1.000 1.000 1.000 1.000 1.000 1.000 1.000 1.000 1.000 1.000 1.000 1.000 1.000 1.000 1.000 1.000 1.000 1.000 1.000 1.000 1.000 1.000 1.000 1.000 1.000 1.000 1.000 1.000 1.000 1.000 1.000 1.000 1.000 1.000 1.000 1.000  8.2371296973E-02   0.27161   1.00000   0.00000   0.00000   0.3539479E-02
  2920  2.191191340936356E+07   9.982571  4.051049  4.343431  0.7127816E+00  0.2730685E+00  3.0679964E-05  1.4964419E-03  1.0235148E-04  2.2830573E-03  5.9987835E-03  7.7059224E-06  9.7278209E-06  2.1084332E-03  1.7053625E-04  0.2095    4.343431  -8.686  1.052788  7.569885  0.1938394E+00  0.7925193E+00  5.5665993E-09  6.4424358E-05  1.7510876E-05  9.0964654E-03  2.4173956E-04  8.2752193E-07  7.9886314E-10  2.1084332E-03  1.7053625E-04  1.199E-10  3.093E-17  8.629E+10  3.821E+11  2.054E+01  4.127E+05  0.62519721  3.678E-05  6.184E-05  9.336E-01  0.000E+00  0.000E+00  1.066E+00  601    2.0933  9.42E-03 2.3847E+01 4.4705E+01    4.27E+02 0.00E+00 1.91E+02  0.625499  0.029665 4.27E+02 0.00E+00 1.91E+02  0.625197  0.029664  0.0000000E+00  0.0000000E+00  1.0506993E-06  1.6053289E-01  7.0307651E-02  1.5765384E-04 -1.1620012E-01  5.4153276E-02  8.6348835E-03 0.000 0.213 1.000 1.000 1.000 1.000 1.000 1.000 1.000 1.000 1.000 1.000 1.000 1.000 1.000 1.000 1.000 1.000 1.000 1.000 1.000 1.000 1.000 1.000 1.000 1.000 1.000 1.000 1.000 1.000 1.000 1.000 1.000 1.000 1.000 1.000 1.000 1.000 1.000 1.000  8.2360824140E-02   0.26924   1.00000   0.00000   0.00000   0.3525622E-02
  2930  2.195120903212313E+07   9.982489  4.052025  4.343105  0.7127072E+00  0.2731428E+00  3.0631960E-05  1.4929042E-03  1.0238221E-04  2.2894762E-03  5.9961337E-03  7.7191848E-06  9.7103951E-06  2.1084332E-03  1.7053625E-04  0.2090    4.343105  -8.684  1.053468  7.570216  0.1921262E+00  0.7942326E+00  5.4078521E-09  6.4503662E-05  1.7532225E-05  9.0967826E-03  2.4124847E-04  8.2383616E-07  7.9744374E-10  2.1084332E-03  1.7053625E-04  1.184E-10  3.056E-17  8.558E+10  3.767E+11  2.037E+01  4.068E+05  0.62561611  3.666E-05  6.176E-05  9.335E-01  0.000E+00  0.000E+00  1.066E+00  601    2.0933  9.42E-03 2.3816E+01 4.4672E+01    4.27E+02 0.00E+00 1.91E+02  0.625925  0.029731 4.27E+02 0.00E+00 1.91E+02  0.625616  0.029730  0.0000000E+00  0.0000000E+00  1.0586026E-06  1.6096283E-01  7.0285905E-02  1.5715748E-04 -1.1609809E-01  5.4095185E-02  8.6464823E-03 0.000 0.213 1.000 1.000 1.000 1.000 1.000 1.000 1.000 1.000 1.000 1.000 1.000 1.000 1.000 1.000 1.000 1.000 1.000 1.000 1.000 1.000 1.000 1.000 1.000 1.000 1.000 1.000 1.000 1.000 1.000 1.000 1.000 1.000 1.000 1.000 1.000 1.000 1.000 1.000  8.2350274218E-02   0.26688   1.00000   0.00000   0.00000   0.3511653E-02
  2940  2.199050465488270E+07   9.982408  4.052987  4.342773  0.7126351E+00  0.2732147E+00  3.0585857E-05  1.4895107E-03  1.0241086E-04  2.2956436E-03  5.9935814E-03  7.7318816E-06  9.6936673E-06  2.1084332E-03  1.7053625E-04  0.2086    4.342773  -8.681  1.054168  7.570548  0.1904076E+00  0.7959513E+00  5.3254893E-09  6.4559651E-05  1.7549406E-05  9.0971262E-03  2.4076396E-04  8.1963054E-07  7.9408748E-10  2.1084332E-03  1.7053625E-04  1.180E-10  3.047E-17  8.531E+10  3.747E+11  2.030E+01  4.047E+05  0.62611913  3.655E-05  6.167E-05  9.333E-01  0.000E+00  0.000E+00  1.066E+00  601    2.1120  9.42E-03 2.3784E+01 4.4641E+01    4.26E+02 0.00E+00 1.91E+02  0.626409  0.029795 4.26E+02 0.00E+00 1.91E+02  0.626119  0.029795  0.0000000E+00  0.0000000E+00  1.0665008E-06  1.6139636E-01  7.0262410E-02  1.5665331E-04 -1.1599525E-01  5.4036762E-02  8.6579128E-03 0.000 0.212 1.000 1.000 1.000 1.000 1.000 1.000 1.000 1.000 1.000 1.000 1.000 1.000 1.000 1.000 1.000 1.000 1.000 1.000 1.000 1.000 1.000 1.000 1.000 1.000 1.000 1.000 1.000 1.000 1.000 1.000 1.000 1.000 1.000 1.000 1.000 1.000 1.000 1.000  8.2339647281E-02   0.26443   1.00000   0.00000   0.00000   0.3497682E-02
  2949  2.202587071536632E+07   9.982334  4.053931  4.342463  0.7125721E+00  0.2732775E+00  3.0545904E-05  1.4865733E-03  1.0243499E-04  2.3009904E-03  5.9913633E-03  7.7428506E-06  9.6791781E-06  2.1084332E-03  1.7053625E-04  0.2083    4.342463  -8.679  1.055029  7.570873  0.1887465E+00  0.7976125E+00  5.1953607E-09  6.4615616E-05  1.7563166E-05  9.0978748E-03  2.3982081E-04  8.1542831E-07  7.9021599E-10  2.1084332E-03  1.7053625E-04  1.148E-10  2.969E-17  8.479E+10  3.700E+11  2.018E+01  3.996E+05  0.62645301  3.644E-05  6.161E-05  9.332E-01  0.000E+00  0.000E+00  1.066E+00  597    2.1049  9.42E-03 2.3753E+01 4.4617E+01    4.26E+02 0.00E+00 1.90E+02  0.626616  0.029858 4.26E+02 0.00E+00 1.90E+02  0.626453  0.029859  0.0000000E+00  0.0000000E+00  1.0736913E-06  1.6181391E-01  7.0240175E-02  1.5617833E-04 -1.1589906E-01  5.3982572E-02  8.6676757E-03 0.000 0.211 1.000 1.000 1.000 1.000 1.000 1.000 1.000 1.000 1.000 1.000 1.000 1.000 1.000 1.000 1.000 1.000 1.000 1.000 1.000 1.000 1.000 1.000 1.000 1.000 1.000 1.000 1.000 1.000 1.000 1.000 1.000 1.000 1.000 1.000 1.000 1.000 1.000 1.000  8.2330014158E-02   0.26213   1.00000   0.00000   0.00000   0.3484733E-02
  2958  2.206123677584993E+07   9.982260  4.054810  4.342157  0.7125016E+00  0.2733478E+00  3.0501477E-05  1.4833106E-03  1.0246109E-04  2.3069381E-03  5.9888905E-03  7.7550124E-06  9.6630739E-06  2.1084332E-03  1.7053625E-04  0.2079    4.342157  -8.677  1.055689  7.571182  0.1871755E+00  0.7991835E+00  5.0532428E-09  6.4695168E-05  1.7584725E-05  9.0981812E-03  2.3934147E-04  8.1185352E-07  7.8897260E-10  2.1084332E-03  1.7053625E-04  1.132E-10  2.928E-17  8.367E+10  3.607E+11  1.991E+01  3.895E+05  0.62666560  3.632E-05  6.154E-05  9.332E-01  0.000E+00  0.000E+00  1.066E+00  602    2.0709  9.42E-03 2.3729E+01 4.4576E+01    4.25E+02 0.00E+00 1.90E+02  0.626977  0.029919 4.25E+02 0.00E+00 1.90E+02  0.626666  0.029918  0.0000000E+00  0.0000000E+00  1.0809729E-06  1.6221963E-01  7.0221765E-02  1.5572349E-04 -1.1580377E-01  5.3928488E-02  8.6781481E-03 0.000 0.211 1.000 1.000 1.000 1.000 1.000 1.000 1.000 1.000 1.000 1.000 1.000 1.000 1.000 1.000 1.000 1.000 1.000 1.000 1.000 1.000 1.000 1.000 1.000 1.000 1.000 1.000 1.000 1.000 1.000 1.000 1.000 1.000 1.000 1.000 1.000 1.000 1.000 1.000  8.2320314940E-02   0.25996   1.00000   0.00000   0.00000   0.3472200E-02
  2968  2.210053239860951E+07   9.982177  4.055742  4.341844  0.7124308E+00  0.2734184E+00  3.0457199E-05  1.4800626E-03  1.0248631E-04  2.3128684E-03  5.9864191E-03  7.7670961E-06  9.6470313E-06  2.1084332E-03  1.7053625E-04  0.2073    4.341844  -8.675  1.056202  7.571497  0.1855358E+00  0.8008233E+00  4.9001538E-09  6.4784518E-05  1.7609726E-05  9.0980575E-03  2.3933558E-04  8.0902872E-07  7.8959182E-10  2.1084332E-03  1.7053625E-04  1.131E-10  2.926E-17  8.307E+10  3.558E+11  1.977E+01  3.843E+05  0.62718669  3.622E-05  6.144E-05  9.331E-01  0.000E+00  0.000E+00  1.066E+00  599    2.0978  9.42E-03 2.3701E+01 4.4543E+01    4.25E+02 0.00E+00 1.90E+02  0.627358  0.029981 4.25E+02 0.00E+00 1.90E+02  0.627187  0.029982  0.0000000E+00  0.0000000E+00  1.0885839E-06  1.6264022E-01  7.0198079E-02  1.5523544E-04 -1.1570378E-01  5.3871107E-02  8.6905409E-03 0.000 0.210 1.000 1.000 1.000 1.000 1.000 1.000 1.000 1.000 1.000 1.000 1.000 1.000 1.000 1.000 1.000 1.000 1.000 1.000 1.000 1.000 1.000 1.000 1.000 1.000 1.000 1.000 1.000 1.000 1.000 1.000 1.000 1.000 1.000 1.000 1.000 1.000 1.000 1.000  8.2309462664E-02   0.25770   1.00000   0.00000   0.00000   0.3459144E-02
  2976  2.213196889681717E+07   9.982110  4.056563  4.341540  0.7123733E+00  0.2734758E+00  3.0421469E-05  1.4774446E-03  1.0250609E-04  2.3176555E-03  5.9844197E-03  7.7768190E-06  9.6340918E-06  2.1084332E-03  1.7053625E-04  0.2071    4.341540  -8.673  1.057058  7.571808  0.1839432E+00  0.8024161E+00  4.7687638E-09  6.4884945E-05  1.7638320E-05  9.0990745E-03  2.3801289E-04  7.9988939E-07  7.8321046E-10  2.1084332E-03  1.7053625E-04  1.113E-10  2.883E-17  8.248E+10  3.497E+11  1.963E+01  3.777E+05  0.62744186  3.611E-05  6.140E-05  9.330E-01  0.000E+00  0.000E+00  1.066E+00  599    2.0682  9.42E-03 2.3674E+01 4.4517E+01    4.24E+02 0.00E+00 1.90E+02  0.627667  0.030038 4.24E+02 0.00E+00 1.90E+02  0.627442  0.030038  0.0000000E+00  0.0000000E+00  1.0954196E-06  1.6304192E-01  7.0179741E-02  1.5479577E-04 -1.1561153E-01  5.3819504E-02  8.6991795E-03 0.000 0.209 1.000 1.000 1.000 1.000 1.000 1.000 1.000 1.000 1.000 1.000 1.000 1.000 1.000 1.000 1.000 1.000 1.000 1.000 1.000 1.000 1.000 1.000 1.000 1.000 1.000 1.000 1.000 1.000 1.000 1.000 1.000 1.000 1.000 1.000 1.000 1.000 1.000 1.000  8.2300723824E-02   0.25546   1.00000   0.00000   0.00000   0.3447353E-02
  2985  2.216733495730078E+07   9.982035  4.057486  4.341234  0.7123084E+00  0.2735405E+00  3.0381410E-05  1.4745124E-03  1.0252767E-04  2.3230244E-03  5.9821728E-03  7.7876906E-06  9.6195910E-06  2.1084332E-03  1.7053625E-04  0.2066    4.341234  -8.671  1.057709  7.572115  0.1824211E+00  0.8039382E+00  4.7506954E-09  6.4876239E-05  1.7635813E-05  9.0992337E-03  2.3784337E-04  8.0222204E-07  7.8263148E-10  2.1084332E-03  1.7053625E-04  1.101E-10  2.852E-17  8.216E+10  3.506E+11  1.955E+01  3.787E+05  0.62782821  3.600E-05  6.130E-05  9.329E-01  0.000E+00  0.000E+00  1.066E+00  608    2.0682  9.42E-03 2.3648E+01 4.4494E+01    4.24E+02 0.00E+00 1.90E+02  0.628034  0.030100 4.24E+02 0.00E+00 1.90E+02  0.627828  0.030101  0.0000000E+00  0.0000000E+00  1.1030060E-06  1.6345717E-01  7.0156964E-02  1.5432863E-04 -1.1551600E-01  5.3765300E-02  8.7096809E-03 0.000 0.211 1.000 1.000 1.000 1.000 1.000 1.000 1.000 1.000 1.000 1.000 1.000 1.000 1.000 1.000 1.000 1.000 1.000 1.000 1.000 1.000 1.000 1.000 1.000 1.000 1.000 1.000 1.000 1.000 1.000 1.000 1.000 1.000 1.000 1.000 1.000 1.000 1.000 1.000  8.2290827526E-02   0.25329   1.00000   0.00000   0.00000   0.3434635E-02
  2994  2.220270101778440E+07   9.981959  4.058366  4.340928  0.7122459E+00  0.2736028E+00  3.0343133E-05  1.4717136E-03  1.0254768E-04  2.3281563E-03  5.9800204E-03  7.7980494E-06  9.6057414E-06  2.1084332E-03  1.7053625E-04  0.2063    4.340928  -8.669  1.058377  7.572429  0.1808313E+00  0.8055280E+00  4.5871318E-09  6.4979310E-05  1.7663720E-05  9.0994938E-03  2.3737907E-04  7.9725362E-07  7.8129674E-10  2.1084332E-03  1.7053625E-04  1.041E-10  2.698E-17  8.139E+10  3.441E+11  1.937E+01  3.716E+05  0.62812905  3.589E-05  6.124E-05  9.328E-01  0.000E+00  0.000E+00  1.067E+00  607    2.0682  9.42E-03 2.3623E+01 4.4454E+01    4.23E+02 0.00E+00 1.90E+02  0.628389  0.030162 4.23E+02 0.00E+00 1.90E+02  0.628129  0.030161  0.0000000E+00  0.0000000E+00  1.1105650E-06  1.6386705E-01  7.0136662E-02  1.5387195E-04 -1.1542157E-01  5.3711605E-02  8.7202801E-03 0.000 0.211 1.000 1.000 1.000 1.000 1.000 1.000 1.000 1.000 1.000 1.000 1.000 1.000 1.000 1.000 1.000 1.000 1.000 1.000 1.000 1.000 1.000 1.000 1.000 1.000 1.000 1.000 1.000 1.000 1.000 1.000 1.000 1.000 1.000 1.000 1.000 1.000 1.000 1.000  8.2280863988E-02   0.25116   1.00000   0.00000   0.00000   0.3422187E-02
  3003  2.223806707826801E+07   9.981883  4.059272  4.340612  0.7121723E+00  0.2736763E+00  3.0298293E-05  1.4684388E-03  1.0257038E-04  2.3341703E-03  5.9774924E-03  7.8101480E-06  9.5895252E-06  2.1084332E-03  1.7053625E-04  0.2060    4.340612  -8.667  1.059294  7.572772  0.1790907E+00  0.8072688E+00  4.4011039E-09  6.5093622E-05  1.7693060E-05  9.1003269E-03  2.3624590E-04  7.8942174E-07  7.7682130E-10  2.1084332E-03  1.7053625E-04  1.053E-10  2.732E-17  8.060E+10  3.347E+11  1.918E+01  3.615E+05  0.62856415  3.578E-05  6.117E-05  9.327E-01  0.000E+00  0.000E+00  1.067E+00  616    2.0485  9.42E-03 2.3591E+01 4.4433E+01    4.22E+02 0.00E+00 1.90E+02  0.628546  0.030223 4.22E+02 0.00E+00 1.90E+02  0.628564  0.030223  0.0000000E+00  0.0000000E+00  1.1176244E-06  1.6430596E-01  7.0114238E-02  1.5339068E-04 -1.1532164E-01  5.3655530E-02  8.7301075E-03 0.000 0.208 1.000 1.000 1.000 1.000 1.000 1.000 1.000 1.000 1.000 1.000 1.000 1.000 1.000 1.000 1.000 1.000 1.000 1.000 1.000 1.000 1.000 1.000 1.000 1.000 1.000 1.000 1.000 1.000 1.000 1.000 1.000 1.000 1.000 1.000 1.000 1.000 1.000 1.000  8.2270833877E-02   0.24875   1.00000   0.00000   0.00000   0.3410190E-02
  3012  2.227343313875163E+07   9.981806  4.060186  4.340289  0.7121165E+00  0.2737319E+00  3.0264570E-05  1.4659784E-03  1.0258693E-04  2.3386950E-03  5.9755864E-03  7.8192222E-06  9.5773346E-06  2.1084332E-03  1.7053625E-04  0.2056    4.340289  -8.664  1.059986  7.573093  0.1775223E+00  0.8088372E+00  4.3205138E-09  6.5146301E-05  1.7708362E-05  9.1005115E-03  2.3594750E-04  7.8772178E-07  7.7591527E-10  2.1084332E-03  1.7053625E-04  1.045E-10  2.712E-17  8.005E+10  3.320E+11  1.905E+01  3.586E+05  0.62882716  3.566E-05  6.111E-05  9.327E-01  0.000E+00  0.000E+00  1.067E+00  616    2.0485  9.42E-03 2.3569E+01 4.4392E+01    4.22E+02 0.00E+00 1.90E+02  0.629118  0.030286 4.22E+02 0.00E+00 1.90E+02  0.628827  0.030286  0.0000000E+00  0.0000000E+00  1.1259756E-06  1.6472858E-01  7.0095043E-02  1.5293271E-04 -1.1522595E-01  5.3601078E-02  8.7408609E-03 0.000 0.208 1.000 1.000 1.000 1.000 1.000 1.000 1.000 1.000 1.000 1.000 1.000 1.000 1.000 1.000 1.000 1.000 1.000 1.000 1.000 1.000 1.000 1.000 1.000 1.000 1.000 1.000 1.000 1.000 1.000 1.000 1.000 1.000 1.000 1.000 1.000 1.000 1.000 1.000  8.2260732746E-02   0.24660   1.00000   0.00000   0.00000   0.3396811E-02
  3021  2.230879919923525E+07   9.981730  4.061087  4.339974  0.7120385E+00  0.2738097E+00  3.0217767E-05  1.4625676E-03  1.0260917E-04  2.3449766E-03  5.9729346E-03  7.8317793E-06  9.5604240E-06  2.1084332E-03  1.7053625E-04  0.2052    4.339974  -8.662  1.060699  7.573413  0.1758863E+00  0.8104734E+00  4.1886339E-09  6.5238620E-05  1.7733600E-05  9.1008894E-03  2.3536592E-04  7.8290128E-07  7.7380948E-10  2.1084332E-03  1.7053625E-04  1.037E-10  2.695E-17  7.942E+10  3.258E+11  1.890E+01  3.519E+05  0.62930349  3.556E-05  6.103E-05  9.325E-01  0.000E+00  0.000E+00  1.067E+00  616    2.0646  9.42E-03 2.3540E+01 4.4371E+01    4.21E+02 0.00E+00 1.90E+02  0.629321  0.030347 4.21E+02 0.00E+00 1.90E+02  0.629303  0.030347  0.0000000E+00  0.0000000E+00  1.1332563E-06  1.6516177E-01  7.0071913E-02  1.5245732E-04 -1.1512679E-01  5.3544991E-02  8.7514654E-03 0.000 0.207 1.000 1.000 1.000 1.000 1.000 1.000 1.000 1.000 1.000 1.000 1.000 1.000 1.000 1.000 1.000 1.000 1.000 1.000 1.000 1.000 1.000 1.000 1.000 1.000 1.000 1.000 1.000 1.000 1.000 1.000 1.000 1.000 1.000 1.000 1.000 1.000 1.000 1.000  8.2250563815E-02   0.24430   1.00000   0.00000   0.00000   0.3384800E-02
  3030  2.234416525971886E+07   9.981652  4.061950  4.339636  0.7119751E+00  0.2738730E+00  3.0179922E-05  1.4598129E-03  1.0262653E-04  2.3500578E-03  5.9707849E-03  7.8419030E-06  9.5467570E-06  2.1084332E-03  1.7053625E-04  0.2049    4.339636  -8.660  1.061479  7.573754  0.1742897E+00  0.8120700E+00  4.1626244E-09  6.5258289E-05  1.7741736E-05  9.1011852E-03  2.3499437E-04  7.8001922E-07  7.7047605E-10  2.1084332E-03  1.7053625E-04  1.037E-10  2.695E-17  7.909E+10  3.239E+11  1.882E+01  3.498E+05  0.62934236  3.543E-05  6.096E-05  9.325E-01  0.000E+00  0.000E+00  1.067E+00  609    2.0685  9.42E-03 2.3515E+01 4.4331E+01    4.21E+02 0.00E+00 1.90E+02  0.629684  0.030408 4.21E+02 0.00E+00 1.89E+02  0.629342  0.030407  0.0000000E+00  0.0000000E+00  1.1409677E-06  1.6559247E-01  7.0052980E-02  1.5199734E-04 -1.1502901E-01  5.3489633E-02  8.7622932E-03 0.000 0.207 1.000 1.000 1.000 1.000 1.000 1.000 1.000 1.000 1.000 1.000 1.000 1.000 1.000 1.000 1.000 1.000 1.000 1.000 1.000 1.000 1.000 1.000 1.000 1.000 1.000 1.000 1.000 1.000 1.000 1.000 1.000 1.000 1.000 1.000 1.000 1.000 1.000 1.000  8.2240323761E-02   0.24197   1.00000   0.00000   0.00000   0.3371881E-02
  3039  2.237953132020248E+07   9.981575  4.062878  4.339312  0.7119064E+00  0.2739416E+00  3.0139228E-05  1.4568539E-03  1.0264458E-04  2.3555233E-03  5.9684676E-03  7.8527579E-06  9.5320679E-06  2.1084332E-03  1.7053625E-04  0.2043    4.339312  -8.658  1.062314  7.574112  0.1724593E+00  0.8139006E+00  3.9397470E-09  6.5408811E-05  1.7779107E-05  9.1021828E-03  2.3361567E-04  7.7144488E-07  7.6611261E-10  2.1084332E-03  1.7053625E-04  1.022E-10  2.657E-17  7.803E+10  3.141E+11  1.857E+01  3.393E+05  0.62983223  3.533E-05  6.089E-05  9.324E-01  0.000E+00  0.000E+00  1.067E+00  618    2.0422  9.42E-03 2.3485E+01 4.4309E+01    4.20E+02 0.00E+00 1.89E+02  0.630096  0.030469 4.20E+02 0.00E+00 1.89E+02  0.629832  0.030471  0.0000000E+00  0.0000000E+00  1.1488324E-06  1.6604790E-01  7.0029764E-02  1.5150845E-04 -1.1492640E-01  5.3431680E-02  8.7729022E-03 0.000 0.206 1.000 1.000 1.000 1.000 1.000 1.000 1.000 1.000 1.000 1.000 1.000 1.000 1.000 1.000 1.000 1.000 1.000 1.000 1.000 1.000 1.000 1.000 1.000 1.000 1.000 1.000 1.000 1.000 1.000 1.000 1.000 1.000 1.000 1.000 1.000 1.000 1.000 1.000  8.2230014554E-02   0.23953   1.00000   0.00000   0.00000   0.3359673E-02
  3048  2.241489738068609E+07   9.981497  4.063801  4.339000  0.7118366E+00  0.2740112E+00  3.0098195E-05  1.4538738E-03  1.0266212E-04  2.3610364E-03  5.9661250E-03  7.8636711E-06  9.5172636E-06  2.1084332E-03  1.7053625E-04  0.2039    4.339000  -8.656  1.063000  7.574431  0.1709500E+00  0.8154099E+00  3.9198806E-09  6.5422692E-05  1.7785197E-05  9.1020760E-03  2.3370974E-04  7.7360862E-07  7.6706997E-10  2.1084332E-03  1.7053625E-04  1.006E-10  2.616E-17  7.778E+10  3.147E+11  1.851E+01  3.399E+05  0.63019427  3.522E-05  6.082E-05  9.323E-01  0.000E+00  0.000E+00  1.067E+00  621    2.0659  9.42E-03 2.3462E+01 4.4268E+01    4.20E+02 0.00E+00 1.89E+02  0.630373  0.030535 4.20E+02 0.00E+00 1.89E+02  0.630194  0.030535  0.0000000E+00  0.0000000E+00  1.1568646E-06  1.6647323E-01  7.0010217E-02  1.5105609E-04 -1.1483221E-01  5.3377933E-02  8.7837755E-03 0.000 0.207 1.000 1.000 1.000 1.000 1.000 1.000 1.000 1.000 1.000 1.000 1.000 1.000 1.000 1.000 1.000 1.000 1.000 1.000 1.000 1.000 1.000 1.000 1.000 1.000 1.000 1.000 1.000 1.000 1.000 1.000 1.000 1.000 1.000 1.000 1.000 1.000 1.000 1.000  8.2219634676E-02   0.23739   1.00000   0.00000   0.00000   0.3347081E-02
  3057  2.245026344116971E+07   9.981419  4.064708  4.338695  0.7117638E+00  0.2740839E+00  3.0055659E-05  1.4507879E-03  1.0267963E-04  2.3667534E-03  5.9636905E-03  7.8749510E-06  9.5019246E-06  2.1084332E-03  1.7053625E-04  0.2036    4.338695  -8.654  1.063704  7.574755  0.1693806E+00  0.8169793E+00  3.7708636E-09  6.5539994E-05  1.7816939E-05  9.1020520E-03  2.3354558E-04  7.6946554E-07  7.6707953E-10  2.1084332E-03  1.7053625E-04  9.936E-11  2.584E-17  7.704E+10  3.071E+11  1.834E+01  3.316E+05  0.63061593  3.511E-05  6.073E-05  9.322E-01  0.000E+00  0.000E+00  1.067E+00  618    2.0422  9.42E-03 2.3437E+01 4.4246E+01    4.19E+02 0.00E+00 1.89E+02  0.630596  0.030598 4.19E+02 0.00E+00 1.89E+02  0.630616  0.030598  0.0000000E+00  0.0000000E+00  1.1645884E-06  1.6690008E-01  6.9985534E-02  1.5059029E-04 -1.1473724E-01  5.3323926E-02  8.7945696E-03 0.000 0.206 1.000 1.000 1.000 1.000 1.000 1.000 1.000 1.000 1.000 1.000 1.000 1.000 1.000 1.000 1.000 1.000 1.000 1.000 1.000 1.000 1.000 1.000 1.000 1.000 1.000 1.000 1.000 1.000 1.000 1.000 1.000 1.000 1.000 1.000 1.000 1.000 1.000 1.000  8.2209183194E-02   0.23527   1.00000   0.00000   0.00000   0.3335189E-02
  3066  2.248366472051536E+07   9.981344  4.065532  4.338368  0.7117092E+00  0.2741383E+00  3.0023995E-05  1.4484933E-03  1.0269220E-04  2.3710106E-03  5.9618740E-03  7.8833251E-06  9.4905113E-06  2.1084332E-03  1.7053625E-04  0.2032    4.338368  -8.652  1.064297  7.575061  0.1678606E+00  0.8184994E+00  3.6604906E-09  6.5782579E-05  1.7890764E-05  9.1019895E-03  2.3321159E-04  7.6006463E-07  7.6428883E-10  2.1084332E-03  1.7053625E-04  9.624E-11  2.502E-17  7.624E+10  3.023E+11  1.815E+01  3.265E+05  0.63084883  3.500E-05  6.065E-05  9.321E-01  0.000E+00  0.000E+00  1.067E+00  623    2.0422  9.42E-03 2.3411E+01 4.4211E+01    4.19E+02 0.00E+00 1.89E+02  0.631128  0.030655 4.19E+02 0.00E+00 1.89E+02  0.630849  0.030655  0.0000000E+00  0.0000000E+00  1.0552162E-06  1.6733015E-01  6.9967049E-02  1.5014144E-04 -1.1463967E-01  5.3268984E-02  8.8045609E-03 0.000 0.207 1.000 1.000 1.000 1.000 1.000 1.000 1.000 1.000 1.000 1.000 1.000 1.000 1.000 1.000 1.000 1.000 1.000 1.000 1.000 1.000 1.000 1.000 1.000 1.000 1.000 1.000 1.000 1.000 1.000 1.000 1.000 1.000 1.000 1.000 1.000 1.000 1.000 1.000  8.2199247055E-02   0.23317   1.00000   0.00000   0.00000   0.3323056E-02
  3076  2.251903078099900E+07   9.981265  4.066460  4.338060  0.7116357E+00  0.2742116E+00  2.9981626E-05  1.4454261E-03  1.0270842E-04  2.3767086E-03  5.9594379E-03  7.8944998E-06  9.4752468E-06  2.1084332E-03  1.7053625E-04  0.2028    4.338060  -8.650  1.065044  7.575400  0.1662786E+00  0.8200815E+00  3.5922622E-09  6.5839947E-05  1.7907678E-05  9.1020827E-03  2.3301067E-04  7.5693392E-07  7.6189486E-10  2.1084332E-03  1.7053625E-04  9.300E-11  2.420E-17  7.583E+10  2.989E+11  1.805E+01  3.228E+05  0.63116528  3.489E-05  6.058E-05  9.321E-01  0.000E+00  0.000E+00  1.067E+00  620    2.0575  9.42E-03 2.3382E+01 4.4180E+01    4.18E+02 0.00E+00 1.89E+02  0.631400  0.030720 4.18E+02 0.00E+00 1.89E+02  0.631165  0.030719  0.0000000E+00  0.0000000E+00  1.0624460E-06  1.6776115E-01  6.9944931E-02  1.4968396E-04 -1.1454541E-01  5.3215075E-02  8.8157177E-03 0.000 0.206 1.000 1.000 1.000 1.000 1.000 1.000 1.000 1.000 1.000 1.000 1.000 1.000 1.000 1.000 1.000 1.000 1.000 1.000 1.000 1.000 1.000 1.000 1.000 1.000 1.000 1.000 1.000 1.000 1.000 1.000 1.000 1.000 1.000 1.000 1.000 1.000 1.000 1.000  8.2188657100E-02   0.23092   1.00000   0.00000   0.00000   0.3310849E-02
  3085  2.255086023543428E+07   9.981194  4.067323  4.337742  0.7115677E+00  0.2742795E+00  2.9942658E-05  1.4426084E-03  1.0272272E-04  2.3819512E-03  5.9571916E-03  7.9047474E-06  9.4612144E-06  2.1084332E-03  1.7053625E-04  0.2025    4.337742  -8.648  1.066012  7.575748  0.1645863E+00  0.8217740E+00  3.3966739E-09  6.5994596E-05  1.7946603E-05  9.1030518E-03  2.3165879E-04  7.4667361E-07  7.5622403E-10  2.1084332E-03  1.7053625E-04  9.366E-11  2.439E-17  7.478E+10  2.869E+11  1.780E+01  3.098E+05  0.63141047  3.478E-05  6.052E-05  9.320E-01  0.000E+00  0.000E+00  1.067E+00  614    2.0228  9.42E-03 2.3353E+01 4.4161E+01    4.18E+02 0.00E+00 1.89E+02  0.631559  0.030778 4.18E+02 0.00E+00 1.89E+02  0.631410  0.030780  0.0000000E+00  0.0000000E+00  1.0688923E-06  1.6820882E-01  6.9924253E-02  1.4915945E-04 -1.1444770E-01  5.3160408E-02  8.8250437E-03 0.000 0.205 1.000 1.000 1.000 1.000 1.000 1.000 1.000 1.000 1.000 1.000 1.000 1.000 1.000 1.000 1.000 1.000 1.000 1.000 1.000 1.000 1.000 1.000 1.000 1.000 1.000 1.000 1.000 1.000 1.000 1.000 1.000 1.000 1.000 1.000 1.000 1.000 1.000 1.000  8.2179062118E-02   0.22860   1.00000   0.00000   0.00000   0.3305706E-02
  3095  2.258622629591792E+07   9.981114  4.068269  4.337423  0.7115035E+00  0.2743436E+00  2.9906114E-05  1.4399686E-03  1.0273562E-04  2.3868692E-03  5.9550803E-03  7.9143321E-06  9.4480609E-06  2.1084332E-03  1.7053625E-04  0.2021    4.337423  -8.645  1.066721  7.576081  0.1630480E+00  0.8233123E+00  3.3396804E-09  6.6037625E-05  1.7959250E-05  9.1029240E-03  2.3173016E-04  7.4849940E-07  7.5831092E-10  2.1084332E-03  1.7053625E-04  9.333E-11  2.431E-17  7.475E+10  2.910E+11  1.779E+01  3.143E+05  0.63184882  3.467E-05  6.044E-05  9.319E-01  0.000E+00  0.000E+00  1.068E+00  619    2.0228  9.42E-03 2.3327E+01 4.4128E+01    4.17E+02 0.00E+00 1.89E+02  0.632045  0.030845 4.17E+02 0.00E+00 1.89E+02  0.631849  0.030846  0.0000000E+00  0.0000000E+00  1.0769698E-06  1.6864465E-01  6.9903386E-02  1.4870767E-04 -1.1435411E-01  5.3106930E-02  8.8360878E-03 0.000 0.206 1.000 1.000 1.000 1.000 1.000 1.000 1.000 1.000 1.000 1.000 1.000 1.000 1.000 1.000 1.000 1.000 1.000 1.000 1.000 1.000 1.000 1.000 1.000 1.000 1.000 1.000 1.000 1.000 1.000 1.000 1.000 1.000 1.000 1.000 1.000 1.000 1.000 1.000  8.2168326661E-02   0.22649   1.00000   0.00000   0.00000   0.3286617E-02
  3105  2.262159235640156E+07   9.981034  4.069169  4.337095  0.7114260E+00  0.2744209E+00  2.9862321E-05  1.4368090E-03  1.0275041E-04  2.3927646E-03  5.9525440E-03  7.9257844E-06  9.4323063E-06  2.1084332E-03  1.7053625E-04  0.2019    4.337095  -8.643  1.067581  7.576432  0.1614851E+00  0.8248752E+00  3.3090111E-09  6.6078584E-05  1.7973749E-05  9.1028871E-03  2.3170212E-04  7.4613857E-07  7.5625632E-10  2.1084332E-03  1.7053625E-04  8.902E-11  2.319E-17  7.382E+10  2.802E+11  1.757E+01  3.027E+05  0.63228419  3.457E-05  6.037E-05  9.318E-01  0.000E+00  0.000E+00  1.068E+00  616    2.0428  9.42E-03 2.3301E+01 4.4096E+01    4.17E+02 0.00E+00 1.89E+02  0.632324  0.030909 4.17E+02 0.00E+00 1.89E+02  0.632284  0.030909  0.0000000E+00  0.0000000E+00  1.0843045E-06  1.6909424E-01  6.9880947E-02  1.4824032E-04 -1.1425660E-01  5.3051366E-02  8.8472937E-03 0.000 0.205 1.000 1.000 1.000 1.000 1.000 1.000 1.000 1.000 1.000 1.000 1.000 1.000 1.000 1.000 1.000 1.000 1.000 1.000 1.000 1.000 1.000 1.000 1.000 1.000 1.000 1.000 1.000 1.000 1.000 1.000 1.000 1.000 1.000 1.000 1.000 1.000 1.000 1.000  8.2157517154E-02   0.22425   1.00000   0.00000   0.00000   0.3274495E-02
  3113  2.264988520478848E+07   9.980969  4.069952  4.336784  0.7113701E+00  0.2744767E+00  2.9830933E-05  1.4345468E-03  1.0276054E-04  2.3969914E-03  5.9507218E-03  7.9339698E-06  9.4210198E-06  2.1084332E-03  1.7053625E-04  0.2014    4.336784  -8.641  1.068478  7.576758  0.1598575E+00  0.8265030E+00  3.1242030E-09  6.6217962E-05  1.8006463E-05  9.1041326E-03  2.3006218E-04  7.3608902E-07  7.4959887E-10  2.1084332E-03  1.7053625E-04  8.907E-11  2.322E-17  7.308E+10  2.734E+11  1.739E+01  2.953E+05  0.63240726  3.445E-05  6.034E-05  9.318E-01  0.000E+00  0.000E+00  1.068E+00  626    2.0034  9.42E-03 2.3271E+01 4.4072E+01    4.16E+02 0.00E+00 1.88E+02  0.632634  0.030964 4.16E+02 0.00E+00 1.88E+02  0.632407  0.030964  0.0000000E+00  0.0000000E+00  1.0907497E-06  1.6951415E-01  6.9862235E-02  1.4781858E-04 -1.1416597E-01  5.3000812E-02  8.8555009E-03 0.000 0.203 1.000 1.000 1.000 1.000 1.000 1.000 1.000 1.000 1.000 1.000 1.000 1.000 1.000 1.000 1.000 1.000 1.000 1.000 1.000 1.000 1.000 1.000 1.000 1.000 1.000 1.000 1.000 1.000 1.000 1.000 1.000 1.000 1.000 1.000 1.000 1.000 1.000 1.000  8.2148814036E-02   0.22203   1.00000   0.00000   0.00000   0.3263692E-02
  3122  2.268171465922375E+07   9.980896  4.070800  4.336469  0.7113024E+00  0.2745442E+00  2.9793137E-05  1.4318255E-03  1.0277226E-04  2.4020824E-03  5.9485232E-03  7.9438017E-06  9.4074353E-06  2.1084332E-03  1.7053625E-04  0.2011    4.336469  -8.639  1.069232  7.577087  0.1583517E+00  0.8280089E+00  3.0818876E-09  6.6259434E-05  1.8019389E-05  9.1044289E-03  2.2965279E-04  7.3562112E-07  7.4903729E-10  2.1084332E-03  1.7053625E-04  8.954E-11  2.335E-17  7.275E+10  2.726E+11  1.731E+01  2.944E+05  0.63277812  3.435E-05  6.029E-05  9.317E-01  0.000E+00  0.000E+00  1.068E+00  627    2.0228  9.42E-03 2.3248E+01 4.4032E+01    4.16E+02 0.00E+00 1.88E+02  0.633048  0.031024 4.16E+02 0.00E+00 1.88E+02  0.632778  0.031023  0.0000000E+00  0.0000000E+00  1.0980901E-06  1.6993325E-01  6.9843742E-02  1.4739452E-04 -1.1407615E-01  5.2949742E-02  8.8655384E-03 0.000 0.203 1.000 1.000 1.000 1.000 1.000 1.000 1.000 1.000 1.000 1.000 1.000 1.000 1.000 1.000 1.000 1.000 1.000 1.000 1.000 1.000 1.000 1.000 1.000 1.000 1.000 1.000 1.000 1.000 1.000 1.000 1.000 1.000 1.000 1.000 1.000 1.000 1.000 1.000  8.2138961952E-02   0.21992   1.00000   0.00000   0.00000   0.3251884E-02
  3132  2.271708071970740E+07   9.980815  4.071718  4.336134  0.7112280E+00  0.2746185E+00  2.9751868E-05  1.4288574E-03  1.0278446E-04  2.4076431E-03  5.9461168E-03  7.9545075E-06  9.3926095E-06  2.1084332E-03  1.7053625E-04  0.2007    4.336134  -8.637  1.070021  7.577442  0.1567370E+00  0.8296236E+00  3.0463127E-09  6.6306498E-05  1.8035184E-05  9.1045147E-03  2.2947373E-04  7.3425406E-07  7.4779463E-10  2.1084332E-03  1.7053625E-04  8.779E-11  2.289E-17  7.251E+10  2.729E+11  1.726E+01  2.947E+05  0.63311913  3.424E-05  6.021E-05  9.316E-01  0.000E+00  0.000E+00  1.068E+00  632    2.0034  9.42E-03 2.3226E+01 4.3998E+01    4.15E+02 0.00E+00 1.88E+02  0.633364  0.031088 4.15E+02 0.00E+00 1.88E+02  0.633119  0.031088  0.0000000E+00  0.0000000E+00  1.1056662E-06  1.7039033E-01  6.9819830E-02  1.4692274E-04 -1.1397841E-01  5.2894093E-02  8.8767449E-03 0.000 0.204 1.000 1.000 1.000 1.000 1.000 1.000 1.000 1.000 1.000 1.000 1.000 1.000 1.000 1.000 1.000 1.000 1.000 1.000 1.000 1.000 1.000 1.000 1.000 1.000 1.000 1.000 1.000 1.000 1.000 1.000 1.000 1.000 1.000 1.000 1.000 1.000 1.000 1.000  8.2127942106E-02   0.21778   1.00000   0.00000   0.00000   0.3239549E-02
  3142  2.275244678019104E+07   9.980733  4.072639  4.335803  0.7111565E+00  0.2746899E+00  2.9712437E-05  1.4260247E-03  1.0279552E-04  2.4129580E-03  5.9438120E-03  7.9647066E-06  9.3784511E-06  2.1084332E-03  1.7053625E-04  0.2003    4.335803  -8.635  1.070829  7.577804  0.1551044E+00  0.8312563E+00  2.9374393E-09  6.6408562E-05  1.8062995E-05  9.1045805E-03  2.2923174E-04  7.3055247E-07  7.4727699E-10  2.1084332E-03  1.7053625E-04  8.624E-11  2.249E-17  7.182E+10  2.664E+11  1.709E+01  2.877E+05  0.63339796  3.413E-05  6.012E-05  9.315E-01  0.000E+00  0.000E+00  1.068E+00  621    2.0034  9.42E-03 2.3200E+01 4.3966E+01    4.15E+02 0.00E+00 1.88E+02  0.633691  0.031153 4.15E+02 0.00E+00 1.88E+02  0.633398  0.031153  0.0000000E+00  0.0000000E+00  1.1133947E-06  1.7084389E-01  6.9797450E-02  1.4646161E-04 -1.1388213E-01  5.2838984E-02  8.8882930E-03 0.000 0.204 1.000 1.000 1.000 1.000 1.000 1.000 1.000 1.000 1.000 1.000 1.000 1.000 1.000 1.000 1.000 1.000 1.000 1.000 1.000 1.000 1.000 1.000 1.000 1.000 1.000 1.000 1.000 1.000 1.000 1.000 1.000 1.000 1.000 1.000 1.000 1.000 1.000 1.000  8.2116843548E-02   0.21545   1.00000   0.00000   0.00000   0.3227255E-02
  3151  2.278427623462632E+07   9.980659  4.073460  4.335481  0.7110913E+00  0.2747549E+00  2.9676758E-05  1.4234644E-03  1.0280502E-04  2.4177685E-03  5.9417217E-03  7.9739095E-06  9.3656464E-06  2.1084332E-03  1.7053625E-04  0.1999    4.335481  -8.633  1.071652  7.578148  0.1535189E+00  0.8328418E+00  2.8726252E-09  6.6476248E-05  1.8082359E-05  9.1050996E-03  2.2852909E-04  7.2556728E-07  7.4302391E-10  2.1084332E-03  1.7053625E-04  8.616E-11  2.249E-17  7.135E+10  2.625E+11  1.698E+01  2.835E+05  0.63390445  3.403E-05  6.005E-05  9.314E-01  0.000E+00  0.000E+00  1.068E+00  629    2.0034  9.42E-03 2.3172E+01 4.3947E+01    4.14E+02 0.00E+00 1.88E+02  0.634151  0.031210 4.14E+02 0.00E+00 1.88E+02  0.633904  0.031211  0.0000000E+00  0.0000000E+00  1.1206659E-06  1.7127649E-01  6.9775265E-02  1.4602412E-04 -1.1378965E-01  5.2786520E-02  8.8984617E-03 0.000 0.204 1.000 1.000 1.000 1.000 1.000 1.000 1.000 1.000 1.000 1.000 1.000 1.000 1.000 1.000 1.000 1.000 1.000 1.000 1.000 1.000 1.000 1.000 1.000 1.000 1.000 1.000 1.000 1.000 1.000 1.000 1.000 1.000 1.000 1.000 1.000 1.000 1.000 1.000  8.2106788195E-02   0.21319   1.00000   0.00000   0.00000   0.3215906E-02
  3160  2.281610568906159E+07   9.980585  4.074284  4.335166  0.7110109E+00  0.2748352E+00  2.9633007E-05  1.4203284E-03  1.0281603E-04  2.4236693E-03  5.9391524E-03  7.9851626E-06  9.3499524E-06  2.1084332E-03  1.7053625E-04  0.1997    4.335166  -8.631  1.072485  7.578487  0.1520117E+00  0.8343492E+00  2.7738354E-09  6.6572448E-05  1.8108205E-05  9.1052509E-03  2.2819928E-04  7.2223136E-07  7.4235028E-10  2.1084332E-03  1.7053625E-04  8.616E-11  2.249E-17  7.108E+10  2.615E+11  1.692E+01  2.825E+05  0.63409847  3.392E-05  5.999E-05  9.313E-01  0.000E+00  0.000E+00  1.068E+00  629    2.0034  9.42E-03 2.3151E+01 4.3908E+01    4.14E+02 0.00E+00 1.88E+02  0.634277  0.031266 4.14E+02 0.00E+00 1.88E+02  0.634098  0.031269  0.0000000E+00  0.0000000E+00  1.1270951E-06  1.7170631E-01  6.9755698E-02  1.4559702E-04 -1.1369945E-01  5.2735543E-02  8.9083690E-03 0.000 0.205 1.000 1.000 1.000 1.000 1.000 1.000 1.000 1.000 1.000 1.000 1.000 1.000 1.000 1.000 1.000 1.000 1.000 1.000 1.000 1.000 1.000 1.000 1.000 1.000 1.000 1.000 1.000 1.000 1.000 1.000 1.000 1.000 1.000 1.000 1.000 1.000 1.000 1.000  8.2096669229E-02   0.21118   1.00000   0.00000   0.00000   0.3204934E-02
  3169  2.284793514349687E+07   9.980510  4.075196  4.334856  0.7109502E+00  0.2748957E+00  2.9600221E-05  1.4179810E-03  1.0282382E-04  2.4280925E-03  5.9372226E-03  7.9935719E-06  9.3381977E-06  2.1084332E-03  1.7053625E-04  0.1992    4.334856  -8.629  1.073435  7.578837  0.1504410E+00  0.8359199E+00  2.6988929E-09  6.6650401E-05  1.8129250E-05  9.1056204E-03  2.2765022E-04  7.1901118E-07  7.3993881E-10  2.1084332E-03  1.7053625E-04  8.277E-11  2.161E-17  7.033E+10  2.532E+11  1.674E+01  2.734E+05  0.63448871  3.382E-05  5.994E-05  9.312E-01  0.000E+00  0.000E+00  1.068E+00  629    2.0159  9.42E-03 2.3119E+01 4.3888E+01    4.13E+02 0.00E+00 1.88E+02  0.634691  0.031333 4.13E+02 0.00E+00 1.88E+02  0.634489  0.031333  0.0000000E+00  0.0000000E+00  1.1353426E-06  1.7214458E-01  6.9733067E-02  1.4516029E-04 -1.1360951E-01  5.2684389E-02  8.9181126E-03 0.000 0.202 1.000 1.000 1.000 1.000 1.000 1.000 1.000 1.000 1.000 1.000 1.000 1.000 1.000 1.000 1.000 1.000 1.000 1.000 1.000 1.000 1.000 1.000 1.000 1.000 1.000 1.000 1.000 1.000 1.000 1.000 1.000 1.000 1.000 1.000 1.000 1.000 1.000 1.000  8.2086481653E-02   0.20893   1.00000   0.00000   0.00000   0.3193141E-02
  3178  2.287976459793215E+07   9.980435  4.076020  4.334539  0.7108788E+00  0.2749670E+00  2.9561885E-05  1.4152390E-03  1.0283241E-04  2.4332660E-03  5.9349613E-03  8.0033791E-06  9.3244593E-06  2.1084332E-03  1.7053625E-04  0.1988    4.334539  -8.627  1.074293  7.579191  0.1488452E+00  0.8375158E+00  2.6413185E-09  6.6712516E-05  1.8147171E-05  9.1060985E-03  2.2700259E-04  7.1515788E-07  7.3651767E-10  2.1084332E-03  1.7053625E-04  8.159E-11  2.130E-17  6.980E+10  2.489E+11  1.661E+01  2.688E+05  0.63481936  3.372E-05  5.990E-05  9.311E-01  0.000E+00  0.000E+00  1.068E+00  628    2.0102  9.42E-03 2.3093E+01 4.3851E+01    4.13E+02 0.00E+00 1.88E+02  0.634996  0.031392 4.13E+02 0.00E+00 1.88E+02  0.634819  0.031392  0.0000000E+00  0.0000000E+00  1.1424901E-06  1.7258289E-01  6.9714713E-02  1.4473315E-04 -1.1351726E-01  5.2631920E-02  8.9284709E-03 0.000 0.201 1.000 1.000 1.000 1.000 1.000 1.000 1.000 1.000 1.000 1.000 1.000 1.000 1.000 1.000 1.000 1.000 1.000 1.000 1.000 1.000 1.000 1.000 1.000 1.000 1.000 1.000 1.000 1.000 1.000 1.000 1.000 1.000 1.000 1.000 1.000 1.000 1.000 1.000  8.2076228239E-02   0.20666   1.00000   0.00000   0.00000   0.3179710E-02
  3187  2.291159405236743E+07   9.980360  4.076864  4.334235  0.7108050E+00  0.2750407E+00  2.9522454E-05  1.4124219E-03  1.0284070E-04  2.4385888E-03  5.9326300E-03  8.0134382E-06  9.3103358E-06  2.1084332E-03  1.7053625E-04  0.1985    4.334235  -8.625  1.075089  7.579542  0.1472901E+00  0.8390710E+00  2.5274015E-09  6.6846068E-05  1.8183625E-05  9.1063039E-03  2.2654980E-04  7.1004817E-07  7.3588460E-10  2.1084332E-03  1.7053625E-04  8.035E-11  2.097E-17  6.931E+10  2.439E+11  1.649E+01  2.635E+05  0.63508890  3.362E-05  5.982E-05  9.311E-01  0.000E+00  0.000E+00  1.069E+00  626    2.0000  9.42E-03 2.3071E+01 4.3826E+01    4.12E+02 0.00E+00 1.88E+02  0.635211  0.031452 4.12E+02 0.00E+00 1.88E+02  0.635089  0.031452  0.0000000E+00  0.0000000E+00  1.1495857E-06  1.7301306E-01  6.9691344E-02  1.4430237E-04 -1.1342783E-01  5.2580937E-02  8.9389861E-03 0.000 0.200 1.000 1.000 1.000 1.000 1.000 1.000 1.000 1.000 1.000 1.000 1.000 1.000 1.000 1.000 1.000 1.000 1.000 1.000 1.000 1.000 1.000 1.000 1.000 1.000 1.000 1.000 1.000 1.000 1.000 1.000 1.000 1.000 1.000 1.000 1.000 1.000 1.000 1.000  8.2065909268E-02   0.20458   1.00000   0.00000   0.00000   0.3171353E-02
  3196  2.294342350680270E+07   9.980284  4.077707  4.333903  0.7107312E+00  0.2751143E+00  2.9483350E-05  1.4096313E-03  1.0284835E-04  2.4438691E-03  5.9303128E-03  8.0233856E-06  9.2963367E-06  2.1084332E-03  1.7053625E-04  0.1981    4.333903  -8.623  1.075900  7.579895  0.1457647E+00  0.8405964E+00  2.4559179E-09  6.6914977E-05  1.8201712E-05  9.1064780E-03  2.2623868E-04  7.0788515E-07  7.3465092E-10  2.1084332E-03  1.7053625E-04  7.991E-11  2.086E-17  6.872E+10  2.409E+11  1.635E+01  2.602E+05  0.63547157  3.351E-05  5.975E-05  9.310E-01  0.000E+00  0.000E+00  1.069E+00  636    1.9807  9.42E-03 2.3047E+01 4.3790E+01    4.12E+02 0.00E+00 1.87E+02  0.635657  0.031512 4.12E+02 0.00E+00 1.87E+02  0.635472  0.031512  0.0000000E+00  0.0000000E+00  1.1573904E-06  1.7344990E-01  6.9672020E-02  1.4387815E-04 -1.1333795E-01  5.2529563E-02  8.9496185E-03 0.000 0.202 1.000 1.000 1.000 1.000 1.000 1.000 1.000 1.000 1.000 1.000 1.000 1.000 1.000 1.000 1.000 1.000 1.000 1.000 1.000 1.000 1.000 1.000 1.000 1.000 1.000 1.000 1.000 1.000 1.000 1.000 1.000 1.000 1.000 1.000 1.000 1.000 1.000 1.000  8.2055523552E-02   0.20249   1.00000   0.00000   0.00000   0.3159171E-02
  3205  2.297525296123798E+07   9.980208  4.078539  4.333575  0.7106566E+00  0.2751888E+00  2.9444034E-05  1.4068288E-03  1.0285549E-04  2.4491798E-03  5.9279774E-03  8.0333587E-06  9.2822685E-06  2.1084332E-03  1.7053625E-04  0.1977    4.333575  -8.621  1.076797  7.580267  0.1441361E+00  0.8422251E+00  2.4016416E-09  6.6991221E-05  1.8224196E-05  9.1069949E-03  2.2552321E-04  7.0306759E-07  7.3076022E-10  2.1084332E-03  1.7053625E-04  7.861E-11  2.052E-17  6.834E+10  2.379E+11  1.626E+01  2.569E+05  0.63591279  3.342E-05  5.969E-05  9.309E-01  0.000E+00  0.000E+00  1.069E+00  631    1.9973  9.42E-03 2.3018E+01 4.3768E+01    4.11E+02 0.00E+00 1.87E+02  0.635903  0.031570 4.11E+02 0.00E+00 1.87E+02  0.635913  0.031571  0.0000000E+00  0.0000000E+00  1.1645026E-06  1.7389358E-01  6.9646905E-02  1.4343464E-04 -1.1324605E-01  5.2477260E-02  8.9601326E-03 0.000 0.200 1.000 1.000 1.000 1.000 1.000 1.000 1.000 1.000 1.000 1.000 1.000 1.000 1.000 1.000 1.000 1.000 1.000 1.000 1.000 1.000 1.000 1.000 1.000 1.000 1.000 1.000 1.000 1.000 1.000 1.000 1.000 1.000 1.000 1.000 1.000 1.000 1.000 1.000  8.2045070414E-02   0.20018   1.00000   0.00000   0.00000   0.3148600E-02
  3213  2.300354580962490E+07   9.980140  4.079292  4.333268  0.7106012E+00  0.2752441E+00  2.9415012E-05  1.4047622E-03  1.0286040E-04  2.4531009E-03  5.9262501E-03  8.0407019E-06  9.2718888E-06  2.1084332E-03  1.7053625E-04  0.1972    4.333268  -8.619  1.077563  7.580592  0.1426599E+00  0.8437014E+00  2.2362613E-09  6.7163397E-05  1.8264769E-05  9.1073831E-03  2.2480555E-04  6.9743712E-07  7.2995472E-10  2.1084332E-03  1.7053625E-04  7.564E-11  1.975E-17  6.777E+10  2.337E+11  1.613E+01  2.524E+05  0.63626973  3.332E-05  5.965E-05  9.308E-01  0.000E+00  0.000E+00  1.069E+00  634    1.9807  9.42E-03 2.2994E+01 4.3741E+01    4.11E+02 0.00E+00 1.87E+02  0.636352  0.031624 4.11E+02 0.00E+00 1.87E+02  0.636270  0.031625  0.0000000E+00  0.0000000E+00  1.1716750E-06  1.7430182E-01  6.9627170E-02  1.4303924E-04 -1.1316241E-01  5.2429731E-02  8.9693127E-03 0.000 0.198 1.000 1.000 1.000 1.000 1.000 1.000 1.000 1.000 1.000 1.000 1.000 1.000 1.000 1.000 1.000 1.000 1.000 1.000 1.000 1.000 1.000 1.000 1.000 1.000 1.000 1.000 1.000 1.000 1.000 1.000 1.000 1.000 1.000 1.000 1.000 1.000 1.000 1.000  8.2035720641E-02   0.19823   1.00000   0.00000   0.00000   0.3138132E-02
  3220  2.302830205196344E+07   9.980081  4.079993  4.332959  0.7105441E+00  0.2753011E+00  2.9385211E-05  1.4026419E-03  1.0286510E-04  2.4571283E-03  5.9244731E-03  8.0482254E-06  9.2612346E-06  2.1084332E-03  1.7053625E-04  0.1971    4.332959  -8.618  1.078550  7.580910  0.1413230E+00  0.8450385E+00  2.2330155E-09  6.7192384E-05  1.8277055E-05  9.1080318E-03  2.2401433E-04  6.9312729E-07  7.2507264E-10  2.1084332E-03  1.7053625E-04  7.564E-11  1.975E-17  6.715E+10  2.265E+11  1.598E+01  2.447E+05  0.63626807  3.321E-05  5.963E-05  9.308E-01  0.000E+00  0.000E+00  1.069E+00  640    1.9807  9.42E-03 2.2973E+01 4.3709E+01    4.10E+02 0.00E+00 1.87E+02  0.636638  0.031675 4.10E+02 0.00E+00 1.87E+02  0.636268  0.031675  0.0000000E+00  0.0000000E+00  1.1781313E-06  1.7469753E-01  6.9613105E-02  1.4267709E-04 -1.1308292E-01  5.2385220E-02  8.9769767E-03 0.000 0.198 1.000 1.000 1.000 1.000 1.000 1.000 1.000 1.000 1.000 1.000 1.000 1.000 1.000 1.000 1.000 1.000 1.000 1.000 1.000 1.000 1.000 1.000 1.000 1.000 1.000 1.000 1.000 1.000 1.000 1.000 1.000 1.000 1.000 1.000 1.000 1.000 1.000 1.000  8.2027493421E-02   0.19626   1.00000   0.00000   0.00000   0.3128053E-02
  3228  2.305659490035036E+07   9.980012  4.080788  4.332655  0.7104833E+00  0.2753618E+00  2.9353679E-05  1.4004006E-03  1.0286973E-04  2.4613907E-03  5.9225894E-03  8.0561682E-06  9.2499662E-06  2.1084332E-03  1.7053625E-04  0.1967    4.332655  -8.616  1.079308  7.581233  0.1399825E+00  0.8463790E+00  2.2162652E-09  6.7204477E-05  1.8281770E-05  9.1081096E-03  2.2390219E-04  6.9443696E-07  7.2500397E-10  2.1084332E-03  1.7053625E-04  7.581E-11  1.980E-17  6.692E+10  2.269E+11  1.593E+01  2.450E+05  0.63672039  3.313E-05  5.957E-05  9.307E-01  0.000E+00  0.000E+00  1.069E+00  641    1.9580  9.42E-03 2.2954E+01 4.3680E+01    4.10E+02 0.00E+00 1.87E+02  0.636988  0.031733 4.10E+02 0.00E+00 1.87E+02  0.636720  0.031732  0.0000000E+00  0.0000000E+00  1.1855079E-06  1.7509665E-01  6.9590907E-02  1.4228423E-04 -1.1300299E-01  5.2339512E-02  8.9864453E-03 0.000 0.200 1.000 1.000 1.000 1.000 1.000 1.000 1.000 1.000 1.000 1.000 1.000 1.000 1.000 1.000 1.000 1.000 1.000 1.000 1.000 1.000 1.000 1.000 1.000 1.000 1.000 1.000 1.000 1.000 1.000 1.000 1.000 1.000 1.000 1.000 1.000 1.000 1.000 1.000  8.2018035293E-02   0.19440   1.00000   0.00000   0.00000   0.3117134E-02
  3236  2.308488774873727E+07   9.979944  4.081538  4.332346  0.7104236E+00  0.2754214E+00  2.9322901E-05  1.3982149E-03  1.0287391E-04  2.4655520E-03  5.9207476E-03  8.0639032E-06  9.2389722E-06  2.1084332E-03  1.7053625E-04  0.1964    4.332346  -8.614  1.080109  7.581563  0.1385607E+00  0.8478008E+00  2.1440664E-09  6.7312098E-05  1.8312246E-05  9.1083324E-03  2.2347127E-04  6.8946079E-07  7.2309329E-10  2.1084332E-03  1.7053625E-04  7.393E-11  1.931E-17  6.652E+10  2.226E+11  1.583E+01  2.405E+05  0.63709202  3.303E-05  5.951E-05  9.306E-01  0.000E+00  0.000E+00  1.069E+00  634    1.9778  9.42E-03 2.2934E+01 4.3653E+01    4.10E+02 0.00E+00 1.87E+02  0.637389  0.031787 4.10E+02 0.00E+00 1.87E+02  0.637092  0.031786  0.0000000E+00  0.0000000E+00  1.1926525E-06  1.7549958E-01  6.9570405E-02  1.4189487E-04 -1.1292146E-01  5.2292985E-02  8.9959105E-03 0.000 0.198 1.000 1.000 1.000 1.000 1.000 1.000 1.000 1.000 1.000 1.000 1.000 1.000 1.000 1.000 1.000 1.000 1.000 1.000 1.000 1.000 1.000 1.000 1.000 1.000 1.000 1.000 1.000 1.000 1.000 1.000 1.000 1.000 1.000 1.000 1.000 1.000 1.000 1.000  8.2008520581E-02   0.19243   1.00000   0.00000   0.00000   0.3106560E-02
  3245  2.311671720317255E+07   9.979866  4.082390  4.332012  0.7103455E+00  0.2754994E+00  2.9282838E-05  1.3953727E-03  1.0287883E-04  2.4709704E-03  5.9183449E-03  8.0739460E-06  9.2246676E-06  2.1084332E-03  1.7053625E-04  0.1959    4.332012  -8.612  1.081024  7.581946  0.1369551E+00  0.8494065E+00  2.0611925E-09  6.7422850E-05  1.8341809E-05  9.1086018E-03  2.2298362E-04  6.8496985E-07  7.2101407E-10  2.1084332E-03  1.7053625E-04  7.299E-11  1.906E-17  6.593E+10  2.172E+11  1.569E+01  2.346E+05  0.63749899  3.293E-05  5.944E-05  9.305E-01  0.000E+00  0.000E+00  1.069E+00  642    1.9748  9.42E-03 2.2907E+01 4.3630E+01    4.09E+02 0.00E+00 1.87E+02  0.637675  0.031847 4.09E+02 0.00E+00 1.87E+02  0.637499  0.031848  0.0000000E+00  0.0000000E+00  1.2003305E-06  1.7595106E-01  6.9545681E-02  1.4145724E-04 -1.1283080E-01  5.2241092E-02  9.0068541E-03 0.000 0.198 1.000 1.000 1.000 1.000 1.000 1.000 1.000 1.000 1.000 1.000 1.000 1.000 1.000 1.000 1.000 1.000 1.000 1.000 1.000 1.000 1.000 1.000 1.000 1.000 1.000 1.000 1.000 1.000 1.000 1.000 1.000 1.000 1.000 1.000 1.000 1.000 1.000 1.000  8.1997748924E-02   0.19024   1.00000   0.00000   0.00000   0.3095470E-02
  3253  2.314430273034979E+07   9.979799  4.083121  4.331704  0.7102821E+00  0.2755627E+00  2.9250492E-05  1.3930805E-03  1.0288238E-04  2.4753461E-03  5.9164009E-03  8.0820325E-06  9.2131246E-06  2.1084332E-03  1.7053625E-04  0.1957    4.331704  -8.610  1.081748  7.582282  0.1355679E+00  0.8507939E+00  2.0079030E-09  6.7643981E-05  1.8408003E-05  9.1086157E-03  2.2259600E-04  6.8007351E-07  7.2022963E-10  2.1084332E-03  1.7053625E-04  7.148E-11  1.866E-17  6.537E+10  2.138E+11  1.556E+01  2.309E+05  0.63783883  3.284E-05  5.938E-05  9.304E-01  0.000E+00  0.000E+00  1.069E+00  645    1.9580  9.42E-03 2.2885E+01 4.3603E+01    4.09E+02 0.00E+00 1.87E+02  0.638051  0.031900 4.09E+02 0.00E+00 1.87E+02  0.637839  0.031900  0.0000000E+00  0.0000000E+00  1.0865908E-06  1.7635925E-01  6.9525858E-02  1.4106993E-04 -1.1274789E-01  5.2194078E-02  9.0159943E-03 0.000 0.199 1.000 1.000 1.000 1.000 1.000 1.000 1.000 1.000 1.000 1.000 1.000 1.000 1.000 1.000 1.000 1.000 1.000 1.000 1.000 1.000 1.000 1.000 1.000 1.000 1.000 1.000 1.000 1.000 1.000 1.000 1.000 1.000 1.000 1.000 1.000 1.000 1.000 1.000  8.1988355623E-02   0.18827   1.00000   0.00000   0.00000   0.3085389E-02
  3262  2.317294923934152E+07   9.979728  4.083899  4.331390  0.7102138E+00  0.2756309E+00  2.9215851E-05  1.3906281E-03  1.0288577E-04  2.4800336E-03  5.9143149E-03  8.0906719E-06  9.2007678E-06  2.1084332E-03  1.7053625E-04  0.1953    4.331390  -8.608  1.082549  7.582615  0.1341600E+00  0.8522018E+00  1.9478732E-09  6.7753834E-05  1.8440162E-05  9.1086869E-03  2.2233394E-04  6.7442821E-07  7.1700828E-10  2.1084332E-03  1.7053625E-04  6.948E-11  1.814E-17  6.485E+10  2.097E+11  1.543E+01  2.265E+05  0.63812821  3.275E-05  5.933E-05  9.303E-01  0.000E+00  0.000E+00  1.069E+00  646    1.9580  9.42E-03 2.2864E+01 4.3569E+01    4.08E+02 0.00E+00 1.87E+02  0.638260  0.031957 4.08E+02 0.00E+00 1.87E+02  0.638128  0.031956  0.0000000E+00  0.0000000E+00  1.0930199E-06  1.7678278E-01  6.9506009E-02  1.4067109E-04 -1.1266334E-01  5.2145935E-02  9.0256361E-03 0.000 0.199 1.000 1.000 1.000 1.000 1.000 1.000 1.000 1.000 1.000 1.000 1.000 1.000 1.000 1.000 1.000 1.000 1.000 1.000 1.000 1.000 1.000 1.000 1.000 1.000 1.000 1.000 1.000 1.000 1.000 1.000 1.000 1.000 1.000 1.000 1.000 1.000 1.000 1.000  8.1978544848E-02   0.18636   1.00000   0.00000   0.00000   0.3075035E-02
  3271  2.320159574833325E+07   9.979657  4.084697  4.331066  0.7101441E+00  0.2757004E+00  2.9180756E-05  1.3881461E-03  1.0288877E-04  2.4847839E-03  5.9121972E-03  8.0994024E-06  9.1882548E-06  2.1084332E-03  1.7053625E-04  0.1951    4.331066  -8.607  1.083554  7.582966  0.1326651E+00  0.8536968E+00  1.8718495E-09  6.7852671E-05  1.8465703E-05  9.1090660E-03  2.2174167E-04  6.7000669E-07  7.1437007E-10  2.1084332E-03  1.7053625E-04  6.785E-11  1.771E-17  6.446E+10  2.044E+11  1.534E+01  2.208E+05  0.63851331  3.265E-05  5.927E-05  9.302E-01  0.000E+00  0.000E+00  1.069E+00  638    1.9710  9.42E-03 2.2841E+01 4.3548E+01    4.08E+02 0.00E+00 1.87E+02  0.638642  0.032012 4.08E+02 0.00E+00 1.87E+02  0.638513  0.032014  0.0000000E+00  0.0000000E+00  1.0997006E-06  1.7721911E-01  6.9483706E-02  1.4026215E-04 -1.1257783E-01  5.2097570E-02  9.0347452E-03 0.000 0.197 1.000 1.000 1.000 1.000 1.000 1.000 1.000 1.000 1.000 1.000 1.000 1.000 1.000 1.000 1.000 1.000 1.000 1.000 1.000 1.000 1.000 1.000 1.000 1.000 1.000 1.000 1.000 1.000 1.000 1.000 1.000 1.000 1.000 1.000 1.000 1.000 1.000 1.000  8.1968673878E-02   0.18429   1.00000   0.00000   0.00000   0.3064351E-02
  3280  2.323024225732499E+07   9.979586  4.085499  4.330749  0.7100773E+00  0.2757671E+00  2.9147247E-05  1.3857786E-03  1.0289123E-04  2.4893206E-03  5.9101711E-03  8.1077172E-06  9.1763132E-06  2.1084332E-03  1.7053625E-04  0.1946    4.330749  -8.605  1.084583  7.583357  0.1310917E+00  0.8552703E+00  1.8155170E-09  6.7956220E-05  1.8495081E-05  9.1096726E-03  2.2087971E-04  6.6421749E-07  7.1016463E-10  2.1084332E-03  1.7053625E-04  6.785E-11  1.771E-17  6.395E+10  2.001E+11  1.522E+01  2.161E+05  0.63879523  3.255E-05  5.925E-05  9.301E-01  0.000E+00  0.000E+00  1.070E+00  649    1.9531  9.42E-03 2.2814E+01 4.3514E+01    4.07E+02 0.00E+00 1.86E+02  0.638929  0.032072 4.07E+02 0.00E+00 1.86E+02  0.638795  0.032072  0.0000000E+00  0.0000000E+00  1.1066376E-06  1.7764728E-01  6.9464221E-02  1.3986593E-04 -1.1249451E-01  5.2049995E-02  9.0444379E-03 0.000 0.196 1.000 1.000 1.000 1.000 1.000 1.000 1.000 1.000 1.000 1.000 1.000 1.000 1.000 1.000 1.000 1.000 1.000 1.000 1.000 1.000 1.000 1.000 1.000 1.000 1.000 1.000 1.000 1.000 1.000 1.000 1.000 1.000 1.000 1.000 1.000 1.000 1.000 1.000  8.1958739142E-02   0.18203   1.00000   0.00000   0.00000   0.3053689E-02
  3289  2.325888876631672E+07   9.979515  4.086268  4.330430  0.7100107E+00  0.2758336E+00  2.9114042E-05  1.3834352E-03  1.0289326E-04  2.4938172E-03  5.9081595E-03  8.1159358E-06  9.1644856E-06  2.1084332E-03  1.7053625E-04  0.1942    4.330430  -8.603  1.085506  7.583732  0.1295677E+00  0.8567944E+00  1.7544201E-09  6.8049366E-05  1.8520147E-05  9.1100988E-03  2.2024058E-04  6.6097104E-07  7.0836327E-10  2.1084332E-03  1.7053625E-04  6.668E-11  1.740E-17  6.346E+10  1.970E+11  1.510E+01  2.128E+05  0.63917477  3.246E-05  5.920E-05  9.300E-01  0.000E+00  0.000E+00  1.070E+00  653    1.9531  9.42E-03 2.2788E+01 4.3491E+01    4.07E+02 0.00E+00 1.86E+02  0.639340  0.032128 4.07E+02 0.00E+00 1.86E+02  0.639175  0.032128  0.0000000E+00  0.0000000E+00  1.1135006E-06  1.7807674E-01  6.9442522E-02  1.3946642E-04 -1.1241032E-01  5.2001874E-02  9.0544373E-03 0.000 0.196 1.000 1.000 1.000 1.000 1.000 1.000 1.000 1.000 1.000 1.000 1.000 1.000 1.000 1.000 1.000 1.000 1.000 1.000 1.000 1.000 1.000 1.000 1.000 1.000 1.000 1.000 1.000 1.000 1.000 1.000 1.000 1.000 1.000 1.000 1.000 1.000 1.000 1.000  8.1948744790E-02   0.17996   1.00000   0.00000   0.00000   0.3043297E-02
  3298  2.328753527530845E+07   9.979443  4.087056  4.330128  0.7099406E+00  0.2759036E+00  2.9079305E-05  1.3809859E-03  1.0289498E-04  2.4985226E-03  5.9060508E-03  8.1245126E-06  9.1521176E-06  2.1084332E-03  1.7053625E-04  0.1935    4.330128  -8.601  1.086330  7.584099  0.1280924E+00  0.8582698E+00  1.7196831E-09  6.8105575E-05  1.8536838E-05  9.1103912E-03  2.1981284E-04  6.5892149E-07  7.0643047E-10  2.1084332E-03  1.7053625E-04  6.662E-11  1.738E-17  6.314E+10  1.954E+11  1.503E+01  2.110E+05  0.63946890  3.236E-05  5.915E-05  9.299E-01  0.000E+00  0.000E+00  1.070E+00  650    1.9496  9.42E-03 2.2767E+01 4.3454E+01    4.06E+02 0.00E+00 1.86E+02  0.639590  0.032185 4.06E+02 0.00E+00 1.86E+02  0.639469  0.032185  0.0000000E+00  0.0000000E+00  1.1201012E-06  1.7849527E-01  6.9422809E-02  1.3907837E-04 -1.1232835E-01  5.1954811E-02  9.0646104E-03 0.000 0.197 1.000 1.000 1.000 1.000 1.000 1.000 1.000 1.000 1.000 1.000 1.000 1.000 1.000 1.000 1.000 1.000 1.000 1.000 1.000 1.000 1.000 1.000 1.000 1.000 1.000 1.000 1.000 1.000 1.000 1.000 1.000 1.000 1.000 1.000 1.000 1.000 1.000 1.000  8.1938690415E-02   0.17786   1.00000   0.00000   0.00000   0.3033208E-02
  3307  2.331618178430019E+07   9.979371  4.087823  4.329822  0.7098820E+00  0.2759621E+00  2.9050396E-05  1.3789496E-03  1.0289608E-04  2.5024394E-03  5.9042927E-03  8.1316335E-06  9.1418295E-06  2.1084332E-03  1.7053625E-04  0.1932    4.329822  -8.599  1.087211  7.584465  0.1265997E+00  0.8597626E+00  1.5969653E-09  6.8290439E-05  1.8581889E-05  9.1105351E-03  2.1935166E-04  6.5357045E-07  7.0599166E-10  2.1084332E-03  1.7053625E-04  6.301E-11  1.644E-17  6.264E+10  1.912E+11  1.491E+01  2.065E+05  0.63991827  3.228E-05  5.909E-05  9.298E-01  0.000E+00  0.000E+00  1.070E+00  649    1.9496  9.42E-03 2.2746E+01 4.3430E+01    4.06E+02 0.00E+00 1.86E+02  0.640061  0.032241 4.06E+02 0.00E+00 1.86E+02  0.639918  0.032241  0.0000000E+00  0.0000000E+00  1.1271938E-06  1.7892527E-01  6.9400293E-02  1.3868043E-04 -1.1224600E-01  5.1907727E-02  9.0744657E-03 0.000 0.195 1.000 1.000 1.000 1.000 1.000 1.000 1.000 1.000 1.000 1.000 1.000 1.000 1.000 1.000 1.000 1.000 1.000 1.000 1.000 1.000 1.000 1.000 1.000 1.000 1.000 1.000 1.000 1.000 1.000 1.000 1.000 1.000 1.000 1.000 1.000 1.000 1.000 1.000  8.1928576236E-02   0.17584   1.00000   0.00000   0.00000   0.3023226E-02
  3316  2.334482829329192E+07   9.979299  4.088667  4.329507  0.7098156E+00  0.2760284E+00  2.9017815E-05  1.3766569E-03  1.0289696E-04  2.5068549E-03  5.9023075E-03  8.1396402E-06  9.1302395E-06  2.1084332E-03  1.7053625E-04  0.1931    4.329507  -8.597  1.088286  7.584846  0.1251670E+00  0.8611953E+00  1.6204159E-09  6.8263821E-05  1.8579963E-05  9.1107532E-03  2.1913969E-04  6.5407078E-07  7.0337272E-10  2.1084332E-03  1.7053625E-04  6.297E-11  1.642E-17  6.229E+10  1.886E+11  1.483E+01  2.037E+05  0.64002739  3.217E-05  5.906E-05  9.298E-01  0.000E+00  0.000E+00  1.070E+00  651    1.9576  9.42E-03 2.2723E+01 4.3397E+01    4.05E+02 0.00E+00 1.86E+02  0.640284  0.032304 4.05E+02 0.00E+00 1.86E+02  0.640027  0.032303  0.0000000E+00  0.0000000E+00  1.1344785E-06  1.7936320E-01  6.9381070E-02  1.3828620E-04 -1.1216313E-01  5.1860201E-02  9.0844474E-03 0.000 0.196 1.000 1.000 1.000 1.000 1.000 1.000 1.000 1.000 1.000 1.000 1.000 1.000 1.000 1.000 1.000 1.000 1.000 1.000 1.000 1.000 1.000 1.000 1.000 1.000 1.000 1.000 1.000 1.000 1.000 1.000 1.000 1.000 1.000 1.000 1.000 1.000 1.000 1.000  8.1918396215E-02   0.17379   1.00000   0.00000   0.00000   0.3012360E-02
  3326  2.337665774772718E+07   9.979218  4.089482  4.329177  0.7097420E+00  0.2761019E+00  2.8981946E-05  1.3741354E-03  1.0289748E-04  2.5117172E-03  5.9001175E-03  8.1484319E-06  9.1174863E-06  2.1084332E-03  1.7053625E-04  0.1927    4.329177  -8.595  1.089284  7.585260  0.1235288E+00  0.8628336E+00  1.5543905E-09  6.8404144E-05  1.8619982E-05  9.1109023E-03  2.1873833E-04  6.4836757E-07  7.0136432E-10  2.1084332E-03  1.7053625E-04  6.257E-11  1.631E-17  6.180E+10  1.840E+11  1.471E+01  1.987E+05  0.64051282  3.208E-05  5.900E-05  9.297E-01  0.000E+00  0.000E+00  1.070E+00  655    1.9483  9.42E-03 2.2698E+01 4.3365E+01    4.05E+02 0.00E+00 1.86E+02  0.640685  0.032363 4.05E+02 0.00E+00 1.86E+02  0.640513  0.032363  0.0000000E+00  0.0000000E+00  1.1417320E-06  1.7982494E-01  6.9358353E-02  1.3786304E-04 -1.1207438E-01  5.1808874E-02  9.0961486E-03 0.000 0.195 1.000 1.000 1.000 1.000 1.000 1.000 1.000 1.000 1.000 1.000 1.000 1.000 1.000 1.000 1.000 1.000 1.000 1.000 1.000 1.000 1.000 1.000 1.000 1.000 1.000 1.000 1.000 1.000 1.000 1.000 1.000 1.000 1.000 1.000 1.000 1.000 1.000 1.000  8.1907012923E-02   0.17156   1.00000   0.00000   0.00000   0.3001734E-02
  3335  2.340530425671891E+07   9.979145  4.090281  4.328848  0.7096687E+00  0.2761751E+00  2.8946382E-05  1.3716382E-03  1.0289755E-04  2.5165394E-03  5.8979416E-03  8.1571255E-06  9.1048481E-06  2.1084332E-03  1.7053625E-04  0.1924    4.328848  -8.593  1.090508  7.585678  0.1218765E+00  0.8644860E+00  1.4619573E-09  6.8565372E-05  1.8661002E-05  9.1115531E-03  2.1773611E-04  6.4109264E-07  6.9738192E-10  2.1084332E-03  1.7053625E-04  6.087E-11  1.586E-17  6.105E+10  1.763E+11  1.453E+01  1.904E+05  0.64087538  3.198E-05  5.896E-05  9.296E-01  0.000E+00  0.000E+00  1.070E+00  656    1.9310  9.42E-03 2.2671E+01 4.3343E+01    4.04E+02 0.00E+00 1.86E+02  0.640900  0.032420 4.04E+02 0.00E+00 1.86E+02  0.640875  0.032421  0.0000000E+00  0.0000000E+00  1.1484948E-06  1.8029641E-01  6.9335217E-02  1.3744118E-04 -1.1198551E-01  5.1758573E-02  9.1057605E-03 0.000 0.194 1.000 1.000 1.000 1.000 1.000 1.000 1.000 1.000 1.000 1.000 1.000 1.000 1.000 1.000 1.000 1.000 1.000 1.000 1.000 1.000 1.000 1.000 1.000 1.000 1.000 1.000 1.000 1.000 1.000 1.000 1.000 1.000 1.000 1.000 1.000 1.000 1.000 1.000  8.1896702829E-02   0.16929   1.00000   0.00000   0.00000   0.2991696E-02
  3344  2.343395076571064E+07   9.979072  4.091115  4.328527  0.7096130E+00  0.2762308E+00  2.8919498E-05  1.3697522E-03  1.0289730E-04  2.5201855E-03  5.8962937E-03  8.1636819E-06  9.0952986E-06  2.1084332E-03  1.7053625E-04  0.1920    4.328527  -8.591  1.091486  7.586067  0.1204030E+00  0.8659595E+00  1.4382121E-09  6.8608986E-05  1.8674323E-05  9.1117396E-03  2.1744805E-04  6.4140226E-07  6.9716777E-10  2.1084332E-03  1.7053625E-04  5.936E-11  1.545E-17  6.081E+10  1.758E+11  1.447E+01  1.899E+05  0.64114830  3.188E-05  5.893E-05  9.295E-01  0.000E+00  0.000E+00  1.070E+00  656    1.9124  9.42E-03 2.2648E+01 4.3308E+01    4.04E+02 0.00E+00 1.86E+02  0.641415  0.032483 4.04E+02 0.00E+00 1.86E+02  0.641148  0.032483  0.0000000E+00  0.0000000E+00  1.1565433E-06  1.8073936E-01  6.9316801E-02  1.3705168E-04 -1.1190295E-01  5.1711115E-02  9.1159365E-03 0.000 0.194 1.000 1.000 1.000 1.000 1.000 1.000 1.000 1.000 1.000 1.000 1.000 1.000 1.000 1.000 1.000 1.000 1.000 1.000 1.000 1.000 1.000 1.000 1.000 1.000 1.000 1.000 1.000 1.000 1.000 1.000 1.000 1.000 1.000 1.000 1.000 1.000 1.000 1.000  8.1886324973E-02   0.16723   1.00000   0.00000   0.00000   0.2980602E-02
  3354  2.346578022014590E+07   9.978990  4.091977  4.328195  0.7095280E+00  0.2763156E+00  2.8878766E-05  1.3668978E-03  1.0289645E-04  2.5257113E-03  5.8937920E-03  8.1735910E-06  9.0808370E-06  2.1084332E-03  1.7053625E-04  0.1915    4.328195  -8.589  1.092523  7.586457  0.1188065E+00  0.8675561E+00  1.3685006E-09  6.8750085E-05  1.8712250E-05  9.1116681E-03  2.1729834E-04  6.3782364E-07  6.9722677E-10  2.1084332E-03  1.7053625E-04  5.938E-11  1.545E-17  6.019E+10  1.701E+11  1.433E+01  1.837E+05  0.64143451  3.178E-05  5.886E-05  9.294E-01  0.000E+00  0.000E+00  1.070E+00  654    1.9305  9.42E-03 2.2626E+01 4.3273E+01    4.03E+02 0.00E+00 1.86E+02  0.641570  0.032547 4.03E+02 0.00E+00 1.86E+02  0.641435  0.032546  0.0000000E+00  0.0000000E+00  1.1638700E-06  1.8122743E-01  6.9293759E-02  1.3661608E-04 -1.1181025E-01  5.1658121E-02  9.1270581E-03 0.000 0.193 1.000 1.000 1.000 1.000 1.000 1.000 1.000 1.000 1.000 1.000 1.000 1.000 1.000 1.000 1.000 1.000 1.000 1.000 1.000 1.000 1.000 1.000 1.000 1.000 1.000 1.000 1.000 1.000 1.000 1.000 1.000 1.000 1.000 1.000 1.000 1.000 1.000 1.000  8.1874721275E-02   0.16502   1.00000   0.00000   0.00000   0.2970200E-02
  3364  2.349760967458116E+07   9.978908  4.092863  4.327862  0.7094507E+00  0.2763928E+00  2.8841904E-05  1.3643175E-03  1.0289519E-04  2.5307133E-03  5.8915230E-03  8.1825330E-06  9.0677566E-06  2.1084332E-03  1.7053625E-04  0.1910    4.327862  -8.587  1.093603  7.586896  0.1171702E+00  0.8691925E+00  1.3496458E-09  6.8820943E-05  1.8736690E-05  9.1118367E-03  2.1698461E-04  6.3404087E-07  6.9420052E-10  2.1084332E-03  1.7053625E-04  5.714E-11  1.486E-17  6.009E+10  1.701E+11  1.430E+01  1.837E+05  0.64172487  3.167E-05  5.881E-05  9.294E-01  0.000E+00  0.000E+00  1.070E+00  650    1.9295  9.42E-03 2.2602E+01 4.3242E+01    4.03E+02 0.00E+00 1.86E+02  0.642032  0.032611 4.03E+02 0.00E+00 1.85E+02  0.641725  0.032611  0.0000000E+00  0.0000000E+00  1.1720578E-06  1.8170479E-01  6.9272084E-02  1.3619588E-04 -1.1172207E-01  5.1606917E-02  9.1390071E-03 0.000 0.193 1.000 1.000 1.000 1.000 1.000 1.000 1.000 1.000 1.000 1.000 1.000 1.000 1.000 1.000 1.000 1.000 1.000 1.000 1.000 1.000 1.000 1.000 1.000 1.000 1.000 1.000 1.000 1.000 1.000 1.000 1.000 1.000 1.000 1.000 1.000 1.000 1.000 1.000  8.1863037697E-02   0.16272   1.00000   0.00000   0.00000   0.2959104E-02
  3373  2.352625618357290E+07   9.978834  4.093691  4.327527  0.7093807E+00  0.2764627E+00  2.8808730E-05  1.3619980E-03  1.0289365E-04  2.5352162E-03  5.8894768E-03  8.1905594E-06  9.0559907E-06  2.1084332E-03  1.7053625E-04  0.1908    4.327527  -8.585  1.094886  7.587324  0.1155697E+00  0.8707930E+00  1.2885480E-09  6.8915776E-05  1.8759565E-05  9.1123561E-03  2.1624023E-04  6.3016556E-07  6.9066477E-10  2.1084332E-03  1.7053625E-04  5.609E-11  1.459E-17  5.949E+10  1.645E+11  1.416E+01  1.776E+05  0.64210611  3.158E-05  5.877E-05  9.293E-01  0.000E+00  0.000E+00  1.071E+00  661    1.9272  9.42E-03 2.2577E+01 4.3220E+01    4.02E+02 0.00E+00 1.85E+02  0.642314  0.032671 4.02E+02 0.00E+00 1.85E+02  0.642106  0.032672  0.0000000E+00  0.0000000E+00  1.1794307E-06  1.8218725E-01  6.9248514E-02  1.3577522E-04 -1.1163458E-01  5.1557095E-02  9.1489297E-03 0.000 0.193 1.000 1.000 1.000 1.000 1.000 1.000 1.000 1.000 1.000 1.000 1.000 1.000 1.000 1.000 1.000 1.000 1.000 1.000 1.000 1.000 1.000 1.000 1.000 1.000 1.000 1.000 1.000 1.000 1.000 1.000 1.000 1.000 1.000 1.000 1.000 1.000 1.000 1.000  8.1852454396E-02   0.16051   1.00000   0.00000   0.00000   0.2948707E-02
  3383  2.355808563800815E+07   9.978751  4.094629  4.327200  0.7093007E+00  0.2765426E+00  2.8771038E-05  1.3593654E-03  1.0289143E-04  2.5403336E-03  5.8871471E-03  8.1996544E-06  9.0426295E-06  2.1084332E-03  1.7053625E-04  0.1901    4.327200  -8.583  1.095974  7.587803  0.1137237E+00  0.8726392E+00  1.1866080E-09  6.9164561E-05  1.8824433E-05  9.1129038E-03  2.1521120E-04  6.2129509E-07  6.8785086E-10  2.1084332E-03  1.7053625E-04  5.587E-11  1.452E-17  5.935E+10  1.642E+11  1.412E+01  1.774E+05  0.64243350  3.147E-05  5.873E-05  9.292E-01  0.000E+00  0.000E+00  1.071E+00  658    1.9084  9.42E-03 2.2548E+01 4.3188E+01    4.02E+02 0.00E+00 1.85E+02  0.642567  0.032742 4.02E+02 0.00E+00 1.85E+02  0.642434  0.032742  0.0000000E+00  0.0000000E+00  1.1878294E-06  1.8267908E-01  6.9225039E-02  1.3534354E-04 -1.1154431E-01  5.1504826E-02  9.1610354E-03 0.000 0.191 1.000 1.000 1.000 1.000 1.000 1.000 1.000 1.000 1.000 1.000 1.000 1.000 1.000 1.000 1.000 1.000 1.000 1.000 1.000 1.000 1.000 1.000 1.000 1.000 1.000 1.000 1.000 1.000 1.000 1.000 1.000 1.000 1.000 1.000 1.000 1.000 1.000 1.000  8.1840611831E-02   0.15807   1.00000   0.00000   0.00000   0.2937734E-02
  3392  2.358673214699989E+07   9.978676  4.095418  4.326875  0.7092294E+00  0.2766138E+00  2.8737653E-05  1.3570363E-03  1.0288906E-04  2.5448674E-03  5.8850794E-03  8.2076891E-06  9.0308010E-06  2.1084332E-03  1.7053625E-04  0.1899    4.326875  -8.581  1.097148  7.588212  0.1122964E+00  0.8740666E+00  1.1984704E-09  6.9137941E-05  1.8822039E-05  9.1129600E-03  2.1518285E-04  6.2386538E-07  6.8752597E-10  2.1084332E-03  1.7053625E-04  5.420E-11  1.408E-17  5.869E+10  1.588E+11  1.397E+01  1.715E+05  0.64277710  3.138E-05  5.869E-05  9.291E-01  0.000E+00  0.000E+00  1.071E+00  662    1.8895  9.42E-03 2.2524E+01 4.3153E+01    4.01E+02 0.00E+00 1.85E+02  0.642950  0.032800 4.01E+02 0.00E+00 1.85E+02  0.642777  0.032800  0.0000000E+00  0.0000000E+00  1.1953407E-06  1.8313985E-01  6.9206709E-02  1.3495220E-04 -1.1146081E-01  5.1456776E-02  9.1714524E-03 0.000 0.193 1.000 1.000 1.000 1.000 1.000 1.000 1.000 1.000 1.000 1.000 1.000 1.000 1.000 1.000 1.000 1.000 1.000 1.000 1.000 1.000 1.000 1.000 1.000 1.000 1.000 1.000 1.000 1.000 1.000 1.000 1.000 1.000 1.000 1.000 1.000 1.000 1.000 1.000  8.1829886332E-02   0.15605   1.00000   0.00000   0.00000   0.2927490E-02
  3401  2.361537865599162E+07   9.978600  4.096218  4.326571  0.7091613E+00  0.2766818E+00  2.8705930E-05  1.3548253E-03  1.0288644E-04  2.5491765E-03  5.8831109E-03  8.2153049E-06  9.0195670E-06  2.1084332E-03  1.7053625E-04  0.1895    4.326571  -8.579  1.098276  7.588648  0.1107009E+00  0.8756622E+00  1.1365247E-09  6.9287778E-05  1.8862313E-05  9.1133177E-03  2.1453145E-04  6.1681086E-07  6.8374931E-10  2.1084332E-03  1.7053625E-04  5.405E-11  1.403E-17  5.815E+10  1.530E+11  1.384E+01  1.652E+05  0.64303755  3.129E-05  5.864E-05  9.290E-01  0.000E+00  0.000E+00  1.071E+00  663    1.9068  9.42E-03 2.2503E+01 4.3128E+01    4.01E+02 0.00E+00 1.85E+02  0.643146  0.032859 4.01E+02 0.00E+00 1.85E+02  0.643038  0.032859  0.0000000E+00  0.0000000E+00  1.2024286E-06  1.8359255E-01  6.9183494E-02  1.3455652E-04 -1.1137862E-01  5.1409183E-02  9.1823957E-03 0.000 0.191 1.000 1.000 1.000 1.000 1.000 1.000 1.000 1.000 1.000 1.000 1.000 1.000 1.000 1.000 1.000 1.000 1.000 1.000 1.000 1.000 1.000 1.000 1.000 1.000 1.000 1.000 1.000 1.000 1.000 1.000 1.000 1.000 1.000 1.000 1.000 1.000 1.000 1.000  8.1819092118E-02   0.15376   1.00000   0.00000   0.00000   0.2917963E-02
  3410  2.364402516498335E+07   9.978525  4.097029  4.326262  0.7090967E+00  0.2767464E+00  2.8675976E-05  1.3527397E-03  1.0288365E-04  2.5532464E-03  5.8812487E-03  8.2224792E-06  9.0089639E-06  2.1084332E-03  1.7053625E-04  0.1890    4.326262  -8.577  1.099302  7.589056  0.1092581E+00  0.8771049E+00  1.1250662E-09  6.9321543E-05  1.8874320E-05  9.1133117E-03  2.1447739E-04  6.1794003E-07  6.8381279E-10  2.1084332E-03  1.7053625E-04  5.405E-11  1.403E-17  5.799E+10  1.535E+11  1.380E+01  1.658E+05  0.64334531  3.119E-05  5.860E-05  9.289E-01  0.000E+00  0.000E+00  1.071E+00  666    1.8895  9.42E-03 2.2481E+01 4.3092E+01    4.00E+02 0.00E+00 1.85E+02  0.643588  0.032920 4.00E+02 0.00E+00 1.85E+02  0.643345  0.032920  0.0000000E+00  0.0000000E+00  1.2103838E-06  1.8403752E-01  6.9163873E-02  1.3417557E-04 -1.1129934E-01  5.1363112E-02  9.1931847E-03 0.000 0.193 1.000 1.000 1.000 1.000 1.000 1.000 1.000 1.000 1.000 1.000 1.000 1.000 1.000 1.000 1.000 1.000 1.000 1.000 1.000 1.000 1.000 1.000 1.000 1.000 1.000 1.000 1.000 1.000 1.000 1.000 1.000 1.000 1.000 1.000 1.000 1.000 1.000 1.000  8.1808230652E-02   0.15175   1.00000   0.00000   0.00000   0.2907671E-02
  3420  2.367585461941861E+07   9.978440  4.097930  4.325932  0.7090216E+00  0.2768213E+00  2.8641383E-05  1.3503336E-03  1.0288004E-04  2.5579475E-03  5.8790941E-03  8.2307441E-06  8.9967251E-06  2.1084332E-03  1.7053625E-04  0.1885    4.325932  -8.575  1.100501  7.589529  0.1075619E+00  0.8788013E+00  1.0704410E-09  6.9466747E-05  1.8914157E-05  9.1134586E-03  2.1407187E-04  6.1264523E-07  6.8147113E-10  2.1084332E-03  1.7053625E-04  5.315E-11  1.379E-17  5.766E+10  1.505E+11  1.372E+01  1.625E+05  0.64360267  3.109E-05  5.855E-05  9.289E-01  0.000E+00  0.000E+00  1.071E+00  667    1.8895  9.42E-03 2.2456E+01 4.3059E+01    4.00E+02 0.00E+00 1.85E+02  0.643892  0.032987 4.00E+02 0.00E+00 1.85E+02  0.643603  0.032987  0.0000000E+00  0.0000000E+00  1.2187224E-06  1.8453053E-01  6.9142025E-02  1.3369588E-04 -1.1121179E-01  5.1312145E-02  9.2054088E-03 0.000 0.193 1.000 1.000 1.000 1.000 1.000 1.000 1.000 1.000 1.000 1.000 1.000 1.000 1.000 1.000 1.000 1.000 1.000 1.000 1.000 1.000 1.000 1.000 1.000 1.000 1.000 1.000 1.000 1.000 1.000 1.000 1.000 1.000 1.000 1.000 1.000 1.000 1.000 1.000  8.1796081231E-02   0.14941   1.00000   0.00000   0.00000   0.2896952E-02
  3429  2.370450112841035E+07   9.978364  4.098789  4.325615  0.7089509E+00  0.2768920E+00  2.8608964E-05  1.3480811E-03  1.0287627E-04  2.5623543E-03  5.8770708E-03  8.2384696E-06  8.9852611E-06  2.1084332E-03  1.7053625E-04  0.1881    4.325615  -8.573  1.101819  7.589996  0.1059224E+00  0.8804409E+00  1.0207920E-09  6.9570058E-05  1.8940140E-05  9.1139758E-03  2.1331508E-04  6.0839341E-07  6.7809358E-10  2.1084332E-03  1.7053625E-04  5.148E-11  1.334E-17  5.708E+10  1.445E+11  1.359E+01  1.560E+05  0.64414393  3.100E-05  5.852E-05  9.287E-01  0.000E+00  0.000E+00  1.071E+00  665    1.8985  9.42E-03 2.2429E+01 4.3037E+01    3.99E+02 0.00E+00 1.85E+02  0.644197  0.033052 3.99E+02 0.00E+00 1.85E+02  0.644144  0.033051  0.0000000E+00  0.0000000E+00  1.2268264E-06  1.8500619E-01  6.9118258E-02  1.3329132E-04 -1.1112862E-01  5.1264058E-02  9.2161601E-03 0.000 0.190 1.000 1.000 1.000 1.000 1.000 1.000 1.000 1.000 1.000 1.000 1.000 1.000 1.000 1.000 1.000 1.000 1.000 1.000 1.000 1.000 1.000 1.000 1.000 1.000 1.000 1.000 1.000 1.000 1.000 1.000 1.000 1.000 1.000 1.000 1.000 1.000 1.000 1.000  8.1785074066E-02   0.14714   1.00000   0.00000   0.00000   0.2886819E-02
  3438  2.373314763740208E+07   9.978287  4.099531  4.325293  0.7088769E+00  0.2769659E+00  2.8575236E-05  1.3457401E-03  1.0287197E-04  2.5669402E-03  5.8749618E-03  8.2464873E-06  8.9733399E-06  2.1084332E-03  1.7053625E-04  0.1878    4.325293  -8.571  1.103164  7.590477  0.1042379E+00  0.8821255E+00  9.7066767E-10  6.9764477E-05  1.8996672E-05  9.1144749E-03  2.1242375E-04  6.0015233E-07  6.7409969E-10  2.1084332E-03  1.7053625E-04  4.895E-11  1.267E-17  5.661E+10  1.399E+11  1.347E+01  1.511E+05  0.64417408  3.090E-05  5.851E-05  9.287E-01  0.000E+00  0.000E+00  1.071E+00  666    1.8825  9.42E-03 2.2405E+01 4.3002E+01    3.99E+02 0.00E+00 1.85E+02  0.644523  0.033108 3.99E+02 0.00E+00 1.84E+02  0.644174  0.033107  0.0000000E+00  0.0000000E+00  1.2341250E-06  1.8547308E-01  6.9100571E-02  1.3290709E-04 -1.1104628E-01  5.1216302E-02  9.2273321E-03 0.000 0.189 1.000 1.000 1.000 1.000 1.000 1.000 1.000 1.000 1.000 1.000 1.000 1.000 1.000 1.000 1.000 1.000 1.000 1.000 1.000 1.000 1.000 1.000 1.000 1.000 1.000 1.000 1.000 1.000 1.000 1.000 1.000 1.000 1.000 1.000 1.000 1.000 1.000 1.000  8.1773997720E-02   0.14488   1.00000   0.00000   0.00000   0.2877364E-02
  3446  2.375701972822854E+07   9.978223  4.100231  4.324992  0.7088193E+00  0.2770234E+00  2.8549108E-05  1.3439283E-03  1.0286836E-04  2.5704936E-03  5.8733251E-03  8.2526841E-06  8.9641091E-06  2.1084332E-03  1.7053625E-04  0.1873    4.324992  -8.569  1.104178  7.590860  0.1027971E+00  0.8835664E+00  9.2476981E-10  7.0050227E-05  1.9078349E-05  9.1148116E-03  2.1156444E-04  5.9261116E-07  6.7035664E-10  2.1084332E-03  1.7053625E-04  4.807E-11  1.242E-17  5.599E+10  1.352E+11  1.333E+01  1.461E+05  0.64449638  3.081E-05  5.848E-05  9.286E-01  0.000E+00  0.000E+00  1.071E+00  666    1.8825  9.42E-03 2.2382E+01 4.2979E+01    3.99E+02 0.00E+00 1.85E+02  0.644746  0.033159 3.99E+02 0.00E+00 1.84E+02  0.644496  0.033159  0.0000000E+00  0.0000000E+00  1.1165573E-06  1.8591748E-01  6.9081306E-02  1.3253988E-04 -1.1096509E-01  5.1170613E-02  9.2356997E-03 0.000 0.189 1.000 1.000 1.000 1.000 1.000 1.000 1.000 1.000 1.000 1.000 1.000 1.000 1.000 1.000 1.000 1.000 1.000 1.000 1.000 1.000 1.000 1.000 1.000 1.000 1.000 1.000 1.000 1.000 1.000 1.000 1.000 1.000 1.000 1.000 1.000 1.000 1.000 1.000  8.1764715440E-02   0.14276   1.00000   0.00000   0.00000   0.2868728E-02
  3456  2.378566623722029E+07   9.978145  4.101068  4.324677  0.7087452E+00  0.2770974E+00  2.8515677E-05  1.3416123E-03  1.0286341E-04  2.5750411E-03  5.8712274E-03  8.2605950E-06  8.9523034E-06  2.1084332E-03  1.7053625E-04  0.1868    4.324677  -8.567  1.105409  7.591327  0.1011982E+00  0.8851654E+00  8.8824110E-10  7.0170508E-05  1.9112287E-05  9.1151160E-03  2.1101814E-04  5.8870742E-07  6.6804445E-10  2.1084332E-03  1.7053625E-04  4.684E-11  1.209E-17  5.558E+10  1.322E+11  1.323E+01  1.427E+05  0.64473630  3.072E-05  5.845E-05  9.286E-01  0.000E+00  0.000E+00  1.071E+00  667    1.8825  9.42E-03 2.2359E+01 4.2947E+01    3.98E+02 0.00E+00 1.84E+02  0.645023  0.033222 3.98E+02 0.00E+00 1.84E+02  0.644736  0.033222  0.0000000E+00  0.0000000E+00  1.1237265E-06  1.8638701E-01  6.9061266E-02  1.3215373E-04 -1.1088401E-01  5.1123378E-02  9.2469506E-03 0.000 0.189 1.000 1.000 1.000 1.000 1.000 1.000 1.000 1.000 1.000 1.000 1.000 1.000 1.000 1.000 1.000 1.000 1.000 1.000 1.000 1.000 1.000 1.000 1.000 1.000 1.000 1.000 1.000 1.000 1.000 1.000 1.000 1.000 1.000 1.000 1.000 1.000 1.000 1.000  8.1753510869E-02   0.14056   1.00000   0.00000   0.00000   0.2858819E-02
  3466  2.381431274621205E+07   9.978068  4.101882  4.324363  0.7086686E+00  0.2771739E+00  2.8481308E-05  1.3392339E-03  1.0285793E-04  2.5797173E-03  5.8690666E-03  8.2687075E-06  8.9401728E-06  2.1084332E-03  1.7053625E-04  0.1863    4.324363  -8.565  1.106639  7.591801  0.9960568E-01  0.8867581E+00  8.5467175E-10  7.0287912E-05  1.9145580E-05  9.1153770E-03  2.1052564E-04  5.8520363E-07  6.6599070E-10  2.1084332E-03  1.7053625E-04  4.622E-11  1.192E-17  5.528E+10  1.301E+11  1.316E+01  1.405E+05  0.64513146  3.063E-05  5.841E-05  9.285E-01  0.000E+00  0.000E+00  1.071E+00  670    1.8825  9.42E-03 2.2337E+01 4.2916E+01    3.98E+02 0.00E+00 1.84E+02  0.645357  0.033283 3.98E+02 0.00E+00 1.84E+02  0.645131  0.033283  0.0000000E+00  0.0000000E+00  1.1309373E-06  1.8685062E-01  6.9038414E-02  1.3176432E-04 -1.1080455E-01  5.1076890E-02  9.2584570E-03 0.000 0.189 1.000 1.000 1.000 1.000 1.000 1.000 1.000 1.000 1.000 1.000 1.000 1.000 1.000 1.000 1.000 1.000 1.000 1.000 1.000 1.000 1.000 1.000 1.000 1.000 1.000 1.000 1.000 1.000 1.000 1.000 1.000 1.000 1.000 1.000 1.000 1.000 1.000 1.000  8.1742235935E-02   0.13835   1.00000   0.00000   0.00000   0.2848954E-02
  3476  2.384295925520380E+07   9.977989  4.102681  4.324039  0.7085969E+00  0.2772455E+00  2.8449293E-05  1.3370207E-03  1.0285247E-04  2.5840742E-03  5.8670501E-03  8.2762456E-06  8.9288787E-06  2.1084332E-03  1.7053625E-04  0.1860    4.324039  -8.563  1.107961  7.592274  0.9809976E-01  0.8882640E+00  8.4614084E-10  7.0357396E-05  1.9170844E-05  9.1154152E-03  2.1036059E-04  5.8268404E-07  6.6364048E-10  2.1084332E-03  1.7053625E-04  4.364E-11  1.124E-17  5.509E+10  1.277E+11  1.311E+01  1.379E+05  0.64536849  3.053E-05  5.838E-05  9.284E-01  0.000E+00  0.000E+00  1.072E+00  669    1.8841  9.42E-03 2.2318E+01 4.2884E+01    3.97E+02 0.00E+00 1.84E+02  0.645677  0.033345 3.97E+02 0.00E+00 1.84E+02  0.645368  0.033343  0.0000000E+00  0.0000000E+00  1.1381495E-06  1.8731655E-01  6.9018488E-02  1.3138521E-04 -1.1072588E-01  5.1030881E-02  9.2698719E-03 0.000 0.189 1.000 1.000 1.000 1.000 1.000 1.000 1.000 1.000 1.000 1.000 1.000 1.000 1.000 1.000 1.000 1.000 1.000 1.000 1.000 1.000 1.000 1.000 1.000 1.000 1.000 1.000 1.000 1.000 1.000 1.000 1.000 1.000 1.000 1.000 1.000 1.000 1.000 1.000  8.1730887732E-02   0.13614   1.00000   0.00000   0.00000   0.2838996E-02
  3486  2.387160576419556E+07   9.977911  4.103590  4.323711  0.7085183E+00  0.2773241E+00  2.8414385E-05  1.3346101E-03  1.0284612E-04  2.5888260E-03  5.8648471E-03  8.2844439E-06  8.9165702E-06  2.1084332E-03  1.7053625E-04  0.1854    4.323711  -8.561  1.109472  7.592791  0.9631884E-01  0.8900451E+00  7.7419923E-10  7.0570994E-05  1.9223222E-05  9.1160796E-03  2.0925936E-04  5.7499127E-07  6.5960069E-10  2.1084332E-03  1.7053625E-04  4.438E-11  1.142E-17  5.444E+10  1.219E+11  1.296E+01  1.316E+05  0.64574909  3.043E-05  5.837E-05  9.283E-01  0.000E+00  0.000E+00  1.072E+00  672    1.8665  9.42E-03 2.2291E+01 4.2855E+01    3.97E+02 0.00E+00 1.84E+02  0.645991  0.033412 3.97E+02 0.00E+00 1.84E+02  0.645749  0.033412  0.0000000E+00  0.0000000E+00  1.1459664E-06  1.8782046E-01  6.8994673E-02  1.3097400E-04 -1.1064258E-01  5.0982477E-02  9.2809105E-03 0.000 0.187 1.000 1.000 1.000 1.000 1.000 1.000 1.000 1.000 1.000 1.000 1.000 1.000 1.000 1.000 1.000 1.000 1.000 1.000 1.000 1.000 1.000 1.000 1.000 1.000 1.000 1.000 1.000 1.000 1.000 1.000 1.000 1.000 1.000 1.000 1.000 1.000 1.000 1.000  8.1719465547E-02   0.13376   1.00000   0.00000   0.00000   0.2828601E-02
  3496  2.390025227318731E+07   9.977832  4.104425  4.323401  0.7084520E+00  0.2773902E+00  2.8385145E-05  1.3325930E-03  1.0284048E-04  2.5928072E-03  5.8629983E-03  8.2912942E-06  8.9062653E-06  2.1084332E-03  1.7053625E-04  0.1850    4.323401  -8.559  1.110773  7.593285  0.9472371E-01  0.8916403E+00  7.4484675E-10  7.0676994E-05  1.9252986E-05  9.1162934E-03  2.0883873E-04  5.7320560E-07  6.5894822E-10  2.1084332E-03  1.7053625E-04  4.302E-11  1.106E-17  5.407E+10  1.194E+11  1.287E+01  1.290E+05  0.64601707  3.034E-05  5.833E-05  9.282E-01  0.000E+00  0.000E+00  1.072E+00  675    1.8435  9.42E-03 2.2268E+01 4.2825E+01    3.96E+02 0.00E+00 1.84E+02  0.646289  0.033475 3.96E+02 0.00E+00 1.84E+02  0.646017  0.033475  0.0000000E+00  0.0000000E+00  1.1533694E-06  1.8828563E-01  6.8974339E-02  1.3059790E-04 -1.1056538E-01  5.0936898E-02  9.2927795E-03 0.000 0.188 1.000 1.000 1.000 1.000 1.000 1.000 1.000 1.000 1.000 1.000 1.000 1.000 1.000 1.000 1.000 1.000 1.000 1.000 1.000 1.000 1.000 1.000 1.000 1.000 1.000 1.000 1.000 1.000 1.000 1.000 1.000 1.000 1.000 1.000 1.000 1.000 1.000 1.000  8.1707964869E-02   0.13158   1.00000   0.00000   0.00000   0.2818775E-02
  3506  2.392889878217907E+07   9.977753  4.105263  4.323089  0.7083727E+00  0.2774694E+00  2.8350310E-05  1.3301925E-03  1.0283339E-04  2.5975512E-03  5.8607916E-03  8.2994356E-06  8.8939946E-06  2.1084332E-03  1.7053625E-04  0.1845    4.323089  -8.557  1.112073  7.593777  0.9314999E-01  0.8932141E+00  7.2170046E-10  7.0781197E-05  1.9284105E-05  9.1164248E-03  2.0851402E-04  5.7032505E-07  6.5699786E-10  2.1084332E-03  1.7053625E-04  4.256E-11  1.092E-17  5.383E+10  1.177E+11  1.281E+01  1.272E+05  0.64640710  3.025E-05  5.829E-05  9.281E-01  0.000E+00  0.000E+00  1.072E+00  678    1.8753  9.42E-03 2.2248E+01 4.2794E+01    3.96E+02 0.00E+00 1.84E+02  0.646637  0.033538 3.96E+02 0.00E+00 1.84E+02  0.646407  0.033538  0.0000000E+00  0.0000000E+00  1.1609507E-06  1.8875505E-01  6.8951210E-02  1.3021284E-04 -1.1048813E-01  5.0891217E-02  9.3047912E-03 0.000 0.188 1.000 1.000 1.000 1.000 1.000 1.000 1.000 1.000 1.000 1.000 1.000 1.000 1.000 1.000 1.000 1.000 1.000 1.000 1.000 1.000 1.000 1.000 1.000 1.000 1.000 1.000 1.000 1.000 1.000 1.000 1.000 1.000 1.000 1.000 1.000 1.000 1.000 1.000  8.1696391380E-02   0.12937   1.00000   0.00000   0.00000   0.2808902E-02
  3516  2.395754529117082E+07   9.977673  4.106101  4.322778  0.7082978E+00  0.2775443E+00  2.8317584E-05  1.3279396E-03  1.0282635E-04  2.6020092E-03  5.8587146E-03  8.3070647E-06  8.8824725E-06  2.1084332E-03  1.7053625E-04  0.1840    4.322778  -8.555  1.113397  7.594277  0.9156997E-01  0.8947942E+00  6.9170292E-10  7.0899896E-05  1.9317608E-05  9.1165469E-03  2.0817812E-04  5.6706029E-07  6.5506359E-10  2.1084332E-03  1.7053625E-04  4.150E-11  1.064E-17  5.352E+10  1.151E+11  1.274E+01  1.244E+05  0.64666639  3.016E-05  5.826E-05  9.281E-01  0.000E+00  0.000E+00  1.072E+00  679    1.8753  9.42E-03 2.2226E+01 4.2764E+01    3.95E+02 0.00E+00 1.84E+02  0.646957  0.033602 3.95E+02 0.00E+00 1.84E+02  0.646666  0.033602  0.0000000E+00  0.0000000E+00  1.1685151E-06  1.8921851E-01  6.8930785E-02  1.2984166E-04 -1.1041271E-01  5.0846452E-02  9.3168128E-03 0.000 0.188 1.000 1.000 1.000 1.000 1.000 1.000 1.000 1.000 1.000 1.000 1.000 1.000 1.000 1.000 1.000 1.000 1.000 1.000 1.000 1.000 1.000 1.000 1.000 1.000 1.000 1.000 1.000 1.000 1.000 1.000 1.000 1.000 1.000 1.000 1.000 1.000 1.000 1.000  8.1684741199E-02   0.12718   1.00000   0.00000   0.00000   0.2799111E-02
  3525  2.398332714926340E+07   9.977601  4.106828  4.322471  0.7082215E+00  0.2776205E+00  2.8284407E-05  1.3256582E-03  1.0281886E-04  2.6065296E-03  5.8566049E-03  8.3147795E-06  8.8707976E-06  2.1084332E-03  1.7053625E-04  0.1836    4.322471  -8.554  1.114874  7.594780  0.8999643E-01  0.8963679E+00  6.4996544E-10  7.1091305E-05  1.9369591E-05  9.1169812E-03  2.0736943E-04  5.5990984E-07  6.5126148E-10  2.1084332E-03  1.7053625E-04  3.916E-11  1.002E-17  5.311E+10  1.102E+11  1.264E+01  1.191E+05  0.64711069  3.008E-05  5.824E-05  9.280E-01  0.000E+00  0.000E+00  1.072E+00  682    1.8594  9.42E-03 2.2205E+01 4.2742E+01    3.95E+02 0.00E+00 1.84E+02  0.647140  0.033654 3.95E+02 0.00E+00 1.84E+02  0.647111  0.033657  0.0000000E+00  0.0000000E+00  1.1746864E-06  1.8966013E-01  6.8906366E-02  1.2947813E-04 -1.1034106E-01  5.0804363E-02  9.3275997E-03 0.000 0.186 1.000 1.000 1.000 1.000 1.000 1.000 1.000 1.000 1.000 1.000 1.000 1.000 1.000 1.000 1.000 1.000 1.000 1.000 1.000 1.000 1.000 1.000 1.000 1.000 1.000 1.000 1.000 1.000 1.000 1.000 1.000 1.000 1.000 1.000 1.000 1.000 1.000 1.000  8.1674191983E-02   0.12501   1.00000   0.00000   0.00000   0.2790336E-02
  3534  2.400910900735598E+07   9.977529  4.107649  4.322151  0.7081629E+00  0.2776790E+00  2.8259106E-05  1.3239200E-03  1.0281289E-04  2.6099776E-03  5.8549933E-03  8.3206498E-06  8.8618982E-06  2.1084332E-03  1.7053625E-04  0.1831    4.322151  -8.551  1.116409  7.595304  0.8834896E-01  0.8980155E+00  6.1412857E-10  7.1232724E-05  1.9406293E-05  9.1176759E-03  2.0634656E-04  5.5484794E-07  6.4719425E-10  2.1084332E-03  1.7053625E-04  3.819E-11  9.759E-18  5.270E+10  1.066E+11  1.254E+01  1.151E+05  0.64739590  2.999E-05  5.826E-05  9.279E-01  0.000E+00  0.000E+00  1.072E+00  676    1.8435  9.42E-03 2.2178E+01 4.2712E+01    3.94E+02 0.00E+00 1.84E+02  0.647663  0.033720 3.94E+02 0.00E+00 1.83E+02  0.647396  0.033720  0.0000000E+00  0.0000000E+00  1.1830681E-06  1.9011310E-01  6.8888049E-02  1.2912524E-04 -1.1027025E-01  5.0762513E-02  9.3382354E-03 0.000 0.185 1.000 1.000 1.000 1.000 1.000 1.000 1.000 1.000 1.000 1.000 1.000 1.000 1.000 1.000 1.000 1.000 1.000 1.000 1.000 1.000 1.000 1.000 1.000 1.000 1.000 1.000 1.000 1.000 1.000 1.000 1.000 1.000 1.000 1.000 1.000 1.000 1.000 1.000  8.1663576640E-02   0.12269   1.00000   0.00000   0.00000   0.2780007E-02
  3544  2.403775551634774E+07   9.977448  4.108498  4.321845  0.7080840E+00  0.2777578E+00  2.8225155E-05  1.3215899E-03  1.0280454E-04  2.6146054E-03  5.8528270E-03  8.3285087E-06  8.8499622E-06  2.1084332E-03  1.7053625E-04  0.1825    4.321845  -8.549  1.117883  7.595847  0.8669993E-01  0.8996646E+00  6.0203054E-10  7.1298750E-05  1.9427711E-05  9.1180054E-03  2.0585596E-04  5.5432078E-07  6.4557964E-10  2.1084332E-03  1.7053625E-04  3.759E-11  9.590E-18  5.256E+10  1.060E+11  1.251E+01  1.145E+05  0.64773587  2.990E-05  5.824E-05  9.278E-01  0.000E+00  0.000E+00  1.072E+00  676    1.8477  9.42E-03 2.2153E+01 4.2681E+01    3.94E+02 0.00E+00 1.83E+02  0.647842  0.033785 3.94E+02 0.00E+00 1.83E+02  0.647736  0.033784  0.0000000E+00  0.0000000E+00  1.1905038E-06  1.9057039E-01  6.8865130E-02  1.2875570E-04 -1.1019862E-01  5.0719391E-02  9.3507459E-03 0.000 0.185 1.000 1.000 1.000 1.000 1.000 1.000 1.000 1.000 1.000 1.000 1.000 1.000 1.000 1.000 1.000 1.000 1.000 1.000 1.000 1.000 1.000 1.000 1.000 1.000 1.000 1.000 1.000 1.000 1.000 1.000 1.000 1.000 1.000 1.000 1.000 1.000 1.000 1.000  8.1651705620E-02   0.12036   1.00000   0.00000   0.00000   0.2770367E-02
  3554  2.406640202533950E+07   9.977367  4.109320  4.321516  0.7080095E+00  0.2778323E+00  2.8193266E-05  1.3194036E-03  1.0279636E-04  2.6189531E-03  5.8507886E-03  8.3358723E-06  8.8387568E-06  2.1084332E-03  1.7053625E-04  0.1819    4.321516  -8.547  1.119368  7.596402  0.8503073E-01  0.9013339E+00  5.6541801E-10  7.1477271E-05  1.9476808E-05  9.1182237E-03  2.0531289E-04  5.4920754E-07  6.4354716E-10  2.1084332E-03  1.7053625E-04  3.712E-11  9.457E-18  5.212E+10  1.024E+11  1.241E+01  1.106E+05  0.64811495  2.981E-05  5.821E-05  9.277E-01  0.000E+00  0.000E+00  1.072E+00  681    1.8477  9.42E-03 2.2132E+01 4.2649E+01    3.93E+02 0.00E+00 1.83E+02  0.648369  0.033847 3.93E+02 0.00E+00 1.83E+02  0.648115  0.033847  0.0000000E+00  0.0000000E+00  1.1987242E-06  1.9103837E-01  6.8842273E-02  1.2838157E-04 -1.1012529E-01  5.0675349E-02  9.3634610E-03 0.000 0.185 1.000 1.000 1.000 1.000 1.000 1.000 1.000 1.000 1.000 1.000 1.000 1.000 1.000 1.000 1.000 1.000 1.000 1.000 1.000 1.000 1.000 1.000 1.000 1.000 1.000 1.000 1.000 1.000 1.000 1.000 1.000 1.000 1.000 1.000 1.000 1.000 1.000 1.000  8.1639757198E-02   0.11809   1.00000   0.00000   0.00000   0.2760142E-02
  3564  2.409504853433125E+07   9.977286  4.110173  4.321207  0.7079302E+00  0.2779115E+00  2.8159491E-05  1.3170904E-03  1.0278732E-04  2.6235590E-03  5.8486255E-03  8.3436518E-06  8.8268946E-06  2.1084332E-03  1.7053625E-04  0.1815    4.321207  -8.545  1.120794  7.596933  0.8346372E-01  0.9029010E+00  5.2775418E-10  7.1659313E-05  1.9524751E-05  9.1181110E-03  2.0514324E-04  5.4585026E-07  6.4381435E-10  2.1084332E-03  1.7053625E-04  3.617E-11  9.200E-18  5.166E+10  9.772E+10  1.230E+01  1.055E+05  0.64845477  2.972E-05  5.818E-05  9.276E-01  0.000E+00  0.000E+00  1.072E+00  677    1.8386  9.42E-03 2.2113E+01 4.2617E+01    3.93E+02 0.00E+00 1.83E+02  0.648577  0.033913 3.93E+02 0.00E+00 1.83E+02  0.648455  0.033912  0.0000000E+00  0.0000000E+00  1.2063813E-06  1.9150025E-01  6.8819270E-02  1.2801307E-04 -1.1005412E-01  5.0632405E-02  9.3761258E-03 0.000 0.184 1.000 1.000 1.000 1.000 1.000 1.000 1.000 1.000 1.000 1.000 1.000 1.000 1.000 1.000 1.000 1.000 1.000 1.000 1.000 1.000 1.000 1.000 1.000 1.000 1.000 1.000 1.000 1.000 1.000 1.000 1.000 1.000 1.000 1.000 1.000 1.000 1.000 1.000  8.1627728323E-02   0.11595   1.00000   0.00000   0.00000   0.2750471E-02
  3574  2.412369504332301E+07   9.977204  4.111041  4.320871  0.7078521E+00  0.2779895E+00  2.8126444E-05  1.3148296E-03  1.0277811E-04  2.6280667E-03  5.8465049E-03  8.3512444E-06  8.8152941E-06  2.1084332E-03  1.7053625E-04  0.1812    4.320871  -8.543  1.122576  7.597515  0.8174750E-01  0.9046173E+00  4.9553657E-10  7.1837844E-05  1.9571868E-05  9.1184171E-03  2.0450108E-04  5.4194095E-07  6.4137536E-10  2.1084332E-03  1.7053625E-04  3.416E-11  8.670E-18  5.126E+10  9.300E+10  1.220E+01  1.004E+05  0.64886341  2.963E-05  5.818E-05  9.275E-01  0.000E+00  0.000E+00  1.073E+00  682    1.8204  9.42E-03 2.2088E+01 4.2588E+01    3.93E+02 0.00E+00 1.83E+02  0.649114  0.033979 3.92E+02 0.00E+00 1.83E+02  0.648863  0.033979  0.0000000E+00  0.0000000E+00  1.2151426E-06  1.9198310E-01  6.8795315E-02  1.2763273E-04 -1.0998205E-01  5.0588935E-02  9.3886702E-03 0.000 0.182 1.000 1.000 1.000 1.000 1.000 1.000 1.000 1.000 1.000 1.000 1.000 1.000 1.000 1.000 1.000 1.000 1.000 1.000 1.000 1.000 1.000 1.000 1.000 1.000 1.000 1.000 1.000 1.000 1.000 1.000 1.000 1.000 1.000 1.000 1.000 1.000 1.000 1.000  8.1615618516E-02   0.11356   1.00000   0.00000   0.00000   0.2739876E-02
  3584  2.415234155231476E+07   9.977122  4.111943  4.320541  0.7077766E+00  0.2780649E+00  2.8094677E-05  1.3126587E-03  1.0276891E-04  2.6324008E-03  5.8444626E-03  8.3585242E-06  8.8041487E-06  2.1084332E-03  1.7053625E-04  0.1805    4.320541  -8.541  1.124459  7.598183  0.7983277E-01  0.9065322E+00  4.6985348E-10  7.2000433E-05  1.9619412E-05  9.1193039E-03  2.0322068E-04  5.3308480E-07  6.3379019E-10  2.1084332E-03  1.7053625E-04  3.351E-11  8.483E-18  5.104E+10  9.154E+10  1.215E+01  9.886E+04  0.64921003  2.953E-05  5.820E-05  9.274E-01  0.000E+00  0.000E+00  1.073E+00  680    1.8204  9.42E-03 2.2059E+01 4.2558E+01    3.92E+02 0.00E+00 1.83E+02  0.649441  0.034049 3.92E+02 0.00E+00 1.83E+02  0.649210  0.034048  0.0000000E+00  0.0000000E+00  1.2236629E-06  1.9246987E-01  6.8771959E-02  1.2725431E-04 -1.0991069E-01  5.0545527E-02  9.4020305E-03 0.000 0.182 1.000 1.000 1.000 1.000 1.000 1.000 1.000 1.000 1.000 1.000 1.000 1.000 1.000 1.000 1.000 1.000 1.000 1.000 1.000 1.000 1.000 1.000 1.000 1.000 1.000 1.000 1.000 1.000 1.000 1.000 1.000 1.000 1.000 1.000 1.000 1.000 1.000 1.000  8.1603421366E-02   0.11086   1.00000   0.00000   0.00000   0.2729415E-02
  3594  2.418098806130652E+07   9.977039  4.112791  4.320230  0.7076963E+00  0.2781452E+00  2.8061024E-05  1.3103615E-03  1.0275879E-04  2.6369933E-03  5.8422949E-03  8.3662165E-06  8.7923480E-06  2.1084332E-03  1.7053625E-04  0.1798    4.320230  -8.539  1.126186  7.598809  0.7806806E-01  0.9082971E+00  4.4998482E-10  7.2131691E-05  1.9657489E-05  9.1197776E-03  2.0246008E-04  5.3021690E-07  6.3133034E-10  2.1084332E-03  1.7053625E-04  3.279E-11  8.286E-18  5.079E+10  8.977E+10  1.209E+01  9.695E+04  0.64949445  2.944E-05  5.820E-05  9.273E-01  0.000E+00  0.000E+00  1.073E+00  682    1.8204  9.42E-03 2.2035E+01 4.2526E+01    3.92E+02 0.00E+00 1.83E+02  0.649784  0.034114 3.92E+02 0.00E+00 1.83E+02  0.649494  0.034114  0.0000000E+00  0.0000000E+00  1.2318045E-06  1.9293485E-01  6.8750495E-02  1.2689504E-04 -1.0984256E-01  5.0503614E-02  9.4156462E-03 0.000 0.182 1.000 1.000 1.000 1.000 1.000 1.000 1.000 1.000 1.000 1.000 1.000 1.000 1.000 1.000 1.000 1.000 1.000 1.000 1.000 1.000 1.000 1.000 1.000 1.000 1.000 1.000 1.000 1.000 1.000 1.000 1.000 1.000 1.000 1.000 1.000 1.000 1.000 1.000  8.1591141398E-02   0.10840   1.00000   0.00000   0.00000   0.2719705E-02
  3605  2.421249922119745E+07   9.976948  4.113740  4.319899  0.7076076E+00  0.2782337E+00  2.8024125E-05  1.3078455E-03  1.0274729E-04  2.6420301E-03  5.8399135E-03  8.3746291E-06  8.7794158E-06  2.1084332E-03  1.7053625E-04  0.1792    4.319899  -8.537  1.127899  7.599442  0.7633642E-01  0.9100287E+00  4.3238359E-10  7.2279492E-05  1.9702553E-05  9.1196707E-03  2.0233206E-04  5.2767817E-07  6.3066180E-10  2.1084332E-03  1.7053625E-04  3.087E-11  7.782E-18  5.051E+10  8.768E+10  1.202E+01  9.470E+04  0.64998786  2.935E-05  5.816E-05  9.272E-01  0.000E+00  0.000E+00  1.073E+00  684    1.8324  9.42E-03 2.2015E+01 4.2491E+01    3.91E+02 0.00E+00 1.83E+02  0.650136  0.034187 3.91E+02 0.00E+00 1.83E+02  0.649988  0.034187  0.0000000E+00  0.0000000E+00  1.2408662E-06  1.9343489E-01  6.8722055E-02  1.2649683E-04 -1.0977024E-01  5.0458914E-02  9.4304696E-03 0.000 0.184 1.000 1.000 1.000 1.000 1.000 1.000 1.000 1.000 1.000 1.000 1.000 1.000 1.000 1.000 1.000 1.000 1.000 1.000 1.000 1.000 1.000 1.000 1.000 1.000 1.000 1.000 1.000 1.000 1.000 1.000 1.000 1.000 1.000 1.000 1.000 1.000 1.000 1.000  8.1577538300E-02   0.10607   1.00000   0.00000   0.00000   0.2709037E-02
  3614  2.423828107929003E+07   9.976873  4.114532  4.319588  0.7075379E+00  0.2783035E+00  2.7995223E-05  1.3058770E-03  1.0273796E-04  2.6459760E-03  5.8380447E-03  8.3812015E-06  8.7692920E-06  2.1084332E-03  1.7053625E-04  0.1788    4.319588  -8.535  1.129808  7.600051  0.7463425E-01  0.9117311E+00  3.9505155E-10  7.2530494E-05  1.9768291E-05  9.1201933E-03  2.0132691E-04  5.1960389E-07  6.2648325E-10  2.1084332E-03  1.7053625E-04  3.004E-11  7.553E-18  5.022E+10  8.367E+10  1.195E+01  9.037E+04  0.65024980  2.926E-05  5.821E-05  9.271E-01  0.000E+00  0.000E+00  1.073E+00  679    1.7973  9.42E-03 2.1990E+01 4.2462E+01    3.91E+02 0.00E+00 1.83E+02  0.650568  0.034249 3.91E+02 0.00E+00 1.83E+02  0.650250  0.034248  0.0000000E+00  0.0000000E+00  1.2490829E-06  1.9388569E-01  6.8703296E-02  1.2615962E-04 -1.0970712E-01  5.0420443E-02  9.4422537E-03 0.000 0.180 1.000 1.000 1.000 1.000 1.000 1.000 1.000 1.000 1.000 1.000 1.000 1.000 1.000 1.000 1.000 1.000 1.000 1.000 1.000 1.000 1.000 1.000 1.000 1.000 1.000 1.000 1.000 1.000 1.000 1.000 1.000 1.000 1.000 1.000 1.000 1.000 1.000 1.000  8.1566331696E-02   0.10366   1.00000   0.00000   0.00000   0.2699503E-02
  3624  2.426606819301202E+07   9.976791  4.115403  4.319277  0.7074620E+00  0.2783792E+00  2.7963967E-05  1.3037503E-03  1.0272756E-04  2.6502444E-03  5.8360202E-03  8.3882926E-06  8.7583488E-06  2.1084332E-03  1.7053625E-04  0.1781    4.319277  -8.532  1.131759  7.600774  0.7270833E-01  0.9136572E+00  3.6281786E-10  7.2942882E-05  1.9885737E-05  9.1207475E-03  2.0000877E-04  5.0952133E-07  6.2065695E-10  2.1084332E-03  1.7053625E-04  2.922E-11  7.325E-18  4.965E+10  7.871E+10  1.182E+01  8.501E+04  0.65068643  2.918E-05  5.823E-05  9.270E-01  0.000E+00  0.000E+00  1.073E+00  685    1.7973  9.42E-03 2.1963E+01 4.2432E+01    3.90E+02 0.00E+00 1.83E+02  0.650894  0.034316 3.90E+02 0.00E+00 1.83E+02  0.650686  0.034316  0.0000000E+00  0.0000000E+00  1.1316997E-06  1.9435480E-01  6.8678728E-02  1.2579642E-04 -1.0964162E-01  5.0379625E-02  9.4562581E-03 0.000 0.180 1.000 1.000 1.000 1.000 1.000 1.000 1.000 1.000 1.000 1.000 1.000 1.000 1.000 1.000 1.000 1.000 1.000 1.000 1.000 1.000 1.000 1.000 1.000 1.000 1.000 1.000 1.000 1.000 1.000 1.000 1.000 1.000 1.000 1.000 1.000 1.000 1.000 1.000  8.1554171969E-02   0.10097   1.00000   0.00000   0.00000   0.2689642E-02
  3636  2.429700642272308E+07   9.976700  4.116357  4.318954  0.7073781E+00  0.2784631E+00  2.7929589E-05  1.3014138E-03  1.0271575E-04  2.6549401E-03  5.8337892E-03  8.3960723E-06  8.7463190E-06  2.1084332E-03  1.7053625E-04  0.1775    4.318954  -8.530  1.133760  7.601490  0.7082334E-01  0.9155423E+00  3.4399575E-10  7.3124418E-05  1.9939859E-05  9.1210199E-03  1.9939309E-04  5.0500249E-07  6.1735705E-10  2.1084332E-03  1.7053625E-04  2.838E-11  7.095E-18  4.943E+10  7.661E+10  1.176E+01  8.273E+04  0.65100837  2.908E-05  5.823E-05  9.269E-01  0.000E+00  0.000E+00  1.073E+00  685    1.7901  9.41E-03 2.1939E+01 4.2395E+01    3.90E+02 0.00E+00 1.83E+02  0.651249  0.034390 3.90E+02 0.00E+00 1.82E+02  0.651008  0.034390  0.0000000E+00  0.0000000E+00  1.1400960E-06  1.9484585E-01  6.8654784E-02  1.2542241E-04 -1.0957518E-01  5.0337516E-02  9.4717516E-03 0.000 0.179 1.000 1.000 1.000 1.000 1.000 1.000 1.000 1.000 1.000 1.000 1.000 1.000 1.000 1.000 1.000 1.000 1.000 1.000 1.000 1.000 1.000 1.000 1.000 1.000 1.000 1.000 1.000 1.000 1.000 1.000 1.000 1.000 1.000 1.000 1.000 1.000 1.000 1.000  8.1540538209E-02   0.09834   1.00000   0.00000   0.00000   0.2679084E-02
  3648  2.432794465243413E+07   9.976609  4.117296  4.318639  0.7072904E+00  0.2785507E+00  2.7893832E-05  1.2989863E-03  1.0270306E-04  2.6598254E-03  5.8314641E-03  8.4041424E-06  8.7338134E-06  2.1084332E-03  1.7053625E-04  0.1768    4.318639  -8.528  1.135861  7.602244  0.6888485E-01  0.9174810E+00  3.2162983E-10  7.3334259E-05  1.9999050E-05  9.1213679E-03  1.9864751E-04  4.9988384E-07  6.1410400E-10  2.1084332E-03  1.7053625E-04  2.756E-11  6.855E-18  4.921E+10  7.453E+10  1.171E+01  8.049E+04  0.65149751  2.900E-05  5.824E-05  9.268E-01  0.000E+00  0.000E+00  1.073E+00  689    1.7901  9.41E-03 2.1915E+01 4.2359E+01    3.89E+02 0.00E+00 1.82E+02  0.651690  0.034463 3.89E+02 0.00E+00 1.82E+02  0.651498  0.034463  0.0000000E+00  0.0000000E+00  1.1486658E-06  1.9532198E-01  6.8627775E-02  1.2505035E-04 -1.0951313E-01  5.0297379E-02  9.4878189E-03 0.000 0.179 1.000 1.000 1.000 1.000 1.000 1.000 1.000 1.000 1.000 1.000 1.000 1.000 1.000 1.000 1.000 1.000 1.000 1.000 1.000 1.000 1.000 1.000 1.000 1.000 1.000 1.000 1.000 1.000 1.000 1.000 1.000 1.000 1.000 1.000 1.000 1.000 1.000 1.000  8.1526803380E-02   0.09565   1.00000   0.00000   0.00000   0.2668564E-02
  3659  2.435630469633593E+07   9.976524  4.118199  4.318325  0.7072075E+00  0.2786335E+00  2.7860271E-05  1.2967106E-03  1.0269077E-04  2.6644118E-03  5.8292774E-03  8.4116965E-06  8.7220827E-06  2.1084332E-03  1.7053625E-04  0.1763    4.318325  -8.526  1.138266  7.603010  0.6694526E-01  0.9194208E+00  2.8777777E-10  7.3635209E-05  2.0078111E-05  9.1219518E-03  1.9749030E-04  4.9077869E-07  6.0885945E-10  2.1084332E-03  1.7053625E-04  2.599E-11  6.411E-18  4.871E+10  6.891E+10  1.159E+01  7.442E+04  0.65185467  2.891E-05  5.829E-05  9.267E-01  0.000E+00  0.000E+00  1.073E+00  695    1.7740  9.42E-03 2.1893E+01 4.2330E+01    3.89E+02 0.00E+00 1.82E+02  0.651975  0.034533 3.89E+02 0.00E+00 1.82E+02  0.651855  0.034533  0.0000000E+00  0.0000000E+00  1.1565718E-06  1.9580328E-01  6.8603787E-02  1.2469380E-04 -1.0945306E-01  5.0258985E-02  9.5023049E-03 0.000 0.178 1.000 1.000 1.000 1.000 1.000 1.000 1.000 1.000 1.000 1.000 1.000 1.000 1.000 1.000 1.000 1.000 1.000 1.000 1.000 1.000 1.000 1.000 1.000 1.000 1.000 1.000 1.000 1.000 1.000 1.000 1.000 1.000 1.000 1.000 1.000 1.000 1.000 1.000  8.1514121460E-02   0.09299   1.00000   0.00000   0.00000   0.2658734E-02
  3671  2.438724292604699E+07   9.976432  4.119195  4.318016  0.7071207E+00  0.2787202E+00  2.7825308E-05  1.2943426E-03  1.0267757E-04  2.6691909E-03  5.8269950E-03  8.4195452E-06  8.7098688E-06  2.1084332E-03  1.7053625E-04  0.1755    4.318016  -8.523  1.140712  7.603865  0.6485419E-01  0.9215120E+00  2.6856804E-10  7.3831404E-05  2.0133619E-05  9.1226608E-03  1.9635469E-04  4.8597860E-07  6.0463542E-10  2.1084332E-03  1.7053625E-04  2.469E-11  5.990E-18  4.848E+10  6.661E+10  1.154E+01  7.194E+04  0.65233408  2.882E-05  5.832E-05  9.266E-01  0.000E+00  0.000E+00  1.074E+00  700    1.7740  9.42E-03 2.1867E+01 4.2295E+01    3.88E+02 0.00E+00 1.82E+02  0.652489  0.034610 3.88E+02 0.00E+00 1.82E+02  0.652334  0.034611  0.0000000E+00  0.0000000E+00  1.1658682E-06  1.9627295E-01  6.8577368E-02  1.2433386E-04 -1.0939789E-01  5.0221614E-02  9.5195520E-03 0.000 0.178 1.000 1.000 1.000 1.000 1.000 1.000 1.000 1.000 1.000 1.000 1.000 1.000 1.000 1.000 1.000 1.000 1.000 1.000 1.000 1.000 1.000 1.000 1.000 1.000 1.000 1.000 1.000 1.000 1.000 1.000 1.000 1.000 1.000 1.000 1.000 1.000 1.000 1.000  8.1500180577E-02   0.09008   1.00000   0.00000   0.00000   0.2647781E-02
  3684  2.442075934156730E+07   9.976331  4.120237  4.317696  0.7070224E+00  0.2788184E+00  2.7785946E-05  1.2916800E-03  1.0266224E-04  2.6745727E-03  5.8244199E-03  8.4283562E-06  8.6961263E-06  2.1084332E-03  1.7053625E-04  0.1747    4.317696  -8.521  1.143187  7.604742  0.6277987E-01  0.9235865E+00  2.5025762E-10  7.4045951E-05  2.0195425E-05  9.1228823E-03  1.9574293E-04  4.8223293E-07  6.0250509E-10  2.1084332E-03  1.7053625E-04  2.421E-11  5.827E-18  4.828E+10  6.429E+10  1.149E+01  6.943E+04  0.65268695  2.873E-05  5.836E-05  9.265E-01  0.000E+00  0.000E+00  1.074E+00  701    1.7740  9.41E-03 2.1840E+01 4.2255E+01    3.88E+02 0.00E+00 1.82E+02  0.652906  0.034693 3.88E+02 0.00E+00 1.82E+02  0.652687  0.034692  0.0000000E+00  0.0000000E+00  1.1754366E-06  1.9676285E-01  6.8551922E-02  1.2396355E-04 -1.0934154E-01  5.0182918E-02  9.5382151E-03 0.000 0.178 1.000 1.000 1.000 1.000 1.000 1.000 1.000 1.000 1.000 1.000 1.000 1.000 1.000 1.000 1.000 1.000 1.000 1.000 1.000 1.000 1.000 1.000 1.000 1.000 1.000 1.000 1.000 1.000 1.000 1.000 1.000 1.000 1.000 1.000 1.000 1.000 1.000 1.000  8.1484957860E-02   0.08721   1.00000   0.00000   0.00000   0.2638207E-02
  3696  2.445169757127836E+07   9.976237  4.121216  4.317372  0.7069347E+00  0.2789061E+00  2.7751013E-05  1.2893198E-03  1.0264822E-04  2.6793501E-03  5.8221298E-03  8.4361538E-06  8.6839375E-06  2.1084332E-03  1.7053625E-04  0.1742    4.317372  -8.518  1.145850  7.605606  0.6077483E-01  0.9255917E+00  2.2388022E-10  7.4381207E-05  2.0286155E-05  9.1231042E-03  1.9493866E-04  4.7382318E-07  5.9852346E-10  2.1084332E-03  1.7053625E-04  2.220E-11  5.290E-18  4.796E+10  6.009E+10  1.141E+01  6.490E+04  0.65327724  2.864E-05  5.842E-05  9.263E-01  0.000E+00  0.000E+00  1.074E+00  699    1.7507  9.41E-03 2.1817E+01 4.2219E+01    3.87E+02 0.00E+00 1.82E+02  0.653393  0.034770 3.87E+02 0.00E+00 1.82E+02  0.653277  0.034769  0.0000000E+00  0.0000000E+00  1.1847400E-06  1.9724188E-01  6.8525340E-02  1.2360460E-04 -1.0928916E-01  5.0147011E-02  9.5552940E-03 0.000 0.175 1.000 1.000 1.000 1.000 1.000 1.000 1.000 1.000 1.000 1.000 1.000 1.000 1.000 1.000 1.000 1.000 1.000 1.000 1.000 1.000 1.000 1.000 1.000 1.000 1.000 1.000 1.000 1.000 1.000 1.000 1.000 1.000 1.000 1.000 1.000 1.000 1.000 1.000  8.1470793543E-02   0.08442   1.00000   0.00000   0.00000   0.2625569E-02
  3706  2.447747942937090E+07   9.976159  4.122116  4.317127  0.7068626E+00  0.2789781E+00  2.7722496E-05  1.2873953E-03  1.0263648E-04  2.6832510E-03  5.8202569E-03  8.4425033E-06  8.6739925E-06  2.1084332E-03  1.7053625E-04  0.1735    4.317127  -8.516  1.148318  7.606443  0.5888652E-01  0.9274802E+00  2.0725289E-10  7.4590059E-05  2.0344208E-05  9.1239258E-03  1.9365566E-04  4.6758090E-07  5.9268194E-10  2.1084332E-03  1.7053625E-04  2.143E-11  5.056E-18  4.779E+10  5.784E+10  1.137E+01  6.246E+04  0.65359607  2.857E-05  5.849E-05  9.262E-01  0.000E+00  0.000E+00  1.074E+00  704    1.7507  9.42E-03 2.1793E+01 4.2192E+01    3.87E+02 0.00E+00 1.82E+02  0.653820  0.034840 3.87E+02 0.00E+00 1.82E+02  0.653596  0.034840  0.0000000E+00  0.0000000E+00  1.1931498E-06  1.9761105E-01  6.8503898E-02  1.2332833E-04 -1.0925537E-01  5.0121167E-02  9.5711764E-03 0.000 0.175 1.000 1.000 1.000 1.000 1.000 1.000 1.000 1.000 1.000 1.000 1.000 1.000 1.000 1.000 1.000 1.000 1.000 1.000 1.000 1.000 1.000 1.000 1.000 1.000 1.000 1.000 1.000 1.000 1.000 1.000 1.000 1.000 1.000 1.000 1.000 1.000 1.000 1.000  8.1458898977E-02   0.08178   1.00000   0.00000   0.00000   0.2615977E-02
  3717  2.450583947327270E+07   9.976072  4.123014  4.316885  0.7067726E+00  0.2790680E+00  2.7687057E-05  1.2850062E-03  1.0262152E-04  2.6880998E-03  5.8179250E-03  8.4503743E-06  8.6616403E-06  2.1084332E-03  1.7053625E-04  0.1728    4.316885  -8.514  1.150860  7.607328  0.5696243E-01  0.9294044E+00  1.9128657E-10  7.4830441E-05  2.0411954E-05  9.1243912E-03  1.9272439E-04  4.6279469E-07  5.8956917E-10  2.1084332E-03  1.7053625E-04  2.076E-11  4.849E-18  4.765E+10  5.556E+10  1.134E+01  6.000E+04  0.65408943  2.850E-05  5.853E-05  9.261E-01  0.000E+00  0.000E+00  1.074E+00  705    1.7507  9.42E-03 2.1773E+01 4.2161E+01    3.86E+02 0.00E+00 1.82E+02  0.654159  0.034910 3.86E+02 0.00E+00 1.82E+02  0.654089  0.034911  0.0000000E+00  0.0000000E+00  1.2013668E-06  1.9797289E-01  6.8476286E-02  1.2303951E-04 -1.0922500E-01  5.0096020E-02  9.5891834E-03 0.000 0.175 1.000 1.000 1.000 1.000 1.000 1.000 1.000 1.000 1.000 1.000 1.000 1.000 1.000 1.000 1.000 1.000 1.000 1.000 1.000 1.000 1.000 1.000 1.000 1.000 1.000 1.000 1.000 1.000 1.000 1.000 1.000 1.000 1.000 1.000 1.000 1.000 1.000 1.000  8.1445724613E-02   0.07913   1.00000   0.00000   0.00000   0.2606685E-02
  3728  2.453419951717450E+07   9.975985  4.123920  4.316632  0.7066914E+00  0.2791492E+00  2.7655246E-05  1.2828642E-03  1.0260776E-04  2.6924532E-03  5.8158281E-03  8.4574215E-06  8.6505587E-06  2.1084332E-03  1.7053625E-04  0.1721    4.316632  -8.511  1.153235  7.608160  0.5522508E-01  0.9311419E+00  1.8087680E-10  7.5012008E-05  2.0465400E-05  9.1244443E-03  1.9235763E-04  4.6092687E-07  5.8861221E-10  2.1084332E-03  1.7053625E-04  2.003E-11  4.638E-18  4.761E+10  5.440E+10  1.133E+01  5.875E+04  0.65461555  2.843E-05  5.858E-05  9.260E-01  0.000E+00  0.000E+00  1.074E+00  707    1.7588  9.41E-03 2.1750E+01 4.2128E+01    3.86E+02 0.00E+00 1.82E+02  0.654789  0.034983 3.86E+02 0.00E+00 1.82E+02  0.654616  0.034982  0.0000000E+00  0.0000000E+00  1.2106096E-06  1.9832652E-01  6.8453021E-02  1.2276419E-04 -1.0919662E-01  5.0072000E-02  9.6068590E-03 0.000 0.176 1.000 1.000 1.000 1.000 1.000 1.000 1.000 1.000 1.000 1.000 1.000 1.000 1.000 1.000 1.000 1.000 1.000 1.000 1.000 1.000 1.000 1.000 1.000 1.000 1.000 1.000 1.000 1.000 1.000 1.000 1.000 1.000 1.000 1.000 1.000 1.000 1.000 1.000  8.1432454129E-02   0.07672   1.00000   0.00000   0.00000   0.2596490E-02
  3737  2.455740318945780E+07   9.975913  4.124721  4.316422  0.7066244E+00  0.2792161E+00  2.7629123E-05  1.2811069E-03  1.0259622E-04  2.6960288E-03  5.8141032E-03  8.4631956E-06  8.6414630E-06  2.1084332E-03  1.7053625E-04  0.1716    4.316422  -8.509  1.155875  7.608986  0.5350941E-01  0.9328577E+00  1.5903093E-10  7.5364436E-05  2.0558715E-05  9.1249072E-03  1.9125378E-04  4.5049989E-07  5.8216420E-10  2.1084332E-03  1.7053625E-04  1.853E-11  4.240E-18  4.737E+10  5.021E+10  1.127E+01  5.423E+04  0.65502796  2.837E-05  5.867E-05  9.258E-01  0.000E+00  0.000E+00  1.074E+00  704    1.7274  9.41E-03 2.1734E+01 4.2102E+01    3.86E+02 0.00E+00 1.82E+02  0.655195  0.035045 3.86E+02 0.00E+00 1.82E+02  0.655028  0.035046  0.0000000E+00  0.0000000E+00  1.2182950E-06  1.9863078E-01  6.8431424E-02  1.2253427E-04 -1.0917834E-01  5.0054460E-02  9.6218652E-03 0.000 0.173 1.000 1.000 1.000 1.000 1.000 1.000 1.000 1.000 1.000 1.000 1.000 1.000 1.000 1.000 1.000 1.000 1.000 1.000 1.000 1.000 1.000 1.000 1.000 1.000 1.000 1.000 1.000 1.000 1.000 1.000 1.000 1.000 1.000 1.000 1.000 1.000 1.000 1.000  8.1421521880E-02   0.07433   1.00000   0.00000   0.00000   0.2588063E-02
  3746  2.458189595464573E+07   9.975837  4.125573  4.316251  0.7065467E+00  0.2792938E+00  2.7598968E-05  1.2790802E-03  1.0258261E-04  2.7001573E-03  5.8121088E-03  8.4698464E-06  8.6309681E-06  2.1084332E-03  1.7053625E-04  0.1709    4.316251  -8.507  1.158559  7.609866  0.5175397E-01  0.9346133E+00  1.4913296E-10  7.5355813E-05  2.0551804E-05  9.1257893E-03  1.9026602E-04  4.5008741E-07  5.7984370E-10  2.1084332E-03  1.7053625E-04  1.789E-11  4.043E-18  4.740E+10  4.898E+10  1.128E+01  5.289E+04  0.65541448  2.832E-05  5.877E-05  9.257E-01  0.000E+00  0.000E+00  1.075E+00  702    1.7274  9.41E-03 2.1710E+01 4.2075E+01    3.85E+02 0.00E+00 1.82E+02  0.655639  0.035113 3.85E+02 0.00E+00 1.82E+02  0.655414  0.035113  0.0000000E+00  0.0000000E+00  1.3492791E-06  1.9887886E-01  6.8412159E-02  1.2233731E-04 -1.0917368E-01  5.0042366E-02  9.6396716E-03 0.000 0.173 1.000 1.000 1.000 1.000 1.000 1.000 1.000 1.000 1.000 1.000 1.000 1.000 1.000 1.000 1.000 1.000 1.000 1.000 1.000 1.000 1.000 1.000 1.000 1.000 1.000 1.000 1.000 1.000 1.000 1.000 1.000 1.000 1.000 1.000 1.000 1.000 1.000 1.000  8.1409904445E-02   0.07187   1.00000   0.00000   0.00000   0.2579350E-02
  3755  2.460741999415739E+07   9.975758  4.126403  4.316089  0.7064749E+00  0.2793655E+00  2.7571249E-05  1.2772192E-03  1.0256986E-04  2.7039530E-03  5.8102726E-03  8.4759465E-06  8.6213256E-06  2.1084332E-03  1.7053625E-04  0.1704    4.316089  -8.505  1.161010  7.610723  0.5012323E-01  0.9362441E+00  1.4124699E-10  7.5522818E-05  2.0601972E-05  9.1259287E-03  1.8982310E-04  4.4917716E-07  5.7895310E-10  2.1084332E-03  1.7053625E-04  1.719E-11  3.839E-18  4.746E+10  4.820E+10  1.130E+01  5.205E+04  0.65601009  2.828E-05  5.881E-05  9.256E-01  0.000E+00  0.000E+00  1.075E+00  701    1.7352  9.41E-03 2.1692E+01 4.2048E+01    3.85E+02 0.00E+00 1.82E+02  0.656140  0.035179 3.85E+02 0.00E+00 1.82E+02  0.656010  0.035179  0.0000000E+00  0.0000000E+00  1.3583357E-06  1.9912025E-01  6.8387612E-02  1.2207543E-04 -1.0916896E-01  5.0030152E-02  9.6577992E-03 0.000 0.174 1.000 1.000 1.000 1.000 1.000 1.000 1.000 1.000 1.000 1.000 1.000 1.000 1.000 1.000 1.000 1.000 1.000 1.000 1.000 1.000 1.000 1.000 1.000 1.000 1.000 1.000 1.000 1.000 1.000 1.000 1.000 1.000 1.000 1.000 1.000 1.000 1.000 1.000  8.1397716950E-02   0.06957   1.00000   0.00000   0.00000   0.2570946E-02
  3764  2.463294403366904E+07   9.975678  4.127238  4.315922  0.7063956E+00  0.2794448E+00  2.7540763E-05  1.2751744E-03  1.0255556E-04  2.7081283E-03  5.8082499E-03  8.4826404E-06  8.6107259E-06  2.1084332E-03  1.7053625E-04  0.1697    4.315922  -8.503  1.163603  7.611617  0.4845754E-01  0.9379099E+00  1.2833357E-10  7.5809396E-05  2.0681452E-05  9.1259553E-03  1.8931797E-04  4.4379437E-07  5.7682766E-10  2.1084332E-03  1.7053625E-04  1.562E-11  3.444E-18  4.737E+10  4.581E+10  1.127E+01  4.948E+04  0.65646391  2.823E-05  5.890E-05  9.255E-01  0.000E+00  0.000E+00  1.075E+00  706    1.7294  9.41E-03 2.1670E+01 4.2019E+01    3.85E+02 0.00E+00 1.82E+02  0.656627  0.035246 3.85E+02 0.00E+00 1.82E+02  0.656464  0.035245  0.0000000E+00  0.0000000E+00  1.3675453E-06  1.9935916E-01  6.8366749E-02  1.2187932E-04 -1.0916708E-01  5.0019091E-02  9.6763547E-03 0.000 0.173 1.000 1.000 1.000 1.000 1.000 1.000 1.000 1.000 1.000 1.000 1.000 1.000 1.000 1.000 1.000 1.000 1.000 1.000 1.000 1.000 1.000 1.000 1.000 1.000 1.000 1.000 1.000 1.000 1.000 1.000 1.000 1.000 1.000 1.000 1.000 1.000 1.000 1.000  8.1385448118E-02   0.06731   1.00000   0.00000   0.00000   0.2562326E-02
  3771  2.465279606440033E+07   9.975615  4.127958  4.315787  0.7063316E+00  0.2795087E+00  2.7516262E-05  1.2735325E-03  1.0254385E-04  2.7114846E-03  5.8066217E-03  8.4880088E-06  8.6022109E-06  2.1084332E-03  1.7053625E-04  0.1693    4.315787  -8.501  1.166302  7.612450  0.4692906E-01  0.9394386E+00  1.1317647E-10  7.6163355E-05  2.0774717E-05  9.1263440E-03  1.8829561E-04  4.3467019E-07  5.7162706E-10  2.1084332E-03  1.7053625E-04  1.490E-11  3.238E-18  4.722E+10  4.257E+10  1.124E+01  4.597E+04  0.65678799  2.818E-05  5.902E-05  9.254E-01  0.000E+00  0.000E+00  1.075E+00  705    1.7039  9.41E-03 2.1656E+01 4.1997E+01    3.84E+02 0.00E+00 1.82E+02  0.656820  0.035302 3.84E+02 0.00E+00 1.82E+02  0.656788  0.035303  0.0000000E+00  0.0000000E+00  1.3747017E-06  1.9956845E-01  6.8347267E-02  1.2171657E-04 -1.0916979E-01  5.0012234E-02  9.6912812E-03 0.000 0.171 1.000 1.000 1.000 1.000 1.000 1.000 1.000 1.000 1.000 1.000 1.000 1.000 1.000 1.000 1.000 1.000 1.000 1.000 1.000 1.000 1.000 1.000 1.000 1.000 1.000 1.000 1.000 1.000 1.000 1.000 1.000 1.000 1.000 1.000 1.000 1.000 1.000 1.000  8.1375846769E-02   0.06519   1.00000   0.00000   0.00000   0.2555565E-02
  3778  2.467264809513162E+07   9.975552  4.128692  4.315682  0.7062743E+00  0.2795660E+00  2.7494438E-05  1.2720713E-03  1.0253326E-04  2.7144746E-03  5.8051695E-03  8.4927817E-06  8.5946295E-06  2.1084332E-03  1.7053625E-04  0.1687    4.315682  -8.499  1.168795  7.613291  0.4546306E-01  0.9409047E+00  1.0604029E-10  7.6354631E-05  2.0829437E-05  9.1267976E-03  1.8745838E-04  4.3092667E-07  5.6813290E-10  2.1084332E-03  1.7053625E-04  1.490E-11  3.238E-18  4.730E+10  4.150E+10  1.126E+01  4.482E+04  0.65718979  2.815E-05  5.913E-05  9.253E-01  0.000E+00  0.000E+00  1.075E+00  704    1.7039  9.41E-03 2.1636E+01 4.1975E+01    3.84E+02 0.00E+00 1.82E+02  0.657370  0.035362 3.84E+02 0.00E+00 1.82E+02  0.657190  0.035362  0.0000000E+00  0.0000000E+00  1.3832624E-06  1.9970987E-01  6.8333284E-02  1.2160071E-04 -1.0918503E-01  5.0010951E-02  9.7076714E-03 0.000 0.171 1.000 1.000 1.000 1.000 1.000 1.000 1.000 1.000 1.000 1.000 1.000 1.000 1.000 1.000 1.000 1.000 1.000 1.000 1.000 1.000 1.000 1.000 1.000 1.000 1.000 1.000 1.000 1.000 1.000 1.000 1.000 1.000 1.000 1.000 1.000 1.000 1.000 1.000  8.1366187530E-02   0.06313   1.00000   0.00000   0.00000   0.2548104E-02
  3785  2.469250012586290E+07   9.975489  4.129368  4.315602  0.7062149E+00  0.2796254E+00  2.7471864E-05  1.2705610E-03  1.0252214E-04  2.7175680E-03  5.8036655E-03  8.4977103E-06  8.5867900E-06  2.1084332E-03  1.7053625E-04  0.1681    4.315602  -8.497  1.171197  7.614109  0.4407644E-01  0.9422915E+00  9.8152510E-11  7.6584483E-05  2.0894007E-05  9.1269947E-03  1.8685062E-04  4.2730995E-07  5.6616332E-10  2.1084332E-03  1.7053625E-04  1.419E-11  3.040E-18  4.733E+10  4.010E+10  1.127E+01  4.330E+04  0.65770038  2.812E-05  5.921E-05  9.251E-01  0.000E+00  0.000E+00  1.075E+00  705    1.7039  9.41E-03 2.1623E+01 4.1953E+01    3.84E+02 0.00E+00 1.82E+02  0.657809  0.035415 3.84E+02 0.00E+00 1.82E+02  0.657700  0.035416  0.0000000E+00  0.0000000E+00  1.3907878E-06  1.9982916E-01  6.8313113E-02  1.2148414E-04 -1.0920324E-01  5.0011139E-02  9.7242745E-03 0.000 0.171 1.000 1.000 1.000 1.000 1.000 1.000 1.000 1.000 1.000 1.000 1.000 1.000 1.000 1.000 1.000 1.000 1.000 1.000 1.000 1.000 1.000 1.000 1.000 1.000 1.000 1.000 1.000 1.000 1.000 1.000 1.000 1.000 1.000 1.000 1.000 1.000 1.000 1.000  8.1356476289E-02   0.06123   1.00000   0.00000   0.00000   0.2541701E-02
  3792  2.471235215659419E+07   9.975426  4.130051  4.315528  0.7061534E+00  0.2796868E+00  2.7448580E-05  1.2690045E-03  1.0251051E-04  2.7207590E-03  5.8021122E-03  8.5027845E-06  8.5787077E-06  2.1084332E-03  1.7053625E-04  0.1676    4.315528  -8.496  1.173556  7.614920  0.4278069E-01  0.9435873E+00  9.4037085E-11  7.6726511E-05  2.0937371E-05  9.1270958E-03  1.8649371E-04  4.2583445E-07  5.6423013E-10  2.1084332E-03  1.7053625E-04  1.329E-11  2.806E-18  4.749E+10  3.973E+10  1.130E+01  4.291E+04  0.65800442  2.809E-05  5.931E-05  9.250E-01  0.000E+00  0.000E+00  1.075E+00  708    1.7039  9.41E-03 2.1606E+01 4.1931E+01    3.84E+02 0.00E+00 1.82E+02  0.658152  0.035471 3.84E+02 0.00E+00 1.82E+02  0.658004  0.035470  0.0000000E+00  0.0000000E+00  1.3982395E-06  1.9993932E-01  6.8298173E-02  1.2138229E-04 -1.0922391E-01  5.0012569E-02  9.7409233E-03 0.000 0.171 1.000 1.000 1.000 1.000 1.000 1.000 1.000 1.000 1.000 1.000 1.000 1.000 1.000 1.000 1.000 1.000 1.000 1.000 1.000 1.000 1.000 1.000 1.000 1.000 1.000 1.000 1.000 1.000 1.000 1.000 1.000 1.000 1.000 1.000 1.000 1.000 1.000 1.000  8.1346711237E-02   0.05935   1.00000   0.00000   0.00000   0.2535264E-02
  3799  2.473220418732548E+07   9.975363  4.130758  4.315474  0.7060932E+00  0.2797470E+00  2.7425896E-05  1.2674892E-03  1.0249901E-04  2.7238684E-03  5.8005969E-03  8.5077195E-06  8.5708363E-06  2.1084332E-03  1.7053625E-04  0.1670    4.315474  -8.494  1.176059  7.615764  0.4140091E-01  0.9449672E+00  8.3717644E-11  7.7066102E-05  2.1030231E-05  9.1271124E-03  1.8591427E-04  4.1888931E-07  5.6156790E-10  2.1084332E-03  1.7053625E-04  1.329E-11  2.806E-18  4.747E+10  3.743E+10  1.130E+01  4.042E+04  0.65865004  2.808E-05  5.940E-05  9.249E-01  0.000E+00  0.000E+00  1.075E+00  712    1.6965  9.41E-03 2.1595E+01 4.1907E+01    3.84E+02 0.00E+00 1.82E+02  0.658509  0.035527 3.84E+02 0.00E+00 1.82E+02  0.658650  0.035527  0.0000000E+00  0.0000000E+00  1.4058234E-06  2.0002661E-01  6.8278613E-02  1.2128791E-04 -1.0925122E-01  5.0016944E-02  9.7581997E-03 0.000 0.170 1.000 1.000 1.000 1.000 1.000 1.000 1.000 1.000 1.000 1.000 1.000 1.000 1.000 1.000 1.000 1.000 1.000 1.000 1.000 1.000 1.000 1.000 1.000 1.000 1.000 1.000 1.000 1.000 1.000 1.000 1.000 1.000 1.000 1.000 1.000 1.000 1.000 1.000  8.1336892973E-02   0.05753   1.00000   0.00000   0.00000   0.2528969E-02
  3806  2.475205621805676E+07   9.975299  4.131505  4.315419  0.7060339E+00  0.2798063E+00  2.7403615E-05  1.2660020E-03  1.0248756E-04  2.7269230E-03  5.7991066E-03  8.5125581E-06  8.5631077E-06  2.1084332E-03  1.7053625E-04  0.1666    4.315419  -8.492  1.178916  7.616684  0.3993984E-01  0.9464285E+00  7.2879287E-11  7.7422197E-05  2.1121520E-05  9.1272856E-03  1.8513480E-04  4.1304229E-07  5.5918796E-10  2.1084332E-03  1.7053625E-04  1.190E-11  2.470E-18  4.743E+10  3.472E+10  1.129E+01  3.749E+04  0.65890150  2.804E-05  5.954E-05  9.248E-01  0.000E+00  0.000E+00  1.076E+00  711    1.6804  9.41E-03 2.1576E+01 4.1888E+01    3.83E+02 0.00E+00 1.82E+02  0.659019  0.035585 3.83E+02 0.00E+00 1.82E+02  0.658901  0.035587  0.0000000E+00  0.0000000E+00  1.4141698E-06  2.0011440E-01  6.8263082E-02  1.2120315E-04 -1.0928509E-01  5.0024124E-02  9.7761577E-03 0.000 0.168 1.000 1.000 1.000 1.000 1.000 1.000 1.000 1.000 1.000 1.000 1.000 1.000 1.000 1.000 1.000 1.000 1.000 1.000 1.000 1.000 1.000 1.000 1.000 1.000 1.000 1.000 1.000 1.000 1.000 1.000 1.000 1.000 1.000 1.000 1.000 1.000 1.000 1.000  8.1327017898E-02   0.05555   1.00000   0.00000   0.00000   0.2522143E-02
  3812  2.476907224439787E+07   9.975244  4.132225  4.315374  0.7059837E+00  0.2798564E+00  2.7384830E-05  1.2647491E-03  1.0247778E-04  2.7294987E-03  5.7978487E-03  8.5166309E-06  8.5565941E-06  2.1084332E-03  1.7053625E-04  0.1660    4.315374  -8.490  1.181787  7.617604  0.3860866E-01  0.9477598E+00  6.9639452E-11  7.7592614E-05  2.1175263E-05  9.1277889E-03  1.8427069E-04  4.0826319E-07  5.5364839E-10  2.1084332E-03  1.7053625E-04  1.094E-11  2.229E-18  4.772E+10  3.465E+10  1.136E+01  3.742E+04  0.65948886  2.803E-05  5.969E-05  9.246E-01  0.000E+00  0.000E+00  1.076E+00  709    1.6804  9.41E-03 2.1563E+01 4.1870E+01    3.83E+02 0.00E+00 1.82E+02  0.659565  0.035645 3.83E+02 0.00E+00 1.82E+02  0.659489  0.035645  0.0000000E+00  0.0000000E+00  1.4228127E-06  2.0015266E-01  6.8248340E-02  1.2115457E-04 -1.0932771E-01  5.0036493E-02  9.7929462E-03 0.000 0.168 1.000 1.000 1.000 1.000 1.000 1.000 1.000 1.000 1.000 1.000 1.000 1.000 1.000 1.000 1.000 1.000 1.000 1.000 1.000 1.000 1.000 1.000 1.000 1.000 1.000 1.000 1.000 1.000 1.000 1.000 1.000 1.000 1.000 1.000 1.000 1.000 1.000 1.000  8.1318504370E-02   0.05358   1.00000   0.00000   0.00000   0.2515097E-02
  3818  2.478608827073897E+07   9.975189  4.132831  4.315400  0.7059318E+00  0.2799082E+00  2.7365490E-05  1.2634601E-03  1.0246760E-04  2.7321507E-03  5.7965522E-03  8.5208176E-06  8.5498906E-06  2.1084332E-03  1.7053625E-04  0.1656    4.315400  -8.488  1.184711  7.618550  0.3722996E-01  0.9491387E+00  6.1977777E-11  7.7945306E-05  2.1270771E-05  9.1281180E-03  1.8331301E-04  4.0179334E-07  5.4992316E-10  2.1084332E-03  1.7053625E-04  1.094E-11  2.229E-18  4.788E+10  3.291E+10  1.140E+01  3.554E+04  0.65980577  2.802E-05  5.985E-05  9.245E-01  0.000E+00  0.000E+00  1.076E+00  711    1.6720  9.41E-03 2.1548E+01 4.1851E+01    3.83E+02 0.00E+00 1.82E+02  0.659890  0.035694 3.83E+02 0.00E+00 1.82E+02  0.659806  0.035694  0.0000000E+00  0.0000000E+00  1.4294077E-06  2.0011488E-01  6.8234950E-02  1.2114996E-04 -1.0938414E-01  5.0055024E-02  9.8113751E-03 0.000 0.167 1.000 1.000 1.000 1.000 1.000 1.000 1.000 1.000 1.000 1.000 1.000 1.000 1.000 1.000 1.000 1.000 1.000 1.000 1.000 1.000 1.000 1.000 1.000 1.000 1.000 1.000 1.000 1.000 1.000 1.000 1.000 1.000 1.000 1.000 1.000 1.000 1.000 1.000  8.1309944734E-02   0.05169   1.00000   0.00000   0.00000   0.2510091E-02
  3824  2.480310429708007E+07   9.975133  4.133488  4.315435  0.7058780E+00  0.2799620E+00  2.7345462E-05  1.2621261E-03  1.0245693E-04  2.7348976E-03  5.7952081E-03  8.5251467E-06  8.5429507E-06  2.1084332E-03  1.7053625E-04  0.1650    4.315435  -8.487  1.187498  7.619484  0.3593913E-01  0.9504296E+00  5.7070887E-11  7.8187129E-05  2.1338679E-05  9.1284102E-03  1.8257634E-04  3.9830189E-07  5.4755678E-10  2.1084332E-03  1.7053625E-04  1.019E-11  2.038E-18  4.809E+10  3.199E+10  1.145E+01  3.455E+04  0.66024440  2.802E-05  5.999E-05  9.244E-01  0.000E+00  0.000E+00  1.076E+00  714    1.6720  9.41E-03 2.1533E+01 4.1834E+01    3.83E+02 0.00E+00 1.82E+02  0.660312  0.035748 3.83E+02 0.00E+00 1.82E+02  0.660244  0.035747  0.0000000E+00  0.0000000E+00  1.4368350E-06  2.0006465E-01  6.8219373E-02  1.2114675E-04 -1.0944392E-01  5.0075109E-02  9.8300234E-03 0.000 0.167 1.000 1.000 1.000 1.000 1.000 1.000 1.000 1.000 1.000 1.000 1.000 1.000 1.000 1.000 1.000 1.000 1.000 1.000 1.000 1.000 1.000 1.000 1.000 1.000 1.000 1.000 1.000 1.000 1.000 1.000 1.000 1.000 1.000 1.000 1.000 1.000 1.000 1.000  8.1301342481E-02   0.04991   1.00000   0.00000   0.00000   0.2504659E-02
  3830  2.482012032342118E+07   9.975077  4.134107  4.315474  0.7058247E+00  0.2800153E+00  2.7325692E-05  1.2608102E-03  1.0244627E-04  2.7376095E-03  5.7938798E-03  8.5294134E-06  8.5361023E-06  2.1084332E-03  1.7053625E-04  0.1645    4.315474  -8.485  1.190258  7.620396  0.3468228E-01  0.9516866E+00  5.2474028E-11  7.8443443E-05  2.1411392E-05  9.1285996E-03  1.8193224E-04  3.9442519E-07  5.4505036E-10  2.1084332E-03  1.7053625E-04  1.019E-11  2.038E-18  4.829E+10  3.109E+10  1.149E+01  3.357E+04  0.66065801  2.802E-05  6.013E-05  9.243E-01  0.000E+00  0.000E+00  1.076E+00  718    1.6636  9.41E-03 2.1518E+01 4.1814E+01    3.83E+02 0.00E+00 1.82E+02  0.660722  0.035798 3.83E+02 0.00E+00 1.82E+02  0.660658  0.035798  0.0000000E+00  0.0000000E+00  1.4438339E-06  2.0000712E-01  6.8204506E-02  1.2114902E-04 -1.0950431E-01  5.0095494E-02  9.8487406E-03 0.000 0.167 1.000 1.000 1.000 1.000 1.000 1.000 1.000 1.000 1.000 1.000 1.000 1.000 1.000 1.000 1.000 1.000 1.000 1.000 1.000 1.000 1.000 1.000 1.000 1.000 1.000 1.000 1.000 1.000 1.000 1.000 1.000 1.000 1.000 1.000 1.000 1.000 1.000 1.000  8.1292697670E-02   0.04816   1.00000   0.00000   0.00000   0.2499557E-02
  3835  2.483430034537210E+07   9.975031  4.134656  4.315516  0.7057807E+00  0.2800593E+00  2.7309443E-05  1.2597293E-03  1.0243742E-04  2.7398386E-03  5.7927870E-03  8.5329152E-06  8.5304756E-06  2.1084332E-03  1.7053625E-04  0.1642    4.315516  -8.484  1.192875  7.621225  0.3359544E-01  0.9527736E+00  4.6382512E-11  7.8776052E-05  2.1498541E-05  9.1286639E-03  1.8131298E-04  3.8927965E-07  5.4310778E-10  2.1084332E-03  1.7053625E-04  9.122E-12  1.787E-18  4.842E+10  2.947E+10  1.152E+01  3.183E+04  0.66125419  2.803E-05  6.027E-05  9.242E-01  0.000E+00  0.000E+00  1.076E+00  719    1.6636  9.41E-03 2.1511E+01 4.1798E+01    3.83E+02 0.00E+00 1.83E+02  0.661086  0.035838 3.83E+02 0.00E+00 1.83E+02  0.661254  0.035842  0.0000000E+00  0.0000000E+00  1.4496853E-06  1.9994750E-01  6.8189400E-02  1.2115673E-04 -1.0956214E-01  5.0115937E-02  9.8648030E-03 0.000 0.165 1.000 1.000 1.000 1.000 1.000 1.000 1.000 1.000 1.000 1.000 1.000 1.000 1.000 1.000 1.000 1.000 1.000 1.000 1.000 1.000 1.000 1.000 1.000 1.000 1.000 1.000 1.000 1.000 1.000 1.000 1.000 1.000 1.000 1.000 1.000 1.000 1.000 1.000  8.1285460365E-02   0.04672   1.00000   0.00000   0.00000   0.2495253E-02
  3840  2.484848036732301E+07   9.974984  4.135280  4.315574  0.7057472E+00  0.2800928E+00  2.7297078E-05  1.2589073E-03  1.0243063E-04  2.7415350E-03  5.7919547E-03  8.5355769E-06  8.5261950E-06  2.1084332E-03  1.7053625E-04  0.1637    4.315574  -8.482  1.195585  7.622117  0.3247627E-01  0.9538929E+00  4.3553244E-11  7.8990716E-05  2.1561974E-05  9.1289542E-03  1.8062082E-04  3.8510750E-07  5.3922521E-10  2.1084332E-03  1.7053625E-04  9.122E-12  1.787E-18  4.872E+10  2.908E+10  1.159E+01  3.140E+04  0.66154510  2.803E-05  6.044E-05  9.241E-01  0.000E+00  0.000E+00  1.076E+00  719    1.6552  9.41E-03 2.1495E+01 4.1783E+01    3.83E+02 0.00E+00 1.83E+02  0.661591  0.035894 3.83E+02 0.00E+00 1.83E+02  0.661545  0.035893  0.0000000E+00  0.0000000E+00  1.4575177E-06  1.9984626E-01  6.8180967E-02  1.2120309E-04 -1.0963232E-01  5.0141832E-02  9.8821736E-03 0.000 0.165 1.000 1.000 1.000 1.000 1.000 1.000 1.000 1.000 1.000 1.000 1.000 1.000 1.000 1.000 1.000 1.000 1.000 1.000 1.000 1.000 1.000 1.000 1.000 1.000 1.000 1.000 1.000 1.000 1.000 1.000 1.000 1.000 1.000 1.000 1.000 1.000 1.000 1.000  8.1278187054E-02   0.04510   1.00000   0.00000   0.00000   0.2489835E-02
  3845  2.486266038927393E+07   9.974937  4.135848  4.315685  0.7056994E+00  0.2801405E+00  2.7279504E-05  1.2577396E-03  1.0242089E-04  2.7439464E-03  5.7907707E-03  8.5393553E-06  8.5201126E-06  2.1084332E-03  1.7053625E-04  0.1632    4.315685  -8.480  1.198264  7.623014  0.3139299E-01  0.9549763E+00  3.9971642E-11  7.9245429E-05  2.1633114E-05  9.1291107E-03  1.8001823E-04  3.8153696E-07  5.3708235E-10  2.1084332E-03  1.7053625E-04  8.396E-12  1.611E-18  4.899E+10  2.834E+10  1.166E+01  3.060E+04  0.66210786  2.805E-05  6.057E-05  9.239E-01  0.000E+00  0.000E+00  1.077E+00  719    1.6552  9.41E-03 2.1487E+01 4.1768E+01    3.83E+02 0.00E+00 1.83E+02  0.661818  0.035939 3.83E+02 0.00E+00 1.83E+02  0.662108  0.035939  0.0000000E+00  0.0000000E+00  1.4632842E-06  1.9969782E-01  6.8165551E-02  1.2126101E-04 -1.0971064E-01  5.0171531E-02  9.9004804E-03 0.000 0.165 1.000 1.000 1.000 1.000 1.000 1.000 1.000 1.000 1.000 1.000 1.000 1.000 1.000 1.000 1.000 1.000 1.000 1.000 1.000 1.000 1.000 1.000 1.000 1.000 1.000 1.000 1.000 1.000 1.000 1.000 1.000 1.000 1.000 1.000 1.000 1.000 1.000 1.000  8.1270881310E-02   0.04361   1.00000   0.00000   0.00000   0.2486077E-02
  3850  2.487684041122485E+07   9.974890  4.136399  4.315784  0.7056594E+00  0.2801805E+00  2.7264846E-05  1.2567661E-03  1.0241270E-04  2.7459579E-03  5.7897823E-03  8.5425028E-06  8.5150408E-06  2.1084332E-03  1.7053625E-04  0.1628    4.315784  -8.479  1.200955  7.623916  0.3034370E-01  0.9560257E+00  3.7071335E-11  7.9482900E-05  2.1700778E-05  9.1292159E-03  1.7950102E-04  3.7839774E-07  5.3495708E-10  2.1084332E-03  1.7053625E-04  8.396E-12  1.611E-18  4.930E+10  2.782E+10  1.173E+01  3.005E+04  0.66238205  2.805E-05  6.074E-05  9.238E-01  0.000E+00  0.000E+00  1.077E+00  720    1.6467  9.41E-03 2.1472E+01 4.1752E+01    3.83E+02 0.00E+00 1.83E+02  0.662366  0.035984 3.83E+02 0.00E+00 1.83E+02  0.662382  0.035984  0.0000000E+00  0.0000000E+00  1.4701815E-06  1.9953550E-01  6.8155936E-02  1.2133704E-04 -1.0979266E-01  5.0202928E-02  9.9190492E-03 0.000 0.165 1.000 1.000 1.000 1.000 1.000 1.000 1.000 1.000 1.000 1.000 1.000 1.000 1.000 1.000 1.000 1.000 1.000 1.000 1.000 1.000 1.000 1.000 1.000 1.000 1.000 1.000 1.000 1.000 1.000 1.000 1.000 1.000 1.000 1.000 1.000 1.000 1.000 1.000  8.1263543472E-02   0.04213   1.00000   0.00000   0.00000   0.2481525E-02
  3855  2.489102043317577E+07   9.974843  4.136973  4.315896  0.7056163E+00  0.2802236E+00  2.7249056E-05  1.2557181E-03  1.0240379E-04  2.7481250E-03  5.7887166E-03  8.5458893E-06  8.5095788E-06  2.1084332E-03  1.7053625E-04  0.1625    4.315896  -8.477  1.203995  7.624878  0.2924518E-01  0.9571244E+00  3.2287129E-11  7.9860374E-05  2.1800293E-05  9.1292169E-03  1.7887927E-04  3.7298880E-07  5.3291004E-10  2.1084332E-03  1.7053625E-04  7.402E-12  1.388E-18  4.956E+10  2.650E+10  1.180E+01  2.862E+04  0.66293075  2.808E-05  6.092E-05  9.237E-01  0.000E+00  0.000E+00  1.077E+00  721    1.6467  9.41E-03 2.1466E+01 4.1737E+01    3.83E+02 0.00E+00 1.83E+02  0.662837  0.036027 3.83E+02 0.00E+00 1.83E+02  0.662931  0.036031  0.0000000E+00  0.0000000E+00  1.4765119E-06  1.9936779E-01  6.8142145E-02  1.2141501E-04 -1.0988077E-01  5.0237154E-02  9.9380073E-03 0.000 0.163 1.000 1.000 1.000 1.000 1.000 1.000 1.000 1.000 1.000 1.000 1.000 1.000 1.000 1.000 1.000 1.000 1.000 1.000 1.000 1.000 1.000 1.000 1.000 1.000 1.000 1.000 1.000 1.000 1.000 1.000 1.000 1.000 1.000 1.000 1.000 1.000 1.000 1.000  8.1256173069E-02   0.04068   1.00000   0.00000   0.00000   0.2477324E-02
  3859  2.490236445073651E+07   9.974805  4.137518  4.316009  0.7055820E+00  0.2802579E+00  2.7236546E-05  1.2548882E-03  1.0239668E-04  2.7498421E-03  5.7878716E-03  8.5485694E-06  8.5052523E-06  2.1084332E-03  1.7053625E-04  0.1620    4.316009  -8.476  1.206562  7.625713  0.2833377E-01  0.9580359E+00  3.0289680E-11  8.0072649E-05  2.1862484E-05  9.1294050E-03  1.7830833E-04  3.6921494E-07  5.2960682E-10  2.1084332E-03  1.7053625E-04  7.402E-12  1.388E-18  4.990E+10  2.621E+10  1.188E+01  2.831E+04  0.66334033  2.809E-05  6.108E-05  9.236E-01  0.000E+00  0.000E+00  1.077E+00  719    1.6467  9.41E-03 2.1456E+01 4.1725E+01    3.83E+02 0.00E+00 1.83E+02  0.663189  0.036076 3.83E+02 0.00E+00 1.83E+02  0.663340  0.036076  0.0000000E+00  0.0000000E+00  1.4831001E-06  1.9919775E-01  6.8133302E-02  1.2150470E-04 -1.0996316E-01  5.0269848E-02  9.9543697E-03 0.000 0.163 1.000 1.000 1.000 1.000 1.000 1.000 1.000 1.000 1.000 1.000 1.000 1.000 1.000 1.000 1.000 1.000 1.000 1.000 1.000 1.000 1.000 1.000 1.000 1.000 1.000 1.000 1.000 1.000 1.000 1.000 1.000 1.000 1.000 1.000 1.000 1.000 1.000 1.000  8.1250249816E-02   0.03937   1.00000   0.00000   0.00000   0.2473313E-02
  3863  2.491370846829724E+07   9.974767  4.138015  4.316149  0.7055490E+00  0.2802908E+00  2.7224542E-05  1.2540922E-03  1.0238981E-04  2.7514899E-03  5.7870603E-03  8.5511386E-06  8.5011019E-06  2.1084332E-03  1.7053625E-04  0.1616    4.316149  -8.474  1.209077  7.626550  0.2745212E-01  0.9589176E+00  2.8118718E-11  8.0299398E-05  2.1926124E-05  9.1295137E-03  1.7780617E-04  3.6627945E-07  5.2768241E-10  2.1084332E-03  1.7053625E-04  6.704E-12  1.227E-18  5.024E+10  2.582E+10  1.196E+01  2.788E+04  0.66381050  2.812E-05  6.123E-05  9.234E-01  0.000E+00  0.000E+00  1.077E+00  721    1.6383  9.41E-03 2.1447E+01 4.1714E+01    3.83E+02 0.00E+00 1.83E+02  0.663630  0.036116 3.83E+02 0.00E+00 1.83E+02  0.663811  0.036116  0.0000000E+00  0.0000000E+00  1.4890253E-06  1.9898484E-01  6.8124485E-02  1.2161695E-04 -1.1005291E-01  5.0305887E-02  9.9715624E-03 0.000 0.163 1.000 1.000 1.000 1.000 1.000 1.000 1.000 1.000 1.000 1.000 1.000 1.000 1.000 1.000 1.000 1.000 1.000 1.000 1.000 1.000 1.000 1.000 1.000 1.000 1.000 1.000 1.000 1.000 1.000 1.000 1.000 1.000 1.000 1.000 1.000 1.000 1.000 1.000  8.1244302153E-02   0.03814   1.00000   0.00000   0.00000   0.2469775E-02
  3867  2.492505248585798E+07   9.974729  4.138491  4.316311  0.7055084E+00  0.2803314E+00  2.7209758E-05  1.2531123E-03  1.0238129E-04  2.7535194E-03  5.7860602E-03  8.5542992E-06  8.4959916E-06  2.1084332E-03  1.7053625E-04  0.1612    4.316311  -8.473  1.211610  7.627395  0.2658960E-01  0.9597803E+00  2.6060617E-11  8.0532835E-05  2.1991941E-05  9.1295721E-03  1.7734992E-04  3.6339103E-07  5.2591440E-10  2.1084332E-03  1.7053625E-04  6.704E-12  1.227E-18  5.060E+10  2.544E+10  1.204E+01  2.748E+04  0.66416221  2.814E-05  6.139E-05  9.234E-01  0.000E+00  0.000E+00  1.077E+00  721    1.6383  9.41E-03 2.1438E+01 4.1702E+01    3.83E+02 0.00E+00 1.83E+02  0.663880  0.036155 3.83E+02 0.00E+00 1.84E+02  0.664162  0.036155  0.0000000E+00  0.0000000E+00  1.4940924E-06  1.9875366E-01  6.8114811E-02  1.2173747E-04 -1.1014677E-01  5.0343841E-02  9.9891365E-03 0.000 0.163 1.000 1.000 1.000 1.000 1.000 1.000 1.000 1.000 1.000 1.000 1.000 1.000 1.000 1.000 1.000 1.000 1.000 1.000 1.000 1.000 1.000 1.000 1.000 1.000 1.000 1.000 1.000 1.000 1.000 1.000 1.000 1.000 1.000 1.000 1.000 1.000 1.000 1.000  8.1238332539E-02   0.03694   1.00000   0.00000   0.00000   0.2466919E-02
  3871  2.493639650341871E+07   9.974691  4.138969  4.316472  0.7054745E+00  0.2803652E+00  2.7197495E-05  1.2522999E-03  1.0237418E-04  2.7552030E-03  5.7852301E-03  8.5569182E-06  8.4917536E-06  2.1084332E-03  1.7053625E-04  0.1609    4.316472  -8.472  1.214179  7.628250  0.2574565E-01  0.9606243E+00  2.4157215E-11  8.0766841E-05  2.2058074E-05  9.1295909E-03  1.7693777E-04  3.6060996E-07  5.2424508E-10  2.1084332E-03  1.7053625E-04  5.791E-12  1.031E-18  5.097E+10  2.511E+10  1.213E+01  2.712E+04  0.66459363  2.817E-05  6.155E-05  9.232E-01  0.000E+00  0.000E+00  1.077E+00  721    1.6383  9.41E-03 2.1431E+01 4.1691E+01    3.83E+02 0.00E+00 1.84E+02  0.664371  0.036194 3.83E+02 0.00E+00 1.84E+02  0.664594  0.036194  0.0000000E+00  0.0000000E+00  1.5000156E-06  1.9850871E-01  6.8104619E-02  1.2186524E-04 -1.1024471E-01  5.0383661E-02  1.0007032E-02 0.000 0.163 1.000 1.000 1.000 1.000 1.000 1.000 1.000 1.000 1.000 1.000 1.000 1.000 1.000 1.000 1.000 1.000 1.000 1.000 1.000 1.000 1.000 1.000 1.000 1.000 1.000 1.000 1.000 1.000 1.000 1.000 1.000 1.000 1.000 1.000 1.000 1.000 1.000 1.000  8.1232341086E-02   0.03577   1.00000   0.00000   0.00000   0.2463609E-02
  3875  2.494774052097945E+07   9.974653  4.139532  4.316653  0.7054423E+00  0.2803975E+00  2.7185808E-05  1.2515260E-03  1.0236735E-04  2.7568078E-03  5.7844384E-03  8.5594120E-06  8.4877153E-06  2.1084332E-03  1.7053625E-04  0.1605    4.316653  -8.470  1.217387  7.629246  0.2477374E-01  0.9615964E+00  2.1257255E-11  8.1152683E-05  2.2162490E-05  9.1296346E-03  1.7625051E-04  3.5462688E-07  5.2086739E-10  2.1084332E-03  1.7053625E-04  5.791E-12  1.031E-18  5.140E+10  2.436E+10  1.223E+01  2.631E+04  0.66510718  2.821E-05  6.177E-05  9.231E-01  0.000E+00  0.000E+00  1.077E+00  717    1.6214  9.41E-03 2.1422E+01 4.1679E+01    3.83E+02 0.00E+00 1.84E+02  0.664866  0.036240 3.83E+02 0.00E+00 1.84E+02  0.665107  0.036241  0.0000000E+00  0.0000000E+00  1.5067810E-06  1.9823205E-01  6.8096735E-02  1.2202591E-04 -1.1035971E-01  5.0431308E-02  1.0026177E-02 0.000 0.162 1.000 1.000 1.000 1.000 1.000 1.000 1.000 1.000 1.000 1.000 1.000 1.000 1.000 1.000 1.000 1.000 1.000 1.000 1.000 1.000 1.000 1.000 1.000 1.000 1.000 1.000 1.000 1.000 1.000 1.000 1.000 1.000 1.000 1.000 1.000 1.000 1.000 1.000  8.1226324295E-02   0.03441   1.00000   0.00000   0.00000   0.2459739E-02
  3879  2.495908453854018E+07   9.974614  4.140078  4.316868  0.7054073E+00  0.2804325E+00  2.7173166E-05  1.2506892E-03  1.0235991E-04  2.7585437E-03  5.7835815E-03  8.5621068E-06  8.4833483E-06  2.1084332E-03  1.7053625E-04  0.1602    4.316868  -8.469  1.220326  7.630220  0.2388642E-01  0.9624838E+00  1.9551760E-11  8.1394886E-05  2.2230145E-05  9.1297194E-03  1.7574983E-04  3.5203431E-07  5.1912855E-10  2.1084332E-03  1.7053625E-04  5.791E-12  1.031E-18  5.189E+10  2.413E+10  1.235E+01  2.607E+04  0.66546887  2.824E-05  6.197E-05  9.230E-01  0.000E+00  0.000E+00  1.078E+00  721    1.6214  9.41E-03 2.1413E+01 4.1667E+01    3.83E+02 0.00E+00 1.84E+02  0.665336  0.036286 3.83E+02 0.00E+00 1.84E+02  0.665469  0.036286  0.0000000E+00  0.0000000E+00  1.5132768E-06  1.9790388E-01  6.8087119E-02  1.2220862E-04 -1.1048246E-01  5.0482360E-02  1.0046439E-02 0.000 0.162 1.000 1.000 1.000 1.000 1.000 1.000 1.000 1.000 1.000 1.000 1.000 1.000 1.000 1.000 1.000 1.000 1.000 1.000 1.000 1.000 1.000 1.000 1.000 1.000 1.000 1.000 1.000 1.000 1.000 1.000 1.000 1.000 1.000 1.000 1.000 1.000 1.000 1.000  8.1220280497E-02   0.03319   1.00000   0.00000   0.00000   0.2456204E-02
  3883  2.497042855610092E+07   9.974575  4.140582  4.317099  0.7053714E+00  0.2804683E+00  2.7160234E-05  1.2498336E-03  1.0235226E-04  2.7603197E-03  5.7827042E-03  8.5648607E-06  8.4788818E-06  2.1084332E-03  1.7053625E-04  0.1598    4.317099  -8.467  1.223266  7.631196  0.2302332E-01  0.9633470E+00  1.7902336E-11  8.1666152E-05  2.2306584E-05  9.1297139E-03  1.7530315E-04  3.4907916E-07  5.1750370E-10  2.1084332E-03  1.7053625E-04  5.153E-12  8.927E-19  5.237E+10  2.389E+10  1.246E+01  2.581E+04  0.66612512  2.829E-05  6.217E-05  9.228E-01  0.000E+00  0.000E+00  1.078E+00  720    1.6214  9.41E-03 2.1404E+01 4.1657E+01    3.83E+02 0.00E+00 1.84E+02  0.665857  0.036327 3.83E+02 0.00E+00 1.84E+02  0.666125  0.036327  0.0000000E+00  0.0000000E+00  1.5194402E-06  1.9755895E-01  6.8077896E-02  1.2240212E-04 -1.1060872E-01  5.0535048E-02  1.0067025E-02 0.000 0.162 1.000 1.000 1.000 1.000 1.000 1.000 1.000 1.000 1.000 1.000 1.000 1.000 1.000 1.000 1.000 1.000 1.000 1.000 1.000 1.000 1.000 1.000 1.000 1.000 1.000 1.000 1.000 1.000 1.000 1.000 1.000 1.000 1.000 1.000 1.000 1.000 1.000 1.000  8.1214212870E-02   0.03199   1.00000   0.00000   0.00000   0.2453213E-02
  3887  2.498177257366166E+07   9.974537  4.141105  4.317346  0.7053360E+00  0.2805037E+00  2.7147496E-05  1.2489912E-03  1.0234467E-04  2.7620692E-03  5.7818394E-03  8.5675706E-06  8.4744833E-06  2.1084332E-03  1.7053625E-04  0.1594    4.317346  -8.466  1.226286  7.632197  0.2216986E-01  0.9642006E+00  1.6342808E-11  8.1946308E-05  2.2385557E-05  9.1296785E-03  1.7487594E-04  3.4591259E-07  5.1568189E-10  2.1084332E-03  1.7053625E-04  5.153E-12  8.927E-19  5.288E+10  2.369E+10  1.259E+01  2.558E+04  0.66653512  2.834E-05  6.237E-05  9.227E-01  0.000E+00  0.000E+00  1.078E+00  720    1.6214  9.41E-03 2.1396E+01 4.1646E+01    3.83E+02 0.00E+00 1.84E+02  0.666198  0.036370 3.83E+02 0.00E+00 1.85E+02  0.666535  0.036371  0.0000000E+00  0.0000000E+00  1.5252115E-06  1.9719260E-01  6.8067567E-02  1.2260691E-04 -1.1074163E-01  5.0590786E-02  1.0088201E-02 0.000 0.162 1.000 1.000 1.000 1.000 1.000 1.000 1.000 1.000 1.000 1.000 1.000 1.000 1.000 1.000 1.000 1.000 1.000 1.000 1.000 1.000 1.000 1.000 1.000 1.000 1.000 1.000 1.000 1.000 1.000 1.000 1.000 1.000 1.000 1.000 1.000 1.000 1.000 1.000  8.1208120157E-02   0.03081   1.00000   0.00000   0.00000   0.2450312E-02
  3891  2.499311659122239E+07   9.974498  4.141643  4.317596  0.7053065E+00  0.2805332E+00  2.7136924E-05  1.2482924E-03  1.0233833E-04  2.7635212E-03  5.7811213E-03  8.5698175E-06  8.4708338E-06  2.1084332E-03  1.7053625E-04  0.1591    4.317596  -8.464  1.229298  7.633205  0.2128354E-01  0.9650870E+00  1.4025184E-11  8.2366559E-05  2.2496330E-05  9.1295083E-03  1.7437848E-04  3.4100573E-07  5.1428611E-10  2.1084332E-03  1.7053625E-04  4.309E-12  7.223E-19  5.346E+10  2.381E+10  1.272E+01  2.571E+04  0.66706783  2.839E-05  6.259E-05  9.225E-01  0.000E+00  0.000E+00  1.078E+00  720    1.6129  9.41E-03 2.1388E+01 4.1635E+01    3.83E+02 0.00E+00 1.85E+02  0.666874  0.036414 3.83E+02 0.00E+00 1.85E+02  0.667068  0.036415  0.0000000E+00  0.0000000E+00  1.5322229E-06  1.9681260E-01  6.8059962E-02  1.2282880E-04 -1.1087853E-01  5.0648373E-02  1.0109514E-02 0.000 0.160 1.000 1.000 1.000 1.000 1.000 1.000 1.000 1.000 1.000 1.000 1.000 1.000 1.000 1.000 1.000 1.000 1.000 1.000 1.000 1.000 1.000 1.000 1.000 1.000 1.000 1.000 1.000 1.000 1.000 1.000 1.000 1.000 1.000 1.000 1.000 1.000 1.000 1.000  8.1202001280E-02   0.02964   1.00000   0.00000   0.00000   0.2446941E-02
  3894  2.500162460439294E+07   9.974468  4.142127  4.317808  0.7052744E+00  0.2805652E+00  2.7125421E-05  1.2475324E-03  1.0233139E-04  2.7651012E-03  5.7803394E-03  8.5722600E-06  8.4668636E-06  2.1084332E-03  1.7053625E-04  0.1588    4.317808  -8.463  1.232450  7.634158  0.2057576E-01  0.9657949E+00  1.3256234E-11  8.2582314E-05  2.2561029E-05  9.1295980E-03  1.7391173E-04  3.3769824E-07  5.1084217E-10  2.1084332E-03  1.7053625E-04  4.309E-12  7.223E-19  5.394E+10  2.318E+10  1.284E+01  2.504E+04  0.66748936  2.843E-05  6.284E-05  9.224E-01  0.000E+00  0.000E+00  1.078E+00  720    1.6129  9.41E-03 2.1378E+01 4.1627E+01    3.83E+02 0.00E+00 1.85E+02  0.667177  0.036456 3.83E+02 0.00E+00 1.85E+02  0.667489  0.036455  0.0000000E+00  0.0000000E+00  1.5378048E-06  1.9647243E-01  6.8052940E-02  1.2303048E-04 -1.1100753E-01  5.0703501E-02  1.0127997E-02 0.000 0.160 1.000 1.000 1.000 1.000 1.000 1.000 1.000 1.000 1.000 1.000 1.000 1.000 1.000 1.000 1.000 1.000 1.000 1.000 1.000 1.000 1.000 1.000 1.000 1.000 1.000 1.000 1.000 1.000 1.000 1.000 1.000 1.000 1.000 1.000 1.000 1.000 1.000 1.000  8.1197394629E-02   0.02856   1.00000   0.00000   0.00000   0.2443825E-02
  3897  2.501013261756349E+07   9.974439  4.142616  4.318061  0.7052484E+00  0.2805912E+00  2.7116115E-05  1.2469177E-03  1.0232575E-04  2.7663797E-03  5.7797064E-03  8.5742346E-06  8.4636521E-06  2.1084332E-03  1.7053625E-04  0.1585    4.318061  -8.461  1.235184  7.635057  0.1989077E-01  0.9664800E+00  1.2176532E-11  8.2826219E-05  2.2628313E-05  9.1296123E-03  1.7348986E-04  3.3509069E-07  5.0929110E-10  2.1084332E-03  1.7053625E-04  4.309E-12  7.223E-19  5.448E+10  2.311E+10  1.297E+01  2.495E+04  0.66804911  2.848E-05  6.302E-05  9.223E-01  0.000E+00  0.000E+00  1.078E+00  719    1.6129  9.41E-03 2.1374E+01 4.1619E+01    3.84E+02 0.00E+00 1.85E+02  0.667616  0.036496 3.84E+02 0.00E+00 1.85E+02  0.668049  0.036496  0.0000000E+00  0.0000000E+00  1.5436245E-06  1.9609504E-01  6.8044270E-02  1.2325355E-04 -1.1113919E-01  5.0759795E-02  1.0146872E-02 0.000 0.160 1.000 1.000 1.000 1.000 1.000 1.000 1.000 1.000 1.000 1.000 1.000 1.000 1.000 1.000 1.000 1.000 1.000 1.000 1.000 1.000 1.000 1.000 1.000 1.000 1.000 1.000 1.000 1.000 1.000 1.000 1.000 1.000 1.000 1.000 1.000 1.000 1.000 1.000  8.1192768621E-02   0.02764   1.00000   0.00000   0.00000   0.2441211E-02
  3900  2.501864063073405E+07   9.974410  4.143046  4.318318  0.7052254E+00  0.2806142E+00  2.7107892E-05  1.2463747E-03  1.0232074E-04  2.7675094E-03  5.7791469E-03  8.5759781E-06  8.4608149E-06  2.1084332E-03  1.7053625E-04  0.1582    4.318318  -8.460  1.237912  7.635960  0.1922756E-01  0.9671433E+00  1.1297114E-11  8.3065203E-05  2.2695926E-05  9.1295924E-03  1.7311293E-04  3.3274601E-07  5.0783594E-10  2.1084332E-03  1.7053625E-04  4.309E-12  7.223E-19  5.504E+10  2.314E+10  1.310E+01  2.499E+04  0.66853563  2.854E-05  6.324E-05  9.221E-01  0.000E+00  0.000E+00  1.078E+00  719    1.6129  9.41E-03 2.1363E+01 4.1611E+01    3.84E+02 0.00E+00 1.85E+02  0.668141  0.036532 3.84E+02 0.00E+00 1.85E+02  0.668536  0.036532  0.0000000E+00  0.0000000E+00  1.5492440E-06  1.9569441E-01  6.8039086E-02  1.2349175E-04 -1.1127540E-01  5.0818182E-02  1.0166197E-02 0.000 0.160 1.000 1.000 1.000 1.000 1.000 1.000 1.000 1.000 1.000 1.000 1.000 1.000 1.000 1.000 1.000 1.000 1.000 1.000 1.000 1.000 1.000 1.000 1.000 1.000 1.000 1.000 1.000 1.000 1.000 1.000 1.000 1.000 1.000 1.000 1.000 1.000 1.000 1.000  8.1188126497E-02   0.02670   1.00000   0.00000   0.00000   0.2438612E-02
  3903  2.502714864390460E+07   9.974380  4.143482  4.318606  0.7051944E+00  0.2806453E+00  2.7096823E-05  1.2456440E-03  1.0231396E-04  2.7690302E-03  5.7783932E-03  8.5783233E-06  8.4569961E-06  2.1084332E-03  1.7053625E-04  0.1579    4.318606  -8.459  1.240708  7.636882  0.1856888E-01  0.9678021E+00  1.0326657E-11  8.3334489E-05  2.2771116E-05  9.1295220E-03  1.7274447E-04  3.3002047E-07  5.0649041E-10  2.1084332E-03  1.7053625E-04  3.469E-12  5.611E-19  5.561E+10  2.310E+10  1.323E+01  2.495E+04  0.66900150  2.859E-05  6.343E-05  9.220E-01  0.000E+00  0.000E+00  1.079E+00  719    1.6129  9.41E-03 2.1361E+01 4.1605E+01    3.84E+02 0.00E+00 1.86E+02  0.668439  0.036567 3.84E+02 0.00E+00 1.86E+02  0.669002  0.036568  0.0000000E+00  0.0000000E+00  1.5538907E-06  1.9527558E-01  6.8029998E-02  1.2373967E-04 -1.1141706E-01  5.0879089E-02  1.0186023E-02 0.000 0.160 1.000 1.000 1.000 1.000 1.000 1.000 1.000 1.000 1.000 1.000 1.000 1.000 1.000 1.000 1.000 1.000 1.000 1.000 1.000 1.000 1.000 1.000 1.000 1.000 1.000 1.000 1.000 1.000 1.000 1.000 1.000 1.000 1.000 1.000 1.000 1.000 1.000 1.000  8.1183468731E-02   0.02580   1.00000   0.00000   0.00000   0.2436899E-02
  3906  2.503565665707515E+07   9.974350  4.143917  4.318884  0.7051710E+00  0.2806686E+00  2.7088497E-05  1.2450947E-03  1.0230884E-04  2.7701741E-03  5.7778260E-03  8.5800859E-06  8.4541244E-06  2.1084332E-03  1.7053625E-04  0.1576    4.318884  -8.457  1.243549  7.637820  0.1792493E-01  0.9684461E+00  9.5545687E-12  8.3584726E-05  2.2842037E-05  9.1294524E-03  1.7240539E-04  3.2761024E-07  5.0500195E-10  2.1084332E-03  1.7053625E-04  3.469E-12  5.611E-19  5.621E+10  2.319E+10  1.338E+01  2.504E+04  0.66932382  2.864E-05  6.366E-05  9.219E-01  0.000E+00  0.000E+00  1.079E+00  720    1.6044  9.41E-03 2.1351E+01 4.1597E+01    3.84E+02 0.00E+00 1.86E+02  0.669093  0.036604 3.84E+02 0.00E+00 1.86E+02  0.669324  0.036604  0.0000000E+00  0.0000000E+00  1.5600573E-06  1.9484078E-01  6.8026694E-02  1.2400724E-04 -1.1156387E-01  5.0942320E-02  1.0206274E-02 0.000 0.160 1.000 1.000 1.000 1.000 1.000 1.000 1.000 1.000 1.000 1.000 1.000 1.000 1.000 1.000 1.000 1.000 1.000 1.000 1.000 1.000 1.000 1.000 1.000 1.000 1.000 1.000 1.000 1.000 1.000 1.000 1.000 1.000 1.000 1.000 1.000 1.000 1.000 1.000  8.1178793987E-02   0.02489   1.00000   0.00000   0.00000   0.2434229E-02
  3909  2.504416467024570E+07   9.974321  4.144339  4.319179  0.7051425E+00  0.2806971E+00  2.7078384E-05  1.2444275E-03  1.0230259E-04  2.7715638E-03  5.7771367E-03  8.5822254E-06  8.4506367E-06  2.1084332E-03  1.7053625E-04  0.1576    4.319179  -8.456  1.246625  7.638791  0.1730865E-01  0.9690625E+00  8.9292012E-12  8.3806428E-05  2.2905094E-05  9.1293743E-03  1.7212308E-04  3.2589902E-07  5.0380451E-10  2.1084332E-03  1.7053625E-04  3.469E-12  5.611E-19  5.684E+10  2.314E+10  1.353E+01  2.499E+04  0.66988892  2.871E-05  6.387E-05  9.218E-01  0.000E+00  0.000E+00  1.079E+00  720    1.6044  9.41E-03 2.1348E+01 4.1589E+01    3.84E+02 0.00E+00 1.86E+02  0.669525  0.036634 3.84E+02 0.00E+00 1.86E+02  0.669889  0.036639  0.0000000E+00  0.0000000E+00  1.5646102E-06  1.9439144E-01  6.8016493E-02  1.2427453E-04 -1.1171626E-01  5.1008235E-02  1.0226931E-02 0.000 0.160 1.000 1.000 1.000 1.000 1.000 1.000 1.000 1.000 1.000 1.000 1.000 1.000 1.000 1.000 1.000 1.000 1.000 1.000 1.000 1.000 1.000 1.000 1.000 1.000 1.000 1.000 1.000 1.000 1.000 1.000 1.000 1.000 1.000 1.000 1.000 1.000 1.000 1.000  8.1174104464E-02   0.02402   1.00000   0.00000   0.00000   0.2432207E-02
  3912  2.505267268341625E+07   9.974291  4.144878  4.319502  0.7051178E+00  0.2807218E+00  2.7069588E-05  1.2438476E-03  1.0229714E-04  2.7727724E-03  5.7765370E-03  8.5840848E-06  8.4476040E-06  2.1084332E-03  1.7053625E-04  0.1572    4.319502  -8.455  1.249898  7.639846  0.1659287E-01  0.9697784E+00  7.6074006E-12  8.4256890E-05  2.3026511E-05  9.1291500E-03  1.7163451E-04  3.2049513E-07  5.0163991E-10  2.1084332E-03  1.7053625E-04  2.990E-12  4.651E-19  5.754E+10  2.315E+10  1.369E+01  2.500E+04  0.67048266  2.878E-05  6.415E-05  9.216E-01  0.000E+00  0.000E+00  1.079E+00  718    1.5959  9.41E-03 2.1339E+01 4.1583E+01    3.84E+02 0.00E+00 1.86E+02  0.670181  0.036682 3.84E+02 0.00E+00 1.86E+02  0.670483  0.036684  0.0000000E+00  0.0000000E+00  1.5719845E-06  1.9390289E-01  6.8012021E-02  1.2458029E-04 -1.1188525E-01  5.1081677E-02  1.0248791E-02 0.000 0.158 1.000 1.000 1.000 1.000 1.000 1.000 1.000 1.000 1.000 1.000 1.000 1.000 1.000 1.000 1.000 1.000 1.000 1.000 1.000 1.000 1.000 1.000 1.000 1.000 1.000 1.000 1.000 1.000 1.000 1.000 1.000 1.000 1.000 1.000 1.000 1.000 1.000 1.000  8.1169396003E-02   0.02304   1.00000   0.00000   0.00000   0.2429207E-02
  3915  2.506118069658680E+07   9.974261  4.145453  4.319885  0.7050880E+00  0.2807516E+00  2.7059020E-05  1.2431509E-03  1.0229055E-04  2.7742248E-03  5.7758159E-03  8.5863171E-06  8.4439606E-06  2.1084332E-03  1.7053625E-04  0.1568    4.319885  -8.453  1.253381  7.640976  0.1589201E-01  0.9704794E+00  6.8638621E-12  8.4573999E-05  2.3114661E-05  9.1290939E-03  1.7117051E-04  3.1707669E-07  4.9937719E-10  2.1084332E-03  1.7053625E-04  2.990E-12  4.651E-19  5.834E+10  2.334E+10  1.389E+01  2.520E+04  0.67113165  2.886E-05  6.441E-05  9.214E-01  0.000E+00  0.000E+00  1.079E+00  725    1.5959  9.41E-03 2.1336E+01 4.1576E+01    3.85E+02 0.00E+00 1.87E+02  0.670603  0.036732 3.85E+02 0.00E+00 1.87E+02  0.671132  0.036732  0.0000000E+00  0.0000000E+00  1.5787322E-06  1.9334404E-01  6.8003660E-02  1.2492949E-04 -1.1207376E-01  5.1163860E-02  1.0272826E-02 0.000 0.158 1.000 1.000 1.000 1.000 1.000 1.000 1.000 1.000 1.000 1.000 1.000 1.000 1.000 1.000 1.000 1.000 1.000 1.000 1.000 1.000 1.000 1.000 1.000 1.000 1.000 1.000 1.000 1.000 1.000 1.000 1.000 1.000 1.000 1.000 1.000 1.000 1.000 1.000  8.1164666698E-02   0.02209   1.00000   0.00000   0.00000   0.2426685E-02
  3918  2.506968870975735E+07   9.974231  4.145967  4.320281  0.7050629E+00  0.2807766E+00  2.7050167E-05  1.2425675E-03  1.0228500E-04  2.7754416E-03  5.7752115E-03  8.5881859E-06  8.4409089E-06  2.1084332E-03  1.7053625E-04  0.1565    4.320281  -8.451  1.256857  7.642119  0.1522219E-01  0.9711493E+00  6.2383331E-12  8.4872845E-05  2.3198709E-05  9.1290101E-03  1.7076685E-04  3.1448378E-07  4.9777999E-10  2.1084332E-03  1.7053625E-04  2.990E-12  4.651E-19  5.919E+10  2.362E+10  1.409E+01  2.551E+04  0.67163052  2.894E-05  6.471E-05  9.213E-01  0.000E+00  0.000E+00  1.079E+00  720    1.5959  9.41E-03 2.1325E+01 4.1568E+01    3.85E+02 0.00E+00 1.87E+02  0.671250  0.036776 3.85E+02 0.00E+00 1.87E+02  0.671631  0.036775  0.0000000E+00  0.0000000E+00  1.5855244E-06  1.9274672E-01  6.7997995E-02  1.2530126E-04 -1.1227043E-01  5.1249779E-02  1.0297716E-02 0.000 0.158 1.000 1.000 1.000 1.000 1.000 1.000 1.000 1.000 1.000 1.000 1.000 1.000 1.000 1.000 1.000 1.000 1.000 1.000 1.000 1.000 1.000 1.000 1.000 1.000 1.000 1.000 1.000 1.000 1.000 1.000 1.000 1.000 1.000 1.000 1.000 1.000 1.000 1.000  8.1159917339E-02   0.02113   1.00000   0.00000   0.00000   0.2424182E-02
  3921  2.507819672292791E+07   9.974201  4.146477  4.320709  0.7050393E+00  0.2808002E+00  2.7041829E-05  1.2420183E-03  1.0227975E-04  2.7765875E-03  5.7746420E-03  8.5899446E-06  8.4380354E-06  2.1084332E-03  1.7053625E-04  0.1562    4.320709  -8.450  1.260435  7.643294  0.1455979E-01  0.9718118E+00  5.5829581E-12  8.5208367E-05  2.3292211E-05  9.1288641E-03  1.7037413E-04  3.1154783E-07  4.9635914E-10  2.1084332E-03  1.7053625E-04  2.320E-12  3.442E-19  6.008E+10  2.388E+10  1.430E+01  2.579E+04  0.67239522  2.904E-05  6.497E-05  9.210E-01  0.000E+00  0.000E+00  1.080E+00  723    1.5959  9.41E-03 2.1323E+01 4.1563E+01    3.85E+02 0.00E+00 1.87E+02  0.671820  0.036817 3.85E+02 0.00E+00 1.87E+02  0.672395  0.036818  0.0000000E+00  0.0000000E+00  1.5916921E-06  1.9211756E-01  6.7989341E-02  1.2569609E-04 -1.1247657E-01  5.1340044E-02  1.0323481E-02 0.000 0.158 1.000 1.000 1.000 1.000 1.000 1.000 1.000 1.000 1.000 1.000 1.000 1.000 1.000 1.000 1.000 1.000 1.000 1.000 1.000 1.000 1.000 1.000 1.000 1.000 1.000 1.000 1.000 1.000 1.000 1.000 1.000 1.000 1.000 1.000 1.000 1.000 1.000 1.000  8.1155148971E-02   0.02023   1.00000   0.00000   0.00000   0.2422316E-02
  3924  2.508670473609846E+07   9.974170  4.146984  4.321154  0.7050067E+00  0.2808329E+00  2.7030302E-05  1.2412592E-03  1.0227246E-04  2.7781719E-03  5.7738542E-03  8.5923738E-06  8.4340636E-06  2.1084332E-03  1.7053625E-04  0.1559    4.321154  -8.448  1.264090  7.644494  0.1391349E-01  0.9724582E+00  5.0384637E-12  8.5536223E-05  2.3384614E-05  9.1287029E-03  1.7001005E-04  3.0877560E-07  4.9482465E-10  2.1084332E-03  1.7053625E-04  2.320E-12  3.442E-19  6.100E+10  2.425E+10  1.452E+01  2.618E+04  0.67298128  2.913E-05  6.529E-05  9.209E-01  0.000E+00  0.000E+00  1.080E+00  723    1.5959  9.41E-03 2.1312E+01 4.1556E+01    3.85E+02 0.00E+00 1.88E+02  0.672348  0.036861 3.86E+02 0.00E+00 1.88E+02  0.672981  0.036860  0.0000000E+00  0.0000000E+00  1.5979352E-06  1.9146329E-01  6.7985827E-02  1.2611579E-04 -1.1269092E-01  5.1434061E-02  1.0349964E-02 0.000 0.158 1.000 1.000 1.000 1.000 1.000 1.000 1.000 1.000 1.000 1.000 1.000 1.000 1.000 1.000 1.000 1.000 1.000 1.000 1.000 1.000 1.000 1.000 1.000 1.000 1.000 1.000 1.000 1.000 1.000 1.000 1.000 1.000 1.000 1.000 1.000 1.000 1.000 1.000  8.1150361160E-02   0.01932   1.00000   0.00000   0.00000   0.2420510E-02
  3926  2.509237674487882E+07   9.974150  4.147336  4.321460  0.7049896E+00  0.2808499E+00  2.7024287E-05  1.2408632E-03  1.0226864E-04  2.7789988E-03  5.7734429E-03  8.5936408E-06  8.4319911E-06  2.1084332E-03  1.7053625E-04  0.1557    4.321460  -8.447  1.266608  7.645314  0.1343201E-01  0.9729398E+00  4.3210224E-12  8.5934761E-05  2.3488320E-05  9.1284336E-03  1.6966256E-04  3.0489132E-07  4.9402880E-10  2.1084332E-03  1.7053625E-04  2.320E-12  3.442E-19  6.164E+10  2.445E+10  1.467E+01  2.640E+04  0.67343090  2.920E-05  6.551E-05  9.208E-01  0.000E+00  0.000E+00  1.080E+00  725    1.5789  9.41E-03 2.1308E+01 4.1551E+01    3.86E+02 0.00E+00 1.88E+02  0.672850  0.036891 3.86E+02 0.00E+00 1.88E+02  0.673431  0.036890  0.0000000E+00  0.0000000E+00  1.6027576E-06  1.9101041E-01  6.7981319E-02  1.2640621E-04 -1.1284091E-01  5.1499955E-02  1.0368114E-02 0.000 0.157 1.000 1.000 1.000 1.000 1.000 1.000 1.000 1.000 1.000 1.000 1.000 1.000 1.000 1.000 1.000 1.000 1.000 1.000 1.000 1.000 1.000 1.000 1.000 1.000 1.000 1.000 1.000 1.000 1.000 1.000 1.000 1.000 1.000 1.000 1.000 1.000 1.000 1.000  8.1147158368E-02   0.01872   1.00000   0.00000   0.00000   0.2419466E-02
  3928  2.509804875365919E+07   9.974130  4.147826  4.321814  0.7049713E+00  0.2808682E+00  2.7017838E-05  1.2404388E-03  1.0226453E-04  2.7798853E-03  5.7730019E-03  8.5949985E-06  8.4297695E-06  2.1084332E-03  1.7053625E-04  0.1556    4.321814  -8.446  1.270041  7.646353  0.1294417E-01  0.9734278E+00  4.0266369E-12  8.6190873E-05  2.3563489E-05  9.1283741E-03  1.6929926E-04  3.0209242E-07  4.9143189E-10  2.1084332E-03  1.7053625E-04  2.320E-12  3.442E-19  6.250E+10  2.469E+10  1.488E+01  2.666E+04  0.67393653  2.927E-05  6.580E-05  9.206E-01  0.000E+00  0.000E+00  1.080E+00  721    1.5789  9.41E-03 2.1303E+01 4.1546E+01    3.86E+02 0.00E+00 1.88E+02  0.673292  0.036932 3.86E+02 0.00E+00 1.88E+02  0.673937  0.036931  0.0000000E+00  0.0000000E+00  1.6086540E-06  1.9048564E-01  6.7976972E-02  1.2675390E-04 -1.1302201E-01  5.1580212E-02  1.0388794E-02 0.000 0.157 1.000 1.000 1.000 1.000 1.000 1.000 1.000 1.000 1.000 1.000 1.000 1.000 1.000 1.000 1.000 1.000 1.000 1.000 1.000 1.000 1.000 1.000 1.000 1.000 1.000 1.000 1.000 1.000 1.000 1.000 1.000 1.000 1.000 1.000 1.000 1.000 1.000 1.000  8.1143944965E-02   0.01799   1.00000   0.00000   0.00000   0.2416794E-02
  3930  2.510372076243956E+07   9.974109  4.148300  4.322194  0.7049532E+00  0.2808863E+00  2.7011478E-05  1.2400203E-03  1.0226047E-04  2.7807596E-03  5.7725667E-03  8.5963366E-06  8.4275790E-06  2.1084332E-03  1.7053625E-04  0.1554    4.322194  -8.444  1.273078  7.647338  0.1247670E-01  0.9738953E+00  3.7309707E-12  8.6425129E-05  2.3629050E-05  9.1283172E-03  1.6897307E-04  3.0010789E-07  4.8990953E-10  2.1084332E-03  1.7053625E-04  2.320E-12  3.442E-19  6.336E+10  2.511E+10  1.508E+01  2.712E+04  0.67452235  2.936E-05  6.606E-05  9.204E-01  0.000E+00  0.000E+00  1.080E+00  730    1.5789  9.41E-03 2.1299E+01 4.1542E+01    3.86E+02 0.00E+00 1.88E+02  0.673789  0.036973 3.86E+02 0.00E+00 1.89E+02  0.674522  0.036971  0.0000000E+00  0.0000000E+00  1.6147147E-06  1.8993135E-01  6.7972200E-02  1.2711666E-04 -1.1320583E-01  5.1661488E-02  1.0410135E-02 0.000 0.157 1.000 1.000 1.000 1.000 1.000 1.000 1.000 1.000 1.000 1.000 1.000 1.000 1.000 1.000 1.000 1.000 1.000 1.000 1.000 1.000 1.000 1.000 1.000 1.000 1.000 1.000 1.000 1.000 1.000 1.000 1.000 1.000 1.000 1.000 1.000 1.000 1.000 1.000  8.1140718816E-02   0.01732   1.00000   0.00000   0.00000   0.2414864E-02
  3932  2.510939277121993E+07   9.974089  4.148713  4.322594  0.7049310E+00  0.2809085E+00  2.7003703E-05  1.2395088E-03  1.0225548E-04  2.7818286E-03  5.7720345E-03  8.5979716E-06  8.4249012E-06  2.1084332E-03  1.7053625E-04  0.1551    4.322594  -8.443  1.276045  7.648310  0.1202663E-01  0.9743455E+00  3.4294735E-12  8.6681729E-05  2.3700153E-05  9.1282004E-03  1.6867871E-04  2.9824825E-07  4.8901832E-10  2.1084332E-03  1.7053625E-04  1.833E-12  2.578E-19  6.422E+10  2.554E+10  1.528E+01  2.759E+04  0.67509772  2.945E-05  6.631E-05  9.203E-01  0.000E+00  0.000E+00  1.080E+00  731    1.5789  9.41E-03 2.1295E+01 4.1540E+01    3.86E+02 0.00E+00 1.89E+02  0.674188  0.037008 3.87E+02 0.00E+00 1.89E+02  0.675098  0.037006  0.0000000E+00  0.0000000E+00  1.6195772E-06  1.8935779E-01  6.7967738E-02  1.2749225E-04 -1.1339229E-01  5.1743993E-02  1.0431827E-02 0.000 0.157 1.000 1.000 1.000 1.000 1.000 1.000 1.000 1.000 1.000 1.000 1.000 1.000 1.000 1.000 1.000 1.000 1.000 1.000 1.000 1.000 1.000 1.000 1.000 1.000 1.000 1.000 1.000 1.000 1.000 1.000 1.000 1.000 1.000 1.000 1.000 1.000 1.000 1.000  8.1137481977E-02   0.01670   1.00000   0.00000   0.00000   0.2413721E-02
  3934  2.511506478000030E+07   9.974068  4.149105  4.322998  0.7049116E+00  0.2809278E+00  2.6996898E-05  1.2390612E-03  1.0225111E-04  2.7827642E-03  5.7715685E-03  8.5994019E-06  8.4225576E-06  2.1084332E-03  1.7053625E-04  0.1549    4.322998  -8.442  1.279073  7.649301  0.1158208E-01  0.9747901E+00  3.1373447E-12  8.6956988E-05  2.3777160E-05  9.1280487E-03  1.6839238E-04  2.9616855E-07  4.8801987E-10  2.1084332E-03  1.7053625E-04  1.833E-12  2.578E-19  6.509E+10  2.599E+10  1.549E+01  2.807E+04  0.67555393  2.953E-05  6.657E-05  9.201E-01  0.000E+00  0.000E+00  1.081E+00  732    1.5789  9.41E-03 2.1290E+01 4.1536E+01    3.87E+02 0.00E+00 1.89E+02  0.674752  0.037040 3.87E+02 0.00E+00 1.89E+02  0.675554  0.037039  0.0000000E+00  0.0000000E+00  1.6247628E-06  1.8876841E-01  6.7964068E-02  1.2788277E-04 -1.1358395E-01  5.1828874E-02  1.0453987E-02 0.000 0.157 1.000 1.000 1.000 1.000 1.000 1.000 1.000 1.000 1.000 1.000 1.000 1.000 1.000 1.000 1.000 1.000 1.000 1.000 1.000 1.000 1.000 1.000 1.000 1.000 1.000 1.000 1.000 1.000 1.000 1.000 1.000 1.000 1.000 1.000 1.000 1.000 1.000 1.000  8.1134234996E-02   0.01608   1.00000   0.00000   0.00000   0.2412474E-02
  3936  2.512073678878066E+07   9.974048  4.149507  4.323414  0.7048963E+00  0.2809432E+00  2.6991530E-05  1.2387083E-03  1.0224764E-04  2.7835023E-03  5.7712008E-03  8.6005296E-06  8.4207093E-06  2.1084332E-03  1.7053625E-04  0.1547    4.323414  -8.440  1.282196  7.650319  0.1114267E-01  0.9752296E+00  2.8636172E-12  8.7237645E-05  2.3855757E-05  9.1278830E-03  1.6811286E-04  2.9403016E-07  4.8693365E-10  2.1084332E-03  1.7053625E-04  1.833E-12  2.578E-19  6.600E+10  2.648E+10  1.571E+01  2.859E+04  0.67609938  2.963E-05  6.685E-05  9.200E-01  0.000E+00  0.000E+00  1.081E+00  732    1.5789  9.41E-03 2.1285E+01 4.1531E+01    3.87E+02 0.00E+00 1.89E+02  0.675333  0.037074 3.87E+02 0.00E+00 1.90E+02  0.676099  0.037073  0.0000000E+00  0.0000000E+00  1.6301900E-06  1.8815993E-01  6.7959247E-02  1.2828583E-04 -1.1378288E-01  5.1917079E-02  1.0476768E-02 0.000 0.157 1.000 1.000 1.000 1.000 1.000 1.000 1.000 1.000 1.000 1.000 1.000 1.000 1.000 1.000 1.000 1.000 1.000 1.000 1.000 1.000 1.000 1.000 1.000 1.000 1.000 1.000 1.000 1.000 1.000 1.000 1.000 1.000 1.000 1.000 1.000 1.000 1.000 1.000  8.1130977831E-02   0.01547   1.00000   0.00000   0.00000   0.2411099E-02
  3938  2.512640879756103E+07   9.974027  4.149924  4.323851  0.7048803E+00  0.2809591E+00  2.6985931E-05  1.2383402E-03  1.0224402E-04  2.7842721E-03  5.7708171E-03  8.6017053E-06  8.4187816E-06  2.1084332E-03  1.7053625E-04  0.1545    4.323851  -8.439  1.285403  7.651364  0.1070811E-01  0.9756643E+00  2.6071229E-12  8.7526160E-05  2.3936497E-05  9.1277006E-03  1.6783929E-04  2.9185119E-07  4.8582584E-10  2.1084332E-03  1.7053625E-04  1.833E-12  2.578E-19  6.695E+10  2.701E+10  1.593E+01  2.917E+04  0.67679264  2.973E-05  6.713E-05  9.198E-01  0.000E+00  0.000E+00  1.081E+00  732    1.5789  9.41E-03 2.1281E+01 4.1527E+01    3.87E+02 0.00E+00 1.90E+02  0.675838  0.037109 3.87E+02 0.00E+00 1.90E+02  0.676793  0.037109  0.0000000E+00  0.0000000E+00  1.6355312E-06  1.8753090E-01  6.7954490E-02  1.2870598E-04 -1.1398919E-01  5.2008664E-02  1.0500207E-02 0.000 0.157 1.000 1.000 1.000 1.000 1.000 1.000 1.000 1.000 1.000 1.000 1.000 1.000 1.000 1.000 1.000 1.000 1.000 1.000 1.000 1.000 1.000 1.000 1.000 1.000 1.000 1.000 1.000 1.000 1.000 1.000 1.000 1.000 1.000 1.000 1.000 1.000 1.000 1.000  8.1127709883E-02   0.01487   1.00000   0.00000   0.00000   0.2409916E-02
  3940  2.513208080634140E+07   9.974007  4.150357  4.324308  0.7048617E+00  0.2809778E+00  2.6979418E-05  1.2379121E-03  1.0223980E-04  2.7851677E-03  5.7703707E-03  8.6030723E-06  8.4165395E-06  2.1084332E-03  1.7053625E-04  0.1543    4.324308  -8.438  1.288710  7.652440  0.1027818E-01  0.9760943E+00  2.3670521E-12  8.7822150E-05  2.4019313E-05  9.1275028E-03  1.6757093E-04  2.8964944E-07  4.8470766E-10  2.1084332E-03  1.7053625E-04  1.833E-12  2.578E-19  6.795E+10  2.759E+10  1.617E+01  2.979E+04  0.67729864  2.983E-05  6.742E-05  9.196E-01  0.000E+00  0.000E+00  1.081E+00  731    1.5789  9.41E-03 2.1276E+01 4.1523E+01    3.88E+02 0.00E+00 1.90E+02  0.676371  0.037146 3.88E+02 0.00E+00 1.90E+02  0.677299  0.037145  0.0000000E+00  0.0000000E+00  1.6410598E-06  1.8687874E-01  6.7951445E-02  1.2915056E-04 -1.1420391E-01  5.2104090E-02  1.0524388E-02 0.000 0.157 1.000 1.000 1.000 1.000 1.000 1.000 1.000 1.000 1.000 1.000 1.000 1.000 1.000 1.000 1.000 1.000 1.000 1.000 1.000 1.000 1.000 1.000 1.000 1.000 1.000 1.000 1.000 1.000 1.000 1.000 1.000 1.000 1.000 1.000 1.000 1.000 1.000 1.000  8.1124430459E-02   0.01427   1.00000   0.00000   0.00000   0.2408808E-02
  3942  2.513775281512177E+07   9.973986  4.150798  4.324774  0.7048489E+00  0.2809906E+00  2.6974935E-05  1.2376176E-03  1.0223688E-04  2.7857841E-03  5.7700633E-03  8.6040127E-06  8.4149965E-06  2.1084332E-03  1.7053625E-04  0.1541    4.324774  -8.436  1.292108  7.653546  0.9855039E-02  0.9765175E+00  2.1445308E-12  8.8123998E-05  2.4103654E-05  9.1272882E-03  1.6731200E-04  2.8748310E-07  4.8364743E-10  2.1084332E-03  1.7053625E-04  1.281E-12  1.683E-19  6.898E+10  2.822E+10  1.642E+01  3.048E+04  0.67793935  2.994E-05  6.772E-05  9.195E-01  0.000E+00  0.000E+00  1.081E+00  731    1.5789  9.41E-03 2.1273E+01 4.1521E+01    3.88E+02 0.00E+00 1.90E+02  0.677040  0.037183 3.88E+02 0.00E+00 1.91E+02  0.677939  0.037183  0.0000000E+00  0.0000000E+00  1.6472194E-06  1.8620321E-01  6.7947043E-02  1.2961070E-04 -1.1442693E-01  5.2203295E-02  1.0549304E-02 0.000 0.157 1.000 1.000 1.000 1.000 1.000 1.000 1.000 1.000 1.000 1.000 1.000 1.000 1.000 1.000 1.000 1.000 1.000 1.000 1.000 1.000 1.000 1.000 1.000 1.000 1.000 1.000 1.000 1.000 1.000 1.000 1.000 1.000 1.000 1.000 1.000 1.000 1.000 1.000  8.1121139575E-02   0.01369   1.00000   0.00000   0.00000   0.2407318E-02
  3944  2.514342482390213E+07   9.973965  4.151338  4.325286  0.7048363E+00  0.2810032E+00  2.6970535E-05  1.2373285E-03  1.0223401E-04  2.7863892E-03  5.7697615E-03  8.6049354E-06  8.4134820E-06  2.1084332E-03  1.7053625E-04  0.1539    4.325286  -8.435  1.296323  7.654832  0.9357177E-02  0.9770155E+00  1.8046250E-12  8.8614010E-05  2.4237345E-05  9.1269360E-03  1.6690072E-04  2.8313543E-07  4.8179136E-10  2.1084332E-03  1.7053625E-04  1.281E-12  1.683E-19  7.024E+10  2.891E+10  1.672E+01  3.123E+04  0.67861980  3.005E-05  6.812E-05  9.193E-01  0.000E+00  0.000E+00  1.082E+00  728    1.5704  9.41E-03 2.1268E+01 4.1517E+01    3.88E+02 0.00E+00 1.91E+02  0.677622  0.037225 3.88E+02 0.00E+00 1.91E+02  0.678620  0.037229  0.0000000E+00  0.0000000E+00  1.6535150E-06  1.8546876E-01  6.7943089E-02  1.3012493E-04 -1.1467975E-01  5.2316168E-02  1.0576547E-02 0.000 0.155 1.000 1.000 1.000 1.000 1.000 1.000 1.000 1.000 1.000 1.000 1.000 1.000 1.000 1.000 1.000 1.000 1.000 1.000 1.000 1.000 1.000 1.000 1.000 1.000 1.000 1.000 1.000 1.000 1.000 1.000 1.000 1.000 1.000 1.000 1.000 1.000 1.000 1.000  8.1117836247E-02   0.01305   1.00000   0.00000   0.00000   0.2405460E-02
  3946  2.514909683268250E+07   9.973944  4.151996  4.325862  0.7048213E+00  0.2810182E+00  2.6965306E-05  1.2369850E-03  1.0223060E-04  2.7871083E-03  5.7694027E-03  8.6060316E-06  8.4116823E-06  2.1084332E-03  1.7053625E-04  0.1537    4.325862  -8.433  1.300676  7.656210  0.8884921E-02  0.9774879E+00  1.5890141E-12  8.8961837E-05  2.4333436E-05  9.1267514E-03  1.6653233E-04  2.8041997E-07  4.7985680E-10  2.1084332E-03  1.7053625E-04  1.281E-12  1.683E-19  7.168E+10  2.982E+10  1.706E+01  3.221E+04  0.67943292  3.018E-05  6.853E-05  9.190E-01  0.000E+00  0.000E+00  1.082E+00  731    1.5704  9.41E-03 2.1264E+01 4.1514E+01    3.89E+02 0.00E+00 1.91E+02  0.678332  0.037287 3.89E+02 0.00E+00 1.92E+02  0.679433  0.037285  0.0000000E+00  0.0000000E+00  1.6626075E-06  1.8465108E-01  6.7939110E-02  1.3070268E-04 -1.1495992E-01  5.2441432E-02  1.0606360E-02 0.000 0.155 1.000 1.000 1.000 1.000 1.000 1.000 1.000 1.000 1.000 1.000 1.000 1.000 1.000 1.000 1.000 1.000 1.000 1.000 1.000 1.000 1.000 1.000 1.000 1.000 1.000 1.000 1.000 1.000 1.000 1.000 1.000 1.000 1.000 1.000 1.000 1.000 1.000 1.000  8.1114515991E-02   0.01233   1.00000   0.00000   0.00000   0.2403054E-02
  3947  2.515193283707269E+07   9.973934  4.152311  4.326171  0.7048116E+00  0.2810278E+00  2.6961932E-05  1.2367634E-03  1.0222839E-04  2.7875723E-03  5.7691712E-03  8.6067386E-06  8.4105212E-06  2.1084332E-03  1.7053625E-04  0.1535    4.326171  -8.432  1.302828  7.656902  0.8652151E-02  0.9777207E+00  1.4800548E-12  8.9153252E-05  2.4385810E-05  9.1266304E-03  1.6635216E-04  2.7907645E-07  4.7922961E-10  2.1084332E-03  1.7053625E-04  1.281E-12  1.683E-19  7.241E+10  3.029E+10  1.723E+01  3.271E+04  0.67983683  3.025E-05  6.871E-05  9.189E-01  0.000E+00  0.000E+00  1.082E+00  731    1.5704  9.41E-03 2.1266E+01 4.1513E+01    3.89E+02 0.00E+00 1.91E+02  0.678636  0.037312 3.89E+02 0.00E+00 1.92E+02  0.679837  0.037312  0.0000000E+00  0.0000000E+00  1.6663726E-06  1.8422285E-01  6.7935778E-02  1.3100667E-04 -1.1510428E-01  5.2505980E-02  1.0621770E-02 0.000 0.155 1.000 1.000 1.000 1.000 1.000 1.000 1.000 1.000 1.000 1.000 1.000 1.000 1.000 1.000 1.000 1.000 1.000 1.000 1.000 1.000 1.000 1.000 1.000 1.000 1.000 1.000 1.000 1.000 1.000 1.000 1.000 1.000 1.000 1.000 1.000 1.000 1.000 1.000  8.1112849618E-02   0.01203   1.00000   0.00000   0.00000   0.2402277E-02
  3948  2.515476884146287E+07   9.973923  4.152604  4.326483  0.7048024E+00  0.2810371E+00  2.6958710E-05  1.2365518E-03  1.0222627E-04  2.7880154E-03  5.7689501E-03  8.6074134E-06  8.4094127E-06  2.1084332E-03  1.7053625E-04  0.1534    4.326483  -8.431  1.304961  7.657593  0.8430082E-02  0.9779428E+00  1.4103039E-12  8.9317906E-05  2.4432055E-05  9.1265302E-03  1.6619128E-04  2.7805838E-07  4.7857832E-10  2.1084332E-03  1.7053625E-04  1.281E-12  1.683E-19  7.316E+10  3.081E+10  1.741E+01  3.328E+04  0.68014838  3.032E-05  6.893E-05  9.188E-01  0.000E+00  0.000E+00  1.082E+00  731    1.5704  9.41E-03 2.1259E+01 4.1511E+01    3.89E+02 0.00E+00 1.92E+02  0.678945  0.037339 3.89E+02 0.00E+00 1.92E+02  0.680148  0.037337  0.0000000E+00  0.0000000E+00  1.6701685E-06  1.8378609E-01  6.7935439E-02  1.3131491E-04 -1.1525035E-01  5.2571319E-02  1.0637370E-02 0.000 0.155 1.000 1.000 1.000 1.000 1.000 1.000 1.000 1.000 1.000 1.000 1.000 1.000 1.000 1.000 1.000 1.000 1.000 1.000 1.000 1.000 1.000 1.000 1.000 1.000 1.000 1.000 1.000 1.000 1.000 1.000 1.000 1.000 1.000 1.000 1.000 1.000 1.000 1.000  8.1111179450E-02   0.01170   1.00000   0.00000   0.00000   0.2401484E-02
  3949  2.515760484585305E+07   9.973913  4.152892  4.326808  0.7047911E+00  0.2810483E+00  2.6954802E-05  1.2362952E-03  1.0222371E-04  2.7885529E-03  5.7686818E-03  8.6082319E-06  8.4080679E-06  2.1084332E-03  1.7053625E-04  0.1533    4.326808  -8.430  1.307136  7.658296  0.8203483E-02  0.9781695E+00  1.3101710E-12  8.9518437E-05  2.4487306E-05  9.1263878E-03  1.6601992E-04  2.7672527E-07  4.7805313E-10  2.1084332E-03  1.7053625E-04  1.281E-12  1.683E-19  7.392E+10  3.132E+10  1.759E+01  3.382E+04  0.68061483  3.040E-05  6.912E-05  9.187E-01  0.000E+00  0.000E+00  1.082E+00  731    1.5704  9.41E-03 2.1261E+01 4.1510E+01    3.89E+02 0.00E+00 1.92E+02  0.679227  0.037362 3.90E+02 0.00E+00 1.92E+02  0.680615  0.037362  0.0000000E+00  0.0000000E+00  1.6735012E-06  1.8333711E-01  6.7931379E-02  1.3163281E-04 -1.1540040E-01  5.2638484E-02  1.0653352E-02 0.000 0.155 1.000 1.000 1.000 1.000 1.000 1.000 1.000 1.000 1.000 1.000 1.000 1.000 1.000 1.000 1.000 1.000 1.000 1.000 1.000 1.000 1.000 1.000 1.000 1.000 1.000 1.000 1.000 1.000 1.000 1.000 1.000 1.000 1.000 1.000 1.000 1.000 1.000 1.000  8.1109505949E-02   0.01141   1.00000   0.00000   0.00000   0.2401113E-02
  3950  2.516044085024324E+07   9.973902  4.153160  4.327128  0.7047834E+00  0.2810560E+00  2.6952126E-05  1.2361195E-03  1.0222195E-04  2.7889208E-03  5.7684981E-03  8.6087921E-06  8.4071473E-06  2.1084332E-03  1.7053625E-04  0.1532    4.327128  -8.429  1.309299  7.658997  0.7987032E-02  0.9783860E+00  1.2463259E-12  8.9692633E-05  2.4536364E-05  9.1262666E-03  1.6586681E-04  2.7568504E-07  4.7745157E-10  2.1084332E-03  1.7053625E-04  1.281E-12  1.683E-19  7.469E+10  3.188E+10  1.778E+01  3.443E+04  0.68096707  3.047E-05  6.934E-05  9.186E-01  0.000E+00  0.000E+00  1.082E+00  731    1.5704  9.41E-03 2.1254E+01 4.1508E+01    3.90E+02 0.00E+00 1.92E+02  0.679632  0.037386 3.90E+02 0.00E+00 1.93E+02  0.680967  0.037385  0.0000000E+00  0.0000000E+00  1.6773488E-06  1.8288380E-01  6.7931045E-02  1.3195491E-04 -1.1555158E-01  5.2706159E-02  1.0669436E-02 0.000 0.155 1.000 1.000 1.000 1.000 1.000 1.000 1.000 1.000 1.000 1.000 1.000 1.000 1.000 1.000 1.000 1.000 1.000 1.000 1.000 1.000 1.000 1.000 1.000 1.000 1.000 1.000 1.000 1.000 1.000 1.000 1.000 1.000 1.000 1.000 1.000 1.000 1.000 1.000  8.1107828600E-02   0.01109   1.00000   0.00000   0.00000   0.2400298E-02
  3951  2.516327685463342E+07   9.973891  4.153447  4.327467  0.7047722E+00  0.2810672E+00  2.6948232E-05  1.2358639E-03  1.0221938E-04  2.7894564E-03  5.7682306E-03  8.6096072E-06  8.4058076E-06  2.1084332E-03  1.7053625E-04  0.1530    4.327467  -8.428  1.311581  7.659731  0.7762577E-02  0.9786105E+00  1.1482842E-12  8.9907149E-05  2.4595575E-05  9.1261031E-03  1.6569617E-04  2.7423988E-07  4.7689841E-10  2.1084332E-03  1.7053625E-04  8.797E-13  1.089E-19  7.550E+10  3.243E+10  1.797E+01  3.502E+04  0.68144072  3.055E-05  6.954E-05  9.184E-01  0.000E+00  0.000E+00  1.082E+00  731    1.5704  9.41E-03 2.1255E+01 4.1505E+01    3.90E+02 0.00E+00 1.92E+02  0.679986  0.037407 3.90E+02 0.00E+00 1.93E+02  0.681441  0.037409  0.0000000E+00  0.0000000E+00  1.6807274E-06  1.8241488E-01  6.7927759E-02  1.3229276E-04 -1.1570931E-01  5.2776837E-02  1.0686092E-02 0.000 0.155 1.000 1.000 1.000 1.000 1.000 1.000 1.000 1.000 1.000 1.000 1.000 1.000 1.000 1.000 1.000 1.000 1.000 1.000 1.000 1.000 1.000 1.000 1.000 1.000 1.000 1.000 1.000 1.000 1.000 1.000 1.000 1.000 1.000 1.000 1.000 1.000 1.000 1.000  8.1106147872E-02   0.01080   1.00000   0.00000   0.00000   0.2399830E-02
  3953  2.516668005990164E+07   9.973879  4.153735  4.327824  0.7047647E+00  0.2810748E+00  2.6945592E-05  1.2356906E-03  1.0221764E-04  2.7898195E-03  5.7680493E-03  8.6101597E-06  8.4048993E-06  2.1084332E-03  1.7053625E-04  0.1529    4.327824  -8.427  1.313910  7.660680  0.7490747E-02  0.9788827E+00  1.0102721E-12  9.1465317E-05  2.5044162E-05  9.1239929E-03  1.6548662E-04  2.6534426E-07  4.7694211E-10  2.1084332E-03  1.7053625E-04  8.797E-13  1.089E-19  7.633E+10  3.296E+10  1.817E+01  3.560E+04  0.68211389  3.065E-05  6.979E-05  9.182E-01  0.000E+00  0.000E+00  1.083E+00  731    1.5704  9.41E-03 2.1252E+01 4.1503E+01    3.90E+02 0.00E+00 1.93E+02  0.681340  0.037433 3.90E+02 0.00E+00 1.93E+02  0.682114  0.037434  0.0000000E+00  0.0000000E+00  1.0130116E-06  1.8186670E-01  6.7926303E-02  1.3268849E-04 -1.1589155E-01  5.2858293E-02  1.0705678E-02 0.000 0.155 1.000 1.000 1.000 1.000 1.000 1.000 1.000 1.000 1.000 1.000 1.000 1.000 1.000 1.000 1.000 1.000 1.000 1.000 1.000 1.000 1.000 1.000 1.000 1.000 1.000 1.000 1.000 1.000 1.000 1.000 1.000 1.000 1.000 1.000 1.000 1.000 1.000 1.000  8.1104123583E-02   0.01041   1.00000   0.00000   0.00000   0.2397720E-02
  3955  2.517008326516986E+07   9.973866  4.154048  4.328234  0.7047551E+00  0.2810843E+00  2.6942278E-05  1.2354731E-03  1.0221545E-04  2.7902754E-03  5.7678216E-03  8.6108532E-06  8.4037591E-06  2.1084332E-03  1.7053625E-04  0.1527    4.328234  -8.426  1.316623  7.661556  0.7229177E-02  0.9791444E+00  9.3206357E-13  9.1943510E-05  2.5192348E-05  9.1234464E-03  1.6529496E-04  2.6152509E-07  4.7305021E-10  2.1084332E-03  1.7053625E-04  8.797E-13  1.089E-19  7.727E+10  3.366E+10  1.839E+01  3.636E+04  0.68254594  3.074E-05  7.005E-05  9.181E-01  0.000E+00  0.000E+00  1.083E+00  731    1.5704  9.41E-03 2.1250E+01 4.1501E+01    3.91E+02 0.00E+00 1.93E+02  0.681605  0.037459 3.91E+02 0.00E+00 1.94E+02  0.682546  0.037461  0.0000000E+00  0.0000000E+00  1.0150512E-06  1.8130295E-01  6.7923728E-02  1.3309617E-04 -1.1608155E-01  5.2943408E-02  1.0725834E-02 0.000 0.155 1.000 1.000 1.000 1.000 1.000 1.000 1.000 1.000 1.000 1.000 1.000 1.000 1.000 1.000 1.000 1.000 1.000 1.000 1.000 1.000 1.000 1.000 1.000 1.000 1.000 1.000 1.000 1.000 1.000 1.000 1.000 1.000 1.000 1.000 1.000 1.000 1.000 1.000  8.1102094430E-02   0.01005   1.00000   0.00000   0.00000   0.2397410E-02
  3957  2.517348647043808E+07   9.973853  4.154410  4.328653  0.7047492E+00  0.2810902E+00  2.6940240E-05  1.2353394E-03  1.0221410E-04  2.7905557E-03  5.7676816E-03  8.6112794E-06  8.4030581E-06  2.1084332E-03  1.7053625E-04  0.1525    4.328653  -8.425  1.319565  7.662493  0.6967235E-02  0.9794064E+00  8.5129838E-13  9.2250018E-05  2.5281180E-05  9.1231657E-03  1.6509999E-04  2.5918763E-07  4.7091714E-10  2.1084332E-03  1.7053625E-04  8.797E-13  1.089E-19  7.831E+10  3.445E+10  1.864E+01  3.720E+04  0.68300212  3.084E-05  7.033E-05  9.180E-01  0.000E+00  0.000E+00  1.083E+00  731    1.5704  9.41E-03 2.1247E+01 4.1499E+01    3.91E+02 0.00E+00 1.94E+02  0.682194  0.037490 3.91E+02 0.00E+00 1.94E+02  0.683002  0.037492  0.0000000E+00  0.0000000E+00  1.0182284E-06  1.8071282E-01  6.7922579E-02  1.3353345E-04 -1.1628441E-01  5.3034395E-02  1.0747000E-02 0.000 0.155 1.000 1.000 1.000 1.000 1.000 1.000 1.000 1.000 1.000 1.000 1.000 1.000 1.000 1.000 1.000 1.000 1.000 1.000 1.000 1.000 1.000 1.000 1.000 1.000 1.000 1.000 1.000 1.000 1.000 1.000 1.000 1.000 1.000 1.000 1.000 1.000 1.000 1.000  8.1100059581E-02   0.00969   1.00000   0.00000   0.00000   0.2396323E-02
  3959  2.517688967570630E+07   9.973840  4.154817  4.329105  0.7047352E+00  0.2811042E+00  2.6935352E-05  1.2350186E-03  1.0221086E-04  2.7912280E-03  5.7673456E-03  8.6123016E-06  8.4013768E-06  2.1084332E-03  1.7053625E-04  0.1523    4.329105  -8.423  1.322644  7.663473  0.6706216E-02  0.9796675E+00  7.7609194E-13  9.2528935E-05  2.5359563E-05  9.1229290E-03  1.6490390E-04  2.5737627E-07  4.6963184E-10  2.1084332E-03  1.7053625E-04  8.797E-13  1.089E-19  7.944E+10  3.530E+10  1.891E+01  3.813E+04  0.68364877  3.095E-05  7.063E-05  9.178E-01  0.000E+00  0.000E+00  1.083E+00  731    1.5704  9.41E-03 2.1244E+01 4.1497E+01    3.91E+02 0.00E+00 1.94E+02  0.682584  0.037525 3.91E+02 0.00E+00 1.94E+02  0.683649  0.037527  0.0000000E+00  0.0000000E+00  1.0212712E-06  1.8009634E-01  6.7920151E-02  1.3399029E-04 -1.1649800E-01  5.3130287E-02  1.0769109E-02 0.000 0.155 1.000 1.000 1.000 1.000 1.000 1.000 1.000 1.000 1.000 1.000 1.000 1.000 1.000 1.000 1.000 1.000 1.000 1.000 1.000 1.000 1.000 1.000 1.000 1.000 1.000 1.000 1.000 1.000 1.000 1.000 1.000 1.000 1.000 1.000 1.000 1.000 1.000 1.000  8.1098018594E-02   0.00933   1.00000   0.00000   0.00000   0.2395529E-02
  3961  2.518029288097452E+07   9.973827  4.155283  4.329581  0.7047253E+00  0.2811141E+00  2.6931928E-05  1.2347940E-03  1.0220859E-04  2.7916990E-03  5.7671103E-03  8.6130173E-06  8.4001992E-06  2.1084332E-03  1.7053625E-04  0.1523    4.329581  -8.422  1.326261  7.664562  0.6418170E-02  0.9799556E+00  6.7264617E-13  9.2918900E-05  2.5463935E-05  9.1225819E-03  1.6465452E-04  2.5495212E-07  4.6875002E-10  2.1084332E-03  1.7053625E-04  7.077E-13  8.373E-20  8.074E+10  3.631E+10  1.922E+01  3.922E+04  0.68424191  3.105E-05  7.100E-05  9.176E-01  0.000E+00  0.000E+00  1.083E+00  728    1.5619  9.41E-03 2.1241E+01 4.1495E+01    3.92E+02 0.00E+00 1.94E+02  0.683168  0.037560 3.92E+02 0.00E+00 1.95E+02  0.684242  0.037567  0.0000000E+00  0.0000000E+00  1.0246835E-06  1.7943957E-01  6.7917711E-02  1.3448515E-04 -1.1673191E-01  5.3235543E-02  1.0792716E-02 0.000 0.153 1.000 1.000 1.000 1.000 1.000 1.000 1.000 1.000 1.000 1.000 1.000 1.000 1.000 1.000 1.000 1.000 1.000 1.000 1.000 1.000 1.000 1.000 1.000 1.000 1.000 1.000 1.000 1.000 1.000 1.000 1.000 1.000 1.000 1.000 1.000 1.000 1.000 1.000  8.1095970564E-02   0.00895   1.00000   0.00000   0.00000   0.2394149E-02
  3963  2.518267512466227E+07   9.973818  4.155618  4.329900  0.7047225E+00  0.2811169E+00  2.6930966E-05  1.2347309E-03  1.0220795E-04  2.7918314E-03  5.7670441E-03  8.6132185E-06  8.3998682E-06  2.1084332E-03  1.7053625E-04  0.1521    4.329900  -8.421  1.328663  7.665387  0.6209101E-02  0.9801649E+00  6.0024325E-13  9.3996888E-05  2.5764487E-05  9.1211724E-03  1.6446316E-04  2.4977482E-07  4.6946219E-10  2.1084332E-03  1.7053625E-04  7.077E-13  8.373E-20  8.164E+10  3.696E+10  1.943E+01  3.992E+04  0.68475311  3.113E-05  7.125E-05  9.175E-01  0.000E+00  0.000E+00  1.084E+00  729    1.5619  9.41E-03 2.1239E+01 4.1494E+01    3.92E+02 0.00E+00 1.95E+02  0.684121  0.037594 3.92E+02 0.00E+00 1.95E+02  0.684753  0.037596  0.0000000E+00  0.0000000E+00  7.2037710E-07  1.7896733E-01  6.7917063E-02  1.3484653E-04 -1.1690008E-01  5.3311098E-02  1.0809824E-02 0.000 0.153 1.000 1.000 1.000 1.000 1.000 1.000 1.000 1.000 1.000 1.000 1.000 1.000 1.000 1.000 1.000 1.000 1.000 1.000 1.000 1.000 1.000 1.000 1.000 1.000 1.000 1.000 1.000 1.000 1.000 1.000 1.000 1.000 1.000 1.000 1.000 1.000 1.000 1.000  8.1094530931E-02   0.00863   1.00000   0.00000   0.00000   0.2391991E-02
  3965  2.518505736835003E+07   9.973809  4.155986  4.330260  0.7047159E+00  0.2811235E+00  2.6928674E-05  1.2345805E-03  1.0220642E-04  2.7921466E-03  5.7668865E-03  8.6136975E-06  8.3990799E-06  2.1084332E-03  1.7053625E-04  0.1519    4.330260  -8.420  1.331226  7.666191  0.6010038E-02  0.9803641E+00  5.5803572E-13  9.4389613E-05  2.5884952E-05  9.1207395E-03  1.6428833E-04  2.4733424E-07  4.6695926E-10  2.1084332E-03  1.7053625E-04  7.077E-13  8.373E-20  8.261E+10  3.774E+10  1.966E+01  4.076E+04  0.68508254  3.121E-05  7.150E-05  9.174E-01  0.000E+00  0.000E+00  1.084E+00  729    1.5619  9.41E-03 2.1238E+01 4.1493E+01    3.92E+02 0.00E+00 1.95E+02  0.684447  0.037626 3.92E+02 0.00E+00 1.95E+02  0.685083  0.037627  0.0000000E+00  0.0000000E+00  7.2230044E-07  1.7847441E-01  6.7915793E-02  1.3522377E-04 -1.1707586E-01  5.3390176E-02  1.0827590E-02 0.000 0.153 1.000 1.000 1.000 1.000 1.000 1.000 1.000 1.000 1.000 1.000 1.000 1.000 1.000 1.000 1.000 1.000 1.000 1.000 1.000 1.000 1.000 1.000 1.000 1.000 1.000 1.000 1.000 1.000 1.000 1.000 1.000 1.000 1.000 1.000 1.000 1.000 1.000 1.000  8.1093087326E-02   0.00835   1.00000   0.00000   0.00000   0.2390832E-02
  3967  2.518743961203779E+07   9.973800  4.156381  4.330641  0.7047055E+00  0.2811339E+00  2.6925060E-05  1.2343435E-03  1.0220401E-04  2.7926437E-03  5.7666380E-03  8.6144525E-06  8.3978372E-06  2.1084332E-03  1.7053625E-04  0.1518    4.330641  -8.418  1.333917  7.667033  0.5812479E-02  0.9805617E+00  5.1472188E-13  9.4658370E-05  2.5962537E-05  9.1204961E-03  1.6411423E-04  2.4572116E-07  4.6546712E-10  2.1084332E-03  1.7053625E-04  7.077E-13  8.373E-20  8.368E+10  3.858E+10  1.991E+01  4.167E+04  0.68559300  3.130E-05  7.178E-05  9.172E-01  0.000E+00  0.000E+00  1.084E+00  729    1.5619  9.41E-03 2.1236E+01 4.1491E+01    3.92E+02 0.00E+00 1.95E+02  0.684860  0.037661 3.92E+02 0.00E+00 1.96E+02  0.685593  0.037662  0.0000000E+00  0.0000000E+00  7.2449397E-07  1.7795584E-01  6.7914588E-02  1.3562355E-04 -1.1726161E-01  5.3473794E-02  1.0846230E-02 0.000 0.153 1.000 1.000 1.000 1.000 1.000 1.000 1.000 1.000 1.000 1.000 1.000 1.000 1.000 1.000 1.000 1.000 1.000 1.000 1.000 1.000 1.000 1.000 1.000 1.000 1.000 1.000 1.000 1.000 1.000 1.000 1.000 1.000 1.000 1.000 1.000 1.000 1.000 1.000  8.1091639584E-02   0.00808   1.00000   0.00000   0.00000   0.2389550E-02
  3969  2.518982185572554E+07   9.973791  4.156797  4.331047  0.7046927E+00  0.2811467E+00  2.6920625E-05  1.2340526E-03  1.0220105E-04  2.7932539E-03  5.7663330E-03  8.6153788E-06  8.3963120E-06  2.1084332E-03  1.7053625E-04  0.1516    4.331047  -8.417  1.336715  7.667910  0.5615174E-02  0.9807591E+00  4.7281891E-13  9.4908419E-05  2.6032550E-05  9.1202839E-03  1.6393856E-04  2.4438199E-07  4.6451631E-10  2.1084332E-03  1.7053625E-04  7.077E-13  8.373E-20  8.481E+10  3.950E+10  2.018E+01  4.266E+04  0.68617354  3.140E-05  7.206E-05  9.171E-01  0.000E+00  0.000E+00  1.084E+00  731    1.5619  9.41E-03 2.1234E+01 4.1490E+01    3.93E+02 0.00E+00 1.96E+02  0.685238  0.037697 3.93E+02 0.00E+00 1.96E+02  0.686174  0.037697  0.0000000E+00  0.0000000E+00  7.2670628E-07  1.7741212E-01  6.7912184E-02  1.3604122E-04 -1.1745661E-01  5.3561639E-02  1.0865717E-02 0.000 0.153 1.000 1.000 1.000 1.000 1.000 1.000 1.000 1.000 1.000 1.000 1.000 1.000 1.000 1.000 1.000 1.000 1.000 1.000 1.000 1.000 1.000 1.000 1.000 1.000 1.000 1.000 1.000 1.000 1.000 1.000 1.000 1.000 1.000 1.000 1.000 1.000 1.000 1.000  8.1090187247E-02   0.00781   1.00000   0.00000   0.00000   0.2388462E-02
  3971  2.519220409941330E+07   9.973782  4.157215  4.331459  0.7046882E+00  0.2811512E+00  2.6919066E-05  1.2339504E-03  1.0220001E-04  2.7934683E-03  5.7662257E-03  8.6157044E-06  8.3957759E-06  2.1084332E-03  1.7053625E-04  0.1514    4.331459  -8.416  1.339587  7.668813  0.5419337E-02  0.9809550E+00  4.3380041E-13  9.5155296E-05  2.6101192E-05  9.1200762E-03  1.6376346E-04  2.4316551E-07  4.6377580E-10  2.1084332E-03  1.7053625E-04  5.270E-13  5.933E-20  8.601E+10  4.048E+10  2.047E+01  4.371E+04  0.68678068  3.150E-05  7.235E-05  9.169E-01  0.000E+00  0.000E+00  1.084E+00  731    1.5619  9.41E-03 2.1232E+01 4.1489E+01    3.93E+02 0.00E+00 1.96E+02  0.685881  0.037733 3.93E+02 0.00E+00 1.96E+02  0.686781  0.037734  0.0000000E+00  0.0000000E+00  7.2935635E-07  1.7684612E-01  6.7911278E-02  1.3648310E-04 -1.1765956E-01  5.3653082E-02  1.0885939E-02 0.000 0.153 1.000 1.000 1.000 1.000 1.000 1.000 1.000 1.000 1.000 1.000 1.000 1.000 1.000 1.000 1.000 1.000 1.000 1.000 1.000 1.000 1.000 1.000 1.000 1.000 1.000 1.000 1.000 1.000 1.000 1.000 1.000 1.000 1.000 1.000 1.000 1.000 1.000 1.000  8.1088729785E-02   0.00753   1.00000   0.00000   0.00000   0.2386841E-02
  3973  2.519434811873227E+07   9.973774  4.157586  4.331847  0.7046810E+00  0.2811583E+00  2.6916599E-05  1.2337886E-03  1.0219836E-04  2.7938077E-03  5.7660560E-03  8.6162195E-06  8.3949276E-06  2.1084332E-03  1.7053625E-04  0.1512    4.331847  -8.415  1.342167  7.669645  0.5243835E-02  0.9811306E+00  3.9810927E-13  9.5617318E-05  2.6228086E-05  9.1195404E-03  1.6360550E-04  2.4124094E-07  4.6382599E-10  2.1084332E-03  1.7053625E-04  5.270E-13  5.933E-20  8.710E+10  4.138E+10  2.073E+01  4.469E+04  0.68721457  3.158E-05  7.262E-05  9.168E-01  0.000E+00  0.000E+00  1.084E+00  731    1.5619  9.41E-03 2.1230E+01 4.1488E+01    3.93E+02 0.00E+00 1.96E+02  0.686377  0.037765 3.93E+02 0.00E+00 1.97E+02  0.687215  0.037766  0.0000000E+00  0.0000000E+00  6.5842525E-07  1.7632264E-01  6.7909269E-02  1.3688929E-04 -1.1784648E-01  5.3737320E-02  1.0904597E-02 0.000 0.153 1.000 1.000 1.000 1.000 1.000 1.000 1.000 1.000 1.000 1.000 1.000 1.000 1.000 1.000 1.000 1.000 1.000 1.000 1.000 1.000 1.000 1.000 1.000 1.000 1.000 1.000 1.000 1.000 1.000 1.000 1.000 1.000 1.000 1.000 1.000 1.000 1.000 1.000  8.1087413740E-02   0.00729   1.00000   0.00000   0.00000   0.2385741E-02
  3975  2.519649213805125E+07   9.973765  4.157952  4.332244  0.7046770E+00  0.2811624E+00  2.6915197E-05  1.2336967E-03  1.0219742E-04  2.7940006E-03  5.7659595E-03  8.6165121E-06  8.3944456E-06  2.1084332E-03  1.7053625E-04  0.1511    4.332244  -8.413  1.344835  7.670488  0.5070858E-02  0.9813037E+00  3.6744027E-13  9.5902541E-05  2.6310361E-05  9.1192557E-03  1.6345053E-04  2.3990910E-07  4.6290388E-10  2.1084332E-03  1.7053625E-04  5.270E-13  5.933E-20  8.825E+10  4.234E+10  2.100E+01  4.572E+04  0.68763209  3.167E-05  7.289E-05  9.166E-01  0.000E+00  0.000E+00  1.085E+00  731    1.5619  9.41E-03 2.1228E+01 4.1487E+01    3.94E+02 0.00E+00 1.97E+02  0.686893  0.037797 3.94E+02 0.00E+00 1.97E+02  0.687632  0.037797  0.0000000E+00  0.0000000E+00  6.6043260E-07  1.7578304E-01  6.7908457E-02  1.3731418E-04 -1.1803948E-01  5.3824328E-02  1.0923798E-02 0.000 0.153 1.000 1.000 1.000 1.000 1.000 1.000 1.000 1.000 1.000 1.000 1.000 1.000 1.000 1.000 1.000 1.000 1.000 1.000 1.000 1.000 1.000 1.000 1.000 1.000 1.000 1.000 1.000 1.000 1.000 1.000 1.000 1.000 1.000 1.000 1.000 1.000 1.000 1.000  8.1086093881E-02   0.00705   1.00000   0.00000   0.00000   0.2384559E-02
  3977  2.519863615737022E+07   9.973757  4.158322  4.332658  0.7046698E+00  0.2811695E+00  2.6912730E-05  1.2335350E-03  1.0219577E-04  2.7943400E-03  5.7657897E-03  8.6170271E-06  8.3935972E-06  2.1084332E-03  1.7053625E-04  0.1509    4.332658  -8.412  1.347591  7.671357  0.4899101E-02  0.9814755E+00  3.3801702E-13  9.6151705E-05  2.6380492E-05  9.1190257E-03  1.6329601E-04  2.3877063E-07  4.6216046E-10  2.1084332E-03  1.7053625E-04  5.270E-13  5.933E-20  8.945E+10  4.335E+10  2.129E+01  4.682E+04  0.68820083  3.178E-05  7.318E-05  9.165E-01  0.000E+00  0.000E+00  1.085E+00  732    1.5619  9.41E-03 2.1226E+01 4.1486E+01    3.94E+02 0.00E+00 1.97E+02  0.687372  0.037829 3.94E+02 0.00E+00 1.97E+02  0.688201  0.037830  0.0000000E+00  0.0000000E+00  6.6240715E-07  1.7522635E-01  6.7907971E-02  1.3775635E-04 -1.1823937E-01  5.3914495E-02  1.0943608E-02 0.000 0.153 1.000 1.000 1.000 1.000 1.000 1.000 1.000 1.000 1.000 1.000 1.000 1.000 1.000 1.000 1.000 1.000 1.000 1.000 1.000 1.000 1.000 1.000 1.000 1.000 1.000 1.000 1.000 1.000 1.000 1.000 1.000 1.000 1.000 1.000 1.000 1.000 1.000 1.000  8.1084770187E-02   0.00681   1.00000   0.00000   0.00000   0.2383550E-02
  3979  2.520078017668920E+07   9.973749  4.158702  4.333092  0.7046601E+00  0.2811793E+00  2.6909347E-05  1.2333132E-03  1.0219350E-04  2.7948054E-03  5.7655569E-03  8.6177329E-06  8.3924343E-06  2.1084332E-03  1.7053625E-04  0.1507    4.333092  -8.411  1.350434  7.672252  0.4728553E-02  0.9816461E+00  3.1022911E-13  9.6395148E-05  2.6448261E-05  9.1188046E-03  1.6314181E-04  2.3771258E-07  4.6154204E-10  2.1084332E-03  1.7053625E-04  5.270E-13  5.933E-20  9.070E+10  4.443E+10  2.159E+01  4.799E+04  0.68881735  3.189E-05  7.348E-05  9.163E-01  0.000E+00  0.000E+00  1.085E+00  732    1.5619  9.41E-03 2.1224E+01 4.1486E+01    3.94E+02 0.00E+00 1.97E+02  0.687803  0.037862 3.94E+02 0.00E+00 1.98E+02  0.688817  0.037862  0.0000000E+00  0.0000000E+00  6.6432481E-07  1.7465276E-01  6.7906448E-02  1.3821161E-04 -1.1844624E-01  5.4007859E-02  1.0964037E-02 0.000 0.153 1.000 1.000 1.000 1.000 1.000 1.000 1.000 1.000 1.000 1.000 1.000 1.000 1.000 1.000 1.000 1.000 1.000 1.000 1.000 1.000 1.000 1.000 1.000 1.000 1.000 1.000 1.000 1.000 1.000 1.000 1.000 1.000 1.000 1.000 1.000 1.000 1.000 1.000  8.1083442480E-02   0.00657   1.00000   0.00000   0.00000   0.2382824E-02
  3981  2.520292419600818E+07   9.973741  4.159118  4.333546  0.7046581E+00  0.2811812E+00  2.6908684E-05  1.2332698E-03  1.0219306E-04  2.7948966E-03  5.7655112E-03  8.6178713E-06  8.3922064E-06  2.1084332E-03  1.7053625E-04  0.1506    4.333546  -8.410  1.353750  7.673241  0.4538240E-02  0.9818365E+00  2.7271246E-13  9.6718958E-05  2.6537162E-05  9.1185022E-03  1.6294787E-04  2.3607273E-07  4.6084723E-10  2.1084332E-03  1.7053625E-04  3.984E-13  4.111E-20  9.208E+10  4.561E+10  2.191E+01  4.926E+04  0.68930099  3.199E-05  7.383E-05  9.161E-01  0.000E+00  0.000E+00  1.085E+00  731    1.5533  9.41E-03 2.1220E+01 4.1483E+01    3.95E+02 0.00E+00 1.98E+02  0.688342  0.037893 3.95E+02 0.00E+00 1.98E+02  0.689301  0.037899  0.0000000E+00  0.0000000E+00  6.6633189E-07  1.7404682E-01  6.7905715E-02  1.3870111E-04 -1.1867053E-01  5.4109205E-02  1.0985839E-02 0.000 0.153 1.000 1.000 1.000 1.000 1.000 1.000 1.000 1.000 1.000 1.000 1.000 1.000 1.000 1.000 1.000 1.000 1.000 1.000 1.000 1.000 1.000 1.000 1.000 1.000 1.000 1.000 1.000 1.000 1.000 1.000 1.000 1.000 1.000 1.000 1.000 1.000 1.000 1.000  8.1081445089E-02   0.00633   1.00000   0.00000   0.00000   0.2381709E-02
  3984  2.520581862208879E+07   9.973729  4.159120  4.334001  0.7046549E+00  0.2811845E+00  2.6907552E-05  1.2331956E-03  1.0219229E-04  2.7950524E-03  5.7654333E-03  8.6181075E-06  8.3918171E-06  2.1084332E-03  1.7053625E-04  0.1507    4.334001  -8.409  1.357577  7.673462  0.4281289E-02  0.9820936E+00  2.3726686E-13  9.7307841E-05  2.6701635E-05  9.1178742E-03  1.6268056E-04  2.3342229E-07  4.6012473E-10  2.1084332E-03  1.7053625E-04  3.984E-13  4.111E-20  9.271E+10  4.626E+10  2.207E+01  4.996E+04  0.68976584  3.212E-05  7.410E-05  9.160E-01  0.000E+00  0.000E+00  1.085E+00  730    1.5448  9.41E-03 2.1216E+01 4.1481E+01    3.95E+02 0.00E+00 1.98E+02  0.688850  0.037893 3.95E+02 0.00E+00 1.98E+02  0.689766  0.037899  0.0000000E+00  0.0000000E+00  6.0008959E-07  1.7345072E-01  6.7905371E-02  1.3915847E-04 -1.1886268E-01  5.4195414E-02  1.1006653E-02 0.000 0.153 1.000 1.000 1.000 1.000 1.000 1.000 1.000 1.000 1.000 1.000 1.000 1.000 1.000 1.000 1.000 1.000 1.000 1.000 1.000 1.000 1.000 1.000 1.000 1.000 1.000 1.000 1.000 1.000 1.000 1.000 1.000 1.000 1.000 1.000 1.000 1.000 1.000 1.000  8.1079644114E-02   0.00595   1.00000   0.00000   0.00000   0.2383919E-02
  3986  2.520774823947587E+07   9.973722  4.159403  4.334377  0.7046521E+00  0.2811873E+00  2.6906589E-05  1.2331324E-03  1.0219165E-04  2.7951849E-03  5.7653670E-03  8.6183084E-06  8.3914860E-06  2.1084332E-03  1.7053625E-04  0.1505    4.334377  -8.408  1.360770  7.674362  0.4111213E-02  0.9822637E+00  2.1006771E-13  9.7598148E-05  2.6780565E-05  9.1176077E-03  1.6250217E-04  2.3214966E-07  4.5938345E-10  2.1084332E-03  1.7053625E-04  3.984E-13  4.111E-20  9.394E+10  4.740E+10  2.236E+01  5.119E+04  0.69010297  3.220E-05  7.445E-05  9.159E-01  0.000E+00  0.000E+00  1.085E+00  730    1.5448  9.41E-03 2.1213E+01 4.1484E+01    3.95E+02 0.00E+00 1.98E+02  0.689313  0.037919 3.95E+02 0.00E+00 1.99E+02  0.690103  0.037924  0.0000000E+00  0.0000000E+00  6.0159866E-07  1.7294328E-01  6.7905134E-02  1.3958145E-04 -1.1905884E-01  5.4284217E-02  1.1025372E-02 0.000 0.151 1.000 1.000 1.000 1.000 1.000 1.000 1.000 1.000 1.000 1.000 1.000 1.000 1.000 1.000 1.000 1.000 1.000 1.000 1.000 1.000 1.000 1.000 1.000 1.000 1.000 1.000 1.000 1.000 1.000 1.000 1.000 1.000 1.000 1.000 1.000 1.000 1.000 1.000  8.1078441623E-02   0.00571   1.00000   0.00000   0.00000   0.2383413E-02
  3988  2.520967785686295E+07   9.973714  4.159830  4.334779  0.7046484E+00  0.2811910E+00  2.6905320E-05  1.2330493E-03  1.0219079E-04  2.7953595E-03  5.7652796E-03  8.6185731E-06  8.3910498E-06  2.1084332E-03  1.7053625E-04  0.1499    4.334779  -8.407  1.364262  7.675372  0.3941163E-02  0.9824339E+00  1.8973766E-13  9.7884275E-05  2.6859775E-05  9.1173471E-03  1.6232218E-04  2.3097316E-07  4.5866155E-10  2.1084332E-03  1.7053625E-04  3.984E-13  4.111E-20  9.539E+10  4.872E+10  2.270E+01  5.262E+04  0.69065776  3.230E-05  7.484E-05  9.157E-01  0.000E+00  0.000E+00  1.086E+00  730    1.5448  9.41E-03 2.1210E+01 4.1488E+01    3.96E+02 0.00E+00 1.99E+02  0.689791  0.037958 3.96E+02 0.00E+00 1.99E+02  0.690658  0.037961  0.0000000E+00  0.0000000E+00  6.0367340E-07  1.7239714E-01  6.7904902E-02  1.4004534E-04 -1.1927716E-01  5.4383094E-02  1.1045847E-02 0.000 0.151 1.000 1.000 1.000 1.000 1.000 1.000 1.000 1.000 1.000 1.000 1.000 1.000 1.000 1.000 1.000 1.000 1.000 1.000 1.000 1.000 1.000 1.000 1.000 1.000 1.000 1.000 1.000 1.000 1.000 1.000 1.000 1.000 1.000 1.000 1.000 1.000 1.000 1.000  8.1077235423E-02   0.00548   1.00000   0.00000   0.00000   0.2381737E-02
  3990  2.521160747425003E+07   9.973707  4.160388  4.335206  0.7046439E+00  0.2811955E+00  2.6903760E-05  1.2329470E-03  1.0218974E-04  2.7955741E-03  5.7651722E-03  8.6188984E-06  8.3905135E-06  2.1084332E-03  1.7053625E-04  0.1497    4.335206  -8.405  1.367904  7.676446  0.3772085E-02  0.9826030E+00  1.7055970E-13  9.8166973E-05  2.6938480E-05  9.1170916E-03  1.6214151E-04  2.2985419E-07  4.5793354E-10  2.1084332E-03  1.7053625E-04  3.984E-13  4.111E-20  9.698E+10  5.017E+10  2.308E+01  5.418E+04  0.69114080  3.239E-05  7.525E-05  9.156E-01  0.000E+00  0.000E+00  1.086E+00  732    1.5362  9.41E-03 2.1207E+01 4.1495E+01    3.96E+02 0.00E+00 1.99E+02  0.690398  0.038007 3.96E+02 0.00E+00 1.99E+02  0.691141  0.038010  0.0000000E+00  0.0000000E+00  6.0639618E-07  1.7181527E-01  6.7904660E-02  1.4054546E-04 -1.1951214E-01  5.4489488E-02  1.1067819E-02 0.000 0.151 1.000 1.000 1.000 1.000 1.000 1.000 1.000 1.000 1.000 1.000 1.000 1.000 1.000 1.000 1.000 1.000 1.000 1.000 1.000 1.000 1.000 1.000 1.000 1.000 1.000 1.000 1.000 1.000 1.000 1.000 1.000 1.000 1.000 1.000 1.000 1.000 1.000 1.000  8.1076024058E-02   0.00524   1.00000   0.00000   0.00000   0.2379034E-02
  3992  2.521344061076776E+07   9.973699  4.161004  4.335642  0.7046346E+00  0.2812047E+00  2.6900565E-05  1.2327377E-03  1.0218759E-04  2.7960137E-03  5.7649522E-03  8.6195646E-06  8.3894152E-06  2.1084332E-03  1.7053625E-04  0.1493    4.335642  -8.403  1.371454  7.677507  0.3612041E-02  0.9827632E+00  1.5274394E-13  9.8582917E-05  2.7049608E-05  9.1166392E-03  1.6196860E-04  2.2841808E-07  4.5790420E-10  2.1084332E-03  1.7053625E-04  2.850E-13  2.761E-20  9.860E+10  5.165E+10  2.347E+01  5.578E+04  0.69176290  3.249E-05  7.565E-05  9.154E-01  0.000E+00  0.000E+00  1.086E+00  732    1.5362  9.41E-03 2.1204E+01 4.1509E+01    3.96E+02 0.00E+00 1.99E+02  0.690905  0.038063 3.96E+02 0.00E+00 2.00E+02  0.691763  0.038063  0.0000000E+00  0.0000000E+00  5.4832797E-07  1.7122881E-01  6.7904403E-02  1.4105189E-04 -1.1974839E-01  5.4596419E-02  1.1089948E-02 0.000 0.151 1.000 1.000 1.000 1.000 1.000 1.000 1.000 1.000 1.000 1.000 1.000 1.000 1.000 1.000 1.000 1.000 1.000 1.000 1.000 1.000 1.000 1.000 1.000 1.000 1.000 1.000 1.000 1.000 1.000 1.000 1.000 1.000 1.000 1.000 1.000 1.000 1.000 1.000  8.1074867981E-02   0.00502   1.00000   0.00000   0.00000   0.2376103E-02
  3994  2.521517726641613E+07   9.973692  4.161634  4.336107  0.7046211E+00  0.2812182E+00  2.6895920E-05  1.2324333E-03  1.0218445E-04  2.7966528E-03  5.7646322E-03  8.6205329E-06  8.3878186E-06  2.1084332E-03  1.7053625E-04  0.1490    4.336107  -8.401  1.374902  7.678547  0.3460949E-02  0.9829143E+00  1.3762412E-13  9.8969595E-05  2.7159712E-05  9.1162151E-03  1.6180360E-04  2.2702578E-07  4.5716093E-10  2.1084332E-03  1.7053625E-04  2.850E-13  2.761E-20  1.002E+11  5.316E+10  2.386E+01  5.741E+04  0.69238487  3.260E-05  7.604E-05  9.152E-01  0.000E+00  0.000E+00  1.086E+00  732    1.5362  9.41E-03 2.1201E+01 4.1523E+01    3.96E+02 0.00E+00 2.00E+02  0.691390  0.038117 3.96E+02 0.00E+00 2.00E+02  0.692385  0.038118  0.0000000E+00  0.0000000E+00  5.5086578E-07  1.7064076E-01  6.7904127E-02  1.4156097E-04 -1.1998373E-01  5.4702951E-02  1.1112048E-02 0.000 0.151 1.000 1.000 1.000 1.000 1.000 1.000 1.000 1.000 1.000 1.000 1.000 1.000 1.000 1.000 1.000 1.000 1.000 1.000 1.000 1.000 1.000 1.000 1.000 1.000 1.000 1.000 1.000 1.000 1.000 1.000 1.000 1.000 1.000 1.000 1.000 1.000 1.000 1.000  8.1073767408E-02   0.00481   1.00000   0.00000   0.00000   0.2373783E-02
  3996  2.521691392206450E+07   9.973686  4.162273  4.336597  0.7046097E+00  0.2812297E+00  2.6891974E-05  1.2321748E-03  1.0218179E-04  2.7971957E-03  5.7643604E-03  8.6213551E-06  8.3864625E-06  2.1084332E-03  1.7053625E-04  0.1491    4.336597  -8.399  1.378577  7.679630  0.3310736E-02  0.9830646E+00  1.2353468E-13  9.9284094E-05  2.7248989E-05  9.1158981E-03  1.6163793E-04  2.2585949E-07  4.5628707E-10  2.1084332E-03  1.7053625E-04  2.850E-13  2.761E-20  1.020E+11  5.480E+10  2.427E+01  5.919E+04  0.69286270  3.270E-05  7.645E-05  9.151E-01  0.000E+00  0.000E+00  1.086E+00  732    1.5362  9.41E-03 2.1198E+01 4.1538E+01    3.97E+02 0.00E+00 2.00E+02  0.692042  0.038174 3.97E+02 0.00E+00 2.00E+02  0.692863  0.038174  0.0000000E+00  0.0000000E+00  5.5365874E-07  1.7001855E-01  6.7903887E-02  1.4210203E-04 -1.2023220E-01  5.4815456E-02  1.1135319E-02 0.000 0.151 1.000 1.000 1.000 1.000 1.000 1.000 1.000 1.000 1.000 1.000 1.000 1.000 1.000 1.000 1.000 1.000 1.000 1.000 1.000 1.000 1.000 1.000 1.000 1.000 1.000 1.000 1.000 1.000 1.000 1.000 1.000 1.000 1.000 1.000 1.000 1.000 1.000 1.000  8.1072661462E-02   0.00460   1.00000   0.00000   0.00000   0.2371034E-02
  3998  2.521865057771287E+07   9.973679  4.162921  4.337125  0.7045967E+00  0.2812427E+00  2.6887487E-05  1.2318809E-03  1.0217875E-04  2.7978131E-03  5.7640511E-03  8.6222899E-06  8.3849203E-06  2.1084332E-03  1.7053625E-04  0.1486    4.337125  -8.397  1.382389  7.680768  0.3158975E-02  0.9832165E+00  1.0723485E-13  9.9628129E-05  2.7340947E-05  9.1155468E-03  1.6146866E-04  2.2469780E-07  4.5584226E-10  2.1084332E-03  1.7053625E-04  2.850E-13  2.761E-20  1.039E+11  5.661E+10  2.473E+01  6.113E+04  0.69365415  3.283E-05  7.689E-05  9.148E-01  0.000E+00  0.000E+00  1.086E+00  732    1.5362  9.41E-03 2.1195E+01 4.1554E+01    3.97E+02 0.00E+00 2.00E+02  0.692514  0.038232 3.97E+02 0.00E+00 2.01E+02  0.693654  0.038231  0.0000000E+00  0.0000000E+00  5.5623521E-07  1.6936435E-01  6.7903640E-02  1.4267378E-04 -1.2049386E-01  5.4934022E-02  1.1159732E-02 0.000 0.150 1.000 1.000 1.000 1.000 1.000 1.000 1.000 1.000 1.000 1.000 1.000 1.000 1.000 1.000 1.000 1.000 1.000 1.000 1.000 1.000 1.000 1.000 1.000 1.000 1.000 1.000 1.000 1.000 1.000 1.000 1.000 1.000 1.000 1.000 1.000 1.000 1.000 1.000  8.1071550434E-02   0.00439   1.00000   0.00000   0.00000   0.2368804E-02
  4000  2.522038723336125E+07   9.973672  4.163569  4.337642  0.7045856E+00  0.2812537E+00  2.6883694E-05  1.2316325E-03  1.0217617E-04  2.7983350E-03  5.7637897E-03  8.6230799E-06  8.3836168E-06  2.1084332E-03  1.7053625E-04  0.1481    4.337642  -8.395  1.386350  7.681954  0.3008198E-02  0.9833673E+00  9.5187013E-14  9.9947560E-05  2.7430051E-05  9.1152280E-03  1.6129860E-04  2.2360396E-07  4.5513056E-10  2.1084332E-03  1.7053625E-04  2.850E-13  2.761E-20  1.059E+11  5.855E+10  2.521E+01  6.323E+04  0.69419406  3.294E-05  7.735E-05  9.147E-01  0.000E+00  0.000E+00  1.087E+00  732    1.5362  9.41E-03 2.1191E+01 4.1568E+01    3.97E+02 0.00E+00 2.01E+02  0.693282  0.038287 3.97E+02 0.00E+00 2.01E+02  0.694194  0.038288  0.0000000E+00  0.0000000E+00  5.5916133E-07  1.6867619E-01  6.7903386E-02  1.4327871E-04 -1.2076916E-01  5.5058808E-02  1.1185377E-02 0.000 0.150 1.000 1.000 1.000 1.000 1.000 1.000 1.000 1.000 1.000 1.000 1.000 1.000 1.000 1.000 1.000 1.000 1.000 1.000 1.000 1.000 1.000 1.000 1.000 1.000 1.000 1.000 1.000 1.000 1.000 1.000 1.000 1.000 1.000 1.000 1.000 1.000 1.000 1.000  8.1070433542E-02   0.00418   1.00000   0.00000   0.00000   0.2365825E-02
  4002  2.522212388900962E+07   9.973665  4.164229  4.338192  0.7045704E+00  0.2812689E+00  2.6878463E-05  1.2312899E-03  1.0217262E-04  2.7990548E-03  5.7634291E-03  8.6241690E-06  8.3818192E-06  2.1084332E-03  1.7053625E-04  0.1478    4.338192  -8.393  1.390462  7.683191  0.2858493E-02  0.9835171E+00  8.4053606E-14  1.0026725E-04  2.7519067E-05  9.1149096E-03  1.6112777E-04  2.2253740E-07  4.5440340E-10  2.1084332E-03  1.7053625E-04  1.896E-13  1.696E-20  1.081E+11  6.064E+10  2.573E+01  6.550E+04  0.69504719  3.308E-05  7.783E-05  9.144E-01  0.000E+00  0.000E+00  1.087E+00  733    1.5277  9.41E-03 2.1188E+01 4.1583E+01    3.98E+02 0.00E+00 2.01E+02  0.693842  0.038346 3.98E+02 0.00E+00 2.02E+02  0.695047  0.038346  0.0000000E+00  0.0000000E+00  5.6189430E-07  1.6795441E-01  6.7903090E-02  1.4391815E-04 -1.2105861E-01  5.5190036E-02  1.1212318E-02 0.000 0.150 1.000 1.000 1.000 1.000 1.000 1.000 1.000 1.000 1.000 1.000 1.000 1.000 1.000 1.000 1.000 1.000 1.000 1.000 1.000 1.000 1.000 1.000 1.000 1.000 1.000 1.000 1.000 1.000 1.000 1.000 1.000 1.000 1.000 1.000 1.000 1.000 1.000 1.000  8.1069311250E-02   0.00397   1.00000   0.00000   0.00000   0.2363164E-02
  4004  2.522386054465799E+07   9.973658  4.164906  4.338766  0.7045557E+00  0.2812836E+00  2.6873404E-05  1.2309587E-03  1.0216918E-04  2.7997510E-03  5.7630802E-03  8.6252220E-06  8.3800808E-06  2.1084332E-03  1.7053625E-04  0.1473    4.338766  -8.391  1.394738  7.684478  0.2709956E-02  0.9836658E+00  7.3812815E-14  1.0059633E-04  2.7610412E-05  9.1145784E-03  1.6095616E-04  2.2146836E-07  4.5369700E-10  2.1084332E-03  1.7053625E-04  1.896E-13  1.696E-20  1.104E+11  6.291E+10  2.628E+01  6.794E+04  0.69569167  3.321E-05  7.833E-05  9.142E-01  0.000E+00  0.000E+00  1.087E+00  734    1.5277  9.41E-03 2.1185E+01 4.1598E+01    3.98E+02 0.00E+00 2.02E+02  0.694609  0.038405 3.98E+02 0.00E+00 2.02E+02  0.695692  0.038405  0.0000000E+00  0.0000000E+00  5.6493566E-07  1.6719995E-01  6.7902789E-02  1.4459202E-04 -1.2136228E-01  5.5327742E-02  1.1240534E-02 0.000 0.150 1.000 1.000 1.000 1.000 1.000 1.000 1.000 1.000 1.000 1.000 1.000 1.000 1.000 1.000 1.000 1.000 1.000 1.000 1.000 1.000 1.000 1.000 1.000 1.000 1.000 1.000 1.000 1.000 1.000 1.000 1.000 1.000 1.000 1.000 1.000 1.000 1.000 1.000  8.1068182823E-02   0.00377   1.00000   0.00000   0.00000   0.2360352E-02
  4005  2.522472887248218E+07   9.973654  4.165252  4.339068  0.7045466E+00  0.2812928E+00  2.6870263E-05  1.2307530E-03  1.0216703E-04  2.8001832E-03  5.7628636E-03  8.6258756E-06  8.3790016E-06  2.1084332E-03  1.7053625E-04  0.1472    4.339068  -8.390  1.396969  7.685142  0.2634985E-02  0.9837408E+00  6.7036946E-14  1.0079337E-04  2.7661382E-05  9.1143708E-03  1.6086868E-04  2.2088196E-07  4.5360545E-10  2.1084332E-03  1.7053625E-04  1.896E-13  1.696E-20  1.116E+11  6.411E+10  2.656E+01  6.923E+04  0.69602077  3.328E-05  7.859E-05  9.141E-01  0.000E+00  0.000E+00  1.087E+00  734    1.5277  9.41E-03 2.1183E+01 4.1606E+01    3.98E+02 0.00E+00 2.02E+02  0.694874  0.038435 3.98E+02 0.00E+00 2.02E+02  0.696021  0.038436  0.0000000E+00  0.0000000E+00  5.6634509E-07  1.6681146E-01  6.7902602E-02  1.4494145E-04 -1.2151976E-01  5.5399196E-02  1.1255087E-02 0.000 0.148 1.000 1.000 1.000 1.000 1.000 1.000 1.000 1.000 1.000 1.000 1.000 1.000 1.000 1.000 1.000 1.000 1.000 1.000 1.000 1.000 1.000 1.000 1.000 1.000 1.000 1.000 1.000 1.000 1.000 1.000 1.000 1.000 1.000 1.000 1.000 1.000 1.000 1.000  8.1067616478E-02   0.00366   1.00000   0.00000   0.00000   0.2359127E-02
  4006  2.522559720030637E+07   9.973650  4.165595  4.339374  0.7045366E+00  0.2813027E+00  2.6866835E-05  1.2305286E-03  1.0216469E-04  2.8006549E-03  5.7626271E-03  8.6265887E-06  8.3778239E-06  2.1084332E-03  1.7053625E-04  0.1471    4.339374  -8.389  1.399362  7.685830  0.2560324E-02  0.9838155E+00  6.2554614E-14  1.0098155E-04  2.7712998E-05  9.1141729E-03  1.6078098E-04  2.2030810E-07  4.5331001E-10  2.1084332E-03  1.7053625E-04  1.896E-13  1.696E-20  1.129E+11  6.538E+10  2.686E+01  7.061E+04  0.69636264  3.335E-05  7.887E-05  9.140E-01  0.000E+00  0.000E+00  1.087E+00  734    1.5277  9.41E-03 2.1182E+01 4.1614E+01    3.99E+02 0.00E+00 2.02E+02  0.695178  0.038466 3.99E+02 0.00E+00 2.03E+02  0.696363  0.038466  0.0000000E+00  0.0000000E+00  5.6781388E-07  1.6641435E-01  6.7902399E-02  1.4530064E-04 -1.2168170E-01  5.5472707E-02  1.1270017E-02 0.000 0.148 1.000 1.000 1.000 1.000 1.000 1.000 1.000 1.000 1.000 1.000 1.000 1.000 1.000 1.000 1.000 1.000 1.000 1.000 1.000 1.000 1.000 1.000 1.000 1.000 1.000 1.000 1.000 1.000 1.000 1.000 1.000 1.000 1.000 1.000 1.000 1.000 1.000 1.000  8.1067048664E-02   0.00356   1.00000   0.00000   0.00000   0.2357895E-02
  4007  2.522646552813055E+07   9.973647  4.165947  4.339689  0.7045260E+00  0.2813133E+00  2.6863194E-05  1.2302904E-03  1.0216221E-04  2.8011559E-03  5.7623760E-03  8.6273459E-06  8.3765732E-06  2.1084332E-03  1.7053625E-04  0.1467    4.339689  -8.388  1.401736  7.686531  0.2485996E-02  0.9838899E+00  5.8243863E-14  1.0116707E-04  2.7764610E-05  9.1139783E-03  1.6069307E-04  2.1973823E-07  4.5295201E-10  2.1084332E-03  1.7053625E-04  1.896E-13  1.696E-20  1.142E+11  6.670E+10  2.717E+01  7.204E+04  0.69686177  3.343E-05  7.915E-05  9.139E-01  0.000E+00  0.000E+00  1.088E+00  734    1.5277  9.41E-03 2.1180E+01 4.1623E+01    3.99E+02 0.00E+00 2.02E+02  0.695500  0.038496 3.99E+02 0.00E+00 2.03E+02  0.696862  0.038497  0.0000000E+00  0.0000000E+00  5.6926894E-07  1.6600876E-01  6.7902188E-02  1.4566885E-04 -1.2184759E-01  5.5547994E-02  1.1285297E-02 0.000 0.148 1.000 1.000 1.000 1.000 1.000 1.000 1.000 1.000 1.000 1.000 1.000 1.000 1.000 1.000 1.000 1.000 1.000 1.000 1.000 1.000 1.000 1.000 1.000 1.000 1.000 1.000 1.000 1.000 1.000 1.000 1.000 1.000 1.000 1.000 1.000 1.000 1.000 1.000  8.1066479395E-02   0.00346   1.00000   0.00000   0.00000   0.2356652E-02
  4008  2.522733385595474E+07   9.973643  4.166305  4.340002  0.7045169E+00  0.2813224E+00  2.6860083E-05  1.2300867E-03  1.0216008E-04  2.8015841E-03  5.7621613E-03  8.6279929E-06  8.3755043E-06  2.1084332E-03  1.7053625E-04  0.1464    4.340002  -8.387  1.404159  7.687249  0.2412025E-02  0.9839639E+00  5.4133931E-14  1.0135220E-04  2.7816281E-05  9.1137843E-03  1.6060497E-04  2.1917491E-07  4.5255866E-10  2.1084332E-03  1.7053625E-04  1.896E-13  1.696E-20  1.155E+11  6.808E+10  2.749E+01  7.352E+04  0.69727285  3.350E-05  7.943E-05  9.137E-01  0.000E+00  0.000E+00  1.088E+00  734    1.5277  9.41E-03 2.1178E+01 4.1632E+01    3.99E+02 0.00E+00 2.03E+02  0.695975  0.038528 3.99E+02 0.00E+00 2.03E+02  0.697273  0.038528  0.0000000E+00  0.0000000E+00  5.7100314E-07  1.6559477E-01  6.7902018E-02  1.4604685E-04 -1.2201762E-01  5.5625189E-02  1.1300922E-02 0.000 0.148 1.000 1.000 1.000 1.000 1.000 1.000 1.000 1.000 1.000 1.000 1.000 1.000 1.000 1.000 1.000 1.000 1.000 1.000 1.000 1.000 1.000 1.000 1.000 1.000 1.000 1.000 1.000 1.000 1.000 1.000 1.000 1.000 1.000 1.000 1.000 1.000 1.000 1.000  8.1065908392E-02   0.00335   1.00000   0.00000   0.00000   0.2354995E-02
  4009  2.522820218377893E+07   9.973640  4.166673  4.340329  0.7045075E+00  0.2813318E+00  2.6856857E-05  1.2298756E-03  1.0215787E-04  2.8020281E-03  5.7619386E-03  8.6286637E-06  8.3743960E-06  2.1084332E-03  1.7053625E-04  0.1462    4.340329  -8.386  1.406635  7.687983  0.2338429E-02  0.9840375E+00  5.0220795E-14  1.0153918E-04  2.7868419E-05  9.1135878E-03  1.6051668E-04  2.1861177E-07  4.5216076E-10  2.1084332E-03  1.7053625E-04  1.896E-13  1.696E-20  1.169E+11  6.950E+10  2.782E+01  7.506E+04  0.69767167  3.358E-05  7.973E-05  9.136E-01  0.000E+00  0.000E+00  1.088E+00  734    1.5277  9.41E-03 2.1176E+01 4.1639E+01    3.99E+02 0.00E+00 2.03E+02  0.696397  0.038560 3.99E+02 0.00E+00 2.03E+02  0.697672  0.038561  0.0000000E+00  0.0000000E+00  5.7267943E-07  1.6517191E-01  6.7901823E-02  1.4643532E-04 -1.2219205E-01  5.5704388E-02  1.1316940E-02 0.000 0.148 1.000 1.000 1.000 1.000 1.000 1.000 1.000 1.000 1.000 1.000 1.000 1.000 1.000 1.000 1.000 1.000 1.000 1.000 1.000 1.000 1.000 1.000 1.000 1.000 1.000 1.000 1.000 1.000 1.000 1.000 1.000 1.000 1.000 1.000 1.000 1.000 1.000 1.000  8.1065335712E-02   0.00325   1.00000   0.00000   0.00000   0.2353603E-02
  4010  2.522907051160311E+07   9.973636  4.167050  4.340664  0.7044978E+00  0.2813415E+00  2.6853521E-05  1.2296573E-03  1.0215558E-04  2.8024872E-03  5.7617084E-03  8.6293571E-06  8.3732502E-06  2.1084332E-03  1.7053625E-04  0.1458    4.340664  -8.385  1.409168  7.688735  0.2265228E-02  0.9841108E+00  4.6501399E-14  1.0172932E-04  2.7921349E-05  9.1133869E-03  1.6042822E-04  2.1804468E-07  4.5176642E-10  2.1084332E-03  1.7053625E-04  1.896E-13  1.696E-20  1.183E+11  7.100E+10  2.817E+01  7.667E+04  0.69808742  3.366E-05  8.003E-05  9.135E-01  0.000E+00  0.000E+00  1.088E+00  734    1.5277  9.41E-03 2.1175E+01 4.1642E+01    4.00E+02 0.00E+00 2.03E+02  0.696749  0.038593 4.00E+02 0.00E+00 2.04E+02  0.698087  0.038594  0.0000000E+00  0.0000000E+00  5.7431148E-07  1.6474022E-01  6.7901613E-02  1.4683416E-04 -1.2237094E-01  5.5785621E-02  1.1333347E-02 0.000 0.148 1.000 1.000 1.000 1.000 1.000 1.000 1.000 1.000 1.000 1.000 1.000 1.000 1.000 1.000 1.000 1.000 1.000 1.000 1.000 1.000 1.000 1.000 1.000 1.000 1.000 1.000 1.000 1.000 1.000 1.000 1.000 1.000 1.000 1.000 1.000 1.000 1.000 1.000  8.1064761401E-02   0.00315   1.00000   0.00000   0.00000   0.2352178E-02
  4011  2.522993883942730E+07   9.973633  4.167437  4.341006  0.7044879E+00  0.2813514E+00  2.6850124E-05  1.2294350E-03  1.0215325E-04  2.8029547E-03  5.7614739E-03  8.6300631E-06  8.3720833E-06  2.1084332E-03  1.7053625E-04  0.1455    4.341006  -8.383  1.411763  7.689504  0.2192446E-02  0.9841836E+00  4.2973708E-14  1.0192245E-04  2.7975115E-05  9.1131817E-03  1.6033959E-04  2.1747868E-07  4.5135629E-10  2.1084332E-03  1.7053625E-04  1.050E-13  8.380E-21  1.198E+11  7.255E+10  2.852E+01  7.835E+04  0.69852251  3.375E-05  8.034E-05  9.133E-01  0.000E+00  0.000E+00  1.088E+00  734    1.5277  9.41E-03 2.1173E+01 4.1642E+01    4.00E+02 0.00E+00 2.03E+02  0.697144  0.038627 4.00E+02 0.00E+00 2.04E+02  0.698523  0.038628  0.0000000E+00  0.0000000E+00  5.7602982E-07  1.6429945E-01  6.7901397E-02  1.4724375E-04 -1.2255448E-01  5.5868973E-02  1.1350153E-02 0.000 0.148 1.000 1.000 1.000 1.000 1.000 1.000 1.000 1.000 1.000 1.000 1.000 1.000 1.000 1.000 1.000 1.000 1.000 1.000 1.000 1.000 1.000 1.000 1.000 1.000 1.000 1.000 1.000 1.000 1.000 1.000 1.000 1.000 1.000 1.000 1.000 1.000 1.000 1.000  8.1064185371E-02   0.00305   1.00000   0.00000   0.00000   0.2350691E-02
  4012  2.523080716725149E+07   9.973629  4.167826  4.341354  0.7044779E+00  0.2813614E+00  2.6846709E-05  1.2292116E-03  1.0215090E-04  2.8034247E-03  5.7612381E-03  8.6307726E-06  8.3709104E-06  2.1084332E-03  1.7053625E-04  0.1456    4.341354  -8.382  1.414525  7.690292  0.2120081E-02  0.9842560E+00  3.9639577E-14  1.0211925E-04  2.8029902E-05  9.1129714E-03  1.6025079E-04  2.1691012E-07  4.5094278E-10  2.1084332E-03  1.7053625E-04  1.050E-13  8.380E-21  1.214E+11  7.418E+10  2.888E+01  8.011E+04  0.69897296  3.383E-05  8.067E-05  9.132E-01  0.000E+00  0.000E+00  1.088E+00  734    1.5277  9.41E-03 2.1171E+01 4.1638E+01    4.00E+02 0.00E+00 2.04E+02  0.697559  0.038662 4.00E+02 0.00E+00 2.04E+02  0.698973  0.038663  0.0000000E+00  0.0000000E+00  5.7781690E-07  1.6385003E-01  6.7901174E-02  1.4766424E-04 -1.2274311E-01  5.5954669E-02  1.1367347E-02 0.000 0.148 1.000 1.000 1.000 1.000 1.000 1.000 1.000 1.000 1.000 1.000 1.000 1.000 1.000 1.000 1.000 1.000 1.000 1.000 1.000 1.000 1.000 1.000 1.000 1.000 1.000 1.000 1.000 1.000 1.000 1.000 1.000 1.000 1.000 1.000 1.000 1.000 1.000 1.000  8.1063607554E-02   0.00295   1.00000   0.00000   0.00000   0.2349142E-02
  4013  2.523167549507567E+07   9.973625  4.168235  4.341712  0.7044679E+00  0.2813714E+00  2.6843289E-05  1.2289879E-03  1.0214855E-04  2.8038954E-03  5.7610020E-03  8.6314832E-06  8.3697356E-06  2.1084332E-03  1.7053625E-04  0.1451    4.341712  -8.381  1.417302  7.691105  0.2046978E-02  0.9843292E+00  3.5381403E-14  1.0235129E-04  2.8090591E-05  9.1127151E-03  1.6016033E-04  2.1627953E-07  4.5080860E-10  2.1084332E-03  1.7053625E-04  1.050E-13  8.380E-21  1.230E+11  7.589E+10  2.926E+01  8.196E+04  0.69944720  3.392E-05  8.101E-05  9.131E-01  0.000E+00  0.000E+00  1.088E+00  734    1.5277  9.41E-03 2.1169E+01 4.1635E+01    4.00E+02 0.00E+00 2.04E+02  0.697992  0.038697 4.00E+02 0.00E+00 2.04E+02  0.699447  0.038699  0.0000000E+00  0.0000000E+00  5.7960798E-07  1.6339253E-01  6.7900947E-02  1.4809485E-04 -1.2293651E-01  5.6042551E-02  1.1384920E-02 0.000 0.146 1.000 1.000 1.000 1.000 1.000 1.000 1.000 1.000 1.000 1.000 1.000 1.000 1.000 1.000 1.000 1.000 1.000 1.000 1.000 1.000 1.000 1.000 1.000 1.000 1.000 1.000 1.000 1.000 1.000 1.000 1.000 1.000 1.000 1.000 1.000 1.000 1.000 1.000  8.1063027946E-02   0.00285   1.00000   0.00000   0.00000   0.2347566E-02
  4014  2.523254382289986E+07   9.973622  4.168651  4.342077  0.7044581E+00  0.2813812E+00  2.6839933E-05  1.2287683E-03  1.0214623E-04  2.8043573E-03  5.7607702E-03  8.6321803E-06  8.3685829E-06  2.1084332E-03  1.7053625E-04  0.1446    4.342077  -8.380  1.420176  7.691940  0.1974353E-02  0.9844018E+00  3.2456765E-14  1.0257485E-04  2.8152183E-05  9.1124678E-03  1.6006972E-04  2.1566517E-07  4.5044364E-10  2.1084332E-03  1.7053625E-04  1.050E-13  8.380E-21  1.246E+11  7.769E+10  2.966E+01  8.390E+04  0.69994151  3.401E-05  8.136E-05  9.129E-01  0.000E+00  0.000E+00  1.089E+00  734    1.5277  9.41E-03 2.1168E+01 4.1635E+01    4.01E+02 0.00E+00 2.04E+02  0.698442  0.038735 4.01E+02 0.00E+00 2.05E+02  0.699942  0.038736  0.0000000E+00  0.0000000E+00  5.8156326E-07  1.6292457E-01  6.7900723E-02  1.4853843E-04 -1.2313553E-01  5.6133010E-02  1.1402975E-02 0.000 0.146 1.000 1.000 1.000 1.000 1.000 1.000 1.000 1.000 1.000 1.000 1.000 1.000 1.000 1.000 1.000 1.000 1.000 1.000 1.000 1.000 1.000 1.000 1.000 1.000 1.000 1.000 1.000 1.000 1.000 1.000 1.000 1.000 1.000 1.000 1.000 1.000 1.000 1.000  8.1062446383E-02   0.00275   1.00000   0.00000   0.00000   0.2345880E-02
  4015  2.523341215072405E+07   9.973618  4.169080  4.342450  0.7044484E+00  0.2813908E+00  2.6836633E-05  1.2285525E-03  1.0214396E-04  2.8048116E-03  5.7605422E-03  8.6328656E-06  8.3674494E-06  2.1084332E-03  1.7053625E-04  0.1442    4.342450  -8.378  1.423125  7.692799  0.1902233E-02  0.9844740E+00  2.9682174E-14  1.0279648E-04  2.8214045E-05  9.1122226E-03  1.5997898E-04  2.1505629E-07  4.5000785E-10  2.1084332E-03  1.7053625E-04  1.050E-13  8.380E-21  1.263E+11  7.957E+10  3.007E+01  8.594E+04  0.70031821  3.409E-05  8.172E-05  9.128E-01  0.000E+00  0.000E+00  1.089E+00  734    1.5277  9.41E-03 2.1166E+01 4.1635E+01    4.01E+02 0.00E+00 2.05E+02  0.698919  0.038773 4.01E+02 0.00E+00 2.05E+02  0.700318  0.038774  0.0000000E+00  0.0000000E+00  5.8353317E-07  1.6244623E-01  6.7900489E-02  1.4899519E-04 -1.2334032E-01  5.6226093E-02  1.1421523E-02 0.000 0.146 1.000 1.000 1.000 1.000 1.000 1.000 1.000 1.000 1.000 1.000 1.000 1.000 1.000 1.000 1.000 1.000 1.000 1.000 1.000 1.000 1.000 1.000 1.000 1.000 1.000 1.000 1.000 1.000 1.000 1.000 1.000 1.000 1.000 1.000 1.000 1.000 1.000 1.000  8.1061862850E-02   0.00264   1.00000   0.00000   0.00000   0.2344108E-02
  4016  2.523428047854823E+07   9.973614  4.169526  4.342840  0.7044375E+00  0.2814018E+00  2.6832878E-05  1.2283069E-03  1.0214137E-04  2.8053284E-03  5.7602829E-03  8.6336451E-06  8.3661601E-06  2.1084332E-03  1.7053625E-04  0.1437    4.342840  -8.377  1.426156  7.693680  0.1830650E-02  0.9845457E+00  2.7073338E-14  1.0301954E-04  2.8276432E-05  9.1119752E-03  1.5988813E-04  2.1444835E-07  4.4954752E-10  2.1084332E-03  1.7053625E-04  1.050E-13  8.380E-21  1.281E+11  8.155E+10  3.050E+01  8.807E+04  0.70082475  3.419E-05  8.209E-05  9.126E-01  0.000E+00  0.000E+00  1.089E+00  734    1.5277  9.41E-03 2.1164E+01 4.1637E+01    4.01E+02 0.00E+00 2.05E+02  0.699275  0.038812 4.01E+02 0.00E+00 2.05E+02  0.700825  0.038813  0.0000000E+00  0.0000000E+00  5.8541985E-07  1.6195714E-01  6.7900193E-02  1.4946528E-04 -1.2355103E-01  5.6321893E-02  1.1440578E-02 0.000 0.146 1.000 1.000 1.000 1.000 1.000 1.000 1.000 1.000 1.000 1.000 1.000 1.000 1.000 1.000 1.000 1.000 1.000 1.000 1.000 1.000 1.000 1.000 1.000 1.000 1.000 1.000 1.000 1.000 1.000 1.000 1.000 1.000 1.000 1.000 1.000 1.000 1.000 1.000  8.1061277430E-02   0.00255   1.00000   0.00000   0.00000   0.2343020E-02
  4017  2.523514880637242E+07   9.973611  4.169978  4.343230  0.7044270E+00  0.2814123E+00  2.6829301E-05  1.2280730E-03  1.0213889E-04  2.8058207E-03  5.7600357E-03  8.6343877E-06  8.3649317E-06  2.1084332E-03  1.7053625E-04  0.1436    4.343230  -8.375  1.429397  7.694592  0.1758597E-02  0.9846178E+00  2.3895531E-14  1.0327355E-04  2.8343607E-05  9.1116880E-03  1.5979582E-04  2.1379314E-07  4.4932495E-10  2.1084332E-03  1.7053625E-04  1.050E-13  8.380E-21  1.300E+11  8.364E+10  3.094E+01  9.033E+04  0.70138234  3.429E-05  8.248E-05  9.125E-01  0.000E+00  0.000E+00  1.089E+00  734    1.5277  9.41E-03 2.1162E+01 4.1642E+01    4.01E+02 0.00E+00 2.05E+02  0.699730  0.038853 4.01E+02 0.00E+00 2.06E+02  0.701382  0.038854  0.0000000E+00  0.0000000E+00  5.8750397E-07  1.6145904E-01  6.7899931E-02  1.4994814E-04 -1.2376828E-01  5.6420697E-02  1.1460079E-02 0.000 0.145 1.000 1.000 1.000 1.000 1.000 1.000 1.000 1.000 1.000 1.000 1.000 1.000 1.000 1.000 1.000 1.000 1.000 1.000 1.000 1.000 1.000 1.000 1.000 1.000 1.000 1.000 1.000 1.000 1.000 1.000 1.000 1.000 1.000 1.000 1.000 1.000 1.000 1.000  8.1060689926E-02   0.00245   1.00000   0.00000   0.00000   0.2340691E-02
  4018  2.523601713419661E+07   9.973607  4.170450  4.343629  0.7044171E+00  0.2814222E+00  2.6825904E-05  1.2278508E-03  1.0213654E-04  2.8062883E-03  5.7598010E-03  8.6350927E-06  8.3637651E-06  2.1084332E-03  1.7053625E-04  0.1429    4.343629  -8.374  1.432693  7.695533  0.1687128E-02  0.9846893E+00  2.1649567E-14  1.0352126E-04  2.8412055E-05  9.1114067E-03  1.5970341E-04  2.1314800E-07  4.4890780E-10  2.1084332E-03  1.7053625E-04  1.050E-13  8.380E-21  1.319E+11  8.584E+10  3.140E+01  9.271E+04  0.70196688  3.439E-05  8.289E-05  9.123E-01  0.000E+00  0.000E+00  1.089E+00  734    1.5277  9.41E-03 2.1161E+01 4.1645E+01    4.02E+02 0.00E+00 2.05E+02  0.700296  0.038894 4.02E+02 0.00E+00 2.06E+02  0.701967  0.038896  0.0000000E+00  0.0000000E+00  5.8973812E-07  1.6094929E-01  6.7899685E-02  1.5044616E-04 -1.2399217E-01  5.6522535E-02  1.1480158E-02 0.000 0.145 1.000 1.000 1.000 1.000 1.000 1.000 1.000 1.000 1.000 1.000 1.000 1.000 1.000 1.000 1.000 1.000 1.000 1.000 1.000 1.000 1.000 1.000 1.000 1.000 1.000 1.000 1.000 1.000 1.000 1.000 1.000 1.000 1.000 1.000 1.000 1.000 1.000 1.000  8.1060100188E-02   0.00235   1.00000   0.00000   0.00000   0.2338637E-02
  4019  2.523688546202079E+07   9.973603  4.170939  4.344038  0.7044075E+00  0.2814317E+00  2.6822657E-05  1.2276385E-03  1.0213429E-04  2.8067353E-03  5.7595765E-03  8.6357664E-06  8.3626502E-06  2.1084332E-03  1.7053625E-04  0.1424    4.344038  -8.372  1.436082  7.696502  0.1616287E-02  0.9847602E+00  1.9545033E-14  1.0376797E-04  2.8481072E-05  9.1111261E-03  1.5961093E-04  2.1250996E-07  4.4840949E-10  2.1084332E-03  1.7053625E-04  1.050E-13  8.380E-21  1.340E+11  8.816E+10  3.189E+01  9.521E+04  0.70243759  3.449E-05  8.331E-05  9.121E-01  0.000E+00  0.000E+00  1.089E+00  734    1.5277  9.41E-03 2.1159E+01 4.1649E+01    4.02E+02 0.00E+00 2.06E+02  0.700862  0.038938 4.02E+02 0.00E+00 2.06E+02  0.702438  0.038939  0.0000000E+00  0.0000000E+00  5.9208925E-07  1.6042794E-01  6.7899441E-02  1.5095994E-04 -1.2422297E-01  5.6627531E-02  1.1500817E-02 0.000 0.145 1.000 1.000 1.000 1.000 1.000 1.000 1.000 1.000 1.000 1.000 1.000 1.000 1.000 1.000 1.000 1.000 1.000 1.000 1.000 1.000 1.000 1.000 1.000 1.000 1.000 1.000 1.000 1.000 1.000 1.000 1.000 1.000 1.000 1.000 1.000 1.000 1.000 1.000  8.1059508098E-02   0.00225   1.00000   0.00000   0.00000   0.2336451E-02
  4020  2.523775378984498E+07   9.973600  4.171450  4.344465  0.7043971E+00  0.2814422E+00  2.6819078E-05  1.2274046E-03  1.0213181E-04  2.8072279E-03  5.7593292E-03  8.6365088E-06  8.3614214E-06  2.1084332E-03  1.7053625E-04  0.1419    4.344465  -8.371  1.439601  7.697501  0.1545167E-02  0.9848314E+00  1.7060302E-14  1.0404469E-04  2.8554735E-05  9.1108067E-03  1.5951714E-04  2.1182550E-07  4.4813870E-10  2.1084332E-03  1.7053625E-04  1.050E-13  8.380E-21  1.361E+11  9.060E+10  3.239E+01  9.785E+04  0.70304207  3.460E-05  8.375E-05  9.120E-01  0.000E+00  0.000E+00  1.090E+00  734    1.5277  9.41E-03 2.1157E+01 4.1651E+01    4.02E+02 0.00E+00 2.06E+02  0.701312  0.038983 4.02E+02 0.00E+00 2.07E+02  0.703042  0.038985  0.0000000E+00  0.0000000E+00  5.9435100E-07  1.5989550E-01  6.7899139E-02  1.5148910E-04 -1.2446118E-01  5.6735933E-02  1.1522040E-02 0.000 0.143 1.000 1.000 1.000 1.000 1.000 1.000 1.000 1.000 1.000 1.000 1.000 1.000 1.000 1.000 1.000 1.000 1.000 1.000 1.000 1.000 1.000 1.000 1.000 1.000 1.000 1.000 1.000 1.000 1.000 1.000 1.000 1.000 1.000 1.000 1.000 1.000 1.000 1.000  8.1058913747E-02   0.00215   1.00000   0.00000   0.00000   0.2334506E-02
  4021  2.523862211766917E+07   9.973596  4.171972  4.344892  0.7043872E+00  0.2814520E+00  2.6815731E-05  1.2271858E-03  1.0212949E-04  2.8076886E-03  5.7590978E-03  8.6372029E-06  8.3602723E-06  2.1084332E-03  1.7053625E-04  0.1414    4.344892  -8.369  1.443367  7.698542  0.1474745E-02  0.9849019E+00  1.5282106E-14  1.0431496E-04  2.8629716E-05  9.1104934E-03  1.5942331E-04  2.1115392E-07  4.4765893E-10  2.1084332E-03  1.7053625E-04  4.308E-14  2.691E-21  1.383E+11  9.322E+10  3.292E+01  1.007E+05  0.70356285  3.470E-05  8.422E-05  9.118E-01  0.000E+00  0.000E+00  1.090E+00  734    1.5277  9.41E-03 2.1155E+01 4.1655E+01    4.03E+02 0.00E+00 2.06E+02  0.701865  0.039031 4.03E+02 0.00E+00 2.07E+02  0.703563  0.039032  0.0000000E+00  0.0000000E+00  5.9684458E-07  1.5935040E-01  6.7898873E-02  1.5203615E-04 -1.2470776E-01  5.6848168E-02  1.1543934E-02 0.000 0.143 1.000 1.000 1.000 1.000 1.000 1.000 1.000 1.000 1.000 1.000 1.000 1.000 1.000 1.000 1.000 1.000 1.000 1.000 1.000 1.000 1.000 1.000 1.000 1.000 1.000 1.000 1.000 1.000 1.000 1.000 1.000 1.000 1.000 1.000 1.000 1.000 1.000 1.000  8.1058316903E-02   0.00205   1.00000   0.00000   0.00000   0.2332080E-02
  4022  2.523949044549335E+07   9.973592  4.172524  4.345340  0.7043767E+00  0.2814626E+00  2.6812130E-05  1.2269504E-03  1.0212698E-04  2.8081843E-03  5.7588488E-03  8.6379496E-06  8.3590360E-06  2.1084332E-03  1.7053625E-04  0.1407    4.345340  -8.368  1.447185  7.699616  0.1405084E-02  0.9849716E+00  1.3627658E-14  1.0458507E-04  2.8705471E-05  9.1101794E-03  1.5932952E-04  2.1048983E-07  4.4709715E-10  2.1084332E-03  1.7053625E-04  4.308E-14  2.691E-21  1.406E+11  9.597E+10  3.347E+01  1.037E+05  0.70422191  3.481E-05  8.470E-05  9.116E-01  0.000E+00  0.000E+00  1.090E+00  735    1.5105  9.41E-03 2.1153E+01 4.1659E+01    4.03E+02 0.00E+00 2.07E+02  0.702396  0.039078 4.03E+02 0.00E+00 2.08E+02  0.704222  0.039081  0.0000000E+00  0.0000000E+00  5.9932696E-07  1.5879216E-01  6.7898552E-02  1.5260106E-04 -1.2496243E-01  5.6964098E-02  1.1566509E-02 0.000 0.143 1.000 1.000 1.000 1.000 1.000 1.000 1.000 1.000 1.000 1.000 1.000 1.000 1.000 1.000 1.000 1.000 1.000 1.000 1.000 1.000 1.000 1.000 1.000 1.000 1.000 1.000 1.000 1.000 1.000 1.000 1.000 1.000 1.000 1.000 1.000 1.000 1.000 1.000  8.1057717576E-02   0.00195   1.00000   0.00000   0.00000   0.2329844E-02
  4023  2.524035877331754E+07   9.973589  4.173096  4.345791  0.7043669E+00  0.2814723E+00  2.6808796E-05  1.2267325E-03  1.0212466E-04  2.8086433E-03  5.7586182E-03  8.6386409E-06  8.3578913E-06  2.1084332E-03  1.7053625E-04  0.1400    4.345791  -8.366  1.451157  7.700725  0.1335291E-02  0.9850414E+00  1.1733266E-14  1.0488748E-04  2.8786402E-05  9.1098233E-03  1.5923450E-04  2.0977656E-07  4.4676708E-10  2.1084332E-03  1.7053625E-04  4.308E-14  2.691E-21  1.431E+11  9.888E+10  3.405E+01  1.068E+05  0.70480399  3.492E-05  8.521E-05  9.114E-01  0.000E+00  0.000E+00  1.090E+00  735    1.5105  9.41E-03 2.1151E+01 4.1663E+01    4.03E+02 0.00E+00 2.07E+02  0.703002  0.039130 4.03E+02 0.00E+00 2.08E+02  0.704804  0.039132  0.0000000E+00  0.0000000E+00  6.0208237E-07  1.5822182E-01  6.7898276E-02  1.5318419E-04 -1.2522578E-01  5.7084002E-02  1.1589731E-02 0.000 0.141 1.000 1.000 1.000 1.000 1.000 1.000 1.000 1.000 1.000 1.000 1.000 1.000 1.000 1.000 1.000 1.000 1.000 1.000 1.000 1.000 1.000 1.000 1.000 1.000 1.000 1.000 1.000 1.000 1.000 1.000 1.000 1.000 1.000 1.000 1.000 1.000 1.000 1.000  8.1057115494E-02   0.00186   1.00000   0.00000   0.00000   0.2327104E-02
  4024  2.524122710114172E+07   9.973585  4.173691  4.346260  0.7043566E+00  0.2814827E+00  2.6805275E-05  1.2265024E-03  1.0212221E-04  2.8091279E-03  5.7583747E-03  8.6393706E-06  8.3566827E-06  2.1084332E-03  1.7053625E-04  0.1394    4.346260  -8.364  1.455414  7.701885  0.1266363E-02  0.9851104E+00  1.0364620E-14  1.0518394E-04  2.8868926E-05  9.1094723E-03  1.5913959E-04  2.0908001E-07  4.4620580E-10  2.1084332E-03  1.7053625E-04  4.308E-14  2.691E-21  1.456E+11  1.020E+11  3.466E+01  1.102E+05  0.70538372  3.503E-05  8.574E-05  9.112E-01  0.000E+00  0.000E+00  1.090E+00  735    1.5105  9.41E-03 2.1149E+01 4.1669E+01    4.04E+02 0.00E+00 2.08E+02  0.703594  0.039184 4.04E+02 0.00E+00 2.08E+02  0.705384  0.039186  0.0000000E+00  0.0000000E+00  6.0488378E-07  1.5763674E-01  6.7897947E-02  1.5378800E-04 -1.2549917E-01  5.7208512E-02  1.1613762E-02 0.000 0.141 1.000 1.000 1.000 1.000 1.000 1.000 1.000 1.000 1.000 1.000 1.000 1.000 1.000 1.000 1.000 1.000 1.000 1.000 1.000 1.000 1.000 1.000 1.000 1.000 1.000 1.000 1.000 1.000 1.000 1.000 1.000 1.000 1.000 1.000 1.000 1.000 1.000 1.000  8.1056510610E-02   0.00176   1.00000   0.00000   0.00000   0.2324519E-02
  4025  2.524209542896591E+07   9.973581  4.174317  4.346743  0.7043458E+00  0.2814934E+00  2.6801611E-05  1.2262630E-03  1.0211965E-04  2.8096324E-03  5.7581213E-03  8.6401299E-06  8.3554248E-06  2.1084332E-03  1.7053625E-04  0.1384    4.346743  -8.362  1.459758  7.703085  0.1198376E-02  0.9851785E+00  9.1039366E-15  1.0548180E-04  2.8952627E-05  9.1091181E-03  1.5904491E-04  2.0838968E-07  4.4556741E-10  2.1084332E-03  1.7053625E-04  4.308E-14  2.691E-21  1.483E+11  1.053E+11  3.529E+01  1.138E+05  0.70613651  3.516E-05  8.630E-05  9.110E-01  0.000E+00  0.000E+00  1.091E+00  736    1.5105  9.41E-03 2.1147E+01 4.1674E+01    4.04E+02 0.00E+00 2.08E+02  0.704124  0.039239 4.04E+02 0.00E+00 2.09E+02  0.706137  0.039242  0.0000000E+00  0.0000000E+00  6.0769556E-07  1.5703691E-01  6.7897595E-02  1.5441330E-04 -1.2578230E-01  5.7337489E-02  1.1638589E-02 0.000 0.141 1.000 1.000 1.000 1.000 1.000 1.000 1.000 1.000 1.000 1.000 1.000 1.000 1.000 1.000 1.000 1.000 1.000 1.000 1.000 1.000 1.000 1.000 1.000 1.000 1.000 1.000 1.000 1.000 1.000 1.000 1.000 1.000 1.000 1.000 1.000 1.000 1.000 1.000  8.1055902914E-02   0.00167   1.00000   0.00000   0.00000   0.2321769E-02
  4026  2.524296375679010E+07   9.973577  4.174967  4.347229  0.7043360E+00  0.2815032E+00  2.6798284E-05  1.2260456E-03  1.0211733E-04  2.8100903E-03  5.7578911E-03  8.6408192E-06  8.3542830E-06  2.1084332E-03  1.7053625E-04  0.1379    4.347229  -8.360  1.464409  7.704336  0.1130430E-02  0.9852465E+00  7.7080536E-15  1.0581446E-04  2.9042214E-05  9.1087181E-03  1.5894912E-04  2.0765405E-07  4.4513043E-10  2.1084332E-03  1.7053625E-04  4.308E-14  2.691E-21  1.511E+11  1.089E+11  3.596E+01  1.176E+05  0.70681665  3.528E-05  8.689E-05  9.108E-01  0.000E+00  0.000E+00  1.091E+00  737    1.5105  9.41E-03 2.1145E+01 4.1680E+01    4.04E+02 0.00E+00 2.08E+02  0.704850  0.039298 4.04E+02 0.00E+00 2.09E+02  0.706817  0.039301  0.0000000E+00  0.0000000E+00  6.1093395E-07  1.5642306E-01  6.7897304E-02  1.5506088E-04 -1.2607664E-01  5.7471592E-02  1.1664226E-02 0.000 0.139 1.000 1.000 1.000 1.000 1.000 1.000 1.000 1.000 1.000 1.000 1.000 1.000 1.000 1.000 1.000 1.000 1.000 1.000 1.000 1.000 1.000 1.000 1.000 1.000 1.000 1.000 1.000 1.000 1.000 1.000 1.000 1.000 1.000 1.000 1.000 1.000 1.000 1.000  8.1055291980E-02   0.00158   1.00000   0.00000   0.00000   0.2318451E-02
  4027  2.524383208461428E+07   9.973573  4.175654  4.347737  0.7043259E+00  0.2815133E+00  2.6794832E-05  1.2258201E-03  1.0211491E-04  2.8105655E-03  5.7576523E-03  8.6415342E-06  8.3530981E-06  2.1084332E-03  1.7053625E-04  0.1368    4.347737  -8.358  1.469245  7.705640  0.1062708E-02  0.9853143E+00  6.4844027E-15  1.0617223E-04  2.9138078E-05  9.1082829E-03  1.5885245E-04  2.0688544E-07  4.4471521E-10  2.1084332E-03  1.7053625E-04  4.308E-14  2.691E-21  1.541E+11  1.127E+11  3.667E+01  1.217E+05  0.70750267  3.541E-05  8.753E-05  9.106E-01  0.000E+00  0.000E+00  1.091E+00  737    1.5105  9.41E-03 2.1143E+01 4.1682E+01    4.05E+02 0.00E+00 2.09E+02  0.705542  0.039359 4.05E+02 0.00E+00 2.10E+02  0.707503  0.039363  0.0000000E+00  0.0000000E+00  6.1420309E-07  1.5579303E-01  6.7896967E-02  1.5573343E-04 -1.2638295E-01  5.7611219E-02  1.1690804E-02 0.000 0.138 1.000 1.000 1.000 1.000 1.000 1.000 1.000 1.000 1.000 1.000 1.000 1.000 1.000 1.000 1.000 1.000 1.000 1.000 1.000 1.000 1.000 1.000 1.000 1.000 1.000 1.000 1.000 1.000 1.000 1.000 1.000 1.000 1.000 1.000 1.000 1.000 1.000 1.000  8.1054677777E-02   0.00148   1.00000   0.00000   0.00000   0.2315248E-02
  4028  2.524470041243847E+07   9.973570  4.176371  4.348259  0.7043155E+00  0.2815237E+00  2.6791301E-05  1.2255894E-03  1.0211244E-04  2.8110517E-03  5.7574079E-03  8.6422654E-06  8.3518862E-06  2.1084332E-03  1.7053625E-04  0.1357    4.348259  -8.356  1.474442  7.707014  0.9961615E-03  0.9853809E+00  5.5814946E-15  1.0652171E-04  2.9235658E-05  9.1078550E-03  1.5875628E-04  2.0614538E-07  4.4399747E-10  2.1084332E-03  1.7053625E-04  4.308E-14  2.691E-21  1.572E+11  1.168E+11  3.742E+01  1.262E+05  0.70822428  3.553E-05  8.819E-05  9.103E-01  0.000E+00  0.000E+00  1.091E+00  737    1.5105  9.41E-03 2.1141E+01 4.1686E+01    4.05E+02 0.00E+00 2.09E+02  0.706175  0.039425 4.05E+02 0.00E+00 2.10E+02  0.708224  0.039427  0.0000000E+00  0.0000000E+00  6.1759254E-07  1.5514526E-01  6.7896607E-02  1.5643350E-04 -1.2670269E-01  5.7756985E-02  1.1718440E-02 0.000 0.138 1.000 1.000 1.000 1.000 1.000 1.000 1.000 1.000 1.000 1.000 1.000 1.000 1.000 1.000 1.000 1.000 1.000 1.000 1.000 1.000 1.000 1.000 1.000 1.000 1.000 1.000 1.000 1.000 1.000 1.000 1.000 1.000 1.000 1.000 1.000 1.000 1.000 1.000  8.1054060185E-02   0.00139   1.00000   0.00000   0.00000   0.2311813E-02
  4029  2.524556874026266E+07   9.973566  4.177124  4.348796  0.7043050E+00  0.2815342E+00  2.6787728E-05  1.2253560E-03  1.0210994E-04  2.8115436E-03  5.7571606E-03  8.6430053E-06  8.3506598E-06  2.1084332E-03  1.7053625E-04  0.1348    4.348796  -8.353  1.479946  7.708450  0.9299950E-03  0.9854472E+00  4.6214932E-15  1.0690282E-04  2.9339077E-05  9.1073846E-03  1.5865938E-04  2.0536995E-07  4.4341425E-10  2.1084332E-03  1.7053625E-04  4.308E-14  2.691E-21  1.606E+11  1.213E+11  3.822E+01  1.310E+05  0.70898658  3.567E-05  8.891E-05  9.101E-01  0.000E+00  0.000E+00  1.092E+00  737    1.5105  9.41E-03 2.1139E+01 4.1690E+01    4.05E+02 0.00E+00 2.10E+02  0.706874  0.039492 4.05E+02 0.00E+00 2.11E+02  0.708987  0.039496  0.0000000E+00  0.0000000E+00  6.2116603E-07  1.5448083E-01  6.7896231E-02  1.5716112E-04 -1.2703634E-01  5.7909129E-02  1.1747087E-02 0.000 0.136 1.000 1.000 1.000 1.000 1.000 1.000 1.000 1.000 1.000 1.000 1.000 1.000 1.000 1.000 1.000 1.000 1.000 1.000 1.000 1.000 1.000 1.000 1.000 1.000 1.000 1.000 1.000 1.000 1.000 1.000 1.000 1.000 1.000 1.000 1.000 1.000 1.000 1.000  8.1053439019E-02   0.00130   1.00000   0.00000   0.00000   0.2308126E-02
  4030  2.524643706808684E+07   9.973562  4.177919  4.349348  0.7042945E+00  0.2815447E+00  2.6784151E-05  1.2251224E-03  1.0210743E-04  2.8120361E-03  5.7569129E-03  8.6437457E-06  8.3494322E-06  2.1084332E-03  1.7053625E-04  0.1333    4.349348  -8.351  1.485667  7.709956  0.8652337E-03  0.9855120E+00  3.9146754E-15  1.0727878E-04  2.9444506E-05  9.1069173E-03  1.5856329E-04  2.0462284E-07  4.4256761E-10  2.1084332E-03  1.7053625E-04  4.308E-14  2.691E-21  1.641E+11  1.260E+11  3.906E+01  1.361E+05  0.70979274  3.580E-05  8.967E-05  9.098E-01  0.000E+00  0.000E+00  1.092E+00  737    1.5105  9.41E-03 2.1137E+01 4.1695E+01    4.06E+02 0.00E+00 2.10E+02  0.707614  0.039564 4.06E+02 0.00E+00 2.11E+02  0.709793  0.039568  0.0000000E+00  0.0000000E+00  6.2498850E-07  1.5379783E-01  6.7895849E-02  1.5791833E-04 -1.2738436E-01  5.8067835E-02  1.1776914E-02 0.000 0.136 1.000 1.000 1.000 1.000 1.000 1.000 1.000 1.000 1.000 1.000 1.000 1.000 1.000 1.000 1.000 1.000 1.000 1.000 1.000 1.000 1.000 1.000 1.000 1.000 1.000 1.000 1.000 1.000 1.000 1.000 1.000 1.000 1.000 1.000 1.000 1.000 1.000 1.000  8.1052814030E-02   0.00121   1.00000   0.00000   0.00000   0.2304134E-02
  4031  2.524730539591103E+07   9.973558  4.178757  4.349914  0.7042840E+00  0.2815552E+00  2.6780588E-05  1.2248898E-03  1.0210492E-04  2.8125266E-03  5.7566663E-03  8.6444830E-06  8.3482096E-06  2.1084332E-03  1.7053625E-04  0.1320    4.349914  -8.348  1.491820  7.711537  0.8010728E-03  0.9855763E+00  3.1807634E-15  1.0769053E-04  2.9556683E-05  9.1064015E-03  1.5846675E-04  2.0384147E-07  4.4184955E-10  2.1084332E-03  1.7053625E-04  6.538E-15  2.371E-22  1.679E+11  1.312E+11  3.995E+01  1.417E+05  0.71064365  3.595E-05  9.049E-05  9.096E-01  0.000E+00  0.000E+00  1.092E+00  737    1.5105  9.41E-03 2.1135E+01 4.1699E+01    4.06E+02 0.00E+00 2.11E+02  0.708399  0.039640 4.06E+02 0.00E+00 2.12E+02  0.710644  0.039644  0.0000000E+00  0.0000000E+00  6.2907023E-07  1.5309683E-01  6.7895459E-02  1.5870681E-04 -1.2774838E-01  5.8233935E-02  1.1807921E-02 0.000 0.134 1.000 1.000 1.000 1.000 1.000 1.000 1.000 1.000 1.000 1.000 1.000 1.000 1.000 1.000 1.000 1.000 1.000 1.000 1.000 1.000 1.000 1.000 1.000 1.000 1.000 1.000 1.000 1.000 1.000 1.000 1.000 1.000 1.000 1.000 1.000 1.000 1.000 1.000  8.1052184960E-02   0.00112   1.00000   0.00000   0.00000   0.2299816E-02
  4032  2.524817372373522E+07   9.973554  4.179630  4.350495  0.7042735E+00  0.2815657E+00  2.6777034E-05  1.2246577E-03  1.0210242E-04  2.8130159E-03  5.7564201E-03  8.6452184E-06  8.3469900E-06  2.1084332E-03  1.7053625E-04  0.1306    4.350495  -8.346  1.498408  7.713204  0.7377123E-03  0.9856397E+00  2.5587629E-15  1.0813095E-04  2.9676282E-05  9.1058444E-03  1.5837003E-04  2.0303779E-07  4.4110250E-10  2.1084332E-03  1.7053625E-04  6.538E-15  2.371E-22  1.719E+11  1.368E+11  4.090E+01  1.478E+05  0.71139490  3.608E-05  9.137E-05  9.093E-01  0.000E+00  0.000E+00  1.092E+00  737    1.5105  9.41E-03 2.1133E+01 4.1701E+01    4.06E+02 0.00E+00 2.11E+02  0.709234  0.039720 4.06E+02 0.00E+00 2.12E+02  0.711395  0.039723  0.0000000E+00  0.0000000E+00  6.3341473E-07  1.5237796E-01  6.7895058E-02  1.5952818E-04 -1.2812955E-01  5.8407871E-02  1.1840189E-02 0.000 0.132 1.000 1.000 1.000 1.000 1.000 1.000 1.000 1.000 1.000 1.000 1.000 1.000 1.000 1.000 1.000 1.000 1.000 1.000 1.000 1.000 1.000 1.000 1.000 1.000 1.000 1.000 1.000 1.000 1.000 1.000 1.000 1.000 1.000 1.000 1.000 1.000 1.000 1.000  8.1051551545E-02   0.00103   1.00000   0.00000   0.00000   0.2295226E-02
  4033  2.524904205155940E+07   9.973550  4.180555  4.351093  0.7042621E+00  0.2815770E+00  2.6773172E-05  1.2244055E-03  1.0209970E-04  2.8135476E-03  5.7561527E-03  8.6460173E-06  8.3456649E-06  2.1084332E-03  1.7053625E-04  0.1289    4.351093  -8.343  1.505471  7.714965  0.6753320E-03  0.9857022E+00  2.0327644E-15  1.0859751E-04  2.9803309E-05  9.1052487E-03  1.5827339E-04  2.0222249E-07  4.4025314E-10  2.1084332E-03  1.7053625E-04  6.538E-15  2.371E-22  1.761E+11  1.430E+11  4.191E+01  1.544E+05  0.71229981  3.623E-05  9.233E-05  9.090E-01  0.000E+00  0.000E+00  1.093E+00  737    1.5105  9.41E-03 2.1131E+01 4.1705E+01    4.07E+02 0.00E+00 2.12E+02  0.709962  0.039803 4.07E+02 0.00E+00 2.13E+02  0.712300  0.039808  0.0000000E+00  0.0000000E+00  6.3773565E-07  1.5163984E-01  6.7894563E-02  1.6038492E-04 -1.2852934E-01  5.8590375E-02  1.1873864E-02 0.000 0.131 1.000 1.000 1.000 1.000 1.000 1.000 1.000 1.000 1.000 1.000 1.000 1.000 1.000 1.000 1.000 1.000 1.000 1.000 1.000 1.000 1.000 1.000 1.000 1.000 1.000 1.000 1.000 1.000 1.000 1.000 1.000 1.000 1.000 1.000 1.000 1.000 1.000 1.000  8.1050913810E-02   0.00094   1.00000   0.00000   0.00000   0.2290441E-02
  4034  2.524991037938359E+07   9.973546  4.181524  4.351694  0.7042509E+00  0.2815882E+00  2.6769371E-05  1.2241574E-03  1.0209702E-04  2.8140710E-03  5.7558894E-03  8.6468034E-06  8.3443607E-06  2.1084332E-03  1.7053625E-04  0.1269    4.351694  -8.340  1.513059  7.716828  0.6141335E-03  0.9857635E+00  1.5924558E-15  1.0908984E-04  2.9937778E-05  9.1046147E-03  1.5817711E-04  2.0140091E-07  4.3928826E-10  2.1084332E-03  1.7053625E-04  6.538E-15  2.371E-22  1.806E+11  1.496E+11  4.298E+01  1.616E+05  0.71326887  3.638E-05  9.336E-05  9.087E-01  0.000E+00  0.000E+00  1.093E+00  739    1.4933  9.41E-03 2.1129E+01 4.1707E+01    4.07E+02 0.00E+00 2.12E+02  0.710852  0.039893 4.07E+02 0.00E+00 2.13E+02  0.713269  0.039897  0.0000000E+00  0.0000000E+00  6.4259388E-07  1.5088335E-01  6.7894089E-02  1.6127855E-04 -1.2894879E-01  5.8781893E-02  1.1908998E-02 0.000 0.129 1.000 1.000 1.000 1.000 1.000 1.000 1.000 1.000 1.000 1.000 1.000 1.000 1.000 1.000 1.000 1.000 1.000 1.000 1.000 1.000 1.000 1.000 1.000 1.000 1.000 1.000 1.000 1.000 1.000 1.000 1.000 1.000 1.000 1.000 1.000 1.000 1.000 1.000  8.1050271216E-02   0.00086   1.00000   0.00000   0.00000   0.2284920E-02
  4035  2.525077870720778E+07   9.973542  4.182542  4.352308  0.7042397E+00  0.2815995E+00  2.6765552E-05  1.2239081E-03  1.0209433E-04  2.8145968E-03  5.7556247E-03  8.6475931E-06  8.3430503E-06  2.1084332E-03  1.7053625E-04  0.1246    4.352308  -8.337  1.521227  7.718801  0.5543424E-03  0.9858234E+00  1.2283239E-15  1.0960822E-04  3.0079802E-05  9.1039416E-03  1.5808155E-04  2.0057817E-07  4.3819531E-10  2.1084332E-03  1.7053625E-04  6.538E-15  2.371E-22  1.854E+11  1.569E+11  4.412E+01  1.695E+05  0.71413640  3.653E-05  9.449E-05  9.085E-01  0.000E+00  0.000E+00  1.093E+00  740    1.4933  9.41E-03 2.1127E+01 4.1712E+01    4.07E+02 0.00E+00 2.13E+02  0.711854  0.039985 4.08E+02 0.00E+00 2.14E+02  0.714136  0.039990  0.0000000E+00  0.0000000E+00  6.4779481E-07  1.5010914E-01  6.7893589E-02  1.6221046E-04 -1.2938896E-01  5.8982926E-02  1.1945674E-02 0.000 0.127 1.000 1.000 1.000 1.000 1.000 1.000 1.000 1.000 1.000 1.000 1.000 1.000 1.000 1.000 1.000 1.000 1.000 1.000 1.000 1.000 1.000 1.000 1.000 1.000 1.000 1.000 1.000 1.000 1.000 1.000 1.000 1.000 1.000 1.000 1.000 1.000 1.000 1.000  8.1049623421E-02   0.00078   1.00000   0.00000   0.00000   0.2279059E-02
  4036  2.525164703503196E+07   9.973538  4.183608  4.352943  0.7042274E+00  0.2816118E+00  2.6761381E-05  1.2236358E-03  1.0209138E-04  2.8151712E-03  5.7553357E-03  8.6484554E-06  8.3416191E-06  2.1084332E-03  1.7053625E-04  0.1224    4.352943  -8.334  1.530206  7.720900  0.4954068E-03  0.9858825E+00  9.0276287E-16  1.1018955E-04  3.0235641E-05  9.1031805E-03  1.5798574E-04  1.9970698E-07  4.3712458E-10  2.1084332E-03  1.7053625E-04  6.538E-15  2.371E-22  1.904E+11  1.649E+11  4.533E+01  1.781E+05  0.71501108  3.668E-05  9.574E-05  9.082E-01  0.000E+00  0.000E+00  1.094E+00  740    1.4933  9.41E-03 2.1125E+01 4.1714E+01    4.08E+02 0.00E+00 2.13E+02  0.712713  0.040084 4.08E+02 0.00E+00 2.14E+02  0.715011  0.040088  0.0000000E+00  0.0000000E+00  6.5303036E-07  1.4931858E-01  6.7892958E-02  1.6318171E-04 -1.2985228E-01  5.9194609E-02  1.1984001E-02 0.000 0.123 1.000 1.000 1.000 1.000 1.000 1.000 1.000 1.000 1.000 1.000 1.000 1.000 1.000 1.000 1.000 1.000 1.000 1.000 1.000 1.000 1.000 1.000 1.000 1.000 1.000 1.000 1.000 1.000 1.000 1.000 1.000 1.000 1.000 1.000 1.000 1.000 1.000 1.000  8.1048970390E-02   0.00069   1.00000   0.00000   0.00000   0.2273187E-02
  4037  2.525251536285615E+07   9.973534  4.184720  4.353622  0.7042144E+00  0.2816248E+00  2.6756974E-05  1.2233482E-03  1.0208826E-04  2.8157780E-03  5.7550303E-03  8.6493659E-06  8.3401075E-06  2.1084332E-03  1.7053625E-04  0.1193    4.353622  -8.331  1.539890  7.723130  0.4385014E-03  0.9859395E+00  6.6929011E-16  1.1078511E-04  3.0399122E-05  9.1023930E-03  1.5789165E-04  1.9886888E-07  4.3570165E-10  2.1084332E-03  1.7053625E-04  6.538E-15  2.371E-22  1.958E+11  1.737E+11  4.661E+01  1.876E+05  0.71608153  3.685E-05  9.711E-05  9.078E-01  0.000E+00  0.000E+00  1.094E+00  740    1.4933  9.41E-03 2.1122E+01 4.1718E+01    4.08E+02 0.00E+00 2.14E+02  0.713554  0.040186 4.08E+02 0.00E+00 2.15E+02  0.716082  0.040190  0.0000000E+00  0.0000000E+00  6.5846450E-07  1.4851402E-01  6.7892256E-02  1.6419129E-04 -1.3033812E-01  5.9416605E-02  1.2024009E-02 0.000 0.122 1.000 1.000 1.000 1.000 1.000 1.000 1.000 1.000 1.000 1.000 1.000 1.000 1.000 1.000 1.000 1.000 1.000 1.000 1.000 1.000 1.000 1.000 1.000 1.000 1.000 1.000 1.000 1.000 1.000 1.000 1.000 1.000 1.000 1.000 1.000 1.000 1.000 1.000  8.1048311926E-02   0.00061   1.00000   0.00000   0.00000   0.2267679E-02
  4038  2.525338369068034E+07   9.973530  4.185864  4.354304  0.7042027E+00  0.2816364E+00  2.6753040E-05  1.2230915E-03  1.0208547E-04  2.8163198E-03  5.7547575E-03  8.6501789E-06  8.3387578E-06  2.1084332E-03  1.7053625E-04  0.1162    4.354304  -8.327  1.550555  7.725503  0.3831578E-03  0.9859950E+00  4.7041702E-16  1.1144111E-04  3.0576659E-05  9.1015192E-03  1.5779844E-04  1.9800820E-07  4.3415944E-10  2.1084332E-03  1.7053625E-04  6.538E-15  2.371E-22  2.014E+11  1.833E+11  4.794E+01  1.979E+05  0.71725723  3.702E-05  9.864E-05  9.074E-01  0.000E+00  0.000E+00  1.094E+00  740    1.4933  9.41E-03 2.1120E+01 4.1722E+01    4.09E+02 0.00E+00 2.14E+02  0.714494  0.040293 4.09E+02 0.00E+00 2.15E+02  0.717257  0.040296  0.0000000E+00  0.0000000E+00  6.6423646E-07  1.4770062E-01  6.7891744E-02  1.6523843E-04 -1.3084800E-01  5.9649641E-02  1.2065734E-02 0.000 0.118 1.000 1.000 1.000 1.000 1.000 1.000 1.000 1.000 1.000 1.000 1.000 1.000 1.000 1.000 1.000 1.000 1.000 1.000 1.000 1.000 1.000 1.000 1.000 1.000 1.000 1.000 1.000 1.000 1.000 1.000 1.000 1.000 1.000 1.000 1.000 1.000 1.000 1.000  8.1047647690E-02   0.00054   1.00000   0.00000   0.00000   0.2262197E-02
  4039  2.525425201850452E+07   9.973526  4.187034  4.354979  0.7041924E+00  0.2816467E+00  2.6749553E-05  1.2228640E-03  1.0208299E-04  2.8167999E-03  5.7545157E-03  8.6508991E-06  8.3375617E-06  2.1084332E-03  1.7053625E-04  0.1124    4.354979  -8.324  1.562306  7.728027  0.3298548E-03  0.9860484E+00  3.2136923E-16  1.1214849E-04  3.0768462E-05  9.1005686E-03  1.5770693E-04  1.9715507E-07  4.3229244E-10  2.1084332E-03  1.7053625E-04  6.538E-15  2.371E-22  2.073E+11  1.937E+11  4.934E+01  2.092E+05  0.71832004  3.719E-05  1.003E-04  9.071E-01  0.000E+00  0.000E+00  1.095E+00  740    1.4933  9.41E-03 2.1117E+01 4.1728E+01    4.09E+02 0.00E+00 2.15E+02  0.715691  0.040402 4.09E+02 0.00E+00 2.16E+02  0.718320  0.040405  0.0000000E+00  0.0000000E+00  6.7053916E-07  1.4688500E-01  6.7891351E-02  1.6631820E-04 -1.3138112E-01  5.9893288E-02  1.2109100E-02 0.000 0.115 1.000 1.000 1.000 1.000 1.000 1.000 1.000 1.000 1.000 1.000 1.000 1.000 1.000 1.000 1.000 1.000 1.000 1.000 1.000 1.000 1.000 1.000 1.000 1.000 1.000 1.000 1.000 1.000 1.000 1.000 1.000 1.000 1.000 1.000 1.000 1.000 1.000 1.000  8.1046977150E-02   0.00046   1.00000   0.00000   0.00000   0.2254557E-02
  4040  2.525512034632871E+07   9.973522  4.188215  4.355652  0.7041821E+00  0.2816571E+00  2.6746055E-05  1.2226358E-03  1.0208050E-04  2.8172815E-03  5.7542732E-03  8.6516213E-06  8.3363621E-06  2.1084332E-03  1.7053625E-04  0.1081    4.355652  -8.320  1.575317  7.730713  0.2789157E-03  0.9860995E+00  2.1075144E-16  1.1291321E-04  3.0976069E-05  9.0995322E-03  1.5761770E-04  1.9632551E-07  4.2997513E-10  2.1084332E-03  1.7053625E-04  6.538E-15  2.371E-22  2.133E+11  2.050E+11  5.077E+01  2.213E+05  0.71934661  3.735E-05  1.023E-04  9.068E-01  0.000E+00  0.000E+00  1.095E+00  742    1.4761  9.41E-03 2.1115E+01 4.1735E+01    4.10E+02 0.00E+00 2.16E+02  0.716806  0.040513 4.10E+02 0.00E+00 2.17E+02  0.719347  0.040514  0.0000000E+00  0.0000000E+00  6.7686657E-07  1.4607673E-01  6.7890917E-02  1.6742227E-04 -1.3193627E-01  6.0147047E-02  1.2154104E-02 0.000 0.111 1.000 1.000 1.000 1.000 1.000 1.000 1.000 1.000 1.000 1.000 1.000 1.000 1.000 1.000 1.000 1.000 1.000 1.000 1.000 1.000 1.000 1.000 1.000 1.000 1.000 1.000 1.000 1.000 1.000 1.000 1.000 1.000 1.000 1.000 1.000 1.000 1.000 1.000  8.1046300284E-02   0.00039   1.00000   0.00000   0.00000   0.2247903E-02
  4041  2.525598867415290E+07   9.973518  4.189370  4.356298  0.7041717E+00  0.2816674E+00  2.6742560E-05  1.2224078E-03  1.0207802E-04  2.8177629E-03  5.7540308E-03  8.6523429E-06  8.3351633E-06  2.1084332E-03  1.7053625E-04  0.1029    4.356298  -8.317  1.589822  7.733543  0.2300330E-03  0.9861486E+00  1.2767939E-16  1.1378781E-04  3.1210460E-05  9.0983377E-03  1.5753009E-04  1.9550304E-07  4.2688701E-10  2.1084332E-03  1.7053625E-04  4.798E-16  7.036E-24  2.193E+11  2.169E+11  5.219E+01  2.343E+05  0.72033414  3.751E-05  1.044E-04  9.064E-01  0.000E+00  0.000E+00  1.096E+00  741    1.4761  9.41E-03 2.1112E+01 4.1742E+01    4.10E+02 0.00E+00 2.16E+02  0.717848  0.040625 4.10E+02 0.00E+00 2.17E+02  0.720334  0.040622  0.0000000E+00  0.0000000E+00  6.8312310E-07  1.4529151E-01  6.7890471E-02  1.6853595E-04 -1.3250970E-01  6.0409002E-02  1.2200314E-02 0.000 0.104 1.000 1.000 1.000 1.000 1.000 1.000 1.000 1.000 1.000 1.000 1.000 1.000 1.000 1.000 1.000 1.000 1.000 1.000 1.000 1.000 1.000 1.000 1.000 1.000 1.000 1.000 1.000 1.000 1.000 1.000 1.000 1.000 1.000 1.000 1.000 1.000 1.000 1.000  8.1045617161E-02   0.00033   1.00000   0.00000   0.00000   0.2241168E-02
  4042  2.525633600528257E+07   9.973516  4.189805  4.356456  0.7041675E+00  0.2816717E+00  2.6741129E-05  1.2223145E-03  1.0207700E-04  2.8179599E-03  5.7539315E-03  8.6526383E-06  8.3346725E-06  2.1084332E-03  1.7053625E-04  0.1009    4.356456  -8.315  1.596318  7.734734  0.2087680E-03  0.9861701E+00  9.2673380E-17  1.1507009E-04  3.1523062E-05  9.0965417E-03  1.5749010E-04  1.9460380E-07  4.2067794E-10  2.1084332E-03  1.7053625E-04  4.798E-16  7.036E-24  2.217E+11  2.220E+11  5.277E+01  2.397E+05  0.72105885  3.757E-05  1.054E-04  9.062E-01  0.000E+00  0.000E+00  1.096E+00  741    1.4761  9.41E-03 2.1111E+01 4.1746E+01    4.10E+02 0.00E+00 2.17E+02  0.719768  0.040665 4.10E+02 0.00E+00 2.18E+02  0.721059  0.040663  0.0000000E+00  0.0000000E+00  2.7512787E-07  1.4497881E-01  6.7890279E-02  1.6899095E-04 -1.3274785E-01  6.0517526E-02  1.2219404E-02 0.000 0.102 1.000 1.000 1.000 1.000 1.000 1.000 1.000 1.000 1.000 1.000 1.000 1.000 1.000 1.000 1.000 1.000 1.000 1.000 1.000 1.000 1.000 1.000 1.000 1.000 1.000 1.000 1.000 1.000 1.000 1.000 1.000 1.000 1.000 1.000 1.000 1.000 1.000 1.000  8.1045342033E-02   0.00029   1.00000   0.00000   0.00000   0.2234570E-02
  4043  2.525668333641224E+07   9.973514  4.190295  4.356717  0.7041633E+00  0.2816759E+00  2.6739695E-05  1.2222209E-03  1.0207598E-04  2.8181574E-03  5.7538321E-03  8.6529343E-06  8.3341807E-06  2.1084332E-03  1.7053625E-04  0.0980    4.356717  -8.314  1.603135  7.735979  0.1883052E-03  0.9861908E+00  7.2278400E-17  1.1611969E-04  3.1808694E-05  9.0950445E-03  1.5745130E-04  1.9392074E-07  4.1631990E-10  2.1084332E-03  1.7053625E-04  4.798E-16  7.036E-24  2.242E+11  2.273E+11  5.336E+01  2.455E+05  0.72138357  3.763E-05  1.065E-04  9.061E-01  0.000E+00  0.000E+00  1.097E+00  741    1.4761  9.41E-03 2.1110E+01 4.1748E+01    4.10E+02 0.00E+00 2.17E+02  0.720862  0.040703 4.10E+02 0.00E+00 2.18E+02  0.721384  0.040709  0.0000000E+00  0.0000000E+00  2.7649278E-07  1.4466568E-01  6.7890084E-02  1.6945493E-04 -1.3299349E-01  6.0629627E-02  1.2239254E-02 0.000 0.100 1.000 1.000 1.000 1.000 1.000 1.000 1.000 1.000 1.000 1.000 1.000 1.000 1.000 1.000 1.000 1.000 1.000 1.000 1.000 1.000 1.000 1.000 1.000 1.000 1.000 1.000 1.000 1.000 1.000 1.000 1.000 1.000 1.000 1.000 1.000 1.000 1.000 1.000  8.1045065540E-02   0.00026   1.00000   0.00000   0.00000   0.2231864E-02
  4044  2.525703066754192E+07   9.973513  4.190772  4.356973  0.7041588E+00  0.2816803E+00  2.6738193E-05  1.2221229E-03  1.0207490E-04  2.8183643E-03  5.7537278E-03  8.6532445E-06  8.3336654E-06  2.1084332E-03  1.7053625E-04  0.0947    4.356973  -8.313  1.610375  7.737276  0.1687125E-03  0.9862105E+00  5.5601214E-17  1.1700785E-04  3.2062926E-05  9.0937682E-03  1.5741384E-04  1.9340021E-07  4.1288930E-10  2.1084332E-03  1.7053625E-04  4.798E-16  7.036E-24  2.267E+11  2.328E+11  5.396E+01  2.514E+05  0.72182683  3.769E-05  1.076E-04  9.060E-01  0.000E+00  0.000E+00  1.097E+00  741    1.4761  9.41E-03 2.1109E+01 4.1751E+01    4.10E+02 0.00E+00 2.18E+02  0.720836  0.040754 4.10E+02 0.00E+00 2.18E+02  0.721827  0.040753  0.0000000E+00  0.0000000E+00  2.7732944E-07  1.4435682E-01  6.7889866E-02  1.6992291E-04 -1.3324490E-01  6.0744389E-02  1.2259712E-02 0.000 0.098 1.000 1.000 1.000 1.000 1.000 1.000 1.000 1.000 1.000 1.000 1.000 1.000 1.000 1.000 1.000 1.000 1.000 1.000 1.000 1.000 1.000 1.000 1.000 1.000 1.000 1.000 1.000 1.000 1.000 1.000 1.000 1.000 1.000 1.000 1.000 1.000 1.000 1.000  8.1044788211E-02   0.00024   1.00000   0.00000   0.00000   0.2229220E-02
  4045  2.525737799867159E+07   9.973511  4.191226  4.357202  0.7041546E+00  0.2816845E+00  2.6736777E-05  1.2220306E-03  1.0207390E-04  2.8185593E-03  5.7536296E-03  8.6535366E-06  8.3331798E-06  2.1084332E-03  1.7053625E-04  0.0922    4.357202  -8.311  1.618180  7.738607  0.1496795E-03  0.9862297E+00  4.0621497E-17  1.1782254E-04  3.2296456E-05  9.0925993E-03  1.5737705E-04  1.9298338E-07  4.0973161E-10  2.1084332E-03  1.7053625E-04  4.798E-16  7.036E-24  2.292E+11  2.385E+11  5.454E+01  2.576E+05  0.72229062  3.775E-05  1.088E-04  9.058E-01  0.000E+00  0.000E+00  1.097E+00  741    1.4761  9.41E-03 2.1108E+01 4.1753E+01    4.10E+02 0.00E+00 2.18E+02  0.721283  0.040798 4.11E+02 0.00E+00 2.18E+02  0.722291  0.040796  0.0000000E+00  0.0000000E+00  2.7835373E-07  1.4405647E-01  6.7889690E-02  1.7039022E-04 -1.3350049E-01  6.0860991E-02  1.2280542E-02 0.000 0.093 1.000 1.000 1.000 1.000 1.000 1.000 1.000 1.000 1.000 1.000 1.000 1.000 1.000 1.000 1.000 1.000 1.000 1.000 1.000 1.000 1.000 1.000 1.000 1.000 1.000 1.000 1.000 1.000 1.000 1.000 1.000 1.000 1.000 1.000 1.000 1.000 1.000 1.000  8.1044509857E-02   0.00021   1.00000   0.00000   0.00000   0.2226160E-02
  4046  2.525772532980127E+07   9.973509  4.191656  4.357409  0.7041506E+00  0.2816886E+00  2.6735408E-05  1.2219413E-03  1.0207292E-04  2.8187477E-03  5.7535347E-03  8.6538190E-06  8.3327105E-06  2.1084332E-03  1.7053625E-04  0.0880    4.357409  -8.310  1.626417  7.739976  0.1317187E-03  0.9862478E+00  3.0117253E-17  1.1854712E-04  3.2506043E-05  9.0915595E-03  1.5734200E-04  1.9267323E-07  4.0688503E-10  2.1084332E-03  1.7053625E-04  4.798E-16  7.036E-24  2.315E+11  2.442E+11  5.510E+01  2.638E+05  0.72257942  3.780E-05  1.101E-04  9.057E-01  0.000E+00  0.000E+00  1.097E+00  741    1.4761  9.41E-03 2.1107E+01 4.1755E+01    4.11E+02 0.00E+00 2.18E+02  0.721831  0.040838 4.11E+02 0.00E+00 2.18E+02  0.722579  0.040836  0.0000000E+00  0.0000000E+00  2.7939702E-07  1.4376838E-01  6.7889512E-02  1.7085120E-04 -1.3375770E-01  6.0978212E-02  1.2301666E-02 0.000 0.091 1.000 1.000 1.000 1.000 1.000 1.000 1.000 1.000 1.000 1.000 1.000 1.000 1.000 1.000 1.000 1.000 1.000 1.000 1.000 1.000 1.000 1.000 1.000 1.000 1.000 1.000 1.000 1.000 1.000 1.000 1.000 1.000 1.000 1.000 1.000 1.000 1.000 1.000  8.1044230460E-02   0.00018   1.00000   0.00000   0.00000   0.2223031E-02
  4047  2.525807266093094E+07   9.973507  4.192055  4.357612  0.7041460E+00  0.2816931E+00  2.6733873E-05  1.2218412E-03  1.0207182E-04  2.8189592E-03  5.7534281E-03  8.6541358E-06  8.3321840E-06  2.1084332E-03  1.7053625E-04  0.0847    4.357612  -8.309  1.635235  7.741363  0.1145306E-03  0.9862651E+00  2.1086877E-17  1.1924784E-04  3.2703621E-05  9.0905597E-03  1.5730806E-04  1.9242496E-07  4.0398080E-10  2.1084332E-03  1.7053625E-04  4.798E-16  7.036E-24  2.337E+11  2.499E+11  5.562E+01  2.699E+05  0.72291856  3.785E-05  1.115E-04  9.056E-01  0.000E+00  0.000E+00  1.097E+00  742    1.4589  9.41E-03 2.1106E+01 4.1755E+01    4.11E+02 0.00E+00 2.18E+02  0.722186  0.040876 4.11E+02 0.00E+00 2.19E+02  0.722919  0.040873  0.0000000E+00  0.0000000E+00  2.8028006E-07  1.4349663E-01  6.7889264E-02  1.7130091E-04 -1.3401492E-01  6.1095363E-02  1.2322955E-02 0.000 0.087 1.000 1.000 1.000 1.000 1.000 1.000 1.000 1.000 1.000 1.000 1.000 1.000 1.000 1.000 1.000 1.000 1.000 1.000 1.000 1.000 1.000 1.000 1.000 1.000 1.000 1.000 1.000 1.000 1.000 1.000 1.000 1.000 1.000 1.000 1.000 1.000 1.000 1.000  8.1043950180E-02   0.00016   1.00000   0.00000   0.00000   0.2220608E-02
  4048  2.525841999206061E+07   9.973506  4.192402  4.357787  0.7041415E+00  0.2816977E+00  2.6732335E-05  1.2217409E-03  1.0207072E-04  2.8191710E-03  5.7533214E-03  8.6544532E-06  8.3316565E-06  2.1084332E-03  1.7053625E-04  0.0806    4.357787  -8.308  1.644628  7.742763  0.9825375E-04  0.9862816E+00  1.4349129E-17  1.1993352E-04  3.2892713E-05  9.0895853E-03  1.5727552E-04  1.9223646E-07  4.0093119E-10  2.1084332E-03  1.7053625E-04  4.798E-16  7.036E-24  2.357E+11  2.555E+11  5.609E+01  2.759E+05  0.72324394  3.789E-05  1.130E-04  9.055E-01  0.000E+00  0.000E+00  1.097E+00  742    1.4589  9.41E-03 2.1105E+01 4.1755E+01    4.11E+02 0.00E+00 2.18E+02  0.722508  0.040911 4.11E+02 0.00E+00 2.19E+02  0.723244  0.040906  0.0000000E+00  0.0000000E+00  2.8108111E-07  1.4324626E-01  6.7889027E-02  1.7173374E-04 -1.3426972E-01  6.1211242E-02  1.2344297E-02 0.000 0.082 1.000 1.000 1.000 1.000 1.000 1.000 1.000 1.000 1.000 1.000 1.000 1.000 1.000 1.000 1.000 1.000 1.000 1.000 1.000 1.000 1.000 1.000 1.000 1.000 1.000 1.000 1.000 1.000 1.000 1.000 1.000 1.000 1.000 1.000 1.000 1.000 1.000 1.000  8.1043669099E-02   0.00014   1.00000   0.00000   0.00000   0.2218149E-02
  4049  2.525876732319029E+07   9.973504  4.192688  4.357937  0.7041369E+00  0.2817022E+00  2.6730798E-05  1.2216407E-03  1.0206962E-04  2.8193827E-03  5.7532147E-03  8.6547703E-06  8.3311293E-06  2.1084332E-03  1.7053625E-04  0.0759    4.357937  -8.307  1.654600  7.744165  0.8302451E-04  0.9862969E+00  9.4567710E-18  1.2060901E-04  3.3075402E-05  9.0886282E-03  1.5724468E-04  1.9209973E-07  3.9773136E-10  2.1084332E-03  1.7053625E-04  4.798E-16  7.036E-24  2.373E+11  2.608E+11  5.648E+01  2.817E+05  0.72350813  3.793E-05  1.147E-04  9.054E-01  0.000E+00  0.000E+00  1.098E+00  742    1.4589  9.41E-03 2.1103E+01 4.1755E+01    4.11E+02 0.00E+00 2.19E+02  0.722894  0.040939 4.11E+02 0.00E+00 2.19E+02  0.723508  0.040933  0.0000000E+00  0.0000000E+00  2.8180777E-07  1.4302297E-01  6.7888790E-02  1.7214181E-04 -1.3451893E-01  6.1324364E-02  1.2365534E-02 0.000 0.078 1.000 1.000 1.000 1.000 1.000 1.000 1.000 1.000 1.000 1.000 1.000 1.000 1.000 1.000 1.000 1.000 1.000 1.000 1.000 1.000 1.000 1.000 1.000 1.000 1.000 1.000 1.000 1.000 1.000 1.000 1.000 1.000 1.000 1.000 1.000 1.000 1.000 1.000  8.1043387291E-02   0.00012   1.00000   0.00000   0.00000   0.2216056E-02
  4050  2.525911465431996E+07   9.973502  4.192895  4.358056  0.7041323E+00  0.2817068E+00  2.6729252E-05  1.2215399E-03  1.0206852E-04  2.8195956E-03  5.7531075E-03  8.6550891E-06  8.3305994E-06  2.1084332E-03  1.7053625E-04  0.0707    4.358056  -8.306  1.665154  7.745550  0.6897586E-04  0.9863111E+00  6.0129874E-18  1.2127562E-04  3.3252446E-05  9.0876857E-03  1.5721586E-04  1.9201368E-07  3.9432303E-10  2.1084332E-03  1.7053625E-04  4.798E-16  7.036E-24  2.385E+11  2.657E+11  5.677E+01  2.869E+05  0.72369325  3.796E-05  1.164E-04  9.053E-01  0.000E+00  0.000E+00  1.098E+00  742    1.4589  9.41E-03 2.1102E+01 4.1755E+01    4.11E+02 0.00E+00 2.19E+02  0.723197  0.040960 4.11E+02 0.00E+00 2.19E+02  0.723693  0.040952  0.0000000E+00  0.0000000E+00  2.8236441E-07  1.4283344E-01  6.7888545E-02  1.7251599E-04 -1.3475869E-01  6.1432920E-02  1.2386456E-02 0.000 0.074 1.000 1.000 1.000 1.000 1.000 1.000 1.000 1.000 1.000 1.000 1.000 1.000 1.000 1.000 1.000 1.000 1.000 1.000 1.000 1.000 1.000 1.000 1.000 1.000 1.000 1.000 1.000 1.000 1.000 1.000 1.000 1.000 1.000 1.000 1.000 1.000 1.000 1.000  8.1043104926E-02   0.00010   1.00000   0.00000   0.00000   0.2214477E-02
  4051  2.525946198544963E+07   9.973501  4.193004  4.358139  0.7041277E+00  0.2817114E+00  2.6727691E-05  1.2214381E-03  1.0206740E-04  2.8198106E-03  5.7529991E-03  8.6554111E-06  8.3300640E-06  2.1084332E-03  1.7053625E-04  0.0660    4.358139  -8.306  1.676378  7.746886  0.5623162E-04  0.9863240E+00  3.6745863E-18  1.2193017E-04  3.3423263E-05  9.0867619E-03  1.5718936E-04  1.9197896E-07  3.9065900E-10  2.1084332E-03  1.7053625E-04  0.000E+00  0.000E+00  2.393E+11  2.700E+11  5.694E+01  2.916E+05  0.72392082  3.799E-05  1.184E-04  9.053E-01  0.000E+00  0.000E+00  1.098E+00  742    1.4589  9.41E-03 2.1101E+01 4.1754E+01    4.11E+02 0.00E+00 2.19E+02  0.723424  0.040972 4.11E+02 0.00E+00 2.19E+02  0.723921  0.040962  0.0000000E+00  0.0000000E+00  2.8271407E-07  1.4268462E-01  6.7888298E-02  1.7284696E-04 -1.3498519E-01  6.1535116E-02  1.2406853E-02 0.000 0.069 1.000 1.000 1.000 1.000 1.000 1.000 1.000 1.000 1.000 1.000 1.000 1.000 1.000 1.000 1.000 1.000 1.000 1.000 1.000 1.000 1.000 1.000 1.000 1.000 1.000 1.000 1.000 1.000 1.000 1.000 1.000 1.000 1.000 1.000 1.000 1.000 1.000 1.000  8.1042822212E-02   0.00008   1.00000   0.00000   0.00000   0.2213524E-02
  4052  2.525994824903118E+07   9.973498  4.192919  4.358161  0.7041217E+00  0.2817174E+00  2.6725683E-05  1.2213071E-03  1.0206596E-04  2.8200872E-03  5.7528597E-03  8.6558253E-06  8.3293754E-06  2.1084332E-03  1.7053625E-04  0.0576    4.358161  -8.306  1.693125  7.748617  0.4097726E-04  0.9863393E+00  1.6398045E-18  1.2263340E-04  3.3611683E-05  9.0857676E-03  1.5715723E-04  1.9185821E-07  3.8779043E-10  2.1084332E-03  1.7053625E-04  0.000E+00  0.000E+00  2.391E+11  2.744E+11  5.690E+01  2.963E+05  0.72403195  3.801E-05  1.213E-04  9.052E-01  0.000E+00  0.000E+00  1.098E+00  743    1.4416  9.41E-03 2.1099E+01 4.1753E+01    4.11E+02 0.00E+00 2.19E+02  0.723612  0.040977 4.11E+02 0.00E+00 2.19E+02  0.724032  0.040954  0.0000000E+00  0.0000000E+00  3.9607720E-07  1.4257666E-01  6.7888024E-02  1.7319587E-04 -1.3526246E-01  6.1659376E-02  1.2433339E-02 0.000 0.060 1.000 1.000 1.000 1.000 1.000 1.000 1.000 1.000 1.000 1.000 1.000 1.000 1.000 1.000 1.000 1.000 1.000 1.000 1.000 1.000 1.000 1.000 1.000 1.000 1.000 1.000 1.000 1.000 1.000 1.000 1.000 1.000 1.000 1.000 1.000 1.000 1.000 1.000  8.1042426135E-02   0.00006   1.00000   0.00000   0.00000   0.2213478E-02
  4053  2.526043451261272E+07   9.973496  4.192549  4.358066  0.7041162E+00  0.2817229E+00  2.6723819E-05  1.2211856E-03  1.0206463E-04  2.8203439E-03  5.7527303E-03  8.6562096E-06  8.3287363E-06  2.1084332E-03  1.7053625E-04  0.0460    4.358066  -8.306  1.711033  7.750130  0.2768601E-04  0.9863528E+00  5.6031387E-19  1.2352916E-04  3.3823883E-05  9.0845206E-03  1.5712827E-04  1.9183001E-07  3.8088078E-10  2.1084332E-03  1.7053625E-04  0.000E+00  0.000E+00  2.375E+11  2.767E+11  5.652E+01  2.988E+05  0.72391547  3.800E-05  1.245E-04  9.053E-01  0.000E+00  0.000E+00  1.098E+00  743    1.4416  9.41E-03 2.1097E+01 4.1753E+01    4.11E+02 0.00E+00 2.19E+02  0.723861  0.040946 4.11E+02 0.00E+00 2.19E+02  0.723915  0.040919  0.0000000E+00  0.0000000E+00  3.9553646E-07  1.4258913E-01  6.7887789E-02  1.7340404E-04 -1.3548897E-01  6.1759551E-02  1.2457379E-02 0.000 0.049 1.000 1.000 1.000 1.000 1.000 1.000 1.000 1.000 1.000 1.000 1.000 1.000 1.000 1.000 1.000 1.000 1.000 1.000 1.000 1.000 1.000 1.000 1.000 1.000 1.000 1.000 1.000 1.000 1.000 1.000 1.000 1.000 1.000 1.000 1.000 1.000 1.000 1.000  8.1042030599E-02   0.00004   1.00000   0.00000   0.00000   0.2214802E-02
  4054  2.526092077619427E+07   9.973493  4.191856  4.357849  0.7041110E+00  0.2817282E+00  2.6722047E-05  1.2210701E-03  1.0206336E-04  2.8205879E-03  5.7526073E-03  8.6565749E-06  8.3281287E-06  2.1084332E-03  1.7053625E-04  0.0316    4.357849  -8.308  1.730306  7.751278  0.1659199E-04  0.9863641E+00  1.1899364E-19  1.2464544E-04  3.4068480E-05  9.0829781E-03  1.5710291E-04  1.9210169E-07  3.6748074E-10  2.1084332E-03  1.7053625E-04  0.000E+00  0.000E+00  2.342E+11  2.765E+11  5.575E+01  2.986E+05  0.72347295  3.796E-05  1.280E-04  9.054E-01  0.000E+00  0.000E+00  1.098E+00  743    1.4416  9.41E-03 2.1095E+01 4.1752E+01    4.11E+02 0.00E+00 2.19E+02  0.723925  0.040884 4.11E+02 0.00E+00 2.19E+02  0.723473  0.040854  0.0000000E+00  0.0000000E+00  3.9406987E-07  1.4274145E-01  6.7887569E-02  1.7344451E-04 -1.3565228E-01  6.1829847E-02  1.2478233E-02 0.000 0.035 1.000 1.000 1.000 1.000 1.000 1.000 1.000 1.000 1.000 1.000 1.000 1.000 1.000 1.000 1.000 1.000 1.000 1.000 1.000 1.000 1.000 1.000 1.000 1.000 1.000 1.000 1.000 1.000 1.000 1.000 1.000 1.000 1.000 1.000 1.000 1.000 1.000 1.000  8.1041636529E-02   0.00003   1.00000   0.00000   0.00000   0.2218272E-02
  4055  2.526140703977581E+07   9.973491  4.190807  4.357499  0.7041058E+00  0.2817333E+00  2.6720309E-05  1.2209568E-03  1.0206211E-04  2.8208273E-03  5.7524866E-03  8.6569332E-06  8.3275328E-06  2.1084332E-03  1.7053625E-04  0.0130    4.357499  -8.311  1.750697  7.751890  0.7643672E-05  0.9863734E+00  2.7901910E-32  1.2622090E-04  3.4387590E-05  9.0808161E-03  1.5708052E-04  1.9368896E-07  3.3667950E-10  2.1084332E-03  1.7053625E-04  0.000E+00  0.000E+00  2.293E+11  2.735E+11  5.458E+01  2.954E+05  0.72294102  3.790E-05  1.320E-04  9.056E-01  0.000E+00  0.000E+00  1.098E+00  743    1.4416  9.41E-03 2.1093E+01 4.1752E+01    4.11E+02 0.00E+00 2.19E+02  0.723644  0.040789 4.11E+02 0.00E+00 2.19E+02  0.722941  0.040755  0.0000000E+00  0.0000000E+00  3.9145858E-07  1.4304953E-01  6.7887359E-02  1.7329547E-04 -1.3574158E-01  6.1865248E-02  1.2495185E-02 0.000 0.014 1.000 1.000 1.000 1.000 1.000 1.000 1.000 1.000 1.000 1.000 1.000 1.000 1.000 1.000 1.000 1.000 1.000 1.000 1.000 1.000 1.000 1.000 1.000 1.000 1.000 1.000 1.000 1.000 1.000 1.000 1.000 1.000 1.000 1.000 1.000 1.000 1.000 1.000  8.1041245070E-02   0.00001   1.00000   0.00000   0.00000   0.2224142E-02
  4056  2.526189330335736E+07   9.973489  4.189392  4.356978  0.7041016E+00  0.2817375E+00  2.6718901E-05  1.2208651E-03  1.0206110E-04  2.8210211E-03  5.7523889E-03  8.6572234E-06  8.3270502E-06  2.1084332E-03  1.7053625E-04  0.0000    4.356978  -8.315  1.772043  7.751701  0.2310529E-05  0.9863790E+00  0.0000000E+00  1.2772608E-04  3.4681554E-05  9.0787561E-03  1.5706546E-04  1.9580175E-07  3.0765781E-10  2.1084332E-03  1.7053625E-04  0.000E+00  0.000E+00  2.229E+11  2.680E+11  5.305E+01  2.894E+05  0.72208961  3.780E-05  1.364E-04  9.059E-01  0.000E+00  0.000E+00  1.098E+00  744    1.4243  9.41E-03 2.1091E+01 4.1752E+01    4.11E+02 0.00E+00 2.19E+02  0.723290  0.040657 4.11E+02 0.00E+00 2.18E+02  0.722090  0.040623  0.0000000E+00  0.0000000E+00  3.8792247E-07  1.4352425E-01  6.7887249E-02  1.7294279E-04 -1.3574804E-01  6.1861743E-02  1.2507380E-02 0.000 0.000 1.000 1.000 1.000 1.000 1.000 1.000 1.000 1.000 1.000 1.000 1.000 1.000 1.000 1.000 1.000 1.000 1.000 1.000 1.000 1.000 1.000 1.000 1.000 1.000 1.000 1.000 1.000 1.000 1.000 1.000 1.000 1.000 1.000 1.000 1.000 1.000 1.000 1.000  8.1040857148E-02   0.00000   1.00000   0.00000   0.00000   0.2231642E-02
  4057  2.526237956693890E+07   9.973486  4.187642  4.356275  0.7040979E+00  0.2817412E+00  2.6717660E-05  1.2207842E-03  1.0206021E-04  2.8211921E-03  5.7523027E-03  8.6574792E-06  8.3266246E-06  2.1084332E-03  1.7053625E-04  0.0000    4.356275  -8.319  1.793182  7.751050  0.6863991E-06  0.9863807E+00  0.0000000E+00  1.2824123E-04  3.4761875E-05  9.0780728E-03  1.5706087E-04  1.9654734E-07  2.9136268E-10  2.1084332E-03  1.7053625E-04  0.000E+00  0.000E+00  2.166E+11  2.678E+11  5.154E+01  2.892E+05  0.72087688  3.765E-05  1.409E-04  9.063E-01  0.000E+00  0.000E+00  1.097E+00  744    1.4243  9.41E-03 2.1091E+01 4.1753E+01    4.11E+02 0.00E+00 2.18E+02  0.722751  0.040490 4.10E+02 0.00E+00 2.18E+02  0.720877  0.040459  0.0000000E+00  0.0000000E+00  3.8341145E-07  1.4416426E-01  6.7887145E-02  1.7238999E-04 -1.3567252E-01  6.1820420E-02  1.2513514E-02 0.000 0.000 0.261 0.268 0.274 0.300 0.306 0.322 1.000 1.000 1.000 1.000 1.000 1.000 1.000 1.000 1.000 1.000 1.000 1.000 1.000 1.000 1.000 1.000 1.000 1.000 1.000 1.000 1.000 1.000 1.000 1.000 1.000 1.000 1.000 1.000 1.000 1.000 1.000 1.000  8.1040473736E-02   0.00000   1.00000   0.00000   0.00000   0.2240388E-02
  4058  2.526286583052044E+07   9.973484  4.185651  4.355453  0.7040940E+00  0.2817451E+00  2.6716333E-05  1.2206976E-03  1.0205926E-04  2.8213749E-03  5.7522105E-03  8.6577527E-06  8.3261695E-06  2.1084332E-03  1.7053625E-04  0.0000    4.355453  -8.325  1.813510  7.750251  0.2006997E-06  0.9863812E+00  0.0000000E+00  1.2839961E-04  3.4783073E-05  9.0778667E-03  1.5705950E-04  1.9677735E-07  2.8428382E-10  2.1084332E-03  1.7053625E-04  0.000E+00  0.000E+00  2.112E+11  2.806E+11  5.027E+01  3.030E+05  0.71953035  3.748E-05  1.454E-04  9.067E-01  0.000E+00  0.000E+00  1.097E+00  750    1.4243  9.41E-03 2.0095E+01 4.1754E+01    4.10E+02 0.00E+00 2.18E+02  0.721930  0.040296 4.10E+02 0.00E+00 2.17E+02  0.719530  0.040274  0.0000000E+00  0.0000000E+00  3.7805777E-07  1.4494906E-01  6.7887026E-02  1.7165492E-04 -1.3552709E-01  6.1748372E-02  1.2512513E-02 0.000 0.000 0.253 0.288 0.297 0.342 1.000 1.000 1.000 1.000 1.000 1.000 1.000 1.000 1.000 1.000 1.000 1.000 1.000 1.000 1.000 1.000 1.000 1.000 1.000 1.000 1.000 1.000 1.000 1.000 1.000 1.000 1.000 1.000 1.000 1.000 1.000 1.000 1.000 1.000  8.1040095679E-02   0.00000   1.00000   0.00000   0.00000   0.2251232E-02
  4059  2.526335209410199E+07   9.973482  4.183604  4.354539  0.7040903E+00  0.2817489E+00  2.6715078E-05  1.2206159E-03  1.0205835E-04  2.8215477E-03  5.7521234E-03  8.6580113E-06  8.3257395E-06  2.1084332E-03  1.7053625E-04  0.0000    4.354539  -8.331  1.832604  7.749259  0.5803987E-07  0.9863813E+00  0.0000000E+00  1.2844569E-04  3.4788930E-05  9.0778072E-03  1.5705910E-04  1.9684339E-07  2.8191950E-10  2.1084332E-03  1.7053625E-04  0.000E+00  0.000E+00  2.289E+11  4.145E+11  5.448E+01  4.477E+05  0.71800127  3.728E-05  1.497E-04  9.072E-01  0.000E+00  0.000E+00  1.097E+00  782    1.4243  9.41E-03 2.0095E+01 4.1757E+01    4.10E+02 0.00E+00 2.17E+02  0.720816  0.040090 4.10E+02 0.00E+00 2.16E+02  0.718001  0.040085  0.0000000E+00  0.0000000E+00  3.7220552E-07  1.4584290E-01  6.7886937E-02  1.7080176E-04 -1.3532232E-01  6.1647971E-02  1.2501082E-02 0.000 0.000 0.250 0.297 0.305 0.334 1.000 1.000 1.000 1.000 1.000 1.000 1.000 1.000 1.000 1.000 1.000 1.000 1.000 1.000 1.000 1.000 1.000 1.000 1.000 1.000 1.000 1.000 1.000 1.000 1.000 1.000 1.000 1.000 1.000 1.000 1.000 1.000 1.000 1.000  8.1039723473E-02   0.00000   1.00000   0.00000   0.00000   0.2262150E-02
  4060  2.526383835768353E+07   9.973480  4.181449  4.353573  0.7040866E+00  0.2817525E+00  2.6713851E-05  1.2205359E-03  1.0205747E-04  2.8217168E-03  5.7520381E-03  8.6582642E-06  8.3253186E-06  2.1084332E-03  1.7053625E-04  0.0000    4.353573  -8.337  1.851452  7.748614  0.1648161E-07  0.9863814E+00  0.0000000E+00  1.2845899E-04  3.4790602E-05  9.0777901E-03  1.5705899E-04  1.9686218E-07  2.8121642E-10  2.1084332E-03  1.7053625E-04  0.000E+00  0.000E+00  2.196E+11  3.936E+11  5.226E+01  4.251E+05  0.71639225  3.706E-05  1.542E-04  9.077E-01  0.000E+00  0.000E+00  1.096E+00  780    1.4243  9.41E-03 2.0095E+01 4.1759E+01    4.09E+02 0.00E+00 2.17E+02  0.719592  0.039896 4.09E+02 0.00E+00 2.15E+02  0.716392  0.039886  0.0000000E+00  0.0000000E+00  3.6664967E-07  1.4682667E-01  6.7886911E-02  1.6990663E-04 -1.3511961E-01  6.1546209E-02  1.2492496E-02 0.000 0.000 0.249 0.300 0.308 0.336 0.348 0.354 1.000 1.000 1.000 1.000 1.000 1.000 1.000 1.000 1.000 1.000 1.000 1.000 1.000 1.000 1.000 1.000 1.000 1.000 1.000 1.000 1.000 1.000 1.000 1.000 1.000 1.000 1.000 1.000 1.000 1.000 1.000 1.000  8.1039356823E-02   0.00000   1.00000   0.00000   0.00000   0.2274361E-02
