   221  4.848351999999987E+04  29.991963  5.045915  4.603479  0.7200000E+00  0.2659559E+00  4.4148181E-05  2.5481432E-03  3.0923260E-05  7.3521583E-04  6.3821817E-03  2.5285551E-06  1.4396930E-05  2.0947283E-03  1.6942776E-04  0.5505    4.603479  -6.781  0.610812  7.598130  0.7169962E+00  0.2686715E+00  1.0675336E-07  3.9233014E-05  1.0282824E-05  4.3225437E-03  5.6595038E-03  1.2849321E-05  3.5140595E-08  2.0939148E-03  7.6012348E-05  5.351E-10  3.551E-16  4.380E+11  1.134E+13  1.042E+02  1.225E+07  0.56701110  6.167E-05  6.188E-05  9.469E-01  0.000E+00  3.210E-06  1.056E+00  268   16.5459  1.00E-02 3.4538E+01 5.1295E+01    7.57E+02 0.00E+00 3.02E+02  0.567632  0.097999 7.56E+02 0.00E+00 3.02E+02  0.567011  0.097986  0.0000000E+00  0.0000000E+00  6.8932473E-06  1.0007307E+00  6.1831674E-01  1.9096681E-03 -6.6609339E-01  2.7878701E-01  1.1726441E-01 0.000 0.554 1.000 1.000 1.000 1.000 1.000 1.000 1.000 1.000 1.000 1.000 1.000 1.000 1.000 1.000 1.000 1.000 1.000 1.000 1.000 1.000 1.000 1.000 1.000 1.000 1.000 1.000 1.000 1.000 1.000 1.000 1.000 1.000 1.000 1.000 1.000 1.000 1.000 1.000  6.9323384709E-01   0.99583   1.00000   0.00000   0.00000   0.1566259E-01
   226  4.998174399999988E+04  29.991716  5.045296  4.603063  0.7200000E+00  0.2659559E+00  4.4148195E-05  2.5481432E-03  3.0923260E-05  7.3521583E-04  6.3821817E-03  2.5285551E-06  1.4396930E-05  2.0947283E-03  1.6942776E-04  0.5528    4.603063  -6.783  0.608129  7.597278  0.7169253E+00  0.2687452E+00  1.9562514E-07  4.4090081E-05  1.1087338E-05  4.3303344E-03  5.6429869E-03  1.2978285E-05  6.1069193E-08  2.0938950E-03  7.4832425E-05  5.351E-10  3.551E-16  6.247E+11  2.011E+13  1.487E+02  2.172E+07  0.56517246  6.133E-05  6.175E-05  9.473E-01  0.000E+00  3.285E-06  1.056E+00  268   16.5459  1.00E-02 3.4607E+01 5.1397E+01    7.56E+02 0.00E+00 3.01E+02  0.565543  0.097842 7.56E+02 0.00E+00 3.01E+02  0.565172  0.097848  0.0000000E+00  0.0000000E+00  9.5671151E-06  1.0045190E+00  6.1844597E-01  1.9032980E-03 -6.6478878E-01  2.7823778E-01  1.1705758E-01 0.000 0.554 1.000 1.000 1.000 1.000 1.000 1.000 1.000 1.000 1.000 1.000 1.000 1.000 1.000 1.000 1.000 1.000 1.000 1.000 1.000 1.000 1.000 1.000 1.000 1.000 1.000 1.000 1.000 1.000 1.000 1.000 1.000 1.000 1.000 1.000 1.000 1.000 1.000 1.000  6.9318583724E-01   0.99573   1.00000   0.00000   0.00000   0.1570797E-01
   260  6.894806126079982E+04  29.988581  5.046956  4.603191  0.7200000E+00  0.2659559E+00  4.4148335E-05  2.5481432E-03  3.0923260E-05  7.3521583E-04  6.3821817E-03  2.5285551E-06  1.4396930E-05  2.0947283E-03  1.6942776E-04  0.5492    4.603191  -6.781  0.606093  7.596658  0.7157755E+00  0.2699257E+00  1.7807396E-07  4.1133962E-05  1.0662063E-05  4.5594160E-03  5.3850028E-03  1.3672679E-05  4.3505030E-08  2.0935839E-03  5.6016915E-05  4.336E-10  2.858E-16  5.413E+11  1.795E+13  1.288E+02  1.938E+07  0.54948248  5.931E-05  6.265E-05  9.505E-01  0.000E+00  4.451E-06  1.052E+00  268   16.4613  1.00E-02 3.5219E+01 5.2307E+01    7.55E+02 0.00E+00 2.91E+02  0.549557  0.098234 7.55E+02 0.00E+00 2.91E+02  0.549482  0.098233  0.0000000E+00  0.0000000E+00  2.5533241E-05  1.0081335E+00  6.2001894E-01  1.9058632E-03 -6.6348075E-01  2.7761420E-01  1.1698277E-01 0.000 0.552 1.000 1.000 1.000 1.000 1.000 1.000 1.000 1.000 1.000 1.000 1.000 1.000 1.000 1.000 1.000 1.000 1.000 1.000 1.000 1.000 1.000 1.000 1.000 1.000 1.000 1.000 1.000 1.000 1.000 1.000 1.000 1.000 1.000 1.000 1.000 1.000 1.000 1.000  6.9258903542E-01   0.99413   1.00000   0.00000   0.00000   0.1575394E-01
   278  9.256237277286391E+04  29.984667  5.047760  4.603039  0.7200000E+00  0.2659559E+00  4.4148470E-05  2.5481432E-03  3.0923260E-05  7.3521583E-04  6.3821817E-03  2.5285551E-06  1.4396930E-05  2.0947283E-03  1.6942776E-04  0.5489    4.603039  -6.780  0.604150  7.596142  0.7141779E+00  0.2715620E+00  1.4185419E-07  3.9884241E-05  1.0627033E-05  4.8392784E-03  5.0668102E-03  1.3744826E-05  2.9994496E-08  2.0931793E-03  3.8419413E-05  3.313E-10  2.134E-16  4.401E+11  1.409E+13  1.047E+02  1.522E+07  0.54029711  5.806E-05  6.297E-05  9.523E-01  0.000E+00  5.908E-06  1.050E+00  268   16.4613  9.97E-03 3.5510E+01 5.2741E+01    7.53E+02 0.00E+00 2.85E+02  0.540745  0.098429 7.53E+02 0.00E+00 2.85E+02  0.540297  0.098428  0.0000000E+00  0.0000000E+00  4.9244831E-05  1.0115457E+00  6.2053253E-01  1.9037442E-03 -6.6219463E-01  2.7697091E-01  1.1697185E-01 0.000 0.552 1.000 1.000 1.000 1.000 1.000 1.000 1.000 1.000 1.000 1.000 1.000 1.000 1.000 1.000 1.000 1.000 1.000 1.000 1.000 1.000 1.000 1.000 1.000 1.000 1.000 1.000 1.000 1.000 1.000 1.000 1.000 1.000 1.000 1.000 1.000 1.000 1.000 1.000  6.9186290949E-01   0.99191   1.00000   0.00000   0.00000   0.1576821E-01
   290  1.162523290153983E+05  29.980731  5.048609  4.602626  0.7200000E+00  0.2659559E+00  4.4148600E-05  2.5481432E-03  3.0923260E-05  7.3521583E-04  6.3821817E-03  2.5285551E-06  1.4396930E-05  2.0947283E-03  1.6942776E-04  0.5484    4.602626  -6.779  0.601745  7.595476  0.7124825E+00  0.2732941E+00  1.1879232E-07  3.9799672E-05  1.0803702E-05  5.1001307E-03  4.7689499E-03  1.3366417E-05  2.0004298E-08  2.0927775E-03  2.6387205E-05  2.918E-10  1.839E-16  3.762E+11  1.157E+13  8.953E+01  1.249E+07  0.53636058  5.734E-05  6.288E-05  9.531E-01  0.000E+00  7.285E-06  1.049E+00  268   16.4613  9.93E-03 3.5593E+01 5.2866E+01    7.52E+02 0.00E+00 2.82E+02  0.536809  0.098632 7.52E+02 0.00E+00 2.82E+02  0.536361  0.098633  0.0000000E+00  0.0000000E+00  6.3736463E-05  1.0158930E+00  6.2033144E-01  1.8951257E-03 -6.6062955E-01  2.7620598E-01  1.1691985E-01 0.000 0.552 1.000 1.000 1.000 1.000 1.000 1.000 1.000 1.000 1.000 1.000 1.000 1.000 1.000 1.000 1.000 1.000 1.000 1.000 1.000 1.000 1.000 1.000 1.000 1.000 1.000 1.000 1.000 1.000 1.000 1.000 1.000 1.000 1.000 1.000 1.000 1.000 1.000 1.000  6.9114116356E-01   0.98956   1.00000   0.00000   0.00000   0.1572636E-01
   299  1.351076003104768E+05  29.977590  5.049310  4.602220  0.7200000E+00  0.2659559E+00  4.4148763E-05  2.5481432E-03  3.0923260E-05  7.3521583E-04  6.3821817E-03  2.5285551E-06  1.4396930E-05  2.0947283E-03  1.6942776E-04  0.5479    4.602220  -6.778  0.599692  7.594898  0.7111048E+00  0.2746991E+00  1.0501741E-07  4.0427457E-05  1.1044250E-05  5.2920524E-03  4.5489990E-03  1.2814193E-05  1.4880955E-08  2.0924664E-03  1.9599221E-05  2.578E-10  1.586E-16  3.370E+11  1.005E+13  8.020E+01  1.085E+07  0.53511667  5.696E-05  6.268E-05  9.533E-01  0.000E+00  8.303E-06  1.049E+00  268   16.4613  9.91E-03 3.5594E+01 5.2870E+01    7.51E+02 0.00E+00 2.81E+02  0.535225  0.098800 7.51E+02 0.00E+00 2.81E+02  0.535117  0.098803  0.0000000E+00  0.0000000E+00  6.3755993E-05  1.0196557E+00  6.1991038E-01  1.8860162E-03 -6.5929906E-01  2.7556078E-01  1.1686510E-01 0.000 0.552 1.000 1.000 1.000 1.000 1.000 1.000 1.000 1.000 1.000 1.000 1.000 1.000 1.000 1.000 1.000 1.000 1.000 1.000 1.000 1.000 1.000 1.000 1.000 1.000 1.000 1.000 1.000 1.000 1.000 1.000 1.000 1.000 1.000 1.000 1.000 1.000 1.000 1.000  6.9056753997E-01   0.98764   1.00000   0.00000   0.00000   0.1567543E-01
   306  1.497728113177600E+05  29.975141  5.049840  4.601833  0.7200000E+00  0.2659559E+00  4.4148892E-05  2.5481432E-03  3.0923261E-05  7.3521583E-04  6.3821817E-03  2.5285551E-06  1.4396930E-05  2.0947283E-03  1.6942776E-04  0.5478    4.601833  -6.777  0.597875  7.594372  0.7100260E+00  0.2757980E+00  1.0964745E-07  4.1806511E-05  1.1391457E-05  5.4308968E-03  4.3884512E-03  1.2387654E-05  1.6776132E-08  2.0922307E-03  1.5594381E-05  2.566E-10  1.538E-16  3.364E+11  1.011E+13  8.005E+01  1.092E+07  0.53406390  5.663E-05  6.248E-05  9.535E-01  0.000E+00  9.046E-06  1.049E+00  267   16.4613  9.89E-03 3.5580E+01 5.2850E+01    7.50E+02 0.00E+00 2.80E+02  0.534679  0.098945 7.50E+02 0.00E+00 2.80E+02  0.534064  0.098932  0.0000000E+00  0.0000000E+00  6.3896975E-05  1.0230055E+00  6.1956975E-01  1.8768710E-03 -6.5813511E-01  2.7500472E-01  1.1680005E-01 0.000 0.552 1.000 1.000 1.000 1.000 1.000 1.000 1.000 1.000 1.000 1.000 1.000 1.000 1.000 1.000 1.000 1.000 1.000 1.000 1.000 1.000 1.000 1.000 1.000 1.000 1.000 1.000 1.000 1.000 1.000 1.000 1.000 1.000 1.000 1.000 1.000 1.000 1.000 1.000  6.9012080775E-01   0.98615   1.00000   0.00000   0.00000   0.1562833E-01
   314  1.665330524689408E+05  29.972336  5.050486  4.601439  0.7200000E+00  0.2659559E+00  4.4149061E-05  2.5481432E-03  3.0923263E-05  7.3521583E-04  6.3821817E-03  2.5285551E-06  1.4396930E-05  2.0947283E-03  1.6942776E-04  0.5473    4.601439  -6.776  0.596049  7.593854  0.7087835E+00  0.2770623E+00  1.0475981E-07  4.2594221E-05  1.1632105E-05  5.5820191E-03  4.2148238E-03  1.1930085E-05  1.4354329E-08  2.0919671E-03  1.2023294E-05  2.659E-10  1.556E-16  3.251E+11  9.702E+12  7.737E+01  1.048E+07  0.53355372  5.635E-05  6.226E-05  9.536E-01  0.000E+00  9.847E-06  1.049E+00  268   16.3762  9.86E-03 3.5559E+01 5.2820E+01    7.49E+02 0.00E+00 2.80E+02  0.534122  0.099089 7.49E+02 0.00E+00 2.79E+02  0.533554  0.099088  0.0000000E+00  0.0000000E+00  6.4034339E-05  1.0264103E+00  6.1910498E-01  1.8681527E-03 -6.5695079E-01  2.7443019E-01  1.1675012E-01 0.000 0.549 1.000 1.000 1.000 1.000 1.000 1.000 1.000 1.000 1.000 1.000 1.000 1.000 1.000 1.000 1.000 1.000 1.000 1.000 1.000 1.000 1.000 1.000 1.000 1.000 1.000 1.000 1.000 1.000 1.000 1.000 1.000 1.000 1.000 1.000 1.000 1.000 1.000 1.000  6.8960924634E-01   0.98442   1.00000   0.00000   0.00000   0.1557251E-01
   322  1.832932936201216E+05  29.969525  5.051112  4.601054  0.7200000E+00  0.2659559E+00  4.4149257E-05  2.5481432E-03  3.0923268E-05  7.3521583E-04  6.3821817E-03  2.5285551E-06  1.4396930E-05  2.0947283E-03  1.6942776E-04  0.5469    4.601054  -6.775  0.594270  7.593354  0.7075667E+00  0.2782990E+00  1.0766898E-07  4.3750742E-05  1.1944922E-05  5.7195273E-03  4.0561411E-03  1.1505086E-05  1.4922083E-08  2.0917167E-03  9.4561581E-06  2.709E-10  1.553E-16  3.267E+11  9.820E+12  7.776E+01  1.061E+07  0.53315050  5.609E-05  6.203E-05  9.537E-01  4.449E-19  1.058E-05  1.049E+00  268   16.3762  9.84E-03 3.5526E+01 5.2772E+01    7.48E+02 0.00E+00 2.79E+02  0.533685  0.099241 7.48E+02 0.00E+00 2.79E+02  0.533150  0.099240  0.0000000E+00  0.0000000E+00  6.4202043E-05  1.0297400E+00  6.1862891E-01  1.8595331E-03 -6.5579212E-01  2.7386706E-01  1.1670398E-01 0.000 0.549 1.000 1.000 1.000 1.000 1.000 1.000 1.000 1.000 1.000 1.000 1.000 1.000 1.000 1.000 1.000 1.000 1.000 1.000 1.000 1.000 1.000 1.000 1.000 1.000 1.000 1.000 1.000 1.000 1.000 1.000 1.000 1.000 1.000 1.000 1.000 1.000 1.000 1.000  6.8909643345E-01   0.98273   1.00000   0.00000   0.00000   0.1551813E-01
   332  2.042435950590976E+05  29.966002  5.051908  4.600628  0.7200000E+00  0.2659559E+00  4.4149582E-05  2.5481432E-03  3.0923287E-05  7.3521583E-04  6.3821817E-03  2.5285551E-06  1.4396930E-05  2.0947283E-03  1.6942776E-04  0.5463    4.600628  -6.774  0.592347  7.592828  0.7060646E+00  0.2798240E+00  1.0887163E-07  4.4982843E-05  1.2281232E-05  5.8775937E-03  3.8738959E-03  1.1013428E-05  1.4950855E-08  2.0914166E-03  7.1748315E-06  2.729E-10  1.537E-16  3.244E+11  9.777E+12  7.720E+01  1.056E+07  0.53288137  5.582E-05  6.176E-05  9.538E-01  1.449E-17  1.140E-05  1.048E+00  268   16.3762  9.82E-03 3.5478E+01 5.2703E+01    7.47E+02 0.00E+00 2.78E+02  0.533251  0.099434 7.47E+02 0.00E+00 2.78E+02  0.532881  0.099434  0.0000000E+00  0.0000000E+00  6.4431056E-05  1.0334316E+00  6.1801519E-01  1.8495465E-03 -6.5449977E-01  2.7322884E-01  1.1667221E-01 0.000 0.549 1.000 1.000 1.000 1.000 1.000 1.000 1.000 1.000 1.000 1.000 1.000 1.000 1.000 1.000 1.000 1.000 1.000 1.000 1.000 1.000 1.000 1.000 1.000 1.000 1.000 1.000 1.000 1.000 1.000 1.000 1.000 1.000 1.000 1.000 1.000 1.000 1.000 1.000  6.8845334498E-01   0.98065   1.00000   0.00000   0.00000   0.1545065E-01
   342  2.251938964980736E+05  29.962467  5.052707  4.600231  0.7200000E+00  0.2659559E+00  4.4149929E-05  2.5481432E-03  3.0923329E-05  7.3521583E-04  6.3821817E-03  2.5285551E-06  1.4396930E-05  2.0947283E-03  1.6942776E-04  0.5458    4.600231  -6.772  0.590646  7.592375  0.7045742E+00  0.2813356E+00  1.0911143E-07  4.6083346E-05  1.2582483E-05  6.0231604E-03  3.7061217E-03  1.0557234E-05  1.4753826E-08  2.0911275E-03  5.5784350E-06  2.738E-10  1.517E-16  3.207E+11  9.674E+12  7.632E+01  1.045E+07  0.53271678  5.557E-05  6.151E-05  9.538E-01  1.437E-16  1.216E-05  1.048E+00  268   16.3762  9.80E-03 3.5426E+01 5.2628E+01    7.46E+02 0.00E+00 2.78E+02  0.533205  0.099630 7.46E+02 0.00E+00 2.78E+02  0.532717  0.099629  0.0000000E+00  0.0000000E+00  6.4724597E-05  1.0367777E+00  6.1737806E-01  1.8400990E-03 -6.5332247E-01  2.7263885E-01  1.1665940E-01 0.000 0.549 1.000 1.000 1.000 1.000 1.000 1.000 1.000 1.000 1.000 1.000 1.000 1.000 1.000 1.000 1.000 1.000 1.000 1.000 1.000 1.000 1.000 1.000 1.000 1.000 1.000 1.000 1.000 1.000 1.000 1.000 1.000 1.000 1.000 1.000 1.000 1.000 1.000 1.000  6.8780766475E-01   0.97858   1.00000   0.00000   0.00000   0.1538055E-01
   354  2.503342582248449E+05  29.958209  5.053705  4.599821  0.7200000E+00  0.2659559E+00  4.4150395E-05  2.5481431E-03  3.0923451E-05  7.3521584E-04  6.3821817E-03  2.5285551E-06  1.4396930E-05  2.0947283E-03  1.6942776E-04  0.5452    4.599821  -6.770  0.588912  7.591930  0.7027786E+00  0.2831547E+00  1.0423712E-07  4.6984886E-05  1.2840988E-05  6.1863598E-03  3.5185671E-03  1.0046181E-05  1.2265578E-08  2.0907887E-03  4.1907179E-06  2.642E-10  1.445E-16  3.045E+11  9.057E+12  7.248E+01  9.781E+06  0.53247612  5.528E-05  6.124E-05  9.538E-01  1.401E-15  1.300E-05  1.048E+00  268   16.2905  9.77E-03 3.5369E+01 5.2546E+01    7.45E+02 0.00E+00 2.77E+02  0.532918  0.099878 7.45E+02 0.00E+00 2.77E+02  0.532476  0.099872  0.0000000E+00  0.0000000E+00  6.5062616E-05  1.0402886E+00  6.1661143E-01  1.8285538E-03 -6.5207810E-01  2.7200123E-01  1.1667302E-01 0.000 0.547 1.000 1.000 1.000 1.000 1.000 1.000 1.000 1.000 1.000 1.000 1.000 1.000 1.000 1.000 1.000 1.000 1.000 1.000 1.000 1.000 1.000 1.000 1.000 1.000 1.000 1.000 1.000 1.000 1.000 1.000 1.000 1.000 1.000 1.000 1.000 1.000 1.000 1.000  6.8702912666E-01   0.97608   1.00000   0.00000   0.00000   0.1529721E-01
   366  2.754746199516159E+05  29.953932  5.054706  4.599417  0.7200000E+00  0.2659559E+00  4.4150913E-05  2.5481428E-03  3.0923733E-05  7.3521587E-04  6.3821817E-03  2.5285552E-06  1.4396930E-05  2.0947283E-03  1.6942776E-04  0.5448    4.599417  -6.768  0.587304  7.591528  0.7009747E+00  0.2849807E+00  1.0520081E-07  4.8226193E-05  1.3174568E-05  6.3374515E-03  3.3442752E-03  9.5638571E-06  1.2759398E-08  2.0904573E-03  3.2056700E-06  2.682E-10  1.447E-16  3.055E+11  9.126E+12  7.271E+01  9.856E+06  0.53235604  5.501E-05  6.099E-05  9.539E-01  8.767E-15  1.377E-05  1.048E+00  268   16.2905  9.75E-03 3.5313E+01 5.2465E+01    7.43E+02 0.00E+00 2.77E+02  0.532822  0.100118 7.43E+02 0.00E+00 2.77E+02  0.532356  0.100117  0.0000000E+00  0.0000000E+00  6.5416991E-05  1.0437518E+00  6.1585133E-01  1.8184019E-03 -6.5085271E-01  2.7137135E-01  1.1669039E-01 0.000 0.547 1.000 1.000 1.000 1.000 1.000 1.000 1.000 1.000 1.000 1.000 1.000 1.000 1.000 1.000 1.000 1.000 1.000 1.000 1.000 1.000 1.000 1.000 1.000 1.000 1.000 1.000 1.000 1.000 1.000 1.000 1.000 1.000 1.000 1.000 1.000 1.000 1.000 1.000  6.8624626981E-01   0.97358   1.00000   0.00000   0.00000   0.1521571E-01
   378  3.006149816783868E+05  29.949637  5.055685  4.599040  0.7200000E+00  0.2659559E+00  4.4151473E-05  2.5481422E-03  3.0924326E-05  7.3521597E-04  6.3821817E-03  2.5285554E-06  1.4396929E-05  2.0947283E-03  1.6942776E-04  0.5442    4.599040  -6.767  0.585779  7.591156  0.6991849E+00  0.2867906E+00  1.0603401E-07  4.9317833E-05  1.3473582E-05  6.4759807E-03  3.1845471E-03  9.1197175E-06  1.2856891E-08  2.0901368E-03  2.5678184E-06  2.706E-10  1.441E-16  3.048E+11  9.115E+12  7.254E+01  9.844E+06  0.53218719  5.476E-05  6.073E-05  9.539E-01  3.954E-14  1.446E-05  1.048E+00  268   16.2905  9.73E-03 3.5252E+01 5.2377E+01    7.42E+02 0.00E+00 2.76E+02  0.532635  0.100359 7.42E+02 0.00E+00 2.76E+02  0.532187  0.100357  0.0000000E+00  0.0000000E+00  6.5757575E-05  1.0469869E+00  6.1507793E-01  1.8086214E-03 -6.4970117E-01  2.7077269E-01  1.1672037E-01 0.000 0.547 1.000 1.000 1.000 1.000 1.000 1.000 1.000 1.000 1.000 1.000 1.000 1.000 1.000 1.000 1.000 1.000 1.000 1.000 1.000 1.000 1.000 1.000 1.000 1.000 1.000 1.000 1.000 1.000 1.000 1.000 1.000 1.000 1.000 1.000 1.000 1.000 1.000 1.000  6.8545941809E-01   0.97109   1.00000   0.00000   0.00000   0.1513596E-01
   390  3.257553434051577E+05  29.945323  5.056671  4.598696  0.7200000E+00  0.2659559E+00  4.4151999E-05  2.5481412E-03  3.0925368E-05  7.3521622E-04  6.3821817E-03  2.5285561E-06  1.4396927E-05  2.0947283E-03  1.6942775E-04  0.5437    4.598696  -6.765  0.584439  7.590844  0.6974094E+00  0.2885846E+00  1.0585952E-07  5.0280067E-05  1.3737114E-05  6.6033700E-03  3.0377349E-03  8.7095248E-06  1.2647750E-08  2.0898263E-03  2.1595139E-06  2.715E-10  1.430E-16  3.023E+11  9.038E+12  7.194E+01  9.761E+06  0.53213666  5.452E-05  6.049E-05  9.539E-01  1.312E-13  1.509E-05  1.048E+00  267   16.2905  9.71E-03 3.5188E+01 5.2284E+01    7.41E+02 0.00E+00 2.76E+02  0.532571  0.100601 7.41E+02 0.00E+00 2.76E+02  0.532137  0.100600  0.0000000E+00  0.0000000E+00  6.6122040E-05  1.0499272E+00  6.1429553E-01  1.7981777E-03 -6.4864490E-01  2.7021394E-01  1.1676615E-01 0.000 0.547 1.000 1.000 1.000 1.000 1.000 1.000 1.000 1.000 1.000 1.000 1.000 1.000 1.000 1.000 1.000 1.000 1.000 1.000 1.000 1.000 1.000 1.000 1.000 1.000 1.000 1.000 1.000 1.000 1.000 1.000 1.000 1.000 1.000 1.000 1.000 1.000 1.000 1.000  6.8466827088E-01   0.96862   1.00000   0.00000   0.00000   0.1505639E-01
   402  3.508957051319286E+05  29.940991  5.057664  4.598377  0.7200000E+00  0.2659559E+00  4.4152495E-05  2.5481391E-03  3.0927272E-05  7.3521686E-04  6.3821816E-03  2.5285580E-06  1.4396923E-05  2.0947283E-03  1.6942774E-04  0.5432    4.598377  -6.763  0.583237  7.590578  0.6956409E+00  0.2903703E+00  1.0524965E-07  5.1150877E-05  1.3975872E-05  6.7215158E-03  2.9016129E-03  8.3274468E-06  1.2290361E-08  2.0895233E-03  1.8853071E-06  2.721E-10  1.406E-16  2.992E+11  8.939E+12  7.121E+01  9.654E+06  0.53204756  5.430E-05  6.026E-05  9.539E-01  3.888E-13  1.566E-05  1.048E+00  267   16.2905  9.70E-03 3.5121E+01 5.2187E+01    7.40E+02 0.00E+00 2.75E+02  0.532489  0.100845 7.40E+02 0.00E+00 2.75E+02  0.532048  0.100845  0.0000000E+00  0.0000000E+00  6.6486894E-05  1.0526507E+00  6.1350795E-01  1.7892966E-03 -6.4765877E-01  2.6968451E-01  1.1682394E-01 0.000 0.547 1.000 1.000 1.000 1.000 1.000 1.000 1.000 1.000 1.000 1.000 1.000 1.000 1.000 1.000 1.000 1.000 1.000 1.000 1.000 1.000 1.000 1.000 1.000 1.000 1.000 1.000 1.000 1.000 1.000 1.000 1.000 1.000 1.000 1.000 1.000 1.000 1.000 1.000  6.8387264783E-01   0.96617   1.00000   0.00000   0.00000   0.1497756E-01
   414  3.760360668586994E+05  29.936638  5.058663  4.598075  0.7200000E+00  0.2659559E+00  4.4152871E-05  2.5481352E-03  3.0930494E-05  7.3521832E-04  6.3821814E-03  2.5285624E-06  1.4396914E-05  2.0947283E-03  1.6942772E-04  0.5427    4.598075  -6.761  0.582143  7.590348  0.6938771E+00  0.2921501E+00  1.0454212E-07  5.1960423E-05  1.4197562E-05  6.8315321E-03  2.7748614E-03  7.9700940E-06  1.1938270E-08  2.0892267E-03  1.6966366E-06  2.721E-10  1.394E-16  2.963E+11  8.844E+12  7.051E+01  9.551E+06  0.53208472  5.409E-05  6.004E-05  9.539E-01  1.014E-12  1.617E-05  1.048E+00  267   16.2905  9.68E-03 3.5056E+01 5.2092E+01    7.39E+02 0.00E+00 2.75E+02  0.532540  0.101092 7.39E+02 0.00E+00 2.75E+02  0.532085  0.101092  0.0000000E+00  0.0000000E+00  6.6876892E-05  1.0552020E+00  6.1271886E-01  1.7807538E-03 -6.4672811E-01  2.6917820E-01  1.1689127E-01 0.000 0.547 1.000 1.000 1.000 1.000 1.000 1.000 1.000 1.000 1.000 1.000 1.000 1.000 1.000 1.000 1.000 1.000 1.000 1.000 1.000 1.000 1.000 1.000 1.000 1.000 1.000 1.000 1.000 1.000 1.000 1.000 1.000 1.000 1.000 1.000 1.000 1.000 1.000 1.000  6.8307244270E-01   0.96372   1.00000   0.00000   0.00000   0.1489840E-01
   426  4.011764285854703E+05  29.932266  5.059681  4.597804  0.7200000E+00  0.2659559E+00  4.4153023E-05  2.5481295E-03  3.0934985E-05  7.3522096E-04  6.3821811E-03  2.5285703E-06  1.4396898E-05  2.0947283E-03  1.6942767E-04  0.5421    4.597804  -6.759  0.581187  7.590165  0.6921043E+00  0.2939379E+00  1.0090467E-07  5.2506363E-05  1.4353974E-05  6.9357242E-03  2.6551803E-03  7.6333187E-06  9.9635908E-09  2.0889333E-03  1.5335372E-06  2.651E-10  1.350E-16  2.935E+11  8.760E+12  6.986E+01  9.461E+06  0.53227555  5.391E-05  5.984E-05  9.539E-01  2.170E-12  1.665E-05  1.048E+00  268   16.1678  9.67E-03 3.4990E+01 5.1996E+01    7.38E+02 0.00E+00 2.75E+02  0.532676  0.101341 7.38E+02 0.00E+00 2.75E+02  0.532276  0.101344  0.0000000E+00  0.0000000E+00  6.7286501E-05  1.0575871E+00  6.1191408E-01  1.7712770E-03 -6.4585331E-01  2.6869527E-01  1.1696801E-01 0.000 0.544 1.000 1.000 1.000 1.000 1.000 1.000 1.000 1.000 1.000 1.000 1.000 1.000 1.000 1.000 1.000 1.000 1.000 1.000 1.000 1.000 1.000 1.000 1.000 1.000 1.000 1.000 1.000 1.000 1.000 1.000 1.000 1.000 1.000 1.000 1.000 1.000 1.000 1.000  6.8226761231E-01   0.96127   1.00000   0.00000   0.00000   0.1482160E-01
   438  4.263167903122412E+05  29.927872  5.060768  4.597539  0.7200000E+00  0.2659559E+00  4.4152826E-05  2.5481186E-03  3.0942727E-05  7.3522675E-04  6.3821802E-03  2.5285878E-06  1.4396867E-05  2.0947283E-03  1.6942755E-04  0.5419    4.597539  -6.756  0.580377  7.590020  0.6903020E+00  0.2957547E+00  9.8897647E-08  5.3211548E-05  1.4540814E-05  7.0356935E-03  2.5400648E-03  7.3068834E-06  9.4513935E-09  2.0886389E-03  1.3554944E-06  2.627E-10  1.326E-16  2.832E+11  8.342E+12  6.741E+01  9.009E+06  0.53211802  5.369E-05  5.966E-05  9.539E-01  4.768E-12  1.710E-05  1.048E+00  268   16.1678  9.65E-03 3.4933E+01 5.1915E+01    7.37E+02 0.00E+00 2.74E+02  0.532574  0.101614 7.37E+02 0.00E+00 2.74E+02  0.532118  0.101613  0.0000000E+00  0.0000000E+00  6.7697050E-05  1.0597773E+00  6.1112767E-01  1.7634738E-03 -6.4504476E-01  2.6823853E-01  1.1705838E-01 0.000 0.544 1.000 1.000 1.000 1.000 1.000 1.000 1.000 1.000 1.000 1.000 1.000 1.000 1.000 1.000 1.000 1.000 1.000 1.000 1.000 1.000 1.000 1.000 1.000 1.000 1.000 1.000 1.000 1.000 1.000 1.000 1.000 1.000 1.000 1.000 1.000 1.000 1.000 1.000  6.8145776005E-01   0.95875   1.00000   0.00000   0.00000   0.1473660E-01
   450  4.514571520390121E+05  29.923457  5.061762  4.597240  0.7200000E+00  0.2659559E+00  4.4152255E-05  2.5481044E-03  3.0951956E-05  7.3523523E-04  6.3821789E-03  2.5286135E-06  1.4396822E-05  2.0947283E-03  1.6942738E-04  0.5413    4.597240  -6.754  0.579407  7.589831  0.6885006E+00  0.2975698E+00  1.0049913E-07  5.4052218E-05  1.4771692E-05  7.1292234E-03  2.4320563E-03  6.9978824E-06  1.0227789E-08  2.0883490E-03  1.2317478E-06  2.673E-10  1.339E-16  2.863E+11  8.456E+12  6.813E+01  9.133E+06  0.53213225  5.349E-05  5.947E-05  9.539E-01  8.592E-12  1.751E-05  1.048E+00  269   16.1678  9.64E-03 3.4874E+01 5.1829E+01    7.36E+02 0.00E+00 2.74E+02  0.532553  0.101862 7.36E+02 0.00E+00 2.74E+02  0.532132  0.101861  0.0000000E+00  0.0000000E+00  6.8081250E-05  1.0621798E+00  6.1032972E-01  1.7552942E-03 -6.4416738E-01  2.6775320E-01  1.1713711E-01 0.000 0.544 1.000 1.000 1.000 1.000 1.000 1.000 1.000 1.000 1.000 1.000 1.000 1.000 1.000 1.000 1.000 1.000 1.000 1.000 1.000 1.000 1.000 1.000 1.000 1.000 1.000 1.000 1.000 1.000 1.000 1.000 1.000 1.000 1.000 1.000 1.000 1.000 1.000 1.000  6.8064321344E-01   0.95625   1.00000   0.00000   0.00000   0.1465691E-01
   462  4.765975137657829E+05  29.919021  5.062777  4.596972  0.7200000E+00  0.2659559E+00  4.4151034E-05  2.5480813E-03  3.0965885E-05  7.3525043E-04  6.3821766E-03  2.5286595E-06  1.4396745E-05  2.0947283E-03  1.6942707E-04  0.5408    4.596972  -6.752  0.578588  7.589693  0.6867232E+00  0.2993597E+00  1.0039769E-07  5.4729592E-05  1.4957505E-05  7.2153706E-03  2.3327358E-03  6.7134339E-06  1.0214585E-08  2.0880673E-03  1.1887446E-06  2.698E-10  1.335E-16  2.857E+11  8.442E+12  6.799E+01  9.118E+06  0.53207158  5.328E-05  5.928E-05  9.539E-01  1.549E-11  1.788E-05  1.048E+00  268   16.1678  9.62E-03 3.4808E+01 5.1733E+01    7.35E+02 0.00E+00 2.74E+02  0.532495  0.102115 7.35E+02 0.00E+00 2.73E+02  0.532072  0.102114  0.0000000E+00  0.0000000E+00  6.8468463E-05  1.0643247E+00  6.0952147E-01  1.7463234E-03 -6.4336953E-01  2.6730143E-01  1.1722914E-01 0.000 0.544 1.000 1.000 1.000 1.000 1.000 1.000 1.000 1.000 1.000 1.000 1.000 1.000 1.000 1.000 1.000 1.000 1.000 1.000 1.000 1.000 1.000 1.000 1.000 1.000 1.000 1.000 1.000 1.000 1.000 1.000 1.000 1.000 1.000 1.000 1.000 1.000 1.000 1.000  6.7982402389E-01   0.95378   1.00000   0.00000   0.00000   0.1457682E-01
   474  5.017378754925538E+05  29.914565  5.063798  4.596711  0.7199999E+00  0.2659559E+00  4.4149126E-05  2.5480492E-03  3.0983811E-05  7.3527330E-04  6.3821729E-03  2.5287287E-06  1.4396632E-05  2.0947283E-03  1.6942659E-04  0.5403    4.596711  -6.750  0.577850  7.589581  0.6849565E+00  0.3011381E+00  9.9890591E-08  5.5344813E-05  1.5126022E-05  7.2957134E-03  2.2401356E-03  6.4477188E-06  1.0072906E-08  2.0877911E-03  1.1763181E-06  2.700E-10  1.328E-16  2.843E+11  8.402E+12  6.766E+01  9.074E+06  0.53231725  5.312E-05  5.909E-05  9.539E-01  2.586E-11  1.820E-05  1.048E+00  269   16.1678  9.61E-03 3.4742E+01 5.1637E+01    7.34E+02 0.00E+00 2.73E+02  0.532584  0.102371 7.34E+02 0.00E+00 2.73E+02  0.532317  0.102370  0.0000000E+00  0.0000000E+00  6.8885072E-05  1.0663350E+00  6.0869281E-01  1.7386737E-03 -6.4261349E-01  2.6686695E-01  1.1732813E-01 0.000 0.545 1.000 1.000 1.000 1.000 1.000 1.000 1.000 1.000 1.000 1.000 1.000 1.000 1.000 1.000 1.000 1.000 1.000 1.000 1.000 1.000 1.000 1.000 1.000 1.000 1.000 1.000 1.000 1.000 1.000 1.000 1.000 1.000 1.000 1.000 1.000 1.000 1.000 1.000  6.7899989379E-01   0.95133   1.00000   0.00000   0.00000   0.1449571E-01
   486  5.268782372193248E+05  29.910087  5.064822  4.596456  0.7199999E+00  0.2659559E+00  4.4146288E-05  2.5480037E-03  3.1007458E-05  7.3530773E-04  6.3821672E-03  2.5288328E-06  1.4396465E-05  2.0947283E-03  1.6942586E-04  0.5398    4.596456  -6.748  0.577174  7.589490  0.6831944E+00  0.3029112E+00  9.9185746E-08  5.5913799E-05  1.5281770E-05  7.3711951E-03  2.1531539E-03  6.1976580E-06  9.8614633E-09  2.0875187E-03  1.1730111E-06  2.701E-10  1.322E-16  2.826E+11  8.351E+12  6.725E+01  9.019E+06  0.53243702  5.294E-05  5.891E-05  9.538E-01  4.140E-11  1.850E-05  1.049E+00  270   16.1678  9.60E-03 3.4675E+01 5.1540E+01    7.34E+02 0.00E+00 2.73E+02  0.532844  0.102628 7.34E+02 0.00E+00 2.73E+02  0.532437  0.102627  0.0000000E+00  0.0000000E+00  6.9334449E-05  1.0682448E+00  6.0786045E-01  1.7311997E-03 -6.4188877E-01  2.6644535E-01  1.1743261E-01 0.000 0.545 1.000 1.000 1.000 1.000 1.000 1.000 1.000 1.000 1.000 1.000 1.000 1.000 1.000 1.000 1.000 1.000 1.000 1.000 1.000 1.000 1.000 1.000 1.000 1.000 1.000 1.000 1.000 1.000 1.000 1.000 1.000 1.000 1.000 1.000 1.000 1.000 1.000 1.000  6.7817066922E-01   0.94888   1.00000   0.00000   0.00000   0.1441331E-01
   498  5.520185989460964E+05  29.905588  5.065854  4.596219  0.7199999E+00  0.2659560E+00  4.4142142E-05  2.5479383E-03  3.1039166E-05  7.3535994E-04  6.3821585E-03  2.5289903E-06  1.4396216E-05  2.0947283E-03  1.6942473E-04  0.5394    4.596219  -6.746  0.576549  7.589416  0.6814351E+00  0.3046809E+00  9.8441333E-08  5.6449277E-05  1.5428301E-05  7.4423156E-03  2.0711993E-03  5.9615519E-06  9.6418416E-09  2.0872497E-03  1.1730471E-06  2.702E-10  1.316E-16  2.809E+11  8.301E+12  6.685E+01  8.965E+06  0.53246778  5.276E-05  5.873E-05  9.538E-01  6.486E-11  1.877E-05  1.049E+00  270   16.1678  9.59E-03 3.4607E+01 5.1441E+01    7.33E+02 0.00E+00 2.73E+02  0.532908  0.102886 7.33E+02 0.00E+00 2.73E+02  0.532468  0.102886  0.0000000E+00  0.0000000E+00  6.9753801E-05  1.0700719E+00  6.0703589E-01  1.7239319E-03 -6.4118967E-01  2.6603442E-01  1.1754201E-01 0.000 0.545 1.000 1.000 1.000 1.000 1.000 1.000 1.000 1.000 1.000 1.000 1.000 1.000 1.000 1.000 1.000 1.000 1.000 1.000 1.000 1.000 1.000 1.000 1.000 1.000 1.000 1.000 1.000 1.000 1.000 1.000 1.000 1.000 1.000 1.000 1.000 1.000 1.000 1.000  6.7733624556E-01   0.94644   1.00000   0.00000   0.00000   0.1433327E-01
   510  5.752734335433600E+05  29.901406  5.066807  4.595988  0.7199998E+00  0.2659560E+00  4.4137659E-05  2.5478673E-03  3.1071624E-05  7.3541905E-04  6.3821483E-03  2.5291683E-06  1.4395939E-05  2.0947283E-03  1.6942343E-04  0.5390    4.595988  -6.744  0.575928  7.589333  0.6798118E+00  0.3063133E+00  9.4503847E-08  5.7090205E-05  1.5605273E-05  7.5043707E-03  1.9994473E-03  5.7046036E-06  9.2060787E-09  2.0870037E-03  1.1733506E-06  2.611E-10  1.265E-16  2.718E+11  7.976E+12  6.469E+01  8.614E+06  0.53274154  5.261E-05  5.857E-05  9.538E-01  9.101E-11  1.899E-05  1.049E+00  270   16.1678  9.58E-03 3.4544E+01 5.1349E+01    7.32E+02 0.00E+00 2.73E+02  0.533102  0.103129 7.32E+02 0.00E+00 2.72E+02  0.532742  0.103127  0.0000000E+00  0.0000000E+00  6.3153718E-05  1.0718303E+00  6.0623965E-01  1.7157666E-03 -6.4052300E-01  2.6564616E-01  1.1763955E-01 0.000 0.545 1.000 1.000 1.000 1.000 1.000 1.000 1.000 1.000 1.000 1.000 1.000 1.000 1.000 1.000 1.000 1.000 1.000 1.000 1.000 1.000 1.000 1.000 1.000 1.000 1.000 1.000 1.000 1.000 1.000 1.000 1.000 1.000 1.000 1.000 1.000 1.000 1.000 1.000  6.7655980250E-01   0.94418   1.00000   0.00000   0.00000   0.1425835E-01
   522  5.999738389399124E+05  29.896943  5.067894  4.595803  0.7199998E+00  0.2659561E+00  4.4131123E-05  2.5477626E-03  3.1116984E-05  7.3550931E-04  6.3821326E-03  2.5294395E-06  1.4395522E-05  2.0947283E-03  1.6942142E-04  0.5385    4.595803  -6.742  0.575634  7.589364  0.6780270E+00  0.3081076E+00  9.0623795E-08  5.7057137E-05  1.5594382E-05  7.5718131E-03  1.9225929E-03  5.5301503E-06  6.2958078E-09  2.0867343E-03  1.0751240E-06  2.569E-10  1.238E-16  2.737E+11  8.065E+12  6.513E+01  8.711E+06  0.53289077  5.246E-05  5.843E-05  9.538E-01  1.307E-10  1.923E-05  1.049E+00  271   16.0441  9.57E-03 3.4485E+01 5.1264E+01    7.31E+02 0.00E+00 2.73E+02  0.533251  0.103404 7.31E+02 0.00E+00 2.72E+02  0.532891  0.103401  0.0000000E+00  0.0000000E+00  6.9929879E-05  1.0732782E+00  6.0542085E-01  1.7092078E-03 -6.3994934E-01  2.6528844E-01  1.1776843E-01 0.000 0.541 1.000 1.000 1.000 1.000 1.000 1.000 1.000 1.000 1.000 1.000 1.000 1.000 1.000 1.000 1.000 1.000 1.000 1.000 1.000 1.000 1.000 1.000 1.000 1.000 1.000 1.000 1.000 1.000 1.000 1.000 1.000 1.000 1.000 1.000 1.000 1.000 1.000 1.000  6.7572992002E-01   0.94171   1.00000   0.00000   0.00000   0.1417977E-01
   534  6.248627970494155E+05  29.892423  5.068933  4.595563  0.7199997E+00  0.2659562E+00  4.4123071E-05  2.5476311E-03  3.1171083E-05  7.3562629E-04  6.3821119E-03  2.5297901E-06  1.4394986E-05  2.0947282E-03  1.6941879E-04  0.5383    4.595563  -6.740  0.575075  7.589304  0.6762208E+00  0.3099231E+00  9.2162348E-08  5.7710449E-05  1.5772527E-05  7.6357272E-03  1.8486562E-03  5.3167606E-06  7.4020218E-09  2.0864638E-03  9.9327406E-07  2.625E-10  1.258E-16  2.683E+11  7.839E+12  6.386E+01  8.466E+06  0.53284904  5.227E-05  5.828E-05  9.538E-01  1.815E-10  1.945E-05  1.049E+00  273   16.0441  9.56E-03 3.4428E+01 5.1181E+01    7.30E+02 0.00E+00 2.72E+02  0.533264  0.103666 7.30E+02 0.00E+00 2.72E+02  0.532849  0.103664  0.0000000E+00  0.0000000E+00  7.0346969E-05  1.0750387E+00  6.0459915E-01  1.7021955E-03 -6.3927961E-01  2.6488833E-01  1.1788490E-01 0.000 0.541 1.000 1.000 1.000 1.000 1.000 1.000 1.000 1.000 1.000 1.000 1.000 1.000 1.000 1.000 1.000 1.000 1.000 1.000 1.000 1.000 1.000 1.000 1.000 1.000 1.000 1.000 1.000 1.000 1.000 1.000 1.000 1.000 1.000 1.000 1.000 1.000 1.000 1.000  6.7488844338E-01   0.93920   1.00000   0.00000   0.00000   0.1409725E-01
   546  6.497517551589187E+05  29.887881  5.069959  4.595342  0.7199995E+00  0.2659563E+00  4.4113450E-05  2.5474702E-03  3.1234127E-05  7.3577338E-04  6.3820855E-03  2.5302299E-06  1.4394321E-05  2.0947282E-03  1.6941545E-04  0.5377    4.595342  -6.738  0.574522  7.589254  0.6744292E+00  0.3117235E+00  9.3189848E-08  5.8266833E-05  1.5926651E-05  7.6952802E-03  1.7798507E-03  5.1161655E-06  7.9877736E-09  2.0861982E-03  9.6630010E-07  2.647E-10  1.264E-16  2.712E+11  7.945E+12  6.454E+01  8.580E+06  0.53267965  5.207E-05  5.812E-05  9.538E-01  2.445E-10  1.964E-05  1.049E+00  272   16.0441  9.55E-03 3.4367E+01 5.1093E+01    7.29E+02 0.00E+00 2.72E+02  0.533101  0.103926 7.29E+02 0.00E+00 2.72E+02  0.532680  0.103925  0.0000000E+00  0.0000000E+00  7.0732272E-05  1.0767988E+00  6.0379370E-01  1.6941056E-03 -6.3860708E-01  2.6448799E-01  1.1800037E-01 0.000 0.541 1.000 1.000 1.000 1.000 1.000 1.000 1.000 1.000 1.000 1.000 1.000 1.000 1.000 1.000 1.000 1.000 1.000 1.000 1.000 1.000 1.000 1.000 1.000 1.000 1.000 1.000 1.000 1.000 1.000 1.000 1.000 1.000 1.000 1.000 1.000 1.000 1.000 1.000  6.7404210556E-01   0.93671   1.00000   0.00000   0.00000   0.1402159E-01
   558  6.731888573787012E+05  29.883584  5.070929  4.595128  0.7199994E+00  0.2659564E+00  4.4102265E-05  2.5472786E-03  3.1306068E-05  7.3595272E-04  6.3820528E-03  2.5307644E-06  1.4393516E-05  2.0947282E-03  1.6941133E-04  0.5373    4.595128  -6.736  0.574001  7.589205  0.6727663E+00  0.3133940E+00  8.9980031E-08  5.8873925E-05  1.6094920E-05  7.7469747E-03  1.7199548E-03  4.9021834E-06  7.8390104E-09  2.0859540E-03  9.7924375E-07  2.567E-10  1.221E-16  2.640E+11  7.688E+12  6.284E+01  8.303E+06  0.53277523  5.192E-05  5.797E-05  9.538E-01  3.204E-10  1.979E-05  1.049E+00  273   16.0441  9.55E-03 3.4305E+01 5.1003E+01    7.28E+02 0.00E+00 2.71E+02  0.533172  0.104173 7.28E+02 0.00E+00 2.71E+02  0.532775  0.104172  0.0000000E+00  0.0000000E+00  6.4023000E-05  1.0784398E+00  6.0300139E-01  1.6874529E-03 -6.3797836E-01  2.6411325E-01  1.1810888E-01 0.000 0.541 1.000 1.000 1.000 1.000 1.000 1.000 1.000 1.000 1.000 1.000 1.000 1.000 1.000 1.000 1.000 1.000 1.000 1.000 1.000 1.000 1.000 1.000 1.000 1.000 1.000 1.000 1.000 1.000 1.000 1.000 1.000 1.000 1.000 1.000 1.000 1.000 1.000 1.000  6.7324058988E-01   0.93440   1.00000   0.00000   0.00000   0.1394855E-01
   570  6.972689243496457E+05  29.879147  5.071939  4.594943  0.7199992E+00  0.2659566E+00  4.4088895E-05  2.5470437E-03  3.1390855E-05  7.3617702E-04  6.3820112E-03  2.5314309E-06  1.4392519E-05  2.0947281E-03  1.6940614E-04  0.5368    4.594943  -6.734  0.573668  7.589223  0.6710657E+00  0.3151018E+00  9.2077836E-08  5.9109762E-05  1.6158387E-05  7.7974176E-03  1.6620396E-03  4.7660873E-06  7.9528332E-09  2.0857062E-03  1.0012766E-06  2.649E-10  1.257E-16  2.697E+11  7.903E+12  6.418E+01  8.536E+06  0.53300341  5.178E-05  5.782E-05  9.537E-01  4.141E-10  1.993E-05  1.049E+00  274   16.0441  9.54E-03 3.4240E+01 5.0909E+01    7.28E+02 0.00E+00 2.71E+02  0.533395  0.104432 7.28E+02 0.00E+00 2.71E+02  0.533003  0.104430  0.0000000E+00  0.0000000E+00  7.0873569E-05  1.0797874E+00  6.0217635E-01  1.6811085E-03 -6.3743287E-01  2.6376963E-01  1.1823850E-01 0.000 0.541 1.000 1.000 1.000 1.000 1.000 1.000 1.000 1.000 1.000 1.000 1.000 1.000 1.000 1.000 1.000 1.000 1.000 1.000 1.000 1.000 1.000 1.000 1.000 1.000 1.000 1.000 1.000 1.000 1.000 1.000 1.000 1.000 1.000 1.000 1.000 1.000 1.000 1.000  6.7241217342E-01   0.93204   1.00000   0.00000   0.00000   0.1387260E-01
   582  7.219089928780539E+05  29.874585  5.072976  4.594754  0.7199990E+00  0.2659568E+00  4.4072770E-05  2.5467529E-03  3.1491971E-05  7.3645991E-04  6.3819581E-03  2.5322687E-06  1.4391271E-05  2.0947281E-03  1.6939955E-04  0.5364    4.594754  -6.731  0.573285  7.589228  0.6693283E+00  0.3168463E+00  9.1368193E-08  5.9486520E-05  1.6261398E-05  7.8460914E-03  1.6059327E-03  4.6058182E-06  7.8035483E-09  2.0854547E-03  1.0231216E-06  2.652E-10  1.252E-16  2.686E+11  7.876E+12  6.394E+01  8.506E+06  0.53303306  5.162E-05  5.767E-05  9.537E-01  5.308E-10  2.005E-05  1.049E+00  273   16.0441  9.53E-03 3.4171E+01 5.0809E+01    7.27E+02 0.00E+00 2.71E+02  0.533432  0.104697 7.27E+02 0.00E+00 2.71E+02  0.533033  0.104696  0.0000000E+00  0.0000000E+00  7.1300905E-05  1.0812331E+00  6.0132673E-01  1.6733116E-03 -6.3685484E-01  2.6340991E-01  1.1836818E-01 0.000 0.541 1.000 1.000 1.000 1.000 1.000 1.000 1.000 1.000 1.000 1.000 1.000 1.000 1.000 1.000 1.000 1.000 1.000 1.000 1.000 1.000 1.000 1.000 1.000 1.000 1.000 1.000 1.000 1.000 1.000 1.000 1.000 1.000 1.000 1.000 1.000 1.000 1.000 1.000  6.7155922123E-01   0.92963   1.00000   0.00000   0.00000   0.1379715E-01
   594  7.459330596932520E+05  29.870116  5.073980  4.594558  0.7199987E+00  0.2659570E+00  4.4055173E-05  2.5464273E-03  3.1601401E-05  7.3678206E-04  6.3818967E-03  2.5332193E-06  1.4389861E-05  2.0947280E-03  1.6939197E-04  0.5360    4.594558  -6.729  0.572874  7.589219  0.6676369E+00  0.3185443E+00  8.8351205E-08  5.9997994E-05  1.6401165E-05  7.8909251E-03  1.5540033E-03  4.4313927E-06  7.4925692E-09  2.0852114E-03  1.0416678E-06  2.563E-10  1.206E-16  2.620E+11  7.643E+12  6.236E+01  8.255E+06  0.53321954  5.148E-05  5.752E-05  9.537E-01  6.616E-10  2.015E-05  1.049E+00  274   16.0441  9.53E-03 3.4105E+01 5.0712E+01    7.26E+02 0.00E+00 2.71E+02  0.533608  0.104954 7.26E+02 0.00E+00 2.71E+02  0.533220  0.104954  0.0000000E+00  0.0000000E+00  6.4566470E-05  1.0827041E+00  6.0049474E-01  1.6667792E-03 -6.3627297E-01  2.6305138E-01  1.1849132E-01 0.000 0.541 1.000 1.000 1.000 1.000 1.000 1.000 1.000 1.000 1.000 1.000 1.000 1.000 1.000 1.000 1.000 1.000 1.000 1.000 1.000 1.000 1.000 1.000 1.000 1.000 1.000 1.000 1.000 1.000 1.000 1.000 1.000 1.000 1.000 1.000 1.000 1.000 1.000 1.000  6.7072238575E-01   0.92727   1.00000   0.00000   0.00000   0.1372283E-01
   607  7.710659295922288E+05  29.865416  5.075061  4.594391  0.7199983E+00  0.2659574E+00  4.4032912E-05  2.5460043E-03  3.1738911E-05  7.3720700E-04  6.3818146E-03  2.5344681E-06  1.4388015E-05  2.0947279E-03  1.6938191E-04  0.5356    4.594391  -6.727  0.572586  7.589258  0.6658702E+00  0.3203175E+00  8.9470955E-08  6.0213268E-05  1.6460347E-05  7.9358836E-03  1.5023898E-03  4.2943446E-06  7.5298862E-09  2.0849587E-03  1.0579229E-06  2.641E-10  1.241E-16  2.655E+11  7.783E+12  6.318E+01  8.405E+06  0.53367674  5.137E-05  5.736E-05  9.536E-01  8.327E-10  2.024E-05  1.049E+00  274   16.0441  9.52E-03 3.4031E+01 5.0605E+01    7.25E+02 0.00E+00 2.70E+02  0.533522  0.105229 7.25E+02 0.00E+00 2.71E+02  0.533677  0.105232  0.0000000E+00  0.0000000E+00  7.1442859E-05  1.0840094E+00  5.9958117E-01  1.6600905E-03 -6.3573358E-01  2.6270511E-01  1.1863338E-01 0.000 0.541 1.000 1.000 1.000 1.000 1.000 1.000 1.000 1.000 1.000 1.000 1.000 1.000 1.000 1.000 1.000 1.000 1.000 1.000 1.000 1.000 1.000 1.000 1.000 1.000 1.000 1.000 1.000 1.000 1.000 1.000 1.000 1.000 1.000 1.000 1.000 1.000 1.000 1.000  6.6984140110E-01   0.92482   1.00000   0.00000   0.00000   0.1364761E-01
   619  7.954595974353537E+05  29.860831  5.076097  4.594214  0.7199979E+00  0.2659578E+00  4.4009481E-05  2.5455475E-03  3.1882995E-05  7.3767247E-04  6.3817232E-03  2.5358300E-06  1.4386007E-05  2.0947278E-03  1.6937082E-04  0.5352    4.594214  -6.725  0.572275  7.589285  0.6641546E+00  0.3220390E+00  8.8929637E-08  6.0538822E-05  1.6549058E-05  7.9771865E-03  1.4547669E-03  4.1615563E-06  7.4394540E-09  2.0847146E-03  1.0717427E-06  2.568E-10  1.204E-16  2.648E+11  7.772E+12  6.303E+01  8.394E+06  0.53396170  5.124E-05  5.722E-05  9.535E-01  1.017E-09  2.032E-05  1.049E+00  275   16.0441  9.51E-03 3.3963E+01 5.0506E+01    7.24E+02 0.00E+00 2.70E+02  0.533646  0.105496 7.24E+02 0.00E+00 2.70E+02  0.533962  0.105499  0.0000000E+00  0.0000000E+00  7.1888480E-05  1.0853258E+00  5.9871689E-01  1.6536744E-03 -6.3519511E-01  2.6236233E-01  1.1876881E-01 0.000 0.541 1.000 1.000 1.000 1.000 1.000 1.000 1.000 1.000 1.000 1.000 1.000 1.000 1.000 1.000 1.000 1.000 1.000 1.000 1.000 1.000 1.000 1.000 1.000 1.000 1.000 1.000 1.000 1.000 1.000 1.000 1.000 1.000 1.000 1.000 1.000 1.000 1.000 1.000  6.6898081619E-01   0.92244   1.00000   0.00000   0.00000   0.1357241E-01
   631  8.198532652784785E+05  29.856222  5.077209  4.594047  0.7199975E+00  0.2659582E+00  4.3984552E-05  2.5450496E-03  3.2035814E-05  7.3818629E-04  6.3816210E-03  2.5373265E-06  1.4383806E-05  2.0947277E-03  1.6935850E-04  0.5351    4.594047  -6.723  0.572057  7.589381  0.6623557E+00  0.3238443E+00  8.4803370E-08  6.0665370E-05  1.6583683E-05  8.0211737E-03  1.4044205E-03  4.0177004E-06  5.5562001E-09  2.0844582E-03  9.9113084E-07  2.482E-10  1.160E-16  2.569E+11  7.463E+12  6.115E+01  8.060E+06  0.53402893  5.108E-05  5.711E-05  9.535E-01  1.216E-09  2.040E-05  1.049E+00  277   15.9192  9.51E-03 3.3910E+01 5.0430E+01    7.24E+02 0.00E+00 2.70E+02  0.533687  0.105776 7.24E+02 0.00E+00 2.70E+02  0.534029  0.105786  0.0000000E+00  0.0000000E+00  7.2343376E-05  1.0865721E+00  5.9788012E-01  1.6463877E-03 -6.3468922E-01  2.6203109E-01  1.1891243E-01 0.000 0.537 1.000 1.000 1.000 1.000 1.000 1.000 1.000 1.000 1.000 1.000 1.000 1.000 1.000 1.000 1.000 1.000 1.000 1.000 1.000 1.000 1.000 1.000 1.000 1.000 1.000 1.000 1.000 1.000 1.000 1.000 1.000 1.000 1.000 1.000 1.000 1.000 1.000 1.000  6.6811454280E-01   0.91994   1.00000   0.00000   0.00000   0.1349483E-01
   644  8.441859489519950E+05  29.851601  5.078243  4.593841  0.7199969E+00  0.2659587E+00  4.3954368E-05  2.5444321E-03  3.2220414E-05  7.3883143E-04  6.3814906E-03  2.5391960E-06  1.4381061E-05  2.0947275E-03  1.6934293E-04  0.5345    4.593841  -6.720  0.571694  7.589391  0.6605558E+00  0.3256502E+00  8.4395113E-08  6.1132024E-05  1.6712474E-05  8.0627981E-03  1.3562153E-03  3.8607146E-06  6.1854431E-09  2.0842028E-03  9.2607433E-07  2.584E-10  1.205E-16  2.570E+11  7.460E+12  6.116E+01  8.057E+06  0.53350739  5.086E-05  5.698E-05  9.536E-01  1.467E-09  2.048E-05  1.049E+00  277   15.9192  9.50E-03 3.3855E+01 5.0350E+01    7.23E+02 0.00E+00 2.70E+02  0.533895  0.106057 7.23E+02 0.00E+00 2.70E+02  0.533507  0.106055  0.0000000E+00  0.0000000E+00  7.2101288E-05  1.0880772E+00  5.9709791E-01  1.6402174E-03 -6.3410155E-01  2.6166556E-01  1.1904217E-01 0.000 0.537 1.000 1.000 1.000 1.000 1.000 1.000 1.000 1.000 1.000 1.000 1.000 1.000 1.000 1.000 1.000 1.000 1.000 1.000 1.000 1.000 1.000 1.000 1.000 1.000 1.000 1.000 1.000 1.000 1.000 1.000 1.000 1.000 1.000 1.000 1.000 1.000 1.000 1.000  6.6724526233E-01   0.91744   1.00000   0.00000   0.00000   0.1341827E-01
   656  8.683356801166874E+05  29.846991  5.079262  4.593664  0.7199963E+00  0.2659593E+00  4.3923191E-05  2.5437792E-03  3.2410864E-05  7.3952129E-04  6.3813490E-03  2.5411843E-06  1.4378145E-05  2.0947274E-03  1.6932619E-04  0.5340    4.593664  -6.718  0.571408  7.589441  0.6588123E+00  0.3273992E+00  8.4981821E-08  6.1446805E-05  1.6797980E-05  8.0999957E-03  1.3132842E-03  3.7472546E-06  6.4265218E-09  2.0839575E-03  9.2884716E-07  2.596E-10  1.209E-16  2.594E+11  7.553E+12  6.173E+01  8.157E+06  0.53367297  5.072E-05  5.684E-05  9.536E-01  1.729E-09  2.053E-05  1.049E+00  278   15.9192  9.50E-03 3.3791E+01 5.0257E+01    7.22E+02 0.00E+00 2.70E+02  0.534062  0.106322 7.22E+02 0.00E+00 2.69E+02  0.533673  0.106320  0.0000000E+00  0.0000000E+00  7.2551378E-05  1.0893617E+00  5.9624678E-01  1.6340022E-03 -6.3357615E-01  2.6132758E-01  1.1918096E-01 0.000 0.538 1.000 1.000 1.000 1.000 1.000 1.000 1.000 1.000 1.000 1.000 1.000 1.000 1.000 1.000 1.000 1.000 1.000 1.000 1.000 1.000 1.000 1.000 1.000 1.000 1.000 1.000 1.000 1.000 1.000 1.000 1.000 1.000 1.000 1.000 1.000 1.000 1.000 1.000  6.6637746878E-01   0.91502   1.00000   0.00000   0.00000   0.1334491E-01
   668  8.924854112813799E+05  29.842359  5.080299  4.593493  0.7199955E+00  0.2659600E+00  4.3888263E-05  2.5430317E-03  3.2624103E-05  7.4031946E-04  6.3811828E-03  2.5434718E-06  1.4374794E-05  2.0947272E-03  1.6930672E-04  0.5336    4.593493  -6.716  0.571158  7.589488  0.6570839E+00  0.3291325E+00  8.4558769E-08  6.1743268E-05  1.6879591E-05  8.1346894E-03  1.2732472E-03  3.6305373E-06  6.4602424E-09  2.0837158E-03  9.4926218E-07  2.602E-10  1.211E-16  2.592E+11  7.557E+12  6.170E+01  8.161E+06  0.53379358  5.058E-05  5.670E-05  9.536E-01  2.031E-09  2.056E-05  1.049E+00  278   15.9192  9.49E-03 3.3725E+01 5.0161E+01    7.21E+02 0.00E+00 2.69E+02  0.534184  0.106593 7.21E+02 0.00E+00 2.69E+02  0.533794  0.106591  0.0000000E+00  0.0000000E+00  7.3004101E-05  1.0906104E+00  5.9539759E-01  1.6266711E-03 -6.3306082E-01  2.6099400E-01  1.1932139E-01 0.000 0.538 1.000 1.000 1.000 1.000 1.000 1.000 1.000 1.000 1.000 1.000 1.000 1.000 1.000 1.000 1.000 1.000 1.000 1.000 1.000 1.000 1.000 1.000 1.000 1.000 1.000 1.000 1.000 1.000 1.000 1.000 1.000 1.000 1.000 1.000 1.000 1.000 1.000 1.000  6.6550438546E-01   0.91262   1.00000   0.00000   0.00000   0.1327179E-01
   681  9.166351424460724E+05  29.837703  5.081348  4.593336  0.7199946E+00  0.2659608E+00  4.3849637E-05  2.5421871E-03  3.2859904E-05  7.4123079E-04  6.3809898E-03  2.5460674E-06  1.4370994E-05  2.0947270E-03  1.6928439E-04  0.5332    4.593336  -6.714  0.570585  7.589685  0.6553637E+00  0.3308576E+00  8.1169497E-08  6.2221842E-05  1.7012178E-05  8.1671791E-03  1.2354471E-03  3.4889714E-06  6.2494374E-09  2.0834762E-03  9.7407927E-07  2.518E-10  1.172E-16  2.517E+11  7.298E+12  5.991E+01  7.882E+06  0.53416857  5.047E-05  5.656E-05  9.535E-01  2.372E-09  2.058E-05  1.049E+00  284   15.9192  9.49E-03 3.3651E+01 5.0053E+01    7.21E+02 0.00E+00 2.69E+02  0.533978  0.106861 7.21E+02 0.00E+00 2.69E+02  0.534169  0.106865  0.0000000E+00  0.0000000E+00  6.6057205E-05  1.0917882E+00  5.9447689E-01  1.6202605E-03 -6.3256492E-01  2.6066860E-01  1.1946611E-01 0.000 0.538 1.000 1.000 1.000 1.000 1.000 1.000 1.000 1.000 1.000 1.000 1.000 1.000 1.000 1.000 1.000 1.000 1.000 1.000 1.000 1.000 1.000 1.000 1.000 1.000 1.000 1.000 1.000 1.000 1.000 1.000 1.000 1.000 1.000 1.000 1.000 1.000 1.000 1.000  6.6462582696E-01   0.91023   1.00000   0.00000   0.00000   0.1320088E-01
   694  9.401811303316477E+05  29.833141  5.082363  4.593172  0.7199936E+00  0.2659618E+00  4.3806694E-05  2.5412280E-03  3.3122146E-05  7.4227611E-04  6.3807648E-03  2.5490244E-06  1.4366664E-05  2.0947267E-03  1.6925865E-04  0.5328    4.593172  -6.712  0.570340  7.589803  0.6536872E+00  0.3325385E+00  8.0416783E-08  6.2474143E-05  1.7081306E-05  8.1976253E-03  1.2003272E-03  3.3847093E-06  6.1446362E-09  2.0832435E-03  9.9573840E-07  2.519E-10  1.174E-16  2.508E+11  7.280E+12  5.970E+01  7.862E+06  0.53419336  5.032E-05  5.643E-05  9.535E-01  2.763E-09  2.059E-05  1.049E+00  288   15.9192  9.48E-03 3.3590E+01 4.9963E+01    7.20E+02 0.00E+00 2.69E+02  0.534387  0.107134 7.20E+02 0.00E+00 2.69E+02  0.534193  0.107132  0.0000000E+00  0.0000000E+00  6.6517118E-05  1.0928197E+00  5.9366391E-01  1.6140771E-03 -6.3211547E-01  2.6036444E-01  1.1961306E-01 0.000 0.538 1.000 1.000 1.000 1.000 1.000 1.000 1.000 1.000 1.000 1.000 1.000 1.000 1.000 1.000 1.000 1.000 1.000 1.000 1.000 1.000 1.000 1.000 1.000 1.000 1.000 1.000 1.000 1.000 1.000 1.000 1.000 1.000 1.000 1.000 1.000 1.000 1.000 1.000  6.6376377531E-01   0.90790   1.00000   0.00000   0.00000   0.1312610E-01
   707  9.637271182172230E+05  29.828555  5.083397  4.593050  0.7199925E+00  0.2659628E+00  4.3762972E-05  2.5402317E-03  3.3389355E-05  7.4337250E-04  6.3805248E-03  2.5521040E-06  1.4362153E-05  2.0947264E-03  1.6923153E-04  0.5324    4.593050  -6.710  0.570097  7.590006  0.6520092E+00  0.3342208E+00  7.9760904E-08  6.2728410E-05  1.7150925E-05  8.2266643E-03  1.1668065E-03  3.2864979E-06  6.0997951E-09  2.0830113E-03  1.0162587E-06  2.517E-10  1.174E-16  2.503E+11  7.283E+12  5.958E+01  7.865E+06  0.53458914  5.023E-05  5.631E-05  9.534E-01  3.167E-09  2.060E-05  1.049E+00  293   15.9192  9.48E-03 3.3519E+01 4.9860E+01    7.19E+02 0.00E+00 2.69E+02  0.534521  0.107400 7.19E+02 0.00E+00 2.69E+02  0.534589  0.107404  0.0000000E+00  0.0000000E+00  6.6924099E-05  1.0936128E+00  5.9277057E-01  1.6084152E-03 -6.3173348E-01  2.6008787E-01  1.1977451E-01 0.000 0.538 1.000 1.000 1.000 1.000 1.000 1.000 1.000 1.000 1.000 1.000 1.000 1.000 1.000 1.000 1.000 1.000 1.000 1.000 1.000 1.000 1.000 1.000 1.000 1.000 1.000 1.000 1.000 1.000 1.000 1.000 1.000 1.000 1.000 1.000 1.000 1.000 1.000 1.000  6.6289624684E-01   0.90557   1.00000   0.00000   0.00000   0.1305558E-01
   720  9.872731061027983E+05  29.823946  5.084424  4.592918  0.7199912E+00  0.2659640E+00  4.3715549E-05  2.5391304E-03  3.3679450E-05  7.4459576E-04  6.3802524E-03  2.5555143E-06  1.4357154E-05  2.0947261E-03  1.6920116E-04  0.5321    4.592918  -6.707  0.569931  7.590183  0.6503265E+00  0.3359074E+00  7.9024662E-08  6.2968537E-05  1.7216773E-05  8.2545029E-03  1.1346775E-03  3.1923405E-06  6.0063395E-09  2.0827790E-03  1.0339275E-06  2.518E-10  1.176E-16  2.496E+11  7.278E+12  5.942E+01  7.861E+06  0.53448171  5.008E-05  5.620E-05  9.534E-01  3.615E-09  2.059E-05  1.049E+00  297   15.9192  9.47E-03 3.3458E+01 4.9771E+01    7.19E+02 0.00E+00 2.69E+02  0.534844  0.107676 7.18E+02 0.00E+00 2.69E+02  0.534482  0.107675  0.0000000E+00  0.0000000E+00  6.7379154E-05  1.0943947E+00  5.9195007E-01  1.6025884E-03 -6.3135406E-01  2.5981135E-01  1.1993710E-01 0.000 0.538 1.000 1.000 1.000 1.000 1.000 1.000 1.000 1.000 1.000 1.000 1.000 1.000 1.000 1.000 1.000 1.000 1.000 1.000 1.000 1.000 1.000 1.000 1.000 1.000 1.000 1.000 1.000 1.000 1.000 1.000 1.000 1.000 1.000 1.000 1.000 1.000 1.000 1.000  6.6202311311E-01   0.90323   1.00000   0.00000   0.00000   0.1298265E-01
   733  1.010819093988374E+06  29.819312  5.085535  4.592797  0.7199899E+00  0.2659653E+00  4.3666307E-05  2.5379659E-03  3.3981011E-05  7.4590108E-04  6.3799568E-03  2.5591249E-06  1.4351856E-05  2.0947257E-03  1.6916864E-04  0.5320    4.592797  -6.705  0.569907  7.590360  0.6486063E+00  0.3376318E+00  7.6603827E-08  6.3112947E-05  1.7254027E-05  8.2827760E-03  1.1022146E-03  3.0992218E-06  5.1702922E-09  2.0825414E-03  1.0152714E-06  2.450E-10  1.145E-16  2.429E+11  7.050E+12  5.782E+01  7.614E+06  0.53512644  5.000E-05  5.609E-05  9.533E-01  4.087E-09  2.059E-05  1.049E+00  299   15.9192  9.47E-03 3.3393E+01 4.9675E+01    7.18E+02 0.00E+00 2.68E+02  0.534858  0.107959 7.18E+02 0.00E+00 2.69E+02  0.535126  0.107967  0.0000000E+00  0.0000000E+00  6.7797439E-05  1.0951878E+00  5.9103054E-01  1.5962324E-03 -6.3097847E-01  2.5953548E-01  1.2010333E-01 0.000 0.536 1.000 1.000 1.000 1.000 1.000 1.000 1.000 1.000 1.000 1.000 1.000 1.000 1.000 1.000 1.000 1.000 1.000 1.000 1.000 1.000 1.000 1.000 1.000 1.000 1.000 1.000 1.000 1.000 1.000 1.000 1.000 1.000 1.000 1.000 1.000 1.000 1.000 1.000  6.6114437393E-01   0.90081   1.00000   0.00000   0.00000   0.1290849E-01
   746  1.034365081873949E+06  29.814654  5.086573  4.592608  0.7199883E+00  0.2659668E+00  4.3613138E-05  2.5366862E-03  3.4307016E-05  7.4734830E-04  6.3796232E-03  2.5630948E-06  1.4346022E-05  2.0947253E-03  1.6913245E-04  0.5315    4.592608  -6.703  0.569698  7.590417  0.6468066E+00  0.3394358E+00  7.5916381E-08  6.3365808E-05  1.7324953E-05  8.3128491E-03  1.0675145E-03  2.9990753E-06  5.1028019E-09  2.0822922E-03  9.4148326E-07  2.468E-10  1.153E-16  2.446E+11  7.100E+12  5.822E+01  7.669E+06  0.53464910  4.980E-05  5.598E-05  9.534E-01  4.610E-09  2.060E-05  1.049E+00  300   15.7932  9.46E-03 3.3339E+01 4.9597E+01    7.17E+02 0.00E+00 2.68E+02  0.535032  0.108243 7.17E+02 0.00E+00 2.68E+02  0.534649  0.108242  0.0000000E+00  0.0000000E+00  6.8242785E-05  1.0964787E+00  5.9023347E-01  1.5904630E-03 -6.3046369E-01  2.5920026E-01  1.2024518E-01 0.000 0.535 1.000 1.000 1.000 1.000 1.000 1.000 1.000 1.000 1.000 1.000 1.000 1.000 1.000 1.000 1.000 1.000 1.000 1.000 1.000 1.000 1.000 1.000 1.000 1.000 1.000 1.000 1.000 1.000 1.000 1.000 1.000 1.000 1.000 1.000 1.000 1.000 1.000 1.000  6.6025982396E-01   0.89834   1.00000   0.00000   0.00000   0.1283473E-01
   759  1.057911069759524E+06  29.809972  5.087615  4.592455  0.7199865E+00  0.2659684E+00  4.3556058E-05  2.5352885E-03  3.4657440E-05  7.4894330E-04  6.3792488E-03  2.5674310E-06  1.4339638E-05  2.0947249E-03  1.6909245E-04  0.5311    4.592455  -6.701  0.569529  7.590491  0.6450655E+00  0.3411807E+00  7.5714231E-08  6.3612747E-05  1.7393383E-05  8.3391344E-03  1.0371429E-03  2.9106776E-06  5.2331471E-09  2.0820528E-03  9.3661409E-07  2.476E-10  1.155E-16  2.452E+11  7.127E+12  5.836E+01  7.697E+06  0.53512120  4.970E-05  5.584E-05  9.533E-01  5.184E-09  2.059E-05  1.049E+00  300   15.7932  9.46E-03 3.3269E+01 4.9495E+01    7.16E+02 0.00E+00 2.68E+02  0.534817  0.108515 7.16E+02 0.00E+00 2.68E+02  0.535121  0.108519  0.0000000E+00  0.0000000E+00  6.8607135E-05  1.0976251E+00  5.8931466E-01  1.5836379E-03 -6.2998268E-01  2.5888026E-01  1.2039418E-01 0.000 0.535 1.000 1.000 1.000 1.000 1.000 1.000 1.000 1.000 1.000 1.000 1.000 1.000 1.000 1.000 1.000 1.000 1.000 1.000 1.000 1.000 1.000 1.000 1.000 1.000 1.000 1.000 1.000 1.000 1.000 1.000 1.000 1.000 1.000 1.000 1.000 1.000 1.000 1.000  6.5937004154E-01   0.89592   1.00000   0.00000   0.00000   0.1276627E-01
   772  1.081457057645099E+06  29.805267  5.088653  4.592304  0.7199846E+00  0.2659703E+00  4.3496392E-05  2.5338027E-03  3.5024238E-05  7.5065431E-04  6.3788396E-03  2.5720386E-06  1.4332840E-05  2.0947244E-03  1.6904942E-04  0.5306    4.592304  -6.698  0.569440  7.590637  0.6433094E+00  0.3429405E+00  7.3645509E-08  6.3755242E-05  1.7431200E-05  8.3649374E-03  1.0074971E-03  2.8257487E-06  4.4999621E-09  2.0818117E-03  9.2140055E-07  2.448E-10  1.141E-16  2.418E+11  6.992E+12  5.754E+01  7.551E+06  0.53490957  4.953E-05  5.574E-05  9.534E-01  5.797E-09  2.057E-05  1.049E+00  303   15.7932  9.46E-03 3.3213E+01 4.9413E+01    7.16E+02 0.00E+00 2.68E+02  0.535275  0.108796 7.15E+02 0.00E+00 2.68E+02  0.534910  0.108796  0.0000000E+00  0.0000000E+00  6.9099081E-05  1.0985074E+00  5.8848712E-01  1.5783052E-03 -6.2957659E-01  2.5858970E-01  1.2055712E-01 0.000 0.533 1.000 1.000 1.000 1.000 1.000 1.000 1.000 1.000 1.000 1.000 1.000 1.000 1.000 1.000 1.000 1.000 1.000 1.000 1.000 1.000 1.000 1.000 1.000 1.000 1.000 1.000 1.000 1.000 1.000 1.000 1.000 1.000 1.000 1.000 1.000 1.000 1.000 1.000  6.5847458808E-01   0.89349   1.00000   0.00000   0.00000   0.1269226E-01
   785  1.105003045530675E+06  29.800537  5.089681  4.592132  0.7199823E+00  0.2659724E+00  4.3431971E-05  2.5321722E-03  3.5420774E-05  7.5254880E-04  6.3783779E-03  2.5770897E-06  1.4325367E-05  2.0947239E-03  1.6900164E-04  0.5301    4.592132  -6.696  0.569259  7.590680  0.6415388E+00  0.3447148E+00  7.3863656E-08  6.4020031E-05  1.7504845E-05  8.3899706E-03  9.7852210E-04  2.7415528E-06  4.8807272E-09  2.0815690E-03  9.0246029E-07  2.463E-10  1.147E-16  2.433E+11  7.052E+12  5.790E+01  7.616E+06  0.53513984  4.941E-05  5.561E-05  9.533E-01  6.476E-09  2.055E-05  1.049E+00  301   15.7932  9.45E-03 3.3148E+01 4.9319E+01    7.15E+02 0.00E+00 2.67E+02  0.535091  0.109067 7.15E+02 0.00E+00 2.67E+02  0.535140  0.109071  0.0000000E+00  0.0000000E+00  6.9468669E-05  1.0997947E+00  5.8758911E-01  1.5714480E-03 -6.2905665E-01  2.5825242E-01  1.2070109E-01 0.000 0.533 1.000 1.000 1.000 1.000 1.000 1.000 1.000 1.000 1.000 1.000 1.000 1.000 1.000 1.000 1.000 1.000 1.000 1.000 1.000 1.000 1.000 1.000 1.000 1.000 1.000 1.000 1.000 1.000 1.000 1.000 1.000 1.000 1.000 1.000 1.000 1.000 1.000 1.000  6.5757390066E-01   0.89103   1.00000   0.00000   0.00000   0.1262431E-01
   798  1.128549033416250E+06  29.795784  5.090725  4.591960  0.7199798E+00  0.2659748E+00  4.3362396E-05  2.5303823E-03  3.5849606E-05  7.5464820E-04  6.3778561E-03  2.5826266E-06  1.4317150E-05  2.0947232E-03  1.6894856E-04  0.5297    4.591960  -6.694  0.569117  7.590747  0.6397997E+00  0.3464572E+00  7.3613348E-08  6.4239347E-05  1.7565470E-05  8.4126655E-03  9.5228899E-04  2.6651695E-06  5.0084752E-09  2.0813317E-03  9.1704263E-07  2.470E-10  1.149E-16  2.436E+11  7.072E+12  5.797E+01  7.638E+06  0.53483629  4.922E-05  5.549E-05  9.534E-01  7.232E-09  2.051E-05  1.049E+00  300   15.7932  9.45E-03 3.3087E+01 4.9231E+01    7.14E+02 0.00E+00 2.67E+02  0.535217  0.109352 7.14E+02 0.00E+00 2.67E+02  0.534836  0.109351  0.0000000E+00  0.0000000E+00  6.9913677E-05  1.1009531E+00  5.8675171E-01  1.5651089E-03 -6.2857241E-01  2.5792985E-01  1.2085005E-01 0.000 0.533 1.000 1.000 1.000 1.000 1.000 1.000 1.000 1.000 1.000 1.000 1.000 1.000 1.000 1.000 1.000 1.000 1.000 1.000 1.000 1.000 1.000 1.000 1.000 1.000 1.000 1.000 1.000 1.000 1.000 1.000 1.000 1.000 1.000 1.000 1.000 1.000 1.000 1.000  6.5666778053E-01   0.88861   1.00000   0.00000   0.00000   0.1255219E-01
   811  1.152095021301825E+06  29.791006  5.091791  4.591816  0.7199770E+00  0.2659775E+00  4.3292031E-05  2.5285429E-03  3.6283868E-05  7.5682581E-04  6.3773039E-03  2.5883047E-06  1.4308695E-05  2.0947225E-03  1.6889339E-04  0.5293    4.591816  -6.692  0.569001  7.590839  0.6380750E+00  0.3481850E+00  7.3198987E-08  6.4439996E-05  1.7620700E-05  8.4337904E-03  9.2787670E-04  2.5941536E-06  5.0713686E-09  2.0810972E-03  9.4224663E-07  2.474E-10  1.149E-16  2.435E+11  7.081E+12  5.795E+01  7.648E+06  0.53542417  4.914E-05  5.535E-05  9.533E-01  8.009E-09  2.047E-05  1.049E+00  300   15.7932  9.45E-03 3.3014E+01 4.9124E+01    7.13E+02 0.00E+00 2.67E+02  0.535065  0.109633 7.13E+02 0.00E+00 2.67E+02  0.535424  0.109637  0.0000000E+00  0.0000000E+00  7.0306987E-05  1.1020017E+00  5.8580003E-01  1.5589241E-03 -6.2811815E-01  2.5762013E-01  1.2100530E-01 0.000 0.533 1.000 1.000 1.000 1.000 1.000 1.000 1.000 1.000 1.000 1.000 1.000 1.000 1.000 1.000 1.000 1.000 1.000 1.000 1.000 1.000 1.000 1.000 1.000 1.000 1.000 1.000 1.000 1.000 1.000 1.000 1.000 1.000 1.000 1.000 1.000 1.000 1.000 1.000  6.5575605047E-01   0.88622   1.00000   0.00000   0.00000   0.1248377E-01
   824  1.175641009187401E+06  29.786203  5.092850  4.591643  0.7199741E+00  0.2659803E+00  4.3220979E-05  2.5266574E-03  3.6722900E-05  7.5907880E-04  6.3767212E-03  2.5941114E-06  1.4300016E-05  2.0947218E-03  1.6883620E-04  0.5290    4.591643  -6.689  0.568894  7.590915  0.6363561E+00  0.3499068E+00  7.2601181E-08  6.4619187E-05  1.7669861E-05  8.4537712E-03  9.0480426E-04  2.5272448E-06  5.0429024E-09  2.0808641E-03  9.6802734E-07  2.476E-10  1.150E-16  2.428E+11  7.069E+12  5.779E+01  7.635E+06  0.53514299  4.896E-05  5.522E-05  9.533E-01  8.806E-09  2.041E-05  1.050E+00  299   15.7932  9.44E-03 3.2949E+01 4.9031E+01    7.13E+02 0.00E+00 2.67E+02  0.535527  0.109923 7.12E+02 0.00E+00 2.67E+02  0.535143  0.109922  0.0000000E+00  0.0000000E+00  7.0820487E-05  1.1030942E+00  5.8495595E-01  1.5526673E-03 -6.2765175E-01  2.5730472E-01  1.2115720E-01 0.000 0.533 1.000 1.000 1.000 1.000 1.000 1.000 1.000 1.000 1.000 1.000 1.000 1.000 1.000 1.000 1.000 1.000 1.000 1.000 1.000 1.000 1.000 1.000 1.000 1.000 1.000 1.000 1.000 1.000 1.000 1.000 1.000 1.000 1.000 1.000 1.000 1.000 1.000 1.000  6.5483832131E-01   0.88383   1.00000   0.00000   0.00000   0.1240939E-01
   837  1.199186997072976E+06  29.781375  5.093921  4.591513  0.7199706E+00  0.2659836E+00  4.3142364E-05  2.5245404E-03  3.7209166E-05  7.6163182E-04  6.3760477E-03  2.6006118E-06  1.4290260E-05  2.0947210E-03  1.6877128E-04  0.5286    4.591513  -6.687  0.568820  7.591032  0.6346402E+00  0.3516254E+00  7.1970618E-08  6.4794112E-05  1.7717840E-05  8.4727283E-03  8.8290607E-04  2.4634248E-06  5.0104120E-09  2.0806318E-03  9.9274339E-07  2.473E-10  1.149E-16  2.422E+11  7.062E+12  5.765E+01  7.627E+06  0.53573566  4.888E-05  5.509E-05  9.532E-01  9.722E-09  2.036E-05  1.050E+00  299   15.7932  9.44E-03 3.2876E+01 4.8923E+01    7.12E+02 0.00E+00 2.67E+02  0.535415  0.110207 7.12E+02 0.00E+00 2.67E+02  0.535736  0.110211  0.0000000E+00  0.0000000E+00  7.1227925E-05  1.1040192E+00  5.8399741E-01  1.5466589E-03 -6.2723068E-01  2.5700815E-01  1.2131936E-01 0.000 0.533 1.000 1.000 1.000 1.000 1.000 1.000 1.000 1.000 1.000 1.000 1.000 1.000 1.000 1.000 1.000 1.000 1.000 1.000 1.000 1.000 1.000 1.000 1.000 1.000 1.000 1.000 1.000 1.000 1.000 1.000 1.000 1.000 1.000 1.000 1.000 1.000 1.000 1.000  6.5391472376E-01   0.88144   1.00000   0.00000   0.00000   0.1234155E-01
   850  1.222732984958551E+06  29.776521  5.095050  4.591354  0.7199670E+00  0.2659870E+00  4.3064372E-05  2.5224096E-03  3.7692069E-05  7.6422584E-04  6.3753495E-03  2.6071326E-06  1.4280428E-05  2.0947201E-03  1.6870523E-04  0.5285    4.591354  -6.685  0.568837  7.591194  0.6329145E+00  0.3533538E+00  7.1187528E-08  6.4968313E-05  1.7763872E-05  8.4911853E-03  8.6158086E-04  2.4015924E-06  5.0197062E-09  2.0803984E-03  1.0059072E-06  2.438E-10  1.134E-16  2.391E+11  6.962E+12  5.690E+01  7.519E+06  0.53552362  4.871E-05  5.499E-05  9.532E-01  1.064E-08  2.029E-05  1.050E+00  301   15.7932  9.44E-03 3.2815E+01 4.8835E+01    7.11E+02 0.00E+00 2.67E+02  0.535878  0.110508 7.11E+02 0.00E+00 2.66E+02  0.535524  0.110516  0.0000000E+00  0.0000000E+00  7.1762653E-05  1.1048842E+00  5.8313754E-01  1.5406785E-03 -6.2683275E-01  2.5671994E-01  1.2148605E-01 0.000 0.533 1.000 1.000 1.000 1.000 1.000 1.000 1.000 1.000 1.000 1.000 1.000 1.000 1.000 1.000 1.000 1.000 1.000 1.000 1.000 1.000 1.000 1.000 1.000 1.000 1.000 1.000 1.000 1.000 1.000 1.000 1.000 1.000 1.000 1.000 1.000 1.000 1.000 1.000  6.5298496586E-01   0.87901   1.00000   0.00000   0.00000   0.1226308E-01
   863  1.246278972844126E+06  29.771641  5.096111  4.591187  0.7199629E+00  0.2659909E+00  4.2982025E-05  2.5201281E-03  3.8202362E-05  7.6702963E-04  6.3745795E-03  2.6140878E-06  1.4269890E-05  2.0947191E-03  1.6863375E-04  0.5283    4.591187  -6.682  0.568712  7.591269  0.6311531E+00  0.3551178E+00  7.1422860E-08  6.5173467E-05  1.7823845E-05  8.5099503E-03  8.3984733E-04  2.3374898E-06  5.2166559E-09  2.0801599E-03  9.9943142E-07  2.394E-10  1.112E-16  2.417E+11  7.064E+12  5.752E+01  7.629E+06  0.53603808  4.861E-05  5.485E-05  9.531E-01  1.164E-08  2.023E-05  1.050E+00  300   15.7932  9.44E-03 3.2743E+01 4.8730E+01    7.10E+02 0.00E+00 2.66E+02  0.535726  0.110799 7.10E+02 0.00E+00 2.66E+02  0.536038  0.110804  0.0000000E+00  0.0000000E+00  7.2177221E-05  1.1059966E+00  5.8216644E-01  1.5337923E-03 -6.2635940E-01  2.5640054E-01  1.2164148E-01 0.000 0.532 1.000 1.000 1.000 1.000 1.000 1.000 1.000 1.000 1.000 1.000 1.000 1.000 1.000 1.000 1.000 1.000 1.000 1.000 1.000 1.000 1.000 1.000 1.000 1.000 1.000 1.000 1.000 1.000 1.000 1.000 1.000 1.000 1.000 1.000 1.000 1.000 1.000 1.000  6.5204894322E-01   0.87660   1.00000   0.00000   0.00000   0.1219352E-01
   876  1.269824960729702E+06  29.766734  5.097226  4.590997  0.7199585E+00  0.2659952E+00  4.2896304E-05  2.5177204E-03  3.8733955E-05  7.7001711E-04  6.3737423E-03  2.6213967E-06  1.4258756E-05  2.0947181E-03  1.6855751E-04  0.5279    4.590997  -6.680  0.568678  7.591366  0.6293497E+00  0.3569241E+00  6.8558670E-08  6.5232175E-05  1.7836733E-05  8.5295179E-03  8.1744921E-04  2.2751627E-06  4.2491876E-09  2.0799155E-03  9.6028979E-07  2.427E-10  1.127E-16  2.369E+11  6.884E+12  5.638E+01  7.434E+06  0.53572918  4.842E-05  5.474E-05  9.532E-01  1.270E-08  2.018E-05  1.050E+00  300   15.6661  9.43E-03 3.2681E+01 4.8640E+01    7.09E+02 0.00E+00 2.66E+02  0.536131  0.111108 7.09E+02 0.00E+00 2.66E+02  0.535729  0.111107  0.0000000E+00  0.0000000E+00  7.2717961E-05  1.1070924E+00  5.8129842E-01  1.5281068E-03 -6.2590178E-01  2.5608566E-01  1.2179908E-01 0.000 0.531 1.000 1.000 1.000 1.000 1.000 1.000 1.000 1.000 1.000 1.000 1.000 1.000 1.000 1.000 1.000 1.000 1.000 1.000 1.000 1.000 1.000 1.000 1.000 1.000 1.000 1.000 1.000 1.000 1.000 1.000 1.000 1.000 1.000 1.000 1.000 1.000 1.000 1.000  6.5110664711E-01   0.87410   1.00000   0.00000   0.00000   0.1211546E-01
   889  1.293370948615277E+06  29.761801  5.098306  4.590834  0.7199538E+00  0.2659997E+00  4.2811643E-05  2.5153112E-03  3.9259286E-05  7.7303468E-04  6.3728798E-03  2.6286767E-06  1.4247605E-05  2.0947170E-03  1.6848045E-04  0.5274    4.590834  -6.678  0.568592  7.591469  0.6275838E+00  0.3586925E+00  6.8537934E-08  6.5421395E-05  1.7889693E-05  8.5467895E-03  7.9744704E-04  2.2166236E-06  4.4607940E-09  2.0796772E-03  9.6020293E-07  2.438E-10  1.132E-16  2.380E+11  6.932E+12  5.665E+01  7.486E+06  0.53620058  4.832E-05  5.460E-05  9.531E-01  1.377E-08  2.011E-05  1.050E+00  300   15.6661  9.43E-03 3.2607E+01 4.8532E+01    7.09E+02 0.00E+00 2.66E+02  0.536131  0.111399 7.09E+02 0.00E+00 2.66E+02  0.536201  0.111402  0.0000000E+00  0.0000000E+00  7.3161200E-05  1.1081429E+00  5.8032794E-01  1.5213396E-03 -6.2544703E-01  2.5577304E-01  1.2195900E-01 0.000 0.531 1.000 1.000 1.000 1.000 1.000 1.000 1.000 1.000 1.000 1.000 1.000 1.000 1.000 1.000 1.000 1.000 1.000 1.000 1.000 1.000 1.000 1.000 1.000 1.000 1.000 1.000 1.000 1.000 1.000 1.000 1.000 1.000 1.000 1.000 1.000 1.000 1.000 1.000  6.5015830343E-01   0.87164   1.00000   0.00000   0.00000   0.1204500E-01
   902  1.316916936500852E+06  29.756842  5.099382  4.590683  0.7199481E+00  0.2660052E+00  4.2714545E-05  2.5125124E-03  3.9862026E-05  7.7657421E-04  6.3718478E-03  2.6370914E-06  1.4234637E-05  2.0947156E-03  1.6839002E-04  0.5270    4.590683  -6.675  0.568543  7.591643  0.6258329E+00  0.3604458E+00  6.8009977E-08  6.5585025E-05  1.7934904E-05  8.5627676E-03  7.7896294E-04  2.1623086E-06  4.4761564E-09  2.0794414E-03  9.7491240E-07  2.441E-10  1.135E-16  2.379E+11  6.942E+12  5.663E+01  7.497E+06  0.53608820  4.816E-05  5.449E-05  9.531E-01  1.505E-08  2.003E-05  1.050E+00  304   15.6661  9.43E-03 3.2540E+01 4.8435E+01    7.08E+02 0.00E+00 2.66E+02  0.536451  0.111698 7.08E+02 0.00E+00 2.65E+02  0.536088  0.111696  0.0000000E+00  0.0000000E+00  7.3676787E-05  1.1089232E+00  5.7942958E-01  1.5159458E-03 -6.2506589E-01  2.5548981E-01  1.2213273E-01 0.000 0.531 1.000 1.000 1.000 1.000 1.000 1.000 1.000 1.000 1.000 1.000 1.000 1.000 1.000 1.000 1.000 1.000 1.000 1.000 1.000 1.000 1.000 1.000 1.000 1.000 1.000 1.000 1.000 1.000 1.000 1.000 1.000 1.000 1.000 1.000 1.000 1.000 1.000 1.000  6.4920369776E-01   0.86922   1.00000   0.00000   0.00000   0.1197154E-01
   915  1.340462924386428E+06  29.751857  5.100467  4.590543  0.7199422E+00  0.2660109E+00  4.2619957E-05  2.5097502E-03  4.0449376E-05  7.8010277E-04  6.3707977E-03  2.6453496E-06  1.4221827E-05  2.0947143E-03  1.6829984E-04  0.5267    4.590543  -6.673  0.568510  7.591798  0.6240810E+00  0.3621998E+00  6.7410956E-08  6.5738792E-05  1.7977196E-05  8.5779863E-03  7.6136097E-04  2.1107029E-06  4.4700471E-09  2.0792056E-03  9.9068674E-07  2.443E-10  1.138E-16  2.376E+11  6.941E+12  5.654E+01  7.497E+06  0.53672629  4.808E-05  5.436E-05  9.530E-01  1.631E-08  1.995E-05  1.050E+00  306   15.6661  9.43E-03 3.2465E+01 4.8324E+01    7.07E+02 0.00E+00 2.65E+02  0.536390  0.111989 7.07E+02 0.00E+00 2.66E+02  0.536726  0.111994  0.0000000E+00  0.0000000E+00  7.4112151E-05  1.1097457E+00  5.7842858E-01  1.5093643E-03 -6.2467165E-01  2.5520133E-01  1.2230574E-01 0.000 0.531 1.000 1.000 1.000 1.000 1.000 1.000 1.000 1.000 1.000 1.000 1.000 1.000 1.000 1.000 1.000 1.000 1.000 1.000 1.000 1.000 1.000 1.000 1.000 1.000 1.000 1.000 1.000 1.000 1.000 1.000 1.000 1.000 1.000 1.000 1.000 1.000 1.000 1.000  6.4824278682E-01   0.86678   1.00000   0.00000   0.00000   0.1190235E-01
   928  1.364008912272003E+06  29.746845  5.101538  4.590383  0.7199358E+00  0.2660172E+00  4.2522598E-05  2.5068718E-03  4.1054017E-05  7.8381585E-04  6.3696706E-03  2.6539045E-06  1.4208466E-05  2.0947128E-03  1.6820495E-04  0.5263    4.590383  -6.671  0.568496  7.591990  0.6223296E+00  0.3639533E+00  6.6780039E-08  6.5889827E-05  1.8018768E-05  8.5923973E-03  7.4468437E-04  2.0614374E-06  4.4508710E-09  2.0789701E-03  1.0091932E-06  2.440E-10  1.138E-16  2.372E+11  6.944E+12  5.644E+01  7.500E+06  0.53663388  4.793E-05  5.425E-05  9.530E-01  1.764E-08  1.987E-05  1.050E+00  308   15.6661  9.42E-03 3.2400E+01 4.8229E+01    7.07E+02 0.00E+00 2.65E+02  0.537020  0.112291 7.06E+02 0.00E+00 2.65E+02  0.536634  0.112289  0.0000000E+00  0.0000000E+00  7.4692168E-05  1.1104234E+00  5.7752042E-01  1.5034827E-03 -6.2431632E-01  2.5492737E-01  1.2248662E-01 0.000 0.531 1.000 1.000 1.000 1.000 1.000 1.000 1.000 1.000 1.000 1.000 1.000 1.000 1.000 1.000 1.000 1.000 1.000 1.000 1.000 1.000 1.000 1.000 1.000 1.000 1.000 1.000 1.000 1.000 1.000 1.000 1.000 1.000 1.000 1.000 1.000 1.000 1.000 1.000  6.4727527876E-01   0.86435   1.00000   0.00000   0.00000   0.1182639E-01
   941  1.387554900157578E+06  29.741805  5.102643  4.590263  0.7199285E+00  0.2660242E+00  4.2419347E-05  2.5037816E-03  4.1695228E-05  7.8784268E-04  6.3684237E-03  2.6630306E-06  1.4194108E-05  2.0947111E-03  1.6810204E-04  0.5259    4.590263  -6.669  0.568477  7.592199  0.6205767E+00  0.3657082E+00  6.6206763E-08  6.6038810E-05  1.8059857E-05  8.6061123E-03  7.2880444E-04  2.0144630E-06  4.4522456E-09  2.0787345E-03  1.0283029E-06  2.439E-10  1.141E-16  2.369E+11  6.957E+12  5.639E+01  7.514E+06  0.53713663  4.784E-05  5.413E-05  9.529E-01  1.910E-08  1.978E-05  1.050E+00  312   15.6661  9.42E-03 3.2325E+01 4.8116E+01    7.06E+02 0.00E+00 2.65E+02  0.536900  0.112588 7.06E+02 0.00E+00 2.65E+02  0.537137  0.112594  0.0000000E+00  0.0000000E+00  7.5130695E-05  1.1110303E+00  5.7650775E-01  1.4977658E-03 -6.2397900E-01  2.5466075E-01  1.2267352E-01 0.000 0.531 1.000 1.000 1.000 1.000 1.000 1.000 1.000 1.000 1.000 1.000 1.000 1.000 1.000 1.000 1.000 1.000 1.000 1.000 1.000 1.000 1.000 1.000 1.000 1.000 1.000 1.000 1.000 1.000 1.000 1.000 1.000 1.000 1.000 1.000 1.000 1.000 1.000 1.000  6.4630119487E-01   0.86191   1.00000   0.00000   0.00000   0.1175722E-01
   954  1.411100888043153E+06  29.736738  5.103734  4.590097  0.7199212E+00  0.2660313E+00  4.2320591E-05  2.5007908E-03  4.2308439E-05  7.9177871E-04  6.3671812E-03  2.6718041E-06  1.4180200E-05  2.0947094E-03  1.6800150E-04  0.5256    4.590097  -6.666  0.568462  7.592373  0.6188211E+00  0.3674657E+00  6.5648365E-08  6.6182173E-05  1.8099252E-05  8.6192115E-03  7.1363576E-04  1.9697291E-06  4.4712933E-09  2.0784986E-03  1.0465848E-06  2.436E-10  1.141E-16  2.366E+11  6.964E+12  5.631E+01  7.521E+06  0.53720493  4.770E-05  5.402E-05  9.529E-01  2.049E-08  1.969E-05  1.050E+00  315   15.6661  9.42E-03 3.2260E+01 4.8019E+01    7.05E+02 0.00E+00 2.65E+02  0.537571  0.112899 7.05E+02 0.00E+00 2.65E+02  0.537205  0.112895  0.0000000E+00  0.0000000E+00  7.5739220E-05  1.1117596E+00  5.7558654E-01  1.4917774E-03 -6.2360806E-01  2.5437918E-01  1.2285370E-01 0.000 0.531 1.000 1.000 1.000 1.000 1.000 1.000 1.000 1.000 1.000 1.000 1.000 1.000 1.000 1.000 1.000 1.000 1.000 1.000 1.000 1.000 1.000 1.000 1.000 1.000 1.000 1.000 1.000 1.000 1.000 1.000 1.000 1.000 1.000 1.000 1.000 1.000 1.000 1.000  6.4532031271E-01   0.85947   1.00000   0.00000   0.00000   0.1168065E-01
   968  1.435190244879935E+06  29.731526  5.104851  4.589932  0.7199125E+00  0.2660398E+00  4.2209658E-05  2.4973921E-03  4.2996999E-05  7.9629720E-04  6.3657268E-03  2.6817035E-06  1.4164381E-05  2.0947075E-03  1.6788614E-04  0.5253    4.589932  -6.664  0.568342  7.592526  0.6170204E+00  0.3692683E+00  6.2823397E-08  6.6533669E-05  1.8196953E-05  8.6318191E-03  6.9869319E-04  1.9107562E-06  4.2549868E-09  2.0782567E-03  1.0618236E-06  2.351E-10  1.102E-16  2.296E+11  6.722E+12  5.465E+01  7.260E+06  0.53732989  4.756E-05  5.388E-05  9.529E-01  2.212E-08  1.960E-05  1.050E+00  319   15.6661  9.42E-03 3.2188E+01 4.7912E+01    7.04E+02 0.00E+00 2.65E+02  0.537692  0.113208 7.04E+02 0.00E+00 2.65E+02  0.537330  0.113206  0.0000000E+00  0.0000000E+00  6.8619050E-05  1.1126535E+00  5.7458949E-01  1.4858081E-03 -6.2318533E-01  2.5407332E-01  1.2303172E-01 0.000 0.531 1.000 1.000 1.000 1.000 1.000 1.000 1.000 1.000 1.000 1.000 1.000 1.000 1.000 1.000 1.000 1.000 1.000 1.000 1.000 1.000 1.000 1.000 1.000 1.000 1.000 1.000 1.000 1.000 1.000 1.000 1.000 1.000 1.000 1.000 1.000 1.000 1.000 1.000  6.4430986379E-01   0.85697   1.00000   0.00000   0.00000   0.1160764E-01
   982  1.459804858369550E+06  29.726170  5.106026  4.589789  0.7199027E+00  0.2660494E+00  4.2092419E-05  2.4937565E-03  4.3724312E-05  8.0118288E-04  6.3641220E-03  2.6922082E-06  1.4147445E-05  2.0947053E-03  1.6776150E-04  0.5248    4.589789  -6.661  0.568432  7.592724  0.6151519E+00  0.3711387E+00  6.1983071E-08  6.6348594E-05  1.8144586E-05  8.6456330E-03  6.8324685E-04  1.8795727E-06  3.2221892E-09  2.0780054E-03  1.0582845E-06  2.366E-10  1.113E-16  2.335E+11  6.886E+12  5.556E+01  7.437E+06  0.53756997  4.744E-05  5.376E-05  9.528E-01  2.390E-08  1.951E-05  1.050E+00  324   15.5378  9.42E-03 3.2113E+01 4.7801E+01    7.04E+02 0.00E+00 2.65E+02  0.537947  0.113530 7.03E+02 0.00E+00 2.65E+02  0.537570  0.113532  0.0000000E+00  0.0000000E+00  7.6028082E-05  1.1133459E+00  5.7355736E-01  1.4793437E-03 -6.2282043E-01  2.5378760E-01  1.2322730E-01 0.000 0.527 1.000 1.000 1.000 1.000 1.000 1.000 1.000 1.000 1.000 1.000 1.000 1.000 1.000 1.000 1.000 1.000 1.000 1.000 1.000 1.000 1.000 1.000 1.000 1.000 1.000 1.000 1.000 1.000 1.000 1.000 1.000 1.000 1.000 1.000 1.000 1.000 1.000 1.000  6.4326998732E-01   0.85442   1.00000   0.00000   0.00000   0.1153292E-01
   996  1.484011945145761E+06  29.720872  5.107115  4.589619  0.7198931E+00  0.2660588E+00  4.1984030E-05  2.4903573E-03  4.4396278E-05  8.0579849E-04  6.3625768E-03  2.7019515E-06  1.4131595E-05  2.0947031E-03  1.6764386E-04  0.5246    4.589619  -6.659  0.568297  7.592924  0.6131806E+00  0.3731123E+00  6.0114918E-08  6.6784679E-05  1.8265140E-05  8.6614501E-03  6.6450234E-04  1.8129846E-06  3.5562221E-09  2.0777385E-03  9.8512455E-07  2.292E-10  1.078E-16  2.252E+11  6.571E+12  5.361E+01  7.097E+06  0.53776822  4.731E-05  5.367E-05  9.528E-01  2.553E-08  1.944E-05  1.050E+00  330   15.6021  9.41E-03 3.2065E+01 4.7725E+01    7.03E+02 0.00E+00 2.65E+02  0.538128  0.113839 7.03E+02 0.00E+00 2.64E+02  0.537768  0.113837  0.0000000E+00  0.0000000E+00  6.8888284E-05  1.1141822E+00  5.7255588E-01  1.4728997E-03 -6.2241233E-01  2.5348110E-01  1.2342121E-01 0.000 0.527 1.000 1.000 1.000 1.000 1.000 1.000 1.000 1.000 1.000 1.000 1.000 1.000 1.000 1.000 1.000 1.000 1.000 1.000 1.000 1.000 1.000 1.000 1.000 1.000 1.000 1.000 1.000 1.000 1.000 1.000 1.000 1.000 1.000 1.000 1.000 1.000 1.000 1.000  6.4223999963E-01   0.85164   1.00000   0.00000   0.00000   0.1145963E-01
  1011  1.508219031921970E+06  29.715547  5.108196  4.589470  0.7198823E+00  0.2660693E+00  4.1869230E-05  2.4867179E-03  4.5107387E-05  8.1079056E-04  6.3608746E-03  2.7122972E-06  1.4114613E-05  2.0947007E-03  1.6751677E-04  0.5241    4.589470  -6.657  0.568250  7.593073  0.6112856E+00  0.3750093E+00  5.9452585E-08  6.6941673E-05  1.8309432E-05  8.6748131E-03  6.4901221E-04  1.7637969E-06  3.5894112E-09  2.0774830E-03  9.7570521E-07  2.246E-10  1.057E-16  2.245E+11  6.557E+12  5.343E+01  7.082E+06  0.53806391  4.720E-05  5.354E-05  9.527E-01  2.731E-08  1.935E-05  1.050E+00  333   15.6021  9.41E-03 3.1995E+01 4.7623E+01    7.02E+02 0.00E+00 2.64E+02  0.537723  0.114136 7.02E+02 0.00E+00 2.64E+02  0.538064  0.114140  0.0000000E+00  0.0000000E+00  6.9239126E-05  1.1150955E+00  5.7152398E-01  1.4668137E-03 -6.2198478E-01  2.5317468E-01  1.2359676E-01 0.000 0.527 1.000 1.000 1.000 1.000 1.000 1.000 1.000 1.000 1.000 1.000 1.000 1.000 1.000 1.000 1.000 1.000 1.000 1.000 1.000 1.000 1.000 1.000 1.000 1.000 1.000 1.000 1.000 1.000 1.000 1.000 1.000 1.000 1.000 1.000 1.000 1.000 1.000 1.000  6.4120392916E-01   0.84901   1.00000   0.00000   0.00000   0.1139396E-01
  1026  1.532426118698180E+06  29.710192  5.109401  4.589281  0.7198704E+00  0.2660810E+00  4.1748941E-05  2.4828626E-03  4.5851720E-05  8.1613508E-04  6.3590177E-03  2.7231593E-06  1.4096606E-05  2.0946981E-03  1.6738089E-04  0.5238    4.589281  -6.654  0.568278  7.593207  0.6093466E+00  0.3769503E+00  5.8298612E-08  6.7059401E-05  1.8340727E-05  8.6886972E-03  6.3299159E-04  1.7186118E-06  3.3650561E-09  2.0772213E-03  9.4859905E-07  2.285E-10  1.075E-16  2.236E+11  6.485E+12  5.322E+01  7.004E+06  0.53763895  4.699E-05  5.343E-05  9.528E-01  2.923E-08  1.926E-05  1.050E+00  333   15.5378  9.41E-03 3.1932E+01 4.7531E+01    7.01E+02 0.00E+00 2.64E+02  0.538005  0.114478 7.01E+02 0.00E+00 2.64E+02  0.537639  0.114477  0.0000000E+00  0.0000000E+00  6.9771247E-05  1.1162105E+00  5.7057633E-01  1.4603146E-03 -6.2151422E-01  2.5284435E-01  1.2377310E-01 0.000 0.525 1.000 1.000 1.000 1.000 1.000 1.000 1.000 1.000 1.000 1.000 1.000 1.000 1.000 1.000 1.000 1.000 1.000 1.000 1.000 1.000 1.000 1.000 1.000 1.000 1.000 1.000 1.000 1.000 1.000 1.000 1.000 1.000 1.000 1.000 1.000 1.000 1.000 1.000  6.4016092899E-01   0.84632   1.00000   0.00000   0.00000   0.1131648E-01
  1041  1.556633205474390E+06  29.704807  5.110544  4.589134  0.7198579E+00  0.2660933E+00  4.1630135E-05  2.4790143E-03  4.6586007E-05  8.2152603E-04  6.3571104E-03  2.7339023E-06  1.4078618E-05  2.0946954E-03  1.6724402E-04  0.5234    4.589134  -6.652  0.568237  7.593354  0.6074557E+00  0.3788429E+00  5.8345204E-08  6.7223374E-05  1.8386837E-05  8.7003787E-03  6.1940264E-04  1.6786462E-06  3.6304043E-09  2.0769670E-03  9.6510790E-07  2.305E-10  1.086E-16  2.247E+11  6.548E+12  5.349E+01  7.072E+06  0.53807384  4.689E-05  5.331E-05  9.527E-01  3.115E-08  1.916E-05  1.050E+00  335   15.5378  9.41E-03 3.1859E+01 4.7425E+01    7.00E+02 0.00E+00 2.63E+02  0.537719  0.114796 7.00E+02 0.00E+00 2.64E+02  0.538074  0.114799  0.0000000E+00  0.0000000E+00  7.0174006E-05  1.1171765E+00  5.6951553E-01  1.4534372E-03 -6.2107269E-01  2.5252633E-01  1.2395770E-01 0.000 0.525 1.000 1.000 1.000 1.000 1.000 1.000 1.000 1.000 1.000 1.000 1.000 1.000 1.000 1.000 1.000 1.000 1.000 1.000 1.000 1.000 1.000 1.000 1.000 1.000 1.000 1.000 1.000 1.000 1.000 1.000 1.000 1.000 1.000 1.000 1.000 1.000 1.000 1.000  6.3911103806E-01   0.84369   1.00000   0.00000   0.00000   0.1124908E-01
  1056  1.580840292250600E+06  29.699391  5.111661  4.588982  0.7198443E+00  0.2661066E+00  4.1507843E-05  2.4750119E-03  4.7340807E-05  8.2719181E-04  6.3550699E-03  2.7449689E-06  1.4059893E-05  2.0946925E-03  1.6710041E-04  0.5230    4.588982  -6.649  0.568152  7.593523  0.6055951E+00  0.3807050E+00  5.8177851E-08  6.7368423E-05  1.8427740E-05  8.7106354E-03  6.0746943E-04  1.6433359E-06  3.8286643E-09  2.0767172E-03  9.9994077E-07  2.304E-10  1.087E-16  2.253E+11  6.591E+12  5.362E+01  7.119E+06  0.53773112  4.671E-05  5.319E-05  9.528E-01  3.317E-08  1.905E-05  1.050E+00  342   15.5378  9.41E-03 3.1797E+01 4.7334E+01    7.00E+02 0.00E+00 2.63E+02  0.538093  0.115117 7.00E+02 0.00E+00 2.63E+02  0.537731  0.115115  0.0000000E+00  0.0000000E+00  7.0695601E-05  1.1179671E+00  5.6855571E-01  1.4479272E-03 -6.2067018E-01  2.5222332E-01  1.2414959E-01 0.000 0.525 1.000 1.000 1.000 1.000 1.000 1.000 1.000 1.000 1.000 1.000 1.000 1.000 1.000 1.000 1.000 1.000 1.000 1.000 1.000 1.000 1.000 1.000 1.000 1.000 1.000 1.000 1.000 1.000 1.000 1.000 1.000 1.000 1.000 1.000 1.000 1.000 1.000 1.000  6.3805409429E-01   0.84110   1.00000   0.00000   0.00000   0.1117784E-01
  1071  1.605047379026809E+06  29.693946  5.112683  4.588891  0.7198300E+00  0.2661207E+00  4.1385474E-05  2.4709664E-03  4.8094946E-05  8.3297817E-04  6.3529496E-03  2.7560447E-06  1.4040950E-05  2.0946894E-03  1.6695400E-04  0.5227    4.588891  -6.647  0.567957  7.593710  0.6037927E+00  0.3825085E+00  5.7278409E-08  6.7451898E-05  1.8451177E-05  8.7188546E-03  5.9796268E-04  1.6145099E-06  3.5297259E-09  2.0764759E-03  1.0651664E-06  2.283E-10  1.078E-16  2.236E+11  6.555E+12  5.323E+01  7.080E+06  0.53819191  4.664E-05  5.307E-05  9.527E-01  3.521E-08  1.894E-05  1.050E+00  360   15.5378  9.40E-03 3.1733E+01 4.7238E+01    6.99E+02 0.00E+00 2.63E+02  0.538083  0.115402 6.99E+02 0.00E+00 2.63E+02  0.538192  0.115406  0.0000000E+00  0.0000000E+00  7.1099806E-05  1.1184562E+00  5.6747662E-01  1.4415721E-03 -6.2032400E-01  2.5194396E-01  1.2435570E-01 0.000 0.525 1.000 1.000 1.000 1.000 1.000 1.000 1.000 1.000 1.000 1.000 1.000 1.000 1.000 1.000 1.000 1.000 1.000 1.000 1.000 1.000 1.000 1.000 1.000 1.000 1.000 1.000 1.000 1.000 1.000 1.000 1.000 1.000 1.000 1.000 1.000 1.000 1.000 1.000  6.3699053214E-01   0.83860   1.00000   0.00000   0.00000   0.1111881E-01
  1086  1.629254465803019E+06  29.688472  5.113837  4.588712  0.7198139E+00  0.2661366E+00  4.1255625E-05  2.4666305E-03  4.8893806E-05  8.3924583E-04  6.3506131E-03  2.7677928E-06  1.4020631E-05  2.0946859E-03  1.6679572E-04  0.5223    4.588712  -6.644  0.567965  7.593855  0.6018949E+00  0.3844079E+00  5.6553749E-08  6.7569451E-05  1.8482894E-05  8.7291833E-03  5.8599386E-04  1.5808451E-06  3.5819194E-09  2.0762206E-03  1.0598742E-06  2.285E-10  1.080E-16  2.226E+11  6.529E+12  5.297E+01  7.051E+06  0.53805909  4.647E-05  5.295E-05  9.528E-01  3.746E-08  1.883E-05  1.051E+00  360   15.5378  9.40E-03 3.1663E+01 4.7138E+01    6.98E+02 0.00E+00 2.63E+02  0.538422  0.115735 6.98E+02 0.00E+00 2.63E+02  0.538059  0.115733  0.0000000E+00  0.0000000E+00  7.1638445E-05  1.1194425E+00  5.6648971E-01  1.4357176E-03 -6.1987858E-01  2.5162226E-01  1.2454094E-01 0.000 0.526 1.000 1.000 1.000 1.000 1.000 1.000 1.000 1.000 1.000 1.000 1.000 1.000 1.000 1.000 1.000 1.000 1.000 1.000 1.000 1.000 1.000 1.000 1.000 1.000 1.000 1.000 1.000 1.000 1.000 1.000 1.000 1.000 1.000 1.000 1.000 1.000 1.000 1.000  6.3591999334E-01   0.83596   1.00000   0.00000   0.00000   0.1104512E-01
  1101  1.653461552579229E+06  29.682966  5.115034  4.588567  0.7197968E+00  0.2661534E+00  4.1125629E-05  2.4622460E-03  4.9692055E-05  8.4565236E-04  6.3481834E-03  2.7795428E-06  1.4000065E-05  2.0946823E-03  1.6663426E-04  0.5220    4.588567  -6.642  0.567978  7.594002  0.6000151E+00  0.3862890E+00  5.6093398E-08  6.7683030E-05  1.8514474E-05  8.7386008E-03  5.7506992E-04  1.5492286E-06  3.6093689E-09  2.0759679E-03  1.0678967E-06  2.287E-10  1.081E-16  2.223E+11  6.533E+12  5.290E+01  7.056E+06  0.53836238  4.636E-05  5.280E-05  9.527E-01  3.974E-08  1.872E-05  1.050E+00  360   15.5378  9.40E-03 3.1581E+01 4.7018E+01    6.97E+02 0.00E+00 2.63E+02  0.538153  0.116069 6.97E+02 0.00E+00 2.63E+02  0.538362  0.116073  0.0000000E+00  0.0000000E+00  7.2072942E-05  1.1204086E+00  5.6539944E-01  1.4287519E-03 -6.1943766E-01  2.5130318E-01  1.2472792E-01 0.000 0.526 1.000 1.000 1.000 1.000 1.000 1.000 1.000 1.000 1.000 1.000 1.000 1.000 1.000 1.000 1.000 1.000 1.000 1.000 1.000 1.000 1.000 1.000 1.000 1.000 1.000 1.000 1.000 1.000 1.000 1.000 1.000 1.000 1.000 1.000 1.000 1.000 1.000 1.000  6.3484199244E-01   0.83335   1.00000   0.00000   0.00000   0.1097671E-01
  1116  1.677668639355439E+06  29.677428  5.116221  4.588394  0.7197781E+00  0.2661719E+00  4.0990211E-05  2.4576337E-03  5.0521861E-05  8.5246450E-04  6.3455562E-03  2.7917638E-06  1.3978412E-05  2.0946784E-03  1.6646296E-04  0.5216    4.588394  -6.639  0.567998  7.594149  0.5981418E+00  0.3881636E+00  5.5555961E-08  6.7789163E-05  1.8543745E-05  8.7474202E-03  5.6484039E-04  1.5196331E-06  3.6100233E-09  2.0757162E-03  1.0801706E-06  2.286E-10  1.082E-16  2.217E+11  6.527E+12  5.277E+01  7.049E+06  0.53830105  4.620E-05  5.268E-05  9.527E-01  4.218E-08  1.861E-05  1.051E+00  359   15.5378  9.40E-03 3.1509E+01 4.6912E+01    6.97E+02 0.00E+00 2.63E+02  0.538520  0.116413 6.97E+02 0.00E+00 2.62E+02  0.538301  0.116411  0.0000000E+00  0.0000000E+00  7.2636588E-05  1.1213671E+00  5.6439005E-01  1.4222331E-03 -6.1899845E-01  2.5098399E-01  1.2491453E-01 0.000 0.526 1.000 1.000 1.000 1.000 1.000 1.000 1.000 1.000 1.000 1.000 1.000 1.000 1.000 1.000 1.000 1.000 1.000 1.000 1.000 1.000 1.000 1.000 1.000 1.000 1.000 1.000 1.000 1.000 1.000 1.000 1.000 1.000 1.000 1.000 1.000 1.000 1.000 1.000  6.3375628191E-01   0.83075   1.00000   0.00000   0.00000   0.1090267E-01
  1131  1.701875726131649E+06  29.671856  5.117468  4.588230  0.7197584E+00  0.2661913E+00  4.0855513E-05  2.4530011E-03  5.1345397E-05  8.5938065E-04  6.3428446E-03  2.8038940E-06  1.3956644E-05  2.0946743E-03  1.6628946E-04  0.5216    4.588230  -6.637  0.568078  7.594315  0.5961951E+00  0.3901118E+00  5.5347384E-08  6.7938105E-05  1.8584753E-05  8.7575334E-03  5.5306423E-04  1.4862216E-06  3.9231676E-09  2.0754538E-03  1.0532808E-06  2.270E-10  1.075E-16  2.218E+11  6.527E+12  5.278E+01  7.049E+06  0.53879878  4.609E-05  5.254E-05  9.526E-01  4.463E-08  1.850E-05  1.051E+00  360   15.5378  9.40E-03 3.1428E+01 4.6794E+01    6.96E+02 0.00E+00 2.62E+02  0.538459  0.116769 6.96E+02 0.00E+00 2.62E+02  0.538799  0.116767  0.0000000E+00  0.0000000E+00  7.3144209E-05  1.1223956E+00  5.6327928E-01  1.4157570E-03 -6.1854735E-01  2.5065856E-01  1.2510367E-01 0.000 0.525 1.000 1.000 1.000 1.000 1.000 1.000 1.000 1.000 1.000 1.000 1.000 1.000 1.000 1.000 1.000 1.000 1.000 1.000 1.000 1.000 1.000 1.000 1.000 1.000 1.000 1.000 1.000 1.000 1.000 1.000 1.000 1.000 1.000 1.000 1.000 1.000 1.000 1.000  6.3266263138E-01   0.82804   1.00000   0.00000   0.00000   0.1083019E-01
  1146  1.726082812907858E+06  29.666251  5.118710  4.588055  0.7197378E+00  0.2662117E+00  4.0721493E-05  2.4483489E-03  5.2162848E-05  8.6639978E-04  6.3400489E-03  2.8159312E-06  1.3934764E-05  2.0946700E-03  1.6611380E-04  0.5212    4.588055  -6.634  0.568152  7.594474  0.5942760E+00  0.3920321E+00  5.2761613E-08  6.7928291E-05  1.8579740E-05  8.7666866E-03  5.4265026E-04  1.4574321E-06  2.8460005E-09  2.0751955E-03  1.0491122E-06  2.230E-10  1.057E-16  2.161E+11  6.317E+12  5.143E+01  6.822E+06  0.53844688  4.589E-05  5.243E-05  9.527E-01  4.709E-08  1.839E-05  1.051E+00  361   15.4084  9.40E-03 3.1357E+01 4.6691E+01    6.95E+02 0.00E+00 2.62E+02  0.538869  0.117124 6.95E+02 0.00E+00 2.62E+02  0.538447  0.117122  0.0000000E+00  0.0000000E+00  7.3736568E-05  1.1233540E+00  5.6227555E-01  1.4093196E-03 -6.1811672E-01  2.5034103E-01  1.2529353E-01 0.000 0.524 1.000 1.000 1.000 1.000 1.000 1.000 1.000 1.000 1.000 1.000 1.000 1.000 1.000 1.000 1.000 1.000 1.000 1.000 1.000 1.000 1.000 1.000 1.000 1.000 1.000 1.000 1.000 1.000 1.000 1.000 1.000 1.000 1.000 1.000 1.000 1.000 1.000 1.000  6.3156091091E-01   0.82538   1.00000   0.00000   0.00000   0.1075410E-01
  1161  1.750289899684068E+06  29.660612  5.119908  4.587895  0.7197159E+00  0.2662333E+00  4.0586930E-05  2.4436350E-03  5.2981541E-05  8.7358686E-04  6.3371420E-03  2.8279790E-06  1.3912575E-05  2.0946655E-03  1.6593438E-04  0.5209    4.587895  -6.632  0.568156  7.594619  0.5923271E+00  0.3939824E+00  5.3100250E-08  6.8082556E-05  1.8623993E-05  8.7758445E-03  5.3195268E-04  1.4260709E-06  3.2343582E-09  2.0749329E-03  1.0386184E-06  2.251E-10  1.068E-16  2.185E+11  6.413E+12  5.201E+01  6.926E+06  0.53880283  4.578E-05  5.228E-05  9.526E-01  4.959E-08  1.828E-05  1.051E+00  360   15.4084  9.40E-03 3.1273E+01 4.6569E+01    6.94E+02 0.00E+00 2.62E+02  0.538593  0.117462 6.94E+02 0.00E+00 2.62E+02  0.538803  0.117466  0.0000000E+00  0.0000000E+00  7.4182135E-05  1.1244226E+00  5.6114557E-01  1.4021237E-03 -6.1764873E-01  2.5000797E-01  1.2548126E-01 0.000 0.524 1.000 1.000 1.000 1.000 1.000 1.000 1.000 1.000 1.000 1.000 1.000 1.000 1.000 1.000 1.000 1.000 1.000 1.000 1.000 1.000 1.000 1.000 1.000 1.000 1.000 1.000 1.000 1.000 1.000 1.000 1.000 1.000 1.000 1.000 1.000 1.000 1.000 1.000  6.3045127813E-01   0.82268   1.00000   0.00000   0.00000   0.1068632E-01
  1176  1.774496986460278E+06  29.654939  5.121103  4.587702  0.7196921E+00  0.2662569E+00  4.0447610E-05  2.4387104E-03  5.3826884E-05  8.8117459E-04  6.3340265E-03  2.8404061E-06  1.3889373E-05  2.0946606E-03  1.6574546E-04  0.5205    4.587702  -6.629  0.568182  7.594771  0.5904087E+00  0.3959019E+00  5.2735820E-08  6.8192807E-05  1.8654755E-05  8.7838915E-03  5.2259631E-04  1.3988304E-06  3.3096697E-09  2.0746747E-03  1.0497228E-06  2.252E-10  1.069E-16  2.186E+11  6.426E+12  5.203E+01  6.940E+06  0.53862106  4.560E-05  5.216E-05  9.526E-01  5.225E-08  1.817E-05  1.051E+00  360   15.4084  9.39E-03 3.1199E+01 4.6461E+01    6.93E+02 0.00E+00 2.62E+02  0.539021  0.117812 6.93E+02 0.00E+00 2.61E+02  0.538621  0.117811  0.0000000E+00  0.0000000E+00  7.4775039E-05  1.1254182E+00  5.6012016E-01  1.3961855E-03 -6.1719899E-01  2.4968177E-01  1.2567064E-01 0.000 0.524 1.000 1.000 1.000 1.000 1.000 1.000 1.000 1.000 1.000 1.000 1.000 1.000 1.000 1.000 1.000 1.000 1.000 1.000 1.000 1.000 1.000 1.000 1.000 1.000 1.000 1.000 1.000 1.000 1.000 1.000 1.000 1.000 1.000 1.000 1.000 1.000 1.000 1.000  6.2933370167E-01   0.82001   1.00000   0.00000   0.00000   0.1061139E-01
  1191  1.798704073236488E+06  29.649233  5.122319  4.587534  0.7196685E+00  0.2662803E+00  4.0316070E-05  2.4340200E-03  5.4622779E-05  8.8847641E-04  6.3309845E-03  2.8520901E-06  1.3867255E-05  2.0946558E-03  1.6556414E-04  0.5201    4.587534  -6.626  0.568222  7.594927  0.5885022E+00  0.3978095E+00  5.2291597E-08  6.8293996E-05  1.8682858E-05  8.7912646E-03  5.1402348E-04  1.3738704E-06  3.3486856E-09  2.0744182E-03  1.0675515E-06  2.253E-10  1.070E-16  2.184E+11  6.429E+12  5.198E+01  6.943E+06  0.53916462  4.550E-05  5.201E-05  9.525E-01  5.471E-08  1.805E-05  1.051E+00  359   15.4084  9.39E-03 3.1113E+01 4.6335E+01    6.92E+02 0.00E+00 2.61E+02  0.539051  0.118157 6.92E+02 0.00E+00 2.61E+02  0.539165  0.118162  0.0000000E+00  0.0000000E+00  7.5288963E-05  1.1263840E+00  5.5897533E-01  1.3890770E-03 -6.1675616E-01  2.4935894E-01  1.2586261E-01 0.000 0.524 1.000 1.000 1.000 1.000 1.000 1.000 1.000 1.000 1.000 1.000 1.000 1.000 1.000 1.000 1.000 1.000 1.000 1.000 1.000 1.000 1.000 1.000 1.000 1.000 1.000 1.000 1.000 1.000 1.000 1.000 1.000 1.000 1.000 1.000 1.000 1.000 1.000 1.000  6.2820804527E-01   0.81736   1.00000   0.00000   0.00000   0.1054074E-01
  1206  1.822911160012697E+06  29.643493  5.123514  4.587352  0.7196408E+00  0.2663078E+00  4.0169288E-05  2.4287407E-03  5.5508208E-05  8.9678106E-04  6.3274749E-03  2.8650654E-06  1.3842336E-05  2.0946502E-03  1.6535850E-04  0.5197    4.587352  -6.624  0.568286  7.595093  0.5865661E+00  0.3997466E+00  5.0846204E-08  6.8344701E-05  1.8695480E-05  8.7990051E-03  5.0511732E-04  1.3490056E-06  2.9204453E-09  2.0741574E-03  1.0678847E-06  2.222E-10  1.056E-16  2.155E+11  6.311E+12  5.128E+01  6.815E+06  0.53895031  4.532E-05  5.189E-05  9.526E-01  5.763E-08  1.793E-05  1.051E+00  359   15.4084  9.39E-03 3.1041E+01 4.6231E+01    6.92E+02 0.00E+00 2.61E+02  0.539345  0.118510 6.92E+02 0.00E+00 2.61E+02  0.538950  0.118509  0.0000000E+00  0.0000000E+00  7.5868396E-05  1.1273141E+00  5.5791763E-01  1.3824834E-03 -6.1632161E-01  2.4903808E-01  1.2605736E-01 0.000 0.522 1.000 1.000 1.000 1.000 1.000 1.000 1.000 1.000 1.000 1.000 1.000 1.000 1.000 1.000 1.000 1.000 1.000 1.000 1.000 1.000 1.000 1.000 1.000 1.000 1.000 1.000 1.000 1.000 1.000 1.000 1.000 1.000 1.000 1.000 1.000 1.000 1.000 1.000  6.2707411099E-01   0.81467   1.00000   0.00000   0.00000   0.1046774E-01
  1221  1.847118246788907E+06  29.637720  5.124722  4.587180  0.7196137E+00  0.2663347E+00  4.0032729E-05  2.4237865E-03  5.6329357E-05  9.0465612E-04  6.3240996E-03  2.8770729E-06  1.3818931E-05  2.0946447E-03  1.6516405E-04  0.5193    4.587180  -6.621  0.568308  7.595247  0.5846198E+00  0.4016940E+00  5.0860201E-08  6.8471694E-05  1.8731545E-05  8.8064753E-03  4.9638970E-04  1.3234154E-06  3.1732795E-09  2.0738950E-03  1.0686999E-06  2.236E-10  1.064E-16  2.166E+11  6.369E+12  5.156E+01  6.879E+06  0.53936853  4.521E-05  5.175E-05  9.525E-01  6.027E-08  1.781E-05  1.051E+00  360   15.4084  9.39E-03 3.0961E+01 4.6113E+01    6.91E+02 0.00E+00 2.61E+02  0.539264  0.118855 6.91E+02 0.00E+00 2.61E+02  0.539369  0.118860  0.0000000E+00  0.0000000E+00  7.6365309E-05  1.1283345E+00  5.5677171E-01  1.3759917E-03 -6.1586365E-01  2.4870725E-01  1.2625000E-01 0.000 0.522 1.000 1.000 1.000 1.000 1.000 1.000 1.000 1.000 1.000 1.000 1.000 1.000 1.000 1.000 1.000 1.000 1.000 1.000 1.000 1.000 1.000 1.000 1.000 1.000 1.000 1.000 1.000 1.000 1.000 1.000 1.000 1.000 1.000 1.000 1.000 1.000 1.000 1.000  6.2593217110E-01   0.81197   1.00000   0.00000   0.00000   0.1039874E-01
  1236  1.871325333565117E+06  29.631912  5.125935  4.586991  0.7195847E+00  0.2663634E+00  3.9893784E-05  2.4187041E-03  5.7162120E-05  9.1281767E-04  6.3205542E-03  2.8892200E-06  1.3794897E-05  2.0946389E-03  1.6496312E-04  0.5190    4.586991  -6.619  0.568351  7.595405  0.5826969E+00  0.4036179E+00  5.0470524E-08  6.8570394E-05  1.8759062E-05  8.8130815E-03  4.8869503E-04  1.3008950E-06  3.2375094E-09  2.0736360E-03  1.0842926E-06  2.236E-10  1.065E-16  2.164E+11  6.378E+12  5.151E+01  6.888E+06  0.53921240  4.504E-05  5.163E-05  9.525E-01  6.300E-08  1.769E-05  1.051E+00  360   15.4084  9.39E-03 3.0887E+01 4.6007E+01    6.90E+02 0.00E+00 2.61E+02  0.539601  0.119216 6.90E+02 0.00E+00 2.60E+02  0.539212  0.119214  0.0000000E+00  0.0000000E+00  7.6970084E-05  1.1293091E+00  5.5571296E-01  1.3693909E-03 -6.1541715E-01  2.4838077E-01  1.2644356E-01 0.000 0.522 1.000 1.000 1.000 1.000 1.000 1.000 1.000 1.000 1.000 1.000 1.000 1.000 1.000 1.000 1.000 1.000 1.000 1.000 1.000 1.000 1.000 1.000 1.000 1.000 1.000 1.000 1.000 1.000 1.000 1.000 1.000 1.000 1.000 1.000 1.000 1.000 1.000 1.000  6.2478209172E-01   0.80930   1.00000   0.00000   0.00000   0.1032561E-01
  1251  1.895532420341327E+06  29.626070  5.127168  4.586835  0.7195520E+00  0.2663959E+00  3.9744372E-05  2.4131928E-03  5.8054454E-05  9.2176072E-04  6.3166165E-03  2.9021981E-06  1.3768811E-05  2.0946324E-03  1.6474361E-04  0.5186    4.586835  -6.616  0.568402  7.595568  0.5807838E+00  0.4055319E+00  5.0009488E-08  6.8660978E-05  1.8784251E-05  8.8191451E-03  4.8163232E-04  1.2801999E-06  3.2627137E-09  2.0733783E-03  1.1041251E-06  2.236E-10  1.066E-16  2.160E+11  6.378E+12  5.141E+01  6.888E+06  0.53953052  4.492E-05  5.148E-05  9.525E-01  6.608E-08  1.757E-05  1.051E+00  360   15.4084  9.39E-03 3.0801E+01 4.5881E+01    6.89E+02 0.00E+00 2.60E+02  0.539306  0.119569 6.89E+02 0.00E+00 2.60E+02  0.539531  0.119574  0.0000000E+00  0.0000000E+00  7.7445756E-05  1.1302506E+00  5.5454345E-01  1.3629104E-03 -6.1497774E-01  2.4805765E-01  1.2663997E-01 0.000 0.522 1.000 1.000 1.000 1.000 1.000 1.000 1.000 1.000 1.000 1.000 1.000 1.000 1.000 1.000 1.000 1.000 1.000 1.000 1.000 1.000 1.000 1.000 1.000 1.000 1.000 1.000 1.000 1.000 1.000 1.000 1.000 1.000 1.000 1.000 1.000 1.000 1.000 1.000  6.2362380470E-01   0.80664   1.00000   0.00000   0.00000   0.1025775E-01
  1266  1.919739507117536E+06  29.620192  5.128395  4.586645  0.7195197E+00  0.2664281E+00  3.9603606E-05  2.4079573E-03  5.8892072E-05  9.3034493E-04  6.3127866E-03  2.9143400E-06  1.3744006E-05  2.0946260E-03  1.6453357E-04  0.5183    4.586645  -6.613  0.568455  7.595730  0.5788761E+00  0.4074404E+00  4.9538861E-08  6.8747892E-05  1.8808333E-05  8.8247839E-03  4.7506016E-04  1.2608870E-06  3.2846863E-09  2.0731213E-03  1.1250552E-06  2.235E-10  1.066E-16  2.156E+11  6.375E+12  5.130E+01  6.885E+06  0.53944623  4.475E-05  5.136E-05  9.525E-01  6.891E-08  1.744E-05  1.051E+00  360   15.4084  9.39E-03 3.0725E+01 4.5771E+01    6.88E+02 0.00E+00 2.60E+02  0.539837  0.119936 6.88E+02 0.00E+00 2.60E+02  0.539446  0.119934  0.0000000E+00  0.0000000E+00  7.8100047E-05  1.1311905E+00  5.5346298E-01  1.3562794E-03 -6.1453828E-01  2.4773358E-01  1.2683564E-01 0.000 0.522 1.000 1.000 1.000 1.000 1.000 1.000 1.000 1.000 1.000 1.000 1.000 1.000 1.000 1.000 1.000 1.000 1.000 1.000 1.000 1.000 1.000 1.000 1.000 1.000 1.000 1.000 1.000 1.000 1.000 1.000 1.000 1.000 1.000 1.000 1.000 1.000 1.000 1.000  6.2245693026E-01   0.80399   1.00000   0.00000   0.00000   0.1018350E-01
  1281  1.943946593893746E+06  29.614278  5.129678  4.586480  0.7194854E+00  0.2664622E+00  3.9460971E-05  2.4026101E-03  5.9737634E-05  9.3920139E-04  6.3087854E-03  2.9265528E-06  1.3718647E-05  2.0946193E-03  1.6431753E-04  0.5177    4.586480  -6.611  0.568572  7.595913  0.5768487E+00  0.4094688E+00  4.5557577E-08  6.8667253E-05  1.8781221E-05  8.8328409E-03  4.6601597E-04  1.2379850E-06  1.6292097E-09  2.0728469E-03  1.0843371E-06  2.231E-10  1.067E-16  2.159E+11  6.394E+12  5.138E+01  6.905E+06  0.53996545  4.465E-05  5.122E-05  9.524E-01  7.182E-08  1.733E-05  1.051E+00  359   15.2778  9.39E-03 3.0641E+01 4.5647E+01    6.87E+02 0.00E+00 2.60E+02  0.539648  0.120306 6.88E+02 0.00E+00 2.60E+02  0.539965  0.120310  0.0000000E+00  0.0000000E+00  7.8625613E-05  1.1321974E+00  5.5227191E-01  1.3490480E-03 -6.1409108E-01  2.4740573E-01  1.2703350E-01 0.000 0.520 1.000 1.000 1.000 1.000 1.000 1.000 1.000 1.000 1.000 1.000 1.000 1.000 1.000 1.000 1.000 1.000 1.000 1.000 1.000 1.000 1.000 1.000 1.000 1.000 1.000 1.000 1.000 1.000 1.000 1.000 1.000 1.000 1.000 1.000 1.000 1.000 1.000 1.000  6.2128135619E-01   0.80122   1.00000   0.00000   0.00000   0.1011450E-01
  1296  1.968153680669956E+06  29.608327  5.130940  4.586261  0.7194476E+00  0.2664998E+00  3.9311151E-05  2.3969490E-03  6.0622286E-05  9.4867326E-04  6.3044529E-03  2.9392788E-06  1.3691774E-05  2.0946119E-03  1.6408722E-04  0.5180    4.586261  -6.608  0.568683  7.596082  0.5749514E+00  0.4113669E+00  4.6902014E-08  6.8841145E-05  1.8832314E-05  8.8374960E-03  4.6041712E-04  1.2195515E-06  2.4697633E-09  2.0725912E-03  1.1190586E-06  2.168E-10  1.037E-16  2.096E+11  6.155E+12  4.989E+01  6.648E+06  0.53959974  4.444E-05  5.109E-05  9.524E-01  7.497E-08  1.720E-05  1.051E+00  360   15.2778  9.39E-03 3.0565E+01 4.5536E+01    6.87E+02 0.00E+00 2.60E+02  0.540014  0.120677 6.87E+02 0.00E+00 2.59E+02  0.539600  0.120682  0.0000000E+00  0.0000000E+00  7.9260449E-05  1.1331521E+00  5.5118212E-01  1.3430342E-03 -6.1365337E-01  2.4708017E-01  1.2723228E-01 0.000 0.520 1.000 1.000 1.000 1.000 1.000 1.000 1.000 1.000 1.000 1.000 1.000 1.000 1.000 1.000 1.000 1.000 1.000 1.000 1.000 1.000 1.000 1.000 1.000 1.000 1.000 1.000 1.000 1.000 1.000 1.000 1.000 1.000 1.000 1.000 1.000 1.000 1.000 1.000  6.2009680671E-01   0.79854   1.00000   0.00000   0.00000   0.1003583E-01
  1311  1.992360767446166E+06  29.602340  5.132214  4.586067  0.7194091E+00  0.2665381E+00  3.9165694E-05  2.3914086E-03  6.1477598E-05  9.5803955E-04  6.3001153E-03  2.9515270E-06  1.3665447E-05  2.0946045E-03  1.6386022E-04  0.5175    4.586067  -6.606  0.568738  7.596244  0.5729451E+00  0.4133741E+00  4.7253315E-08  6.8983593E-05  1.8872831E-05  8.8440768E-03  4.5267687E-04  1.1970070E-06  2.9485984E-09  2.0723196E-03  1.1048705E-06  2.198E-10  1.053E-16  2.123E+11  6.258E+12  5.052E+01  6.759E+06  0.54008005  4.433E-05  5.095E-05  9.524E-01  7.801E-08  1.708E-05  1.051E+00  359   15.2778  9.39E-03 3.0477E+01 4.5408E+01    6.86E+02 0.00E+00 2.59E+02  0.539849  0.121054 6.86E+02 0.00E+00 2.59E+02  0.540080  0.121059  0.0000000E+00  0.0000000E+00  7.9803554E-05  1.1342359E+00  5.4997224E-01  1.3356739E-03 -6.1318028E-01  2.4673965E-01  1.2742876E-01 0.000 0.521 1.000 1.000 1.000 1.000 1.000 1.000 1.000 1.000 1.000 1.000 1.000 1.000 1.000 1.000 1.000 1.000 1.000 1.000 1.000 1.000 1.000 1.000 1.000 1.000 1.000 1.000 1.000 1.000 1.000 1.000 1.000 1.000 1.000 1.000 1.000 1.000 1.000 1.000  6.1890319191E-01   0.79576   1.00000   0.00000   0.00000   0.9964705E-02
  1326  2.016567854222375E+06  29.596316  5.133451  4.585853  0.7193685E+00  0.2665786E+00  3.9018734E-05  2.3857688E-03  6.2338167E-05  9.6766803E-04  6.2956047E-03  2.9637924E-06  1.3638622E-05  2.0945966E-03  1.6362762E-04  0.5172    4.585853  -6.603  0.568802  7.596409  0.5709864E+00  0.4153335E+00  4.6930660E-08  6.9076563E-05  1.8898895E-05  8.8494424E-03  4.4640563E-04  1.1784534E-06  3.0338641E-09  2.0720549E-03  1.1185847E-06  2.200E-10  1.055E-16  2.124E+11  6.273E+12  5.056E+01  6.775E+06  0.53986800  4.414E-05  5.082E-05  9.524E-01  8.111E-08  1.695E-05  1.051E+00  358   15.2778  9.39E-03 3.0399E+01 4.5295E+01    6.85E+02 0.00E+00 2.59E+02  0.540301  0.121427 6.85E+02 0.00E+00 2.59E+02  0.539868  0.121425  0.0000000E+00  0.0000000E+00  8.0463543E-05  1.1352309E+00  5.4886876E-01  1.3289598E-03 -6.1272612E-01  2.4640685E-01  1.2762693E-01 0.000 0.521 1.000 1.000 1.000 1.000 1.000 1.000 1.000 1.000 1.000 1.000 1.000 1.000 1.000 1.000 1.000 1.000 1.000 1.000 1.000 1.000 1.000 1.000 1.000 1.000 1.000 1.000 1.000 1.000 1.000 1.000 1.000 1.000 1.000 1.000 1.000 1.000 1.000 1.000  6.1770077090E-01   0.79303   1.00000   0.00000   0.00000   0.9890166E-02
  1341  2.040774940998585E+06  29.590256  5.134707  4.585675  0.7193245E+00  0.2666224E+00  3.8866712E-05  2.3798903E-03  6.3224456E-05  9.7780495E-04  6.2908008E-03  2.9763586E-06  1.3610633E-05  2.0945882E-03  1.6338355E-04  0.5169    4.585675  -6.600  0.568871  7.596579  0.5690418E+00  0.4172789E+00  4.6528040E-08  6.9161403E-05  1.8922561E-05  8.8542474E-03  4.4078717E-04  1.1617987E-06  3.0802645E-09  2.0717919E-03  1.1388938E-06  2.169E-10  1.041E-16  2.122E+11  6.278E+12  5.051E+01  6.780E+06  0.54050966  4.405E-05  5.066E-05  9.523E-01  8.441E-08  1.683E-05  1.051E+00  358   15.2778  9.38E-03 3.0309E+01 4.5162E+01    6.84E+02 0.00E+00 2.59E+02  0.540111  0.121794 6.84E+02 0.00E+00 2.59E+02  0.540510  0.121799  0.0000000E+00  0.0000000E+00  8.0990946E-05  1.1361819E+00  5.4762388E-01  1.3222489E-03 -6.1228100E-01  2.4607825E-01  1.2782840E-01 0.000 0.521 1.000 1.000 1.000 1.000 1.000 1.000 1.000 1.000 1.000 1.000 1.000 1.000 1.000 1.000 1.000 1.000 1.000 1.000 1.000 1.000 1.000 1.000 1.000 1.000 1.000 1.000 1.000 1.000 1.000 1.000 1.000 1.000 1.000 1.000 1.000 1.000 1.000 1.000  6.1648950406E-01   0.79034   1.00000   0.00000   0.00000   0.9821383E-02
  1356  2.064982027774795E+06  29.584159  5.135924  4.585462  0.7192792E+00  0.2666675E+00  3.8717182E-05  2.3740650E-03  6.4092307E-05  9.8794936E-04  6.2859396E-03  2.9885950E-06  1.3582870E-05  2.0945795E-03  1.6314011E-04  0.5165    4.585462  -6.598  0.568948  7.596754  0.5670234E+00  0.4192981E+00  4.5578154E-08  6.9226693E-05  1.8940059E-05  8.8602509E-03  4.3383568E-04  1.1422871E-06  2.8730686E-09  2.0715183E-03  1.1264145E-06  2.178E-10  1.047E-16  2.106E+11  6.209E+12  5.013E+01  6.706E+06  0.54024099  4.386E-05  5.055E-05  9.523E-01  8.762E-08  1.671E-05  1.051E+00  359   15.2778  9.38E-03 3.0238E+01 4.5060E+01    6.83E+02 0.00E+00 2.59E+02  0.540513  0.122165 6.83E+02 0.00E+00 2.58E+02  0.540241  0.122163  0.0000000E+00  0.0000000E+00  8.1644374E-05  1.1371825E+00  5.4651101E-01  1.3155432E-03 -6.1182394E-01  2.4574214E-01  1.2803049E-01 0.000 0.519 1.000 1.000 1.000 1.000 1.000 1.000 1.000 1.000 1.000 1.000 1.000 1.000 1.000 1.000 1.000 1.000 1.000 1.000 1.000 1.000 1.000 1.000 1.000 1.000 1.000 1.000 1.000 1.000 1.000 1.000 1.000 1.000 1.000 1.000 1.000 1.000 1.000 1.000  6.1526915116E-01   0.78753   1.00000   0.00000   0.00000   0.9748749E-02
  1371  2.089189114551005E+06  29.578026  5.137182  4.585281  0.7192333E+00  0.2667133E+00  3.8571668E-05  2.3683554E-03  6.4933017E-05  9.9798828E-04  6.2810775E-03  3.0003797E-06  1.3555630E-05  2.0945708E-03  1.6289999E-04  0.5161    4.585281  -6.595  0.569023  7.596925  0.5650504E+00  0.4212718E+00  4.5270902E-08  6.9316234E-05  1.8965267E-05  8.8650340E-03  4.2823398E-04  1.1256192E-06  2.9584489E-09  2.0712510E-03  1.1402358E-06  2.183E-10  1.050E-16  2.107E+11  6.226E+12  5.014E+01  6.724E+06  0.54052444  4.373E-05  5.040E-05  9.523E-01  9.071E-08  1.658E-05  1.051E+00  358   15.2778  9.38E-03 3.0151E+01 4.4932E+01    6.82E+02 0.00E+00 2.58E+02  0.540288  0.122534 6.82E+02 0.00E+00 2.58E+02  0.540524  0.122539  0.0000000E+00  0.0000000E+00  8.2172808E-05  1.1381697E+00  5.4527695E-01  1.3082811E-03 -6.1136976E-01  2.4540834E-01  1.2823320E-01 0.000 0.519 1.000 1.000 1.000 1.000 1.000 1.000 1.000 1.000 1.000 1.000 1.000 1.000 1.000 1.000 1.000 1.000 1.000 1.000 1.000 1.000 1.000 1.000 1.000 1.000 1.000 1.000 1.000 1.000 1.000 1.000 1.000 1.000 1.000 1.000 1.000 1.000 1.000 1.000  6.1404011777E-01   0.78479   1.00000   0.00000   0.00000   0.9680967E-02
  1382  2.106779597608383E+06  29.573545  5.137725  4.584778  0.7191970E+00  0.2667495E+00  3.8460949E-05  2.3639843E-03  6.5570086E-05  1.0057374E-03  6.2772904E-03  3.0092618E-06  1.3534759E-05  2.0945639E-03  1.6271517E-04  0.5186    4.584778  -6.593  0.570270  7.596068  0.5636612E+00  0.4226614E+00  4.5993853E-08  6.9527691E-05  1.9023620E-05  8.8673349E-03  4.2526061E-04  1.1139057E-06  3.7876282E-09  2.0710631E-03  1.1694470E-06  2.115E-10  9.890E-17  2.118E+11  6.239E+12  5.040E+01  6.738E+06  0.54005135  4.349E-05  5.021E-05  9.524E-01  9.314E-08  1.648E-05  1.051E+00  358   15.3433  9.38E-03 3.0054E+01 4.4816E+01    6.82E+02 0.00E+00 2.58E+02  0.540651  0.122815 6.81E+02 0.00E+00 2.58E+02  0.540051  0.122709  0.0000000E+00  0.0000000E+00  7.4415537E-05  1.1415815E+00  5.4446339E-01  1.3008072E-03 -6.1035717E-01  2.4489617E-01  1.2822849E-01 0.000 0.521 1.000 1.000 1.000 1.000 1.000 1.000 1.000 1.000 1.000 1.000 1.000 1.000 1.000 1.000 1.000 1.000 1.000 1.000 1.000 1.000 1.000 1.000 1.000 1.000 1.000 1.000 1.000 1.000 1.000 1.000 1.000 1.000 1.000 1.000 1.000 1.000 1.000 1.000  6.1314131514E-01   0.78282   1.00000   0.00000   0.00000   0.9627572E-02
  1394  2.124644427649227E+06  29.568976  5.139419  4.584510  0.7191574E+00  0.2667890E+00  3.8344116E-05  2.3593473E-03  6.6239875E-05  1.0140175E-03  6.2732123E-03  3.0185540E-06  1.3512600E-05  2.0945565E-03  1.6251819E-04  0.5158    4.584510  -6.591  0.569894  7.595996  0.5622691E+00  0.4240538E+00  4.4846531E-08  6.9370379E-05  1.8981814E-05  8.8704645E-03  4.2195224E-04  1.1065696E-06  3.1478766E-09  2.0708761E-03  1.1745489E-06  2.183E-10  1.023E-16  2.079E+11  6.079E+12  4.947E+01  6.565E+06  0.54007381  4.328E-05  5.005E-05  9.524E-01  9.577E-08  1.638E-05  1.051E+00  360   15.2778  9.38E-03 2.9979E+01 4.4706E+01    6.80E+02 0.00E+00 2.57E+02  0.540476  0.123207 6.80E+02 0.00E+00 2.57E+02  0.540074  0.123204  0.0000000E+00  0.0000000E+00  8.2413980E-05  1.1437233E+00  5.4358169E-01  1.2945345E-03 -6.0970630E-01  2.4452742E-01  1.2829486E-01 0.000 0.519 1.000 1.000 1.000 1.000 1.000 1.000 1.000 1.000 1.000 1.000 1.000 1.000 1.000 1.000 1.000 1.000 1.000 1.000 1.000 1.000 1.000 1.000 1.000 1.000 1.000 1.000 1.000 1.000 1.000 1.000 1.000 1.000 1.000 1.000 1.000 1.000 1.000 1.000  6.1222302822E-01   0.78093   1.00000   0.00000   0.00000   0.9550047E-02
  1409  2.148609443557671E+06  29.562810  5.140639  4.584344  0.7191047E+00  0.2668415E+00  3.8194286E-05  2.3533638E-03  6.7095065E-05  1.0247921E-03  6.2678581E-03  3.0303460E-06  1.3483981E-05  2.0945466E-03  1.6226262E-04  0.5156    4.584344  -6.588  0.570005  7.596172  0.5604390E+00  0.4258843E+00  4.4586566E-08  6.9398202E-05  1.8987514E-05  8.8733806E-03  4.1858143E-04  1.0998680E-06  3.1290492E-09  2.0706305E-03  1.1994347E-06  2.180E-10  1.022E-16  2.082E+11  6.101E+12  4.955E+01  6.589E+06  0.54077770  4.320E-05  4.990E-05  9.522E-01  9.906E-08  1.624E-05  1.051E+00  359   15.2778  9.38E-03 2.9886E+01 4.4569E+01    6.79E+02 0.00E+00 2.57E+02  0.540414  0.123568 6.79E+02 0.00E+00 2.57E+02  0.540778  0.123573  0.0000000E+00  0.0000000E+00  8.2958943E-05  1.1445056E+00  5.4230822E-01  1.2873762E-03 -6.0929867E-01  2.4422009E-01  1.2849242E-01 0.000 0.519 1.000 1.000 1.000 1.000 1.000 1.000 1.000 1.000 1.000 1.000 1.000 1.000 1.000 1.000 1.000 1.000 1.000 1.000 1.000 1.000 1.000 1.000 1.000 1.000 1.000 1.000 1.000 1.000 1.000 1.000 1.000 1.000 1.000 1.000 1.000 1.000 1.000 1.000  6.1098238590E-01   0.77839   1.00000   0.00000   0.00000   0.9479116E-02
  1424  2.172574459466116E+06  29.556606  5.141855  4.584133  0.7190497E+00  0.2668964E+00  3.8044177E-05  2.3473281E-03  6.7947523E-05  1.0357626E-03  6.2623532E-03  3.0420159E-06  1.3455082E-05  2.0945364E-03  1.6200328E-04  0.5153    4.584133  -6.586  0.570093  7.596341  0.5586015E+00  0.4277222E+00  4.4121412E-08  6.9461281E-05  1.9004850E-05  8.8762193E-03  4.1524096E-04  1.0896552E-06  3.1295019E-09  2.0703835E-03  1.2188902E-06  2.173E-10  1.020E-16  2.077E+11  6.092E+12  4.942E+01  6.579E+06  0.54056141  4.303E-05  4.976E-05  9.523E-01  1.024E-07  1.610E-05  1.052E+00  359   15.2778  9.38E-03 2.9802E+01 4.4447E+01    6.78E+02 0.00E+00 2.57E+02  0.541003  0.123943 6.78E+02 0.00E+00 2.57E+02  0.540561  0.123942  0.0000000E+00  0.0000000E+00  8.3663737E-05  1.1453523E+00  5.4114382E-01  1.2806898E-03 -6.0887498E-01  2.4390502E-01  1.2868648E-01 0.000 0.519 1.000 1.000 1.000 1.000 1.000 1.000 1.000 1.000 1.000 1.000 1.000 1.000 1.000 1.000 1.000 1.000 1.000 1.000 1.000 1.000 1.000 1.000 1.000 1.000 1.000 1.000 1.000 1.000 1.000 1.000 1.000 1.000 1.000 1.000 1.000 1.000 1.000 1.000  6.0973222735E-01   0.77583   1.00000   0.00000   0.00000   0.9407163E-02
  1439  2.196539475374561E+06  29.550366  5.143084  4.583950  0.7189932E+00  0.2669528E+00  3.7896140E-05  2.3413359E-03  6.8783892E-05  1.0467545E-03  6.2567854E-03  3.0533796E-06  1.3426361E-05  2.0945259E-03  1.6174430E-04  0.5151    4.583950  -6.583  0.570188  7.596512  0.5567532E+00  0.4295710E+00  4.3571469E-08  6.9519747E-05  1.9020908E-05  8.8791137E-03  4.1184474E-04  1.0793247E-06  3.0815042E-09  2.0701347E-03  1.2325247E-06  2.168E-10  1.019E-16  2.069E+11  6.071E+12  4.923E+01  6.557E+06  0.54114220  4.293E-05  4.961E-05  9.521E-01  1.056E-07  1.596E-05  1.052E+00  360   15.2778  9.38E-03 2.9711E+01 4.4313E+01    6.78E+02 0.00E+00 2.57E+02  0.541042  0.124309 6.78E+02 0.00E+00 2.57E+02  0.541142  0.124315  0.0000000E+00  0.0000000E+00  8.4242156E-05  1.1461931E+00  5.3986724E-01  1.2741285E-03 -6.0845180E-01  2.4359004E-01  1.2888299E-01 0.000 0.519 1.000 1.000 1.000 1.000 1.000 1.000 1.000 1.000 1.000 1.000 1.000 1.000 1.000 1.000 1.000 1.000 1.000 1.000 1.000 1.000 1.000 1.000 1.000 1.000 1.000 1.000 1.000 1.000 1.000 1.000 1.000 1.000 1.000 1.000 1.000 1.000 1.000 1.000  6.0847273873E-01   0.77327   1.00000   0.00000   0.00000   0.9340656E-02
  1454  2.220504491283006E+06  29.544088  5.144348  4.583736  0.7189322E+00  0.2670137E+00  3.7742499E-05  2.3350755E-03  6.9647288E-05  1.0583441E-03  6.2508602E-03  3.0650170E-06  1.3396324E-05  2.0945146E-03  1.6147215E-04  0.5148    4.583736  -6.580  0.570335  7.596689  0.5548284E+00  0.4314963E+00  4.1486009E-08  6.9506032E-05  1.9014779E-05  8.8833305E-03  4.0706361E-04  1.0667413E-06  2.2995891E-09  2.0698748E-03  1.2125413E-06  2.149E-10  1.012E-16  1.970E+11  5.675E+12  4.689E+01  6.129E+06  0.54097785  4.275E-05  4.948E-05  9.522E-01  1.091E-07  1.583E-05  1.052E+00  360   15.1461  9.38E-03 2.9631E+01 4.4196E+01    6.77E+02 0.00E+00 2.57E+02  0.541339  0.124699 6.77E+02 0.00E+00 2.56E+02  0.540978  0.124699  0.0000000E+00  0.0000000E+00  8.4922070E-05  1.1470926E+00  5.3867412E-01  1.2673167E-03 -6.0802622E-01  2.4327082E-01  1.2908098E-01 0.000 0.517 1.000 1.000 1.000 1.000 1.000 1.000 1.000 1.000 1.000 1.000 1.000 1.000 1.000 1.000 1.000 1.000 1.000 1.000 1.000 1.000 1.000 1.000 1.000 1.000 1.000 1.000 1.000 1.000 1.000 1.000 1.000 1.000 1.000 1.000 1.000 1.000 1.000 1.000  6.0720376429E-01   0.77059   1.00000   0.00000   0.00000   0.9268321E-02
  1469  2.244469507191450E+06  29.537772  5.145571  4.583539  0.7188695E+00  0.2670764E+00  3.7590989E-05  2.3288610E-03  7.0494009E-05  1.0699549E-03  6.2448699E-03  3.0763331E-06  1.3366474E-05  2.0945031E-03  1.6120043E-04  0.5145    4.583539  -6.578  0.570424  7.596864  0.5528821E+00  0.4334432E+00  4.2204076E-08  6.9643149E-05  1.9054874E-05  8.8874821E-03  4.0210059E-04  1.0511801E-06  2.8584429E-09  2.0696116E-03  1.1987594E-06  2.138E-10  1.008E-16  2.048E+11  5.993E+12  4.875E+01  6.472E+06  0.54133394  4.263E-05  4.934E-05  9.521E-01  1.125E-07  1.570E-05  1.052E+00  358   15.2121  9.38E-03 2.9544E+01 4.4069E+01    6.76E+02 0.00E+00 2.56E+02  0.541138  0.125068 6.76E+02 0.00E+00 2.56E+02  0.541334  0.125073  0.0000000E+00  0.0000000E+00  8.5457917E-05  1.1481075E+00  5.3740071E-01  1.2600294E-03 -6.0755931E-01  2.4293606E-01  1.2927518E-01 0.000 0.517 1.000 1.000 1.000 1.000 1.000 1.000 1.000 1.000 1.000 1.000 1.000 1.000 1.000 1.000 1.000 1.000 1.000 1.000 1.000 1.000 1.000 1.000 1.000 1.000 1.000 1.000 1.000 1.000 1.000 1.000 1.000 1.000 1.000 1.000 1.000 1.000 1.000 1.000  6.0592544620E-01   0.76789   1.00000   0.00000   0.00000   0.9203967E-02
  1484  2.268434523099895E+06  29.531419  5.146790  4.583324  0.7188044E+00  0.2671414E+00  3.7439777E-05  2.3226190E-03  7.1334373E-05  1.0817216E-03  6.2387461E-03  3.0874666E-06  1.3336460E-05  2.0944912E-03  1.6092597E-04  0.5142    4.583324  -6.575  0.570517  7.597035  0.5509835E+00  0.4353422E+00  4.1803682E-08  6.9713423E-05  1.9074439E-05  8.8906980E-03  3.9831784E-04  1.0397327E-06  2.8903032E-09  2.0693550E-03  1.2086192E-06  2.137E-10  1.009E-16  2.045E+11  5.990E+12  4.866E+01  6.469E+06  0.54108040  4.245E-05  4.921E-05  9.522E-01  1.158E-07  1.556E-05  1.052E+00  360   15.2121  9.38E-03 2.9464E+01 4.3952E+01    6.75E+02 0.00E+00 2.56E+02  0.541536  0.125449 6.75E+02 0.00E+00 2.56E+02  0.541080  0.125447  0.0000000E+00  0.0000000E+00  8.6145145E-05  1.1490220E+00  5.3622350E-01  1.2539441E-03 -6.0711786E-01  2.4261070E-01  1.2947182E-01 0.000 0.517 1.000 1.000 1.000 1.000 1.000 1.000 1.000 1.000 1.000 1.000 1.000 1.000 1.000 1.000 1.000 1.000 1.000 1.000 1.000 1.000 1.000 1.000 1.000 1.000 1.000 1.000 1.000 1.000 1.000 1.000 1.000 1.000 1.000 1.000 1.000 1.000 1.000 1.000  6.0463801474E-01   0.76525   1.00000   0.00000   0.00000   0.9134731E-02
  1499  2.292399539008340E+06  29.525028  5.148069  4.583132  0.7187354E+00  0.2672103E+00  3.7285659E-05  2.3162163E-03  7.2185935E-05  1.0938997E-03  6.2323534E-03  3.0986445E-06  1.3305640E-05  2.0944786E-03  1.6064288E-04  0.5140    4.583132  -6.573  0.570669  7.597219  0.5490172E+00  0.4373092E+00  4.0808864E-08  6.9761368E-05  1.9087040E-05  8.8949231E-03  3.9342248E-04  1.0260651E-06  2.6439787E-09  2.0690886E-03  1.1924633E-06  2.109E-10  9.967E-17  2.024E+11  5.905E+12  4.817E+01  6.377E+06  0.54158659  4.234E-05  4.907E-05  9.521E-01  1.193E-07  1.544E-05  1.052E+00  360   15.1461  9.38E-03 2.9376E+01 4.3824E+01    6.74E+02 0.00E+00 2.55E+02  0.541245  0.125834 6.74E+02 0.00E+00 2.56E+02  0.541587  0.125839  0.0000000E+00  0.0000000E+00  8.6697937E-05  1.1500040E+00  5.3491379E-01  1.2465838E-03 -6.0666805E-01  2.4228109E-01  1.2967050E-01 0.000 0.516 1.000 1.000 1.000 1.000 1.000 1.000 1.000 1.000 1.000 1.000 1.000 1.000 1.000 1.000 1.000 1.000 1.000 1.000 1.000 1.000 1.000 1.000 1.000 1.000 1.000 1.000 1.000 1.000 1.000 1.000 1.000 1.000 1.000 1.000 1.000 1.000 1.000 1.000  6.0334144455E-01   0.76253   1.00000   0.00000   0.00000   0.9068906E-02
  1514  2.316364554916785E+06  29.518598  5.149298  4.582914  0.7186656E+00  0.2672801E+00  3.7135728E-05  2.3099482E-03  7.3009481E-05  1.1059278E-03  6.2259864E-03  3.1093505E-06  1.3275435E-05  2.0944660E-03  1.6036421E-04  0.5138    4.582914  -6.570  0.570760  7.597390  0.5470897E+00  0.4392371E+00  4.0686991E-08  6.9846700E-05  1.9111304E-05  8.8981995E-03  3.8954527E-04  1.0140252E-06  2.7937641E-09  2.0688275E-03  1.2012273E-06  2.119E-10  1.003E-16  2.031E+11  5.941E+12  4.834E+01  6.416E+06  0.54128975  4.216E-05  4.893E-05  9.521E-01  1.226E-07  1.531E-05  1.052E+00  359   15.1461  9.38E-03 2.9295E+01 4.3705E+01    6.73E+02 0.00E+00 2.55E+02  0.541587  0.126220 6.73E+02 0.00E+00 2.55E+02  0.541290  0.126218  0.0000000E+00  0.0000000E+00  8.7388295E-05  1.1509607E+00  5.3372392E-01  1.2398211E-03 -6.0621549E-01  2.4194988E-01  1.2986784E-01 0.000 0.516 1.000 1.000 1.000 1.000 1.000 1.000 1.000 1.000 1.000 1.000 1.000 1.000 1.000 1.000 1.000 1.000 1.000 1.000 1.000 1.000 1.000 1.000 1.000 1.000 1.000 1.000 1.000 1.000 1.000 1.000 1.000 1.000 1.000 1.000 1.000 1.000 1.000 1.000  6.0203523972E-01   0.75985   1.00000   0.00000   0.00000   0.9000215E-02
  1529  2.340329570825229E+06  29.512130  5.150542  4.582731  0.7185927E+00  0.2673530E+00  3.6984840E-05  2.3036016E-03  7.3833356E-05  1.1182119E-03  6.2194316E-03  3.1199549E-06  1.3244817E-05  2.0944529E-03  1.6008055E-04  0.5135    4.582731  -6.568  0.570862  7.597566  0.5451771E+00  0.4411501E+00  4.0316856E-08  6.9915903E-05  1.9130678E-05  8.9010611E-03  3.8616809E-04  1.0036438E-06  2.8271896E-09  2.0685683E-03  1.2175087E-06  2.120E-10  1.004E-16  2.029E+11  5.942E+12  4.828E+01  6.417E+06  0.54155451  4.203E-05  4.878E-05  9.521E-01  1.260E-07  1.517E-05  1.052E+00  360   15.1461  9.38E-03 2.9204E+01 4.3572E+01    6.72E+02 0.00E+00 2.55E+02  0.541349  0.126597 6.72E+02 0.00E+00 2.55E+02  0.541555  0.126602  0.0000000E+00  0.0000000E+00  8.7941471E-05  1.1518693E+00  5.3241233E-01  1.2331909E-03 -6.0577275E-01  2.4162313E-01  1.3006842E-01 0.000 0.517 1.000 1.000 1.000 1.000 1.000 1.000 1.000 1.000 1.000 1.000 1.000 1.000 1.000 1.000 1.000 1.000 1.000 1.000 1.000 1.000 1.000 1.000 1.000 1.000 1.000 1.000 1.000 1.000 1.000 1.000 1.000 1.000 1.000 1.000 1.000 1.000 1.000 1.000  6.0071985337E-01   0.75719   1.00000   0.00000   0.00000   0.8937190E-02
  1544  2.364294586733674E+06  29.505623  5.151780  4.582515  0.7185177E+00  0.2674280E+00  3.6835372E-05  2.2972767E-03  7.4644539E-05  1.1305584E-03  6.2127920E-03  3.1302887E-06  1.3214271E-05  2.0944394E-03  1.5979637E-04  0.5132    4.582515  -6.565  0.570963  7.597741  0.5432744E+00  0.4430532E+00  3.9970374E-08  6.9984022E-05  1.9149688E-05  8.9035925E-03  3.8316927E-04  9.9429065E-07  2.8756396E-09  2.0683102E-03  1.2374235E-06  2.118E-10  1.005E-16  2.027E+11  5.945E+12  4.823E+01  6.421E+06  0.54140111  4.186E-05  4.865E-05  9.521E-01  1.293E-07  1.504E-05  1.052E+00  359   15.1461  9.38E-03 2.9121E+01 4.3451E+01    6.72E+02 0.00E+00 2.55E+02  0.541844  0.126989 6.71E+02 0.00E+00 2.55E+02  0.541401  0.126986  0.0000000E+00  0.0000000E+00  8.8680837E-05  1.1527750E+00  5.3118920E-01  1.2263729E-03 -6.0532999E-01  2.4129565E-01  1.3026826E-01 0.000 0.517 1.000 1.000 1.000 1.000 1.000 1.000 1.000 1.000 1.000 1.000 1.000 1.000 1.000 1.000 1.000 1.000 1.000 1.000 1.000 1.000 1.000 1.000 1.000 1.000 1.000 1.000 1.000 1.000 1.000 1.000 1.000 1.000 1.000 1.000 1.000 1.000 1.000 1.000  5.9939493654E-01   0.75455   1.00000   0.00000   0.00000   0.8868455E-02
  1559  2.388259602642119E+06  29.499077  5.153040  4.582343  0.7184362E+00  0.2675095E+00  3.6678904E-05  2.2906157E-03  7.5488353E-05  1.1436726E-03  6.2056848E-03  3.1409212E-06  1.3182066E-05  2.0944248E-03  1.5949553E-04  0.5130    4.582343  -6.562  0.571072  7.597919  0.5413746E+00  0.4449533E+00  3.9549448E-08  7.0046298E-05  1.9167019E-05  8.9059367E-03  3.8039355E-04  9.8560737E-07  2.8800919E-09  2.0680524E-03  1.2573042E-06  2.117E-10  1.005E-16  2.022E+11  5.938E+12  4.811E+01  6.413E+06  0.54184120  4.175E-05  4.850E-05  9.520E-01  1.329E-07  1.491E-05  1.052E+00  358   15.1461  9.38E-03 2.9029E+01 4.3316E+01    6.71E+02 0.00E+00 2.54E+02  0.541473  0.127372 6.71E+02 0.00E+00 2.54E+02  0.541841  0.127377  0.0000000E+00  0.0000000E+00  8.9220888E-05  1.1536538E+00  5.2985625E-01  1.2190988E-03 -6.0489213E-01  2.4097050E-01  1.3047109E-01 0.000 0.517 1.000 1.000 1.000 1.000 1.000 1.000 1.000 1.000 1.000 1.000 1.000 1.000 1.000 1.000 1.000 1.000 1.000 1.000 1.000 1.000 1.000 1.000 1.000 1.000 1.000 1.000 1.000 1.000 1.000 1.000 1.000 1.000 1.000 1.000 1.000 1.000 1.000 1.000  5.9806046787E-01   0.75191   1.00000   0.00000   0.00000   0.8806909E-02
  1574  2.412224618550564E+06  29.492491  5.154291  4.582131  0.7183546E+00  0.2675910E+00  3.6528013E-05  2.2841535E-03  7.6296812E-05  1.1565044E-03  6.1986778E-03  3.1509918E-06  1.3150786E-05  2.0944103E-03  1.5920213E-04  0.5127    4.582131  -6.560  0.571178  7.598096  0.5394789E+00  0.4468493E+00  3.9182226E-08  7.0110057E-05  1.9184758E-05  8.9080757E-03  3.7784937E-04  9.7751924E-07  2.9138975E-09  2.0677948E-03  1.2776235E-06  2.114E-10  1.006E-16  2.018E+11  5.937E+12  4.803E+01  6.412E+06  0.54143870  4.156E-05  4.836E-05  9.521E-01  1.363E-07  1.478E-05  1.052E+00  358   15.1461  9.38E-03 2.8945E+01 4.3193E+01    6.70E+02 0.00E+00 2.54E+02  0.541910  0.127769 6.70E+02 0.00E+00 2.54E+02  0.541439  0.127767  0.0000000E+00  0.0000000E+00  8.9963572E-05  1.1545424E+00  5.2862780E-01  1.2129421E-03 -6.0445157E-01  2.4064319E-01  1.3067260E-01 0.000 0.517 1.000 1.000 1.000 1.000 1.000 1.000 1.000 1.000 1.000 1.000 1.000 1.000 1.000 1.000 1.000 1.000 1.000 1.000 1.000 1.000 1.000 1.000 1.000 1.000 1.000 1.000 1.000 1.000 1.000 1.000 1.000 1.000 1.000 1.000 1.000 1.000 1.000 1.000  5.9671610160E-01   0.74927   1.00000   0.00000   0.00000   0.8739138E-02
  1590  2.436349401231733E+06  29.485820  5.155558  4.581924  0.7182700E+00  0.2676756E+00  3.6377128E-05  2.2776540E-03  7.7100014E-05  1.1695169E-03  6.1915207E-03  3.1608808E-06  1.3119290E-05  2.0943953E-03  1.5890556E-04  0.5125    4.581924  -6.557  0.571198  7.598244  0.5375724E+00  0.4487561E+00  3.7416911E-08  7.0411371E-05  1.9269201E-05  8.9097610E-03  3.7543223E-04  9.6177389E-07  2.7891195E-09  2.0675355E-03  1.2967750E-06  2.037E-10  9.688E-17  1.959E+11  5.717E+12  4.663E+01  6.174E+06  0.54160887  4.142E-05  4.820E-05  9.521E-01  1.396E-07  1.464E-05  1.052E+00  357   15.1461  9.38E-03 2.8856E+01 4.3062E+01    6.69E+02 0.00E+00 2.54E+02  0.542009  0.128165 6.69E+02 0.00E+00 2.54E+02  0.541609  0.128163  0.0000000E+00  0.0000000E+00  8.1570114E-05  1.1555851E+00  5.2731288E-01  1.2056381E-03 -6.0396719E-01  2.4029767E-01  1.3086819E-01 0.000 0.517 1.000 1.000 1.000 1.000 1.000 1.000 1.000 1.000 1.000 1.000 1.000 1.000 1.000 1.000 1.000 1.000 1.000 1.000 1.000 1.000 1.000 1.000 1.000 1.000 1.000 1.000 1.000 1.000 1.000 1.000 1.000 1.000 1.000 1.000 1.000 1.000 1.000 1.000  5.9535299851E-01   0.74663   1.00000   0.00000   0.00000   0.8674126E-02
  1605  2.459930976885647E+06  29.479259  5.156815  4.581782  0.7181830E+00  0.2677627E+00  3.6227366E-05  2.2711659E-03  7.7891954E-05  1.1826129E-03  6.1842667E-03  3.1705134E-06  1.3087813E-05  2.0943800E-03  1.5860805E-04  0.5122    4.581782  -6.554  0.571393  7.598451  0.5357074E+00  0.4506213E+00  3.8204412E-08  7.0250503E-05  1.9223863E-05  8.9119533E-03  3.7319663E-04  9.6164764E-07  2.8960490E-09  2.0672816E-03  1.3145577E-06  2.101E-10  1.002E-16  2.001E+11  5.897E+12  4.762E+01  6.369E+06  0.54191989  4.131E-05  4.806E-05  9.520E-01  1.429E-07  1.452E-05  1.052E+00  357   15.1461  9.38E-03 2.8762E+01 4.2926E+01    6.68E+02 0.00E+00 2.53E+02  0.541810  0.128551 6.68E+02 0.00E+00 2.54E+02  0.541920  0.128557  0.0000000E+00  0.0000000E+00  9.0309762E-05  1.1562858E+00  5.2598165E-01  1.1986510E-03 -6.0357629E-01  2.3999244E-01  1.3107838E-01 0.000 0.517 1.000 1.000 1.000 1.000 1.000 1.000 1.000 1.000 1.000 1.000 1.000 1.000 1.000 1.000 1.000 1.000 1.000 1.000 1.000 1.000 1.000 1.000 1.000 1.000 1.000 1.000 1.000 1.000 1.000 1.000 1.000 1.000 1.000 1.000 1.000 1.000 1.000 1.000  5.9401080045E-01   0.74404   1.00000   0.00000   0.00000   0.8615043E-02
  1620  2.483656342635011E+06  29.472618  5.158069  4.581591  0.7180929E+00  0.2678528E+00  3.6077735E-05  2.2646470E-03  7.8677880E-05  1.1958773E-03  6.1768692E-03  3.1799534E-06  1.3056151E-05  2.0943641E-03  1.5830766E-04  0.5120    4.581591  -6.552  0.571504  7.598629  0.5338310E+00  0.4524980E+00  3.7853953E-08  7.0311357E-05  1.9240776E-05  8.9137265E-03  3.7107412E-04  9.5488126E-07  2.9305282E-09  2.0670259E-03  1.3320455E-06  2.098E-10  1.002E-16  1.997E+11  5.897E+12  4.753E+01  6.369E+06  0.54164521  4.114E-05  4.792E-05  9.520E-01  1.463E-07  1.439E-05  1.052E+00  357   15.1461  9.38E-03 2.8680E+01 4.2805E+01    6.67E+02 0.00E+00 2.53E+02  0.542090  0.128953 6.67E+02 0.00E+00 2.53E+02  0.541645  0.128951  0.0000000E+00  0.0000000E+00  9.1033880E-05  1.1571526E+00  5.2474549E-01  1.1925587E-03 -6.0314005E-01  2.3966725E-01  1.3128043E-01 0.000 0.517 1.000 1.000 1.000 1.000 1.000 1.000 1.000 1.000 1.000 1.000 1.000 1.000 1.000 1.000 1.000 1.000 1.000 1.000 1.000 1.000 1.000 1.000 1.000 1.000 1.000 1.000 1.000 1.000 1.000 1.000 1.000 1.000 1.000 1.000 1.000 1.000 1.000 1.000  5.9265063731E-01   0.74143   1.00000   0.00000   0.00000   0.8550648E-02
  1636  2.507302623831878E+06  29.465958  5.159369  4.581410  0.7180001E+00  0.2679457E+00  3.5928712E-05  2.2581183E-03  7.9455247E-05  1.2092672E-03  6.1693517E-03  3.1891695E-06  1.3024405E-05  2.0943479E-03  1.5800537E-04  0.5114    4.581410  -6.549  0.571604  7.598843  0.5318148E+00  0.4545147E+00  3.4615805E-08  7.0276528E-05  1.9228515E-05  8.9178268E-03  3.6646339E-04  9.4137038E-07  1.5989057E-09  2.0667500E-03  1.2912485E-06  2.036E-10  9.743E-17  1.984E+11  5.842E+12  4.722E+01  6.310E+06  0.54154318  4.098E-05  4.779E-05  9.521E-01  1.495E-07  1.427E-05  1.052E+00  364   15.0132  9.37E-03 2.8596E+01 4.2682E+01    6.66E+02 0.00E+00 2.53E+02  0.542011  0.129361 6.66E+02 0.00E+00 2.53E+02  0.541543  0.129360  0.0000000E+00  0.0000000E+00  9.0770680E-05  1.1581421E+00  5.2344824E-01  1.1854990E-03 -6.0268538E-01  2.3933363E-01  1.3148198E-01 0.000 0.514 1.000 1.000 1.000 1.000 1.000 1.000 1.000 1.000 1.000 1.000 1.000 1.000 1.000 1.000 1.000 1.000 1.000 1.000 1.000 1.000 1.000 1.000 1.000 1.000 1.000 1.000 1.000 1.000 1.000 1.000 1.000 1.000 1.000 1.000 1.000 1.000 1.000 1.000  5.9128513742E-01   0.73865   1.00000   0.00000   0.00000   0.8488927E-02
  1651  2.530790735923748E+06  29.459303  5.160591  4.581219  0.7179072E+00  0.2680386E+00  3.5784503E-05  2.2517666E-03  8.0202373E-05  1.2223940E-03  6.1619351E-03  3.1979109E-06  1.2993485E-05  2.0943317E-03  1.5770993E-04  0.5114    4.581219  -6.547  0.571699  7.599029  0.5298686E+00  0.4564614E+00  3.6632580E-08  7.0461488E-05  1.9282712E-05  8.9204877E-03  3.6311734E-04  9.3103331E-07  2.7891303E-09  2.0664836E-03  1.2926837E-06  1.988E-10  9.511E-17  1.978E+11  5.817E+12  4.708E+01  6.283E+06  0.54180682  4.086E-05  4.764E-05  9.520E-01  1.526E-07  1.415E-05  1.052E+00  364   15.0798  9.37E-03 2.8507E+01 4.2551E+01    6.66E+02 0.00E+00 2.52E+02  0.541657  0.129741 6.66E+02 0.00E+00 2.53E+02  0.541807  0.129747  0.0000000E+00  0.0000000E+00  9.1305989E-05  1.1591543E+00  5.2210766E-01  1.1782560E-03 -6.0221829E-01  2.3899369E-01  1.3168421E-01 0.000 0.515 1.000 1.000 1.000 1.000 1.000 1.000 1.000 1.000 1.000 1.000 1.000 1.000 1.000 1.000 1.000 1.000 1.000 1.000 1.000 1.000 1.000 1.000 1.000 1.000 1.000 1.000 1.000 1.000 1.000 1.000 1.000 1.000 1.000 1.000 1.000 1.000 1.000 1.000  5.8991942713E-01   0.73593   1.00000   0.00000   0.00000   0.8429813E-02
  1667  2.554184895567250E+06  29.452635  5.161845  4.581031  0.7178057E+00  0.2681402E+00  3.5632161E-05  2.2450206E-03  8.0986068E-05  1.2364431E-03  6.1539476E-03  3.2069536E-06  1.2960607E-05  2.0943140E-03  1.5739469E-04  0.5111    4.581031  -6.544  0.571887  7.599171  0.5279781E+00  0.4583521E+00  3.5938096E-08  7.0541874E-05  1.9305323E-05  8.9224360E-03  3.6076426E-04  9.2162516E-07  2.7056634E-09  2.0662250E-03  1.3120312E-06  2.052E-10  9.834E-17  1.960E+11  5.759E+12  4.665E+01  6.220E+06  0.54179373  4.071E-05  4.750E-05  9.520E-01  1.561E-07  1.403E-05  1.052E+00  364   15.0798  9.37E-03 2.8422E+01 4.2427E+01    6.65E+02 0.00E+00 2.52E+02  0.541431  0.130138 6.65E+02 0.00E+00 2.52E+02  0.541794  0.130144  0.0000000E+00  0.0000000E+00  9.0989027E-05  1.1600770E+00  5.2081075E-01  1.1719152E-03 -6.0177050E-01  2.3866416E-01  1.3188453E-01 0.000 0.515 1.000 1.000 1.000 1.000 1.000 1.000 1.000 1.000 1.000 1.000 1.000 1.000 1.000 1.000 1.000 1.000 1.000 1.000 1.000 1.000 1.000 1.000 1.000 1.000 1.000 1.000 1.000 1.000 1.000 1.000 1.000 1.000 1.000 1.000 1.000 1.000 1.000 1.000  5.8855005843E-01   0.73330   1.00000   0.00000   0.00000   0.8369401E-02
  1682  2.577438126538202E+06  29.445966  5.163083  4.580813  0.7177042E+00  0.2682417E+00  3.5484959E-05  2.2384672E-03  8.1737817E-05  1.2501961E-03  6.1460799E-03  3.2155021E-06  1.2928631E-05  2.0942965E-03  1.5708703E-04  0.5109    4.580813  -6.541  0.571974  7.599398  0.5260239E+00  0.4603067E+00  3.5631485E-08  7.0608659E-05  1.9323766E-05  8.9253485E-03  3.5733203E-04  9.1274331E-07  2.7384690E-09  2.0659570E-03  1.3063318E-06  2.003E-10  9.623E-17  1.958E+11  5.743E+12  4.661E+01  6.202E+06  0.54126257  4.052E-05  4.738E-05  9.521E-01  1.593E-07  1.391E-05  1.052E+00  369   15.0798  9.37E-03 2.8343E+01 4.2312E+01    6.64E+02 0.00E+00 2.52E+02  0.541723  0.130539 6.64E+02 0.00E+00 2.52E+02  0.541263  0.130537  0.0000000E+00  0.0000000E+00  9.1707827E-05  1.1610255E+00  5.1957258E-01  1.1652423E-03 -6.0132216E-01  2.3833297E-01  1.3208705E-01 0.000 0.514 1.000 1.000 1.000 1.000 1.000 1.000 1.000 1.000 1.000 1.000 1.000 1.000 1.000 1.000 1.000 1.000 1.000 1.000 1.000 1.000 1.000 1.000 1.000 1.000 1.000 1.000 1.000 1.000 1.000 1.000 1.000 1.000 1.000 1.000 1.000 1.000 1.000 1.000  5.8717929785E-01   0.73059   1.00000   0.00000   0.00000   0.8305196E-02
  1698  2.601156422128572E+06  29.439124  5.164361  4.580575  0.7176000E+00  0.2683461E+00  3.5338499E-05  2.2319128E-03  8.2480347E-05  1.2640540E-03  6.1381051E-03  3.2238212E-06  1.2896612E-05  2.0942785E-03  1.5677795E-04  0.5105    4.580575  -6.539  0.572095  7.599514  0.5239926E+00  0.4623385E+00  3.3522494E-08  7.0896659E-05  1.9403572E-05  8.9283769E-03  3.5340577E-04  8.9476566E-07  2.3894289E-09  2.0656779E-03  1.2939186E-06  1.947E-10  9.345E-17  1.892E+11  5.470E+12  4.502E+01  5.908E+06  0.54112383  4.035E-05  4.724E-05  9.522E-01  1.625E-07  1.380E-05  1.052E+00  369   15.0132  9.37E-03 2.8260E+01 4.2191E+01    6.63E+02 0.00E+00 2.51E+02  0.541577  0.130946 6.63E+02 0.00E+00 2.51E+02  0.541124  0.130944  0.0000000E+00  0.0000000E+00  8.3102556E-05  1.1622496E+00  5.1824598E-01  1.1579515E-03 -6.0080241E-01  2.3796917E-01  1.3228174E-01 0.000 0.512 1.000 1.000 1.000 1.000 1.000 1.000 1.000 1.000 1.000 1.000 1.000 1.000 1.000 1.000 1.000 1.000 1.000 1.000 1.000 1.000 1.000 1.000 1.000 1.000 1.000 1.000 1.000 1.000 1.000 1.000 1.000 1.000 1.000 1.000 1.000 1.000 1.000 1.000  5.8577144041E-01   0.72777   1.00000   0.00000   0.00000   0.8242025E-02
  1714  2.625293275876420E+06  29.432118  5.165653  4.580365  0.7174866E+00  0.2684595E+00  3.5184549E-05  2.2249867E-03  8.3254916E-05  1.2788085E-03  6.1295640E-03  3.2323629E-06  1.2862738E-05  2.0942590E-03  1.5644987E-04  0.5103    4.580365  -6.536  0.572301  7.599729  0.5219898E+00  0.4643416E+00  3.4377597E-08  7.0751143E-05  1.9363128E-05  8.9309580E-03  3.5070155E-04  8.9227339E-07  2.5799944E-09  2.0654028E-03  1.3103815E-06  2.017E-10  9.705E-17  1.937E+11  5.669E+12  4.611E+01  6.123E+06  0.54102301  4.018E-05  4.710E-05  9.522E-01  1.658E-07  1.367E-05  1.052E+00  369   15.0132  9.37E-03 2.8173E+01 4.2063E+01    6.62E+02 0.00E+00 2.51E+02  0.541512  0.131359 6.62E+02 0.00E+00 2.51E+02  0.541023  0.131357  0.0000000E+00  0.0000000E+00  9.2068717E-05  1.1630872E+00  5.1689039E-01  1.1515282E-03 -6.0037028E-01  2.3763819E-01  1.3250008E-01 0.000 0.512 1.000 1.000 1.000 1.000 1.000 1.000 1.000 1.000 1.000 1.000 1.000 1.000 1.000 1.000 1.000 1.000 1.000 1.000 1.000 1.000 1.000 1.000 1.000 1.000 1.000 1.000 1.000 1.000 1.000 1.000 1.000 1.000 1.000 1.000 1.000 1.000 1.000 1.000  5.8432879516E-01   0.72498   1.00000   0.00000   0.00000   0.8178150E-02
  1730  2.649848687781746E+06  29.424947  5.166973  4.580140  0.7173674E+00  0.2685789E+00  3.5027967E-05  2.2179043E-03  8.4036453E-05  1.2940120E-03  6.1207104E-03  3.2408367E-06  1.2828056E-05  2.0942386E-03  1.5611283E-04  0.5100    4.580140  -6.533  0.572431  7.599921  0.5199701E+00  0.4663615E+00  3.4076363E-08  7.0819017E-05  1.9382239E-05  8.9328615E-03  3.4841845E-04  8.8509953E-07  2.6340267E-09  2.0651252E-03  1.3334314E-06  2.017E-10  9.715E-17  1.935E+11  5.675E+12  4.606E+01  6.129E+06  0.54101246  4.003E-05  4.695E-05  9.522E-01  1.693E-07  1.355E-05  1.052E+00  368   15.0132  9.37E-03 2.8083E+01 4.1931E+01    6.61E+02 0.00E+00 2.51E+02  0.541477  0.131782 6.61E+02 0.00E+00 2.50E+02  0.541012  0.131780  0.0000000E+00  0.0000000E+00  9.2750838E-05  1.1640559E+00  5.1548586E-01  1.1442050E-03 -5.9989763E-01  2.3728851E-01  1.3271522E-01 0.000 0.512 1.000 1.000 1.000 1.000 1.000 1.000 1.000 1.000 1.000 1.000 1.000 1.000 1.000 1.000 1.000 1.000 1.000 1.000 1.000 1.000 1.000 1.000 1.000 1.000 1.000 1.000 1.000 1.000 1.000 1.000 1.000 1.000 1.000 1.000 1.000 1.000 1.000 1.000  5.8285072729E-01   0.72218   1.00000   0.00000   0.00000   0.8113210E-02
  1747  2.674312016892424E+06  29.417758  5.168305  4.579932  0.7172493E+00  0.2686971E+00  3.4877928E-05  2.2110818E-03  8.4779274E-05  1.3087686E-03  6.1120672E-03  3.2487502E-06  1.2794606E-05  2.0942185E-03  1.5578670E-04  0.5097    4.579932  -6.531  0.572554  7.600110  0.5179709E+00  0.4683609E+00  3.3548953E-08  7.0909322E-05  1.9407910E-05  8.9344503E-03  3.4645822E-04  8.7670926E-07  2.6287539E-09  2.0648502E-03  1.3582818E-06  2.009E-10  9.691E-17  1.924E+11  5.642E+12  4.578E+01  6.093E+06  0.54132008  3.990E-05  4.679E-05  9.521E-01  1.724E-07  1.342E-05  1.052E+00  367   15.0132  9.37E-03 2.7984E+01 4.1787E+01    6.60E+02 0.00E+00 2.50E+02  0.541204  0.132202 6.60E+02 0.00E+00 2.50E+02  0.541320  0.132208  0.0000000E+00  0.0000000E+00  9.2435555E-05  1.1650162E+00  5.1402636E-01  1.1366547E-03 -5.9942608E-01  2.3694012E-01  1.3292991E-01 0.000 0.513 1.000 1.000 1.000 1.000 1.000 1.000 1.000 1.000 1.000 1.000 1.000 1.000 1.000 1.000 1.000 1.000 1.000 1.000 1.000 1.000 1.000 1.000 1.000 1.000 1.000 1.000 1.000 1.000 1.000 1.000 1.000 1.000 1.000 1.000 1.000 1.000 1.000 1.000  5.8136732635E-01   0.71941   1.00000   0.00000   0.00000   0.8050862E-02
  1763  2.698621874678692E+06  29.410568  5.169626  4.579719  0.7171208E+00  0.2688259E+00  3.4719914E-05  2.2038592E-03  8.5555114E-05  1.3245079E-03  6.1027963E-03  3.2568656E-06  1.2759149E-05  2.0941966E-03  1.5543988E-04  0.5095    4.579719  -6.528  0.572692  7.600303  0.5159897E+00  0.4703423E+00  3.3244132E-08  7.0965390E-05  1.9423215E-05  8.9358618E-03  3.4475538E-04  8.7213962E-07  2.6573574E-09  2.0645773E-03  1.3834959E-06  2.007E-10  9.700E-17  1.921E+11  5.645E+12  4.573E+01  6.097E+06  0.54125379  3.974E-05  4.664E-05  9.521E-01  1.759E-07  1.330E-05  1.052E+00  367   15.0132  9.37E-03 2.7891E+01 4.1650E+01    6.59E+02 0.00E+00 2.50E+02  0.541057  0.132627 6.59E+02 0.00E+00 2.50E+02  0.541254  0.132633  0.0000000E+00  0.0000000E+00  9.3094698E-05  1.1659328E+00  5.1260209E-01  1.1299235E-03 -5.9896529E-01  2.3659640E-01  1.3314538E-01 0.000 0.513 1.000 1.000 1.000 1.000 1.000 1.000 1.000 1.000 1.000 1.000 1.000 1.000 1.000 1.000 1.000 1.000 1.000 1.000 1.000 1.000 1.000 1.000 1.000 1.000 1.000 1.000 1.000 1.000 1.000 1.000 1.000 1.000 1.000 1.000 1.000 1.000 1.000 1.000  5.7988229831E-01   0.71665   1.00000   0.00000   0.00000   0.7990066E-02
  1780  2.723083669076127E+06  29.403288  5.170953  4.579469  0.7169904E+00  0.2689564E+00  3.4564988E-05  2.1967402E-03  8.6309289E-05  1.3401380E-03  6.0935381E-03  3.2646025E-06  1.2724157E-05  2.0941746E-03  1.5509651E-04  0.5092    4.579469  -6.525  0.572734  7.600463  0.5140020E+00  0.4723302E+00  3.1768804E-08  7.1273938E-05  1.9509790E-05  8.9367622E-03  3.4322000E-04  8.5963114E-07  2.5765252E-09  2.0643032E-03  1.4082698E-06  1.934E-10  9.345E-17  1.868E+11  5.441E+12  4.446E+01  5.876E+06  0.54098710  3.955E-05  4.649E-05  9.522E-01  1.793E-07  1.317E-05  1.052E+00  366   15.0132  9.37E-03 2.7802E+01 4.1520E+01    6.58E+02 0.00E+00 2.50E+02  0.541269  0.133064 6.58E+02 0.00E+00 2.49E+02  0.540987  0.133062  0.0000000E+00  0.0000000E+00  8.4472619E-05  1.1670276E+00  5.1123301E-01  1.1227089E-03 -5.9845617E-01  2.3623207E-01  1.3335200E-01 0.000 0.513 1.000 1.000 1.000 1.000 1.000 1.000 1.000 1.000 1.000 1.000 1.000 1.000 1.000 1.000 1.000 1.000 1.000 1.000 1.000 1.000 1.000 1.000 1.000 1.000 1.000 1.000 1.000 1.000 1.000 1.000 1.000 1.000 1.000 1.000 1.000 1.000 1.000 1.000  5.7837680902E-01   0.71389   1.00000   0.00000   0.00000   0.7921700E-02
  1796  2.747013685334490E+06  29.396120  5.172271  4.579271  0.7168588E+00  0.2690881E+00  3.4413511E-05  2.1897444E-03  8.7040385E-05  1.3556096E-03  6.0843246E-03  3.2719556E-06  1.2689726E-05  2.0941524E-03  1.5475761E-04  0.5090    4.579271  -6.522  0.572952  7.600683  0.5120582E+00  0.4742741E+00  3.2478721E-08  7.1109311E-05  1.9463404E-05  8.9382024E-03  3.4184868E-04  8.6114928E-07  2.7083782E-09  2.0640348E-03  1.4313198E-06  1.996E-10  9.670E-17  1.909E+11  5.622E+12  4.543E+01  6.071E+06  0.54084215  3.939E-05  4.635E-05  9.522E-01  1.825E-07  1.305E-05  1.052E+00  365   15.0132  9.37E-03 2.7709E+01 4.1384E+01    6.57E+02 0.00E+00 2.49E+02  0.541334  0.133490 6.57E+02 0.00E+00 2.49E+02  0.540842  0.133488  0.0000000E+00  0.0000000E+00  9.3627866E-05  1.1677698E+00  5.0983075E-01  1.1156974E-03 -5.9804122E-01  2.3590821E-01  1.3357387E-01 0.000 0.513 1.000 1.000 1.000 1.000 1.000 1.000 1.000 1.000 1.000 1.000 1.000 1.000 1.000 1.000 1.000 1.000 1.000 1.000 1.000 1.000 1.000 1.000 1.000 1.000 1.000 1.000 1.000 1.000 1.000 1.000 1.000 1.000 1.000 1.000 1.000 1.000 1.000 1.000  5.7689301278E-01   0.71119   1.00000   0.00000   0.00000   0.7859338E-02
  1812  2.770930027297848E+06  29.388911  5.173584  4.579053  0.7167257E+00  0.2692214E+00  3.4265015E-05  2.1828522E-03  8.7750989E-05  1.3709596E-03  6.0751366E-03  3.2789589E-06  1.2655764E-05  2.0941300E-03  1.5442232E-04  0.5088    4.579053  -6.519  0.573065  7.600865  0.5101162E+00  0.4762163E+00  3.1640307E-08  7.1279970E-05  1.9508198E-05  8.9390694E-03  3.4058085E-04  8.5478204E-07  2.6587280E-09  2.0637664E-03  1.4533472E-06  1.921E-10  9.317E-17  1.883E+11  5.528E+12  4.481E+01  5.970E+06  0.54100739  3.925E-05  4.619E-05  9.522E-01  1.856E-07  1.293E-05  1.052E+00  364   15.0132  9.37E-03 2.7614E+01 4.1244E+01    6.57E+02 0.00E+00 2.49E+02  0.541423  0.133918 6.57E+02 0.00E+00 2.49E+02  0.541007  0.133915  0.0000000E+00  0.0000000E+00  8.4912865E-05  1.1687017E+00  5.0839322E-01  1.1083778E-03 -5.9757572E-01  2.3556413E-01  1.3378546E-01 0.000 0.513 1.000 1.000 1.000 1.000 1.000 1.000 1.000 1.000 1.000 1.000 1.000 1.000 1.000 1.000 1.000 1.000 1.000 1.000 1.000 1.000 1.000 1.000 1.000 1.000 1.000 1.000 1.000 1.000 1.000 1.000 1.000 1.000 1.000 1.000 1.000 1.000 1.000 1.000  5.7539911686E-01   0.70850   1.00000   0.00000   0.00000   0.7797103E-02
  1829  2.795026869955267E+06  29.381601  5.174977  4.578839  0.7165872E+00  0.2693602E+00  3.4115181E-05  2.1758640E-03  8.8461756E-05  1.3866324E-03  6.0657082E-03  3.2858169E-06  1.2621285E-05  2.0941068E-03  1.5408093E-04  0.5086    4.578839  -6.517  0.573291  7.601080  0.5080569E+00  0.4782759E+00  3.0988284E-08  7.1224106E-05  1.9494521E-05  8.9416125E-03  3.3777243E-04  8.4768144E-07  2.4020844E-09  2.0634810E-03  1.4393515E-06  1.943E-10  9.444E-17  1.871E+11  5.472E+12  4.454E+01  5.909E+06  0.54123319  3.911E-05  4.604E-05  9.521E-01  1.887E-07  1.282E-05  1.052E+00  366   14.9463  9.37E-03 2.7519E+01 4.1105E+01    6.56E+02 0.00E+00 2.48E+02  0.541093  0.134361 6.56E+02 0.00E+00 2.48E+02  0.541233  0.134368  0.0000000E+00  0.0000000E+00  9.4041573E-05  1.1696935E+00  5.0691376E-01  1.1014575E-03 -5.9710852E-01  2.3521570E-01  1.3400346E-01 0.000 0.511 1.000 1.000 1.000 1.000 1.000 1.000 1.000 1.000 1.000 1.000 1.000 1.000 1.000 1.000 1.000 1.000 1.000 1.000 1.000 1.000 1.000 1.000 1.000 1.000 1.000 1.000 1.000 1.000 1.000 1.000 1.000 1.000 1.000 1.000 1.000 1.000 1.000 1.000  5.7388248611E-01   0.70564   1.00000   0.00000   0.00000   0.7734740E-02
  1845  2.818852961571592E+06  29.374327  5.176278  4.578625  0.7164434E+00  0.2695042E+00  3.3964393E-05  2.1687972E-03  8.9170721E-05  1.4025909E-03  6.0560608E-03  3.2925075E-06  1.2586375E-05  2.0940828E-03  1.5373428E-04  0.5083    4.578625  -6.514  0.573428  7.601272  0.5060374E+00  0.4802957E+00  3.0812848E-08  7.1294626E-05  1.9514665E-05  8.9435523E-03  3.3544280E-04  8.4078036E-07  2.4745238E-09  2.0632008E-03  1.4422121E-06  1.952E-10  9.503E-17  1.875E+11  5.494E+12  4.462E+01  5.933E+06  0.54103540  3.895E-05  4.589E-05  9.522E-01  1.919E-07  1.271E-05  1.052E+00  365   14.9463  9.37E-03 2.7428E+01 4.0971E+01    6.55E+02 0.00E+00 2.48E+02  0.540827  0.134787 6.55E+02 0.00E+00 2.48E+02  0.541035  0.134793  0.0000000E+00  0.0000000E+00  9.4673969E-05  1.1706851E+00  5.0548177E-01  1.0941847E-03 -5.9663166E-01  2.3486472E-01  1.3421766E-01 0.000 0.511 1.000 1.000 1.000 1.000 1.000 1.000 1.000 1.000 1.000 1.000 1.000 1.000 1.000 1.000 1.000 1.000 1.000 1.000 1.000 1.000 1.000 1.000 1.000 1.000 1.000 1.000 1.000 1.000 1.000 1.000 1.000 1.000 1.000 1.000 1.000 1.000 1.000 1.000  5.7237182528E-01   0.70283   1.00000   0.00000   0.00000   0.7675486E-02
  1862  2.842664161880658E+06  29.367013  5.177586  4.578380  0.7162967E+00  0.2696511E+00  3.3815210E-05  2.1617722E-03  8.9865827E-05  1.4185633E-03  6.0463586E-03  3.2989174E-06  1.2551627E-05  2.0940583E-03  1.5338827E-04  0.5080    4.578380  -6.511  0.573499  7.601439  0.5040479E+00  0.4822854E+00  2.9962099E-08  7.1506769E-05  1.9577236E-05  8.9448078E-03  3.3365847E-04  8.2932232E-07  2.4976469E-09  2.0629246E-03  1.4576266E-06  1.948E-10  9.496E-17  1.847E+11  5.389E+12  4.396E+01  5.820E+06  0.54067162  3.876E-05  4.574E-05  9.522E-01  1.950E-07  1.259E-05  1.052E+00  364   14.9463  9.37E-03 2.7340E+01 4.0843E+01    6.54E+02 0.00E+00 2.48E+02  0.540997  0.135222 6.54E+02 0.00E+00 2.47E+02  0.540672  0.135222  0.0000000E+00  0.0000000E+00  9.4472515E-05  1.1717753E+00  5.0411306E-01  1.0871162E-03 -5.9612824E-01  2.3450341E-01  1.3442426E-01 0.000 0.511 1.000 1.000 1.000 1.000 1.000 1.000 1.000 1.000 1.000 1.000 1.000 1.000 1.000 1.000 1.000 1.000 1.000 1.000 1.000 1.000 1.000 1.000 1.000 1.000 1.000 1.000 1.000 1.000 1.000 1.000 1.000 1.000 1.000 1.000 1.000 1.000 1.000 1.000  5.7085154981E-01   0.70007   1.00000   0.00000   0.00000   0.7612763E-02
  1878  2.866251992580817E+06  29.359722  5.178924  4.578163  0.7161426E+00  0.2698054E+00  3.3663227E-05  2.1545814E-03  9.0567439E-05  1.4350241E-03  6.0363125E-03  3.3052312E-06  1.2516014E-05  2.0940328E-03  1.5303264E-04  0.5079    4.578163  -6.508  0.573756  7.601660  0.5020052E+00  0.4843284E+00  2.9822399E-08  7.1437476E-05  1.9554386E-05  8.9472677E-03  3.3097042E-04  8.2635543E-07  2.3952909E-09  2.0626404E-03  1.4515691E-06  1.922E-10  9.381E-17  1.857E+11  5.423E+12  4.419E+01  5.856E+06  0.54036445  3.858E-05  4.561E-05  9.523E-01  1.982E-07  1.249E-05  1.052E+00  365   14.8791  9.37E-03 2.7250E+01 4.0711E+01    6.53E+02 0.00E+00 2.47E+02  0.540872  0.135663 6.53E+02 0.00E+00 2.47E+02  0.540364  0.135660  0.0000000E+00  0.0000000E+00  9.5162343E-05  1.1727116E+00  5.0269434E-01  1.0805981E-03 -5.9567693E-01  2.3416241E-01  1.3464303E-01 0.000 0.510 1.000 1.000 1.000 1.000 1.000 1.000 1.000 1.000 1.000 1.000 1.000 1.000 1.000 1.000 1.000 1.000 1.000 1.000 1.000 1.000 1.000 1.000 1.000 1.000 1.000 1.000 1.000 1.000 1.000 1.000 1.000 1.000 1.000 1.000 1.000 1.000 1.000 1.000  5.6933473576E-01   0.69723   1.00000   0.00000   0.00000   0.7552268E-02
  1894  2.889397551455349E+06  29.352522  5.180209  4.577932  0.7160003E+00  0.2699481E+00  3.3526812E-05  2.1480978E-03  9.1191506E-05  1.4499617E-03  6.0271556E-03  3.3107110E-06  1.2483863E-05  2.0940092E-03  1.5271075E-04  0.5076    4.577932  -6.506  0.573829  7.601827  0.5000393E+00  0.4862945E+00  2.8763509E-08  7.1717261E-05  1.9631248E-05  8.9485367E-03  3.2906208E-04  8.1583796E-07  2.3752485E-09  2.0623667E-03  1.4650383E-06  1.860E-10  9.081E-17  1.819E+11  5.275E+12  4.330E+01  5.697E+06  0.54036920  3.843E-05  4.545E-05  9.523E-01  2.007E-07  1.238E-05  1.052E+00  364   14.8791  9.37E-03 2.7158E+01 4.0576E+01    6.52E+02 0.00E+00 2.47E+02  0.540819  0.136086 6.52E+02 0.00E+00 2.47E+02  0.540369  0.136085  0.0000000E+00  0.0000000E+00  8.6254653E-05  1.1737964E+00  5.0126935E-01  1.0733434E-03 -5.9518066E-01  2.3380702E-01  1.3484631E-01 0.000 0.510 1.000 1.000 1.000 1.000 1.000 1.000 1.000 1.000 1.000 1.000 1.000 1.000 1.000 1.000 1.000 1.000 1.000 1.000 1.000 1.000 1.000 1.000 1.000 1.000 1.000 1.000 1.000 1.000 1.000 1.000 1.000 1.000 1.000 1.000 1.000 1.000 1.000 1.000  5.6783566234E-01   0.69450   1.00000   0.00000   0.00000   0.7493592E-02
  1911  2.913280230039262E+06  29.345047  5.181557  4.577726  0.7158407E+00  0.2701079E+00  3.3378195E-05  2.1410031E-03  9.1865229E-05  1.4664103E-03  6.0170292E-03  3.3164787E-06  1.2448640E-05  2.0939829E-03  1.5235719E-04  0.5073    4.577726  -6.503  0.574041  7.602045  0.4980320E+00  0.4883020E+00  2.9249463E-08  7.1594444E-05  1.9598744E-05  8.9500717E-03  3.2751304E-04  8.1373674E-07  2.5033682E-09  2.0620870E-03  1.4861826E-06  1.922E-10  9.404E-17  1.852E+11  5.421E+12  4.407E+01  5.855E+06  0.54059345  3.830E-05  4.529E-05  9.523E-01  2.037E-07  1.226E-05  1.052E+00  363   14.8791  9.37E-03 2.7058E+01 4.0429E+01    6.51E+02 0.00E+00 2.46E+02  0.540405  0.136523 6.51E+02 0.00E+00 2.46E+02  0.540593  0.136530  0.0000000E+00  0.0000000E+00  9.5488073E-05  1.1746450E+00  4.9975113E-01  1.0659399E-03 -5.9473512E-01  2.3346680E-01  1.3507108E-01 0.000 0.510 1.000 1.000 1.000 1.000 1.000 1.000 1.000 1.000 1.000 1.000 1.000 1.000 1.000 1.000 1.000 1.000 1.000 1.000 1.000 1.000 1.000 1.000 1.000 1.000 1.000 1.000 1.000 1.000 1.000 1.000 1.000 1.000 1.000 1.000 1.000 1.000 1.000 1.000  5.6627802866E-01   0.69171   1.00000   0.00000   0.00000   0.7435021E-02
  1927  2.936632182432421E+06  29.337692  5.182868  4.577504  0.7156740E+00  0.2702749E+00  3.3227463E-05  2.1337746E-03  9.2541948E-05  1.4832786E-03  6.0065986E-03  3.3221127E-06  1.2412706E-05  2.0939554E-03  1.5199554E-04  0.5070    4.577504  -6.501  0.574191  7.602239  0.4960772E+00  0.4902569E+00  2.8947027E-08  7.1652415E-05  1.9614935E-05  8.9511026E-03  3.2624113E-04  8.0959035E-07  2.5224860E-09  2.0618143E-03  1.5091518E-06  1.921E-10  9.398E-17  1.848E+11  5.417E+12  4.398E+01  5.850E+06  0.54054034  3.815E-05  4.514E-05  9.523E-01  2.069E-07  1.216E-05  1.052E+00  363   14.8791  9.37E-03 2.6966E+01 4.0294E+01    6.50E+02 0.00E+00 2.46E+02  0.540166  0.136957 6.50E+02 0.00E+00 2.46E+02  0.540540  0.136963  0.0000000E+00  0.0000000E+00  9.6139728E-05  1.1755614E+00  4.9829816E-01  1.0593691E-03 -5.9427517E-01  2.3312405E-01  1.3528563E-01 0.000 0.511 1.000 1.000 1.000 1.000 1.000 1.000 1.000 1.000 1.000 1.000 1.000 1.000 1.000 1.000 1.000 1.000 1.000 1.000 1.000 1.000 1.000 1.000 1.000 1.000 1.000 1.000 1.000 1.000 1.000 1.000 1.000 1.000 1.000 1.000 1.000 1.000 1.000 1.000  5.6474400560E-01   0.68900   1.00000   0.00000   0.00000   0.7376571E-02
  1944  2.961005782742782E+06  29.329967  5.184224  4.577233  0.7155077E+00  0.2704415E+00  3.3081425E-05  2.1267395E-03  9.3191191E-05  1.4998009E-03  5.9963384E-03  3.3273626E-06  1.2377689E-05  2.0939282E-03  1.5164221E-04  0.5069    4.577233  -6.498  0.574274  7.602417  0.4940456E+00  0.4922886E+00  2.7832167E-08  7.1926437E-05  1.9689956E-05  8.9516832E-03  3.2512755E-04  8.0124570E-07  2.4662246E-09  2.0615305E-03  1.5344927E-06  1.848E-10  9.036E-17  1.807E+11  5.256E+12  4.300E+01  5.676E+06  0.54010600  3.795E-05  4.499E-05  9.524E-01  2.097E-07  1.204E-05  1.052E+00  362   14.8791  9.37E-03 2.6872E+01 4.0156E+01    6.49E+02 0.00E+00 2.46E+02  0.540564  0.137416 6.49E+02 0.00E+00 2.45E+02  0.540106  0.137415  0.0000000E+00  0.0000000E+00  8.7284776E-05  1.1766365E+00  4.9683093E-01  1.0520491E-03 -5.9376319E-01  2.3275322E-01  1.3550222E-01 0.000 0.511 1.000 1.000 1.000 1.000 1.000 1.000 1.000 1.000 1.000 1.000 1.000 1.000 1.000 1.000 1.000 1.000 1.000 1.000 1.000 1.000 1.000 1.000 1.000 1.000 1.000 1.000 1.000 1.000 1.000 1.000 1.000 1.000 1.000 1.000 1.000 1.000 1.000 1.000  5.6313099900E-01   0.68617   1.00000   0.00000   0.00000   0.7312224E-02
  1961  2.984649634540856E+06  29.322425  5.185583  4.577038  0.7153365E+00  0.2706130E+00  3.2935383E-05  2.1196734E-03  9.3834083E-05  1.5165002E-03  5.9859254E-03  3.3324061E-06  1.2342472E-05  2.0939002E-03  1.5128597E-04  0.5067    4.577038  -6.495  0.574492  7.602636  0.4920795E+00  0.4942548E+00  2.8269827E-08  7.1796920E-05  1.9655464E-05  8.9527014E-03  3.2417904E-04  8.0069822E-07  2.5744108E-09  2.0612555E-03  1.5585734E-06  1.907E-10  9.332E-17  1.837E+11  5.395E+12  4.372E+01  5.826E+06  0.54030326  3.782E-05  4.483E-05  9.523E-01  2.125E-07  1.193E-05  1.052E+00  361   14.8791  9.37E-03 2.6770E+01 4.0007E+01    6.48E+02 0.00E+00 2.45E+02  0.540011  0.137860 6.48E+02 0.00E+00 2.45E+02  0.540303  0.137867  0.0000000E+00  0.0000000E+00  9.6603957E-05  1.1774307E+00  4.9528174E-01  1.0446475E-03 -5.9332830E-01  2.3241809E-01  1.3572803E-01 0.000 0.511 1.000 1.000 1.000 1.000 1.000 1.000 1.000 1.000 1.000 1.000 1.000 1.000 1.000 1.000 1.000 1.000 1.000 1.000 1.000 1.000 1.000 1.000 1.000 1.000 1.000 1.000 1.000 1.000 1.000 1.000 1.000 1.000 1.000 1.000 1.000 1.000 1.000 1.000  5.6155475745E-01   0.68345   1.00000   0.00000   0.00000   0.7254953E-02
  1977  3.007768067410082E+06  29.315004  5.186897  4.576803  0.7151603E+00  0.2707895E+00  3.2789226E-05  2.1125712E-03  9.4471088E-05  1.5333885E-03  5.9753521E-03  3.3372471E-06  1.2307030E-05  2.0938714E-03  1.5092657E-04  0.5065    4.576803  -6.492  0.574645  7.602830  0.4901570E+00  0.4961774E+00  2.7953034E-08  7.1850160E-05  1.9670276E-05  8.9533590E-03  3.2334082E-04  7.9770629E-07  2.5770957E-09  2.0609863E-03  1.5812474E-06  1.905E-10  9.322E-17  1.832E+11  5.385E+12  4.359E+01  5.816E+06  0.54023606  3.766E-05  4.468E-05  9.523E-01  2.155E-07  1.182E-05  1.052E+00  361   14.8791  9.37E-03 2.6677E+01 3.9870E+01    6.47E+02 0.00E+00 2.45E+02  0.540079  0.138299 6.47E+02 0.00E+00 2.45E+02  0.540236  0.138305  0.0000000E+00  0.0000000E+00  9.7334563E-05  1.1783138E+00  4.9382231E-01  1.0381549E-03 -5.9287497E-01  2.3207832E-01  1.3594258E-01 0.000 0.511 1.000 1.000 1.000 1.000 1.000 1.000 1.000 1.000 1.000 1.000 1.000 1.000 1.000 1.000 1.000 1.000 1.000 1.000 1.000 1.000 1.000 1.000 1.000 1.000 1.000 1.000 1.000 1.000 1.000 1.000 1.000 1.000 1.000 1.000 1.000 1.000 1.000 1.000  5.6000220826E-01   0.68078   1.00000   0.00000   0.00000   0.7195707E-02
  1993  3.030886500279307E+06  29.307537  5.188221  4.576579  0.7149848E+00  0.2709653E+00  3.2647570E-05  2.1056586E-03  9.5082314E-05  1.5499250E-03  5.9649588E-03  3.3417408E-06  1.2272491E-05  2.0938429E-03  1.5057549E-04  0.5063    4.576579  -6.490  0.574799  7.603025  0.4882365E+00  0.4980979E+00  2.7661016E-08  7.1905104E-05  1.9685630E-05  8.9539336E-03  3.2259443E-04  7.9459037E-07  2.5931829E-09  2.0607169E-03  1.6035446E-06  1.901E-10  9.301E-17  1.827E+11  5.380E+12  4.349E+01  5.811E+06  0.54029240  3.752E-05  4.452E-05  9.523E-01  2.181E-07  1.172E-05  1.052E+00  360   14.8791  9.37E-03 2.6582E+01 3.9729E+01    6.46E+02 0.00E+00 2.44E+02  0.539928  0.138742 6.46E+02 0.00E+00 2.44E+02  0.540292  0.138749  0.0000000E+00  0.0000000E+00  9.8023590E-05  1.1791891E+00  4.9233317E-01  1.0309876E-03 -5.9242186E-01  2.3173846E-01  1.3615835E-01 0.000 0.511 1.000 1.000 1.000 1.000 1.000 1.000 1.000 1.000 1.000 1.000 1.000 1.000 1.000 1.000 1.000 1.000 1.000 1.000 1.000 1.000 1.000 1.000 1.000 1.000 1.000 1.000 1.000 1.000 1.000 1.000 1.000 1.000 1.000 1.000 1.000 1.000 1.000 1.000  5.5843844012E-01   0.67811   1.00000   0.00000   0.00000   0.7137823E-02
  2009  3.054004933148533E+06  29.300022  5.189548  4.576354  0.7148052E+00  0.2711452E+00  3.2506533E-05  2.0987478E-03  9.5684787E-05  1.5665543E-03  5.9544678E-03  3.3460202E-06  1.2237918E-05  2.0938138E-03  1.5022325E-04  0.5061    4.576354  -6.487  0.574955  7.603221  0.4863159E+00  0.5000185E+00  2.7367127E-08  7.1959587E-05  1.9700832E-05  8.9544592E-03  3.2190485E-04  7.9162622E-07  2.6074500E-09  2.0604472E-03  1.6249840E-06  1.899E-10  9.290E-17  1.822E+11  5.374E+12  4.338E+01  5.804E+06  0.54004569  3.735E-05  4.437E-05  9.524E-01  2.208E-07  1.161E-05  1.052E+00  360   14.8791  9.37E-03 2.6487E+01 3.9591E+01    6.45E+02 0.00E+00 2.44E+02  0.539811  0.139188 6.45E+02 0.00E+00 2.44E+02  0.540046  0.139195  0.0000000E+00  0.0000000E+00  9.8729175E-05  1.1800608E+00  4.9085517E-01  1.0239027E-03 -5.9196837E-01  2.3139792E-01  1.3637483E-01 0.000 0.511 1.000 1.000 1.000 1.000 1.000 1.000 1.000 1.000 1.000 1.000 1.000 1.000 1.000 1.000 1.000 1.000 1.000 1.000 1.000 1.000 1.000 1.000 1.000 1.000 1.000 1.000 1.000 1.000 1.000 1.000 1.000 1.000 1.000 1.000 1.000 1.000 1.000 1.000  5.5686320352E-01   0.67544   1.00000   0.00000   0.00000   0.7079961E-02
  2026  3.077845817044922E+06  29.292224  5.190906  4.576083  0.7146163E+00  0.2713345E+00  3.2362181E-05  2.0916455E-03  9.6295089E-05  1.5837448E-03  5.9435825E-03  3.3501986E-06  1.2202342E-05  2.0937832E-03  1.4985996E-04  0.5059    4.576083  -6.484  0.575025  7.603393  0.4843368E+00  0.5019978E+00  2.6162175E-08  7.2257572E-05  1.9783874E-05  8.9545968E-03  3.2125568E-04  7.8328980E-07  2.5164430E-09  2.0601689E-03  1.6467612E-06  1.824E-10  8.919E-17  1.774E+11  5.182E+12  4.222E+01  5.597E+06  0.53968618  3.716E-05  4.421E-05  9.524E-01  2.234E-07  1.151E-05  1.052E+00  359   14.8791  9.37E-03 2.6393E+01 3.9452E+01    6.45E+02 0.00E+00 2.44E+02  0.540134  0.139655 6.44E+02 0.00E+00 2.43E+02  0.539686  0.139652  0.0000000E+00  0.0000000E+00  8.9622224E-05  1.1811190E+00  4.8935931E-01  1.0166250E-03 -5.9145925E-01  2.3102988E-01  1.3658894E-01 0.000 0.511 1.000 1.000 1.000 1.000 1.000 1.000 1.000 1.000 1.000 1.000 1.000 1.000 1.000 1.000 1.000 1.000 1.000 1.000 1.000 1.000 1.000 1.000 1.000 1.000 1.000 1.000 1.000 1.000 1.000 1.000 1.000 1.000 1.000 1.000 1.000 1.000 1.000 1.000  5.5522676132E-01   0.67269   1.00000   0.00000   0.00000   0.7017605E-02
  2043  3.101513312694793E+06  29.284431  5.192308  4.575866  0.7144196E+00  0.2715316E+00  3.2215905E-05  2.0844184E-03  9.6906906E-05  1.6013411E-03  5.9323985E-03  3.3542229E-06  1.2166093E-05  2.0937515E-03  1.4948894E-04  0.5052    4.575866  -6.481  0.575334  7.603646  0.4821234E+00  0.5042116E+00  2.3671411E-08  7.1951045E-05  1.9694116E-05  8.9585466E-03  3.1726581E-04  7.7936676E-07  1.0536170E-09  2.0598568E-03  1.5917795E-06  1.856E-10  9.081E-17  1.816E+11  5.343E+12  4.321E+01  5.771E+06  0.53998288  3.703E-05  4.406E-05  9.524E-01  2.262E-07  1.141E-05  1.052E+00  362   14.7438  9.37E-03 2.6294E+01 3.9307E+01    6.43E+02 0.00E+00 2.43E+02  0.539636  0.140119 6.44E+02 0.00E+00 2.43E+02  0.539983  0.140125  0.0000000E+00  0.0000000E+00  9.9222824E-05  1.1820662E+00  4.8775830E-01  1.0096291E-03 -5.9099876E-01  2.3067846E-01  1.3682062E-01 0.000 0.508 1.000 1.000 1.000 1.000 1.000 1.000 1.000 1.000 1.000 1.000 1.000 1.000 1.000 1.000 1.000 1.000 1.000 1.000 1.000 1.000 1.000 1.000 1.000 1.000 1.000 1.000 1.000 1.000 1.000 1.000 1.000 1.000 1.000 1.000 1.000 1.000 1.000 1.000  5.5358988940E-01   0.66968   1.00000   0.00000   0.00000   0.6961457E-02
  2060  3.125831014269112E+06  29.276374  5.193688  4.575588  0.7142122E+00  0.2717393E+00  3.2065955E-05  2.0769791E-03  9.7527206E-05  1.6195617E-03  5.9207751E-03  3.3581315E-06  1.2128731E-05  2.0937181E-03  1.4910563E-04  0.5053    4.575588  -6.478  0.575513  7.603847  0.4800572E+00  0.5062779E+00  2.5884622E-08  7.2154167E-05  1.9754971E-05  8.9591963E-03  3.1618160E-04  7.7333255E-07  2.3937471E-09  2.0595654E-03  1.6188114E-06  1.845E-10  9.027E-17  1.791E+11  5.241E+12  4.262E+01  5.660E+06  0.53908922  3.680E-05  4.392E-05  9.525E-01  2.290E-07  1.131E-05  1.052E+00  362   14.8116  9.37E-03 2.6204E+01 3.9176E+01    6.43E+02 0.00E+00 2.43E+02  0.539604  0.140595 6.42E+02 0.00E+00 2.42E+02  0.539089  0.140593  0.0000000E+00  0.0000000E+00  1.0000395E-04  1.1831545E+00  4.8624993E-01  1.0023809E-03 -5.9048335E-01  2.3029978E-01  1.3704848E-01 0.000 0.508 1.000 1.000 1.000 1.000 1.000 1.000 1.000 1.000 1.000 1.000 1.000 1.000 1.000 1.000 1.000 1.000 1.000 1.000 1.000 1.000 1.000 1.000 1.000 1.000 1.000 1.000 1.000 1.000 1.000 1.000 1.000 1.000 1.000 1.000 1.000 1.000 1.000 1.000  5.5189591526E-01   0.66674   1.00000   0.00000   0.00000   0.6899114E-02
  2077  3.150148715843431E+06  29.268263  5.195094  4.575364  0.7140076E+00  0.2719443E+00  3.1921992E-05  2.0698073E-03  9.8116084E-05  1.6372301E-03  5.9094634E-03  3.3616754E-06  1.2092665E-05  2.0936853E-03  1.4873478E-04  0.5050    4.575364  -6.476  0.575692  7.604060  0.4779546E+00  0.5083807E+00  2.5574960E-08  7.2218078E-05  1.9772947E-05  8.9603791E-03  3.1472674E-04  7.6839731E-07  2.4026315E-09  2.0592684E-03  1.6356027E-06  1.845E-10  9.026E-17  1.786E+11  5.235E+12  4.251E+01  5.653E+06  0.53925845  3.666E-05  4.375E-05  9.525E-01  2.315E-07  1.120E-05  1.052E+00  361   14.8116  9.37E-03 2.6101E+01 3.9023E+01    6.42E+02 0.00E+00 2.42E+02  0.539030  0.141064 6.42E+02 0.00E+00 2.42E+02  0.539258  0.141071  0.0000000E+00  0.0000000E+00  1.0063465E-04  1.1841569E+00  4.8459669E-01  9.9462656E-04 -5.8998514E-01  2.2992936E-01  1.3728060E-01 0.000 0.508 1.000 1.000 1.000 1.000 1.000 1.000 1.000 1.000 1.000 1.000 1.000 1.000 1.000 1.000 1.000 1.000 1.000 1.000 1.000 1.000 1.000 1.000 1.000 1.000 1.000 1.000 1.000 1.000 1.000 1.000 1.000 1.000 1.000 1.000 1.000 1.000 1.000 1.000  5.5018992775E-01   0.66383   1.00000   0.00000   0.00000   0.6842948E-02
  2094  3.174037281507615E+06  29.260244  5.196504  4.575070  0.7137951E+00  0.2721573E+00  3.1776445E-05  2.0625274E-03  9.8704719E-05  1.6552678E-03  5.8978746E-03  3.3650491E-06  1.2056007E-05  2.0936512E-03  1.4835701E-04  0.5049    4.575070  -6.473  0.575851  7.604253  0.4758084E+00  0.5105271E+00  2.4304426E-08  7.2493417E-05  1.9848050E-05  8.9620650E-03  3.1235067E-04  7.5747625E-07  2.2197602E-09  2.0589647E-03  1.6317150E-06  1.758E-10  8.592E-17  1.738E+11  5.020E+12  4.136E+01  5.422E+06  0.53861568  3.644E-05  4.360E-05  9.526E-01  2.341E-07  1.111E-05  1.052E+00  362   14.7438  9.37E-03 2.6008E+01 3.8887E+01    6.41E+02 0.00E+00 2.42E+02  0.539111  0.141553 6.40E+02 0.00E+00 2.41E+02  0.538616  0.141551  0.0000000E+00  0.0000000E+00  9.1320481E-05  1.1854199E+00  4.8308057E-01  9.8783104E-04 -5.8944100E-01  2.2954136E-01  1.3749802E-01 0.000 0.507 1.000 1.000 1.000 1.000 1.000 1.000 1.000 1.000 1.000 1.000 1.000 1.000 1.000 1.000 1.000 1.000 1.000 1.000 1.000 1.000 1.000 1.000 1.000 1.000 1.000 1.000 1.000 1.000 1.000 1.000 1.000 1.000 1.000 1.000 1.000 1.000 1.000 1.000  5.4850179708E-01   0.66084   1.00000   0.00000   0.00000   0.6780889E-02
  2111  3.197210620654907E+06  29.252414  5.197859  4.574864  0.7135879E+00  0.2723648E+00  3.1638270E-05  2.0555891E-03  9.9257256E-05  1.6725550E-03  5.8867307E-03  3.3680572E-06  1.2021023E-05  2.0936182E-03  1.4799572E-04  0.5046    4.574864  -6.470  0.576087  7.604478  0.4737834E+00  0.5125522E+00  2.4780839E-08  7.2370847E-05  1.9815725E-05  8.9634922E-03  3.1092405E-04  7.5557932E-07  2.3660971E-09  2.0586780E-03  1.6497228E-06  1.820E-10  8.899E-17  1.772E+11  5.173E+12  4.217E+01  5.587E+06  0.53878323  3.631E-05  4.344E-05  9.526E-01  2.364E-07  1.101E-05  1.052E+00  361   14.7438  9.37E-03 2.5907E+01 3.8740E+01    6.40E+02 0.00E+00 2.41E+02  0.538559  0.142007 6.40E+02 0.00E+00 2.41E+02  0.538783  0.142014  0.0000000E+00  0.0000000E+00  1.0106598E-04  1.1862925E+00  4.8148740E-01  9.8047826E-04 -5.8898628E-01  2.2919475E-01  1.3772663E-01 0.000 0.507 1.000 1.000 1.000 1.000 1.000 1.000 1.000 1.000 1.000 1.000 1.000 1.000 1.000 1.000 1.000 1.000 1.000 1.000 1.000 1.000 1.000 1.000 1.000 1.000 1.000 1.000 1.000 1.000 1.000 1.000 1.000 1.000 1.000 1.000 1.000 1.000 1.000 1.000  5.4685275117E-01   0.65803   1.00000   0.00000   0.00000   0.6727819E-02
  2128  3.221285145213482E+06  29.244228  5.199254  4.574580  0.7133612E+00  0.2725920E+00  3.1490963E-05  2.0481636E-03  9.9839542E-05  1.6911583E-03  5.8746987E-03  3.3710561E-06  1.1983534E-05  2.0935820E-03  1.4760774E-04  0.5043    4.574580  -6.467  0.576267  7.604690  0.4716971E+00  0.5146387E+00  2.4566056E-08  7.2437126E-05  1.9834333E-05  8.9643846E-03  3.0979616E-04  7.5174568E-07  2.4230085E-09  2.0583821E-03  1.6740377E-06  1.819E-10  8.898E-17  1.771E+11  5.181E+12  4.215E+01  5.595E+06  0.53806167  3.610E-05  4.329E-05  9.527E-01  2.391E-07  1.091E-05  1.052E+00  360   14.7438  9.37E-03 2.5814E+01 3.8603E+01    6.39E+02 0.00E+00 2.41E+02  0.538618  0.142494 6.39E+02 0.00E+00 2.40E+02  0.538062  0.142492  0.0000000E+00  0.0000000E+00  1.0188830E-04  1.1872913E+00  4.7994731E-01  9.7329544E-04 -5.8848827E-01  2.2882396E-01  1.3795725E-01 0.000 0.508 1.000 1.000 1.000 1.000 1.000 1.000 1.000 1.000 1.000 1.000 1.000 1.000 1.000 1.000 1.000 1.000 1.000 1.000 1.000 1.000 1.000 1.000 1.000 1.000 1.000 1.000 1.000 1.000 1.000 1.000 1.000 1.000 1.000 1.000 1.000 1.000 1.000 1.000  5.4512732620E-01   0.65513   1.00000   0.00000   0.00000   0.6666528E-02
  2145  3.245359669772056E+06  29.235988  5.200672  4.574328  0.7131311E+00  0.2728226E+00  3.1345365E-05  2.0407952E-03  1.0040816E-04  1.7097221E-03  5.8626522E-03  3.3738087E-06  1.1946284E-05  2.0935455E-03  1.4722140E-04  0.5041    4.574328  -6.464  0.576453  7.604905  0.4696212E+00  0.5167146E+00  2.4276240E-08  7.2498125E-05  1.9851440E-05  8.9650850E-03  3.0889619E-04  7.4822200E-07  2.4335198E-09  2.0580874E-03  1.7002413E-06  1.818E-10  8.890E-17  1.766E+11  5.173E+12  4.204E+01  5.586E+06  0.53842299  3.597E-05  4.312E-05  9.527E-01  2.416E-07  1.081E-05  1.052E+00  359   14.7438  9.37E-03 2.5707E+01 3.8446E+01    6.38E+02 0.00E+00 2.40E+02  0.538035  0.142972 6.38E+02 0.00E+00 2.40E+02  0.538423  0.142979  0.0000000E+00  0.0000000E+00  1.0253139E-04  1.1882502E+00  4.7823325E-01  9.6546485E-04 -5.8799698E-01  2.2845611E-01  1.3819100E-01 0.000 0.508 1.000 1.000 1.000 1.000 1.000 1.000 1.000 1.000 1.000 1.000 1.000 1.000 1.000 1.000 1.000 1.000 1.000 1.000 1.000 1.000 1.000 1.000 1.000 1.000 1.000 1.000 1.000 1.000 1.000 1.000 1.000 1.000 1.000 1.000 1.000 1.000 1.000 1.000  5.4338937795E-01   0.65225   1.00000   0.00000   0.00000   0.6609561E-02
  2162  3.269434194330630E+06  29.227694  5.202082  4.574011  0.7128951E+00  0.2730591E+00  3.1199972E-05  2.0334086E-03  1.0096904E-04  1.7284349E-03  5.8504695E-03  3.3763472E-06  1.1908891E-05  2.0935080E-03  1.4683276E-04  0.5040    4.574011  -6.461  0.576636  7.605118  0.4675555E+00  0.5187804E+00  2.4070454E-08  7.2562673E-05  1.9869556E-05  8.9655983E-03  3.0820364E-04  7.4517104E-07  2.4928614E-09  2.0577936E-03  1.7277536E-06  1.815E-10  8.878E-17  1.766E+11  5.181E+12  4.202E+01  5.596E+06  0.53787648  3.576E-05  4.296E-05  9.528E-01  2.441E-07  1.071E-05  1.052E+00  359   14.7438  9.37E-03 2.5610E+01 3.8303E+01    6.37E+02 0.00E+00 2.40E+02  0.538394  0.143467 6.36E+02 0.00E+00 2.40E+02  0.537876  0.143465  0.0000000E+00  0.0000000E+00  1.0345075E-04  1.1892158E+00  4.7664678E-01  9.5875025E-04 -5.8750338E-01  2.2808638E-01  1.3842329E-01 0.000 0.508 1.000 1.000 1.000 1.000 1.000 1.000 1.000 1.000 1.000 1.000 1.000 1.000 1.000 1.000 1.000 1.000 1.000 1.000 1.000 1.000 1.000 1.000 1.000 1.000 1.000 1.000 1.000 1.000 1.000 1.000 1.000 1.000 1.000 1.000 1.000 1.000 1.000 1.000  5.4163821394E-01   0.64939   1.00000   0.00000   0.00000   0.6545517E-02
  2180  3.293650333739549E+06  29.219298  5.203513  4.573712  0.7126542E+00  0.2733004E+00  3.1055422E-05  2.0260365E-03  1.0151975E-04  1.7472129E-03  5.8382054E-03  3.3786622E-06  1.1871521E-05  2.0934699E-03  1.4644356E-04  0.5038    4.573712  -6.459  0.576729  7.605303  0.4654831E+00  0.5208529E+00  2.2922287E-08  7.2878684E-05  1.9958449E-05  8.9656525E-03  3.0761919E-04  7.3616580E-07  2.3894532E-09  2.0574985E-03  1.7549590E-06  1.746E-10  8.533E-17  1.716E+11  4.979E+12  4.084E+01  5.377E+06  0.53766822  3.557E-05  4.279E-05  9.528E-01  2.464E-07  1.061E-05  1.052E+00  358   14.7438  9.37E-03 2.5507E+01 3.8152E+01    6.36E+02 0.00E+00 2.39E+02  0.538158  0.143962 6.35E+02 0.00E+00 2.39E+02  0.537668  0.143960  0.0000000E+00  0.0000000E+00  9.3792155E-05  1.1903340E+00  4.7497627E-01  9.5104499E-04 -5.8696763E-01  2.2769943E-01  1.3864925E-01 0.000 0.508 1.000 1.000 1.000 1.000 1.000 1.000 1.000 1.000 1.000 1.000 1.000 1.000 1.000 1.000 1.000 1.000 1.000 1.000 1.000 1.000 1.000 1.000 1.000 1.000 1.000 1.000 1.000 1.000 1.000 1.000 1.000 1.000 1.000 1.000 1.000 1.000 1.000 1.000  5.3986340814E-01   0.64650   1.00000   0.00000   0.00000   0.6485459E-02
  2197  3.317356659687227E+06  29.211023  5.204936  4.573496  0.7124138E+00  0.2735412E+00  3.0914856E-05  2.0188407E-03  1.0204861E-04  1.7656397E-03  5.8261337E-03  3.3807137E-06  1.1834996E-05  2.0934320E-03  1.4606240E-04  0.5036    4.573496  -6.456  0.577007  7.605547  0.4634565E+00  0.5228795E+00  2.3416537E-08  7.2704092E-05  1.9909155E-05  8.9663195E-03  3.0714693E-04  7.3930021E-07  2.4977889E-09  2.0572095E-03  1.7805351E-06  1.804E-10  8.820E-17  1.751E+11  5.144E+12  4.168E+01  5.556E+06  0.53797293  3.545E-05  4.262E-05  9.528E-01  2.487E-07  1.051E-05  1.052E+00  357   14.7438  9.37E-03 2.5400E+01 3.7994E+01    6.34E+02 0.00E+00 2.39E+02  0.537578  0.144446 6.35E+02 0.00E+00 2.39E+02  0.537973  0.144453  0.0000000E+00  0.0000000E+00  1.0382816E-04  1.1910822E+00  4.7326688E-01  9.4349517E-04 -5.8652682E-01  2.2735289E-01  1.3889171E-01 0.000 0.508 1.000 1.000 1.000 1.000 1.000 1.000 1.000 1.000 1.000 1.000 1.000 1.000 1.000 1.000 1.000 1.000 1.000 1.000 1.000 1.000 1.000 1.000 1.000 1.000 1.000 1.000 1.000 1.000 1.000 1.000 1.000 1.000 1.000 1.000 1.000 1.000 1.000 1.000  5.3811279035E-01   0.64369   1.00000   0.00000   0.00000   0.6431161E-02
  2214  3.341190439000214E+06  29.202649  5.206354  4.573218  0.7121607E+00  0.2737949E+00  3.0770523E-05  2.0114248E-03  1.0258477E-04  1.7847297E-03  5.8135899E-03  3.3826160E-06  1.1797304E-05  2.0933922E-03  1.4566827E-04  0.5034    4.573218  -6.453  0.577196  7.605761  0.4614214E+00  0.5249145E+00  2.3193468E-08  7.2764630E-05  1.9926082E-05  8.9665735E-03  3.0675677E-04  7.3710366E-07  2.5387676E-09  2.0569189E-03  1.8057962E-06  1.800E-10  8.800E-17  1.749E+11  5.147E+12  4.162E+01  5.558E+06  0.53720144  3.524E-05  4.247E-05  9.529E-01  2.511E-07  1.042E-05  1.052E+00  356   14.7438  9.37E-03 2.5302E+01 3.7850E+01    6.34E+02 0.00E+00 2.38E+02  0.537739  0.144948 6.33E+02 0.00E+00 2.38E+02  0.537201  0.144945  0.0000000E+00  0.0000000E+00  1.0471649E-04  1.1920031E+00  4.7167452E-01  9.3631432E-04 -5.8604122E-01  2.2698694E-01  1.3912525E-01 0.000 0.508 1.000 1.000 1.000 1.000 1.000 1.000 1.000 1.000 1.000 1.000 1.000 1.000 1.000 1.000 1.000 1.000 1.000 1.000 1.000 1.000 1.000 1.000 1.000 1.000 1.000 1.000 1.000 1.000 1.000 1.000 1.000 1.000 1.000 1.000 1.000 1.000 1.000 1.000  5.3633955097E-01   0.64086   1.00000   0.00000   0.00000   0.6371660E-02
  2231  3.365024218313202E+06  29.194219  5.207792  4.572982  0.7119093E+00  0.2740468E+00  3.0630762E-05  2.0042175E-03  1.0309724E-04  1.8033791E-03  5.8012994E-03  3.3842604E-06  1.1760622E-05  2.0933527E-03  1.4528396E-04  0.5033    4.572982  -6.450  0.577392  7.605979  0.4593848E+00  0.5269511E+00  2.2912673E-08  7.2821712E-05  1.9942044E-05  8.9668118E-03  3.0639035E-04  7.3494672E-07  2.5426388E-09  2.0566276E-03  1.8295143E-06  1.795E-10  8.779E-17  1.744E+11  5.137E+12  4.150E+01  5.548E+06  0.53750383  3.511E-05  4.229E-05  9.529E-01  2.533E-07  1.032E-05  1.052E+00  356   14.7438  9.37E-03 2.5193E+01 3.7689E+01    6.32E+02 0.00E+00 2.38E+02  0.537278  0.145439 6.33E+02 0.00E+00 2.38E+02  0.537504  0.145446  0.0000000E+00  0.0000000E+00  1.0541578E-04  1.1929038E+00  4.6992948E-01  9.2914064E-04 -5.8555819E-01  2.2662194E-01  1.3936170E-01 0.000 0.509 1.000 1.000 1.000 1.000 1.000 1.000 1.000 1.000 1.000 1.000 1.000 1.000 1.000 1.000 1.000 1.000 1.000 1.000 1.000 1.000 1.000 1.000 1.000 1.000 1.000 1.000 1.000 1.000 1.000 1.000 1.000 1.000 1.000 1.000 1.000 1.000 1.000 1.000  5.3455315999E-01   0.63804   1.00000   0.00000   0.00000   0.6316883E-02
  2248  3.388857997626190E+06  29.185732  5.209224  4.572710  0.7116461E+00  0.2743105E+00  3.0488095E-05  1.9968338E-03  1.0361353E-04  1.8225829E-03  5.7886071E-03  3.3857385E-06  1.1722992E-05  2.0933114E-03  1.4488897E-04  0.5031    4.572710  -6.447  0.577584  7.606196  0.4573486E+00  0.5289874E+00  2.2668320E-08  7.2880641E-05  1.9958496E-05  8.9670083E-03  3.0606850E-04  7.3288275E-07  2.5677032E-09  2.0563358E-03  1.8526024E-06  1.793E-10  8.768E-17  1.740E+11  5.134E+12  4.140E+01  5.544E+06  0.53676090  3.490E-05  4.213E-05  9.530E-01  2.556E-07  1.023E-05  1.052E+00  355   14.7438  9.37E-03 2.5096E+01 3.7546E+01    6.32E+02 0.00E+00 2.37E+02  0.537322  0.145949 6.31E+02 0.00E+00 2.37E+02  0.536761  0.145947  0.0000000E+00  0.0000000E+00  1.0629797E-04  1.1938108E+00  4.6832761E-01  9.2200704E-04 -5.8507261E-01  2.2625483E-01  1.3959729E-01 0.000 0.509 1.000 1.000 1.000 1.000 1.000 1.000 1.000 1.000 1.000 1.000 1.000 1.000 1.000 1.000 1.000 1.000 1.000 1.000 1.000 1.000 1.000 1.000 1.000 1.000 1.000 1.000 1.000 1.000 1.000 1.000 1.000 1.000 1.000 1.000 1.000 1.000 1.000 1.000  5.3275316272E-01   0.63520   1.00000   0.00000   0.00000   0.6258272E-02
  2266  3.412621677588261E+06  29.177214  5.210693  4.572426  0.7113832E+00  0.2745740E+00  3.0349031E-05  1.9896110E-03  1.0411007E-04  1.8414633E-03  5.7760933E-03  3.3869845E-06  1.1686133E-05  2.0932703E-03  1.4450133E-04  0.5029    4.572426  -6.444  0.577848  7.606427  0.4551625E+00  0.5311737E+00  2.1625997E-08  7.2948550E-05  1.9977379E-05  8.9688550E-03  3.0385168E-04  7.2507991E-07  2.2056386E-09  2.0560222E-03  1.8335010E-06  1.736E-10  8.492E-17  1.707E+11  4.951E+12  4.062E+01  5.347E+06  0.53664651  3.473E-05  4.198E-05  9.530E-01  2.577E-07  1.014E-05  1.052E+00  352   14.6757  9.37E-03 2.4996E+01 3.7400E+01    6.31E+02 0.00E+00 2.37E+02  0.537177  0.146464 6.30E+02 0.00E+00 2.37E+02  0.536647  0.146462  0.0000000E+00  0.0000000E+00  1.0606259E-04  1.1949184E+00  4.6662274E-01  9.1436129E-04 -5.8455437E-01  2.2587229E-01  1.3983134E-01 0.000 0.505 1.000 1.000 1.000 1.000 1.000 1.000 1.000 1.000 1.000 1.000 1.000 1.000 1.000 1.000 1.000 1.000 1.000 1.000 1.000 1.000 1.000 1.000 1.000 1.000 1.000 1.000 1.000 1.000 1.000 1.000 1.000 1.000 1.000 1.000 1.000 1.000 1.000 1.000  5.3094497477E-01   0.63217   1.00000   0.00000   0.00000   0.6200190E-02
  2283  3.436217119108123E+06  29.168700  5.212098  4.572183  0.7111164E+00  0.2748412E+00  3.0211367E-05  1.9824362E-03  1.0459508E-04  1.8603104E-03  5.7635676E-03  3.3880291E-06  1.1649470E-05  2.0932286E-03  1.4411505E-04  0.5026    4.572183  -6.441  0.578055  7.606648  0.4530342E+00  0.5333022E+00  2.1581265E-08  7.3017655E-05  1.9996506E-05  8.9700699E-03  3.0235074E-04  7.2114019E-07  2.3239720E-09  2.0557165E-03  1.8389997E-06  1.746E-10  8.538E-17  1.713E+11  4.993E+12  4.078E+01  5.393E+06  0.53663808  3.458E-05  4.181E-05  9.530E-01  2.597E-07  1.005E-05  1.052E+00  356   14.6757  9.37E-03 2.4892E+01 3.7247E+01    6.29E+02 0.00E+00 2.36E+02  0.536522  0.146948 6.29E+02 0.00E+00 2.36E+02  0.536638  0.146956  0.0000000E+00  0.0000000E+00  1.0669679E-04  1.1959429E+00  4.6489162E-01  9.0727487E-04 -5.8404660E-01  2.2549478E-01  1.4006792E-01 0.000 0.505 1.000 1.000 1.000 1.000 1.000 1.000 1.000 1.000 1.000 1.000 1.000 1.000 1.000 1.000 1.000 1.000 1.000 1.000 1.000 1.000 1.000 1.000 1.000 1.000 1.000 1.000 1.000 1.000 1.000 1.000 1.000 1.000 1.000 1.000 1.000 1.000 1.000 1.000  5.2913662480E-01   0.62922   1.00000   0.00000   0.00000   0.6148646E-02
  2300  3.459812560627984E+06  29.160130  5.213514  4.571917  0.7108345E+00  0.2751237E+00  3.0069371E-05  1.9750099E-03  1.0508845E-04  1.8799142E-03  5.7505037E-03  3.3889093E-06  1.1611471E-05  2.0931847E-03  1.4371396E-04  0.5024    4.571917  -6.438  0.578257  7.606868  0.4509391E+00  0.5353973E+00  2.1429249E-08  7.3087820E-05  2.0016351E-05  8.9708415E-03  3.0135412E-04  7.1736259E-07  2.4004879E-09  2.0554151E-03  1.8570560E-06  1.746E-10  8.537E-17  1.713E+11  5.009E+12  4.078E+01  5.409E+06  0.53561363  3.435E-05  4.166E-05  9.532E-01  2.620E-07  9.965E-06  1.052E+00  355   14.6757  9.37E-03 2.4799E+01 3.7110E+01    6.29E+02 0.00E+00 2.36E+02  0.536168  0.147458 6.28E+02 0.00E+00 2.35E+02  0.535614  0.147455  0.0000000E+00  0.0000000E+00  1.0748031E-04  1.1969396E+00  4.6327967E-01  9.0015823E-04 -5.8354314E-01  2.2511890E-01  1.4030395E-01 0.000 0.506 1.000 1.000 1.000 1.000 1.000 1.000 1.000 1.000 1.000 1.000 1.000 1.000 1.000 1.000 1.000 1.000 1.000 1.000 1.000 1.000 1.000 1.000 1.000 1.000 1.000 1.000 1.000 1.000 1.000 1.000 1.000 1.000 1.000 1.000 1.000 1.000 1.000 1.000  5.2731589470E-01   0.62630   1.00000   0.00000   0.00000   0.6093647E-02
  2317  3.483408002147846E+06  29.151503  5.214969  4.571656  0.7105589E+00  0.2753998E+00  2.9933898E-05  1.9679005E-03  1.0555258E-04  1.8987726E-03  5.7379033E-03  3.3895621E-06  1.1575044E-05  2.0931419E-03  1.4332877E-04  0.5021    4.571656  -6.436  0.578560  7.607113  0.4486989E+00  0.5376378E+00  2.0375073E-08  7.3117163E-05  2.0022799E-05  8.9731145E-03  2.9871568E-04  7.1082693E-07  2.0080285E-09  2.0550925E-03  1.8368944E-06  1.721E-10  8.414E-17  1.674E+11  4.819E+12  3.984E+01  5.205E+06  0.53583911  3.422E-05  4.150E-05  9.532E-01  2.638E-07  9.884E-06  1.052E+00  355   14.6073  9.37E-03 2.4693E+01 3.6955E+01    6.27E+02 0.00E+00 2.35E+02  0.535456  0.147961 6.27E+02 0.00E+00 2.35E+02  0.535839  0.147970  0.0000000E+00  0.0000000E+00  1.0813699E-04  1.1980879E+00  4.6151089E-01  8.9235526E-04 -5.8302045E-01  2.2473204E-01  1.4054342E-01 0.000 0.503 1.000 1.000 1.000 1.000 1.000 1.000 1.000 1.000 1.000 1.000 1.000 1.000 1.000 1.000 1.000 1.000 1.000 1.000 1.000 1.000 1.000 1.000 1.000 1.000 1.000 1.000 1.000 1.000 1.000 1.000 1.000 1.000 1.000 1.000 1.000 1.000 1.000 1.000  5.2548245531E-01   0.62319   1.00000   0.00000   0.00000   0.6040959E-02
  2334  3.506587053523239E+06  29.142973  5.216361  4.571362  0.7102779E+00  0.2756814E+00  2.9798935E-05  1.9607946E-03  1.0600856E-04  1.9177097E-03  5.7252184E-03  3.3900321E-06  1.1538587E-05  2.0930983E-03  1.4294261E-04  0.5018    4.571362  -6.433  0.578678  7.607302  0.4465927E+00  0.5397442E+00  1.9952820E-08  7.3432883E-05  2.0111263E-05  8.9738304E-03  2.9737569E-04  7.0175643E-07  2.1628006E-09  2.0547887E-03  1.8542796E-06  1.649E-10  8.057E-17  1.658E+11  4.760E+12  3.945E+01  5.141E+06  0.53479028  3.399E-05  4.134E-05  9.534E-01  2.657E-07  9.800E-06  1.052E+00  355   14.6073  9.37E-03 2.4599E+01 3.6817E+01    6.26E+02 0.00E+00 2.35E+02  0.535317  0.148466 6.26E+02 0.00E+00 2.34E+02  0.534790  0.148464  0.0000000E+00  0.0000000E+00  9.8069069E-05  1.1992960E+00  4.5990750E-01  8.8517881E-04 -5.8247209E-01  2.2433946E-01  1.4076677E-01 0.000 0.504 1.000 1.000 1.000 1.000 1.000 1.000 1.000 1.000 1.000 1.000 1.000 1.000 1.000 1.000 1.000 1.000 1.000 1.000 1.000 1.000 1.000 1.000 1.000 1.000 1.000 1.000 1.000 1.000 1.000 1.000 1.000 1.000 1.000 1.000 1.000 1.000 1.000 1.000  5.2366877297E-01   0.62026   1.00000   0.00000   0.00000   0.5986530E-02
  2352  3.530446208801263E+06  29.134136  5.217816  4.571113  0.7099797E+00  0.2759803E+00  2.9659052E-05  1.9534052E-03  1.0647436E-04  1.9374954E-03  5.7119314E-03  3.3903287E-06  1.1500625E-05  2.0930521E-03  1.4253979E-04  0.5015    4.571113  -6.430  0.578963  7.607551  0.4444339E+00  0.5419031E+00  2.0340719E-08  7.3309823E-05  2.0078658E-05  8.9750395E-03  2.9619873E-04  7.0051253E-07  2.3025098E-09  2.0544769E-03  1.8756630E-06  1.708E-10  8.348E-17  1.689E+11  4.909E+12  4.020E+01  5.302E+06  0.53429028  3.380E-05  4.118E-05  9.535E-01  2.678E-07  9.713E-06  1.052E+00  355   14.6073  9.37E-03 2.4497E+01 3.6667E+01    6.25E+02 0.00E+00 2.34E+02  0.534858  0.148983 6.25E+02 0.00E+00 2.34E+02  0.534290  0.148981  0.0000000E+00  0.0000000E+00  1.0863485E-04  1.2002241E+00  4.5818600E-01  8.7835581E-04 -5.8198169E-01  2.2396405E-01  1.4101542E-01 0.000 0.504 1.000 1.000 1.000 1.000 1.000 1.000 1.000 1.000 1.000 1.000 1.000 1.000 1.000 1.000 1.000 1.000 1.000 1.000 1.000 1.000 1.000 1.000 1.000 1.000 1.000 1.000 1.000 1.000 1.000 1.000 1.000 1.000 1.000 1.000 1.000 1.000 1.000 1.000  5.2178955637E-01   0.61727   1.00000   0.00000   0.00000   0.5933102E-02
  2369  3.553805695905924E+06  29.125426  5.219249  4.570890  0.7096860E+00  0.2762745E+00  2.9524534E-05  1.9462760E-03  1.0691573E-04  1.9566735E-03  5.6990206E-03  3.3904317E-06  1.1463950E-05  2.0930067E-03  1.4214997E-04  0.5013    4.570890  -6.427  0.579183  7.607777  0.4423340E+00  0.5440031E+00  2.0096196E-08  7.3373883E-05  2.0096634E-05  8.9757203E-03  2.9531575E-04  6.9732480E-07  2.3150565E-09  2.0541732E-03  1.9001765E-06  1.707E-10  8.346E-17  1.685E+11  4.901E+12  4.010E+01  5.293E+06  0.53421529  3.366E-05  4.101E-05  9.535E-01  2.696E-07  9.629E-06  1.052E+00  354   14.6073  9.37E-03 2.4392E+01 3.6512E+01    6.24E+02 0.00E+00 2.33E+02  0.533968  0.149485 6.24E+02 0.00E+00 2.33E+02  0.534215  0.149493  0.0000000E+00  0.0000000E+00  1.0924694E-04  1.2012008E+00  4.5642363E-01  8.7081213E-04 -5.8148072E-01  2.2358864E-01  1.4125515E-01 0.000 0.504 1.000 1.000 1.000 1.000 1.000 1.000 1.000 1.000 1.000 1.000 1.000 1.000 1.000 1.000 1.000 1.000 1.000 1.000 1.000 1.000 1.000 1.000 1.000 1.000 1.000 1.000 1.000 1.000 1.000 1.000 1.000 1.000 1.000 1.000 1.000 1.000 1.000 1.000  5.1993714013E-01   0.61436   1.00000   0.00000   0.00000   0.5884362E-02
  2386  3.577165183010585E+06  29.116658  5.220676  4.570607  0.7093829E+00  0.2765782E+00  2.9388873E-05  1.9390632E-03  1.0735429E-04  1.9761644E-03  5.6858677E-03  3.3903550E-06  1.1426796E-05  2.0929599E-03  1.4175439E-04  0.5011    4.570607  -6.424  0.579401  7.608001  0.4402480E+00  0.5460890E+00  1.9926653E-08  7.3441216E-05  2.0115546E-05  8.9761892E-03  2.9466909E-04  6.9446864E-07  2.3723751E-09  2.0538711E-03  1.9271695E-06  1.706E-10  8.338E-17  1.684E+11  4.909E+12  4.008E+01  5.302E+06  0.53339901  3.345E-05  4.086E-05  9.537E-01  2.715E-07  9.545E-06  1.052E+00  353   14.6073  9.37E-03 2.4294E+01 3.6368E+01    6.24E+02 0.00E+00 2.33E+02  0.533964  0.150006 6.23E+02 0.00E+00 2.32E+02  0.533399  0.150004  0.0000000E+00  0.0000000E+00  1.1014417E-04  1.2021727E+00  4.5476675E-01  8.6370591E-04 -5.8097962E-01  2.2321240E-01  1.4149384E-01 0.000 0.504 1.000 1.000 1.000 1.000 1.000 1.000 1.000 1.000 1.000 1.000 1.000 1.000 1.000 1.000 1.000 1.000 1.000 1.000 1.000 1.000 1.000 1.000 1.000 1.000 1.000 1.000 1.000 1.000 1.000 1.000 1.000 1.000 1.000 1.000 1.000 1.000 1.000 1.000  5.1807198187E-01   0.61145   1.00000   0.00000   0.00000   0.5829385E-02
  2404  3.601486531348968E+06  29.107467  5.222168  4.570316  0.7090569E+00  0.2769049E+00  2.9246352E-05  1.9314610E-03  1.0780788E-04  1.9968032E-03  5.6719063E-03  3.3900795E-06  1.1387581E-05  2.0929097E-03  1.4133617E-04  0.5010    4.570316  -6.421  0.579559  7.608213  0.4380827E+00  0.5482545E+00  1.9063355E-08  7.3727506E-05  2.0194140E-05  8.9762487E-03  2.9412833E-04  6.8813014E-07  2.2912952E-09  2.0535569E-03  1.9552529E-06  1.638E-10  8.001E-17  1.644E+11  4.744E+12  3.914E+01  5.123E+06  0.53293587  3.326E-05  4.068E-05  9.537E-01  2.735E-07  9.457E-06  1.052E+00  354   14.6073  9.37E-03 2.4185E+01 3.6208E+01    6.22E+02 0.00E+00 2.32E+02  0.533495  0.150540 6.22E+02 0.00E+00 2.32E+02  0.532936  0.150538  0.0000000E+00  0.0000000E+00  9.9833277E-05  1.2032859E+00  4.5295775E-01  8.5652081E-04 -5.8042988E-01  2.2280980E-01  1.4173690E-01 0.000 0.504 1.000 1.000 1.000 1.000 1.000 1.000 1.000 1.000 1.000 1.000 1.000 1.000 1.000 1.000 1.000 1.000 1.000 1.000 1.000 1.000 1.000 1.000 1.000 1.000 1.000 1.000 1.000 1.000 1.000 1.000 1.000 1.000 1.000 1.000 1.000 1.000 1.000 1.000  5.1611621985E-01   0.60844   1.00000   0.00000   0.00000   0.5774678E-02
  2422  3.625107095074213E+06  29.098481  5.223644  4.570055  0.7087346E+00  0.2772278E+00  2.9108784E-05  1.9240992E-03  1.0823872E-04  2.0168820E-03  5.6582908E-03  3.3896243E-06  1.1349554E-05  2.0928601E-03  1.4092992E-04  0.5008    4.570055  -6.418  0.579850  7.608464  0.4359875E+00  0.5503496E+00  1.9420143E-08  7.3597026E-05  2.0159314E-05  8.9767831E-03  2.9373328E-04  6.8879495E-07  2.4179914E-09  2.0532525E-03  1.9825843E-06  1.694E-10  8.280E-17  1.674E+11  4.888E+12  3.985E+01  5.279E+06  0.53260262  3.308E-05  4.051E-05  9.538E-01  2.753E-07  9.373E-06  1.052E+00  353   14.6073  9.37E-03 2.4080E+01 3.6053E+01    6.21E+02 0.00E+00 2.32E+02  0.533156  0.151072 6.21E+02 0.00E+00 2.31E+02  0.532603  0.151069  0.0000000E+00  0.0000000E+00  1.1063775E-04  1.2041164E+00  4.5118446E-01  8.4915316E-04 -5.7995581E-01  2.2244144E-01  1.4198774E-01 0.000 0.504 1.000 1.000 1.000 1.000 1.000 1.000 1.000 1.000 1.000 1.000 1.000 1.000 1.000 1.000 1.000 1.000 1.000 1.000 1.000 1.000 1.000 1.000 1.000 1.000 1.000 1.000 1.000 1.000 1.000 1.000 1.000 1.000 1.000 1.000 1.000 1.000 1.000 1.000  5.1420315878E-01   0.60554   1.00000   0.00000   0.00000   0.5721225E-02
  2439  3.648232987307830E+06  29.089624  5.225095  4.569820  0.7084126E+00  0.2775503E+00  2.8974482E-05  1.9168898E-03  1.0865269E-04  2.0366326E-03  5.6448672E-03  3.3890015E-06  1.1312262E-05  2.0928107E-03  1.4053089E-04  0.5006    4.569820  -6.416  0.580080  7.608693  0.4339362E+00  0.5524009E+00  1.9154301E-08  7.3654942E-05  2.0175485E-05  8.9769834E-03  2.9340859E-04  6.8701188E-07  2.4067950E-09  2.0529540E-03  2.0079533E-06  1.692E-10  8.272E-17  1.668E+11  4.871E+12  3.970E+01  5.261E+06  0.53254425  3.294E-05  4.034E-05  9.538E-01  2.771E-07  9.292E-06  1.051E+00  353   14.6073  9.37E-03 2.3972E+01 3.5894E+01    6.20E+02 0.00E+00 2.31E+02  0.532347  0.151585 6.20E+02 0.00E+00 2.31E+02  0.532544  0.151592  0.0000000E+00  0.0000000E+00  1.1128666E-04  1.2050150E+00  4.4938785E-01  8.4167455E-04 -5.7946769E-01  2.2207137E-01  1.4222959E-01 0.000 0.504 1.000 1.000 1.000 1.000 1.000 1.000 1.000 1.000 1.000 1.000 1.000 1.000 1.000 1.000 1.000 1.000 1.000 1.000 1.000 1.000 1.000 1.000 1.000 1.000 1.000 1.000 1.000 1.000 1.000 1.000 1.000 1.000 1.000 1.000 1.000 1.000 1.000 1.000  5.1231679964E-01   0.60269   1.00000   0.00000   0.00000   0.5672362E-02
  2456  3.671358879541447E+06  29.080707  5.226540  4.569543  0.7080811E+00  0.2778825E+00  2.8839259E-05  1.9096087E-03  1.0906282E-04  2.0566668E-03  5.6312204E-03  3.3881969E-06  1.1274550E-05  2.0927599E-03  1.4012670E-04  0.5005    4.569543  -6.412  0.580305  7.608919  0.4318897E+00  0.5544474E+00  1.8978745E-08  7.3718389E-05  2.0193238E-05  8.9770933E-03  2.9317778E-04  6.8519910E-07  2.4507670E-09  2.0526557E-03  2.0333195E-06  1.688E-10  8.255E-17  1.666E+11  4.876E+12  3.966E+01  5.266E+06  0.53158052  3.272E-05  4.018E-05  9.540E-01  2.790E-07  9.211E-06  1.051E+00  352   14.6073  9.37E-03 2.3873E+01 3.5748E+01    6.19E+02 0.00E+00 2.30E+02  0.532168  0.152117 6.19E+02 0.00E+00 2.30E+02  0.531581  0.152115  0.0000000E+00  0.0000000E+00  1.1216307E-04  1.2059205E+00  4.4769663E-01  8.3462357E-04 -5.7897678E-01  2.2169929E-01  1.4247052E-01 0.000 0.505 1.000 1.000 1.000 1.000 1.000 1.000 1.000 1.000 1.000 1.000 1.000 1.000 1.000 1.000 1.000 1.000 1.000 1.000 1.000 1.000 1.000 1.000 1.000 1.000 1.000 1.000 1.000 1.000 1.000 1.000 1.000 1.000 1.000 1.000 1.000 1.000 1.000 1.000  5.1041709799E-01   0.59984   1.00000   0.00000   0.00000   0.5619153E-02
  2473  3.694484771775064E+06  29.071730  5.228004  4.569302  0.7077497E+00  0.2782145E+00  2.8707107E-05  1.9024716E-03  1.0945712E-04  2.0763893E-03  5.6177564E-03  3.3872386E-06  1.1237532E-05  2.0927093E-03  1.3972935E-04  0.5003    4.569302  -6.410  0.580539  7.609150  0.4298421E+00  0.5564949E+00  1.8721309E-08  7.3776675E-05  2.0209562E-05  8.9771918E-03  2.9296871E-04  6.8348331E-07  2.4409425E-09  2.0523568E-03  2.0573036E-06  1.686E-10  8.242E-17  1.660E+11  4.860E+12  3.951E+01  5.249E+06  0.53170430  3.259E-05  4.001E-05  9.540E-01  2.806E-07  9.131E-06  1.051E+00  352   14.6073  9.37E-03 2.3762E+01 3.5584E+01    6.18E+02 0.00E+00 2.30E+02  0.531552  0.152637 6.18E+02 0.00E+00 2.30E+02  0.531704  0.152646  0.0000000E+00  0.0000000E+00  1.1287769E-04  1.2068045E+00  4.4585488E-01  8.2760172E-04 -5.7848861E-01  2.2132812E-01  1.4271427E-01 0.000 0.505 1.000 1.000 1.000 1.000 1.000 1.000 1.000 1.000 1.000 1.000 1.000 1.000 1.000 1.000 1.000 1.000 1.000 1.000 1.000 1.000 1.000 1.000 1.000 1.000 1.000 1.000 1.000 1.000 1.000 1.000 1.000 1.000 1.000 1.000 1.000 1.000 1.000 1.000  5.0850413933E-01   0.59701   1.00000   0.00000   0.00000   0.5570000E-02
  2491  3.717610664008681E+06  29.062693  5.229511  4.569003  0.7074103E+00  0.2785546E+00  2.8574681E-05  1.8952986E-03  1.0984572E-04  2.0962950E-03  5.6041384E-03  3.3861078E-06  1.1200279E-05  2.0926574E-03  1.3932885E-04  0.5002    4.569003  -6.407  0.580756  7.609364  0.4276785E+00  0.5586588E+00  1.7281494E-08  7.4078995E-05  2.0294046E-05  8.9780516E-03  2.9148860E-04  6.7343937E-07  2.0453168E-09  2.0520407E-03  2.0519677E-06  1.639E-10  8.015E-17  1.591E+11  4.532E+12  3.787E+01  4.894E+06  0.53126543  3.240E-05  3.984E-05  9.541E-01  2.823E-07  9.057E-06  1.051E+00  352   14.5386  9.36E-03 2.3658E+01 3.5431E+01    6.17E+02 0.00E+00 2.29E+02  0.530946  0.153186 6.17E+02 0.00E+00 2.29E+02  0.531265  0.153193  0.0000000E+00  0.0000000E+00  1.0229212E-04  1.2080522E+00  4.4407175E-01  8.2006032E-04 -5.7793179E-01  2.2092741E-01  1.4294585E-01 0.000 0.503 1.000 1.000 1.000 1.000 1.000 1.000 1.000 1.000 1.000 1.000 1.000 1.000 1.000 1.000 1.000 1.000 1.000 1.000 1.000 1.000 1.000 1.000 1.000 1.000 1.000 1.000 1.000 1.000 1.000 1.000 1.000 1.000 1.000 1.000 1.000 1.000 1.000 1.000  5.0657742859E-01   0.59400   1.00000   0.00000   0.00000   0.5517446E-02
  2509  3.741852040455916E+06  29.053154  5.231023  4.568738  0.7070446E+00  0.2789210E+00  2.8435211E-05  1.8877214E-03  1.1024794E-04  2.1174125E-03  5.5896602E-03  3.3847339E-06  1.1160872E-05  2.0926017E-03  1.3890453E-04  0.4999    4.568738  -6.404  0.581095  7.609637  0.4254292E+00  0.5609081E+00  1.7865751E-08  7.3925076E-05  2.0250919E-05  8.9793299E-03  2.9028452E-04  6.7429649E-07  2.2726474E-09  2.0517116E-03  2.0608710E-06  1.643E-10  8.033E-17  1.637E+11  4.742E+12  3.896E+01  5.121E+06  0.53064694  3.221E-05  3.967E-05  9.542E-01  2.840E-07  8.979E-06  1.051E+00  351   14.5386  9.36E-03 2.3552E+01 3.5275E+01    6.16E+02 0.00E+00 2.28E+02  0.530475  0.153737 6.16E+02 0.00E+00 2.28E+02  0.530647  0.153746  0.0000000E+00  0.0000000E+00  1.1333780E-04  1.2089529E+00  4.4221580E-01  8.1255899E-04 -5.7742970E-01  2.2053771E-01  1.4321109E-01 0.000 0.503 1.000 1.000 1.000 1.000 1.000 1.000 1.000 1.000 1.000 1.000 1.000 1.000 1.000 1.000 1.000 1.000 1.000 1.000 1.000 1.000 1.000 1.000 1.000 1.000 1.000 1.000 1.000 1.000 1.000 1.000 1.000 1.000 1.000 1.000 1.000 1.000 1.000 1.000  5.0454313945E-01   0.59088   1.00000   0.00000   0.00000   0.5465619E-02
  2527  3.766093416903151E+06  29.043548  5.232553  4.568449  0.7066710E+00  0.2792953E+00  2.8295986E-05  1.8801347E-03  1.1064218E-04  2.1386490E-03  5.5750687E-03  3.3831756E-06  1.1121359E-05  2.0925448E-03  1.3847840E-04  0.4997    4.568449  -6.401  0.581351  7.609884  0.4232118E+00  0.5631256E+00  1.7687595E-08  7.3997683E-05  2.0271387E-05  8.9798934E-03  2.8952113E-04  6.7114893E-07  2.3181181E-09  2.0513866E-03  2.0807888E-06  1.643E-10  8.035E-17  1.636E+11  4.747E+12  3.893E+01  5.127E+06  0.53005162  3.202E-05  3.950E-05  9.543E-01  2.857E-07  8.900E-06  1.051E+00  351   14.5386  9.36E-03 2.3442E+01 3.5113E+01    6.15E+02 0.00E+00 2.28E+02  0.529786  0.154298 6.15E+02 0.00E+00 2.28E+02  0.530052  0.154305  0.0000000E+00  0.0000000E+00  1.1411278E-04  1.2099650E+00  4.4033449E-01  8.0492287E-04 -5.7689739E-01  2.2013677E-01  1.4346879E-01 0.000 0.503 1.000 1.000 1.000 1.000 1.000 1.000 1.000 1.000 1.000 1.000 1.000 1.000 1.000 1.000 1.000 1.000 1.000 1.000 1.000 1.000 1.000 1.000 1.000 1.000 1.000 1.000 1.000 1.000 1.000 1.000 1.000 1.000 1.000 1.000 1.000 1.000 1.000 1.000  5.0249460567E-01   0.58780   1.00000   0.00000   0.00000   0.5414348E-02
  2545  3.789796096096004E+06  29.034092  5.234085  4.568111  0.7062975E+00  0.2796695E+00  2.8159881E-05  1.8726959E-03  1.1102053E-04  2.1595603E-03  5.5606703E-03  3.3814726E-06  1.1082561E-05  2.0924880E-03  1.3805934E-04  0.4996    4.568111  -6.398  0.581590  7.610110  0.4209912E+00  0.5653463E+00  1.6404928E-08  7.4285103E-05  2.0350441E-05  8.9805739E-03  2.8827050E-04  6.6311543E-07  1.9713163E-09  2.0510608E-03  2.0878419E-06  1.549E-10  7.571E-17  1.571E+11  4.449E+12  3.738E+01  4.805E+06  0.52967451  3.183E-05  3.933E-05  9.544E-01  2.874E-07  8.825E-06  1.051E+00  352   14.4696  9.36E-03 2.3335E+01 3.4955E+01    6.14E+02 0.00E+00 2.27E+02  0.529331  0.154859 6.14E+02 0.00E+00 2.27E+02  0.529675  0.154867  0.0000000E+00  0.0000000E+00  1.0345228E-04  1.2112109E+00  4.3847007E-01  7.9777290E-04 -5.7632970E-01  2.1972512E-01  1.4371092E-01 0.000 0.502 1.000 1.000 1.000 1.000 1.000 1.000 1.000 1.000 1.000 1.000 1.000 1.000 1.000 1.000 1.000 1.000 1.000 1.000 1.000 1.000 1.000 1.000 1.000 1.000 1.000 1.000 1.000 1.000 1.000 1.000 1.000 1.000 1.000 1.000 1.000 1.000 1.000 1.000  5.0047747110E-01   0.58471   1.00000   0.00000   0.00000   0.5358998E-02
  2563  3.813067817485353E+06  29.024744  5.235582  4.567826  0.7059233E+00  0.2800444E+00  2.8026528E-05  1.8653866E-03  1.1138439E-04  2.1801934E-03  5.5464344E-03  3.3796316E-06  1.1044385E-05  2.0924313E-03  1.3764637E-04  0.4993    4.567826  -6.395  0.581922  7.610375  0.4188082E+00  0.5675294E+00  1.7003442E-08  7.4156166E-05  2.0315781E-05  8.9817780E-03  2.8710895E-04  6.6237869E-07  2.2367417E-09  2.0507400E-03  2.1000727E-06  1.614E-10  7.892E-17  1.618E+11  4.665E+12  3.851E+01  5.039E+06  0.52899055  3.163E-05  3.916E-05  9.545E-01  2.890E-07  8.752E-06  1.051E+00  351   14.4696  9.36E-03 2.3228E+01 3.4798E+01    6.13E+02 0.00E+00 2.26E+02  0.528755  0.155409 6.13E+02 0.00E+00 2.26E+02  0.528991  0.155418  0.0000000E+00  0.0000000E+00  1.1458021E-04  1.2121267E+00  4.3663685E-01  7.9044777E-04 -5.7583458E-01  2.1934369E-01  1.4396705E-01 0.000 0.502 1.000 1.000 1.000 1.000 1.000 1.000 1.000 1.000 1.000 1.000 1.000 1.000 1.000 1.000 1.000 1.000 1.000 1.000 1.000 1.000 1.000 1.000 1.000 1.000 1.000 1.000 1.000 1.000 1.000 1.000 1.000 1.000 1.000 1.000 1.000 1.000 1.000 1.000  4.9848270369E-01   0.58168   1.00000   0.00000   0.00000   0.5308146E-02
  2581  3.837066780168118E+06  29.015038  5.237108  4.567528  0.7055300E+00  0.2804384E+00  2.7889408E-05  1.8578494E-03  1.1175149E-04  2.2015572E-03  5.5316647E-03  3.3775624E-06  1.1004964E-05  2.0923717E-03  1.3721929E-04  0.4991    4.567528  -6.392  0.582186  7.610623  0.4165911E+00  0.5697465E+00  1.6861676E-08  7.4230886E-05  2.0336823E-05  8.9823058E-03  2.8638255E-04  6.5943740E-07  2.2993134E-09  2.0504136E-03  2.1229652E-06  1.614E-10  7.893E-17  1.619E+11  4.678E+12  3.854E+01  5.052E+06  0.52847681  3.145E-05  3.898E-05  9.546E-01  2.906E-07  8.677E-06  1.051E+00  351   14.4696  9.36E-03 2.3117E+01 3.4635E+01    6.12E+02 0.00E+00 2.26E+02  0.528188  0.155973 6.12E+02 0.00E+00 2.26E+02  0.528477  0.155981  0.0000000E+00  0.0000000E+00  1.1539301E-04  1.2131342E+00  4.3474346E-01  7.8289006E-04 -5.7530208E-01  2.1894219E-01  1.4422537E-01 0.000 0.502 1.000 1.000 1.000 1.000 1.000 1.000 1.000 1.000 1.000 1.000 1.000 1.000 1.000 1.000 1.000 1.000 1.000 1.000 1.000 1.000 1.000 1.000 1.000 1.000 1.000 1.000 1.000 1.000 1.000 1.000 1.000 1.000 1.000 1.000 1.000 1.000 1.000 1.000  4.9641155815E-01   0.57860   1.00000   0.00000   0.00000   0.5256568E-02
  2599  3.861065742850883E+06  29.005264  5.238650  4.567242  0.7051270E+00  0.2808422E+00  2.7752019E-05  1.8502758E-03  1.1211208E-04  2.2231133E-03  5.5167322E-03  3.3753103E-06  1.0965296E-05  2.0923107E-03  1.3678890E-04  0.4989    4.567242  -6.389  0.582456  7.610874  0.4143879E+00  0.5719497E+00  1.6657867E-08  7.4300355E-05  2.0356327E-05  8.9826530E-03  2.8587110E-04  6.5692577E-07  2.3208082E-09  2.0500888E-03  2.1486566E-06  1.614E-10  7.889E-17  1.616E+11  4.673E+12  3.847E+01  5.047E+06  0.52786690  3.126E-05  3.881E-05  9.547E-01  2.923E-07  8.601E-06  1.051E+00  350   14.4696  9.36E-03 2.3008E+01 3.4474E+01    6.11E+02 0.00E+00 2.25E+02  0.527452  0.156543 6.11E+02 0.00E+00 2.25E+02  0.527867  0.156552  0.0000000E+00  0.0000000E+00  1.1617145E-04  1.2141056E+00  4.3282923E-01  7.7533672E-04 -5.7477505E-01  2.1854266E-01  1.4448575E-01 0.000 0.502 1.000 1.000 1.000 1.000 1.000 1.000 1.000 1.000 1.000 1.000 1.000 1.000 1.000 1.000 1.000 1.000 1.000 1.000 1.000 1.000 1.000 1.000 1.000 1.000 1.000 1.000 1.000 1.000 1.000 1.000 1.000 1.000 1.000 1.000 1.000 1.000 1.000 1.000  4.9432581919E-01   0.57554   1.00000   0.00000   0.00000   0.5205891E-02
  2617  3.885064705533648E+06  28.995422  5.240199  4.566941  0.7047211E+00  0.2812489E+00  2.7616643E-05  1.8427922E-03  1.1246030E-04  2.2445006E-03  5.5018873E-03  3.3729169E-06  1.0926043E-05  2.0922494E-03  1.3636238E-04  0.4987    4.566941  -6.386  0.582729  7.611126  0.4121937E+00  0.5741439E+00  1.6462812E-08  7.4369268E-05  2.0375652E-05  8.9828700E-03  2.8550903E-04  6.5476902E-07  2.3456884E-09  2.0497647E-03  2.1752632E-06  1.611E-10  7.879E-17  1.613E+11  4.670E+12  3.840E+01  5.044E+06  0.52721375  3.106E-05  3.863E-05  9.548E-01  2.938E-07  8.527E-06  1.051E+00  350   14.4696  9.36E-03 2.2896E+01 3.4309E+01    6.10E+02 0.00E+00 2.24E+02  0.527035  0.157118 6.10E+02 0.00E+00 2.24E+02  0.527214  0.157127  0.0000000E+00  0.0000000E+00  1.1704623E-04  1.2150671E+00  4.3091082E-01  7.6833043E-04 -5.7424872E-01  2.1814277E-01  1.4474670E-01 0.000 0.503 1.000 1.000 1.000 1.000 1.000 1.000 1.000 1.000 1.000 1.000 1.000 1.000 1.000 1.000 1.000 1.000 1.000 1.000 1.000 1.000 1.000 1.000 1.000 1.000 1.000 1.000 1.000 1.000 1.000 1.000 1.000 1.000 1.000 1.000 1.000 1.000 1.000 1.000  4.9222517251E-01   0.57249   1.00000   0.00000   0.00000   0.5153990E-02
  2636  3.908997004431183E+06  28.985539  5.241750  4.566597  0.7042979E+00  0.2816728E+00  2.7478621E-05  1.8351412E-03  1.1280802E-04  2.2664553E-03  5.4866191E-03  3.3702994E-06  1.0885854E-05  2.0921855E-03  1.3592505E-04  0.4985    4.566597  -6.383  0.582983  7.611371  0.4100146E+00  0.5763230E+00  1.6223976E-08  7.4475981E-05  2.0406331E-05  8.9829335E-03  2.8525946E-04  6.5116759E-07  2.3771657E-09  2.0494423E-03  2.2025713E-06  1.602E-10  7.835E-17  1.607E+11  4.652E+12  3.825E+01  5.025E+06  0.52620713  3.083E-05  3.846E-05  9.550E-01  2.954E-07  8.453E-06  1.051E+00  349   14.4696  9.36E-03 2.2790E+01 3.4152E+01    6.09E+02 0.00E+00 2.24E+02  0.526812  0.157707 6.09E+02 0.00E+00 2.24E+02  0.526207  0.157704  0.0000000E+00  0.0000000E+00  1.1683991E-04  1.2160462E+00  4.2903233E-01  7.6097614E-04 -5.7371693E-01  2.1774091E-01  1.4500520E-01 0.000 0.503 1.000 1.000 1.000 1.000 1.000 1.000 1.000 1.000 1.000 1.000 1.000 1.000 1.000 1.000 1.000 1.000 1.000 1.000 1.000 1.000 1.000 1.000 1.000 1.000 1.000 1.000 1.000 1.000 1.000 1.000 1.000 1.000 1.000 1.000 1.000 1.000 1.000 1.000  4.9011552247E-01   0.56946   1.00000   0.00000   0.00000   0.5099352E-02
  2654  3.932755977487120E+06  28.975659  5.243296  4.566288  0.7038743E+00  0.2820972E+00  2.7343413E-05  1.8276256E-03  1.1314150E-04  2.2881079E-03  5.4715322E-03  3.3675630E-06  1.0846319E-05  2.0921217E-03  1.3549421E-04  0.4985    4.566288  -6.380  0.583265  7.611625  0.4078516E+00  0.5784860E+00  1.6052365E-08  7.4532348E-05  2.0421411E-05  8.9830127E-03  2.8507536E-04  6.5055325E-07  2.4018425E-09  2.0491217E-03  2.2282641E-06  1.599E-10  7.821E-17  1.605E+11  4.655E+12  3.821E+01  5.027E+06  0.52558109  3.064E-05  3.829E-05  9.551E-01  2.969E-07  8.380E-06  1.050E+00  348   14.4696  9.36E-03 2.2678E+01 3.3987E+01    6.08E+02 0.00E+00 2.23E+02  0.526232  0.158283 6.07E+02 0.00E+00 2.23E+02  0.525581  0.158281  0.0000000E+00  0.0000000E+00  1.1766734E-04  1.2169453E+00  4.2709701E-01  7.5350091E-04 -5.7320258E-01  2.1734669E-01  1.4526725E-01 0.000 0.503 1.000 1.000 1.000 1.000 1.000 1.000 1.000 1.000 1.000 1.000 1.000 1.000 1.000 1.000 1.000 1.000 1.000 1.000 1.000 1.000 1.000 1.000 1.000 1.000 1.000 1.000 1.000 1.000 1.000 1.000 1.000 1.000 1.000 1.000 1.000 1.000 1.000 1.000  4.8800594987E-01   0.56646   1.00000   0.00000   0.00000   0.5048241E-02
  2672  3.956514950543058E+06  28.965710  5.244855  4.565980  0.7034388E+00  0.2825335E+00  2.7207407E-05  1.8200453E-03  1.1346977E-04  2.3100334E-03  5.4562268E-03  3.3646391E-06  1.0806387E-05  2.0920562E-03  1.3505843E-04  0.4983    4.565980  -6.376  0.583542  7.611878  0.4056907E+00  0.5806469E+00  1.5863976E-08  7.4599565E-05  2.0440243E-05  8.9830293E-03  2.8494462E-04  6.4896698E-07  2.4231460E-09  2.0488010E-03  2.2533423E-06  1.596E-10  7.805E-17  1.602E+11  4.653E+12  3.814E+01  5.025E+06  0.52502829  3.045E-05  3.811E-05  9.552E-01  2.985E-07  8.308E-06  1.050E+00  347   14.4696  9.36E-03 2.2566E+01 3.3821E+01    6.06E+02 0.00E+00 2.23E+02  0.525681  0.158865 6.06E+02 0.00E+00 2.22E+02  0.525028  0.158864  0.0000000E+00  0.0000000E+00  1.1852004E-04  1.2178506E+00  4.2513898E-01  7.4598770E-04 -5.7268479E-01  2.1695065E-01  1.4552966E-01 0.000 0.503 1.000 1.000 1.000 1.000 1.000 1.000 1.000 1.000 1.000 1.000 1.000 1.000 1.000 1.000 1.000 1.000 1.000 1.000 1.000 1.000 1.000 1.000 1.000 1.000 1.000 1.000 1.000 1.000 1.000 1.000 1.000 1.000 1.000 1.000 1.000 1.000 1.000 1.000  4.8588131906E-01   0.56346   1.00000   0.00000   0.00000   0.4997347E-02
  2690  3.980273923598995E+06  28.955690  5.246421  4.565676  0.7029943E+00  0.2829788E+00  2.7071569E-05  1.8124541E-03  1.1379041E-04  2.3320767E-03  5.4408108E-03  3.3615479E-06  1.0766339E-05  2.0919894E-03  1.3462077E-04  0.4982    4.565676  -6.373  0.583826  7.612133  0.4035299E+00  0.5828077E+00  1.5665906E-08  7.4666038E-05  2.0458831E-05  8.9830223E-03  2.8484205E-04  6.4745427E-07  2.4369565E-09  2.0484797E-03  2.2774588E-06  1.594E-10  7.797E-17  1.598E+11  4.645E+12  3.803E+01  5.016E+06  0.52433612  3.026E-05  3.793E-05  9.554E-01  3.000E-07  8.237E-06  1.050E+00  347   14.4696  9.36E-03 2.2455E+01 3.3658E+01    6.05E+02 0.00E+00 2.22E+02  0.524971  0.159455 6.05E+02 0.00E+00 2.21E+02  0.524336  0.159451  0.0000000E+00  0.0000000E+00  1.1934314E-04  1.2187424E+00  4.2318298E-01  7.3906020E-04 -5.7216829E-01  2.1655437E-01  1.4579357E-01 0.000 0.503 1.000 1.000 1.000 1.000 1.000 1.000 1.000 1.000 1.000 1.000 1.000 1.000 1.000 1.000 1.000 1.000 1.000 1.000 1.000 1.000 1.000 1.000 1.000 1.000 1.000 1.000 1.000 1.000 1.000 1.000 1.000 1.000 1.000 1.000 1.000 1.000 1.000 1.000  4.8374128876E-01   0.56046   1.00000   0.00000   0.00000   0.4946952E-02
  2709  4.003927301219127E+06  28.945646  5.247995  4.565395  0.7025540E+00  0.2834199E+00  2.6939833E-05  1.8050731E-03  1.1409442E-04  2.3535920E-03  5.4257371E-03  3.3583879E-06  1.0727345E-05  2.0919234E-03  1.3419403E-04  0.4981    4.565395  -6.371  0.584102  7.612386  0.4013802E+00  0.5849573E+00  1.5368682E-08  7.4757594E-05  2.0484708E-05  8.9829673E-03  2.8475300E-04  6.4497061E-07  2.4110986E-09  2.0481596E-03  2.3010523E-06  1.584E-10  7.749E-17  1.588E+11  4.608E+12  3.778E+01  4.977E+06  0.52428977  3.011E-05  3.774E-05  9.554E-01  3.014E-07  8.168E-06  1.050E+00  347   14.4696  9.36E-03 2.2337E+01 3.3483E+01    6.04E+02 0.00E+00 2.21E+02  0.524085  0.160035 6.04E+02 0.00E+00 2.21E+02  0.524290  0.160044  0.0000000E+00  0.0000000E+00  1.1888291E-04  1.2196300E+00  4.2113310E-01  7.3132345E-04 -5.7165113E-01  2.1615859E-01  1.4605719E-01 0.000 0.503 1.000 1.000 1.000 1.000 1.000 1.000 1.000 1.000 1.000 1.000 1.000 1.000 1.000 1.000 1.000 1.000 1.000 1.000 1.000 1.000 1.000 1.000 1.000 1.000 1.000 1.000 1.000 1.000 1.000 1.000 1.000 1.000 1.000 1.000 1.000 1.000 1.000 1.000  4.8159569384E-01   0.55748   1.00000   0.00000   0.00000   0.4899133E-02
  2727  4.027448684544502E+06  28.935586  5.249559  4.565101  0.7021013E+00  0.2838734E+00  2.6807166E-05  1.7976210E-03  1.1439367E-04  2.3753959E-03  5.4104347E-03  3.3550452E-06  1.0687919E-05  2.0918555E-03  1.3376199E-04  0.4980    4.565101  -6.368  0.584388  7.612641  0.3992410E+00  0.5870965E+00  1.5179484E-08  7.4821805E-05  2.0502544E-05  8.9829251E-03  2.8469411E-04  6.4400980E-07  2.4240233E-09  2.0478404E-03  2.3235365E-06  1.581E-10  7.733E-17  1.584E+11  4.602E+12  3.769E+01  4.970E+06  0.52365277  2.992E-05  3.756E-05  9.555E-01  3.027E-07  8.100E-06  1.050E+00  346   14.4696  9.36E-03 2.2224E+01 3.3317E+01    6.03E+02 0.00E+00 2.20E+02  0.523363  0.160626 6.03E+02 0.00E+00 2.20E+02  0.523653  0.160635  0.0000000E+00  0.0000000E+00  1.1970347E-04  1.2204930E+00  4.1916380E-01  7.2392209E-04 -5.7113960E-01  2.1576508E-01  1.4632117E-01 0.000 0.504 1.000 1.000 1.000 1.000 1.000 1.000 1.000 1.000 1.000 1.000 1.000 1.000 1.000 1.000 1.000 1.000 1.000 1.000 1.000 1.000 1.000 1.000 1.000 1.000 1.000 1.000 1.000 1.000 1.000 1.000 1.000 1.000 1.000 1.000 1.000 1.000 1.000 1.000  4.7944670749E-01   0.55450   1.00000   0.00000   0.00000   0.4850321E-02
  2745  4.050970067869877E+06  28.925454  5.251166  4.564772  0.7016389E+00  0.2843366E+00  2.6674487E-05  1.7901497E-03  1.1468599E-04  2.3973379E-03  5.3950090E-03  3.3515423E-06  1.0648335E-05  2.0917863E-03  1.3332764E-04  0.4979    4.564772  -6.364  0.584767  7.612916  0.3969568E+00  0.5893808E+00  1.4495766E-08  7.4866837E-05  2.0514488E-05  8.9841552E-03  2.8321730E-04  6.3995911E-07  2.1430956E-09  2.0474997E-03  2.3136498E-06  1.535E-10  7.508E-17  1.557E+11  4.448E+12  3.707E+01  4.803E+06  0.52316852  2.974E-05  3.739E-05  9.556E-01  3.041E-07  8.037E-06  1.050E+00  347   14.4002  9.36E-03 2.2114E+01 3.3154E+01    6.02E+02 0.00E+00 2.20E+02  0.522736  0.161235 6.02E+02 0.00E+00 2.20E+02  0.523169  0.161243  0.0000000E+00  0.0000000E+00  1.2057618E-04  1.2215660E+00  4.1717587E-01  7.1639218E-04 -5.7059827E-01  2.1535635E-01  1.4658403E-01 0.000 0.501 1.000 1.000 1.000 1.000 1.000 1.000 1.000 1.000 1.000 1.000 1.000 1.000 1.000 1.000 1.000 1.000 1.000 1.000 1.000 1.000 1.000 1.000 1.000 1.000 1.000 1.000 1.000 1.000 1.000 1.000 1.000 1.000 1.000 1.000 1.000 1.000 1.000 1.000  4.7728234356E-01   0.55133   1.00000   0.00000   0.00000   0.4799718E-02
  2764  4.074452248889708E+06  28.915269  5.252707  4.564431  0.7011658E+00  0.2848105E+00  2.6541503E-05  1.7826426E-03  1.1497195E-04  2.4194668E-03  5.3794256E-03  3.3478717E-06  1.0608505E-05  2.0917156E-03  1.3288999E-04  0.4976    4.564431  -6.361  0.585028  7.613163  0.3947099E+00  0.5916278E+00  1.4388317E-08  7.5020670E-05  2.0560131E-05  8.9848467E-03  2.8217139E-04  6.3340973E-07  2.2631952E-09  2.0471639E-03  2.3225427E-06  1.535E-10  7.511E-17  1.559E+11  4.462E+12  3.710E+01  4.819E+06  0.52170751  2.949E-05  3.722E-05  9.559E-01  3.055E-07  7.974E-06  1.050E+00  347   14.4002  9.36E-03 2.2009E+01 3.3000E+01    6.01E+02 0.00E+00 2.19E+02  0.522341  0.161833 6.01E+02 0.00E+00 2.19E+02  0.521708  0.161828  0.0000000E+00  0.0000000E+00  1.2030241E-04  1.2226621E+00  4.1527114E-01  7.0969365E-04 -5.7003841E-01  2.1494012E-01  1.4684294E-01 0.000 0.501 1.000 1.000 1.000 1.000 1.000 1.000 1.000 1.000 1.000 1.000 1.000 1.000 1.000 1.000 1.000 1.000 1.000 1.000 1.000 1.000 1.000 1.000 1.000 1.000 1.000 1.000 1.000 1.000 1.000 1.000 1.000 1.000 1.000 1.000 1.000 1.000 1.000 1.000  4.7510654995E-01   0.54821   1.00000   0.00000   0.00000   0.4749602E-02
  2782  4.097738418381829E+06  28.905097  5.254246  4.564158  0.7007000E+00  0.2852772E+00  2.6413189E-05  1.7753815E-03  1.1524119E-04  2.4409477E-03  5.3642737E-03  3.3441794E-06  1.0569925E-05  2.0916460E-03  1.3246555E-04  0.4974    4.564158  -6.358  0.585352  7.613431  0.3925073E+00  0.5938304E+00  1.4305971E-08  7.5059094E-05  2.0569054E-05  8.9853908E-03  2.8148780E-04  6.3249289E-07  2.3158758E-09  2.0468341E-03  2.3398443E-06  1.534E-10  7.507E-17  1.562E+11  4.489E+12  3.719E+01  4.848E+06  0.52087539  2.930E-05  3.705E-05  9.560E-01  3.067E-07  7.911E-06  1.050E+00  348   14.4002  9.36E-03 2.1899E+01 3.2837E+01    6.00E+02 0.00E+00 2.18E+02  0.521638  0.162418 6.00E+02 0.00E+00 2.18E+02  0.520875  0.162415  0.0000000E+00  0.0000000E+00  1.2112133E-04  1.2235653E+00  4.1330839E-01  7.0243131E-04 -5.6952059E-01  2.1454176E-01  1.4711021E-01 0.000 0.501 1.000 1.000 1.000 1.000 1.000 1.000 1.000 1.000 1.000 1.000 1.000 1.000 1.000 1.000 1.000 1.000 1.000 1.000 1.000 1.000 1.000 1.000 1.000 1.000 1.000 1.000 1.000 1.000 1.000 1.000 1.000 1.000 1.000 1.000 1.000 1.000 1.000 1.000  4.7293487455E-01   0.54515   1.00000   0.00000   0.00000   0.4704029E-02
  2800  4.121024587873950E+06  28.894855  5.255817  4.563881  0.7002163E+00  0.2857617E+00  2.6282611E-05  1.7679750E-03  1.1550841E-04  2.4629368E-03  5.3487385E-03  3.3402709E-06  1.0530518E-05  2.0915739E-03  1.3203144E-04  0.4975    4.563881  -6.355  0.585745  7.613712  0.3902736E+00  0.5960642E+00  1.3666286E-08  7.5102512E-05  2.0580218E-05  8.9861428E-03  2.8055931E-04  6.2954246E-07  2.0492872E-09  2.0464992E-03  2.3506058E-06  1.439E-10  7.041E-17  1.505E+11  4.211E+12  3.581E+01  4.548E+06  0.51988533  2.910E-05  3.689E-05  9.562E-01  3.080E-07  7.849E-06  1.049E+00  348   14.4002  9.36E-03 2.1792E+01 3.2680E+01    5.99E+02 0.00E+00 2.17E+02  0.520539  0.163017 5.99E+02 0.00E+00 2.17E+02  0.519885  0.163015  0.0000000E+00  0.0000000E+00  1.2185187E-04  1.2245177E+00  4.1134609E-01  6.9519829E-04 -5.6899843E-01  2.1414012E-01  1.4737935E-01 0.000 0.500 1.000 1.000 1.000 1.000 1.000 1.000 1.000 1.000 1.000 1.000 1.000 1.000 1.000 1.000 1.000 1.000 1.000 1.000 1.000 1.000 1.000 1.000 1.000 1.000 1.000 1.000 1.000 1.000 1.000 1.000 1.000 1.000 1.000 1.000 1.000 1.000 1.000 1.000  4.7074926792E-01   0.54202   1.00000   0.00000   0.00000   0.4658245E-02
  2818  4.144310757366071E+06  28.884540  5.257390  4.563576  0.6997350E+00  0.2862438E+00  2.6155252E-05  1.7607343E-03  1.1576245E-04  2.4845091E-03  5.3334737E-03  3.3363129E-06  1.0491938E-05  2.0915022E-03  1.3160592E-04  0.4970    4.563576  -6.352  0.586070  7.613979  0.3879170E+00  0.5984210E+00  1.3456622E-08  7.5186395E-05  2.0604267E-05  8.9877984E-03  2.7853103E-04  6.2374394E-07  2.0532724E-09  2.0461459E-03  2.3408928E-06  1.481E-10  7.247E-17  1.529E+11  4.322E+12  3.639E+01  4.668E+06  0.51914208  2.891E-05  3.672E-05  9.563E-01  3.091E-07  7.792E-06  1.049E+00  348   14.3306  9.36E-03 2.1684E+01 3.2521E+01    5.98E+02 0.00E+00 2.17E+02  0.519815  0.163621 5.98E+02 0.00E+00 2.16E+02  0.519142  0.163619  0.0000000E+00  0.0000000E+00  1.2268626E-04  1.2257371E+00  4.0935620E-01  6.8777358E-04 -5.6842334E-01  2.1371507E-01  1.4764133E-01 0.000 0.499 1.000 1.000 1.000 1.000 1.000 1.000 1.000 1.000 1.000 1.000 1.000 1.000 1.000 1.000 1.000 1.000 1.000 1.000 1.000 1.000 1.000 1.000 1.000 1.000 1.000 1.000 1.000 1.000 1.000 1.000 1.000 1.000 1.000 1.000 1.000 1.000 1.000 1.000  4.6854937549E-01   0.53877   1.00000   0.00000   0.00000   0.4612508E-02
  2837  4.167519306293217E+06  28.874188  5.258937  4.563327  0.6992395E+00  0.2867402E+00  2.6026677E-05  1.7534078E-03  1.1601228E-04  2.5064126E-03  5.3179508E-03  3.3321719E-06  1.0452847E-05  2.0914284E-03  1.3117422E-04  0.4966    4.563327  -6.349  0.586376  7.614241  0.3856293E+00  0.6007088E+00  1.3347165E-08  7.5308698E-05  2.0639516E-05  8.9887795E-03  2.7720835E-04  6.1792088E-07  2.1414720E-09  2.0458022E-03  2.3526654E-06  1.487E-10  7.272E-17  1.531E+11  4.337E+12  3.645E+01  4.684E+06  0.51848876  2.874E-05  3.653E-05  9.565E-01  3.103E-07  7.733E-06  1.049E+00  348   14.3306  9.36E-03 2.1570E+01 3.2353E+01    5.97E+02 0.00E+00 2.15E+02  0.518217  0.164204 5.97E+02 0.00E+00 2.16E+02  0.518489  0.164214  0.0000000E+00  0.0000000E+00  1.2198574E-04  1.2268234E+00  4.0729838E-01  6.8074199E-04 -5.6786561E-01  2.1329815E-01  1.4790673E-01 0.000 0.499 1.000 1.000 1.000 1.000 1.000 1.000 1.000 1.000 1.000 1.000 1.000 1.000 1.000 1.000 1.000 1.000 1.000 1.000 1.000 1.000 1.000 1.000 1.000 1.000 1.000 1.000 1.000 1.000 1.000 1.000 1.000 1.000 1.000 1.000 1.000 1.000 1.000 1.000  4.6634349636E-01   0.53560   1.00000   0.00000   0.00000   0.4571526E-02
  2856  4.191853353412486E+06  28.863256  5.260557  4.563004  0.6987050E+00  0.2872756E+00  2.5890781E-05  1.7456462E-03  1.1626909E-04  2.5296986E-03  5.3014222E-03  3.3276379E-06  1.0411375E-05  2.0913489E-03  1.3071565E-04  0.4964    4.563004  -6.346  0.586718  7.614523  0.3832673E+00  0.6030709E+00  1.3253833E-08  7.5388959E-05  2.0661713E-05  8.9894579E-03  2.7630071E-04  6.1520547E-07  2.2161890E-09  2.0454466E-03  2.3747700E-06  1.488E-10  7.277E-17  1.534E+11  4.358E+12  3.651E+01  4.707E+06  0.51697593  2.850E-05  3.636E-05  9.567E-01  3.116E-07  7.670E-06  1.049E+00  348   14.3306  9.36E-03 2.1461E+01 3.2191E+01    5.96E+02 0.00E+00 2.15E+02  0.517638  0.164841 5.95E+02 0.00E+00 2.15E+02  0.516976  0.164838  0.0000000E+00  0.0000000E+00  1.2294397E-04  1.2278716E+00  4.0529159E-01  6.7321858E-04 -5.6729828E-01  2.1286720E-01  1.4818780E-01 0.000 0.499 1.000 1.000 1.000 1.000 1.000 1.000 1.000 1.000 1.000 1.000 1.000 1.000 1.000 1.000 1.000 1.000 1.000 1.000 1.000 1.000 1.000 1.000 1.000 1.000 1.000 1.000 1.000 1.000 1.000 1.000 1.000 1.000 1.000 1.000 1.000 1.000 1.000 1.000  4.6401633590E-01   0.53231   1.00000   0.00000   0.00000   0.4523114E-02
  2875  4.216187400531746E+06  28.852244  5.262210  4.562724  0.6981573E+00  0.2878241E+00  2.5754394E-05  1.7378383E-03  1.1651930E-04  2.5532085E-03  5.2847081E-03  3.3229258E-06  1.0369592E-05  2.0912676E-03  1.3025305E-04  0.4961    4.562724  -6.343  0.587066  7.614808  0.3809219E+00  0.6054163E+00  1.3061186E-08  7.5467382E-05  2.0683760E-05  8.9899288E-03  2.7563317E-04  6.1235456E-07  2.2253976E-09  2.0450929E-03  2.4000719E-06  1.487E-10  7.274E-17  1.530E+11  4.348E+12  3.641E+01  4.695E+06  0.51646917  2.832E-05  3.617E-05  9.568E-01  3.129E-07  7.607E-06  1.049E+00  349   14.3306  9.36E-03 2.1340E+01 3.2012E+01    5.94E+02 0.00E+00 2.14E+02  0.516051  0.165467 5.94E+02 0.00E+00 2.14E+02  0.516469  0.165477  0.0000000E+00  0.0000000E+00  1.2354572E-04  1.2288741E+00  4.0310002E-01  6.6565277E-04 -5.6673732E-01  2.1243892E-01  1.4847207E-01 0.000 0.499 1.000 1.000 1.000 1.000 1.000 1.000 1.000 1.000 1.000 1.000 1.000 1.000 1.000 1.000 1.000 1.000 1.000 1.000 1.000 1.000 1.000 1.000 1.000 1.000 1.000 1.000 1.000 1.000 1.000 1.000 1.000 1.000 1.000 1.000 1.000 1.000 1.000 1.000  4.6167449746E-01   0.52906   1.00000   0.00000   0.00000   0.4478926E-02
  2894  4.240137225854388E+06  28.841326  5.263822  4.562379  0.6976121E+00  0.2883703E+00  2.5621365E-05  1.7302050E-03  1.1675606E-04  2.5762739E-03  5.2682847E-03  3.3181748E-06  1.0328683E-05  2.0911867E-03  1.2979956E-04  0.4960    4.562379  -6.340  0.587324  7.615060  0.3786285E+00  0.6077097E+00  1.2493675E-08  7.5778595E-05  2.0769514E-05  8.9898798E-03  2.7517375E-04  6.0655854E-07  2.1788215E-09  2.0447463E-03  2.4271378E-06  1.426E-10  6.968E-17  1.497E+11  4.204E+12  3.563E+01  4.540E+06  0.51486175  2.808E-05  3.599E-05  9.571E-01  3.141E-07  7.546E-06  1.049E+00  348   14.3306  9.36E-03 2.1230E+01 3.1850E+01    5.93E+02 0.00E+00 2.13E+02  0.515516  0.166103 5.93E+02 0.00E+00 2.13E+02  0.514862  0.166101  0.0000000E+00  0.0000000E+00  1.1205769E-04  1.2299921E+00  4.0109042E-01  6.5841112E-04 -5.6615153E-01  2.1200399E-01  1.4874235E-01 0.000 0.499 1.000 1.000 1.000 1.000 1.000 1.000 1.000 1.000 1.000 1.000 1.000 1.000 1.000 1.000 1.000 1.000 1.000 1.000 1.000 1.000 1.000 1.000 1.000 1.000 1.000 1.000 1.000 1.000 1.000 1.000 1.000 1.000 1.000 1.000 1.000 1.000 1.000 1.000  4.5935448653E-01   0.52587   1.00000   0.00000   0.00000   0.4430571E-02
  2913  4.263421066729560E+06  28.830636  5.265433  4.562114  0.6970729E+00  0.2889104E+00  2.5492367E-05  1.7227867E-03  1.1697876E-04  2.5987663E-03  5.2522454E-03  3.3134226E-06  1.0288870E-05  2.0911067E-03  1.2935766E-04  0.4959    4.562114  -6.337  0.587731  7.615357  0.3764058E+00  0.6099324E+00  1.2699559E-08  7.5646746E-05  2.0734187E-05  8.9903728E-03  2.7482841E-04  6.0725158E-07  2.2657874E-09  2.0444099E-03  2.4531702E-06  1.478E-10  7.229E-17  1.521E+11  4.326E+12  3.620E+01  4.673E+06  0.51440920  2.791E-05  3.581E-05  9.572E-01  3.153E-07  7.487E-06  1.048E+00  349   14.3306  9.36E-03 2.1113E+01 3.1677E+01    5.92E+02 0.00E+00 2.12E+02  0.514228  0.166718 5.92E+02 0.00E+00 2.12E+02  0.514409  0.166728  0.0000000E+00  0.0000000E+00  1.2393347E-04  1.2307855E+00  3.9897263E-01  6.5127124E-04 -5.6564778E-01  2.1160586E-01  1.4902400E-01 0.000 0.499 1.000 1.000 1.000 1.000 1.000 1.000 1.000 1.000 1.000 1.000 1.000 1.000 1.000 1.000 1.000 1.000 1.000 1.000 1.000 1.000 1.000 1.000 1.000 1.000 1.000 1.000 1.000 1.000 1.000 1.000 1.000 1.000 1.000 1.000 1.000 1.000 1.000 1.000  4.5708481520E-01   0.52279   1.00000   0.00000   0.00000   0.4387579E-02
  2932  4.287511773377636E+06  28.819495  5.267087  4.561760  0.6964897E+00  0.2894946E+00  2.5355626E-05  1.7149060E-03  1.1720739E-04  2.6227431E-03  5.2351221E-03  3.3082306E-06  1.0246511E-05  2.0910204E-03  1.2888694E-04  0.4957    4.561760  -6.333  0.588080  7.615641  0.3741119E+00  0.6122262E+00  1.2580381E-08  7.5725920E-05  2.0756344E-05  8.9904708E-03  2.7458472E-04  6.0548106E-07  2.3154923E-09  2.0440620E-03  2.4797223E-06  1.475E-10  7.218E-17  1.522E+11  4.338E+12  3.621E+01  4.686E+06  0.51284300  2.767E-05  3.564E-05  9.575E-01  3.167E-07  7.427E-06  1.048E+00  348   14.3306  9.36E-03 2.1002E+01 3.1514E+01    5.91E+02 0.00E+00 2.11E+02  0.513516  0.167373 5.91E+02 0.00E+00 2.11E+02  0.512843  0.167371  0.0000000E+00  0.0000000E+00  1.2488281E-04  1.2317179E+00  3.9691225E-01  6.4406231E-04 -5.6509719E-01  2.1118192E-01  1.4930803E-01 0.000 0.500 1.000 1.000 1.000 1.000 1.000 1.000 1.000 1.000 1.000 1.000 1.000 1.000 1.000 1.000 1.000 1.000 1.000 1.000 1.000 1.000 1.000 1.000 1.000 1.000 1.000 1.000 1.000 1.000 1.000 1.000 1.000 1.000 1.000 1.000 1.000 1.000 1.000 1.000  4.5472097993E-01   0.51960   1.00000   0.00000   0.00000   0.4338540E-02
  2951  4.311602480025711E+06  28.808271  5.268763  4.561464  0.6959095E+00  0.2900756E+00  2.5222332E-05  1.7072068E-03  1.1742290E-04  2.6462483E-03  5.2183107E-03  3.3030172E-06  1.0205067E-05  2.0909345E-03  1.2842582E-04  0.4956    4.561464  -6.330  0.588438  7.615929  0.3718195E+00  0.6145186E+00  1.2395253E-08  7.5800863E-05  2.0777343E-05  8.9905315E-03  2.7439078E-04  6.0374188E-07  2.3191912E-09  2.0437137E-03  2.5051016E-06  1.413E-10  6.906E-17  1.517E+11  4.326E+12  3.610E+01  4.672E+06  0.51254498  2.751E-05  3.544E-05  9.576E-01  3.178E-07  7.367E-06  1.048E+00  348   14.3306  9.36E-03 2.0879E+01 3.1332E+01    5.90E+02 0.00E+00 2.10E+02  0.512013  0.168016 5.90E+02 0.00E+00 2.10E+02  0.512545  0.168026  0.0000000E+00  0.0000000E+00  1.2552888E-04  1.2326157E+00  3.9467688E-01  6.3635368E-04 -5.6455048E-01  2.1075927E-01  1.4959555E-01 0.000 0.500 1.000 1.000 1.000 1.000 1.000 1.000 1.000 1.000 1.000 1.000 1.000 1.000 1.000 1.000 1.000 1.000 1.000 1.000 1.000 1.000 1.000 1.000 1.000 1.000 1.000 1.000 1.000 1.000 1.000 1.000 1.000 1.000 1.000 1.000 1.000 1.000 1.000 1.000  4.5234156243E-01   0.51642   1.00000   0.00000   0.00000   0.4294379E-02
  2971  4.335566393480897E+06  28.797025  5.270480  4.561103  0.6953182E+00  0.2906679E+00  2.5089141E-05  1.6994972E-03  1.1763094E-04  2.6698653E-03  5.2013948E-03  3.2976589E-06  1.0163505E-05  2.0908471E-03  1.2796283E-04  0.4955    4.561103  -6.327  0.588879  7.616231  0.3694420E+00  0.6168962E+00  1.1645307E-08  7.5873290E-05  2.0796815E-05  8.9913609E-03  2.7332602E-04  5.9987962E-07  1.9778473E-09  2.0433524E-03  2.5092031E-06  1.427E-10  6.983E-17  1.480E+11  4.117E+12  3.523E+01  4.446E+06  0.51148432  2.729E-05  3.527E-05  9.577E-01  3.190E-07  7.311E-06  1.048E+00  352   14.2607  9.36E-03 2.0764E+01 3.1162E+01    5.89E+02 0.00E+00 2.09E+02  0.511167  0.168690 5.89E+02 0.00E+00 2.10E+02  0.511484  0.168699  0.0000000E+00  0.0000000E+00  1.2517579E-04  1.2336885E+00  3.9252841E-01  6.2913120E-04 -5.6398349E-01  2.1032719E-01  1.4987866E-01 0.000 0.498 1.000 1.000 1.000 1.000 1.000 1.000 1.000 1.000 1.000 1.000 1.000 1.000 1.000 1.000 1.000 1.000 1.000 1.000 1.000 1.000 1.000 1.000 1.000 1.000 1.000 1.000 1.000 1.000 1.000 1.000 1.000 1.000 1.000 1.000 1.000 1.000 1.000 1.000  4.4995852639E-01   0.51312   1.00000   0.00000   0.00000   0.4245721E-02
  2990  4.359416193062489E+06  28.785748  5.272105  4.560746  0.6947032E+00  0.2912839E+00  2.4953343E-05  1.6916200E-03  1.1783557E-04  2.6940773E-03  5.1840278E-03  3.2920441E-06  1.0120976E-05  2.0907562E-03  1.2748849E-04  0.4952    4.560746  -6.324  0.589237  7.616518  0.3670567E+00  0.6192816E+00  1.1777171E-08  7.5980002E-05  2.0827421E-05  8.9921586E-03  2.7223748E-04  5.9600629E-07  2.1955472E-09  2.0429894E-03  2.5178219E-06  1.432E-10  7.005E-17  1.499E+11  4.213E+12  3.569E+01  4.550E+06  0.50969327  2.704E-05  3.510E-05  9.581E-01  3.204E-07  7.256E-06  1.048E+00  351   14.2607  9.36E-03 2.0657E+01 3.1004E+01    5.87E+02 0.00E+00 2.09E+02  0.510390  0.169339 5.87E+02 0.00E+00 2.08E+02  0.509693  0.169336  0.0000000E+00  0.0000000E+00  1.2608852E-04  1.2347523E+00  3.9046884E-01  6.2201768E-04 -5.6340557E-01  2.0988985E-01  1.5016201E-01 0.000 0.498 1.000 1.000 1.000 1.000 1.000 1.000 1.000 1.000 1.000 1.000 1.000 1.000 1.000 1.000 1.000 1.000 1.000 1.000 1.000 1.000 1.000 1.000 1.000 1.000 1.000 1.000 1.000 1.000 1.000 1.000 1.000 1.000 1.000 1.000 1.000 1.000 1.000 1.000  4.4757085930E-01   0.50980   1.00000   0.00000   0.00000   0.4199196E-02
  3009  4.383265992644081E+06  28.774390  5.273767  4.560451  0.6940974E+00  0.2918907E+00  2.4822205E-05  1.6839974E-03  1.1802597E-04  2.7175850E-03  5.1671423E-03  3.2864776E-06  1.0079760E-05  2.0906668E-03  1.2702824E-04  0.4950    4.560451  -6.321  0.589615  7.616813  0.3647101E+00  0.6216282E+00  1.1604246E-08  7.6061080E-05  2.0850294E-05  8.9926191E-03  2.7157708E-04  5.9320087E-07  2.2064110E-09  2.0426314E-03  2.5369568E-06  1.432E-10  7.007E-17  1.495E+11  4.203E+12  3.559E+01  4.539E+06  0.50923073  2.688E-05  3.491E-05  9.582E-01  3.215E-07  7.201E-06  1.047E+00  353   14.2607  9.36E-03 2.0536E+01 3.0825E+01    5.86E+02 0.00E+00 2.08E+02  0.508799  0.169981 5.86E+02 0.00E+00 2.08E+02  0.509231  0.169991  0.0000000E+00  0.0000000E+00  1.2670006E-04  1.2357175E+00  3.8823013E-01  6.1466429E-04 -5.6284572E-01  2.0945997E-01  1.5045072E-01 0.000 0.498 1.000 1.000 1.000 1.000 1.000 1.000 1.000 1.000 1.000 1.000 1.000 1.000 1.000 1.000 1.000 1.000 1.000 1.000 1.000 1.000 1.000 1.000 1.000 1.000 1.000 1.000 1.000 1.000 1.000 1.000 1.000 1.000 1.000 1.000 1.000 1.000 1.000 1.000  4.4516867548E-01   0.50655   1.00000   0.00000   0.00000   0.4157063E-02
  3029  4.407015372016903E+06  28.762998  5.275428  4.560135  0.6934750E+00  0.2925140E+00  2.4690049E-05  1.6763001E-03  1.1821067E-04  2.7414004E-03  5.1500122E-03  3.2807253E-06  1.0038079E-05  2.0905750E-03  1.2656227E-04  0.4948    4.560135  -6.318  0.589979  7.617102  0.3623919E+00  0.6239465E+00  1.1417773E-08  7.6171096E-05  2.0881440E-05  8.9928621E-03  2.7111698E-04  5.8992897E-07  2.2241767E-09  2.0422772E-03  2.5602056E-06  1.425E-10  6.974E-17  1.490E+11  4.186E+12  3.546E+01  4.521E+06  0.50802918  2.667E-05  3.472E-05  9.584E-01  3.227E-07  7.146E-06  1.047E+00  352   14.2607  9.36E-03 2.0420E+01 3.0654E+01    5.85E+02 0.00E+00 2.07E+02  0.507595  0.170638 5.85E+02 0.00E+00 2.07E+02  0.508029  0.170648  0.0000000E+00  0.0000000E+00  1.2620072E-04  1.2366780E+00  3.8607298E-01  6.0738126E-04 -5.6228521E-01  2.0903046E-01  1.5073704E-01 0.000 0.498 1.000 1.000 1.000 1.000 1.000 1.000 1.000 1.000 1.000 1.000 1.000 1.000 1.000 1.000 1.000 1.000 1.000 1.000 1.000 1.000 1.000 1.000 1.000 1.000 1.000 1.000 1.000 1.000 1.000 1.000 1.000 1.000 1.000 1.000 1.000 1.000 1.000 1.000  4.4276184762E-01   0.50333   1.00000   0.00000   0.00000   0.4113263E-02
  3048  4.430626673602673E+06  28.751587  5.277126  4.559753  0.6928393E+00  0.2931508E+00  2.4557649E-05  1.6685732E-03  1.1838849E-04  2.7653848E-03  5.1327372E-03  3.2748203E-06  9.9961754E-06  2.0904814E-03  1.2609327E-04  0.4946    4.559753  -6.314  0.590446  7.617410  0.3599729E+00  0.6263655E+00  1.1055732E-08  7.6242720E-05  2.0901127E-05  8.9939716E-03  2.6973256E-04  5.8619681E-07  2.1109578E-09  2.0419075E-03  2.5611666E-06  1.394E-10  6.825E-17  1.476E+11  4.105E+12  3.513E+01  4.433E+06  0.50620264  2.641E-05  3.455E-05  9.587E-01  3.239E-07  7.095E-06  1.047E+00  354   14.1904  9.36E-03 2.0310E+01 3.0492E+01    5.84E+02 0.00E+00 2.06E+02  0.506925  0.171323 5.84E+02 0.00E+00 2.06E+02  0.506203  0.171320  0.0000000E+00  0.0000000E+00  1.2719735E-04  1.2378488E+00  3.8400073E-01  6.0031875E-04 -5.6170269E-01  2.0859021E-01  1.5101998E-01 0.000 0.497 1.000 1.000 1.000 1.000 1.000 1.000 1.000 1.000 1.000 1.000 1.000 1.000 1.000 1.000 1.000 1.000 1.000 1.000 1.000 1.000 1.000 1.000 1.000 1.000 1.000 1.000 1.000 1.000 1.000 1.000 1.000 1.000 1.000 1.000 1.000 1.000 1.000 1.000  4.4035368919E-01   0.49996   1.00000   0.00000   0.00000   0.4065524E-02
  3067  4.454237975188443E+06  28.740092  5.278782  4.559465  0.6922051E+00  0.2937859E+00  2.4428083E-05  1.6609971E-03  1.1855550E-04  2.7889762E-03  5.1157226E-03  3.2689050E-06  9.9550293E-06  2.0903880E-03  1.2563222E-04  0.4944    4.559465  -6.311  0.590838  7.617708  0.3576064E+00  0.6287321E+00  1.0948469E-08  7.6331499E-05  2.0926250E-05  8.9945549E-03  2.6891921E-04  5.8298304E-07  2.1624502E-09  2.0415449E-03  2.5784624E-06  1.400E-10  6.854E-17  1.478E+11  4.116E+12  3.517E+01  4.445E+06  0.50565116  2.624E-05  3.436E-05  9.588E-01  3.250E-07  7.043E-06  1.047E+00  356   14.1904  9.36E-03 2.0188E+01 3.0312E+01    5.83E+02 0.00E+00 2.05E+02  0.505288  0.171969 5.83E+02 0.00E+00 2.05E+02  0.505651  0.171979  0.0000000E+00  0.0000000E+00  1.2779338E-04  1.2388324E+00  3.8175389E-01  5.9307861E-04 -5.6113730E-01  2.0815709E-01  1.5130970E-01 0.000 0.497 1.000 1.000 1.000 1.000 1.000 1.000 1.000 1.000 1.000 1.000 1.000 1.000 1.000 1.000 1.000 1.000 1.000 1.000 1.000 1.000 1.000 1.000 1.000 1.000 1.000 1.000 1.000 1.000 1.000 1.000 1.000 1.000 1.000 1.000 1.000 1.000 1.000 1.000  4.3793103233E-01   0.49668   1.00000   0.00000   0.00000   0.4025153E-02
  3087  4.477774714769207E+06  28.728551  5.280447  4.559150  0.6915502E+00  0.2944418E+00  2.4296789E-05  1.6533055E-03  1.1871765E-04  2.8130028E-03  5.0983715E-03  3.2627741E-06  9.9131944E-06  2.0902916E-03  1.2516292E-04  0.4942    4.559150  -6.308  0.591217  7.618002  0.3552760E+00  0.6310625E+00  1.0774992E-08  7.6448574E-05  2.0959659E-05  8.9948330E-03  2.6840712E-04  5.7930539E-07  2.1845800E-09  2.0411871E-03  2.6022202E-06  1.395E-10  6.827E-17  1.473E+11  4.100E+12  3.506E+01  4.429E+06  0.50421083  2.603E-05  3.418E-05  9.591E-01  3.262E-07  6.990E-06  1.046E+00  357   14.1904  9.36E-03 2.0073E+01 3.0140E+01    5.82E+02 0.00E+00 2.04E+02  0.503906  0.172631 5.82E+02 0.00E+00 2.04E+02  0.504211  0.172642  0.0000000E+00  0.0000000E+00  1.2723604E-04  1.2397969E+00  3.7958495E-01  5.8590744E-04 -5.6057417E-01  2.0772546E-01  1.5159769E-01 0.000 0.498 1.000 1.000 1.000 1.000 1.000 1.000 1.000 1.000 1.000 1.000 1.000 1.000 1.000 1.000 1.000 1.000 1.000 1.000 1.000 1.000 1.000 1.000 1.000 1.000 1.000 1.000 1.000 1.000 1.000 1.000 1.000 1.000 1.000 1.000 1.000 1.000 1.000 1.000  4.3550171187E-01   0.49344   1.00000   0.00000   0.00000   0.3982890E-02
  3106  4.501149903339120E+06  28.717004  5.282096  4.558781  0.6908810E+00  0.2951120E+00  2.4165139E-05  1.6455787E-03  1.1887312E-04  2.8372152E-03  5.0808637E-03  3.2564902E-06  9.8711060E-06  2.0901932E-03  1.2469026E-04  0.4940    4.558781  -6.305  0.591613  7.618300  0.3529726E+00  0.6333659E+00  1.0682746E-08  7.6526222E-05  2.0981007E-05  8.9950188E-03  2.6806580E-04  5.7792202E-07  2.2365339E-09  2.0408327E-03  2.6266148E-06  1.394E-10  6.822E-17  1.475E+11  4.115E+12  3.510E+01  4.444E+06  0.50253304  2.579E-05  3.401E-05  9.593E-01  3.274E-07  6.939E-06  1.046E+00  359   14.1904  9.36E-03 1.9962E+01 2.9977E+01    5.81E+02 0.00E+00 2.03E+02  0.503247  0.173303 5.80E+02 0.00E+00 2.03E+02  0.502533  0.173300  0.0000000E+00  0.0000000E+00  1.2821444E-04  1.2406994E+00  3.7749027E-01  5.7926489E-04 -5.6002437E-01  2.0729940E-01  1.5188640E-01 0.000 0.498 1.000 1.000 1.000 1.000 1.000 1.000 1.000 1.000 1.000 1.000 1.000 1.000 1.000 1.000 1.000 1.000 1.000 1.000 1.000 1.000 1.000 1.000 1.000 1.000 1.000 1.000 1.000 1.000 1.000 1.000 1.000 1.000 1.000 1.000 1.000 1.000 1.000 1.000  4.3307454221E-01   0.49024   1.00000   0.00000   0.00000   0.3937445E-02
  3125  4.524525091909032E+06  28.705373  5.283775  4.558476  0.6902082E+00  0.2957859E+00  2.4035229E-05  1.6379401E-03  1.1901955E-04  2.8612250E-03  5.0634802E-03  3.2501565E-06  9.8294370E-06  2.0900943E-03  1.2422179E-04  0.4938    4.558476  -6.302  0.592015  7.618601  0.3506734E+00  0.6356650E+00  1.0509226E-08  7.6604575E-05  2.1003002E-05  8.9951353E-03  2.6780240E-04  5.7607198E-07  2.2324989E-09  2.0404784E-03  2.6506355E-06  1.392E-10  6.813E-17  1.470E+11  4.099E+12  3.498E+01  4.427E+06  0.50183677  2.561E-05  3.381E-05  9.595E-01  3.286E-07  6.888E-06  1.046E+00  360   14.1904  9.36E-03 1.9841E+01 2.9797E+01    5.79E+02 0.00E+00 2.02E+02  0.501597  0.173962 5.79E+02 0.00E+00 2.02E+02  0.501837  0.173972  0.0000000E+00  0.0000000E+00  1.2881480E-04  1.2415700E+00  3.7522494E-01  5.7193711E-04 -5.5947775E-01  2.0687449E-01  1.5217843E-01 0.000 0.498 1.000 1.000 1.000 1.000 1.000 1.000 1.000 1.000 1.000 1.000 1.000 1.000 1.000 1.000 1.000 1.000 1.000 1.000 1.000 1.000 1.000 1.000 1.000 1.000 1.000 1.000 1.000 1.000 1.000 1.000 1.000 1.000 1.000 1.000 1.000 1.000 1.000 1.000  4.3063284912E-01   0.48705   1.00000   0.00000   0.00000   0.3896812E-02
  3145  4.548638444328524E+06  28.693286  5.285500  4.558125  0.6894934E+00  0.2965018E+00  2.3899804E-05  1.6299628E-03  1.1916480E-04  2.8863774E-03  5.0452464E-03  3.2434148E-06  9.7858555E-06  2.0899893E-03  1.2373127E-04  0.4937    4.558125  -6.299  0.592335  7.618881  0.3483081E+00  0.6380304E+00  9.9634575E-09  7.6943854E-05  2.1097555E-05  8.9948080E-03  2.6761259E-04  5.7051513E-07  2.1437121E-09  2.0401131E-03  2.6757468E-06  1.331E-10  6.511E-17  1.433E+11  3.931E+12  3.412E+01  4.246E+06  0.50049232  2.540E-05  3.362E-05  9.597E-01  3.299E-07  6.836E-06  1.046E+00  362   14.1904  9.36E-03 1.9720E+01 2.9620E+01    5.78E+02 0.00E+00 2.01E+02  0.500214  0.174654 5.78E+02 0.00E+00 2.01E+02  0.500492  0.174664  0.0000000E+00  0.0000000E+00  1.1662234E-04  1.2426245E+00  3.7295444E-01  5.6457808E-04 -5.5887459E-01  2.0642087E-01  1.5246969E-01 0.000 0.498 1.000 1.000 1.000 1.000 1.000 1.000 1.000 1.000 1.000 1.000 1.000 1.000 1.000 1.000 1.000 1.000 1.000 1.000 1.000 1.000 1.000 1.000 1.000 1.000 1.000 1.000 1.000 1.000 1.000 1.000 1.000 1.000 1.000 1.000 1.000 1.000 1.000 1.000  4.2809853751E-01   0.48376   1.00000   0.00000   0.00000   0.3853475E-02
  3165  4.572333503899932E+06  28.681318  5.287223  4.557809  0.6887800E+00  0.2972162E+00  2.3767189E-05  1.6221371E-03  1.1929973E-04  2.9111289E-03  5.0272806E-03  3.2366768E-06  9.7430374E-06  2.0898846E-03  1.2324881E-04  0.4936    4.557809  -6.295  0.592828  7.619214  0.3459875E+00  0.6403509E+00  1.0183576E-08  7.6795764E-05  2.1056702E-05  8.9951397E-03  2.6747915E-04  5.7214766E-07  2.2555353E-09  2.0397541E-03  2.6997437E-06  1.381E-10  6.763E-17  1.461E+11  4.072E+12  3.476E+01  4.398E+06  0.49932562  2.520E-05  3.344E-05  9.599E-01  3.311E-07  6.786E-06  1.046E+00  366   14.1904  9.36E-03 1.9602E+01 2.9445E+01    5.77E+02 0.00E+00 2.00E+02  0.498899  0.175347 5.77E+02 0.00E+00 2.00E+02  0.499326  0.175358  0.0000000E+00  0.0000000E+00  1.2907134E-04  1.2433358E+00  3.7071400E-01  5.5773218E-04 -5.5835417E-01  2.0600113E-01  1.5277649E-01 0.000 0.498 1.000 1.000 1.000 1.000 1.000 1.000 1.000 1.000 1.000 1.000 1.000 1.000 1.000 1.000 1.000 1.000 1.000 1.000 1.000 1.000 1.000 1.000 1.000 1.000 1.000 1.000 1.000 1.000 1.000 1.000 1.000 1.000 1.000 1.000 1.000 1.000 1.000 1.000  4.2559283182E-01   0.48054   1.00000   0.00000   0.00000   0.3810953E-02
  3184  4.595474940584156E+06  28.669542  5.288896  4.557471  0.6880597E+00  0.2979376E+00  2.3635750E-05  1.6143673E-03  1.1942635E-04  2.9357777E-03  5.0093674E-03  3.2298671E-06  9.7004628E-06  2.0897790E-03  1.2276858E-04  0.4934    4.557471  -6.292  0.593247  7.619521  0.3437007E+00  0.6426377E+00  9.8610929E-09  7.6862173E-05  2.1075029E-05  8.9952782E-03  2.6721101E-04  5.7051652E-07  2.1412800E-09  2.0393997E-03  2.7180591E-06  1.358E-10  6.650E-17  1.447E+11  3.994E+12  3.445E+01  4.314E+06  0.49728592  2.495E-05  3.327E-05  9.603E-01  3.324E-07  6.738E-06  1.045E+00  367   14.1904  9.36E-03 1.9493E+01 2.9283E+01    5.76E+02 0.00E+00 1.99E+02  0.498030  0.176035 5.76E+02 0.00E+00 1.99E+02  0.497286  0.176031  0.0000000E+00  0.0000000E+00  1.3002009E-04  1.2441359E+00  3.6859833E-01  5.5103194E-04 -5.5781642E-01  2.0557914E-01  1.5306979E-01 0.000 0.497 1.000 1.000 1.000 1.000 1.000 1.000 1.000 1.000 1.000 1.000 1.000 1.000 1.000 1.000 1.000 1.000 1.000 1.000 1.000 1.000 1.000 1.000 1.000 1.000 1.000 1.000 1.000 1.000 1.000 1.000 1.000 1.000 1.000 1.000 1.000 1.000 1.000 1.000  4.2313082142E-01   0.47736   1.00000   0.00000   0.00000   0.3768369E-02
  3204  4.619468956514641E+06  28.657241  5.290603  4.557124  0.6873203E+00  0.2986781E+00  2.3503288E-05  1.6065237E-03  1.1954680E-04  2.9607352E-03  4.9912079E-03  3.2228734E-06  9.6574202E-06  2.0896706E-03  1.2228255E-04  0.4932    4.557124  -6.289  0.593594  7.619811  0.3412845E+00  0.6450539E+00  9.4686178E-09  7.7195450E-05  2.1167186E-05  8.9953305E-03  2.6659864E-04  5.6457089E-07  2.1377584E-09  2.0390250E-03  2.7309467E-06  1.304E-10  6.379E-17  1.422E+11  3.878E+12  3.384E+01  4.189E+06  0.49600779  2.474E-05  3.308E-05  9.605E-01  3.335E-07  6.690E-06  1.045E+00  370   14.1904  9.36E-03 1.9375E+01 2.9109E+01    5.75E+02 0.00E+00 1.98E+02  0.496793  0.176724 5.75E+02 0.00E+00 1.98E+02  0.496008  0.176723  0.0000000E+00  0.0000000E+00  1.1773537E-04  1.2451918E+00  3.6630472E-01  5.4397843E-04 -5.5720769E-01  2.0512050E-01  1.5336556E-01 0.000 0.497 1.000 1.000 1.000 1.000 1.000 1.000 1.000 1.000 1.000 1.000 1.000 1.000 1.000 1.000 1.000 1.000 1.000 1.000 1.000 1.000 1.000 1.000 1.000 1.000 1.000 1.000 1.000 1.000 1.000 1.000 1.000 1.000 1.000 1.000 1.000 1.000 1.000 1.000  4.2056313058E-01   0.47400   1.00000   0.00000   0.00000   0.3726470E-02
  3223  4.641611657510391E+06  28.645807  5.292279  4.556812  0.6866221E+00  0.2993773E+00  2.3380421E-05  1.5992366E-03  1.1965207E-04  2.9839893E-03  4.9742682E-03  3.2162690E-06  9.6173736E-06  2.0895682E-03  1.2182989E-04  0.4931    4.556812  -6.286  0.594171  7.620150  0.3389576E+00  0.6473809E+00  9.2750653E-09  7.7044995E-05  2.1126181E-05  8.9967231E-03  2.6525901E-04  5.6347602E-07  1.9781899E-09  2.0386641E-03  2.7260742E-06  1.315E-10  6.443E-17  1.420E+11  3.853E+12  3.381E+01  4.162E+06  0.49535851  2.457E-05  3.291E-05  9.606E-01  3.346E-07  6.648E-06  1.045E+00  374   14.1270  9.36E-03 1.9262E+01 2.8941E+01    5.73E+02 0.00E+00 1.97E+02  0.494937  0.177394 5.73E+02 0.00E+00 1.97E+02  0.495359  0.177404  0.0000000E+00  0.0000000E+00  1.3004528E-04  1.2461133E+00  3.6410535E-01  5.3708961E-04 -5.5668490E-01  2.0470843E-01  1.5365469E-01 0.000 0.495 1.000 1.000 1.000 1.000 1.000 1.000 1.000 1.000 1.000 1.000 1.000 1.000 1.000 1.000 1.000 1.000 1.000 1.000 1.000 1.000 1.000 1.000 1.000 1.000 1.000 1.000 1.000 1.000 1.000 1.000 1.000 1.000 1.000 1.000 1.000 1.000 1.000 1.000  4.1817998464E-01   0.47078   1.00000   0.00000   0.00000   0.3687921E-02
  3243  4.665727470476059E+06  28.633262  5.294010  4.556463  0.6858434E+00  0.3001571E+00  2.3245821E-05  1.5912409E-03  1.1976030E-04  3.0095784E-03  4.9556061E-03  3.2089062E-06  9.5733690E-06  2.0894542E-03  1.2133198E-04  0.4928    4.556463  -6.282  0.594625  7.620476  0.3364420E+00  0.6498966E+00  9.2759571E-09  7.7152764E-05  2.1156852E-05  8.9975851E-03  2.6409562E-04  5.5948567E-07  2.1022861E-09  2.0382732E-03  2.7337788E-06  1.323E-10  6.481E-17  1.431E+11  3.904E+12  3.405E+01  4.216E+06  0.49376142  2.435E-05  3.272E-05  9.609E-01  3.358E-07  6.603E-06  1.045E+00  376   14.1270  9.36E-03 1.9143E+01 2.8766E+01    5.72E+02 0.00E+00 1.96E+02  0.493345  0.178098 5.72E+02 0.00E+00 1.96E+02  0.493761  0.178108  0.0000000E+00  0.0000000E+00  1.3074660E-04  1.2471566E+00  3.6178713E-01  5.3009753E-04 -5.5608256E-01  2.0424654E-01  1.5396298E-01 0.000 0.496 1.000 1.000 1.000 1.000 1.000 1.000 1.000 1.000 1.000 1.000 1.000 1.000 1.000 1.000 1.000 1.000 1.000 1.000 1.000 1.000 1.000 1.000 1.000 1.000 1.000 1.000 1.000 1.000 1.000 1.000 1.000 1.000 1.000 1.000 1.000 1.000 1.000 1.000  4.1556988299E-01   0.46728   1.00000   0.00000   0.00000   0.3646988E-02
  3263  4.688613376980478E+06  28.621269  5.295683  4.556127  0.6850999E+00  0.3009016E+00  2.3119610E-05  1.5837315E-03  1.1985500E-04  3.0336808E-03  4.9380080E-03  3.2018813E-06  9.5319804E-06  2.0893453E-03  1.2086318E-04  0.4926    4.556127  -6.279  0.595015  7.620772  0.3340982E+00  0.6522404E+00  9.0585514E-09  7.7342692E-05  2.1213389E-05  8.9979013E-03  2.6341624E-04  5.5387806E-07  2.1056628E-09  2.0379081E-03  2.7525447E-06  1.342E-10  6.573E-17  1.420E+11  3.860E+12  3.380E+01  4.169E+06  0.49212749  2.413E-05  3.254E-05  9.612E-01  3.368E-07  6.559E-06  1.044E+00  378   14.1270  9.36E-03 1.9030E+01 2.8599E+01    5.71E+02 0.00E+00 1.95E+02  0.491809  0.178782 5.71E+02 0.00E+00 1.95E+02  0.492127  0.178792  0.0000000E+00  0.0000000E+00  1.3011827E-04  1.2481767E+00  3.5959285E-01  5.2328853E-04 -5.5550126E-01  2.0380514E-01  1.5425167E-01 0.000 0.496 1.000 1.000 1.000 1.000 1.000 1.000 1.000 1.000 1.000 1.000 1.000 1.000 1.000 1.000 1.000 1.000 1.000 1.000 1.000 1.000 1.000 1.000 1.000 1.000 1.000 1.000 1.000 1.000 1.000 1.000 1.000 1.000 1.000 1.000 1.000 1.000 1.000 1.000  4.1307978498E-01   0.46403   1.00000   0.00000   0.00000   0.3607785E-02
  3282  4.711294299074681E+06  28.609298  5.297357  4.555756  0.6843375E+00  0.3016651E+00  2.2992427E-05  1.5761529E-03  1.1994381E-04  3.0580738E-03  4.9201779E-03  3.1946852E-06  9.4901501E-06  2.0892338E-03  1.2038891E-04  0.4923    4.555756  -6.276  0.595588  7.621116  0.3316322E+00  0.6547065E+00  8.8001925E-09  7.7351650E-05  2.1212499E-05  8.9993921E-03  2.6170364E-04  5.5148257E-07  2.0077867E-09  2.0375242E-03  2.7479891E-06  1.288E-10  6.308E-17  1.416E+11  3.801E+12  3.370E+01  4.106E+06  0.48998413  2.388E-05  3.239E-05  9.615E-01  3.380E-07  6.519E-06  1.044E+00  381   14.0634  9.36E-03 1.8925E+01 2.8443E+01    5.70E+02 0.00E+00 1.94E+02  0.490746  0.179479 5.70E+02 0.00E+00 1.94E+02  0.489984  0.179476  0.0000000E+00  0.0000000E+00  1.3099386E-04  1.2492305E+00  3.5747736E-01  5.1675124E-04 -5.5493422E-01  2.0336652E-01  1.5454756E-01 0.000 0.494 1.000 1.000 1.000 1.000 1.000 1.000 1.000 1.000 1.000 1.000 1.000 1.000 1.000 1.000 1.000 1.000 1.000 1.000 1.000 1.000 1.000 1.000 1.000 1.000 1.000 1.000 1.000 1.000 1.000 1.000 1.000 1.000 1.000 1.000 1.000 1.000 1.000 1.000  4.1059906748E-01   0.46060   1.00000   0.00000   0.00000   0.3566662E-02
  3301  4.733975221168883E+06  28.597240  5.299015  4.555457  0.6835760E+00  0.3024277E+00  2.2867585E-05  1.5687028E-03  1.2002450E-04  3.0821197E-03  4.9025823E-03  3.1875080E-06  9.4489702E-06  2.0891224E-03  1.1992155E-04  0.4920    4.555457  -6.273  0.596047  7.621435  0.3292437E+00  0.6570951E+00  8.7309945E-09  7.7448477E-05  2.1239984E-05  9.0001028E-03  2.6073126E-04  5.4801803E-07  2.0715717E-09  2.0371513E-03  2.7629833E-06  1.291E-10  6.321E-17  1.418E+11  3.819E+12  3.375E+01  4.125E+06  0.48908820  2.371E-05  3.220E-05  9.617E-01  3.390E-07  6.477E-06  1.044E+00  384   14.0634  9.36E-03 1.8808E+01 2.8270E+01    5.69E+02 0.00E+00 1.93E+02  0.488535  0.180146 5.69E+02 0.00E+00 1.93E+02  0.489088  0.180157  0.0000000E+00  0.0000000E+00  1.3139538E-04  1.2501945E+00  3.5519228E-01  5.1002435E-04 -5.5436686E-01  2.0292897E-01  1.5484401E-01 0.000 0.494 1.000 1.000 1.000 1.000 1.000 1.000 1.000 1.000 1.000 1.000 1.000 1.000 1.000 1.000 1.000 1.000 1.000 1.000 1.000 1.000 1.000 1.000 1.000 1.000 1.000 1.000 1.000 1.000 1.000 1.000 1.000 1.000 1.000 1.000 1.000 1.000 1.000 1.000  4.0810596045E-01   0.45729   1.00000   0.00000   0.00000   0.3531204E-02
  3320  4.755581783795465E+06  28.585674  5.300592  4.555052  0.6828282E+00  0.3031765E+00  2.2747034E-05  1.5614986E-03  1.2009632E-04  3.1054343E-03  4.8855039E-03  3.1804714E-06  9.4090944E-06  2.0890130E-03  1.1946857E-04  0.4918    4.555052  -6.270  0.596374  7.621701  0.3269974E+00  0.6593415E+00  8.2851074E-09  7.7821774E-05  2.1345631E-05  9.0001206E-03  2.6008981E-04  5.4061454E-07  2.0068362E-09  2.0367997E-03  2.7837898E-06  1.236E-10  6.048E-17  1.385E+11  3.663E+12  3.296E+01  3.956E+06  0.48681744  2.346E-05  3.204E-05  9.621E-01  3.401E-07  6.437E-06  1.044E+00  384   14.0634  9.36E-03 1.8708E+01 2.8122E+01    5.68E+02 0.00E+00 1.92E+02  0.487543  0.180808 5.68E+02 0.00E+00 1.91E+02  0.486817  0.180805  0.0000000E+00  0.0000000E+00  1.1899572E-04  1.2512916E+00  3.5317398E-01  5.0382674E-04 -5.5378415E-01  2.0249636E-01  1.5511289E-01 0.000 0.494 1.000 1.000 1.000 1.000 1.000 1.000 1.000 1.000 1.000 1.000 1.000 1.000 1.000 1.000 1.000 1.000 1.000 1.000 1.000 1.000 1.000 1.000 1.000 1.000 1.000 1.000 1.000 1.000 1.000 1.000 1.000 1.000 1.000 1.000 1.000 1.000 1.000 1.000  4.0571934284E-01   0.45416   1.00000   0.00000   0.00000   0.3491499E-02
  3339  4.777928460721971E+06  28.573632  5.302260  4.554713  0.6820430E+00  0.3039628E+00  2.2622555E-05  1.5540493E-03  1.2016420E-04  3.1296060E-03  4.8677793E-03  3.1730973E-06  9.3678047E-06  2.0888983E-03  1.1899908E-04  0.4916    4.554713  -6.267  0.596936  7.622052  0.3246849E+00  0.6616540E+00  8.4710923E-09  7.7649104E-05  2.1296496E-05  9.0008171E-03  2.5958210E-04  5.4256211E-07  2.1047721E-09  2.0364371E-03  2.8057757E-06  1.285E-10  6.292E-17  1.411E+11  3.798E+12  3.358E+01  4.102E+06  0.48600062  2.329E-05  3.187E-05  9.622E-01  3.412E-07  6.396E-06  1.043E+00  387   14.0634  9.36E-03 1.8592E+01 2.7950E+01    5.66E+02 0.00E+00 1.91E+02  0.485543  0.181482 5.66E+02 0.00E+00 1.91E+02  0.486001  0.181493  0.0000000E+00  0.0000000E+00  1.3136063E-04  1.2519666E+00  3.5089146E-01  4.9731645E-04 -5.5327902E-01  2.0208467E-01  1.5542016E-01 0.000 0.494 1.000 1.000 1.000 1.000 1.000 1.000 1.000 1.000 1.000 1.000 1.000 1.000 1.000 1.000 1.000 1.000 1.000 1.000 1.000 1.000 1.000 1.000 1.000 1.000 1.000 1.000 1.000 1.000 1.000 1.000 1.000 1.000 1.000 1.000 1.000 1.000 1.000 1.000  4.0323908355E-01   0.45095   1.00000   0.00000   0.00000   0.3454177E-02
  3358  4.800382573595241E+06  28.561445  5.303926  4.554322  0.6812378E+00  0.3047690E+00  2.2497071E-05  1.5465296E-03  1.2022617E-04  3.1540722E-03  4.8498200E-03  3.1655532E-06  9.3260651E-06  2.0887806E-03  1.1852402E-04  0.4914    4.554322  -6.264  0.597399  7.622370  0.3223731E+00  0.6639657E+00  8.3961476E-09  7.7738725E-05  2.1321629E-05  9.0010066E-03  2.5921656E-04  5.4052336E-07  2.1519178E-09  2.0360738E-03  2.8290560E-06  1.284E-10  6.287E-17  1.412E+11  3.811E+12  3.361E+01  4.116E+06  0.48377980  2.304E-05  3.170E-05  9.626E-01  3.423E-07  6.355E-06  1.043E+00  388   14.0634  9.36E-03 1.8485E+01 2.7793E+01    5.65E+02 0.00E+00 1.90E+02  0.484557  0.182183 5.65E+02 0.00E+00 1.89E+02  0.483780  0.182181  0.0000000E+00  0.0000000E+00  1.3225870E-04  1.2528262E+00  3.4875770E-01  4.9098583E-04 -5.5272922E-01  2.0165457E-01  1.5571661E-01 0.000 0.495 1.000 1.000 1.000 1.000 1.000 1.000 1.000 1.000 1.000 1.000 1.000 1.000 1.000 1.000 1.000 1.000 1.000 1.000 1.000 1.000 1.000 1.000 1.000 1.000 1.000 1.000 1.000 1.000 1.000 1.000 1.000 1.000 1.000 1.000 1.000 1.000 1.000 1.000  4.0073407558E-01   0.44774   1.00000   0.00000   0.00000   0.3413605E-02
  3378  4.823191225092821E+06  28.548978  5.305631  4.553950  0.6804102E+00  0.3055978E+00  2.2370263E-05  1.5389201E-03  1.2028220E-04  3.1788973E-03  4.8315781E-03  3.1578178E-06  9.2837667E-06  2.0886597E-03  1.1804215E-04  0.4913    4.553950  -6.261  0.597768  7.622661  0.3200312E+00  0.6663077E+00  7.9285145E-09  7.8110333E-05  2.1426531E-05  9.0007242E-03  2.5892033E-04  5.3416076E-07  2.0582644E-09  2.0357051E-03  2.8530648E-06  1.227E-10  6.004E-17  1.376E+11  3.642E+12  3.276E+01  3.933E+06  0.48210889  2.282E-05  3.152E-05  9.629E-01  3.435E-07  6.313E-06  1.043E+00  392   14.0634  9.36E-03 1.8370E+01 2.7623E+01    5.64E+02 0.00E+00 1.89E+02  0.482828  0.182890 5.64E+02 0.00E+00 1.88E+02  0.482109  0.182887  0.0000000E+00  0.0000000E+00  1.1959660E-04  1.2538659E+00  3.4649308E-01  4.8447460E-04 -5.5212923E-01  2.0120236E-01  1.5600783E-01 0.000 0.495 1.000 1.000 1.000 1.000 1.000 1.000 1.000 1.000 1.000 1.000 1.000 1.000 1.000 1.000 1.000 1.000 1.000 1.000 1.000 1.000 1.000 1.000 1.000 1.000 1.000 1.000 1.000 1.000 1.000 1.000 1.000 1.000 1.000 1.000 1.000 1.000 1.000 1.000  3.9817685351E-01   0.44448   1.00000   0.00000   0.00000   0.3375287E-02
  3397  4.845101712075463E+06  28.536915  5.307297  4.553664  0.6796047E+00  0.3064043E+00  2.2248907E-05  1.5316282E-03  1.2032963E-04  3.2027491E-03  4.8140337E-03  3.1503107E-06  9.2431764E-06  2.0885421E-03  1.1757930E-04  0.4911    4.553664  -6.258  0.598331  7.623010  0.3177844E+00  0.6685544E+00  8.1034050E-09  7.7936596E-05  2.1377257E-05  9.0011751E-03  2.5869459E-04  5.3642355E-07  2.1503817E-09  2.0353506E-03  2.8748976E-06  1.275E-10  6.246E-17  1.402E+11  3.774E+12  3.336E+01  4.076E+06  0.48124030  2.266E-05  3.134E-05  9.630E-01  3.445E-07  6.274E-06  1.042E+00  392   14.0634  9.36E-03 1.8256E+01 2.7452E+01    5.63E+02 0.00E+00 1.87E+02  0.480779  0.183569 5.63E+02 0.00E+00 1.88E+02  0.481240  0.183580  0.0000000E+00  0.0000000E+00  1.3201477E-04  1.2544561E+00  3.4423627E-01  4.7799623E-04 -5.5163988E-01  2.0079928E-01  1.5631390E-01 0.000 0.495 1.000 1.000 1.000 1.000 1.000 1.000 1.000 1.000 1.000 1.000 1.000 1.000 1.000 1.000 1.000 1.000 1.000 1.000 1.000 1.000 1.000 1.000 1.000 1.000 1.000 1.000 1.000 1.000 1.000 1.000 1.000 1.000 1.000 1.000 1.000 1.000 1.000 1.000  3.9570818235E-01   0.44137   1.00000   0.00000   0.00000   0.3340718E-02
  3416  4.867331283819987E+06  28.524588  5.308976  4.553300  0.6787598E+00  0.3072503E+00  2.2123705E-05  1.5240956E-03  1.2037222E-04  3.2274524E-03  4.7958448E-03  3.1424600E-06  9.2011872E-06  2.0884188E-03  1.1710006E-04  0.4911    4.553300  -6.254  0.598802  7.623330  0.3155091E+00  0.6708297E+00  8.0284489E-09  7.8024724E-05  2.1401930E-05  9.0011877E-03  2.5853332E-04  5.3485406E-07  2.1911576E-09  2.0349910E-03  2.8969156E-06  1.273E-10  6.237E-17  1.403E+11  3.785E+12  3.338E+01  4.088E+06  0.47880804  2.241E-05  3.118E-05  9.634E-01  3.457E-07  6.234E-06  1.042E+00  395   14.0634  9.36E-03 1.8149E+01 2.7294E+01    5.62E+02 0.00E+00 1.86E+02  0.479599  0.184281 5.62E+02 0.00E+00 1.86E+02  0.478808  0.184278  0.0000000E+00  0.0000000E+00  1.3286487E-04  1.2552415E+00  3.4210102E-01  4.7201943E-04 -5.5110000E-01  2.0037333E-01  1.5661241E-01 0.000 0.495 1.000 1.000 1.000 1.000 1.000 1.000 1.000 1.000 1.000 1.000 1.000 1.000 1.000 1.000 1.000 1.000 1.000 1.000 1.000 1.000 1.000 1.000 1.000 1.000 1.000 1.000 1.000 1.000 1.000 1.000 1.000 1.000 1.000 1.000 1.000 1.000 1.000 1.000  3.9319108364E-01   0.43820   1.00000   0.00000   0.00000   0.3302114E-02
  3435  4.889092864580419E+06  28.512434  5.310656  4.552948  0.6779473E+00  0.3080639E+00  2.2005247E-05  1.5169599E-03  1.2040659E-04  3.2509134E-03  4.7785538E-03  3.1349342E-06  9.1613560E-06  2.0883002E-03  1.1664505E-04  0.4910    4.552948  -6.252  0.599292  7.623642  0.3131893E+00  0.6731496E+00  6.9210970E-09  7.8323180E-05  2.1484176E-05  9.0015098E-03  2.5767185E-04  5.2887410E-07  1.5978121E-09  2.0346243E-03  2.9010356E-06  1.165E-10  5.704E-17  1.312E+11  3.310E+12  3.122E+01  3.574E+06  0.47786293  2.224E-05  3.100E-05  9.636E-01  3.466E-07  6.198E-06  1.042E+00  397   13.9995  9.36E-03 1.8034E+01 2.7125E+01    5.60E+02 0.00E+00 1.85E+02  0.477706  0.184969 5.61E+02 0.00E+00 1.85E+02  0.477863  0.184981  0.0000000E+00  0.0000000E+00  1.2002609E-04  1.2563058E+00  3.3984235E-01  4.6545656E-04 -5.5052429E-01  1.9993659E-01  1.5689736E-01 0.000 0.493 1.000 1.000 1.000 1.000 1.000 1.000 1.000 1.000 1.000 1.000 1.000 1.000 1.000 1.000 1.000 1.000 1.000 1.000 1.000 1.000 1.000 1.000 1.000 1.000 1.000 1.000 1.000 1.000 1.000 1.000 1.000 1.000 1.000 1.000 1.000 1.000 1.000 1.000  3.9071521195E-01   0.43496   1.00000   0.00000   0.00000   0.3266518E-02
  3455  4.911626630464608E+06  28.499758  5.312372  4.552616  0.6770700E+00  0.3089423E+00  2.1879407E-05  1.5093703E-03  1.2043680E-04  3.2759302E-03  4.7600982E-03  3.1268358E-06  9.1189319E-06  2.0881722E-03  1.1615998E-04  0.4907    4.552616  -6.248  0.599874  7.624003  0.3107420E+00  0.6755969E+00  7.5149854E-09  7.8222201E-05  2.1457365E-05  9.0026658E-03  2.5651852E-04  5.2784390E-07  2.0300483E-09  2.0342373E-03  2.9048348E-06  1.231E-10  6.030E-17  1.379E+11  3.639E+12  3.283E+01  3.930E+06  0.47614882  2.203E-05  3.083E-05  9.638E-01  3.478E-07  6.162E-06  1.041E+00  401   13.9995  9.36E-03 1.7922E+01 2.6959E+01    5.59E+02 0.00E+00 1.84E+02  0.475871  0.185689 5.59E+02 0.00E+00 1.84E+02  0.476149  0.185699  0.0000000E+00  0.0000000E+00  1.3263551E-04  1.2571385E+00  3.3756741E-01  4.5919736E-04 -5.4997339E-01  1.9949825E-01  1.5721047E-01 0.000 0.493 1.000 1.000 1.000 1.000 1.000 1.000 1.000 1.000 1.000 1.000 1.000 1.000 1.000 1.000 1.000 1.000 1.000 1.000 1.000 1.000 1.000 1.000 1.000 1.000 1.000 1.000 1.000 1.000 1.000 1.000 1.000 1.000 1.000 1.000 1.000 1.000 1.000 1.000  3.8813881217E-01   0.43159   1.00000   0.00000   0.00000   0.3230554E-02
  3474  4.933633906491687E+06  28.487288  5.314034  4.552264  0.6761937E+00  0.3098198E+00  2.1755763E-05  1.5019042E-03  1.2046018E-04  3.3006032E-03  4.7418786E-03  3.1187761E-06  9.0771393E-06  2.0880443E-03  1.1568170E-04  0.4905    4.552264  -6.245  0.600370  7.624332  0.3084079E+00  0.6779311E+00  7.4775524E-09  7.8319713E-05  2.1484789E-05  9.0030468E-03  2.5592121E-04  5.2532680E-07  2.1001326E-09  2.0338670E-03  2.9215922E-06  1.234E-10  6.047E-17  1.384E+11  3.667E+12  3.295E+01  3.960E+06  0.47365491  2.179E-05  3.066E-05  9.643E-01  3.490E-07  6.126E-06  1.041E+00  402   13.9995  9.36E-03 1.7817E+01 2.6804E+01    5.58E+02 0.00E+00 1.83E+02  0.474467  0.186398 5.58E+02 0.00E+00 1.83E+02  0.473655  0.186395  0.0000000E+00  0.0000000E+00  1.3340066E-04  1.2579919E+00  3.3543825E-01  4.5316355E-04 -5.4942028E-01  1.9906504E-01  1.5751058E-01 0.000 0.494 1.000 1.000 1.000 1.000 1.000 1.000 1.000 1.000 1.000 1.000 1.000 1.000 1.000 1.000 1.000 1.000 1.000 1.000 1.000 1.000 1.000 1.000 1.000 1.000 1.000 1.000 1.000 1.000 1.000 1.000 1.000 1.000 1.000 1.000 1.000 1.000 1.000 1.000  3.8561125890E-01   0.42834   1.00000   0.00000   0.00000   0.3194407E-02
  3494  4.955606434188201E+06  28.474750  5.315734  4.551894  0.6753214E+00  0.3106932E+00  2.1634657E-05  1.4945829E-03  1.2047703E-04  3.3248583E-03  4.7239506E-03  3.1107840E-06  9.0361001E-06  2.0879171E-03  1.1521164E-04  0.4903    4.551894  -6.242  0.600947  7.624675  0.3059495E+00  0.6803895E+00  6.9205789E-09  7.8457433E-05  2.1525188E-05  9.0041795E-03  2.5439906E-04  5.1925483E-07  1.8036344E-09  2.0334773E-03  2.9184759E-06  1.186E-10  5.811E-17  1.346E+11  3.447E+12  3.204E+01  3.723E+06  0.47185851  2.158E-05  3.050E-05  9.645E-01  3.500E-07  6.093E-06  1.041E+00  406   13.9354  9.36E-03 1.7708E+01 2.6642E+01    5.57E+02 0.00E+00 1.82E+02  0.472696  0.187114 5.57E+02 0.00E+00 1.82E+02  0.471859  0.187111  0.0000000E+00  0.0000000E+00  1.3266326E-04  1.2591267E+00  3.3322425E-01  4.4686473E-04 -5.4882930E-01  1.9861457E-01  1.5780663E-01 0.000 0.492 1.000 1.000 1.000 1.000 1.000 1.000 1.000 1.000 1.000 1.000 1.000 1.000 1.000 1.000 1.000 1.000 1.000 1.000 1.000 1.000 1.000 1.000 1.000 1.000 1.000 1.000 1.000 1.000 1.000 1.000 1.000 1.000 1.000 1.000 1.000 1.000 1.000 1.000  3.8307691967E-01   0.42493   1.00000   0.00000   0.00000   0.3158584E-02
  3513  4.977393637455022E+06  28.462229  5.317393  4.551604  0.6744394E+00  0.3115763E+00  2.1514144E-05  1.4872894E-03  1.2048788E-04  3.3490807E-03  4.7060303E-03  3.1027359E-06  8.9951605E-06  2.0877884E-03  1.1474231E-04  0.4900    4.551604  -6.239  0.601498  7.625021  0.3035445E+00  0.6827947E+00  7.0219792E-09  7.8531578E-05  2.1544342E-05  9.0050511E-03  2.5328195E-04  5.1704056E-07  1.9762987E-09  2.0330952E-03  2.9277184E-06  1.196E-10  5.860E-17  1.365E+11  3.538E+12  3.249E+01  3.821E+06  0.47067640  2.141E-05  3.032E-05  9.647E-01  3.511E-07  6.059E-06  1.040E+00  409   13.9354  9.36E-03 1.7595E+01 2.6474E+01    5.56E+02 0.00E+00 1.81E+02  0.470258  0.187800 5.56E+02 0.00E+00 1.81E+02  0.470676  0.187811  0.0000000E+00  0.0000000E+00  1.3297051E-04  1.2600116E+00  3.3092710E-01  4.4067217E-04 -5.4827382E-01  1.9817891E-01  1.5811110E-01 0.000 0.492 1.000 1.000 1.000 1.000 1.000 1.000 1.000 1.000 1.000 1.000 1.000 1.000 1.000 1.000 1.000 1.000 1.000 1.000 1.000 1.000 1.000 1.000 1.000 1.000 1.000 1.000 1.000 1.000 1.000 1.000 1.000 1.000 1.000 1.000 1.000 1.000 1.000 1.000  3.8055330008E-01   0.42159   1.00000   0.00000   0.00000   0.3127148E-02
  3533  5.000098196648866E+06  28.449085  5.319119  4.551262  0.6735094E+00  0.3125074E+00  2.1389087E-05  1.4797124E-03  1.2049291E-04  3.3743065E-03  4.6873503E-03  3.0942850E-06  8.9525712E-06  2.0876528E-03  1.1425365E-04  0.4898    4.551262  -6.236  0.601983  7.625353  0.3010875E+00  0.6852518E+00  6.7054174E-09  7.8839154E-05  2.1628101E-05  9.0052255E-03  2.5257382E-04  5.1196718E-07  1.9372419E-09  2.0327036E-03  2.9478006E-06  1.145E-10  5.604E-17  1.342E+11  3.423E+12  3.193E+01  3.697E+06  0.46853090  2.119E-05  3.014E-05  9.651E-01  3.522E-07  6.023E-06  1.040E+00  410   13.9354  9.36E-03 1.7481E+01 2.6306E+01    5.55E+02 0.00E+00 1.79E+02  0.468266  0.188531 5.55E+02 0.00E+00 1.80E+02  0.468531  0.188541  0.0000000E+00  0.0000000E+00  1.2017790E-04  1.2610212E+00  3.2863583E-01  4.3432473E-04 -5.4767038E-01  1.9771628E-01  1.5841987E-01 0.000 0.492 1.000 1.000 1.000 1.000 1.000 1.000 1.000 1.000 1.000 1.000 1.000 1.000 1.000 1.000 1.000 1.000 1.000 1.000 1.000 1.000 1.000 1.000 1.000 1.000 1.000 1.000 1.000 1.000 1.000 1.000 1.000 1.000 1.000 1.000 1.000 1.000 1.000 1.000  3.7791260650E-01   0.41818   1.00000   0.00000   0.00000   0.3092560E-02
  3553  5.021977135508377E+06  28.436326  5.320816  4.550941  0.6725856E+00  0.3134324E+00  2.1266835E-05  1.4722974E-03  1.2049172E-04  3.3990539E-03  4.6690077E-03  3.0859268E-06  8.9108343E-06  2.0875181E-03  1.1377436E-04  0.4896    4.550941  -6.233  0.602570  7.625711  0.2987399E+00  0.6875993E+00  6.8231745E-09  7.8755829E-05  2.1607526E-05  9.0057714E-03  2.5208628E-04  5.1144022E-07  2.0304247E-09  2.0323287E-03  2.9701605E-06  1.192E-10  5.840E-17  1.362E+11  3.531E+12  3.242E+01  3.813E+06  0.46665014  2.098E-05  2.998E-05  9.654E-01  3.533E-07  5.988E-06  1.040E+00  413   13.9354  9.36E-03 1.7372E+01 2.6144E+01    5.54E+02 0.00E+00 1.78E+02  0.466212  0.189249 5.54E+02 0.00E+00 1.78E+02  0.466650  0.189260  0.0000000E+00  0.0000000E+00  1.3270395E-04  1.2617611E+00  3.2641101E-01  4.2846718E-04 -5.4713873E-01  1.9728826E-01  1.5873169E-01 0.000 0.492 1.000 1.000 1.000 1.000 1.000 1.000 1.000 1.000 1.000 1.000 1.000 1.000 1.000 1.000 1.000 1.000 1.000 1.000 1.000 1.000 1.000 1.000 1.000 1.000 1.000 1.000 1.000 1.000 1.000 1.000 1.000 1.000 1.000 1.000 1.000 1.000 1.000 1.000  3.7535798975E-01   0.41492   1.00000   0.00000   0.00000   0.3059026E-02
  3572  5.043546466742516E+06  28.423658  5.322485  4.550568  0.6716530E+00  0.3143661E+00  2.1145355E-05  1.4649217E-03  1.2048458E-04  3.4237298E-03  4.6507017E-03  3.0775278E-06  8.8692610E-06  2.0873822E-03  1.1329655E-04  0.4894    4.550568  -6.230  0.603101  7.626050  0.2964342E+00  0.6899050E+00  6.7643024E-09  7.8850293E-05  2.1634017E-05  9.0059454E-03  2.5173016E-04  5.0955190E-07  2.0750372E-09  2.0319595E-03  2.9923420E-06  1.191E-10  5.835E-17  1.364E+11  3.549E+12  3.247E+01  3.833E+06  0.46393434  2.073E-05  2.982E-05  9.658E-01  3.546E-07  5.954E-06  1.039E+00  415   13.9354  9.36E-03 1.7269E+01 2.5992E+01    5.53E+02 0.00E+00 1.77E+02  0.464755  0.189969 5.52E+02 0.00E+00 1.77E+02  0.463934  0.189967  0.0000000E+00  0.0000000E+00  1.3344070E-04  1.2625526E+00  3.2428524E-01  4.2270180E-04 -5.4659685E-01  1.9685911E-01  1.5903466E-01 0.000 0.493 1.000 1.000 1.000 1.000 1.000 1.000 1.000 1.000 1.000 1.000 1.000 1.000 1.000 1.000 1.000 1.000 1.000 1.000 1.000 1.000 1.000 1.000 1.000 1.000 1.000 1.000 1.000 1.000 1.000 1.000 1.000 1.000 1.000 1.000 1.000 1.000 1.000 1.000  3.7282939102E-01   0.41172   1.00000   0.00000   0.00000   0.3023809E-02
  3591  5.065115797976656E+06  28.410899  5.324176  4.550254  0.6707252E+00  0.3152951E+00  2.1026346E-05  1.4576888E-03  1.2047184E-04  3.4479847E-03  4.6326921E-03  3.0692098E-06  8.8284381E-06  2.0872469E-03  1.1282697E-04  0.4892    4.550254  -6.227  0.603642  7.626393  0.2941319E+00  0.6922072E+00  6.6534685E-09  7.8941097E-05  2.1659511E-05  9.0060718E-03  2.5143454E-04  5.0773840E-07  2.0785543E-09  2.0315902E-03  3.0139824E-06  1.136E-10  5.564E-17  1.361E+11  3.535E+12  3.238E+01  3.818E+06  0.46272495  2.056E-05  2.964E-05  9.660E-01  3.556E-07  5.920E-06  1.039E+00  418   13.9354  9.36E-03 1.7155E+01 2.5823E+01    5.51E+02 0.00E+00 1.76E+02  0.462312  0.190677 5.51E+02 0.00E+00 1.76E+02  0.462725  0.190688  0.0000000E+00  0.0000000E+00  1.3375310E-04  1.2633046E+00  3.2198949E-01  4.1674111E-04 -5.4605925E-01  1.9643118E-01  1.5934108E-01 0.000 0.493 1.000 1.000 1.000 1.000 1.000 1.000 1.000 1.000 1.000 1.000 1.000 1.000 1.000 1.000 1.000 1.000 1.000 1.000 1.000 1.000 1.000 1.000 1.000 1.000 1.000 1.000 1.000 1.000 1.000 1.000 1.000 1.000 1.000 1.000 1.000 1.000 1.000 1.000  3.7029093291E-01   0.40852   1.00000   0.00000   0.00000   0.2991980E-02
  3611  5.086571606414830E+06  28.398118  5.325862  4.549919  0.6697760E+00  0.3162454E+00  2.0906454E-05  1.4503952E-03  1.2045328E-04  3.4725001E-03  4.6144734E-03  3.0607412E-06  8.7872175E-06  2.0871085E-03  1.1235245E-04  0.4891    4.549919  -6.224  0.604170  7.626730  0.2918494E+00  0.6944897E+00  6.5321456E-09  7.9061550E-05  2.1693469E-05  9.0060975E-03  2.5120447E-04  5.0544925E-07  2.0825360E-09  2.0312232E-03  3.0362556E-06  1.183E-10  5.797E-17  1.356E+11  3.516E+12  3.227E+01  3.797E+06  0.46074531  2.036E-05  2.947E-05  9.663E-01  3.568E-07  5.887E-06  1.039E+00  419   13.9354  9.36E-03 1.7048E+01 2.5663E+01    5.50E+02 0.00E+00 1.75E+02  0.460326  0.191396 5.50E+02 0.00E+00 1.75E+02  0.460745  0.191407  0.0000000E+00  0.0000000E+00  1.3292966E-04  1.2640595E+00  3.1977981E-01  4.1086593E-04 -5.4551982E-01  1.9600329E-01  1.5964496E-01 0.000 0.493 1.000 1.000 1.000 1.000 1.000 1.000 1.000 1.000 1.000 1.000 1.000 1.000 1.000 1.000 1.000 1.000 1.000 1.000 1.000 1.000 1.000 1.000 1.000 1.000 1.000 1.000 1.000 1.000 1.000 1.000 1.000 1.000 1.000 1.000 1.000 1.000 1.000 1.000  3.6775580768E-01   0.40535   1.00000   0.00000   0.00000   0.2959121E-02
  3630  5.107925244336627E+06  28.385305  5.327542  4.549566  0.6687982E+00  0.3172244E+00  2.0784822E-05  1.4429888E-03  1.2042861E-04  3.4974527E-03  4.5959140E-03  3.0520596E-06  8.7453028E-06  2.0869660E-03  1.1186954E-04  0.4890    4.549566  -6.220  0.604711  7.627071  0.2895780E+00  0.6967610E+00  6.4584048E-09  7.9153122E-05  2.1719074E-05  9.0061242E-03  2.5102117E-04  5.0401915E-07  2.1096643E-09  2.0308573E-03  3.0570249E-06  1.182E-10  5.793E-17  1.355E+11  3.521E+12  3.226E+01  3.802E+06  0.45793925  2.011E-05  2.932E-05  9.668E-01  3.581E-07  5.855E-06  1.038E+00  422   13.9354  9.36E-03 1.6947E+01 2.5515E+01    5.49E+02 0.00E+00 1.74E+02  0.458778  0.192126 5.49E+02 0.00E+00 1.73E+02  0.457939  0.192123  0.0000000E+00  0.0000000E+00  1.3364608E-04  1.2647772E+00  3.1767296E-01  4.0548322E-04 -5.4498775E-01  1.9557803E-01  1.5994993E-01 0.000 0.493 1.000 1.000 1.000 1.000 1.000 1.000 1.000 1.000 1.000 1.000 1.000 1.000 1.000 1.000 1.000 1.000 1.000 1.000 1.000 1.000 1.000 1.000 1.000 1.000 1.000 1.000 1.000 1.000 1.000 1.000 1.000 1.000 1.000 1.000 1.000 1.000 1.000 1.000  3.6522269436E-01   0.40219   1.00000   0.00000   0.00000   0.2925301E-02
  3649  5.128379781714352E+06  28.372945  5.329208  4.549216  0.6678746E+00  0.3181491E+00  2.0671618E-05  1.4360895E-03  1.2040038E-04  3.5207492E-03  4.5785720E-03  3.0438988E-06  8.7062064E-06  2.0868314E-03  1.1141876E-04  0.4888    4.549216  -6.218  0.605243  7.627389  0.2872709E+00  0.6990683E+00  5.7375924E-09  7.9512068E-05  2.1820112E-05  9.0065803E-03  2.4990397E-04  4.9670978E-07  1.7387289E-09  2.0304863E-03  3.0553865E-06  1.072E-10  5.251E-17  1.292E+11  3.169E+12  3.075E+01  3.422E+06  0.45680733  1.995E-05  2.915E-05  9.669E-01  3.591E-07  5.827E-06  1.038E+00  427   13.8710  9.36E-03 1.6840E+01 2.5356E+01    5.48E+02 0.00E+00 1.72E+02  0.456360  0.192830 5.48E+02 0.00E+00 1.73E+02  0.456807  0.192839  0.0000000E+00  0.0000000E+00  1.2053914E-04  1.2659102E+00  3.1546573E-01  3.9958561E-04 -5.4440661E-01  1.9514131E-01  1.6022907E-01 0.000 0.491 1.000 1.000 1.000 1.000 1.000 1.000 1.000 1.000 1.000 1.000 1.000 1.000 1.000 1.000 1.000 1.000 1.000 1.000 1.000 1.000 1.000 1.000 1.000 1.000 1.000 1.000 1.000 1.000 1.000 1.000 1.000 1.000 1.000 1.000 1.000 1.000 1.000 1.000  3.6278731010E-01   0.39899   1.00000   0.00000   0.00000   0.2894378E-02
  3669  5.150430222557824E+06  28.359526  5.330924  4.548900  0.6668438E+00  0.3191811E+00  2.0547164E-05  1.4284979E-03  1.2036351E-04  3.5464410E-03  4.5594311E-03  3.0348382E-06  8.6631305E-06  2.0866811E-03  1.1092171E-04  0.4886    4.548900  -6.214  0.605937  7.627788  0.2847921E+00  0.7015472E+00  6.0168028E-09  7.9365738E-05  2.1778811E-05  9.0076935E-03  2.4887672E-04  4.9696984E-07  1.9591399E-09  2.0300868E-03  3.0623823E-06  1.138E-10  5.578E-17  1.334E+11  3.373E+12  3.174E+01  3.642E+06  0.45466257  1.974E-05  2.899E-05  9.673E-01  3.604E-07  5.796E-06  1.038E+00  431   13.8710  9.36E-03 1.6730E+01 2.5193E+01    5.47E+02 0.00E+00 1.71E+02  0.454174  0.193563 5.47E+02 0.00E+00 1.71E+02  0.454663  0.193574  0.0000000E+00  0.0000000E+00  1.3305670E-04  1.2665932E+00  3.1317405E-01  3.9385597E-04 -5.4387032E-01  1.9470170E-01  1.6055969E-01 0.000 0.491 1.000 1.000 1.000 1.000 1.000 1.000 1.000 1.000 1.000 1.000 1.000 1.000 1.000 1.000 1.000 1.000 1.000 1.000 1.000 1.000 1.000 1.000 1.000 1.000 1.000 1.000 1.000 1.000 1.000 1.000 1.000 1.000 1.000 1.000 1.000 1.000 1.000 1.000  3.6015196823E-01   0.39555   1.00000   0.00000   0.00000   0.2862845E-02
  3688  5.171570324100420E+06  28.346568  5.332588  4.548527  0.6658458E+00  0.3201803E+00  2.0428471E-05  1.4212514E-03  1.2032269E-04  3.5710207E-03  4.5411036E-03  3.0261114E-06  8.6219578E-06  2.0865356E-03  1.1044625E-04  0.4884    4.548527  -6.211  0.606507  7.628139  0.2824637E+00  0.7038756E+00  5.9868466E-09  7.9468112E-05  2.1807593E-05  9.0080337E-03  2.4831777E-04  4.9458455E-07  2.0219872E-09  2.0297103E-03  3.0794932E-06  1.141E-10  5.593E-17  1.338E+11  3.399E+12  3.185E+01  3.671E+06  0.45179103  1.950E-05  2.883E-05  9.677E-01  3.617E-07  5.766E-06  1.037E+00  432   13.8710  9.36E-03 1.6629E+01 2.5044E+01    5.46E+02 0.00E+00 1.70E+02  0.452666  0.194292 5.46E+02 0.00E+00 1.70E+02  0.451791  0.194290  0.0000000E+00  0.0000000E+00  1.3375861E-04  1.2673801E+00  3.1106692E-01  3.8840823E-04 -5.4332560E-01  1.9426937E-01  1.6086627E-01 0.000 0.492 1.000 1.000 1.000 1.000 1.000 1.000 1.000 1.000 1.000 1.000 1.000 1.000 1.000 1.000 1.000 1.000 1.000 1.000 1.000 1.000 1.000 1.000 1.000 1.000 1.000 1.000 1.000 1.000 1.000 1.000 1.000 1.000 1.000 1.000 1.000 1.000 1.000 1.000  3.5761641805E-01   0.39231   1.00000   0.00000   0.00000   0.2829797E-02
  3708  5.192632541058381E+06  28.333569  5.334284  4.548138  0.6648349E+00  0.3211924E+00  2.0310009E-05  1.4140131E-03  1.2027647E-04  3.5956268E-03  4.5227416E-03  3.0173190E-06  8.5807778E-06  2.0863883E-03  1.0997035E-04  0.4884    4.548138  -6.208  0.607161  7.628503  0.2800735E+00  0.7062659E+00  5.6340333E-09  7.9583488E-05  2.1840217E-05  9.0087599E-03  2.4729732E-04  4.9068824E-07  1.8403691E-09  2.0293238E-03  3.0866834E-06  1.090E-10  5.341E-17  1.310E+11  3.241E+12  3.118E+01  3.500E+06  0.44967376  1.929E-05  2.867E-05  9.680E-01  3.629E-07  5.738E-06  1.037E+00  434   13.8063  9.36E-03 1.6525E+01 2.4889E+01    5.44E+02 0.00E+00 1.69E+02  0.450541  0.195018 5.44E+02 0.00E+00 1.69E+02  0.449674  0.195021  0.0000000E+00  0.0000000E+00  1.3285815E-04  1.2683548E+00  3.0886270E-01  3.8289464E-04 -5.4276134E-01  1.9382876E-01  1.6116942E-01 0.000 0.491 1.000 1.000 1.000 1.000 1.000 1.000 1.000 1.000 1.000 1.000 1.000 1.000 1.000 1.000 1.000 1.000 1.000 1.000 1.000 1.000 1.000 1.000 1.000 1.000 1.000 1.000 1.000 1.000 1.000 1.000 1.000 1.000 1.000 1.000 1.000 1.000 1.000 1.000  3.5508212642E-01   0.38899   1.00000   0.00000   0.00000   0.2797448E-02
  3727  5.213561241585545E+06  28.320561  5.335973  4.547808  0.6638166E+00  0.3222118E+00  2.0192417E-05  1.4068223E-03  1.2022520E-04  3.6201247E-03  4.5044459E-03  3.0085106E-06  8.5398149E-06  2.0862399E-03  1.0949661E-04  0.4881    4.547808  -6.205  0.607776  7.628867  0.2776898E+00  0.7086496E+00  5.6352224E-09  7.9690041E-05  2.1870000E-05  9.0094491E-03  2.4633312E-04  4.8784881E-07  1.9308947E-09  2.0289376E-03  3.0962464E-06  1.111E-10  5.447E-17  1.321E+11  3.292E+12  3.144E+01  3.555E+06  0.44831062  1.912E-05  2.850E-05  9.682E-01  3.641E-07  5.710E-06  1.037E+00  433   13.8063  9.36E-03 1.6415E+01 2.4726E+01    5.43E+02 0.00E+00 1.67E+02  0.447829  0.195740 5.43E+02 0.00E+00 1.68E+02  0.448311  0.195751  0.0000000E+00  0.0000000E+00  1.3305508E-04  1.2692116E+00  3.0658725E-01  3.7712625E-04 -5.4220954E-01  1.9339273E-01  1.6147788E-01 0.000 0.491 1.000 1.000 1.000 1.000 1.000 1.000 1.000 1.000 1.000 1.000 1.000 1.000 1.000 1.000 1.000 1.000 1.000 1.000 1.000 1.000 1.000 1.000 1.000 1.000 1.000 1.000 1.000 1.000 1.000 1.000 1.000 1.000 1.000 1.000 1.000 1.000 1.000 1.000  3.5255514196E-01   0.38568   1.00000   0.00000   0.00000   0.2767979E-02
  3746  5.233939186835680E+06  28.307808  5.337584  4.547425  0.6628100E+00  0.3232195E+00  2.0077802E-05  1.3998083E-03  1.2017012E-04  3.6440707E-03  4.4865486E-03  2.9998492E-06  8.4998087E-06  2.0860931E-03  1.0903360E-04  0.4878    4.547425  -6.202  0.608248  7.629180  0.2754172E+00  0.7109223E+00  5.3584497E-09  8.0075222E-05  2.1978152E-05  9.0093614E-03  2.4579180E-04  4.8194709E-07  1.8896090E-09  2.0285683E-03  3.1152234E-06  1.063E-10  5.204E-17  1.296E+11  3.167E+12  3.085E+01  3.420E+06  0.44545922  1.888E-05  2.835E-05  9.687E-01  3.653E-07  5.682E-06  1.036E+00  434   13.8063  9.36E-03 1.6317E+01 2.4580E+01    5.42E+02 0.00E+00 1.67E+02  0.446271  0.196449 5.42E+02 0.00E+00 1.66E+02  0.445459  0.196448  0.0000000E+00  0.0000000E+00  1.2031585E-04  1.2701623E+00  3.0453578E-01  3.7204963E-04 -5.4163754E-01  1.9295609E-01  1.6176575E-01 0.000 0.491 1.000 1.000 1.000 1.000 1.000 1.000 1.000 1.000 1.000 1.000 1.000 1.000 1.000 1.000 1.000 1.000 1.000 1.000 1.000 1.000 1.000 1.000 1.000 1.000 1.000 1.000 1.000 1.000 1.000 1.000 1.000 1.000 1.000 1.000 1.000 1.000 1.000 1.000  3.5008707920E-01   0.38252   1.00000   0.00000   0.00000   0.2737093E-02
  3766  5.255253416056763E+06  28.294376  5.339310  4.547104  0.6617357E+00  0.3242950E+00  1.9957218E-05  1.3924236E-03  1.2010676E-04  3.6693356E-03  4.4676513E-03  2.9906565E-06  8.4576347E-06  2.0859365E-03  1.0854516E-04  0.4877    4.547104  -6.199  0.608961  7.629580  0.2730547E+00  0.7132847E+00  5.5062985E-09  7.9921181E-05  2.1935056E-05  9.0099522E-03  2.4537338E-04  4.8302013E-07  2.0007505E-09  2.0281834E-03  3.1366173E-06  1.109E-10  5.433E-17  1.323E+11  3.302E+12  3.148E+01  3.567E+06  0.44315861  1.868E-05  2.819E-05  9.690E-01  3.666E-07  5.653E-06  1.036E+00  433   13.8063  9.36E-03 1.6210E+01 2.4423E+01    5.41E+02 0.00E+00 1.65E+02  0.444023  0.197198 5.41E+02 0.00E+00 1.65E+02  0.443159  0.197197  0.0000000E+00  0.0000000E+00  1.3279072E-04  1.2707191E+00  3.0230402E-01  3.6656408E-04 -5.4113025E-01  1.9253173E-01  1.6209506E-01 0.000 0.491 1.000 1.000 1.000 1.000 1.000 1.000 1.000 1.000 1.000 1.000 1.000 1.000 1.000 1.000 1.000 1.000 1.000 1.000 1.000 1.000 1.000 1.000 1.000 1.000 1.000 1.000 1.000 1.000 1.000 1.000 1.000 1.000 1.000 1.000 1.000 1.000 1.000 1.000  3.4749806747E-01   0.37924   1.00000   0.00000   0.00000   0.2706348E-02
  3785  5.275972829578651E+06  28.281225  5.340996  4.546776  0.6606801E+00  0.3253518E+00  1.9840418E-05  1.3852655E-03  1.2004012E-04  3.6938769E-03  4.4492811E-03  2.9816749E-06  8.4167028E-06  2.0857825E-03  1.0807076E-04  0.4875    4.546776  -6.196  0.609571  7.629943  0.2707624E+00  0.7155770E+00  5.3966979E-09  8.0016206E-05  2.1961751E-05  9.0101045E-03  2.4504107E-04  4.8122214E-07  1.9915095E-09  2.0278091E-03  3.1571590E-06  1.108E-10  5.430E-17  1.318E+11  3.282E+12  3.137E+01  3.545E+06  0.44158539  1.851E-05  2.802E-05  9.692E-01  3.679E-07  5.625E-06  1.036E+00  433   13.8063  9.36E-03 1.6101E+01 2.4261E+01    5.40E+02 0.00E+00 1.64E+02  0.441216  0.197919 5.40E+02 0.00E+00 1.64E+02  0.441585  0.197930  0.0000000E+00  0.0000000E+00  1.3293378E-04  1.2713993E+00  3.0004051E-01  3.6116405E-04 -5.4060326E-01  1.9210649E-01  1.6240683E-01 0.000 0.492 1.000 1.000 1.000 1.000 1.000 1.000 1.000 1.000 1.000 1.000 1.000 1.000 1.000 1.000 1.000 1.000 1.000 1.000 1.000 1.000 1.000 1.000 1.000 1.000 1.000 1.000 1.000 1.000 1.000 1.000 1.000 1.000 1.000 1.000 1.000 1.000 1.000 1.000  3.4497370636E-01   0.37606   1.00000   0.00000   0.00000   0.2677546E-02
  3804  5.296365094465982E+06  28.268193  5.342640  4.546363  0.6596275E+00  0.3264056E+00  1.9725566E-05  1.3782221E-03  1.1996955E-04  3.7180749E-03  4.4311546E-03  2.9727692E-06  8.3763760E-06  2.0856290E-03  1.0760306E-04  0.4874    4.546363  -6.193  0.610082  7.630270  0.2685138E+00  0.7178257E+00  5.1285241E-09  8.0365094E-05  2.2058035E-05  9.0098167E-03  2.4479009E-04  4.7678036E-07  1.9370880E-09  2.0274411E-03  3.1782035E-06  1.055E-10  5.167E-17  1.293E+11  3.157E+12  3.077E+01  3.410E+06  0.43889601  1.828E-05  2.787E-05  9.696E-01  3.691E-07  5.597E-06  1.035E+00  431   13.8063  9.36E-03 1.6003E+01 2.4116E+01    5.39E+02 0.00E+00 1.63E+02  0.439722  0.198646 5.39E+02 0.00E+00 1.63E+02  0.438896  0.198646  0.0000000E+00  0.0000000E+00  1.2023378E-04  1.2722214E+00  2.9795682E-01  3.5602017E-04 -5.4004835E-01  1.9167423E-01  1.6270295E-01 0.000 0.492 1.000 1.000 1.000 1.000 1.000 1.000 1.000 1.000 1.000 1.000 1.000 1.000 1.000 1.000 1.000 1.000 1.000 1.000 1.000 1.000 1.000 1.000 1.000 1.000 1.000 1.000 1.000 1.000 1.000 1.000 1.000 1.000 1.000 1.000 1.000 1.000 1.000 1.000  3.4248149782E-01   0.37293   1.00000   0.00000   0.00000   0.2645864E-02
  3824  5.317269892214124E+06  28.254740  5.344364  4.546002  0.6585226E+00  0.3275117E+00  1.9606689E-05  1.3709270E-03  1.1989126E-04  3.7431893E-03  4.4123277E-03  2.9634749E-06  8.3345557E-06  2.0854679E-03  1.0711770E-04  0.4872    4.546002  -6.190  0.610782  7.630663  0.2662115E+00  0.7201279E+00  5.2489999E-09  8.0241943E-05  2.2025189E-05  9.0101901E-03  2.4456676E-04  4.7743615E-07  2.0319299E-09  2.0270636E-03  3.1993686E-06  9.954E-11  4.880E-17  1.316E+11  3.279E+12  3.131E+01  3.541E+06  0.43659219  1.807E-05  2.771E-05  9.700E-01  3.705E-07  5.570E-06  1.035E+00  430   13.8063  9.36E-03 1.5899E+01 2.3961E+01    5.38E+02 0.00E+00 1.62E+02  0.437478  0.199400 5.37E+02 0.00E+00 1.61E+02  0.436592  0.199398  0.0000000E+00  0.0000000E+00  1.3267434E-04  1.2727406E+00  2.9574576E-01  3.5087369E-04 -5.3954792E-01  1.9125486E-01  1.6302854E-01 0.000 0.492 1.000 1.000 1.000 1.000 1.000 1.000 1.000 1.000 1.000 1.000 1.000 1.000 1.000 1.000 1.000 1.000 1.000 1.000 1.000 1.000 1.000 1.000 1.000 1.000 1.000 1.000 1.000 1.000 1.000 1.000 1.000 1.000 1.000 1.000 1.000 1.000 1.000 1.000  3.3991908579E-01   0.36973   1.00000   0.00000   0.00000   0.2615118E-02
  3843  5.337782111600803E+06  28.241448  5.346050  4.545638  0.6574351E+00  0.3286004E+00  1.9491313E-05  1.3638423E-03  1.1981020E-04  3.7676292E-03  4.3939930E-03  2.9543809E-06  8.2938907E-06  2.0853093E-03  1.0664544E-04  0.4869    4.545638  -6.187  0.611529  7.631060  0.2637210E+00  0.7226185E+00  4.9179939E-09  8.0334355E-05  2.2050828E-05  9.0115428E-03  2.4286999E-04  4.7317864E-07  1.8443747E-09  2.0266568E-03  3.1878674E-06  1.057E-10  5.179E-17  1.300E+11  3.118E+12  3.094E+01  3.368E+06  0.43504601  1.790E-05  2.755E-05  9.702E-01  3.718E-07  5.547E-06  1.034E+00  433   13.7414  9.36E-03 1.5795E+01 2.3807E+01    5.36E+02 0.00E+00 1.60E+02  0.434684  0.200126 5.36E+02 0.00E+00 1.60E+02  0.435046  0.200137  0.0000000E+00  0.0000000E+00  1.3279625E-04  1.2736386E+00  2.9347774E-01  3.4539146E-04 -5.3899029E-01  1.9081350E-01  1.6334060E-01 0.000 0.489 1.000 1.000 1.000 1.000 1.000 1.000 1.000 1.000 1.000 1.000 1.000 1.000 1.000 1.000 1.000 1.000 1.000 1.000 1.000 1.000 1.000 1.000 1.000 1.000 1.000 1.000 1.000 1.000 1.000 1.000 1.000 1.000 1.000 1.000 1.000 1.000 1.000 1.000  3.3739713061E-01   0.36628   1.00000   0.00000   0.00000   0.2586623E-02
  3862  5.357203944588505E+06  28.228781  5.347614  4.545242  0.6563894E+00  0.3296473E+00  1.9381848E-05  1.3571166E-03  1.1972870E-04  3.7908760E-03  4.3765413E-03  2.9456864E-06  8.2552400E-06  2.0851567E-03  1.0619628E-04  0.4867    4.545242  -6.184  0.612063  7.631387  0.2614729E+00  0.7248667E+00  4.8002285E-09  8.0614946E-05  2.2133696E-05  9.0118165E-03  2.4208609E-04  4.6737029E-07  1.8669182E-09  2.0262879E-03  3.2005583E-06  1.054E-10  5.165E-17  1.291E+11  3.085E+12  3.073E+01  3.331E+06  0.43229498  1.768E-05  2.741E-05  9.706E-01  3.730E-07  5.523E-06  1.034E+00  432   13.7414  9.36E-03 1.5704E+01 2.3673E+01    5.35E+02 0.00E+00 1.59E+02  0.433168  0.200820 5.35E+02 0.00E+00 1.59E+02  0.432295  0.200822  0.0000000E+00  0.0000000E+00  1.3205157E-04  1.2745508E+00  2.9149110E-01  3.4072261E-04 -5.3843771E-01  1.9038764E-01  1.6362627E-01 0.000 0.489 1.000 1.000 1.000 1.000 1.000 1.000 1.000 1.000 1.000 1.000 1.000 1.000 1.000 1.000 1.000 1.000 1.000 1.000 1.000 1.000 1.000 1.000 1.000 1.000 1.000 1.000 1.000 1.000 1.000 1.000 1.000 1.000 1.000 1.000 1.000 1.000 1.000 1.000  3.3500297944E-01   0.36316   1.00000   0.00000   0.00000   0.2557649E-02
  3881  5.377511041781306E+06  28.215447  5.349281  4.544938  0.6552816E+00  0.3307562E+00  1.9267415E-05  1.3500816E-03  1.1963872E-04  3.8152386E-03  4.3582395E-03  2.9365288E-06  8.2147639E-06  2.0849950E-03  1.0572561E-04  0.4865    4.544938  -6.181  0.612792  7.631788  0.2591407E+00  0.7271989E+00  4.7986269E-09  8.0573026E-05  2.2118264E-05  9.0124283E-03  2.4146107E-04  4.6758621E-07  1.9146326E-09  2.0259041E-03  3.2168618E-06  1.053E-10  5.162E-17  1.298E+11  3.127E+12  3.089E+01  3.377E+06  0.43061612  1.752E-05  2.726E-05  9.709E-01  3.742E-07  5.498E-06  1.034E+00  430   13.7414  9.36E-03 1.5600E+01 2.3517E+01    5.34E+02 0.00E+00 1.58E+02  0.429998  0.201543 5.34E+02 0.00E+00 1.58E+02  0.430616  0.201555  0.0000000E+00  0.0000000E+00  1.3204399E-04  1.2751248E+00  2.8925010E-01  3.3548639E-04 -5.3793563E-01  1.8996915E-01  1.6394995E-01 0.000 0.489 1.000 1.000 1.000 1.000 1.000 1.000 1.000 1.000 1.000 1.000 1.000 1.000 1.000 1.000 1.000 1.000 1.000 1.000 1.000 1.000 1.000 1.000 1.000 1.000 1.000 1.000 1.000 1.000 1.000 1.000 1.000 1.000 1.000 1.000 1.000 1.000 1.000 1.000  3.3249397202E-01   0.35992   1.00000   0.00000   0.00000   0.2531278E-02
  3900  5.397818138974108E+06  28.202022  5.350951  4.544554  0.6541492E+00  0.3318898E+00  1.9152017E-05  1.3429834E-03  1.1954309E-04  3.8398683E-03  4.3397241E-03  2.9272239E-06  8.1738743E-06  2.0848298E-03  1.0524982E-04  0.4863    4.544554  -6.178  0.613453  7.632165  0.2568213E+00  0.7295183E+00  4.7453512E-09  8.0677661E-05  2.2147658E-05  9.0127074E-03  2.4096789E-04  4.6544478E-07  1.9448818E-09  2.0255215E-03  3.2355239E-06  1.053E-10  5.159E-17  1.298E+11  3.134E+12  3.089E+01  3.385E+06  0.42730970  1.727E-05  2.712E-05  9.713E-01  3.756E-07  5.473E-06  1.033E+00  429   13.7414  9.36E-03 1.5506E+01 2.3379E+01    5.33E+02 0.00E+00 1.57E+02  0.428221  0.202291 5.33E+02 0.00E+00 1.56E+02  0.427310  0.202289  0.0000000E+00  0.0000000E+00  1.3261486E-04  1.2758365E+00  2.8719529E-01  3.3081266E-04 -5.3740410E-01  1.8953928E-01  1.6426437E-01 0.000 0.490 1.000 1.000 1.000 1.000 1.000 1.000 1.000 1.000 1.000 1.000 1.000 1.000 1.000 1.000 1.000 1.000 1.000 1.000 1.000 1.000 1.000 1.000 1.000 1.000 1.000 1.000 1.000 1.000 1.000 1.000 1.000 1.000 1.000 1.000 1.000 1.000 1.000 1.000  3.2997885791E-01   0.35669   1.00000   0.00000   0.00000   0.2501543E-02
  3920  5.418029044653894E+06  28.188569  5.352647  4.544154  0.6530143E+00  0.3330259E+00  1.9037907E-05  1.3359607E-03  1.1944371E-04  3.8642835E-03  4.3213574E-03  2.9179545E-06  8.1333706E-06  2.0846641E-03  1.0477823E-04  0.4861    4.544154  -6.175  0.614226  7.632563  0.2543466E+00  0.7319931E+00  4.5037518E-09  8.0810866E-05  2.2185178E-05  9.0138711E-03  2.3941844E-04  4.6078810E-07  1.8313785E-09  2.0251145E-03  3.2321784E-06  1.015E-10  4.972E-17  1.281E+11  3.020E+12  3.048E+01  3.262E+06  0.42485196  1.707E-05  2.697E-05  9.717E-01  3.769E-07  5.451E-06  1.033E+00  429   13.6762  9.36E-03 1.5406E+01 2.3231E+01    5.32E+02 0.00E+00 1.55E+02  0.425754  0.203041 5.32E+02 0.00E+00 1.55E+02  0.424852  0.203039  0.0000000E+00  0.0000000E+00  1.3156668E-04  1.2769049E+00  2.8504266E-01  3.2574068E-04 -5.3682925E-01  1.8909043E-01  1.6457291E-01 0.000 0.489 1.000 1.000 1.000 1.000 1.000 1.000 1.000 1.000 1.000 1.000 1.000 1.000 1.000 1.000 1.000 1.000 1.000 1.000 1.000 1.000 1.000 1.000 1.000 1.000 1.000 1.000 1.000 1.000 1.000 1.000 1.000 1.000 1.000 1.000 1.000 1.000 1.000 1.000  3.2747056872E-01   0.35325   1.00000   0.00000   0.00000   0.2472775E-02
  3939  5.438133070874764E+06  28.175095  5.354309  4.543856  0.6518778E+00  0.3341636E+00  1.8925138E-05  1.3290170E-03  1.1934084E-04  3.8884697E-03  4.3031508E-03  2.9087280E-06  8.0932752E-06  2.0844981E-03  1.0431111E-04  0.4858    4.543856  -6.172  0.614917  7.632950  0.2519858E+00  0.7343540E+00  4.4345276E-09  8.0918695E-05  2.2215461E-05  9.0143758E-03  2.3866248E-04  4.5827363E-07  1.8517481E-09  2.0247242E-03  3.2482207E-06  1.021E-10  5.001E-17  1.280E+11  3.018E+12  3.047E+01  3.259E+06  0.42304321  1.690E-05  2.681E-05  9.719E-01  3.782E-07  5.428E-06  1.033E+00  428   13.6762  9.36E-03 1.5302E+01 2.3076E+01    5.31E+02 0.00E+00 1.54E+02  0.422662  0.203763 5.31E+02 0.00E+00 1.54E+02  0.423043  0.203774  0.0000000E+00  0.0000000E+00  1.3156446E-04  1.2776460E+00  2.8282493E-01  3.2078693E-04 -5.3629427E-01  1.8865844E-01  1.6488966E-01 0.000 0.489 1.000 1.000 1.000 1.000 1.000 1.000 1.000 1.000 1.000 1.000 1.000 1.000 1.000 1.000 1.000 1.000 1.000 1.000 1.000 1.000 1.000 1.000 1.000 1.000 1.000 1.000 1.000 1.000 1.000 1.000 1.000 1.000 1.000 1.000 1.000 1.000 1.000 1.000  3.2497028051E-01   0.34998   1.00000   0.00000   0.00000   0.2447538E-02
  3959  5.458152448564181E+06  28.161585  5.355976  4.543544  0.6507235E+00  0.3353191E+00  1.8812099E-05  1.3220533E-03  1.1923311E-04  3.9127709E-03  4.2848456E-03  2.8994142E-06  8.0530172E-06  2.0843296E-03  1.0384182E-04  0.4856    4.543544  -6.169  0.615596  7.633332  0.2496603E+00  0.7366795E+00  4.3552169E-09  8.1057104E-05  2.2254612E-05  9.0146529E-03  2.3811530E-04  4.5540244E-07  1.8644600E-09  2.0243386E-03  3.2690291E-06  1.017E-10  4.982E-17  1.278E+11  3.006E+12  3.041E+01  3.246E+06  0.42057616  1.671E-05  2.666E-05  9.723E-01  3.795E-07  5.404E-06  1.032E+00  426   13.6762  9.36E-03 1.5203E+01 2.2929E+01    5.29E+02 0.00E+00 1.52E+02  0.420086  0.204501 5.30E+02 0.00E+00 1.53E+02  0.420576  0.204513  0.0000000E+00  0.0000000E+00  1.3048261E-04  1.2783722E+00  2.8070339E-01  3.1594313E-04 -5.3576097E-01  1.8822806E-01  1.6520461E-01 0.000 0.489 1.000 1.000 1.000 1.000 1.000 1.000 1.000 1.000 1.000 1.000 1.000 1.000 1.000 1.000 1.000 1.000 1.000 1.000 1.000 1.000 1.000 1.000 1.000 1.000 1.000 1.000 1.000 1.000 1.000 1.000 1.000 1.000 1.000 1.000 1.000 1.000 1.000 1.000  3.2247605882E-01   0.34675   1.00000   0.00000   0.00000   0.2421404E-02
  3978  5.478055434522852E+06  28.148057  5.357635  4.543211  0.6495547E+00  0.3364891E+00  1.8699115E-05  1.3150899E-03  1.1912085E-04  3.9371164E-03  4.2664951E-03  2.8900406E-06  8.0127133E-06  2.0841588E-03  1.0337171E-04  0.4854    4.543211  -6.166  0.616286  7.633716  0.2473576E+00  0.7389822E+00  4.3200882E-09  8.1162258E-05  2.2283976E-05  9.0148705E-03  2.3769148E-04  4.5364656E-07  1.9044398E-09  2.0239559E-03  3.2899959E-06  1.017E-10  4.979E-17  1.280E+11  3.022E+12  3.046E+01  3.264E+06  0.41717318  1.648E-05  2.652E-05  9.728E-01  3.808E-07  5.380E-06  1.032E+00  425   13.6762  9.36E-03 1.5109E+01 2.2791E+01    5.29E+02 0.00E+00 1.51E+02  0.418072  0.205250 5.28E+02 0.00E+00 1.51E+02  0.417173  0.205249  0.0000000E+00  0.0000000E+00  1.3096309E-04  1.2790518E+00  2.7867522E-01  3.1147818E-04 -5.3523696E-01  1.8780147E-01  1.6552035E-01 0.000 0.489 1.000 1.000 1.000 1.000 1.000 1.000 1.000 1.000 1.000 1.000 1.000 1.000 1.000 1.000 1.000 1.000 1.000 1.000 1.000 1.000 1.000 1.000 1.000 1.000 1.000 1.000 1.000 1.000 1.000 1.000 1.000 1.000 1.000 1.000 1.000 1.000 1.000 1.000  3.1999171981E-01   0.34355   1.00000   0.00000   0.00000   0.2394271E-02
  3998  5.498272678154555E+06  28.134217  5.359332  4.542883  0.6483616E+00  0.3376834E+00  1.8585273E-05  1.3080705E-03  1.1900313E-04  3.9617028E-03  4.2479510E-03  2.8805313E-06  7.9720382E-06  2.0839845E-03  1.0289699E-04  0.4852    4.542883  -6.163  0.616883  7.634073  0.2450227E+00  0.7413171E+00  4.0519093E-09  8.1569683E-05  2.2398923E-05  9.0146089E-03  2.3731063E-04  4.4805788E-07  1.8175709E-09  2.0235669E-03  3.3120196E-06  9.673E-11  4.733E-17  1.250E+11  2.873E+12  2.976E+01  3.102E+06  0.41458278  1.628E-05  2.636E-05  9.731E-01  3.821E-07  5.356E-06  1.031E+00  424   13.6762  9.36E-03 1.5009E+01 2.2642E+01    5.27E+02 0.00E+00 1.50E+02  0.415418  0.206006 5.27E+02 0.00E+00 1.50E+02  0.414583  0.206005  0.0000000E+00  0.0000000E+00  1.1805792E-04  1.2799269E+00  2.7651997E-01  3.0674096E-04 -5.3466197E-01  1.8735271E-01  1.6582962E-01 0.000 0.490 1.000 1.000 1.000 1.000 1.000 1.000 1.000 1.000 1.000 1.000 1.000 1.000 1.000 1.000 1.000 1.000 1.000 1.000 1.000 1.000 1.000 1.000 1.000 1.000 1.000 1.000 1.000 1.000 1.000 1.000 1.000 1.000 1.000 1.000 1.000 1.000 1.000 1.000  3.1746402125E-01   0.34031   1.00000   0.00000   0.00000   0.2368115E-02
  4018  5.518730852668914E+06  28.120111  5.361059  4.542528  0.6471235E+00  0.3389227E+00  1.8468677E-05  1.3008782E-03  1.1887782E-04  3.9869416E-03  4.2289026E-03  2.8707258E-06  7.9303120E-06  2.0838035E-03  1.0240972E-04  0.4848    4.542528  -6.160  0.617855  7.634544  0.2424194E+00  0.7439205E+00  3.9882736E-09  8.1409203E-05  2.2353040E-05  9.0164531E-03  2.3547439E-04  4.4678350E-07  1.7705744E-09  2.0231352E-03  3.3019212E-06  9.686E-11  4.743E-17  1.267E+11  2.876E+12  3.015E+01  3.106E+06  0.41180459  1.607E-05  2.622E-05  9.735E-01  3.836E-07  5.337E-06  1.031E+00  426   13.6108  9.36E-03 1.4911E+01 2.2497E+01    5.26E+02 0.00E+00 1.49E+02  0.412715  0.206776 5.26E+02 0.00E+00 1.48E+02  0.411805  0.206774  0.0000000E+00  0.0000000E+00  1.3007348E-04  1.2806965E+00  2.7434764E-01  3.0191612E-04 -5.3412723E-01  1.8690826E-01  1.6617011E-01 0.000 0.486 1.000 1.000 1.000 1.000 1.000 1.000 1.000 1.000 1.000 1.000 1.000 1.000 1.000 1.000 1.000 1.000 1.000 1.000 1.000 1.000 1.000 1.000 1.000 1.000 1.000 1.000 1.000 1.000 1.000 1.000 1.000 1.000 1.000 1.000 1.000 1.000 1.000 1.000  3.1490187834E-01   0.33669   1.00000   0.00000   0.00000   0.2341126E-02
  4038  5.539471859089001E+06  28.105710  5.362785  4.542156  0.6458575E+00  0.3401900E+00  1.8351022E-05  1.2936176E-03  1.1874651E-04  4.0124680E-03  4.2096245E-03  2.8607638E-06  7.8881389E-06  2.0836184E-03  1.0191695E-04  0.4845    4.542156  -6.157  0.618641  7.634968  0.2399071E+00  0.7464329E+00  3.9213792E-09  8.1528997E-05  2.2386959E-05  9.0170784E-03  2.3456060E-04  4.4377787E-07  1.7982081E-09  2.0227162E-03  3.3172055E-06  9.673E-11  4.736E-17  1.264E+11  2.872E+12  3.007E+01  3.102E+06  0.40922814  1.587E-05  2.607E-05  9.738E-01  3.850E-07  5.314E-06  1.031E+00  424   13.6108  9.36E-03 1.4812E+01 2.2350E+01    5.25E+02 0.00E+00 1.47E+02  0.410138  0.207544 5.25E+02 0.00E+00 1.47E+02  0.409228  0.207544  0.0000000E+00  0.0000000E+00  1.3031388E-04  1.2814848E+00  2.7212395E-01  2.9703074E-04 -5.3356399E-01  1.8645157E-01  1.6650637E-01 0.000 0.487 1.000 1.000 1.000 1.000 1.000 1.000 1.000 1.000 1.000 1.000 1.000 1.000 1.000 1.000 1.000 1.000 1.000 1.000 1.000 1.000 1.000 1.000 1.000 1.000 1.000 1.000 1.000 1.000 1.000 1.000 1.000 1.000 1.000 1.000 1.000 1.000 1.000 1.000  3.1230038466E-01   0.33320   1.00000   0.00000   0.00000   0.2314066E-02
  4058  5.559103221665606E+06  28.091986  5.364439  4.541801  0.6446423E+00  0.3414064E+00  1.8239549E-05  1.2867358E-03  1.1861764E-04  4.0367064E-03  4.1913076E-03  2.8512634E-06  7.8481201E-06  2.0834407E-03  1.0144908E-04  0.4842    4.541801  -6.154  0.619377  7.635366  0.2375489E+00  0.7487911E+00  3.8405298E-09  8.1674514E-05  2.2428286E-05  9.0174836E-03  2.3385517E-04  4.4057698E-07  1.8046469E-09  2.0223218E-03  3.3360220E-06  9.619E-11  4.708E-17  1.258E+11  2.854E+12  2.995E+01  3.082E+06  0.40647775  1.567E-05  2.593E-05  9.742E-01  3.864E-07  5.292E-06  1.030E+00  423   13.6108  9.36E-03 1.4717E+01 2.2209E+01    5.24E+02 0.00E+00 1.46E+02  0.407490  0.208285 5.24E+02 0.00E+00 1.46E+02  0.406478  0.208284  0.0000000E+00  0.0000000E+00  1.2916953E-04  1.2822516E+00  2.7002755E-01  2.9257909E-04 -5.3302714E-01  1.8601761E-01  1.6682412E-01 0.000 0.487 1.000 1.000 1.000 1.000 1.000 1.000 1.000 1.000 1.000 1.000 1.000 1.000 1.000 1.000 1.000 1.000 1.000 1.000 1.000 1.000 1.000 1.000 1.000 1.000 1.000 1.000 1.000 1.000 1.000 1.000 1.000 1.000 1.000 1.000 1.000 1.000 1.000 1.000  3.0983466895E-01   0.32992   1.00000   0.00000   0.00000   0.2289116E-02
  4077  5.578610138203690E+06  28.078257  5.366099  4.541452  0.6434228E+00  0.3426271E+00  1.8129059E-05  1.2799123E-03  1.1848564E-04  4.0607816E-03  4.1731030E-03  2.8417880E-06  7.8083954E-06  2.0832623E-03  1.0098440E-04  0.4840    4.541452  -6.151  0.620134  7.635771  0.2352119E+00  0.7511281E+00  3.7512311E-09  8.1779345E-05  2.2457483E-05  9.0178546E-03  2.3325698E-04  4.3861098E-07  1.7944102E-09  2.0219299E-03  3.3550606E-06  9.611E-11  4.703E-17  1.253E+11  2.831E+12  2.982E+01  3.057E+06  0.40459977  1.551E-05  2.578E-05  9.745E-01  3.878E-07  5.271E-06  1.030E+00  422   13.6108  9.36E-03 1.4618E+01 2.2062E+01    5.23E+02 0.00E+00 1.45E+02  0.404217  0.209017 5.23E+02 0.00E+00 1.45E+02  0.404600  0.209029  0.0000000E+00  0.0000000E+00  1.2904303E-04  1.2829448E+00  2.6786490E-01  2.8805245E-04 -5.3250445E-01  1.8558950E-01  1.6714511E-01 0.000 0.487 1.000 1.000 1.000 1.000 1.000 1.000 1.000 1.000 1.000 1.000 1.000 1.000 1.000 1.000 1.000 1.000 1.000 1.000 1.000 1.000 1.000 1.000 1.000 1.000 1.000 1.000 1.000 1.000 1.000 1.000 1.000 1.000 1.000 1.000 1.000 1.000 1.000 1.000  3.0738161522E-01   0.32669   1.00000   0.00000   0.00000   0.2263778E-02
  4096  5.597603714832878E+06  28.064801  5.367709  4.541018  0.6422175E+00  0.3438336E+00  1.8021190E-05  1.2732485E-03  1.1835271E-04  4.0843336E-03  4.1552835E-03  2.8324814E-06  7.7695574E-06  2.0830859E-03  1.0052986E-04  0.4841    4.541018  -6.148  0.620863  7.636152  0.2329005E+00  0.7534397E+00  3.3728331E-09  8.2166043E-05  2.2565081E-05  9.0179686E-03  2.3248375E-04  4.3301939E-07  1.5565493E-09  2.0215420E-03  3.3689557E-06  8.629E-11  4.219E-17  1.185E+11  2.459E+12  2.821E+01  2.656E+06  0.40133370  1.529E-05  2.565E-05  9.749E-01  3.892E-07  5.250E-06  1.029E+00  420   13.6108  9.36E-03 1.4531E+01 2.1933E+01    5.22E+02 0.00E+00 1.43E+02  0.402207  0.209755 5.22E+02 0.00E+00 1.43E+02  0.401334  0.209752  0.0000000E+00  0.0000000E+00  1.1648737E-04  1.2838817E+00  2.6590607E-01  2.8378886E-04 -5.3195090E-01  1.8515484E-01  1.6744677E-01 0.000 0.486 1.000 1.000 1.000 1.000 1.000 1.000 1.000 1.000 1.000 1.000 1.000 1.000 1.000 1.000 1.000 1.000 1.000 1.000 1.000 1.000 1.000 1.000 1.000 1.000 1.000 1.000 1.000 1.000 1.000 1.000 1.000 1.000 1.000 1.000 1.000 1.000 1.000 1.000  3.0499036331E-01   0.32346   1.00000   0.00000   0.00000   0.2236861E-02
  4115  5.616453556287577E+06  28.051362  5.369363  4.540662  0.6409970E+00  0.3450553E+00  1.7913260E-05  1.2665788E-03  1.1821570E-04  4.1079456E-03  4.1374083E-03  2.8231148E-06  7.7306437E-06  2.0829072E-03  1.0007420E-04  0.4836    4.540662  -6.146  0.621736  7.636585  0.2305221E+00  0.7558181E+00  3.5060747E-09  8.2027983E-05  2.2527297E-05  9.0192340E-03  2.3126831E-04  4.3229332E-07  1.7150339E-09  2.0211431E-03  3.3746547E-06  9.284E-11  4.542E-17  1.237E+11  2.725E+12  2.943E+01  2.943E+06  0.39942663  1.513E-05  2.551E-05  9.751E-01  3.906E-07  5.232E-06  1.029E+00  421   13.5451  9.36E-03 1.4435E+01 2.1791E+01    5.20E+02 0.00E+00 1.42E+02  0.399041  0.210485 5.20E+02 0.00E+00 1.42E+02  0.399427  0.210496  0.0000000E+00  0.0000000E+00  1.2801921E-04  1.2846600E+00  2.6381200E-01  2.7946591E-04 -5.3144432E-01  1.8473606E-01  1.6776410E-01 0.000 0.486 1.000 1.000 1.000 1.000 1.000 1.000 1.000 1.000 1.000 1.000 1.000 1.000 1.000 1.000 1.000 1.000 1.000 1.000 1.000 1.000 1.000 1.000 1.000 1.000 1.000 1.000 1.000 1.000 1.000 1.000 1.000 1.000 1.000 1.000 1.000 1.000 1.000 1.000  3.0261480278E-01   0.32017   1.00000   0.00000   0.00000   0.2212727E-02
  4134  5.635460479754400E+06  28.037722  5.370969  4.540260  0.6397616E+00  0.3462918E+00  1.7805325E-05  1.2599069E-03  1.1807472E-04  4.1316048E-03  4.1194870E-03  2.8136935E-06  7.6916747E-06  2.0827262E-03  9.9617658E-05  0.4833    4.540260  -6.143  0.622421  7.636962  0.2281995E+00  0.7581408E+00  3.3423716E-09  8.2404694E-05  2.2631280E-05  9.0192773E-03  2.3059283E-04  4.2741544E-07  1.6940947E-09  2.0207516E-03  3.3936252E-06  8.866E-11  4.332E-17  1.219E+11  2.633E+12  2.901E+01  2.844E+06  0.39619770  1.491E-05  2.537E-05  9.756E-01  3.920E-07  5.211E-06  1.029E+00  419   13.5451  9.36E-03 1.4347E+01 2.1660E+01    5.19E+02 0.00E+00 1.41E+02  0.397064  0.211219 5.19E+02 0.00E+00 1.41E+02  0.396198  0.211220  0.0000000E+00  0.0000000E+00  1.1555988E-04  1.2855302E+00  2.6185266E-01  2.7528903E-04 -5.3089186E-01  1.8429980E-01  1.6807045E-01 0.000 0.487 1.000 1.000 1.000 1.000 1.000 1.000 1.000 1.000 1.000 1.000 1.000 1.000 1.000 1.000 1.000 1.000 1.000 1.000 1.000 1.000 1.000 1.000 1.000 1.000 1.000 1.000 1.000 1.000 1.000 1.000 1.000 1.000 1.000 1.000 1.000 1.000 1.000 1.000  3.0021718558E-01   0.31694   1.00000   0.00000   0.00000   0.2187191E-02
  4154  5.654945117340444E+06  28.023648  5.372661  4.539904  0.6384671E+00  0.3475876E+00  1.7693576E-05  1.2529973E-03  1.1792461E-04  4.1561479E-03  4.1008856E-03  2.8038826E-06  7.6512736E-06  2.0825366E-03  9.9144103E-05  0.4830    4.539904  -6.140  0.623304  7.637409  0.2258367E+00  0.7605035E+00  3.4273113E-09  8.2291503E-05  2.2601490E-05  9.0199111E-03  2.3005562E-04  4.2731147E-07  1.7823939E-09  2.0203523E-03  3.4157898E-06  9.272E-11  4.534E-17  1.240E+11  2.744E+12  2.950E+01  2.963E+06  0.39324593  1.471E-05  2.524E-05  9.759E-01  3.935E-07  5.190E-06  1.028E+00  418   13.5451  9.36E-03 1.4253E+01 2.1522E+01    5.18E+02 0.00E+00 1.40E+02  0.394276  0.211983 5.18E+02 0.00E+00 1.39E+02  0.393246  0.211983  0.0000000E+00  0.0000000E+00  1.2722675E-04  1.2860839E+00  2.5978018E-01  2.7112322E-04 -5.3039667E-01  1.8387706E-01  1.6840750E-01 0.000 0.487 1.000 1.000 1.000 1.000 1.000 1.000 1.000 1.000 1.000 1.000 1.000 1.000 1.000 1.000 1.000 1.000 1.000 1.000 1.000 1.000 1.000 1.000 1.000 1.000 1.000 1.000 1.000 1.000 1.000 1.000 1.000 1.000 1.000 1.000 1.000 1.000 1.000 1.000  2.9775757063E-01   0.31366   1.00000   0.00000   0.00000   0.2162209E-02
  4173  5.674063846239427E+06  28.009743  5.374327  4.539574  0.6371955E+00  0.3488604E+00  1.7585135E-05  1.2462905E-03  1.1777493E-04  4.1800103E-03  4.0827898E-03  2.7943077E-06  7.6120158E-06  2.0823502E-03  9.8683719E-05  0.4828    4.539574  -6.137  0.624103  7.637826  0.2235221E+00  0.7628181E+00  3.3468623E-09  8.2402430E-05  2.2632638E-05  9.0201460E-03  2.2960228E-04  4.2539242E-07  1.7720207E-09  2.0199601E-03  3.4373961E-06  9.266E-11  4.530E-17  1.234E+11  2.718E+12  2.937E+01  2.935E+06  0.39128729  1.456E-05  2.509E-05  9.762E-01  3.949E-07  5.170E-06  1.028E+00  416   13.5451  9.36E-03 1.4157E+01 2.1378E+01    5.17E+02 0.00E+00 1.38E+02  0.390963  0.212727 5.17E+02 0.00E+00 1.38E+02  0.391287  0.212739  0.0000000E+00  0.0000000E+00  1.2706610E-04  1.2867263E+00  2.5766340E-01  2.6677601E-04 -5.2988537E-01  1.8345274E-01  1.6873215E-01 0.000 0.487 1.000 1.000 1.000 1.000 1.000 1.000 1.000 1.000 1.000 1.000 1.000 1.000 1.000 1.000 1.000 1.000 1.000 1.000 1.000 1.000 1.000 1.000 1.000 1.000 1.000 1.000 1.000 1.000 1.000 1.000 1.000 1.000 1.000 1.000 1.000 1.000 1.000 1.000  2.9534249949E-01   0.31045   1.00000   0.00000   0.00000   0.2138932E-02
  4193  5.693162450160626E+06  27.995759  5.375996  4.539220  0.6359023E+00  0.3501548E+00  1.7476154E-05  1.2395487E-03  1.1762056E-04  4.2040365E-03  4.0645595E-03  2.7846315E-06  7.5725106E-06  2.0821606E-03  9.8220212E-05  0.4824    4.539220  -6.134  0.624884  7.638235  0.2211423E+00  0.7651980E+00  3.2420283E-09  8.2631336E-05  2.2700001E-05  9.0205264E-03  2.2878339E-04  4.2082110E-07  1.7412862E-09  2.0195568E-03  3.4512543E-06  9.038E-11  4.417E-17  1.241E+11  2.670E+12  2.954E+01  2.884E+06  0.38852369  1.437E-05  2.496E-05  9.766E-01  3.964E-07  5.151E-06  1.027E+00  421   13.5245  9.36E-03 1.4067E+01 2.1244E+01    5.16E+02 0.00E+00 1.37E+02  0.388021  0.213485 5.16E+02 0.00E+00 1.37E+02  0.388524  0.213496  0.0000000E+00  0.0000000E+00  1.2581818E-04  1.2874637E+00  2.5562282E-01  2.6270032E-04 -5.2934788E-01  1.8301855E-01  1.6904986E-01 0.000 0.485 1.000 1.000 1.000 1.000 1.000 1.000 1.000 1.000 1.000 1.000 1.000 1.000 1.000 1.000 1.000 1.000 1.000 1.000 1.000 1.000 1.000 1.000 1.000 1.000 1.000 1.000 1.000 1.000 1.000 1.000 1.000 1.000 1.000 1.000 1.000 1.000 1.000 1.000  2.9292835014E-01   0.30715   1.00000   0.00000   0.00000   0.2115007E-02
  4213  5.713086178171150E+06  27.981069  5.377696  4.538880  0.6345357E+00  0.3515226E+00  1.7362375E-05  1.2325085E-03  1.1745521E-04  4.2291677E-03  4.0454800E-03  2.7744726E-06  7.5312120E-06  2.0819602E-03  9.7735428E-05  0.4821    4.538880  -6.131  0.625804  7.638700  0.2186716E+00  0.7676687E+00  3.1346323E-09  8.2667163E-05  2.2706900E-05  9.0210799E-03  2.2809494E-04  4.1998189E-07  1.7119799E-09  2.0191368E-03  3.4691665E-06  8.958E-11  4.377E-17  1.228E+11  2.626E+12  2.924E+01  2.836E+06  0.38557637  1.417E-05  2.482E-05  9.769E-01  3.979E-07  5.130E-06  1.027E+00  419   13.5245  9.36E-03 1.3974E+01 2.1107E+01    5.15E+02 0.00E+00 1.35E+02  0.385246  0.214255 5.15E+02 0.00E+00 1.35E+02  0.385576  0.214267  0.0000000E+00  0.0000000E+00  1.2592055E-04  1.2880202E+00  2.5349814E-01  2.5854094E-04 -5.2883052E-01  1.8257823E-01  1.6940020E-01 0.000 0.485 1.000 1.000 1.000 1.000 1.000 1.000 1.000 1.000 1.000 1.000 1.000 1.000 1.000 1.000 1.000 1.000 1.000 1.000 1.000 1.000 1.000 1.000 1.000 1.000 1.000 1.000 1.000 1.000 1.000 1.000 1.000 1.000 1.000 1.000 1.000 1.000 1.000 1.000  2.9040876768E-01   0.30372   1.00000   0.00000   0.00000   0.2091105E-02
  4233  5.731993796053132E+06  27.967032  5.379352  4.538527  0.6332226E+00  0.3528370E+00  1.7254354E-05  1.2258232E-03  1.1729430E-04  4.2530710E-03  4.0273225E-03  2.7647747E-06  7.4919530E-06  2.0817675E-03  9.7274367E-05  0.4818    4.538527  -6.128  0.626594  7.639111  0.2163283E+00  0.7700120E+00  3.0378767E-09  8.2896027E-05  2.2774710E-05  9.0212940E-03  2.2746529E-04  4.1577449E-07  1.6934356E-09  2.0187376E-03  3.4880783E-06  8.925E-11  4.359E-17  1.217E+11  2.582E+12  2.896E+01  2.788E+06  0.38279639  1.399E-05  2.469E-05  9.773E-01  3.994E-07  5.111E-06  1.027E+00  417   13.5245  9.36E-03 1.3885E+01 2.0975E+01    5.14E+02 0.00E+00 1.34E+02  0.382305  0.215010 5.14E+02 0.00E+00 1.34E+02  0.382796  0.215020  0.0000000E+00  0.0000000E+00  1.2466264E-04  1.2888159E+00  2.5147813E-01  2.5446913E-04 -5.2829299E-01  1.8214309E-01  1.6971967E-01 0.000 0.485 1.000 1.000 1.000 1.000 1.000 1.000 1.000 1.000 1.000 1.000 1.000 1.000 1.000 1.000 1.000 1.000 1.000 1.000 1.000 1.000 1.000 1.000 1.000 1.000 1.000 1.000 1.000 1.000 1.000 1.000 1.000 1.000 1.000 1.000 1.000 1.000 1.000 1.000  2.8801672381E-01   0.30046   1.00000   0.00000   0.00000   0.2067912E-02
  4250  5.748759613173979E+06  27.954506  5.380853  4.538131  0.6320389E+00  0.3540218E+00  1.7158050E-05  1.2198620E-03  1.1714763E-04  4.2744172E-03  4.0110992E-03  2.7560855E-06  7.4569118E-06  2.0815937E-03  9.6862663E-05  0.4817    4.538131  -6.125  0.627498  7.639531  0.2141536E+00  0.7721868E+00  2.8638985E-09  8.2908665E-05  2.2774268E-05  9.0222273E-03  2.2638327E-04  4.1454730E-07  1.5586263E-09  2.0183677E-03  3.4918429E-06  8.387E-11  4.097E-17  1.203E+11  2.473E+12  2.863E+01  2.671E+06  0.37948335  1.379E-05  2.459E-05  9.777E-01  4.008E-07  5.096E-06  1.026E+00  417   13.4688  9.35E-03 1.3812E+01 2.0867E+01    5.13E+02 0.00E+00 1.33E+02  0.380431  0.215707 5.13E+02 0.00E+00 1.33E+02  0.379483  0.215705  0.0000000E+00  0.0000000E+00  1.2497325E-04  1.2895589E+00  2.4977864E-01  2.5114399E-04 -5.2783330E-01  1.8175935E-01  1.7001319E-01 0.000 0.484 1.000 1.000 1.000 1.000 1.000 1.000 1.000 1.000 1.000 1.000 1.000 1.000 1.000 1.000 1.000 1.000 1.000 1.000 1.000 1.000 1.000 1.000 1.000 1.000 1.000 1.000 1.000 1.000 1.000 1.000 1.000 1.000 1.000 1.000 1.000 1.000 1.000 1.000  2.8589472545E-01   0.29743   1.00000   0.00000   0.00000   0.2044971E-02
  4270  5.768484103904388E+06  27.939679  5.382561  4.537711  0.6306359E+00  0.3554260E+00  1.7045186E-05  1.2128745E-03  1.1697192E-04  4.2994763E-03  3.9920443E-03  2.7458507E-06  7.4157965E-06  2.0813876E-03  9.6379386E-05  0.4813    4.537711  -6.122  0.628420  7.639994  0.2116173E+00  0.7747232E+00  2.8872099E-09  8.3052367E-05  2.2815178E-05  9.0229255E-03  2.2534587E-04  4.1129205E-07  1.6725860E-09  2.0179348E-03  3.5053075E-06  8.606E-11  4.202E-17  1.213E+11  2.534E+12  2.886E+01  2.737E+06  0.37645230  1.359E-05  2.445E-05  9.781E-01  4.024E-07  5.077E-06  1.026E+00  415   13.4688  9.35E-03 1.3719E+01 2.0730E+01    5.12E+02 0.00E+00 1.32E+02  0.377404  0.216484 5.12E+02 0.00E+00 1.31E+02  0.376452  0.216483  0.0000000E+00  0.0000000E+00  1.2493502E-04  1.2903640E+00  2.4767367E-01  2.4699292E-04 -5.2727882E-01  1.8130272E-01  1.7035777E-01 0.000 0.484 1.000 1.000 1.000 1.000 1.000 1.000 1.000 1.000 1.000 1.000 1.000 1.000 1.000 1.000 1.000 1.000 1.000 1.000 1.000 1.000 1.000 1.000 1.000 1.000 1.000 1.000 1.000 1.000 1.000 1.000 1.000 1.000 1.000 1.000 1.000 1.000 1.000 1.000  2.8339826318E-01   0.29391   1.00000   0.00000   0.00000   0.2020410E-02
  4288  5.785180885307686E+06  27.927052  5.384059  4.537308  0.6294397E+00  0.3566233E+00  1.6950027E-05  1.2069823E-03  1.1682059E-04  4.3206391E-03  3.9759439E-03  2.7371786E-06  7.3810915E-06  2.0812119E-03  9.5971284E-05  0.4810    4.537308  -6.120  0.629294  7.640405  0.2093898E+00  0.7769508E+00  2.7645233E-09  8.3199901E-05  2.2856605E-05  9.0238253E-03  2.2407329E-04  4.0739504E-07  1.6106564E-09  2.0175550E-03  3.5101026E-06  8.369E-11  4.085E-17  1.209E+11  2.464E+12  2.878E+01  2.661E+06  0.37393386  1.342E-05  2.434E-05  9.784E-01  4.037E-07  5.063E-06  1.025E+00  416   13.4129  9.35E-03 1.3641E+01 2.0614E+01    5.10E+02 0.00E+00 1.30E+02  0.374871  0.217171 5.10E+02 0.00E+00 1.30E+02  0.373934  0.217170  0.0000000E+00  0.0000000E+00  1.2368326E-04  1.2912635E+00  2.4589169E-01  2.4355100E-04 -5.2678804E-01  1.8090597E-01  1.7064670E-01 0.000 0.482 1.000 1.000 1.000 1.000 1.000 1.000 1.000 1.000 1.000 1.000 1.000 1.000 1.000 1.000 1.000 1.000 1.000 1.000 1.000 1.000 1.000 1.000 1.000 1.000 1.000 1.000 1.000 1.000 1.000 1.000 1.000 1.000 1.000 1.000 1.000 1.000 1.000 1.000  2.8128505057E-01   0.29081   1.00000   0.00000   0.00000   0.1998493E-02
  4308  5.804708131130794E+06  27.912192  5.385758  4.536885  0.6280263E+00  0.3580379E+00  1.6838823E-05  1.2000957E-03  1.1664010E-04  4.3454098E-03  3.9570893E-03  2.7269955E-06  7.3404899E-06  2.0810041E-03  9.5493649E-05  0.4805    4.536885  -6.117  0.630264  7.640882  0.2068483E+00  0.7794924E+00  2.6904575E-09  8.3327349E-05  2.2892451E-05  9.0245187E-03  2.2306901E-04  4.0461523E-07  1.6185826E-09  2.0171196E-03  3.5274256E-06  8.292E-11  4.045E-17  1.201E+11  2.438E+12  2.858E+01  2.634E+06  0.37099649  1.323E-05  2.421E-05  9.787E-01  4.053E-07  5.044E-06  1.025E+00  416   13.4129  9.35E-03 1.3551E+01 2.0481E+01    5.09E+02 0.00E+00 1.29E+02  0.371937  0.217949 5.09E+02 0.00E+00 1.29E+02  0.370996  0.217948  0.0000000E+00  0.0000000E+00  1.2366607E-04  1.2920593E+00  2.4381052E-01  2.3962537E-04 -5.2624240E-01  1.8045188E-01  1.7099434E-01 0.000 0.483 1.000 1.000 1.000 1.000 1.000 1.000 1.000 1.000 1.000 1.000 1.000 1.000 1.000 1.000 1.000 1.000 1.000 1.000 1.000 1.000 1.000 1.000 1.000 1.000 1.000 1.000 1.000 1.000 1.000 1.000 1.000 1.000 1.000 1.000 1.000 1.000 1.000 1.000  2.7881421754E-01   0.28728   1.00000   0.00000   0.00000   0.1974471E-02
  4328  5.823190669302365E+06  27.898038  5.387388  4.536478  0.6266733E+00  0.3593921E+00  1.6733586E-05  1.1935778E-03  1.1646569E-04  4.3688903E-03  3.9392075E-03  2.7173104E-06  7.3020227E-06  2.0808051E-03  9.5040931E-05  0.4802    4.536478  -6.114  0.631177  7.641331  0.2044563E+00  0.7818844E+00  2.6264791E-09  8.3487771E-05  2.2937951E-05  9.0250181E-03  2.2223110E-04  4.0137575E-07  1.6211550E-09  2.0167087E-03  3.5475757E-06  8.237E-11  4.017E-17  1.195E+11  2.418E+12  2.844E+01  2.612E+06  0.36809066  1.304E-05  2.408E-05  9.791E-01  4.068E-07  5.027E-06  1.025E+00  414   13.4129  9.35E-03 1.3466E+01 2.0354E+01    5.08E+02 0.00E+00 1.28E+02  0.369026  0.218697 5.08E+02 0.00E+00 1.27E+02  0.368091  0.218697  0.0000000E+00  0.0000000E+00  1.2236588E-04  1.2928534E+00  2.4184589E-01  2.3584910E-04 -5.2572002E-01  1.8001947E-01  1.7132271E-01 0.000 0.483 1.000 1.000 1.000 1.000 1.000 1.000 1.000 1.000 1.000 1.000 1.000 1.000 1.000 1.000 1.000 1.000 1.000 1.000 1.000 1.000 1.000 1.000 1.000 1.000 1.000 1.000 1.000 1.000 1.000 1.000 1.000 1.000 1.000 1.000 1.000 1.000 1.000 1.000  2.7647667094E-01   0.28396   1.00000   0.00000   0.00000   0.1951680E-02
  4346  5.840589445330752E+06  27.884632  5.388934  4.536079  0.6253910E+00  0.3606755E+00  1.6634923E-05  1.1874665E-03  1.1629903E-04  4.3909373E-03  3.9224092E-03  2.7081883E-06  7.2659209E-06  2.0806165E-03  9.4615888E-05  0.4801    4.536079  -6.112  0.632121  7.641771  0.2022208E+00  0.7841200E+00  2.6587208E-09  8.3611442E-05  2.2972474E-05  9.0253894E-03  2.2160074E-04  3.9936902E-07  1.7122075E-09  2.0163234E-03  3.5686834E-06  6.645E-11  3.238E-17  1.157E+11  2.188E+12  2.753E+01  2.363E+06  0.36528648  1.286E-05  2.397E-05  9.794E-01  4.082E-07  5.010E-06  1.024E+00  414   13.4129  9.35E-03 1.3384E+01 2.0233E+01    5.07E+02 0.00E+00 1.26E+02  0.366270  0.219405 5.07E+02 0.00E+00 1.26E+02  0.365286  0.219409  0.0000000E+00  0.0000000E+00  1.2228417E-04  1.2935941E+00  2.4000515E-01  2.3242850E-04 -5.2523616E-01  1.7961375E-01  1.7163658E-01 0.000 0.483 1.000 1.000 1.000 1.000 1.000 1.000 1.000 1.000 1.000 1.000 1.000 1.000 1.000 1.000 1.000 1.000 1.000 1.000 1.000 1.000 1.000 1.000 1.000 1.000 1.000 1.000 1.000 1.000 1.000 1.000 1.000 1.000 1.000 1.000 1.000 1.000 1.000 1.000  2.7427720648E-01   0.28084   1.00000   0.00000   0.00000   0.1929883E-02
  4364  5.856992624730854E+06  27.871920  5.390430  4.535689  0.6241633E+00  0.3619043E+00  1.6541416E-05  1.1816742E-03  1.1613827E-04  4.4118620E-03  3.9064589E-03  2.6995055E-06  7.2316721E-06  2.0804357E-03  9.4212517E-05  0.4795    4.535689  -6.109  0.632966  7.642179  0.1999781E+00  0.7863628E+00  2.4501533E-09  8.3793658E-05  2.3025631E-05  9.0262468E-03  2.2031670E-04  3.9481031E-07  1.5537932E-09  2.0159380E-03  3.5751249E-06  7.958E-11  3.877E-17  1.191E+11  2.327E+12  2.835E+01  2.513E+06  0.36273634  1.270E-05  2.386E-05  9.797E-01  4.095E-07  4.996E-06  1.024E+00  415   13.3464  9.35E-03 1.3309E+01 2.0121E+01    5.06E+02 0.00E+00 1.25E+02  0.363665  0.220102 5.06E+02 0.00E+00 1.25E+02  0.362736  0.220100  0.0000000E+00  0.0000000E+00  1.2102239E-04  1.2944965E+00  2.3826454E-01  2.2918350E-04 -5.2474385E-01  1.7921694E-01  1.7192364E-01 0.000 0.481 1.000 1.000 1.000 1.000 1.000 1.000 1.000 1.000 1.000 1.000 1.000 1.000 1.000 1.000 1.000 1.000 1.000 1.000 1.000 1.000 1.000 1.000 1.000 1.000 1.000 1.000 1.000 1.000 1.000 1.000 1.000 1.000 1.000 1.000 1.000 1.000 1.000 1.000  2.7220480263E-01   0.27774   1.00000   0.00000   0.00000   0.1909141E-02
  4384  5.876131278362083E+06  27.856997  5.392121  4.535287  0.6227194E+00  0.3633495E+00  1.6432604E-05  1.1749332E-03  1.1594780E-04  4.4362472E-03  3.8878620E-03  2.6893563E-06  7.1917773E-06  2.0802231E-03  9.3742477E-05  0.4791    4.535287  -6.107  0.634013  7.642678  0.1974476E+00  0.7888934E+00  2.4044151E-09  8.3885669E-05  2.3049324E-05  9.0269181E-03  2.1939888E-04  3.9298627E-07  1.5787831E-09  2.0155008E-03  3.5953250E-06  7.930E-11  3.862E-17  1.187E+11  2.324E+12  2.824E+01  2.510E+06  0.35957555  1.251E-05  2.373E-05  9.801E-01  4.111E-07  4.978E-06  1.024E+00  413   13.3464  9.35E-03 1.3221E+01 1.9992E+01    5.05E+02 0.00E+00 1.24E+02  0.360525  0.220881 5.05E+02 0.00E+00 1.23E+02  0.359576  0.220881  0.0000000E+00  0.0000000E+00  1.2089532E-04  1.2952499E+00  2.3624638E-01  2.2542587E-04 -5.2421678E-01  1.7876931E-01  1.7227740E-01 0.000 0.481 1.000 1.000 1.000 1.000 1.000 1.000 1.000 1.000 1.000 1.000 1.000 1.000 1.000 1.000 1.000 1.000 1.000 1.000 1.000 1.000 1.000 1.000 1.000 1.000 1.000 1.000 1.000 1.000 1.000 1.000 1.000 1.000 1.000 1.000 1.000 1.000 1.000 1.000  2.6978857204E-01   0.27423   1.00000   0.00000   0.00000   0.1886513E-02
  4403  5.894121612775438E+06  27.842879  5.393729  4.534902  0.6213601E+00  0.3647099E+00  1.6331291E-05  1.1686565E-03  1.1576720E-04  4.4589857E-03  3.8705127E-03  2.6798632E-06  7.1545941E-06  2.0800228E-03  9.3304222E-05  0.4788    4.534902  -6.104  0.634920  7.643122  0.1950805E+00  0.7912605E+00  2.2350803E-09  8.4233857E-05  2.3143850E-05  9.0270693E-03  2.1864915E-04  3.8885166E-07  1.5039569E-09  2.0150906E-03  3.6170122E-06  7.519E-11  3.656E-17  1.159E+11  2.192E+12  2.758E+01  2.367E+06  0.35734889  1.236E-05  2.361E-05  9.803E-01  4.125E-07  4.961E-06  1.023E+00  412   13.3464  9.35E-03 1.3134E+01 1.9863E+01    5.04E+02 0.00E+00 1.22E+02  0.357070  0.221616 5.04E+02 0.00E+00 1.22E+02  0.357349  0.221627  0.0000000E+00  0.0000000E+00  1.0848979E-04  1.2961244E+00  2.3427544E-01  2.2186586E-04 -5.2368855E-01  1.7833660E-01  1.7260054E-01 0.000 0.482 1.000 1.000 1.000 1.000 1.000 1.000 1.000 1.000 1.000 1.000 1.000 1.000 1.000 1.000 1.000 1.000 1.000 1.000 1.000 1.000 1.000 1.000 1.000 1.000 1.000 1.000 1.000 1.000 1.000 1.000 1.000 1.000 1.000 1.000 1.000 1.000 1.000 1.000  2.6751964971E-01   0.27095   1.00000   0.00000   0.00000   0.1865650E-02
  4423  5.912379888339631E+06  27.828461  5.395395  4.534490  0.6199577E+00  0.3661135E+00  1.6227879E-05  1.1622494E-03  1.1557961E-04  4.4822288E-03  3.8527700E-03  2.6701305E-06  7.1166027E-06  2.0798161E-03  9.2856283E-05  0.4787    4.534490  -6.101  0.636094  7.643642  0.1927227E+00  0.7936183E+00  2.7923513E-09  8.4220220E-05  2.3143685E-05  9.0274974E-03  2.1817811E-04  3.8796046E-07  2.0841710E-09  2.0146803E-03  3.6458002E-06  7.320E-11  3.562E-17  1.140E+11  2.054E+12  2.714E+01  2.218E+06  0.35427590  1.217E-05  2.349E-05  9.807E-01  4.140E-07  4.943E-06  1.023E+00  408   13.3464  9.35E-03 1.3049E+01 1.9737E+01    5.03E+02 0.00E+00 1.21E+02  0.353924  0.222395 5.03E+02 0.00E+00 1.21E+02  0.354276  0.222401  0.0000000E+00  0.0000000E+00  1.1919840E-04  1.2968333E+00  2.3236233E-01  2.1837619E-04 -5.2320556E-01  1.7791288E-01  1.7295053E-01 0.000 0.483 1.000 1.000 1.000 1.000 1.000 1.000 1.000 1.000 1.000 1.000 1.000 1.000 1.000 1.000 1.000 1.000 1.000 1.000 1.000 1.000 1.000 1.000 1.000 1.000 1.000 1.000 1.000 1.000 1.000 1.000 1.000 1.000 1.000 1.000 1.000 1.000 1.000 1.000  2.6521921289E-01   0.26761   1.00000   0.00000   0.00000   0.1843148E-02
  4440  5.928485065370318E+06  27.815667  5.396868  4.534104  0.6186952E+00  0.3673771E+00  1.6135726E-05  1.1565397E-03  1.1540973E-04  4.5029691E-03  3.8369309E-03  2.6614214E-06  7.0827167E-06  2.0796298E-03  9.2456618E-05  0.4780    4.534104  -6.099  0.636997  7.644068  0.1904078E+00  0.7959333E+00  2.1617900E-09  8.4295074E-05  2.3164044E-05  9.0288113E-03  2.1655531E-04  3.8445510E-07  1.4949643E-09  2.0142801E-03  3.6442873E-06  7.521E-11  3.658E-17  1.170E+11  2.193E+12  2.784E+01  2.369E+06  0.35080287  1.198E-05  2.340E-05  9.811E-01  4.154E-07  4.930E-06  1.022E+00  411   13.2796  9.35E-03 1.2983E+01 1.9639E+01    5.02E+02 0.00E+00 1.20E+02  0.351750  0.223086 5.01E+02 0.00E+00 1.20E+02  0.350803  0.223085  0.0000000E+00  0.0000000E+00  1.1929039E-04  1.2977430E+00  2.3075536E-01  2.1547405E-04 -5.2272119E-01  1.7751730E-01  1.7324271E-01 0.000 0.480 1.000 1.000 1.000 1.000 1.000 1.000 1.000 1.000 1.000 1.000 1.000 1.000 1.000 1.000 1.000 1.000 1.000 1.000 1.000 1.000 1.000 1.000 1.000 1.000 1.000 1.000 1.000 1.000 1.000 1.000 1.000 1.000 1.000 1.000 1.000 1.000 1.000 1.000  2.6319203309E-01   0.26445   1.00000   0.00000   0.00000   0.1823277E-02
  4458  5.944523926966162E+06  27.802856  5.398304  4.533720  0.6174424E+00  0.3686309E+00  1.6045146E-05  1.1509274E-03  1.1524025E-04  4.5233805E-03  3.8213367E-03  2.6528281E-06  7.0493810E-06  2.0794450E-03  9.2063324E-05  0.4776    4.533720  -6.096  0.637915  7.644500  0.1882264E+00  0.7981148E+00  2.1124992E-09  8.4452876E-05  2.3208924E-05  9.0293502E-03  2.1567637E-04  3.8133266E-07  1.5057070E-09  2.0139004E-03  3.6623471E-06  7.472E-11  3.632E-17  1.163E+11  2.176E+12  2.769E+01  2.350E+06  0.34817369  1.183E-05  2.329E-05  9.814E-01  4.167E-07  4.916E-06  1.022E+00  411   13.2796  9.35E-03 1.2910E+01 1.9531E+01    5.01E+02 0.00E+00 1.19E+02  0.349115  0.223755 5.00E+02 0.00E+00 1.18E+02  0.348174  0.223754  0.0000000E+00  0.0000000E+00  1.1796381E-04  1.2985021E+00  2.2907058E-01  2.1249210E-04 -5.2225915E-01  1.7712992E-01  1.7354245E-01 0.000 0.480 1.000 1.000 1.000 1.000 1.000 1.000 1.000 1.000 1.000 1.000 1.000 1.000 1.000 1.000 1.000 1.000 1.000 1.000 1.000 1.000 1.000 1.000 1.000 1.000 1.000 1.000 1.000 1.000 1.000 1.000 1.000 1.000 1.000 1.000 1.000 1.000 1.000 1.000  2.6117584416E-01   0.26142   1.00000   0.00000   0.00000   0.1804095E-02
  4476  5.961405941947727E+06  27.789296  5.399830  4.533319  0.6161115E+00  0.3699630E+00  1.5949838E-05  1.1450221E-03  1.1505929E-04  4.5448840E-03  3.8049014E-03  2.6437513E-06  7.0142757E-06  2.0792485E-03  9.1649030E-05  0.4773    4.533319  -6.094  0.638910  7.644964  0.1859462E+00  0.8003950E+00  2.0723811E-09  8.4576875E-05  2.3243526E-05  9.0298459E-03  2.1490357E-04  3.7915121E-07  1.5190944E-09  2.0135022E-03  3.6834270E-06  7.460E-11  3.624E-17  1.160E+11  2.170E+12  2.761E+01  2.344E+06  0.34539230  1.166E-05  2.319E-05  9.817E-01  4.181E-07  4.900E-06  1.022E+00  412   13.2796  9.35E-03 1.2833E+01 1.9417E+01    4.99E+02 0.00E+00 1.17E+02  0.346332  0.224466 4.99E+02 0.00E+00 1.17E+02  0.345392  0.224466  0.0000000E+00  0.0000000E+00  1.1782499E-04  1.2992506E+00  2.2729950E-01  2.0940142E-04 -5.2178419E-01  1.7672538E-01  1.7386284E-01 0.000 0.480 1.000 1.000 1.000 1.000 1.000 1.000 1.000 1.000 1.000 1.000 1.000 1.000 1.000 1.000 1.000 1.000 1.000 1.000 1.000 1.000 1.000 1.000 1.000 1.000 1.000 1.000 1.000 1.000 1.000 1.000 1.000 1.000 1.000 1.000 1.000 1.000 1.000 1.000  2.5905628763E-01   0.25825   1.00000   0.00000   0.00000   0.1783913E-02
  4492  5.975464908868485E+06  27.777947  5.401112  4.532914  0.6149922E+00  0.3710832E+00  1.5870410E-05  1.1401007E-03  1.1490640E-04  4.5628254E-03  3.7911834E-03  2.6361595E-06  6.9849963E-06  2.0790832E-03  9.1303396E-05  0.4770    4.532914  -6.092  0.639657  7.645322  0.1840579E+00  0.8022834E+00  1.9937474E-09  8.4869174E-05  2.3329535E-05  9.0299107E-03  2.1433763E-04  3.7504585E-07  1.4879636E-09  2.0131715E-03  3.7039599E-06  7.021E-11  3.409E-17  1.149E+11  2.124E+12  2.735E+01  2.294E+06  0.34311562  1.152E-05  2.309E-05  9.819E-01  4.193E-07  4.887E-06  1.021E+00  413   13.2796  9.35E-03 1.2769E+01 1.9322E+01    4.98E+02 0.00E+00 1.16E+02  0.344052  0.225063 4.98E+02 0.00E+00 1.16E+02  0.343116  0.225066  0.0000000E+00  0.0000000E+00  1.1651402E-04  1.3000600E+00  2.2582255E-01  2.0680371E-04 -5.2135402E-01  1.7637636E-01  1.7411828E-01 0.000 0.480 1.000 1.000 1.000 1.000 1.000 1.000 1.000 1.000 1.000 1.000 1.000 1.000 1.000 1.000 1.000 1.000 1.000 1.000 1.000 1.000 1.000 1.000 1.000 1.000 1.000 1.000 1.000 1.000 1.000 1.000 1.000 1.000 1.000 1.000 1.000 1.000 1.000 1.000  2.5729358916E-01   0.25564   1.00000   0.00000   0.00000   0.1766120E-02
  4506  5.988464060404296E+06  27.767407  5.402338  4.532515  0.6139301E+00  0.3721461E+00  1.5795640E-05  1.1354679E-03  1.1476078E-04  4.5797315E-03  3.7782527E-03  2.6289904E-06  6.9574153E-06  2.0789262E-03  9.0977734E-05  0.4767    4.532515  -6.090  0.640648  7.645738  0.1821599E+00  0.8041815E+00  1.9180351E-09  8.4817445E-05  2.3310748E-05  9.0311061E-03  2.1306439E-04  3.7397963E-07  1.4332000E-09  2.0128409E-03  3.7056809E-06  7.132E-11  3.462E-17  1.148E+11  2.064E+12  2.731E+01  2.229E+06  0.34082046  1.139E-05  2.302E-05  9.822E-01  4.205E-07  4.876E-06  1.021E+00  415   13.2126  9.35E-03 1.2711E+01 1.9236E+01    4.98E+02 0.00E+00 1.15E+02  0.341766  0.225641 4.97E+02 0.00E+00 1.15E+02  0.340820  0.225640  0.0000000E+00  0.0000000E+00  1.1634622E-04  1.3008072E+00  2.2447042E-01  2.0445124E-04 -5.2098780E-01  1.7605909E-01  1.7437402E-01 0.000 0.479 1.000 1.000 1.000 1.000 1.000 1.000 1.000 1.000 1.000 1.000 1.000 1.000 1.000 1.000 1.000 1.000 1.000 1.000 1.000 1.000 1.000 1.000 1.000 1.000 1.000 1.000 1.000 1.000 1.000 1.000 1.000 1.000 1.000 1.000 1.000 1.000 1.000 1.000  2.5566551768E-01   0.25299   1.00000   0.00000   0.00000   0.1748965E-02
  4522  6.003227382505681E+06  27.755384  5.403671  4.532110  0.6127243E+00  0.3733530E+00  1.5711433E-05  1.1302506E-03  1.1459483E-04  4.5987902E-03  3.7636705E-03  2.6208910E-06  6.9263325E-06  2.0787479E-03  9.0610637E-05  0.4764    4.532110  -6.088  0.641529  7.646147  0.1801132E+00  0.8062283E+00  1.8338500E-09  8.5083557E-05  2.3381837E-05  9.0314181E-03  2.1226831E-04  3.7067174E-07  1.4233777E-09  2.0124819E-03  3.7239524E-06  6.785E-11  3.287E-17  1.134E+11  2.009E+12  2.700E+01  2.169E+06  0.33848582  1.124E-05  2.292E-05  9.824E-01  4.218E-07  4.863E-06  1.021E+00  414   13.2126  9.35E-03 1.2643E+01 1.9136E+01    4.97E+02 0.00E+00 1.14E+02  0.339339  0.226264 4.96E+02 0.00E+00 1.14E+02  0.338486  0.226262  0.0000000E+00  0.0000000E+00  1.0457357E-04  1.3015893E+00  2.2291516E-01  2.0169539E-04 -5.2055145E-01  1.7569452E-01  1.7465444E-01 0.000 0.479 1.000 1.000 1.000 1.000 1.000 1.000 1.000 1.000 1.000 1.000 1.000 1.000 1.000 1.000 1.000 1.000 1.000 1.000 1.000 1.000 1.000 1.000 1.000 1.000 1.000 1.000 1.000 1.000 1.000 1.000 1.000 1.000 1.000 1.000 1.000 1.000 1.000 1.000  2.5381913570E-01   0.25016   1.00000   0.00000   0.00000   0.1731153E-02
  4538  6.017182900190196E+06  27.743968  5.404958  4.531728  0.6115581E+00  0.3745201E+00  1.5630681E-05  1.1252474E-03  1.1443376E-04  4.6170859E-03  3.7496673E-03  2.6130986E-06  6.8965042E-06  2.0785755E-03  9.0258273E-05  0.4761    4.531728  -6.086  0.642432  7.646556  0.1781977E+00  0.8081438E+00  1.8564940E-09  8.5084447E-05  2.3386371E-05  9.0319605E-03  2.1164275E-04  3.6914898E-07  1.4692406E-09  2.0121449E-03  3.7449136E-06  7.108E-11  3.446E-17  1.142E+11  2.055E+12  2.717E+01  2.219E+06  0.33599451  1.110E-05  2.284E-05  9.827E-01  4.232E-07  4.850E-06  1.021E+00  416   13.2126  9.35E-03 1.2582E+01 1.9045E+01    4.96E+02 0.00E+00 1.13E+02  0.336936  0.226864 4.96E+02 0.00E+00 1.13E+02  0.335995  0.226863  0.0000000E+00  0.0000000E+00  1.1484863E-04  1.3022210E+00  2.2147757E-01  1.9925648E-04 -5.2016478E-01  1.7535845E-01  1.7492795E-01 0.000 0.479 1.000 1.000 1.000 1.000 1.000 1.000 1.000 1.000 1.000 1.000 1.000 1.000 1.000 1.000 1.000 1.000 1.000 1.000 1.000 1.000 1.000 1.000 1.000 1.000 1.000 1.000 1.000 1.000 1.000 1.000 1.000 1.000 1.000 1.000 1.000 1.000 1.000 1.000  2.5207632666E-01   0.24749   1.00000   0.00000   0.00000   0.1714081E-02
  4554  6.031890511642135E+06  27.731878  5.406314  4.531340  0.6103239E+00  0.3757553E+00  1.5545924E-05  1.1199963E-03  1.1426270E-04  4.6363084E-03  3.7349497E-03  2.6048933E-06  6.8651750E-06  2.0783928E-03  8.9888095E-05  0.4758    4.531340  -6.084  0.643369  7.646983  0.1761868E+00  0.8101547E+00  1.8237385E-09  8.5196936E-05  2.3417687E-05  9.0322964E-03  2.1107160E-04  3.6746021E-07  1.4784049E-09  2.0117901E-03  3.7673440E-06  7.093E-11  3.437E-17  1.140E+11  2.051E+12  2.712E+01  2.215E+06  0.33346208  1.096E-05  2.274E-05  9.829E-01  4.246E-07  4.836E-06  1.020E+00  417   13.2126  9.35E-03 1.2515E+01 1.8946E+01    4.95E+02 0.00E+00 1.12E+02  0.334407  0.227497 4.95E+02 0.00E+00 1.12E+02  0.333462  0.227497  0.0000000E+00  0.0000000E+00  1.1466148E-04  1.3029016E+00  2.1994721E-01  1.9667796E-04 -5.1975318E-01  1.7500226E-01  1.7521570E-01 0.000 0.480 1.000 1.000 1.000 1.000 1.000 1.000 1.000 1.000 1.000 1.000 1.000 1.000 1.000 1.000 1.000 1.000 1.000 1.000 1.000 1.000 1.000 1.000 1.000 1.000 1.000 1.000 1.000 1.000 1.000 1.000 1.000 1.000 1.000 1.000 1.000 1.000 1.000 1.000  2.5024242430E-01   0.24470   1.00000   0.00000   0.00000   0.1696483E-02
  4572  6.047508156552665E+06  27.718976  5.407776  4.530925  0.6090021E+00  0.3770781E+00  1.5455953E-05  1.1144224E-03  1.1407889E-04  4.6567348E-03  3.7193048E-03  2.5961539E-06  6.8318951E-06  2.0781971E-03  8.9494774E-05  0.4753    4.530925  -6.082  0.644240  7.647398  0.1739960E+00  0.8123456E+00  1.3515719E-09  8.5469484E-05  2.3496397E-05  9.0326671E-03  2.1019208E-04  3.6314183E-07  9.7357754E-10  2.0114036E-03  3.7858226E-06  6.702E-11  3.245E-17  1.165E+11  2.207E+12  2.773E+01  2.383E+06  0.33078672  1.081E-05  2.264E-05  9.832E-01  4.261E-07  4.822E-06  1.020E+00  418   13.1453  9.35E-03 1.2445E+01 1.8842E+01    4.94E+02 0.00E+00 1.11E+02  0.331780  0.228174 4.93E+02 0.00E+00 1.11E+02  0.330787  0.228183  0.0000000E+00  0.0000000E+00  1.1333600E-04  1.3038304E+00  2.1833211E-01  1.9395280E-04 -5.1927570E-01  1.7461064E-01  1.7550601E-01 0.000 0.477 1.000 1.000 1.000 1.000 1.000 1.000 1.000 1.000 1.000 1.000 1.000 1.000 1.000 1.000 1.000 1.000 1.000 1.000 1.000 1.000 1.000 1.000 1.000 1.000 1.000 1.000 1.000 1.000 1.000 1.000 1.000 1.000 1.000 1.000 1.000 1.000 1.000 1.000  2.4829852958E-01   0.24175   1.00000   0.00000   0.00000   0.1677991E-02
  4588  6.062068691890083E+06  27.706885  5.409119  4.530542  0.6077367E+00  0.3783445E+00  1.5370571E-05  1.1091332E-03  1.1390235E-04  4.6761390E-03  3.7044374E-03  2.5878328E-06  6.8002913E-06  2.0780097E-03  8.9121177E-05  0.4751    4.530542  -6.080  0.645461  7.647901  0.1718622E+00  0.8144795E+00  1.6655481E-09  8.5478712E-05  2.3496337E-05  9.0336930E-03  2.0900800E-04  3.6174545E-07  1.3874636E-09  2.0110276E-03  3.7959232E-06  6.699E-11  3.242E-17  1.132E+11  1.932E+12  2.694E+01  2.086E+06  0.32813217  1.066E-05  2.257E-05  9.835E-01  4.277E-07  4.810E-06  1.020E+00  419   13.1453  9.35E-03 1.2382E+01 1.8750E+01    4.93E+02 0.00E+00 1.10E+02  0.329062  0.228810 4.93E+02 0.00E+00 1.10E+02  0.328132  0.228810  0.0000000E+00  0.0000000E+00  1.1307446E-04  1.3045437E+00  2.1684238E-01  1.9148248E-04 -5.1887914E-01  1.7425511E-01  1.7580879E-01 0.000 0.477 1.000 1.000 1.000 1.000 1.000 1.000 1.000 1.000 1.000 1.000 1.000 1.000 1.000 1.000 1.000 1.000 1.000 1.000 1.000 1.000 1.000 1.000 1.000 1.000 1.000 1.000 1.000 1.000 1.000 1.000 1.000 1.000 1.000 1.000 1.000 1.000 1.000 1.000  2.4648950866E-01   0.23869   1.00000   0.00000   0.00000   0.1660900E-02
  4606  6.077994277415387E+06  27.693594  5.410569  4.530125  0.6063521E+00  0.3797302E+00  1.5277972E-05  1.1033971E-03  1.1370859E-04  4.6972052E-03  3.6882909E-03  2.5787782E-06  6.7659922E-06  2.0778045E-03  8.8715628E-05  0.4747    4.530125  -6.077  0.646441  7.648352  0.1695978E+00  0.8167440E+00  1.5487934E-09  8.5921914E-05  2.3620239E-05  9.0338193E-03  2.0812473E-04  3.5670584E-07  1.3388962E-09  2.0106265E-03  3.8181228E-06  6.342E-11  3.063E-17  1.107E+11  1.826E+12  2.635E+01  1.973E+06  0.32543924  1.051E-05  2.247E-05  9.838E-01  4.293E-07  4.796E-06  1.019E+00  422   13.1453  9.35E-03 1.2312E+01 1.8646E+01    4.92E+02 0.00E+00 1.09E+02  0.326293  0.229486 4.91E+02 0.00E+00 1.08E+02  0.325439  0.229487  0.0000000E+00  0.0000000E+00  1.0154918E-04  1.3055571E+00  2.1519327E-01  1.8873942E-04 -5.1838204E-01  1.7384723E-01  1.7611344E-01 0.000 0.477 1.000 1.000 1.000 1.000 1.000 1.000 1.000 1.000 1.000 1.000 1.000 1.000 1.000 1.000 1.000 1.000 1.000 1.000 1.000 1.000 1.000 1.000 1.000 1.000 1.000 1.000 1.000 1.000 1.000 1.000 1.000 1.000 1.000 1.000 1.000 1.000 1.000 1.000  2.4451518374E-01   0.23555   1.00000   0.00000   0.00000   0.1642984E-02
  4626  6.095603424839084E+06  27.678814  5.412216  4.529703  0.6047794E+00  0.3813042E+00  1.5173818E-05  1.0969459E-03  1.1348781E-04  4.7209265E-03  3.6701021E-03  2.5685566E-06  6.7273844E-06  2.0775713E-03  8.8259025E-05  0.4743    4.529703  -6.075  0.647768  7.648930  0.1671140E+00  0.8192278E+00  1.5813687E-09  8.5796134E-05  2.3585777E-05  9.0347233E-03  2.0730158E-04  3.5638464E-07  1.4052105E-09  2.0101850E-03  3.8456665E-06  6.627E-11  3.201E-17  1.119E+11  1.902E+12  2.663E+01  2.054E+06  0.32222328  1.034E-05  2.237E-05  9.841E-01  4.313E-07  4.780E-06  1.019E+00  425   13.1453  9.35E-03 1.2235E+01 1.8532E+01    4.90E+02 0.00E+00 1.07E+02  0.323156  0.230256 4.90E+02 0.00E+00 1.07E+02  0.322223  0.230257  0.0000000E+00  0.0000000E+00  1.1144601E-04  1.3062626E+00  2.1339841E-01  1.8578229E-04 -5.1792322E-01  1.7342606E-01  1.7648203E-01 0.000 0.477 1.000 1.000 1.000 1.000 1.000 1.000 1.000 1.000 1.000 1.000 1.000 1.000 1.000 1.000 1.000 1.000 1.000 1.000 1.000 1.000 1.000 1.000 1.000 1.000 1.000 1.000 1.000 1.000 1.000 1.000 1.000 1.000 1.000 1.000 1.000 1.000 1.000 1.000  2.4233699014E-01   0.23210   1.00000   0.00000   0.00000   0.1623218E-02
  4644  6.111549941133937E+06  27.665351  5.413702  4.529302  0.6033258E+00  0.3827589E+00  1.5078513E-05  1.0910433E-03  1.1328315E-04  4.7426566E-03  3.6534336E-03  2.5591689E-06  6.6920307E-06  2.0773556E-03  8.7840809E-05  0.4740    4.529302  -6.072  0.648797  7.649397  0.1648744E+00  0.8214675E+00  1.4706702E-09  8.6201508E-05  2.3697086E-05  9.0347031E-03  2.0665072E-04  3.5235013E-07  1.3484237E-09  2.0097856E-03  3.8726226E-06  6.274E-11  3.025E-17  1.097E+11  1.802E+12  2.612E+01  1.947E+06  0.31934651  1.019E-05  2.227E-05  9.844E-01  4.332E-07  4.765E-06  1.019E+00  427   13.1453  9.35E-03 1.2165E+01 1.8428E+01    4.89E+02 0.00E+00 1.06E+02  0.320210  0.230948 4.89E+02 0.00E+00 1.06E+02  0.319347  0.230949  0.0000000E+00  0.0000000E+00  1.0003412E-04  1.3072280E+00  2.1176379E-01  1.8312808E-04 -5.1744127E-01  1.7302173E-01  1.7679465E-01 0.000 0.478 1.000 1.000 1.000 1.000 1.000 1.000 1.000 1.000 1.000 1.000 1.000 1.000 1.000 1.000 1.000 1.000 1.000 1.000 1.000 1.000 1.000 1.000 1.000 1.000 1.000 1.000 1.000 1.000 1.000 1.000 1.000 1.000 1.000 1.000 1.000 1.000 1.000 1.000  2.4036935734E-01   0.22899   1.00000   0.00000   0.00000   0.1605729E-02
  4664  6.128820829121070E+06  27.650685  5.415383  4.528890  0.6017032E+00  0.3843827E+00  1.4973192E-05  1.0845211E-03  1.1305407E-04  4.7666968E-03  3.6349859E-03  2.5487567E-06  6.6529331E-06  2.0771147E-03  8.7378202E-05  0.4738    4.528890  -6.070  0.650092  7.649957  0.1625283E+00  0.8238135E+00  1.4468541E-09  8.6099240E-05  2.3670656E-05  9.0350897E-03  2.0637720E-04  3.5249275E-07  1.3267942E-09  2.0093645E-03  3.9106778E-06  6.613E-11  3.190E-17  1.095E+11  1.817E+12  2.606E+01  1.962E+06  0.31615077  1.002E-05  2.217E-05  9.847E-01  4.355E-07  4.748E-06  1.018E+00  431   13.1453  9.35E-03 1.2089E+01 1.8315E+01    4.88E+02 0.00E+00 1.05E+02  0.317115  0.231735 4.88E+02 0.00E+00 1.04E+02  0.316151  0.231733  0.0000000E+00  0.0000000E+00  1.0980342E-04  1.3079662E+00  2.1002537E-01  1.8038226E-04 -5.1699284E-01  1.7260979E-01  1.7715487E-01 0.000 0.479 1.000 1.000 1.000 1.000 1.000 1.000 1.000 1.000 1.000 1.000 1.000 1.000 1.000 1.000 1.000 1.000 1.000 1.000 1.000 1.000 1.000 1.000 1.000 1.000 1.000 1.000 1.000 1.000 1.000 1.000 1.000 1.000 1.000 1.000 1.000 1.000 1.000 1.000  2.3824377690E-01   0.22573   1.00000   0.00000   0.00000   0.1586267E-02
  4683  6.145588996425008E+06  27.636354  5.416997  4.528499  0.6000063E+00  0.3860810E+00  1.4864233E-05  1.0777747E-03  1.1281383E-04  4.7915960E-03  3.6158709E-03  2.5379427E-06  6.6124544E-06  2.0768625E-03  8.6899145E-05  0.4735    4.528499  -6.067  0.651398  7.650505  0.1600552E+00  0.8262867E+00  1.1506873E-09  8.6449233E-05  2.3763535E-05  9.0356607E-03  2.0514780E-04  3.4819695E-07  9.7035417E-10  2.0089229E-03  3.9246258E-06  5.673E-11  2.731E-17  1.038E+11  1.469E+12  2.470E+01  1.587E+06  0.31343961  9.878E-06  2.206E-05  9.850E-01  4.383E-07  4.734E-06  1.018E+00  437   13.0882  9.35E-03 1.2012E+01 1.8202E+01    4.87E+02 0.00E+00 1.03E+02  0.313154  0.232463 4.87E+02 0.00E+00 1.03E+02  0.313440  0.232469  0.0000000E+00  0.0000000E+00  9.8250965E-05  1.3091567E+00  2.0828447E-01  1.7755512E-04 -5.1648408E-01  1.7217972E-01  1.7749134E-01 0.000 0.476 1.000 1.000 1.000 1.000 1.000 1.000 1.000 1.000 1.000 1.000 1.000 1.000 1.000 1.000 1.000 1.000 1.000 1.000 1.000 1.000 1.000 1.000 1.000 1.000 1.000 1.000 1.000 1.000 1.000 1.000 1.000 1.000 1.000 1.000 1.000 1.000 1.000 1.000  2.3618590310E-01   0.22227   1.00000   0.00000   0.00000   0.1569319E-02
  4705  6.164372911500592E+06  27.620196  5.418714  4.528193  0.5979723E+00  0.3881165E+00  1.4735018E-05  1.0697752E-03  1.1252519E-04  4.8211568E-03  3.5931680E-03  2.5250698E-06  6.5644157E-06  2.0765601E-03  8.6330498E-05  0.4728    4.528193  -6.064  0.652922  7.651165  0.1572226E+00  0.8291195E+00  1.3375074E-09  8.6465983E-05  2.3773484E-05  9.0370099E-03  2.0357345E-04  3.4521493E-07  1.3101946E-09  2.0084165E-03  3.9420706E-06  6.056E-11  2.915E-17  1.077E+11  1.663E+12  2.564E+01  1.796E+06  0.30979309  9.707E-06  2.196E-05  9.854E-01  4.422E-07  4.718E-06  1.017E+00  443   13.0882  9.35E-03 1.1932E+01 1.8083E+01    4.86E+02 0.00E+00 1.02E+02  0.309410  0.233217 4.86E+02 0.00E+00 1.02E+02  0.309793  0.233230  0.0000000E+00  0.0000000E+00  1.0763100E-04  1.3099966E+00  2.0639004E-01  1.7460712E-04 -5.1596881E-01  1.7171283E-01  1.7789726E-01 0.000 0.476 1.000 1.000 1.000 1.000 1.000 1.000 1.000 1.000 1.000 1.000 1.000 1.000 1.000 1.000 1.000 1.000 1.000 1.000 1.000 1.000 1.000 1.000 1.000 1.000 1.000 1.000 1.000 1.000 1.000 1.000 1.000 1.000 1.000 1.000 1.000 1.000 1.000 1.000  2.3388949800E-01   0.21837   1.00000   0.00000   0.00000   0.1553474E-02
  4724  6.180240503350979E+06  27.606461  5.420228  4.527775  0.5963833E+00  0.3897068E+00  1.4635104E-05  1.0635905E-03  1.1229920E-04  4.8440388E-03  3.5755876E-03  2.5150796E-06  6.5272442E-06  2.0763237E-03  8.5890406E-05  0.4724    4.527775  -6.061  0.654202  7.651699  0.1547856E+00  0.8315566E+00  1.2698137E-09  8.6700715E-05  2.3841522E-05  9.0378934E-03  2.0217102E-04  3.4077506E-07  1.2732101E-09  2.0079802E-03  3.9587716E-06  5.917E-11  2.845E-17  1.093E+11  1.686E+12  2.601E+01  1.821E+06  0.30600575  9.530E-06  2.188E-05  9.857E-01  4.446E-07  4.705E-06  1.017E+00  445   13.0309  9.35E-03 1.1868E+01 1.7989E+01    4.85E+02 0.00E+00 1.01E+02  0.306905  0.233929 4.85E+02 0.00E+00 1.00E+02  0.306006  0.233928  0.0000000E+00  0.0000000E+00  1.0645266E-04  1.3111102E+00  2.0487569E-01  1.7220635E-04 -5.1548491E-01  1.7130009E-01  1.7822335E-01 0.000 0.474 1.000 1.000 1.000 1.000 1.000 1.000 1.000 1.000 1.000 1.000 1.000 1.000 1.000 1.000 1.000 1.000 1.000 1.000 1.000 1.000 1.000 1.000 1.000 1.000 1.000 1.000 1.000 1.000 1.000 1.000 1.000 1.000 1.000 1.000 1.000 1.000 1.000 1.000  2.3195718513E-01   0.21497   1.00000   0.00000   0.00000   0.1536307E-02
  4742  6.195975644518143E+06  27.592764  5.421698  4.527366  0.5947997E+00  0.3912914E+00  1.4536496E-05  1.0574877E-03  1.1207360E-04  4.8666436E-03  3.5582140E-03  2.5051869E-06  6.4905355E-06  2.0760879E-03  8.5455723E-05  0.4720    4.527366  -6.059  0.655501  7.652252  0.1524444E+00  0.8338979E+00  1.2339027E-09  8.6805808E-05  2.3868757E-05  9.0385631E-03  2.0123345E-04  3.3894315E-07  1.2867363E-09  2.0075583E-03  3.9848360E-06  5.877E-11  2.822E-17  1.085E+11  1.674E+12  2.582E+01  1.808E+06  0.30320194  9.387E-06  2.179E-05  9.860E-01  4.469E-07  4.691E-06  1.017E+00  450   13.0309  9.35E-03 1.1801E+01 1.7890E+01    4.84E+02 0.00E+00 9.95E+01  0.304107  0.234604 4.84E+02 0.00E+00 9.92E+01  0.303202  0.234605  0.0000000E+00  0.0000000E+00  1.0616795E-04  1.3119303E+00  2.0328503E-01  1.6970615E-04 -5.1505028E-01  1.7090568E-01  1.7856402E-01 0.000 0.474 1.000 1.000 1.000 1.000 1.000 1.000 1.000 1.000 1.000 1.000 1.000 1.000 1.000 1.000 1.000 1.000 1.000 1.000 1.000 1.000 1.000 1.000 1.000 1.000 1.000 1.000 1.000 1.000 1.000 1.000 1.000 1.000 1.000 1.000 1.000 1.000 1.000 1.000  2.3004622430E-01   0.21173   1.00000   0.00000   0.00000   0.1519984E-02
  4758  6.209350514510236E+06  27.581066  5.422959  4.526965  0.5934751E+00  0.3926171E+00  1.4454754E-05  1.0524294E-03  1.1188460E-04  4.8853986E-03  3.5437944E-03  2.4969606E-06  6.4600880E-06  2.0758905E-03  8.5095129E-05  0.4716    4.526965  -6.057  0.656479  7.652680  0.1504686E+00  0.8358737E+00  1.1511477E-09  8.7256536E-05  2.3995124E-05  9.0385157E-03  2.0053520E-04  3.3442297E-07  1.2413385E-09  2.0072011E-03  4.0107042E-06  5.572E-11  2.671E-17  1.062E+11  1.575E+12  2.527E+01  1.701E+06  0.30074470  9.261E-06  2.172E-05  9.862E-01  4.488E-07  4.679E-06  1.016E+00  457   13.0309  9.35E-03 1.1744E+01 1.7807E+01    4.83E+02 0.00E+00 9.85E+01  0.301590  0.235190 4.83E+02 0.00E+00 9.82E+01  0.300745  0.235191  0.0000000E+00  0.0000000E+00  9.5258820E-05  1.3129240E+00  2.0194621E-01  1.6763185E-04 -5.1462828E-01  1.7055221E-01  1.7883577E-01 0.000 0.475 1.000 1.000 1.000 1.000 1.000 1.000 1.000 1.000 1.000 1.000 1.000 1.000 1.000 1.000 1.000 1.000 1.000 1.000 1.000 1.000 1.000 1.000 1.000 1.000 1.000 1.000 1.000 1.000 1.000 1.000 1.000 1.000 1.000 1.000 1.000 1.000 1.000 1.000  2.2842638969E-01   0.20898   1.00000   0.00000   0.00000   0.1505400E-02
  4773  6.222095978855640E+06  27.569871  5.424244  4.526570  0.5922895E+00  0.3938035E+00  1.4382145E-05  1.0479370E-03  1.1171525E-04  4.9020702E-03  3.5309731E-03  2.4896346E-06  6.4330299E-06  2.0757138E-03  8.4774641E-05  0.4716    4.526570  -6.056  0.657562  7.653132  0.1487584E+00  0.8375839E+00  1.2709938E-09  8.7090468E-05  2.3949678E-05  9.0385808E-03  2.0073601E-04  3.3603727E-07  1.4428472E-09  2.0068880E-03  4.0527929E-06  5.666E-11  2.717E-17  1.075E+11  1.700E+12  2.558E+01  1.836E+06  0.29895506  9.157E-06  2.164E-05  9.864E-01  4.501E-07  4.665E-06  1.016E+00  477   13.0309  9.35E-03 1.1686E+01 1.7720E+01    4.82E+02 0.00E+00 9.73E+01  0.298650  0.235803 4.82E+02 0.00E+00 9.74E+01  0.298955  0.235808  0.0000000E+00  0.0000000E+00  1.0429356E-04  1.3134877E+00  2.0063461E-01  1.6569389E-04 -5.1431335E-01  1.7024796E-01  1.7911577E-01 0.000 0.477 1.000 1.000 1.000 1.000 1.000 1.000 1.000 1.000 1.000 1.000 1.000 1.000 1.000 1.000 1.000 1.000 1.000 1.000 1.000 1.000 1.000 1.000 1.000 1.000 1.000 1.000 1.000 1.000 1.000 1.000 1.000 1.000 1.000 1.000 1.000 1.000 1.000 1.000  2.2688708148E-01   0.20659   1.00000   0.00000   0.00000   0.1489935E-02
  4788  6.235077470318549E+06  27.558419  5.425508  4.526175  0.5911099E+00  0.3949840E+00  1.4310418E-05  1.0434997E-03  1.1154658E-04  4.9185505E-03  3.5182956E-03  2.4823799E-06  6.4062885E-06  2.0755379E-03  8.4457874E-05  0.4714    4.526175  -6.054  0.658607  7.653577  0.1469300E+00  0.8394122E+00  1.3545516E-09  8.7223024E-05  2.3987160E-05  9.0385719E-03  2.0052403E-04  3.3485204E-07  1.5910928E-09  2.0065540E-03  4.0844446E-06  6.386E-11  3.060E-17  1.089E+11  1.761E+12  2.592E+01  1.902E+06  0.29571013  9.009E-06  2.158E-05  9.867E-01  4.512E-07  4.652E-06  1.016E+00  479   13.0309  9.35E-03 1.1635E+01 1.7644E+01    4.81E+02 0.00E+00 9.65E+01  0.296691  0.236410 4.81E+02 0.00E+00 9.61E+01  0.295710  0.236418  0.0000000E+00  0.0000000E+00  1.0419942E-04  1.3141236E+00  1.9942485E-01  1.6386735E-04 -5.1396376E-01  1.6992640E-01  1.7939603E-01 0.000 0.477 1.000 1.000 1.000 1.000 1.000 1.000 1.000 1.000 1.000 1.000 1.000 1.000 1.000 1.000 1.000 1.000 1.000 1.000 1.000 1.000 1.000 1.000 1.000 1.000 1.000 1.000 1.000 1.000 1.000 1.000 1.000 1.000 1.000 1.000 1.000 1.000 1.000 1.000  2.2532353651E-01   0.20407   1.00000   0.00000   0.00000   0.1474658E-02
  4804  6.248032998798540E+06  27.546941  5.426763  4.525752  0.5899405E+00  0.3961543E+00  1.4239886E-05  1.0391371E-03  1.1137920E-04  4.9347684E-03  3.5058164E-03  2.4752267E-06  6.3799802E-06  2.0753633E-03  8.4146207E-05  0.4715    4.525752  -6.052  0.659771  7.654062  0.1449873E+00  0.8413550E+00  1.0806697E-09  8.7399004E-05  2.4037195E-05  9.0390145E-03  1.9972482E-04  3.3199491E-07  1.2009923E-09  2.0062006E-03  4.1038991E-06  3.908E-11  1.869E-17  1.063E+11  1.554E+12  2.530E+01  1.679E+06  0.29332038  8.887E-06  2.151E-05  9.869E-01  4.522E-07  4.641E-06  1.016E+00  478   13.0309  9.35E-03 1.1579E+01 1.7562E+01    4.80E+02 0.00E+00 9.55E+01  0.294309  0.237022 4.80E+02 0.00E+00 9.52E+01  0.293320  0.237026  0.0000000E+00  0.0000000E+00  1.0287436E-04  1.3148532E+00  1.9814350E-01  1.6194681E-04 -5.1360346E-01  1.6959947E-01  1.7967859E-01 0.000 0.475 1.000 1.000 1.000 1.000 1.000 1.000 1.000 1.000 1.000 1.000 1.000 1.000 1.000 1.000 1.000 1.000 1.000 1.000 1.000 1.000 1.000 1.000 1.000 1.000 1.000 1.000 1.000 1.000 1.000 1.000 1.000 1.000 1.000 1.000 1.000 1.000 1.000 1.000  2.2376782331E-01   0.20137   1.00000   0.00000   0.00000   0.1459175E-02
  4820  6.261741453783384E+06  27.534743  5.428103  4.525348  0.5885933E+00  0.3975025E+00  1.4159319E-05  1.0341550E-03  1.1118622E-04  4.9533067E-03  3.4915475E-03  2.4670331E-06  6.3499161E-06  2.0751621E-03  8.3790013E-05  0.4707    4.525348  -6.050  0.661051  7.654583  0.1428132E+00  0.8435293E+00  1.0533145E-09  8.7500822E-05  2.4063362E-05  9.0400241E-03  1.9840507E-04  3.2961892E-07  1.2211562E-09  2.0058061E-03  4.1151188E-06  5.489E-11  2.626E-17  1.061E+11  1.540E+12  2.524E+01  1.663E+06  0.29067596  8.758E-06  2.144E-05  9.872E-01  4.539E-07  4.630E-06  1.015E+00  479   12.9734  9.35E-03 1.1524E+01 1.7480E+01    4.79E+02 0.00E+00 9.44E+01  0.291500  0.237660 4.79E+02 0.00E+00 9.41E+01  0.290676  0.237663  0.0000000E+00  0.0000000E+00  1.0247166E-04  1.3157555E+00  1.9680609E-01  1.5995750E-04 -5.1321707E-01  1.6924533E-01  1.7998463E-01 0.000 0.473 1.000 1.000 1.000 1.000 1.000 1.000 1.000 1.000 1.000 1.000 1.000 1.000 1.000 1.000 1.000 1.000 1.000 1.000 1.000 1.000 1.000 1.000 1.000 1.000 1.000 1.000 1.000 1.000 1.000 1.000 1.000 1.000 1.000 1.000 1.000 1.000 1.000 1.000  2.2212738525E-01   0.19834   1.00000   0.00000   0.00000   0.1444103E-02
  4836  6.275021519549950E+06  27.522875  5.429358  4.524922  0.5872546E+00  0.3988421E+00  1.4079913E-05  1.0292457E-03  1.1099432E-04  4.9715906E-03  3.4774703E-03  2.4589362E-06  6.3202723E-06  2.0749621E-03  8.3438773E-05  0.4704    4.524922  -6.048  0.662285  7.655086  0.1407243E+00  0.8456183E+00  9.1797348E-10  8.7946514E-05  2.4186672E-05  9.0403771E-03  1.9726024E-04  3.2476899E-07  1.0638273E-09  2.0054258E-03  4.1320093E-06  4.820E-11  2.300E-17  1.002E+11  1.210E+12  2.384E+01  1.307E+06  0.28833315  8.639E-06  2.137E-05  9.874E-01  4.556E-07  4.620E-06  1.015E+00  480   12.9734  9.35E-03 1.1468E+01 1.7398E+01    4.78E+02 0.00E+00 9.34E+01  0.289247  0.238248 4.78E+02 0.00E+00 9.31E+01  0.288333  0.238252  0.0000000E+00  0.0000000E+00  9.1993252E-05  1.3168063E+00  1.9548766E-01  1.5796764E-04 -5.1280757E-01  1.6888991E-01  1.8027369E-01 0.000 0.473 1.000 1.000 1.000 1.000 1.000 1.000 1.000 1.000 1.000 1.000 1.000 1.000 1.000 1.000 1.000 1.000 1.000 1.000 1.000 1.000 1.000 1.000 1.000 1.000 1.000 1.000 1.000 1.000 1.000 1.000 1.000 1.000 1.000 1.000 1.000 1.000 1.000 1.000  2.2054293278E-01   0.19546   1.00000   0.00000   0.00000   0.1429994E-02
  4852  6.288207339688488E+06  27.511041  5.430640  4.524538  0.5858504E+00  0.4002473E+00  1.3997264E-05  1.0241369E-03  1.1079290E-04  4.9906335E-03  3.4628050E-03  2.4504874E-06  6.2894057E-06  2.0747522E-03  8.3073022E-05  0.4698    4.524538  -6.046  0.663623  7.655625  0.1385906E+00  0.8477520E+00  9.4785994E-10  8.7823785E-05  2.4153830E-05  9.0417234E-03  1.9592652E-04  3.2347427E-07  1.1650416E-09  2.0050374E-03  4.1470403E-06  5.127E-11  2.445E-17  1.041E+11  1.432E+12  2.478E+01  1.547E+06  0.28589564  8.521E-06  2.131E-05  9.876E-01  4.578E-07  4.609E-06  1.015E+00  482   12.9157  9.35E-03 1.1414E+01 1.7318E+01    4.77E+02 0.00E+00 9.24E+01  0.286786  0.238844 4.77E+02 0.00E+00 9.21E+01  0.285896  0.238848  0.0000000E+00  0.0000000E+00  1.0088703E-04  1.3175956E+00  1.9418889E-01  1.5608540E-04 -5.1245558E-01  1.6855403E-01  1.8058033E-01 0.000 0.472 1.000 1.000 1.000 1.000 1.000 1.000 1.000 1.000 1.000 1.000 1.000 1.000 1.000 1.000 1.000 1.000 1.000 1.000 1.000 1.000 1.000 1.000 1.000 1.000 1.000 1.000 1.000 1.000 1.000 1.000 1.000 1.000 1.000 1.000 1.000 1.000 1.000 1.000  2.1897454233E-01   0.19249   1.00000   0.00000   0.00000   0.1416029E-02
  4869  6.301948352253914E+06  27.498654  5.431941  4.524153  0.5843630E+00  0.4017358E+00  1.3910397E-05  1.0187683E-03  1.1057945E-04  5.0106614E-03  3.4473770E-03  2.4415852E-06  6.2569503E-06  2.0745296E-03  8.2688425E-05  0.4693    4.524153  -6.044  0.664827  7.656129  0.1364329E+00  0.8499100E+00  8.6231432E-10  8.8300902E-05  2.4287418E-05  9.0419222E-03  1.9490327E-04  3.1853825E-07  1.1034641E-09  2.0046423E-03  4.1731114E-06  4.863E-11  2.315E-17  1.017E+11  1.332E+12  2.420E+01  1.438E+06  0.28396285  8.419E-06  2.123E-05  9.878E-01  4.601E-07  4.598E-06  1.015E+00  482   12.9157  9.35E-03 1.1355E+01 1.7231E+01    4.76E+02 0.00E+00 9.12E+01  0.283542  0.239440 4.77E+02 0.00E+00 9.13E+01  0.283963  0.239448  0.0000000E+00  0.0000000E+00  9.0236119E-05  1.3186699E+00  1.9279060E-01  1.5404539E-04 -5.1202956E-01  1.6818473E-01  1.8088041E-01 0.000 0.472 1.000 1.000 1.000 1.000 1.000 1.000 1.000 1.000 1.000 1.000 1.000 1.000 1.000 1.000 1.000 1.000 1.000 1.000 1.000 1.000 1.000 1.000 1.000 1.000 1.000 1.000 1.000 1.000 1.000 1.000 1.000 1.000 1.000 1.000 1.000 1.000 1.000 1.000  2.1734560193E-01   0.18950   1.00000   0.00000   0.00000   0.1402861E-02
  4886  6.316071059612823E+06  27.485863  5.433308  4.523765  0.5828045E+00  0.4032953E+00  1.3820112E-05  1.0131896E-03  1.1035574E-04  5.0314912E-03  3.4313270E-03  2.4323092E-06  6.2232038E-06  2.0742963E-03  8.2288515E-05  0.4689    4.523765  -6.042  0.666303  7.656726  0.1342440E+00  0.8520988E+00  8.9537652E-10  8.8163873E-05  2.4249401E-05  9.0428748E-03  1.9404391E-04  3.1829892E-07  1.1808795E-09  2.0042398E-03  4.2033321E-06  5.073E-11  2.413E-17  1.029E+11  1.409E+12  2.449E+01  1.522E+06  0.28059498  8.273E-06  2.117E-05  9.881E-01  4.625E-07  4.585E-06  1.014E+00  481   12.9157  9.35E-03 1.1299E+01 1.7149E+01    4.76E+02 0.00E+00 9.03E+01  0.281476  0.240076 4.76E+02 0.00E+00 9.00E+01  0.280595  0.240078  0.0000000E+00  0.0000000E+00  9.9165432E-05  1.3193470E+00  1.9147600E-01  1.5214217E-04 -5.1168373E-01  1.6783496E-01  1.8122134E-01 0.000 0.472 1.000 1.000 1.000 1.000 1.000 1.000 1.000 1.000 1.000 1.000 1.000 1.000 1.000 1.000 1.000 1.000 1.000 1.000 1.000 1.000 1.000 1.000 1.000 1.000 1.000 1.000 1.000 1.000 1.000 1.000 1.000 1.000 1.000 1.000 1.000 1.000 1.000 1.000  2.1567690142E-01   0.18644   1.00000   0.00000   0.00000   0.1388512E-02
  4902  6.329422743488893E+06  27.473713  5.434607  4.523368  0.5813234E+00  0.4047775E+00  1.3734983E-05  1.0079304E-03  1.1014309E-04  5.0511440E-03  3.4161801E-03  2.4235411E-06  6.1913716E-06  2.0740744E-03  8.1911280E-05  0.4685    4.523368  -6.040  0.667579  7.657251  0.1321798E+00  0.8541631E+00  8.4108104E-10  8.8459694E-05  2.4328103E-05  9.0431004E-03  1.9329734E-04  3.1544282E-07  1.1540840E-09  2.0038588E-03  4.2338741E-06  4.791E-11  2.273E-17  1.015E+11  1.354E+12  2.417E+01  1.463E+06  0.27813357  8.156E-06  2.110E-05  9.883E-01  4.649E-07  4.572E-06  1.014E+00  481   12.9157  9.35E-03 1.1243E+01 1.7066E+01    4.75E+02 0.00E+00 8.93E+01  0.278954  0.240675 4.75E+02 0.00E+00 8.90E+01  0.278134  0.240679  0.0000000E+00  0.0000000E+00  8.8941955E-05  1.3202537E+00  1.9017647E-01  1.5030536E-04 -5.1130942E-01  1.6748746E-01  1.8152890E-01 0.000 0.472 1.000 1.000 1.000 1.000 1.000 1.000 1.000 1.000 1.000 1.000 1.000 1.000 1.000 1.000 1.000 1.000 1.000 1.000 1.000 1.000 1.000 1.000 1.000 1.000 1.000 1.000 1.000 1.000 1.000 1.000 1.000 1.000 1.000 1.000 1.000 1.000 1.000 1.000  2.1410523353E-01   0.18358   1.00000   0.00000   0.00000   0.1374987E-02
  4917  6.341212532270024E+06  27.462942  5.435793  4.522938  0.5800998E+00  0.4060020E+00  1.3665102E-05  1.0036138E-03  1.0996738E-04  5.0672854E-03  3.4037370E-03  2.4163289E-06  6.1652319E-06  2.0738910E-03  8.1601504E-05  0.4683    4.522938  -6.038  0.668874  7.657754  0.1303415E+00  0.8560014E+00  7.8156920E-10  8.8474403E-05  2.4336047E-05  9.0436960E-03  1.9258850E-04  3.1392767E-07  1.0378974E-09  2.0035189E-03  4.2612014E-06  4.500E-11  2.136E-17  1.000E+11  1.244E+12  2.380E+01  1.343E+06  0.27625835  8.057E-06  2.105E-05  9.884E-01  4.664E-07  4.561E-06  1.014E+00  480   12.8579  9.35E-03 1.1192E+01 1.6991E+01    4.74E+02 0.00E+00 8.81E+01  0.275810  0.241249 4.74E+02 0.00E+00 8.83E+01  0.276258  0.241245  0.0000000E+00  0.0000000E+00  9.7187634E-05  1.3211523E+00  1.8901301E-01  1.4867064E-04 -5.1099288E-01  1.6718338E-01  1.8180639E-01 0.000 0.470 1.000 1.000 1.000 1.000 1.000 1.000 1.000 1.000 1.000 1.000 1.000 1.000 1.000 1.000 1.000 1.000 1.000 1.000 1.000 1.000 1.000 1.000 1.000 1.000 1.000 1.000 1.000 1.000 1.000 1.000 1.000 1.000 1.000 1.000 1.000 1.000 1.000 1.000  2.1272261284E-01   0.18107   1.00000   0.00000   0.00000   0.1361380E-02
  4930  6.352019838652728E+06  27.453035  5.436854  4.522524  0.5791111E+00  0.4069913E+00  1.3608947E-05  1.0001454E-03  1.0982542E-04  5.0802622E-03  3.3937318E-03  2.4105236E-06  6.1442204E-06  2.0737428E-03  8.1352500E-05  0.4678    4.522524  -6.037  0.670024  7.658216  0.1285578E+00  0.8577852E+00  8.0388980E-10  8.8608264E-05  2.4373599E-05  9.0444019E-03  1.9155906E-04  3.1165379E-07  1.1398637E-09  2.0031901E-03  4.2781571E-06  4.829E-11  2.290E-17  1.018E+11  1.331E+12  2.424E+01  1.437E+06  0.27348790  7.936E-06  2.100E-05  9.887E-01  4.670E-07  4.553E-06  1.014E+00  490   12.8579  9.35E-03 1.1152E+01 1.6932E+01    4.73E+02 0.00E+00 8.75E+01  0.274371  0.241765 4.73E+02 0.00E+00 8.72E+01  0.273488  0.241770  0.0000000E+00  0.0000000E+00  9.7086501E-05  1.3219325E+00  1.8804597E-01  1.4728930E-04 -5.1069200E-01  1.6689904E-01  1.8206140E-01 0.000 0.470 1.000 1.000 1.000 1.000 1.000 1.000 1.000 1.000 1.000 1.000 1.000 1.000 1.000 1.000 1.000 1.000 1.000 1.000 1.000 1.000 1.000 1.000 1.000 1.000 1.000 1.000 1.000 1.000 1.000 1.000 1.000 1.000 1.000 1.000 1.000 1.000 1.000 1.000  2.1146007859E-01   0.17854   1.00000   0.00000   0.00000   0.1348283E-02
  4943  6.361979187150024E+06  27.443880  5.437855  4.522129  0.5782206E+00  0.4078825E+00  1.3558640E-05  9.9703841E-04  1.0969755E-04  5.0918930E-03  3.3847628E-03  2.4053139E-06  6.1253911E-06  2.0736092E-03  8.1129359E-05  0.4674    4.522129  -6.036  0.670984  7.658609  0.1269848E+00  0.8593583E+00  6.0716595E-10  8.8822499E-05  2.4435199E-05  9.0446202E-03  1.9095083E-04  3.0898381E-07  8.4385006E-10  2.0028981E-03  4.3034166E-06  4.512E-11  2.136E-17  1.016E+11  1.316E+12  2.419E+01  1.421E+06  0.27244890  7.868E-06  2.095E-05  9.888E-01  4.675E-07  4.543E-06  1.013E+00  489   12.7998  9.35E-03 1.1107E+01 1.6866E+01    4.72E+02 0.00E+00 8.66E+01  0.272020  0.242265 4.72E+02 0.00E+00 8.67E+01  0.272449  0.242273  0.0000000E+00  0.0000000E+00  9.5636436E-05  1.3227620E+00  1.8702651E-01  1.4588442E-04 -5.1040134E-01  1.6663482E-01  1.8228654E-01 0.000 0.469 1.000 1.000 1.000 1.000 1.000 1.000 1.000 1.000 1.000 1.000 1.000 1.000 1.000 1.000 1.000 1.000 1.000 1.000 1.000 1.000 1.000 1.000 1.000 1.000 1.000 1.000 1.000 1.000 1.000 1.000 1.000 1.000 1.000 1.000 1.000 1.000 1.000 1.000  2.1030034455E-01   0.17646   1.00000   0.00000   0.00000   0.1336086E-02
  4954  6.371032384573688E+06  27.435536  5.438747  4.521731  0.5774209E+00  0.4086827E+00  1.3513720E-05  9.9426456E-04  1.0958274E-04  5.1022827E-03  3.3767495E-03  2.4006541E-06  6.1085737E-06  2.0734892E-03  8.0930062E-05  0.4672    4.521731  -6.035  0.672165  7.659052  0.1254375E+00  0.8609056E+00  7.2520592E-10  8.8869175E-05  2.4446303E-05  9.0454585E-03  1.8991786E-04  3.0750901E-07  1.0692913E-09  2.0026126E-03  4.3154835E-06  4.472E-11  2.114E-17  1.004E+11  1.235E+12  2.389E+01  1.334E+06  0.26994182  7.760E-06  2.092E-05  9.890E-01  4.678E-07  4.536E-06  1.013E+00  488   12.7998  9.35E-03 1.1074E+01 1.6817E+01    4.71E+02 0.00E+00 8.60E+01  0.270810  0.242716 4.71E+02 0.00E+00 8.58E+01  0.269942  0.242721  0.0000000E+00  0.0000000E+00  9.5560071E-05  1.3234887E+00  1.8623561E-01  1.4475941E-04 -5.1016276E-01  1.6639585E-01  1.8251424E-01 0.000 0.469 1.000 1.000 1.000 1.000 1.000 1.000 1.000 1.000 1.000 1.000 1.000 1.000 1.000 1.000 1.000 1.000 1.000 1.000 1.000 1.000 1.000 1.000 1.000 1.000 1.000 1.000 1.000 1.000 1.000 1.000 1.000 1.000 1.000 1.000 1.000 1.000 1.000 1.000  2.0924890954E-01   0.17421   1.00000   0.00000   0.00000   0.1324269E-02
  4966  6.380908599944958E+06  27.426410  5.439696  4.521348  0.5765442E+00  0.4095600E+00  1.3464735E-05  9.9124018E-04  1.0945688E-04  5.1136169E-03  3.3680063E-03  2.3955645E-06  6.0902304E-06  2.0733575E-03  8.0712686E-05  0.4667    4.521348  -6.034  0.673262  7.659490  0.1238189E+00  0.8625243E+00  7.0798816E-10  8.8992234E-05  2.4480949E-05  9.0459650E-03  1.8913394E-04  3.0556135E-07  1.0795726E-09  2.0023119E-03  4.3370796E-06  4.459E-11  2.106E-17  9.978E+10  1.223E+12  2.375E+01  1.321E+06  0.26816802  7.673E-06  2.087E-05  9.891E-01  4.682E-07  4.528E-06  1.013E+00  488   12.7998  9.35E-03 1.1035E+01 1.6759E+01    4.71E+02 0.00E+00 8.53E+01  0.269047  0.243194 4.70E+02 0.00E+00 8.50E+01  0.268168  0.243199  0.0000000E+00  0.0000000E+00  9.5292995E-05  1.3241676E+00  1.8529588E-01  1.4346700E-04 -5.0990111E-01  1.6613763E-01  1.8275727E-01 0.000 0.469 1.000 1.000 1.000 1.000 1.000 1.000 1.000 1.000 1.000 1.000 1.000 1.000 1.000 1.000 1.000 1.000 1.000 1.000 1.000 1.000 1.000 1.000 1.000 1.000 1.000 1.000 1.000 1.000 1.000 1.000 1.000 1.000 1.000 1.000 1.000 1.000 1.000 1.000  2.0810546108E-01   0.17196   1.00000   0.00000   0.00000   0.1312509E-02
  4977  6.389467986600062E+06  27.418482  5.440523  4.520966  0.5757919E+00  0.4103128E+00  1.3422920E-05  9.8865889E-04  1.0934889E-04  5.1232956E-03  3.3605389E-03  2.3912131E-06  6.0745685E-06  2.0732445E-03  8.0527090E-05  0.4664    4.520966  -6.033  0.674107  7.659835  0.1224268E+00  0.8639166E+00  6.5009174E-10  8.9419000E-05  2.4599675E-05  9.0458817E-03  1.8851735E-04  3.0194808E-07  1.0239436E-09  2.0020525E-03  4.3589660E-06  4.249E-11  2.003E-17  9.779E+10  1.139E+12  2.327E+01  1.230E+06  0.26720511  7.613E-06  2.083E-05  9.892E-01  4.685E-07  4.520E-06  1.013E+00  488   12.7998  9.35E-03 1.0997E+01 1.6704E+01    4.70E+02 0.00E+00 8.45E+01  0.266884  0.243609 4.70E+02 0.00E+00 8.46E+01  0.267205  0.243616  0.0000000E+00  0.0000000E+00  8.5302068E-05  1.3249957E+00  1.8442548E-01  1.4228091E-04 -5.0963271E-01  1.6589991E-01  1.8295323E-01 0.000 0.469 1.000 1.000 1.000 1.000 1.000 1.000 1.000 1.000 1.000 1.000 1.000 1.000 1.000 1.000 1.000 1.000 1.000 1.000 1.000 1.000 1.000 1.000 1.000 1.000 1.000 1.000 1.000 1.000 1.000 1.000 1.000 1.000 1.000 1.000 1.000 1.000 1.000 1.000  2.0711731265E-01   0.17004   1.00000   0.00000   0.00000   0.1302037E-02
  4987  6.397319577820227E+06  27.411197  5.441320  4.520568  0.5751605E+00  0.4109446E+00  1.3387973E-05  9.8650184E-04  1.0925829E-04  5.1313869E-03  3.3542956E-03  2.3875719E-06  6.0614768E-06  2.0731496E-03  8.0371956E-05  0.4662    4.520568  -6.032  0.675048  7.660203  0.1212162E+00  0.8651271E+00  7.1268305E-10  8.9238315E-05  2.4551144E-05  9.0463661E-03  1.8826352E-04  3.0256751E-07  1.1666353E-09  2.0018251E-03  4.3852054E-06  4.277E-11  2.017E-17  9.973E+10  1.245E+12  2.374E+01  1.345E+06  0.26559994  7.534E-06  2.079E-05  9.893E-01  4.684E-07  4.512E-06  1.013E+00  487   12.7998  9.35E-03 1.0966E+01 1.6658E+01    4.69E+02 0.00E+00 8.38E+01  0.265265  0.244029 4.69E+02 0.00E+00 8.39E+01  0.265600  0.244031  0.0000000E+00  0.0000000E+00  9.3529851E-05  1.3254292E+00  1.8370615E-01  1.4132624E-04 -5.0946072E-01  1.6570702E-01  1.8315560E-01 0.000 0.469 1.000 1.000 1.000 1.000 1.000 1.000 1.000 1.000 1.000 1.000 1.000 1.000 1.000 1.000 1.000 1.000 1.000 1.000 1.000 1.000 1.000 1.000 1.000 1.000 1.000 1.000 1.000 1.000 1.000 1.000 1.000 1.000 1.000 1.000 1.000 1.000 1.000 1.000  2.0621331713E-01   0.16836   1.00000   0.00000   0.00000   0.1290793E-02
  4996  6.404652667733398E+06  27.404382  5.442059  4.520172  0.5746417E+00  0.4114638E+00  1.3359353E-05  9.8473544E-04  1.0918384E-04  5.1380150E-03  3.3491807E-03  2.3845869E-06  6.0507536E-06  2.0730716E-03  8.0244889E-05  0.4657    4.520172  -6.032  0.676021  7.660562  0.1199448E+00  0.8663986E+00  5.9975153E-10  8.9310784E-05  2.4569090E-05  9.0469998E-03  1.8742213E-04  3.0108921E-07  9.2763164E-10  2.0015889E-03  4.3961938E-06  3.990E-11  1.880E-17  9.215E+10  8.523E+11  2.193E+01  9.205E+05  0.26352090  7.443E-06  2.077E-05  9.895E-01  4.680E-07  4.506E-06  1.013E+00  490   12.7415  9.35E-03 1.0940E+01 1.6620E+01    4.68E+02 0.00E+00 8.35E+01  0.264472  0.244412 4.68E+02 0.00E+00 8.32E+01  0.263521  0.244426  0.0000000E+00  0.0000000E+00  9.3493061E-05  1.3260893E+00  1.8308891E-01  1.4046046E-04 -5.0927145E-01  1.6551125E-01  1.8334446E-01 0.000 0.467 1.000 1.000 1.000 1.000 1.000 1.000 1.000 1.000 1.000 1.000 1.000 1.000 1.000 1.000 1.000 1.000 1.000 1.000 1.000 1.000 1.000 1.000 1.000 1.000 1.000 1.000 1.000 1.000 1.000 1.000 1.000 1.000 1.000 1.000 1.000 1.000 1.000 1.000  2.0537166418E-01   0.16657   1.00000   0.00000   0.00000   0.1280115E-02
  5005  6.411659842539316E+06  27.397862  5.442755  4.519763  0.5740782E+00  0.4120277E+00  1.3328385E-05  9.8282433E-04  1.0910300E-04  5.1451888E-03  3.3436442E-03  2.3813535E-06  6.0391487E-06  2.0729869E-03  8.0107380E-05  0.4655    4.519763  -6.031  0.676812  7.660877  0.1187126E+00  0.8676309E+00  5.7429762E-10  8.9712392E-05  2.4680024E-05  9.0471684E-03  1.8656080E-04  2.9744372E-07  9.4232419E-10  2.0013599E-03  4.4076698E-06  3.926E-11  1.845E-17  9.557E+10  1.043E+12  2.274E+01  1.126E+06  0.26298241  7.397E-06  2.074E-05  9.895E-01  4.679E-07  4.500E-06  1.012E+00  491   12.7415  9.35E-03 1.0909E+01 1.6574E+01    4.68E+02 0.00E+00 8.28E+01  0.262667  0.244781 4.68E+02 0.00E+00 8.29E+01  0.262982  0.244789  0.0000000E+00  0.0000000E+00  8.3735236E-05  1.3270187E+00  1.8236524E-01  1.3946619E-04 -5.0902903E-01  1.6530697E-01  1.8350203E-01 0.000 0.468 1.000 1.000 1.000 1.000 1.000 1.000 1.000 1.000 1.000 1.000 1.000 1.000 1.000 1.000 1.000 1.000 1.000 1.000 1.000 1.000 1.000 1.000 1.000 1.000 1.000 1.000 1.000 1.000 1.000 1.000 1.000 1.000 1.000 1.000 1.000 1.000 1.000 1.000  2.0457002461E-01   0.16488   1.00000   0.00000   0.00000   0.1270116E-02
  5015  6.419286256049013E+06  27.390756  5.443513  4.519381  0.5734838E+00  0.4126224E+00  1.3295838E-05  9.8081603E-04  1.0901775E-04  5.1527300E-03  3.3378234E-03  2.3779516E-06  6.0269506E-06  2.0728975E-03  7.9962844E-05  0.4652    4.519381  -6.030  0.677804  7.661261  0.1174388E+00  0.8689048E+00  5.9996663E-10  8.9574730E-05  2.4645401E-05  9.0479089E-03  1.8594085E-04  2.9699697E-07  1.0090479E-09  2.0011214E-03  4.4275828E-06  4.244E-11  1.994E-17  9.661E+10  1.102E+12  2.299E+01  1.190E+06  0.26173528  7.331E-06  2.070E-05  9.896E-01  4.677E-07  4.493E-06  1.012E+00  491   12.7415  9.35E-03 1.0878E+01 1.6528E+01    4.67E+02 0.00E+00 8.22E+01  0.261372  0.245180 4.67E+02 0.00E+00 8.23E+01  0.261735  0.245188  0.0000000E+00  0.0000000E+00  9.1898688E-05  1.3274985E+00  1.8164094E-01  1.3850310E-04 -5.0885697E-01  1.6511424E-01  1.8370481E-01 0.000 0.468 1.000 1.000 1.000 1.000 1.000 1.000 1.000 1.000 1.000 1.000 1.000 1.000 1.000 1.000 1.000 1.000 1.000 1.000 1.000 1.000 1.000 1.000 1.000 1.000 1.000 1.000 1.000 1.000 1.000 1.000 1.000 1.000 1.000 1.000 1.000 1.000 1.000 1.000  2.0369920070E-01   0.16312   1.00000   0.00000   0.00000   0.1259596E-02
  5024  6.426546015063055E+06  27.383981  5.444233  4.518990  0.5729461E+00  0.4131606E+00  1.3266504E-05  9.7900612E-04  1.0894063E-04  5.1595288E-03  3.3325752E-03  2.3748821E-06  6.0159546E-06  2.0728165E-03  7.9832557E-05  0.4648    4.518990  -6.030  0.678666  7.661599  0.1162669E+00  0.8700767E+00  5.8891994E-10  8.9642862E-05  2.4662960E-05  9.0481508E-03  1.8555259E-04  2.9624216E-07  1.0203191E-09  2.0009007E-03  4.4500105E-06  4.078E-11  1.914E-17  9.695E+10  1.095E+12  2.307E+01  1.183E+06  0.25986120  7.248E-06  2.068E-05  9.898E-01  4.674E-07  4.486E-06  1.012E+00  488   12.7415  9.35E-03 1.0852E+01 1.6490E+01    4.66E+02 0.00E+00 8.19E+01  0.260776  0.245564 4.66E+02 0.00E+00 8.16E+01  0.259861  0.245572  0.0000000E+00  0.0000000E+00  9.1931715E-05  1.3280011E+00  1.8102088E-01  1.3764787E-04 -5.0867893E-01  1.6492779E-01  1.8388912E-01 0.000 0.467 1.000 1.000 1.000 1.000 1.000 1.000 1.000 1.000 1.000 1.000 1.000 1.000 1.000 1.000 1.000 1.000 1.000 1.000 1.000 1.000 1.000 1.000 1.000 1.000 1.000 1.000 1.000 1.000 1.000 1.000 1.000 1.000 1.000 1.000 1.000 1.000 1.000 1.000  2.0287187281E-01   0.16150   1.00000   0.00000   0.00000   0.1249020E-02
  5034  6.434370422000412E+06  27.376668  5.444969  4.518593  0.5723718E+00  0.4137352E+00  1.3235292E-05  9.7708065E-04  1.0885830E-04  5.1667642E-03  3.3269893E-03  2.3716127E-06  6.0042534E-06  2.0727301E-03  7.9693920E-05  0.4645    4.518593  -6.029  0.679553  7.661955  0.1149302E+00  0.8714134E+00  5.5845588E-10  9.0024857E-05  2.4766695E-05  9.0482229E-03  1.8483608E-04  2.9312498E-07  9.8638231E-10  2.0006501E-03  4.4690744E-06  3.710E-11  1.738E-17  9.595E+10  1.049E+12  2.284E+01  1.133E+06  0.25856322  7.181E-06  2.064E-05  9.899E-01  4.670E-07  4.479E-06  1.012E+00  492   12.7415  9.35E-03 1.0820E+01 1.6444E+01    4.66E+02 0.00E+00 8.13E+01  0.259356  0.245958 4.66E+02 0.00E+00 8.11E+01  0.258563  0.245964  0.0000000E+00  0.0000000E+00  8.2497903E-05  1.3286577E+00  1.8028159E-01  1.3665284E-04 -5.0845773E-01  1.6471434E-01  1.8408406E-01 0.000 0.467 1.000 1.000 1.000 1.000 1.000 1.000 1.000 1.000 1.000 1.000 1.000 1.000 1.000 1.000 1.000 1.000 1.000 1.000 1.000 1.000 1.000 1.000 1.000 1.000 1.000 1.000 1.000 1.000 1.000 1.000 1.000 1.000 1.000 1.000 1.000 1.000 1.000 1.000  2.0198287138E-01   0.15962   1.00000   0.00000   0.00000   0.1238683E-02
  5043  6.441049400293332E+06  27.370419  5.445663  4.518181  0.5719022E+00  0.4142051E+00  1.3209859E-05  9.7551187E-04  1.0879099E-04  5.1726612E-03  3.3224362E-03  2.3689460E-06  5.9947176E-06  2.0726594E-03  7.9580943E-05  0.4641    4.518181  -6.029  0.680594  7.662330  0.1136853E+00  0.8726585E+00  5.1012777E-10  8.9961695E-05  2.4754507E-05  9.0492187E-03  1.8379882E-04  2.9152386E-07  8.6719324E-10  2.0004183E-03  4.4776586E-06  3.838E-11  1.797E-17  9.461E+10  9.714E+11  2.252E+01  1.049E+06  0.25775907  7.129E-06  2.062E-05  9.900E-01  4.665E-07  4.474E-06  1.012E+00  491   12.6831  9.35E-03 1.0792E+01 1.6402E+01    4.65E+02 0.00E+00 8.06E+01  0.257455  0.246337 4.65E+02 0.00E+00 8.07E+01  0.257759  0.246340  0.0000000E+00  0.0000000E+00  9.0253308E-05  1.3294576E+00  1.7962862E-01  1.3580192E-04 -5.0827838E-01  1.6453117E-01  1.8425957E-01 0.000 0.466 1.000 1.000 1.000 1.000 1.000 1.000 1.000 1.000 1.000 1.000 1.000 1.000 1.000 1.000 1.000 1.000 1.000 1.000 1.000 1.000 1.000 1.000 1.000 1.000 1.000 1.000 1.000 1.000 1.000 1.000 1.000 1.000 1.000 1.000 1.000 1.000 1.000 1.000  2.0122620450E-01   0.15790   1.00000   0.00000   0.00000   0.1228639E-02
  5053  6.449035135208776E+06  27.362937  5.446450  4.517770  0.5713053E+00  0.4148024E+00  1.3177646E-05  9.7352519E-04  1.0870547E-04  5.1801316E-03  3.3166678E-03  2.3655651E-06  5.9826386E-06  2.0725695E-03  7.9437840E-05  0.4637    4.517770  -6.028  0.681661  7.662742  0.1123159E+00  0.8740279E+00  5.2277236E-10  8.9992754E-05  2.4760406E-05  9.0497826E-03  1.8310631E-04  2.9059625E-07  9.5490954E-10  2.0001606E-03  4.4990839E-06  3.825E-11  1.788E-17  9.521E+10  1.009E+12  2.266E+01  1.090E+06  0.25645932  7.061E-06  2.059E-05  9.901E-01  4.662E-07  4.467E-06  1.012E+00  493   12.6831  9.35E-03 1.0760E+01 1.6356E+01    4.64E+02 0.00E+00 8.00E+01  0.256143  0.246752 4.64E+02 0.00E+00 8.02E+01  0.256459  0.246760  0.0000000E+00  0.0000000E+00  9.0026402E-05  1.3299981E+00  1.7888464E-01  1.3482561E-04 -5.0809530E-01  1.6432596E-01  1.8447568E-01 0.000 0.466 1.000 1.000 1.000 1.000 1.000 1.000 1.000 1.000 1.000 1.000 1.000 1.000 1.000 1.000 1.000 1.000 1.000 1.000 1.000 1.000 1.000 1.000 1.000 1.000 1.000 1.000 1.000 1.000 1.000 1.000 1.000 1.000 1.000 1.000 1.000 1.000 1.000 1.000  2.0032402580E-01   0.15600   1.00000   0.00000   0.00000   0.1217705E-02
  5062  6.456222296632676E+06  27.356193  5.447152  4.517384  0.5707585E+00  0.4153496E+00  1.3148238E-05  9.7171172E-04  1.0862714E-04  5.1869529E-03  3.3114000E-03  2.3624756E-06  5.9716101E-06  2.0724871E-03  7.9307189E-05  0.4633    4.517384  -6.027  0.682592  7.663104  0.1110882E+00  0.8752557E+00  5.2004538E-10  9.0094903E-05  2.4789134E-05  9.0501414E-03  1.8252596E-04  2.8917704E-07  9.7315448E-10  1.9999289E-03  4.5197633E-06  3.805E-11  1.777E-17  9.526E+10  1.021E+12  2.267E+01  1.103E+06  0.25465700  6.983E-06  2.057E-05  9.902E-01  4.659E-07  4.460E-06  1.012E+00  495   12.6831  9.35E-03 1.0735E+01 1.6318E+01    4.63E+02 0.00E+00 7.97E+01  0.255519  0.247129 4.63E+02 0.00E+00 7.95E+01  0.254657  0.247135  0.0000000E+00  0.0000000E+00  9.0045855E-05  1.3305644E+00  1.7826706E-01  1.3398057E-04 -5.0791815E-01  1.6413696E-01  1.8466625E-01 0.000 0.466 1.000 1.000 1.000 1.000 1.000 1.000 1.000 1.000 1.000 1.000 1.000 1.000 1.000 1.000 1.000 1.000 1.000 1.000 1.000 1.000 1.000 1.000 1.000 1.000 1.000 1.000 1.000 1.000 1.000 1.000 1.000 1.000 1.000 1.000 1.000 1.000 1.000 1.000  1.9951397836E-01   0.15429   1.00000   0.00000   0.00000   0.1207735E-02
  5071  6.463409458056577E+06  27.349441  5.447865  4.517000  0.5702334E+00  0.4158751E+00  1.3120083E-05  9.6997575E-04  1.0855194E-04  5.1934846E-03  3.3063555E-03  2.3595153E-06  5.9610507E-06  2.0724079E-03  7.9182100E-05  0.4629    4.517000  -6.027  0.683534  7.663468  0.1098666E+00  0.8764773E+00  5.0873166E-10  9.0196735E-05  2.4817683E-05  9.0504623E-03  1.8198945E-04  2.8781799E-07  9.7612325E-10  1.9996978E-03  4.5417056E-06  3.281E-11  1.529E-17  9.479E+10  1.008E+12  2.256E+01  1.088E+06  0.25403155  6.937E-06  2.053E-05  9.903E-01  4.655E-07  4.453E-06  1.012E+00  495   12.6831  9.35E-03 1.0703E+01 1.6272E+01    4.63E+02 0.00E+00 7.90E+01  0.253599  0.247510 4.63E+02 0.00E+00 7.91E+01  0.254032  0.247519  0.0000000E+00  0.0000000E+00  8.9550262E-05  1.3311402E+00  1.7754844E-01  1.3309449E-04 -5.0774327E-01  1.6394835E-01  1.8485806E-01 0.000 0.466 1.000 1.000 1.000 1.000 1.000 1.000 1.000 1.000 1.000 1.000 1.000 1.000 1.000 1.000 1.000 1.000 1.000 1.000 1.000 1.000 1.000 1.000 1.000 1.000 1.000 1.000 1.000 1.000 1.000 1.000 1.000 1.000 1.000 1.000 1.000 1.000 1.000 1.000  1.9870608370E-01   0.15260   1.00000   0.00000   0.00000   0.1198016E-02
  5079  6.469159187195696E+06  27.344034  5.448430  4.516611  0.5698092E+00  0.4162995E+00  1.3097404E-05  9.6857753E-04  1.0849121E-04  5.1987469E-03  3.3022911E-03  2.3571288E-06  5.9525441E-06  2.0723439E-03  7.9081333E-05  0.4627    4.516611  -6.027  0.684367  7.663771  0.1087673E+00  0.8775768E+00  4.1524118E-10  9.0607502E-05  2.4930209E-05  9.0506784E-03  1.8106006E-04  2.8413298E-07  7.4110823E-10  1.9994920E-03  4.5510206E-06  3.281E-11  1.529E-17  9.140E+10  8.254E+11  2.175E+01  8.914E+05  0.25293264  6.881E-06  2.051E-05  9.903E-01  4.652E-07  4.449E-06  1.012E+00  496   12.6244  9.35E-03 1.0681E+01 1.6240E+01    4.62E+02 0.00E+00 7.86E+01  0.252562  0.247821 4.62E+02 0.00E+00 7.87E+01  0.252933  0.247823  0.0000000E+00  0.0000000E+00  8.0392068E-05  1.3320534E+00  1.7703158E-01  1.3238581E-04 -5.0755047E-01  1.6377643E-01  1.8499883E-01 0.000 0.464 1.000 1.000 1.000 1.000 1.000 1.000 1.000 1.000 1.000 1.000 1.000 1.000 1.000 1.000 1.000 1.000 1.000 1.000 1.000 1.000 1.000 1.000 1.000 1.000 1.000 1.000 1.000 1.000 1.000 1.000 1.000 1.000 1.000 1.000 1.000 1.000 1.000 1.000  1.9806125806E-01   0.15108   1.00000   0.00000   0.00000   0.1189483E-02
  5088  6.475627632477205E+06  27.337947  5.449097  4.516216  0.5693536E+00  0.4167554E+00  1.3073116E-05  9.6708028E-04  1.0842601E-04  5.2043832E-03  3.2979374E-03  2.3545711E-06  5.9434333E-06  2.0722753E-03  7.8973415E-05  0.4623    4.516216  -6.026  0.685231  7.664100  0.1076353E+00  0.8787088E+00  4.4784715E-10  9.0716483E-05  2.4962510E-05  9.0510300E-03  1.8047435E-04  2.8253797E-07  8.9651609E-10  1.9992778E-03  4.5718678E-06  3.398E-11  1.581E-17  9.288E+10  9.066E+11  2.211E+01  9.792E+05  0.25120924  6.806E-06  2.049E-05  9.905E-01  4.648E-07  4.443E-06  1.012E+00  497   12.6244  9.35E-03 1.0658E+01 1.6206E+01    4.62E+02 0.00E+00 7.83E+01  0.251991  0.248183 4.62E+02 0.00E+00 7.80E+01  0.251209  0.248188  0.0000000E+00  0.0000000E+00  8.0393681E-05  1.3327107E+00  1.7648446E-01  1.3163226E-04 -5.0737929E-01  1.6360079E-01  1.8516821E-01 0.000 0.464 1.000 1.000 1.000 1.000 1.000 1.000 1.000 1.000 1.000 1.000 1.000 1.000 1.000 1.000 1.000 1.000 1.000 1.000 1.000 1.000 1.000 1.000 1.000 1.000 1.000 1.000 1.000 1.000 1.000 1.000 1.000 1.000 1.000 1.000 1.000 1.000 1.000 1.000  1.9733761081E-01   0.14949   1.00000   0.00000   0.00000   0.1179926E-02
  5098  6.482814793901104E+06  27.331176  5.449805  4.515811  0.5688429E+00  0.4172665E+00  1.3045965E-05  9.6540672E-04  1.0835294E-04  5.2106850E-03  3.2930693E-03  2.3517095E-06  5.9332476E-06  2.0721982E-03  7.8852769E-05  0.4618    4.515811  -6.026  0.686222  7.664480  0.1063889E+00  0.8799553E+00  4.4118455E-10  9.0823693E-05  2.4992641E-05  9.0513816E-03  1.7989376E-04  2.8111428E-07  9.0962458E-10  1.9990412E-03  4.5966286E-06  3.395E-11  1.578E-17  9.267E+10  9.045E+11  2.206E+01  9.769E+05  0.25002335  6.745E-06  2.047E-05  9.906E-01  4.643E-07  4.436E-06  1.011E+00  496   12.6244  9.35E-03 1.0630E+01 1.6165E+01    4.61E+02 0.00E+00 7.78E+01  0.250804  0.248568 4.61E+02 0.00E+00 7.75E+01  0.250023  0.248573  0.0000000E+00  0.0000000E+00  8.0194330E-05  1.3332866E+00  1.7582557E-01  1.3078081E-04 -5.0721070E-01  1.6341262E-01  1.8536508E-01 0.000 0.464 1.000 1.000 1.000 1.000 1.000 1.000 1.000 1.000 1.000 1.000 1.000 1.000 1.000 1.000 1.000 1.000 1.000 1.000 1.000 1.000 1.000 1.000 1.000 1.000 1.000 1.000 1.000 1.000 1.000 1.000 1.000 1.000 1.000 1.000 1.000 1.000 1.000 1.000  1.9653561412E-01   0.14776   1.00000   0.00000   0.00000   0.1170023E-02
  5108  6.490001955325004E+06  27.324397  5.450521  4.515394  0.5683436E+00  0.4177661E+00  1.3019499E-05  9.6377555E-04  1.0828152E-04  5.2168289E-03  3.2883229E-03  2.3489180E-06  5.9233180E-06  2.0721229E-03  7.8735162E-05  0.4614    4.515394  -6.025  0.687218  7.664862  0.1051537E+00  0.8811905E+00  4.3389631E-10  9.0930154E-05  2.5022517E-05  9.0516784E-03  1.7937705E-04  2.7980492E-07  9.1818280E-10  1.9988060E-03  4.6227591E-06  3.390E-11  1.573E-17  9.243E+10  9.010E+11  2.200E+01  9.730E+05  0.24880231  6.683E-06  2.044E-05  9.907E-01  4.637E-07  4.429E-06  1.011E+00  496   12.6244  9.35E-03 1.0602E+01 1.6123E+01    4.60E+02 0.00E+00 7.73E+01  0.249585  0.248961 4.60E+02 0.00E+00 7.70E+01  0.248802  0.248966  0.0000000E+00  0.0000000E+00  7.9981645E-05  1.3338811E+00  1.7516706E-01  1.2993519E-04 -5.0704332E-01  1.6322468E-01  1.8556236E-01 0.000 0.464 1.000 1.000 1.000 1.000 1.000 1.000 1.000 1.000 1.000 1.000 1.000 1.000 1.000 1.000 1.000 1.000 1.000 1.000 1.000 1.000 1.000 1.000 1.000 1.000 1.000 1.000 1.000 1.000 1.000 1.000 1.000 1.000 1.000 1.000 1.000 1.000 1.000 1.000  1.9573579551E-01   0.14604   1.00000   0.00000   0.00000   0.1159942E-02
  5117  6.496470400606513E+06  27.318289  5.451179  4.515000  0.5679085E+00  0.4182014E+00  1.2996505E-05  9.6235852E-04  1.0821932E-04  5.2221674E-03  3.2841983E-03  2.3464908E-06  5.9146904E-06  2.0720572E-03  7.8632982E-05  0.4611    4.515000  -6.025  0.688195  7.665209  0.1039928E+00  0.8823515E+00  3.7890421E-10  9.1021048E-05  2.5046392E-05  9.0521187E-03  1.7872462E-04  2.7843735E-07  7.6871771E-10  1.9985856E-03  4.6423228E-06  3.005E-11  1.393E-17  8.750E+10  6.535E+11  2.082E+01  7.058E+05  0.24823920  6.641E-06  2.042E-05  9.907E-01  4.631E-07  4.423E-06  1.011E+00  496   12.5655  9.35E-03 1.0574E+01 1.6083E+01    4.59E+02 0.00E+00 7.67E+01  0.247922  0.249332 4.59E+02 0.00E+00 7.68E+01  0.248239  0.249330  0.0000000E+00  0.0000000E+00  7.9597094E-05  1.3344861E+00  1.7453205E-01  1.2917618E-04 -5.0689898E-01  1.6305347E-01  1.8574587E-01 0.000 0.462 1.000 1.000 1.000 1.000 1.000 1.000 1.000 1.000 1.000 1.000 1.000 1.000 1.000 1.000 1.000 1.000 1.000 1.000 1.000 1.000 1.000 1.000 1.000 1.000 1.000 1.000 1.000 1.000 1.000 1.000 1.000 1.000 1.000 1.000 1.000 1.000 1.000 1.000  1.9501780379E-01   0.14451   1.00000   0.00000   0.00000   0.1150648E-02
  5125  6.502220129745632E+06  27.312857  5.451778  4.514615  0.5675245E+00  0.4185857E+00  1.2976256E-05  9.6111080E-04  1.0816442E-04  5.2268692E-03  3.2805655E-03  2.3443520E-06  5.9070924E-06  2.0719992E-03  7.8542999E-05  0.4607    4.514615  -6.025  0.689132  7.665566  0.1029027E+00  0.8834416E+00  3.8672399E-10  9.1123892E-05  2.5075868E-05  9.0526631E-03  1.7793052E-04  2.7672727E-07  8.3619412E-10  1.9983794E-03  4.6561794E-06  3.175E-11  1.469E-17  9.139E+10  8.253E+11  2.175E+01  8.914E+05  0.24721087  6.588E-06  2.040E-05  9.908E-01  4.626E-07  4.418E-06  1.011E+00  498   12.5655  9.35E-03 1.0552E+01 1.6050E+01    4.59E+02 0.00E+00 7.62E+01  0.246905  0.249655 4.59E+02 0.00E+00 7.63E+01  0.247211  0.249662  0.0000000E+00  0.0000000E+00  7.9390888E-05  1.3352012E+00  1.7401309E-01  1.2849749E-04 -5.0674493E-01  1.6289496E-01  1.8590232E-01 0.000 0.462 1.000 1.000 1.000 1.000 1.000 1.000 1.000 1.000 1.000 1.000 1.000 1.000 1.000 1.000 1.000 1.000 1.000 1.000 1.000 1.000 1.000 1.000 1.000 1.000 1.000 1.000 1.000 1.000 1.000 1.000 1.000 1.000 1.000 1.000 1.000 1.000 1.000 1.000  1.9438126287E-01   0.14293   1.00000   0.00000   0.00000   0.1142051E-02
  5134  6.508688575027142E+06  27.306740  5.452416  4.514230  0.5670829E+00  0.4190276E+00  1.2953029E-05  9.5967970E-04  1.0810131E-04  5.2322632E-03  3.2763975E-03  2.3418970E-06  5.8983762E-06  2.0719325E-03  7.8439779E-05  0.4602    4.514230  -6.024  0.690082  7.665927  0.1017569E+00  0.8845875E+00  3.8924716E-10  9.1227047E-05  2.5105086E-05  9.0529891E-03  1.7738568E-04  2.7539116E-07  8.7244509E-10  1.9981606E-03  4.6793885E-06  3.177E-11  1.468E-17  9.148E+10  8.399E+11  2.177E+01  9.071E+05  0.24558233  6.519E-06  2.038E-05  9.909E-01  4.621E-07  4.411E-06  1.011E+00  498   12.5655  9.35E-03 1.0529E+01 1.6017E+01    4.58E+02 0.00E+00 7.60E+01  0.246362  0.250010 4.58E+02 0.00E+00 7.57E+01  0.245582  0.250015  0.0000000E+00  0.0000000E+00  7.9389953E-05  1.3357338E+00  1.7347187E-01  1.2778048E-04 -5.0660041E-01  1.6272591E-01  1.8608569E-01 0.000 0.462 1.000 1.000 1.000 1.000 1.000 1.000 1.000 1.000 1.000 1.000 1.000 1.000 1.000 1.000 1.000 1.000 1.000 1.000 1.000 1.000 1.000 1.000 1.000 1.000 1.000 1.000 1.000 1.000 1.000 1.000 1.000 1.000 1.000 1.000 1.000 1.000 1.000 1.000  1.9366674366E-01   0.14132   1.00000   0.00000   0.00000   0.1132943E-02
  5144  6.515875736451041E+06  27.299937  5.453134  4.513801  0.5665949E+00  0.4195159E+00  1.2927433E-05  9.5810279E-04  1.0803161E-04  5.2382082E-03  3.2718035E-03  2.3391896E-06  5.8887703E-06  2.0718588E-03  7.8326029E-05  0.4598    4.513801  -6.024  0.691146  7.666330  0.1004958E+00  0.8858487E+00  3.8263700E-10  9.1339438E-05  2.5136635E-05  9.0532963E-03  1.7684702E-04  2.7404572E-07  8.8340051E-10  1.9979191E-03  4.7067683E-06  3.227E-11  1.489E-17  9.119E+10  8.376E+11  2.170E+01  9.046E+05  0.24441481  6.459E-06  2.036E-05  9.910E-01  4.615E-07  4.404E-06  1.011E+00  498   12.5655  9.35E-03 1.0501E+01 1.5976E+01    4.58E+02 0.00E+00 7.55E+01  0.245198  0.250408 4.57E+02 0.00E+00 7.52E+01  0.244415  0.250413  0.0000000E+00  0.0000000E+00  7.9186582E-05  1.3363395E+00  1.7282208E-01  1.2696358E-04 -5.0644218E-01  1.6253872E-01  1.8629036E-01 0.000 0.462 1.000 1.000 1.000 1.000 1.000 1.000 1.000 1.000 1.000 1.000 1.000 1.000 1.000 1.000 1.000 1.000 1.000 1.000 1.000 1.000 1.000 1.000 1.000 1.000 1.000 1.000 1.000 1.000 1.000 1.000 1.000 1.000 1.000 1.000 1.000 1.000 1.000 1.000  1.9287504164E-01   0.13957   1.00000   0.00000   0.00000   0.1122922E-02
  5153  6.522344181732550E+06  27.293808  5.453792  4.513411  0.5661622E+00  0.4199489E+00  1.2904795E-05  9.5670831E-04  1.0796981E-04  5.2434667E-03  3.2677397E-03  2.3367935E-06  5.8802742E-06  2.0717934E-03  7.8225427E-05  0.4594    4.513411  -6.023  0.692096  7.666688  0.9940377E-01  0.8869407E+00  4.1104237E-10  9.1442986E-05  2.5166735E-05  9.0534040E-03  1.7654950E-04  2.7307368E-07  9.9605339E-10  1.9977085E-03  4.7353926E-06  3.059E-11  1.410E-17  9.081E+10  8.390E+11  2.161E+01  9.061E+05  0.24379843  6.417E-06  2.033E-05  9.910E-01  4.609E-07  4.397E-06  1.011E+00  497   12.5655  9.35E-03 1.0473E+01 1.5934E+01    4.57E+02 0.00E+00 7.48E+01  0.243513  0.250772 4.57E+02 0.00E+00 7.49E+01  0.243798  0.250779  0.0000000E+00  0.0000000E+00  7.8775296E-05  1.3369195E+00  1.7219276E-01  1.2620433E-04 -5.0629874E-01  1.6237012E-01  1.8647338E-01 0.000 0.463 1.000 1.000 1.000 1.000 1.000 1.000 1.000 1.000 1.000 1.000 1.000 1.000 1.000 1.000 1.000 1.000 1.000 1.000 1.000 1.000 1.000 1.000 1.000 1.000 1.000 1.000 1.000 1.000 1.000 1.000 1.000 1.000 1.000 1.000 1.000 1.000 1.000 1.000  1.9216453501E-01   0.13804   1.00000   0.00000   0.00000   0.1113950E-02
  5161  6.528093910871670E+06  27.288357  5.454435  4.512980  0.5658038E+00  0.4203075E+00  1.2886091E-05  9.5555622E-04  1.0791866E-04  5.2478119E-03  3.2643814E-03  2.3348126E-06  5.8732539E-06  2.0717393E-03  7.8142303E-05  0.4592    4.512980  -6.023  0.693044  7.667028  0.9837204E-01  0.8879725E+00  3.5409215E-10  9.1529082E-05  2.5188620E-05  9.0537146E-03  1.7605405E-04  2.7201778E-07  8.1612983E-10  1.9975105E-03  4.7560402E-06  3.093E-11  1.423E-17  9.157E+10  7.913E+11  2.179E+01  8.546E+05  0.24268132  6.360E-06  2.031E-05  9.911E-01  4.602E-07  4.391E-06  1.011E+00  499   12.5065  9.35E-03 1.0450E+01 1.5901E+01    4.56E+02 0.00E+00 7.44E+01  0.242363  0.251144 4.56E+02 0.00E+00 7.45E+01  0.242681  0.251144  0.0000000E+00  0.0000000E+00  7.8545838E-05  1.3376069E+00  1.7169757E-01  1.2560353E-04 -5.0616715E-01  1.6221839E-01  1.8663363E-01 0.000 0.462 1.000 1.000 1.000 1.000 1.000 1.000 1.000 1.000 1.000 1.000 1.000 1.000 1.000 1.000 1.000 1.000 1.000 1.000 1.000 1.000 1.000 1.000 1.000 1.000 1.000 1.000 1.000 1.000 1.000 1.000 1.000 1.000 1.000 1.000 1.000 1.000 1.000 1.000  1.9153474782E-01   0.13664   1.00000   0.00000   0.00000   0.1104446E-02
  5170  6.534562356153179E+06  27.282219  5.455095  4.512595  0.5653871E+00  0.4207245E+00  1.2864392E-05  9.5421984E-04  1.0785919E-04  5.2528534E-03  3.2604849E-03  2.3325130E-06  5.8651093E-06  2.0716763E-03  7.8045873E-05  0.4586    4.512595  -6.023  0.694056  7.667411  0.9719237E-01  0.8891522E+00  3.5602608E-10  9.1639508E-05  2.5219910E-05  9.0540834E-03  1.7544804E-04  2.7059388E-07  8.5234417E-10  1.9972840E-03  4.7789440E-06  3.093E-11  1.423E-17  9.217E+10  8.099E+11  2.194E+01  8.747E+05  0.24083464  6.287E-06  2.030E-05  9.913E-01  4.595E-07  4.385E-06  1.011E+00  501   12.5065  9.35E-03 1.0430E+01 1.5871E+01    4.56E+02 0.00E+00 7.40E+01  0.241597  0.251509 4.56E+02 0.00E+00 7.38E+01  0.240835  0.251515  0.0000000E+00  0.0000000E+00  7.8462117E-05  1.3380626E+00  1.7117789E-01  1.2493567E-04 -5.0603973E-01  1.6205319E-01  1.8682637E-01 0.000 0.460 1.000 1.000 1.000 1.000 1.000 1.000 1.000 1.000 1.000 1.000 1.000 1.000 1.000 1.000 1.000 1.000 1.000 1.000 1.000 1.000 1.000 1.000 1.000 1.000 1.000 1.000 1.000 1.000 1.000 1.000 1.000 1.000 1.000 1.000 1.000 1.000 1.000 1.000  1.9082831275E-01   0.13498   1.00000   0.00000   0.00000   0.1095354E-02
  5180  6.541749517577078E+06  27.275392  5.455808  4.512165  0.5648809E+00  0.4212310E+00  1.2838109E-05  9.5260130E-04  1.0778699E-04  5.2589606E-03  3.2557644E-03  2.3297258E-06  5.8552435E-06  2.0715997E-03  7.7929071E-05  0.4581    4.512165  -6.022  0.695183  7.667835  0.9591380E-01  0.8904308E+00  3.4714549E-10  9.1756999E-05  2.5253057E-05  9.0543711E-03  1.7492288E-04  2.6925853E-07  8.7238924E-10  1.9970372E-03  4.8079302E-06  3.056E-11  1.404E-17  9.127E+10  7.980E+11  2.172E+01  8.618E+05  0.23965565  6.228E-06  2.028E-05  9.913E-01  4.590E-07  4.377E-06  1.010E+00  503   12.5065  9.35E-03 1.0402E+01 1.5831E+01    4.55E+02 0.00E+00 7.35E+01  0.240435  0.251905 4.55E+02 0.00E+00 7.33E+01  0.239656  0.251911  0.0000000E+00  0.0000000E+00  7.8249730E-05  1.3386193E+00  1.7053646E-01  1.2414823E-04 -5.0589601E-01  1.6186889E-01  1.8703996E-01 0.000 0.460 1.000 1.000 1.000 1.000 1.000 1.000 1.000 1.000 1.000 1.000 1.000 1.000 1.000 1.000 1.000 1.000 1.000 1.000 1.000 1.000 1.000 1.000 1.000 1.000 1.000 1.000 1.000 1.000 1.000 1.000 1.000 1.000 1.000 1.000 1.000 1.000 1.000 1.000  1.9004579452E-01   0.13321   1.00000   0.00000   0.00000   0.1085638E-02
  5189  6.548217962858588E+06  27.269243  5.456476  4.511745  0.5644443E+00  0.4216679E+00  1.2815490E-05  9.5120855E-04  1.0772473E-04  5.2642170E-03  3.2517012E-03  2.3273256E-06  5.8467526E-06  2.0715337E-03  7.7828554E-05  0.4578    4.511745  -6.022  0.696185  7.668210  0.9480245E-01  0.8915422E+00  3.4125875E-10  9.1859717E-05  2.5282084E-05  9.0544905E-03  1.7461453E-04  2.6831979E-07  8.9495576E-10  1.9968213E-03  4.8375256E-06  3.117E-11  1.430E-17  9.038E+10  7.922E+11  2.151E+01  8.556E+05  0.23903234  6.186E-06  2.025E-05  9.914E-01  4.584E-07  4.370E-06  1.010E+00  501   12.5065  9.35E-03 1.0374E+01 1.5790E+01    4.54E+02 0.00E+00 7.29E+01  0.238735  0.252277 4.54E+02 0.00E+00 7.30E+01  0.239032  0.252284  0.0000000E+00  0.0000000E+00  7.7821117E-05  1.3392135E+00  1.6991620E-01  1.2341652E-04 -5.0576148E-01  1.6170177E-01  1.8722866E-01 0.000 0.461 1.000 1.000 1.000 1.000 1.000 1.000 1.000 1.000 1.000 1.000 1.000 1.000 1.000 1.000 1.000 1.000 1.000 1.000 1.000 1.000 1.000 1.000 1.000 1.000 1.000 1.000 1.000 1.000 1.000 1.000 1.000 1.000 1.000 1.000 1.000 1.000 1.000 1.000  1.8934364153E-01   0.13168   1.00000   0.00000   0.00000   0.1076490E-02
  5197  6.553967691997707E+06  27.263775  5.457100  4.511318  0.5640616E+00  0.4220508E+00  1.2795711E-05  9.4999077E-04  1.0767018E-04  5.2688139E-03  3.2481477E-03  2.3252256E-06  5.8393273E-06  2.0714758E-03  7.7740657E-05  0.4574    4.511318  -6.022  0.697175  7.668563  0.9378097E-01  0.8925637E+00  2.7780799E-10  9.1946908E-05  2.5304154E-05  9.0547200E-03  1.7420992E-04  2.6741160E-07  7.0354574E-10  1.9966233E-03  4.8611308E-06  2.606E-11  1.194E-17  8.608E+10  6.059E+11  2.049E+01  6.544E+05  0.23782764  6.129E-06  2.024E-05  9.915E-01  4.578E-07  4.364E-06  1.010E+00  502   12.4472  9.35E-03 1.0353E+01 1.5759E+01    4.53E+02 0.00E+00 7.24E+01  0.237573  0.252627 4.53E+02 0.00E+00 7.25E+01  0.237828  0.252636  0.0000000E+00  0.0000000E+00  7.7558295E-05  1.3399245E+00  1.6943270E-01  1.2284035E-04 -5.0563772E-01  1.6154992E-01  1.8739615E-01 0.000 0.459 1.000 1.000 1.000 1.000 1.000 1.000 1.000 1.000 1.000 1.000 1.000 1.000 1.000 1.000 1.000 1.000 1.000 1.000 1.000 1.000 1.000 1.000 1.000 1.000 1.000 1.000 1.000 1.000 1.000 1.000 1.000 1.000 1.000 1.000 1.000 1.000 1.000 1.000  1.8872131694E-01   0.13028   1.00000   0.00000   0.00000   0.1067554E-02
  5204  6.558998704994436E+06  27.258988  5.457638  4.510937  0.5637656E+00  0.4223470E+00  1.2780443E-05  9.4905080E-04  1.0762800E-04  5.2723627E-03  3.2454042E-03  2.3236036E-06  5.8335952E-06  2.0714310E-03  7.7672807E-05  0.4571    4.510937  -6.021  0.698107  7.668900  0.9279049E-01  0.8935542E+00  2.9380621E-10  9.2041635E-05  2.5331758E-05  9.0552197E-03  1.7347977E-04  2.6590633E-07  7.6870218E-10  1.9964332E-03  4.8748058E-06  2.739E-11  1.253E-17  8.860E+10  7.020E+11  2.109E+01  7.582E+05  0.23643923  6.070E-06  2.023E-05  9.916E-01  4.572E-07  4.360E-06  1.010E+00  501   12.4472  9.35E-03 1.0336E+01 1.5734E+01    4.53E+02 0.00E+00 7.22E+01  0.237216  0.252941 4.53E+02 0.00E+00 7.20E+01  0.236439  0.252946  0.0000000E+00  0.0000000E+00  7.7566857E-05  1.3404989E+00  1.6903129E-01  1.2230597E-04 -5.0552888E-01  1.6141563E-01  1.8754764E-01 0.000 0.459 1.000 1.000 1.000 1.000 1.000 1.000 1.000 1.000 1.000 1.000 1.000 1.000 1.000 1.000 1.000 1.000 1.000 1.000 1.000 1.000 1.000 1.000 1.000 1.000 1.000 1.000 1.000 1.000 1.000 1.000 1.000 1.000 1.000 1.000 1.000 1.000 1.000 1.000  1.8817841667E-01   0.12887   1.00000   0.00000   0.00000   0.1059591E-02
  5213  6.565467150275946E+06  27.252829  5.458275  4.510551  0.5633208E+00  0.4227921E+00  1.2757550E-05  9.4764162E-04  1.0756464E-04  5.2776840E-03  3.2412903E-03  2.3211704E-06  5.8250006E-06  2.0713637E-03  7.7571079E-05  0.4565    4.510551  -6.021  0.699213  7.669312  0.9158292E-01  0.8947619E+00  2.8726088E-10  9.2158950E-05  2.5364751E-05  9.0556250E-03  1.7282099E-04  2.6438454E-07  7.8981111E-10  1.9961997E-03  4.8988563E-06  2.709E-11  1.237E-17  8.828E+10  6.966E+11  2.101E+01  7.523E+05  0.23595645  6.034E-06  2.021E-05  9.916E-01  4.566E-07  4.353E-06  1.010E+00  501   12.4472  9.35E-03 1.0309E+01 1.5694E+01    4.52E+02 0.00E+00 7.16E+01  0.235616  0.253295 4.52E+02 0.00E+00 7.17E+01  0.235956  0.253303  0.0000000E+00  0.0000000E+00  7.7166407E-05  1.3409706E+00  1.6841425E-01  1.2159483E-04 -5.0541269E-01  1.6125116E-01  1.8775039E-01 0.000 0.459 1.000 1.000 1.000 1.000 1.000 1.000 1.000 1.000 1.000 1.000 1.000 1.000 1.000 1.000 1.000 1.000 1.000 1.000 1.000 1.000 1.000 1.000 1.000 1.000 1.000 1.000 1.000 1.000 1.000 1.000 1.000 1.000 1.000 1.000 1.000 1.000 1.000 1.000  1.8748238137E-01   0.12721   1.00000   0.00000   0.00000   0.1051160E-02
  5222  6.571935595557455E+06  27.246666  5.458924  4.510138  0.5628833E+00  0.4232299E+00  1.2735085E-05  9.4625885E-04  1.0750234E-04  5.2829066E-03  3.2372524E-03  2.3187812E-06  5.8165659E-06  2.0712974E-03  7.7471250E-05  0.4560    4.510138  -6.021  0.700319  7.669723  0.9039575E-01  0.8959491E+00  2.8517554E-10  9.2274674E-05  2.5397350E-05  9.0559470E-03  1.7225975E-04  2.6303466E-07  8.0998660E-10  1.9959690E-03  4.9254654E-06  2.451E-11  1.117E-17  8.817E+10  7.038E+11  2.098E+01  7.601E+05  0.23425178  5.965E-06  2.020E-05  9.917E-01  4.560E-07  4.347E-06  1.010E+00  503   12.4472  9.35E-03 1.0287E+01 1.5662E+01    4.52E+02 0.00E+00 7.13E+01  0.235015  0.253661 4.52E+02 0.00E+00 7.11E+01  0.234252  0.253668  0.0000000E+00  0.0000000E+00  7.7125029E-05  1.3414947E+00  1.6789215E-01  1.2093454E-04 -5.0529494E-01  1.6108624E-01  1.8795201E-01 0.000 0.459 1.000 1.000 1.000 1.000 1.000 1.000 1.000 1.000 1.000 1.000 1.000 1.000 1.000 1.000 1.000 1.000 1.000 1.000 1.000 1.000 1.000 1.000 1.000 1.000 1.000 1.000 1.000 1.000 1.000 1.000 1.000 1.000 1.000 1.000 1.000 1.000 1.000 1.000  1.8678815397E-01   0.12555   1.00000   0.00000   0.00000   0.1042249E-02
  5230  6.577685324696574E+06  27.241185  5.459523  4.509710  0.5624951E+00  0.4236183E+00  1.2715200E-05  9.4503503E-04  1.0744709E-04  5.2875297E-03  3.2336779E-03  2.3166652E-06  5.8090996E-06  2.0712387E-03  7.7382889E-05  0.4556    4.509710  -6.021  0.701489  7.670132  0.8923735E-01  0.8971076E+00  2.5371417E-10  9.2385180E-05  2.5427074E-05  9.0565554E-03  1.7138217E-04  2.6132271E-07  7.0294744E-10  1.9957459E-03  4.9422714E-06  2.451E-11  1.117E-17  8.653E+10  6.326E+11  2.059E+01  6.832E+05  0.23314951  5.913E-06  2.019E-05  9.918E-01  4.555E-07  4.342E-06  1.010E+00  506   12.3878  9.35E-03 1.0266E+01 1.5632E+01    4.51E+02 0.00E+00 7.09E+01  0.233959  0.253996 4.51E+02 0.00E+00 7.07E+01  0.233150  0.254006  0.0000000E+00  0.0000000E+00  7.6878740E-05  1.3422951E+00  1.6740389E-01  1.2035328E-04 -5.0517218E-01  1.6092943E-01  1.8813162E-01 0.000 0.457 1.000 1.000 1.000 1.000 1.000 1.000 1.000 1.000 1.000 1.000 1.000 1.000 1.000 1.000 1.000 1.000 1.000 1.000 1.000 1.000 1.000 1.000 1.000 1.000 1.000 1.000 1.000 1.000 1.000 1.000 1.000 1.000 1.000 1.000 1.000 1.000 1.000 1.000  1.8617304222E-01   0.12393   1.00000   0.00000   0.00000   0.1033843E-02
  5238  6.583435053835694E+06  27.235701  5.460128  4.509317  0.5621048E+00  0.4240089E+00  1.2695247E-05  9.4380722E-04  1.0739155E-04  5.2921688E-03  3.2300908E-03  2.3145409E-06  5.8016081E-06  2.0711795E-03  7.7294235E-05  0.4551    4.509317  -6.020  0.702552  7.670521  0.8812983E-01  0.8982152E+00  2.5594667E-10  9.2497002E-05  2.5458988E-05  9.0569735E-03  1.7071736E-04  2.5981838E-07  7.5821102E-10  1.9955310E-03  4.9642751E-06  2.504E-11  1.139E-17  8.677E+10  6.466E+11  2.065E+01  6.983E+05  0.23213719  5.864E-06  2.018E-05  9.919E-01  4.550E-07  4.336E-06  1.010E+00  505   12.3878  9.35E-03 1.0244E+01 1.5600E+01    4.50E+02 0.00E+00 7.05E+01  0.232906  0.254341 4.50E+02 0.00E+00 7.03E+01  0.232137  0.254348  0.0000000E+00  0.0000000E+00  7.6660892E-05  1.3428148E+00  1.6690288E-01  1.1975152E-04 -5.0507104E-01  1.6078178E-01  1.8831585E-01 0.000 0.457 1.000 1.000 1.000 1.000 1.000 1.000 1.000 1.000 1.000 1.000 1.000 1.000 1.000 1.000 1.000 1.000 1.000 1.000 1.000 1.000 1.000 1.000 1.000 1.000 1.000 1.000 1.000 1.000 1.000 1.000 1.000 1.000 1.000 1.000 1.000 1.000 1.000 1.000  1.8555967226E-01   0.12240   1.00000   0.00000   0.00000   0.1025585E-02
  5246  6.589184782974813E+06  27.230216  5.460700  4.508921  0.5617193E+00  0.4243946E+00  1.2675585E-05  9.4259740E-04  1.0733672E-04  5.2967406E-03  3.2265556E-03  2.3124465E-06  5.7942253E-06  2.0711211E-03  7.7206874E-05  0.4546    4.508921  -6.020  0.703606  7.670909  0.8704197E-01  0.8993031E+00  2.5166663E-10  9.2605628E-05  2.5489475E-05  9.0573154E-03  1.7014541E-04  2.5850917E-07  7.7091647E-10  1.9953190E-03  4.9887580E-06  2.512E-11  1.140E-17  8.658E+10  6.442E+11  2.061E+01  6.957E+05  0.23117252  5.817E-06  2.016E-05  9.920E-01  4.544E-07  4.330E-06  1.010E+00  505   12.3878  9.35E-03 1.0222E+01 1.5568E+01    4.50E+02 0.00E+00 7.01E+01  0.231943  0.254665 4.50E+02 0.00E+00 6.99E+01  0.231173  0.254672  0.0000000E+00  0.0000000E+00  7.6452465E-05  1.3432540E+00  1.6640190E-01  1.1915752E-04 -5.0497825E-01  1.6063708E-01  1.8850295E-01 0.000 0.457 1.000 1.000 1.000 1.000 1.000 1.000 1.000 1.000 1.000 1.000 1.000 1.000 1.000 1.000 1.000 1.000 1.000 1.000 1.000 1.000 1.000 1.000 1.000 1.000 1.000 1.000 1.000 1.000 1.000 1.000 1.000 1.000 1.000 1.000 1.000 1.000 1.000 1.000  1.8494804190E-01   0.12088   1.00000   0.00000   0.00000   0.1017598E-02
  5254  6.594934512113933E+06  27.224728  5.461282  4.508512  0.5613329E+00  0.4247813E+00  1.2655918E-05  9.4138733E-04  1.0728178E-04  5.3013142E-03  3.2230189E-03  2.3103503E-06  5.7868400E-06  2.0710626E-03  7.7119489E-05  0.4541    4.508512  -6.020  0.704661  7.671297  0.8597027E-01  0.9003748E+00  2.4769191E-10  9.2713359E-05  2.5519706E-05  9.0575922E-03  1.6964925E-04  2.5732394E-07  7.8234636E-10  1.9951094E-03  5.0152451E-06  2.263E-11  1.025E-17  8.637E+10  6.423E+11  2.056E+01  6.936E+05  0.23020919  5.769E-06  2.015E-05  9.920E-01  4.539E-07  4.324E-06  1.010E+00  506   12.3878  9.35E-03 1.0200E+01 1.5536E+01    4.49E+02 0.00E+00 6.97E+01  0.230988  0.254994 4.49E+02 0.00E+00 6.95E+01  0.230209  0.255002  0.0000000E+00  0.0000000E+00  7.6241775E-05  1.3437257E+00  1.6590241E-01  1.1858522E-04 -5.0488532E-01  1.6049237E-01  1.8868947E-01 0.000 0.457 1.000 1.000 1.000 1.000 1.000 1.000 1.000 1.000 1.000 1.000 1.000 1.000 1.000 1.000 1.000 1.000 1.000 1.000 1.000 1.000 1.000 1.000 1.000 1.000 1.000 1.000 1.000 1.000 1.000 1.000 1.000 1.000 1.000 1.000 1.000 1.000 1.000 1.000  1.8433809913E-01   0.11940   1.00000   0.00000   0.00000   0.1009469E-02
  5261  6.599965525110662E+06  27.219926  5.461817  4.508100  0.5609951E+00  0.4251193E+00  1.2638755E-05  9.4033148E-04  1.0723377E-04  5.3053054E-03  3.2199323E-03  2.3085203E-06  5.7803953E-06  2.0710114E-03  7.7043238E-05  0.4536    4.508100  -6.020  0.705791  7.671685  0.8491315E-01  0.9014320E+00  2.1964502E-10  9.2819026E-05  2.5547948E-05  9.0581958E-03  1.6878542E-04  2.5568705E-07  6.7932808E-10  1.9949049E-03  5.0307492E-06  2.318E-11  1.047E-17  8.501E+10  5.792E+11  2.023E+01  6.255E+05  0.22990628  5.740E-06  2.014E-05  9.920E-01  4.534E-07  4.320E-06  1.010E+00  507   12.3281  9.35E-03 1.0179E+01 1.5505E+01    4.48E+02 0.00E+00 6.92E+01  0.229475  0.255300 4.48E+02 0.00E+00 6.93E+01  0.229906  0.255305  0.0000000E+00  0.0000000E+00  7.5814451E-05  1.3444606E+00  1.6542703E-01  1.1804557E-04 -5.0478800E-01  1.6035657E-01  1.8885362E-01 0.000 0.455 1.000 1.000 1.000 1.000 1.000 1.000 1.000 1.000 1.000 1.000 1.000 1.000 1.000 1.000 1.000 1.000 1.000 1.000 1.000 1.000 1.000 1.000 1.000 1.000 1.000 1.000 1.000 1.000 1.000 1.000 1.000 1.000 1.000 1.000 1.000 1.000 1.000 1.000  1.8380613679E-01   0.11794   1.00000   0.00000   0.00000   0.1001933E-02
  5269  6.605715254249781E+06  27.214436  5.462410  4.507689  0.5605990E+00  0.4255156E+00  1.2618675E-05  9.3909630E-04  1.0717750E-04  5.3099754E-03  3.2163207E-03  2.3063783E-06  5.7728549E-06  2.0709513E-03  7.6954031E-05  0.4531    4.507689  -6.020  0.706922  7.672098  0.8378774E-01  0.9025575E+00  2.1775276E-10  9.2935782E-05  2.5580979E-05  9.0586042E-03  1.6812369E-04  2.5420497E-07  7.1359125E-10  1.9946851E-03  5.0557110E-06  2.318E-11  1.047E-17  8.502E+10  5.823E+11  2.024E+01  6.289E+05  0.22884112  5.690E-06  2.013E-05  9.921E-01  4.529E-07  4.314E-06  1.009E+00  507   12.3281  9.35E-03 1.0158E+01 1.5475E+01    4.48E+02 0.00E+00 6.88E+01  0.228534  0.255635 4.48E+02 0.00E+00 6.89E+01  0.228841  0.255641  0.0000000E+00  0.0000000E+00  7.5609472E-05  1.3449202E+00  1.6493561E-01  1.1747310E-04 -5.0470386E-01  1.6021265E-01  1.8904743E-01 0.000 0.455 1.000 1.000 1.000 1.000 1.000 1.000 1.000 1.000 1.000 1.000 1.000 1.000 1.000 1.000 1.000 1.000 1.000 1.000 1.000 1.000 1.000 1.000 1.000 1.000 1.000 1.000 1.000 1.000 1.000 1.000 1.000 1.000 1.000 1.000 1.000 1.000 1.000 1.000  1.8319964348E-01   0.11638   1.00000   0.00000   0.00000   0.9937850E-03
  5277  6.611464983388901E+06  27.208945  5.462986  4.507285  0.5602136E+00  0.4259013E+00  1.2599172E-05  9.3789671E-04  1.0712276E-04  5.3145115E-03  3.2128126E-03  2.3042968E-06  5.7655310E-06  2.0708929E-03  7.6867390E-05  0.4526    4.507285  -6.020  0.708043  7.672507  0.8268544E-01  0.9036599E+00  2.1403031E-10  9.3050780E-05  2.5613267E-05  9.0589249E-03  1.6756529E-04  2.5290622E-07  7.2691332E-10  1.9944688E-03  5.0833110E-06  2.317E-11  1.045E-17  8.486E+10  5.803E+11  2.020E+01  6.267E+05  0.22789258  5.644E-06  2.012E-05  9.922E-01  4.523E-07  4.308E-06  1.009E+00  507   12.3281  9.35E-03 1.0137E+01 1.5443E+01    4.47E+02 0.00E+00 6.84E+01  0.227597  0.255962 4.47E+02 0.00E+00 6.85E+01  0.227893  0.255968  0.0000000E+00  0.0000000E+00  7.5401140E-05  1.3453562E+00  1.6444004E-01  1.1691563E-04 -5.0462296E-01  1.6007008E-01  1.8924187E-01 0.000 0.455 1.000 1.000 1.000 1.000 1.000 1.000 1.000 1.000 1.000 1.000 1.000 1.000 1.000 1.000 1.000 1.000 1.000 1.000 1.000 1.000 1.000 1.000 1.000 1.000 1.000 1.000 1.000 1.000 1.000 1.000 1.000 1.000 1.000 1.000 1.000 1.000 1.000 1.000  1.8259492102E-01   0.11485   1.00000   0.00000   0.00000   0.9858827E-03
  5285  6.617214712528020E+06  27.203452  5.463576  4.506857  0.5598284E+00  0.4262867E+00  1.2579722E-05  9.3670053E-04  1.0706808E-04  5.3190354E-03  3.2093136E-03  2.3022199E-06  5.7582270E-06  2.0708345E-03  7.6780990E-05  0.4521    4.506857  -6.020  0.709262  7.672929  0.8155166E-01  0.9047937E+00  1.9825724E-10  9.3168639E-05  2.5645125E-05  9.0593281E-03  1.6690945E-04  2.5151453E-07  6.5815242E-10  1.9942464E-03  5.1095372E-06  2.160E-11  9.714E-18  8.224E+10  4.618E+11  1.957E+01  4.988E+05  0.22686190  5.595E-06  2.011E-05  9.923E-01  4.518E-07  4.302E-06  1.009E+00  507   12.2682  9.35E-03 1.0115E+01 1.5411E+01    4.47E+02 0.00E+00 6.80E+01  0.226583  0.256309 4.47E+02 0.00E+00 6.81E+01  0.226862  0.256305  0.0000000E+00  0.0000000E+00  7.5178423E-05  1.3458834E+00  1.6395428E-01  1.1635485E-04 -5.0454835E-01  1.5992613E-01  1.8944217E-01 0.000 0.453 1.000 1.000 1.000 1.000 1.000 1.000 1.000 1.000 1.000 1.000 1.000 1.000 1.000 1.000 1.000 1.000 1.000 1.000 1.000 1.000 1.000 1.000 1.000 1.000 1.000 1.000 1.000 1.000 1.000 1.000 1.000 1.000 1.000 1.000 1.000 1.000 1.000 1.000  1.8199187600E-01   0.11334   1.00000   0.00000   0.00000   0.9776419E-03
  5292  6.622245725524750E+06  27.198645  5.464120  4.506445  0.5595024E+00  0.4266129E+00  1.2563290E-05  9.3569003E-04  1.0702181E-04  5.3228576E-03  3.2063573E-03  2.3004646E-06  5.7520561E-06  2.0707850E-03  7.6708000E-05  0.4516    4.506445  -6.020  0.710344  7.673322  0.8053472E-01  0.9058107E+00  1.9753089E-10  9.3279629E-05  2.5676690E-05  9.0597318E-03  1.6626253E-04  2.5011051E-07  6.9242807E-10  1.9940471E-03  5.1319994E-06  2.189E-11  9.821E-18  8.460E+10  5.513E+11  2.014E+01  5.954E+05  0.22552297  5.540E-06  2.011E-05  9.923E-01  4.512E-07  4.297E-06  1.009E+00  509   12.2682  9.35E-03 1.0098E+01 1.5387E+01    4.46E+02 0.00E+00 6.78E+01  0.226293  0.256611 4.46E+02 0.00E+00 6.76E+01  0.225523  0.256618  0.0000000E+00  0.0000000E+00  7.5164612E-05  1.3464875E+00  1.6356654E-01  1.1586453E-04 -5.0446227E-01  1.5979612E-01  1.8960892E-01 0.000 0.453 1.000 1.000 1.000 1.000 1.000 1.000 1.000 1.000 1.000 1.000 1.000 1.000 1.000 1.000 1.000 1.000 1.000 1.000 1.000 1.000 1.000 1.000 1.000 1.000 1.000 1.000 1.000 1.000 1.000 1.000 1.000 1.000 1.000 1.000 1.000 1.000 1.000 1.000  1.8146591897E-01   0.11185   1.00000   0.00000   0.00000   0.9700193E-03
  5300  6.627995454663869E+06  27.193151  5.464712  4.506039  0.5591038E+00  0.4270117E+00  1.2543241E-05  9.3445717E-04  1.0696527E-04  5.3275216E-03  3.2027498E-03  2.2983218E-06  5.7445265E-06  2.0707245E-03  7.6618944E-05  0.4511    4.506039  -6.020  0.711537  7.673754  0.7941105E-01  0.9069345E+00  1.9512806E-10  9.3400059E-05  2.5710687E-05  9.0600636E-03  1.6568217E-04  2.4876946E-07  7.1805324E-10  1.9938255E-03  5.1614612E-06  2.189E-11  9.821E-18  8.440E+10  5.516E+11  2.009E+01  5.957E+05  0.22453563  5.494E-06  2.010E-05  9.924E-01  4.507E-07  4.291E-06  1.009E+00  509   12.2682  9.35E-03 1.0078E+01 1.5357E+01    4.45E+02 0.00E+00 6.74E+01  0.225300  0.256946 4.45E+02 0.00E+00 6.72E+01  0.224536  0.256954  0.0000000E+00  0.0000000E+00  7.4939711E-05  1.3469116E+00  1.6307940E-01  1.1532758E-04 -5.0439391E-01  1.5965601E-01  1.8981082E-01 0.000 0.453 1.000 1.000 1.000 1.000 1.000 1.000 1.000 1.000 1.000 1.000 1.000 1.000 1.000 1.000 1.000 1.000 1.000 1.000 1.000 1.000 1.000 1.000 1.000 1.000 1.000 1.000 1.000 1.000 1.000 1.000 1.000 1.000 1.000 1.000 1.000 1.000 1.000 1.000  1.8086634868E-01   0.11029   1.00000   0.00000   0.00000   0.9623778E-03
  5308  6.633745183802988E+06  27.187655  5.465300  4.505630  0.5587188E+00  0.4273970E+00  1.2523909E-05  9.3326859E-04  1.0691067E-04  5.3320187E-03  3.1992712E-03  2.2962549E-06  5.7372665E-06  2.0706661E-03  7.6533084E-05  0.4506    4.505630  -6.020  0.712730  7.674185  0.7830397E-01  0.9080416E+00  1.9056839E-10  9.3519176E-05  2.5744078E-05  9.0603325E-03  1.6517594E-04  2.4756714E-07  7.2609132E-10  1.9936063E-03  5.1929300E-06  2.171E-11  9.720E-18  8.407E+10  5.465E+11  2.001E+01  5.902E+05  0.22357257  5.448E-06  2.009E-05  9.925E-01  4.502E-07  4.284E-06  1.009E+00  509   12.2682  9.35E-03 1.0056E+01 1.5325E+01    4.45E+02 0.00E+00 6.70E+01  0.224336  0.257282 4.45E+02 0.00E+00 6.68E+01  0.223573  0.257291  0.0000000E+00  0.0000000E+00  7.4720915E-05  1.3473331E+00  1.6258786E-01  1.1477120E-04 -5.0432831E-01  1.5951693E-01  1.9001353E-01 0.000 0.453 1.000 1.000 1.000 1.000 1.000 1.000 1.000 1.000 1.000 1.000 1.000 1.000 1.000 1.000 1.000 1.000 1.000 1.000 1.000 1.000 1.000 1.000 1.000 1.000 1.000 1.000 1.000 1.000 1.000 1.000 1.000 1.000 1.000 1.000 1.000 1.000 1.000 1.000  1.8026848960E-01   0.10875   1.00000   0.00000   0.00000   0.9545477E-03
  5315  6.638776196799718E+06  27.182845  5.465827  4.505226  0.5584103E+00  0.4277057E+00  1.2508449E-05  9.3231814E-04  1.0686694E-04  5.3356153E-03  3.1964890E-03  2.2946012E-06  5.7314604E-06  2.0706193E-03  7.6464423E-05  0.4501    4.505226  -6.020  0.713837  7.674580  0.7729759E-01  0.9090480E+00  1.5554419E-10  9.3629631E-05  2.5772150E-05  9.0606688E-03  1.6461105E-04  2.4640119E-07  5.7726262E-10  1.9934074E-03  5.2186358E-06  1.985E-11  8.863E-18  8.339E+10  5.200E+11  1.985E+01  5.616E+05  0.22312550  5.417E-06  2.008E-05  9.925E-01  4.495E-07  4.279E-06  1.009E+00  508   12.2682  9.35E-03 1.0036E+01 1.5296E+01    4.44E+02 0.00E+00 6.65E+01  0.222892  0.257585 4.44E+02 0.00E+00 6.66E+01  0.223125  0.257597  0.0000000E+00  0.0000000E+00  7.4295061E-05  1.3478735E+00  1.6213803E-01  1.1428873E-04 -5.0426260E-01  1.5939186E-01  1.9018846E-01 0.000 0.451 1.000 1.000 1.000 1.000 1.000 1.000 1.000 1.000 1.000 1.000 1.000 1.000 1.000 1.000 1.000 1.000 1.000 1.000 1.000 1.000 1.000 1.000 1.000 1.000 1.000 1.000 1.000 1.000 1.000 1.000 1.000 1.000 1.000 1.000 1.000 1.000 1.000 1.000  1.7974696041E-01   0.10741   1.00000   0.00000   0.00000   0.9468847E-03
  5322  6.643807209796447E+06  27.178036  5.466383  4.504799  0.5581037E+00  0.4280125E+00  1.2493112E-05  9.3137531E-04  1.0682351E-04  5.3391836E-03  3.1937287E-03  2.2929600E-06  5.7257003E-06  2.0705727E-03  7.6396311E-05  0.4496    4.504799  -6.020  0.715060  7.675000  0.7625554E-01  0.9100901E+00  1.6865602E-10  9.3744215E-05  2.5806058E-05  9.0610959E-03  1.6392969E-04  2.4494583E-07  6.6128625E-10  1.9932019E-03  5.2430376E-06  1.995E-11  8.883E-18  8.306E+10  4.990E+11  1.977E+01  5.389E+05  0.22182745  5.363E-06  2.008E-05  9.926E-01  4.489E-07  4.274E-06  1.009E+00  511   12.2081  9.35E-03 1.0019E+01 1.5272E+01    4.43E+02 0.00E+00 6.63E+01  0.222590  0.257915 4.43E+02 0.00E+00 6.61E+01  0.221827  0.257923  0.0000000E+00  0.0000000E+00  7.4298320E-05  1.3484329E+00  1.6174953E-01  1.1382866E-04 -5.0420357E-01  1.5926585E-01  1.9037085E-01 0.000 0.451 1.000 1.000 1.000 1.000 1.000 1.000 1.000 1.000 1.000 1.000 1.000 1.000 1.000 1.000 1.000 1.000 1.000 1.000 1.000 1.000 1.000 1.000 1.000 1.000 1.000 1.000 1.000 1.000 1.000 1.000 1.000 1.000 1.000 1.000 1.000 1.000 1.000 1.000  1.7922700045E-01   0.10591   1.00000   0.00000   0.00000   0.9390910E-03
  5330  6.649556938935567E+06  27.172538  5.466964  4.504416  0.5576945E+00  0.4284219E+00  1.2472674E-05  9.3011906E-04  1.0676554E-04  5.3439386E-03  3.1900503E-03  2.2907722E-06  5.7180246E-06  2.0705106E-03  7.6305554E-05  0.4490    4.504416  -6.019  0.716340  7.675461  0.7510551E-01  0.9112402E+00  1.6570996E-10  9.3873247E-05  2.5842397E-05  9.0614466E-03  1.6331341E-04  2.4354400E-07  6.8253828E-10  1.9929735E-03  5.2747929E-06  1.995E-11  8.883E-18  8.289E+10  4.975E+11  1.973E+01  5.373E+05  0.22081003  5.318E-06  2.007E-05  9.927E-01  4.484E-07  4.267E-06  1.009E+00  510   12.2081  9.34E-03 9.9982E+00 1.5242E+01    4.43E+02 0.00E+00 6.59E+01  0.221569  0.258243 4.43E+02 0.00E+00 6.57E+01  0.220810  0.258253  0.0000000E+00  0.0000000E+00  7.4060180E-05  1.3487679E+00  1.6126964E-01  1.1329878E-04 -5.0415687E-01  1.5913076E-01  1.9058495E-01 0.000 0.451 1.000 1.000 1.000 1.000 1.000 1.000 1.000 1.000 1.000 1.000 1.000 1.000 1.000 1.000 1.000 1.000 1.000 1.000 1.000 1.000 1.000 1.000 1.000 1.000 1.000 1.000 1.000 1.000 1.000 1.000 1.000 1.000 1.000 1.000 1.000 1.000 1.000 1.000  1.7863443895E-01   0.10431   1.00000   0.00000   0.00000   0.9317806E-03
  5338  6.655306668074686E+06  27.167038  5.467550  4.504006  0.5573115E+00  0.4288052E+00  1.2453584E-05  9.2894576E-04  1.0671131E-04  5.3483803E-03  3.1866140E-03  2.2887278E-06  5.7108550E-06  2.0704524E-03  7.6220787E-05  0.4484    4.504006  -6.019  0.717622  7.675922  0.7397476E-01  0.9123710E+00  1.6188637E-10  9.4001599E-05  2.5878389E-05  9.0617252E-03  1.6278072E-04  2.4228222E-07  6.9267649E-10  1.9927480E-03  5.3088191E-06  2.028E-11  9.004E-18  8.262E+10  4.935E+11  1.966E+01  5.329E+05  0.21982780  5.274E-06  2.007E-05  9.927E-01  4.479E-07  4.261E-06  1.009E+00  511   12.2081  9.34E-03 9.9766E+00 1.5210E+01    4.42E+02 0.00E+00 6.55E+01  0.220592  0.258581 4.42E+02 0.00E+00 6.53E+01  0.219828  0.258590  0.0000000E+00  0.0000000E+00  7.3831253E-05  1.3491442E+00  1.6078922E-01  1.1278312E-04 -5.0410998E-01  1.5899563E-01  1.9079831E-01 0.000 0.452 1.000 1.000 1.000 1.000 1.000 1.000 1.000 1.000 1.000 1.000 1.000 1.000 1.000 1.000 1.000 1.000 1.000 1.000 1.000 1.000 1.000 1.000 1.000 1.000 1.000 1.000 1.000 1.000 1.000 1.000 1.000 1.000 1.000 1.000 1.000 1.000 1.000 1.000  1.7804363440E-01   0.10274   1.00000   0.00000   0.00000   0.9242276E-03
  5345  6.660337681071416E+06  27.162225  5.468092  4.503579  0.5569897E+00  0.4291272E+00  1.2437575E-05  9.2796187E-04  1.0666577E-04  5.3521054E-03  3.1837321E-03  2.2870125E-06  5.7048421E-06  2.0704035E-03  7.6149704E-05  0.4479    4.503579  -6.019  0.718968  7.676381  0.7286526E-01  0.9134806E+00  1.4666014E-10  9.4131458E-05  2.5913577E-05  9.0622944E-03  1.6191541E-04  2.4060756E-07  6.2169795E-10  1.9925291E-03  5.3321541E-06  1.860E-11  8.235E-18  8.185E+10  4.559E+11  1.948E+01  4.923E+05  0.21943018  5.243E-06  2.006E-05  9.928E-01  4.473E-07  4.256E-06  1.009E+00  517   12.1479  9.34E-03 9.9557E+00 1.5180E+01    4.42E+02 0.00E+00 6.50E+01  0.219097  0.258903 4.42E+02 0.00E+00 6.51E+01  0.219430  0.258905  0.0000000E+00  0.0000000E+00  7.3399565E-05  1.3497721E+00  1.6033489E-01  1.1230723E-04 -5.0405983E-01  1.5886979E-01  1.9098938E-01 0.000 0.449 1.000 1.000 1.000 1.000 1.000 1.000 1.000 1.000 1.000 1.000 1.000 1.000 1.000 1.000 1.000 1.000 1.000 1.000 1.000 1.000 1.000 1.000 1.000 1.000 1.000 1.000 1.000 1.000 1.000 1.000 1.000 1.000 1.000 1.000 1.000 1.000 1.000 1.000  1.7752857353E-01   0.10121   1.00000   0.00000   0.00000   0.9168576E-03
  5353  6.666087410210535E+06  27.156725  5.468696  4.503165  0.5566052E+00  0.4295119E+00  1.2418476E-05  9.2678827E-04  1.0661137E-04  5.3565494E-03  3.1802939E-03  2.2849655E-06  5.6976692E-06  2.0703451E-03  7.6064912E-05  0.4473    4.503165  -6.019  0.720330  7.676868  0.7169973E-01  0.9146462E+00  1.4356230E-10  9.4266188E-05  2.5951500E-05  9.0626351E-03  1.6130099E-04  2.3920256E-07  6.4853188E-10  1.9922962E-03  5.3668466E-06  1.842E-11  8.133E-18  8.171E+10  4.536E+11  1.945E+01  4.899E+05  0.21846235  5.199E-06  2.006E-05  9.928E-01  4.467E-07  4.250E-06  1.009E+00  517   12.1479  9.34E-03 9.9344E+00 1.5149E+01    4.41E+02 0.00E+00 6.46E+01  0.218200  0.259251 4.41E+02 0.00E+00 6.47E+01  0.218462  0.259254  0.0000000E+00  0.0000000E+00  7.3198652E-05  1.3501068E+00  1.5985820E-01  1.1179010E-04 -5.0402890E-01  1.5873807E-01  1.9121148E-01 0.000 0.450 1.000 1.000 1.000 1.000 1.000 1.000 1.000 1.000 1.000 1.000 1.000 1.000 1.000 1.000 1.000 1.000 1.000 1.000 1.000 1.000 1.000 1.000 1.000 1.000 1.000 1.000 1.000 1.000 1.000 1.000 1.000 1.000 1.000 1.000 1.000 1.000 1.000 1.000  1.7694157115E-01   0.09959   1.00000   0.00000   0.00000   0.9091585E-03
  5361  6.671837139349654E+06  27.151223  5.469286  4.502760  0.5562330E+00  0.4298843E+00  1.2400028E-05  9.2565477E-04  1.0655874E-04  5.3608421E-03  3.1769727E-03  2.2829875E-06  5.6907407E-06  2.0702885E-03  7.5983017E-05  0.4467    4.502760  -6.019  0.721695  7.677355  0.7055047E-01  0.9157955E+00  1.4005761E-10  9.4400418E-05  2.5989191E-05  9.0629138E-03  1.6075825E-04  2.3793399E-07  6.6010089E-10  1.9920656E-03  5.4036723E-06  1.715E-11  7.550E-18  8.146E+10  4.499E+11  1.939E+01  4.858E+05  0.21745813  5.154E-06  2.005E-05  9.929E-01  4.461E-07  4.243E-06  1.009E+00  517   12.1479  9.34E-03 9.9130E+00 1.5118E+01    4.40E+02 0.00E+00 6.42E+01  0.217111  0.259592 4.40E+02 0.00E+00 6.43E+01  0.217458  0.259596  0.0000000E+00  0.0000000E+00  7.2932081E-05  1.3504278E+00  1.5938076E-01  1.1129223E-04 -5.0400094E-01  1.5860739E-01  1.9143488E-01 0.000 0.450 1.000 1.000 1.000 1.000 1.000 1.000 1.000 1.000 1.000 1.000 1.000 1.000 1.000 1.000 1.000 1.000 1.000 1.000 1.000 1.000 1.000 1.000 1.000 1.000 1.000 1.000 1.000 1.000 1.000 1.000 1.000 1.000 1.000 1.000 1.000 1.000 1.000 1.000  1.7635649033E-01   0.09799   1.00000   0.00000   0.00000   0.9017338E-03
  5368  6.676868152346384E+06  27.146408  5.469809  4.502360  0.5559403E+00  0.4301772E+00  1.2385543E-05  9.2476484E-04  1.0651736E-04  5.3642128E-03  3.1743647E-03  2.2814338E-06  5.6853004E-06  2.0702440E-03  7.5918718E-05  0.4463    4.502360  -6.019  0.722979  7.677813  0.6956400E-01  0.9167820E+00  1.5419836E-10  9.4518191E-05  2.6024599E-05  9.0630877E-03  1.6035976E-04  2.3688685E-07  7.8188194E-10  1.9918666E-03  5.4381176E-06  1.715E-11  7.550E-18  8.249E+10  4.955E+11  1.963E+01  5.351E+05  0.21578649  5.095E-06  2.006E-05  9.930E-01  4.453E-07  4.237E-06  1.009E+00  515   12.1479  9.34E-03 9.8975E+00 1.5095E+01    4.40E+02 0.00E+00 6.40E+01  0.216657  0.259893 4.40E+02 0.00E+00 6.37E+01  0.215786  0.259906  0.0000000E+00  0.0000000E+00  7.2846669E-05  1.3508367E+00  1.5903207E-01  1.1088226E-04 -5.0397063E-01  1.5849139E-01  1.9162962E-01 0.000 0.450 1.000 1.000 1.000 1.000 1.000 1.000 1.000 1.000 1.000 1.000 1.000 1.000 1.000 1.000 1.000 1.000 1.000 1.000 1.000 1.000 1.000 1.000 1.000 1.000 1.000 1.000 1.000 1.000 1.000 1.000 1.000 1.000 1.000 1.000 1.000 1.000 1.000 1.000  1.7584609579E-01   0.09655   1.00000   0.00000   0.00000   0.8947508E-03
  5374  6.680964834358006E+06  27.142489  5.470275  4.501963  0.5557497E+00  0.4303679E+00  1.2376125E-05  9.2418622E-04  1.0649043E-04  5.3664045E-03  3.1726689E-03  2.2804232E-06  5.6817630E-06  2.0702150E-03  7.5876911E-05  0.4458    4.501963  -6.019  0.723958  7.678138  0.6868580E-01  0.9176603E+00  1.1963511E-10  9.4901214E-05  2.6123970E-05  9.0630374E-03  1.5978646E-04  2.3480253E-07  5.7629756E-10  1.9916910E-03  5.4633012E-06  1.644E-11  7.210E-18  8.054E+10  3.973E+11  1.917E+01  4.291E+05  0.21507894  5.060E-06  2.006E-05  9.931E-01  4.445E-07  4.232E-06  1.008E+00  514   12.0874  9.34E-03 9.8825E+00 1.5074E+01    4.39E+02 0.00E+00 6.36E+01  0.215799  0.260180 4.39E+02 0.00E+00 6.34E+01  0.215079  0.260192  0.0000000E+00  0.0000000E+00  6.5344627E-05  1.3514897E+00  1.5870214E-01  1.1051918E-04 -5.0391063E-01  1.5838330E-01  1.9177358E-01 0.000 0.448 1.000 1.000 1.000 1.000 1.000 1.000 1.000 1.000 1.000 1.000 1.000 1.000 1.000 1.000 1.000 1.000 1.000 1.000 1.000 1.000 1.000 1.000 1.000 1.000 1.000 1.000 1.000 1.000 1.000 1.000 1.000 1.000 1.000 1.000 1.000 1.000 1.000 1.000  1.7543224219E-01   0.09539   1.00000   0.00000   0.00000   0.8881904E-03
  5383  6.686786435111362E+06  27.136918  5.470889  4.501563  0.5552927E+00  0.4308252E+00  1.2353572E-05  9.2280088E-04  1.0642586E-04  5.3716527E-03  3.1686081E-03  2.2780027E-06  5.6732929E-06  2.0701455E-03  7.5776817E-05  0.4452    4.501563  -6.019  0.725421  7.678658  0.6747615E-01  0.9188701E+00  1.1779468E-10  9.5104425E-05  2.6184233E-05  9.0633217E-03  1.5911818E-04  2.3293283E-07  6.1080942E-10  1.9914476E-03  5.5040038E-06  1.630E-11  7.125E-18  8.039E+10  3.973E+11  1.913E+01  4.291E+05  0.21465859  5.030E-06  2.005E-05  9.931E-01  4.443E-07  4.226E-06  1.008E+00  513   12.0874  9.34E-03 9.8592E+00 1.5040E+01    4.39E+02 0.00E+00 6.31E+01  0.214392  0.260535 4.39E+02 0.00E+00 6.32E+01  0.214659  0.260536  0.0000000E+00  0.0000000E+00  6.5020017E-05  1.3517887E+00  1.5817711E-01  1.0999931E-04 -5.0389499E-01  1.5825291E-01  1.9200885E-01 0.000 0.448 1.000 1.000 1.000 1.000 1.000 1.000 1.000 1.000 1.000 1.000 1.000 1.000 1.000 1.000 1.000 1.000 1.000 1.000 1.000 1.000 1.000 1.000 1.000 1.000 1.000 1.000 1.000 1.000 1.000 1.000 1.000 1.000 1.000 1.000 1.000 1.000 1.000 1.000  1.7484576295E-01   0.09372   1.00000   0.00000   0.00000   0.8808692E-03
  5392  6.692608035864719E+06  27.131346  5.471488  4.501164  0.5549059E+00  0.4312122E+00  1.2334527E-05  9.2163107E-04  1.0637126E-04  5.3760848E-03  3.1651786E-03  2.2759578E-06  5.6661399E-06  2.0700867E-03  7.5692295E-05  0.4445    4.501164  -6.019  0.726898  7.679183  0.6629916E-01  0.9200471E+00  1.1560057E-10  9.5250072E-05  2.6225297E-05  9.0635841E-03  1.5857473E-04  2.3164200E-07  6.2974038E-10  1.9912093E-03  5.5473887E-06  1.509E-11  6.577E-18  8.015E+10  3.968E+11  1.908E+01  4.285E+05  0.21323909  4.977E-06  2.005E-05  9.932E-01  4.437E-07  4.219E-06  1.008E+00  512   12.0874  9.34E-03 9.8397E+00 1.5011E+01    4.38E+02 0.00E+00 6.29E+01  0.213919  0.260876 4.38E+02 0.00E+00 6.27E+01  0.213239  0.260885  0.0000000E+00  0.0000000E+00  6.4969477E-05  1.3520368E+00  1.5773695E-01  1.0951016E-04 -5.0389091E-01  1.5812667E-01  1.9224762E-01 0.000 0.448 1.000 1.000 1.000 1.000 1.000 1.000 1.000 1.000 1.000 1.000 1.000 1.000 1.000 1.000 1.000 1.000 1.000 1.000 1.000 1.000 1.000 1.000 1.000 1.000 1.000 1.000 1.000 1.000 1.000 1.000 1.000 1.000 1.000 1.000 1.000 1.000 1.000 1.000  1.7426089836E-01   0.09208   1.00000   0.00000   0.00000   0.8735853E-03
  5399  6.697135947561774E+06  27.127012  5.471988  4.500759  0.5546156E+00  0.4315027E+00  1.2320252E-05  9.2075438E-04  1.0633028E-04  5.3794069E-03  3.1626080E-03  2.2744245E-06  5.6607786E-06  2.0700425E-03  7.5628951E-05  0.4440    4.500759  -6.019  0.728280  7.679645  0.6528448E-01  0.9210619E+00  1.0361761E-10  9.5380993E-05  2.6260570E-05  9.0640422E-03  1.5783459E-04  2.3021383E-07  5.5597325E-10  1.9910058E-03  5.5762880E-06  1.509E-11  6.577E-18  7.933E+10  3.626E+11  1.888E+01  3.916E+05  0.21284338  4.949E-06  2.006E-05  9.932E-01  4.431E-07  4.214E-06  1.008E+00  515   12.0267  9.34E-03 9.8224E+00 1.4986E+01    4.37E+02 0.00E+00 6.24E+01  0.212574  0.261177 4.37E+02 0.00E+00 6.25E+01  0.212843  0.261178  0.0000000E+00  0.0000000E+00  6.4611152E-05  1.3525962E+00  1.5734238E-01  1.0913237E-04 -5.0387518E-01  1.5802013E-01  1.9243486E-01 0.000 0.446 1.000 1.000 1.000 1.000 1.000 1.000 1.000 1.000 1.000 1.000 1.000 1.000 1.000 1.000 1.000 1.000 1.000 1.000 1.000 1.000 1.000 1.000 1.000 1.000 1.000 1.000 1.000 1.000 1.000 1.000 1.000 1.000 1.000 1.000 1.000 1.000 1.000 1.000  1.7380758639E-01   0.09068   1.00000   0.00000   0.00000   0.8669851E-03
  5408  6.702957548315131E+06  27.121439  5.472616  4.500344  0.5542367E+00  0.4318819E+00  1.2301656E-05  9.1961234E-04  1.0627682E-04  5.3837348E-03  3.1592590E-03  2.2724264E-06  5.6537942E-06  2.0699849E-03  7.5546436E-05  0.4433    4.500344  -6.019  0.729875  7.680207  0.6405835E-01  0.9222881E+00  1.0244862E-10  9.5534258E-05  2.6304024E-05  9.0644102E-03  1.5715754E-04  2.2872675E-07  5.9204075E-10  1.9907574E-03  5.6191779E-06  1.502E-11  6.527E-18  7.934E+10  3.650E+11  1.888E+01  3.942E+05  0.21140625  4.895E-06  2.006E-05  9.933E-01  4.425E-07  4.207E-06  1.008E+00  516   12.0267  9.34E-03 9.8031E+00 1.4959E+01    4.37E+02 0.00E+00 6.22E+01  0.212081  0.261537 4.37E+02 0.00E+00 6.20E+01  0.211406  0.261547  0.0000000E+00  0.0000000E+00  6.4555648E-05  1.3528025E+00  1.5690473E-01  1.0865665E-04 -5.0389185E-01  1.5789823E-01  1.9268524E-01 0.000 0.446 1.000 1.000 1.000 1.000 1.000 1.000 1.000 1.000 1.000 1.000 1.000 1.000 1.000 1.000 1.000 1.000 1.000 1.000 1.000 1.000 1.000 1.000 1.000 1.000 1.000 1.000 1.000 1.000 1.000 1.000 1.000 1.000 1.000 1.000 1.000 1.000 1.000 1.000  1.7322628180E-01   0.08896   1.00000   0.00000   0.00000   0.8593839E-03
  5417  6.708779149068488E+06  27.115864  5.473215  4.499936  0.5538562E+00  0.4322626E+00  1.2283015E-05  9.1846771E-04  1.0622316E-04  5.3880731E-03  3.1559018E-03  2.2704227E-06  5.6467932E-06  2.0699270E-03  7.5463732E-05  0.4426    4.499936  -6.019  0.731470  7.680769  0.6285279E-01  0.9234937E+00  9.7797579E-11  9.5689472E-05  2.6347245E-05  9.0647018E-03  1.5656544E-04  2.2738700E-07  5.9172580E-10  1.9905119E-03  5.6644249E-06  1.487E-11  6.440E-18  7.898E+10  3.557E+11  1.880E+01  3.841E+05  0.21089771  4.864E-06  2.006E-05  9.933E-01  4.419E-07  4.200E-06  1.008E+00  515   12.0267  9.34E-03 9.7798E+00 1.4925E+01    4.36E+02 0.00E+00 6.17E+01  0.210640  0.261895 4.36E+02 0.00E+00 6.17E+01  0.210898  0.261897  0.0000000E+00  0.0000000E+00  6.4204386E-05  1.3529530E+00  1.5639985E-01  1.0817820E-04 -5.0391593E-01  1.5777880E-01  1.9293821E-01 0.000 0.446 1.000 1.000 1.000 1.000 1.000 1.000 1.000 1.000 1.000 1.000 1.000 1.000 1.000 1.000 1.000 1.000 1.000 1.000 1.000 1.000 1.000 1.000 1.000 1.000 1.000 1.000 1.000 1.000 1.000 1.000 1.000 1.000 1.000 1.000 1.000 1.000 1.000 1.000  1.7264701585E-01   0.08730   1.00000   0.00000   0.00000   0.8520225E-03
  5425  6.713953905293694E+06  27.110909  5.473776  4.499502  0.5535533E+00  0.4325657E+00  1.2268202E-05  9.1755826E-04  1.0618047E-04  5.3915204E-03  3.1532341E-03  2.2688300E-06  5.6412301E-06  2.0698808E-03  7.5398023E-05  0.4420    4.499502  -6.019  0.733112  7.681324  0.6168679E-01  0.9246598E+00  8.9414120E-11  9.5847119E-05  2.6390274E-05  9.0651847E-03  1.5575202E-04  2.2577928E-07  5.4279241E-10  1.9902760E-03  5.7009277E-06  1.394E-11  6.014E-18  7.862E+10  3.325E+11  1.871E+01  3.591E+05  0.20997463  4.823E-06  2.007E-05  9.934E-01  4.411E-07  4.195E-06  1.008E+00  519   11.9658  9.34E-03 9.7611E+00 1.4898E+01    4.36E+02 0.00E+00 6.13E+01  0.209715  0.262231 4.36E+02 0.00E+00 6.14E+01  0.209975  0.262232  0.0000000E+00  0.0000000E+00  6.3983115E-05  1.3533740E+00  1.5599083E-01  1.0777217E-04 -5.0393144E-01  1.5766721E-01  1.9316618E-01 0.000 0.444 1.000 1.000 1.000 1.000 1.000 1.000 1.000 1.000 1.000 1.000 1.000 1.000 1.000 1.000 1.000 1.000 1.000 1.000 1.000 1.000 1.000 1.000 1.000 1.000 1.000 1.000 1.000 1.000 1.000 1.000 1.000 1.000 1.000 1.000 1.000 1.000 1.000 1.000  1.7213383411E-01   0.08568   1.00000   0.00000   0.00000   0.8448670E-03
  5434  6.719775506047050E+06  27.105333  5.474400  4.499104  0.5531646E+00  0.4329546E+00  1.2249223E-05  9.1639306E-04  1.0612569E-04  5.3959375E-03  3.1498157E-03  2.2667886E-06  5.6341021E-06  2.0698217E-03  7.5313835E-05  0.4413    4.499104  -6.019  0.734805  7.681918  0.6044910E-01  0.9258975E+00  8.7942308E-11  9.6010076E-05  2.6436387E-05  9.0655224E-03  1.5509340E-04  2.2430490E-07  5.7439387E-10  1.9900232E-03  5.7475575E-06  1.376E-11  5.919E-18  7.858E+10  3.334E+11  1.870E+01  3.600E+05  0.20853709  4.770E-06  2.008E-05  9.935E-01  4.405E-07  4.188E-06  1.008E+00  519   11.9658  9.34E-03 9.7417E+00 1.4870E+01    4.35E+02 0.00E+00 6.11E+01  0.209202  0.262588 4.35E+02 0.00E+00 6.09E+01  0.208537  0.262598  0.0000000E+00  0.0000000E+00  6.3923049E-05  1.3534703E+00  1.5555800E-01  1.0731709E-04 -5.0397683E-01  1.5755274E-01  1.9343031E-01 0.000 0.444 1.000 1.000 1.000 1.000 1.000 1.000 1.000 1.000 1.000 1.000 1.000 1.000 1.000 1.000 1.000 1.000 1.000 1.000 1.000 1.000 1.000 1.000 1.000 1.000 1.000 1.000 1.000 1.000 1.000 1.000 1.000 1.000 1.000 1.000 1.000 1.000 1.000 1.000  1.7155827613E-01   0.08395   1.00000   0.00000   0.00000   0.8375212E-03
  5443  6.725597106800407E+06  27.099756  5.475005  4.498703  0.5527752E+00  0.4333442E+00  1.2230247E-05  9.1522823E-04  1.0607085E-04  5.4003538E-03  3.1463980E-03  2.2647468E-06  5.6269756E-06  2.0697623E-03  7.5229675E-05  0.4406    4.498703  -6.019  0.736514  7.682517  0.5922848E-01  0.9271182E+00  8.3682025E-11  9.6175585E-05  2.6482469E-05  9.0657948E-03  1.5450593E-04  2.2296088E-07  5.7312130E-10  1.9897725E-03  5.7964709E-06  1.288E-11  5.518E-18  7.820E+10  3.242E+11  1.861E+01  3.501E+05  0.20799224  4.739E-06  2.008E-05  9.935E-01  4.399E-07  4.180E-06  1.008E+00  519   11.9658  9.34E-03 9.7186E+00 1.4836E+01    4.34E+02 0.00E+00 6.06E+01  0.207748  0.262951 4.34E+02 0.00E+00 6.06E+01  0.207992  0.262952  0.0000000E+00  0.0000000E+00  6.3567552E-05  1.3535338E+00  1.5505806E-01  1.0686120E-04 -5.0402902E-01  1.5744042E-01  1.9369721E-01 0.000 0.444 1.000 1.000 1.000 1.000 1.000 1.000 1.000 1.000 1.000 1.000 1.000 1.000 1.000 1.000 1.000 1.000 1.000 1.000 1.000 1.000 1.000 1.000 1.000 1.000 1.000 1.000 1.000 1.000 1.000 1.000 1.000 1.000 1.000 1.000 1.000 1.000 1.000 1.000  1.7098481119E-01   0.08227   1.00000   0.00000   0.00000   0.8302943E-03
  5451  6.730771863025613E+06  27.094798  5.475576  4.498274  0.5524633E+00  0.4336563E+00  1.2215074E-05  9.1429691E-04  1.0602694E-04  5.4038852E-03  3.1436650E-03  2.2631137E-06  5.6212773E-06  2.0697148E-03  7.5162387E-05  0.4399    4.498274  -6.019  0.738286  7.683111  0.5803967E-01  0.9283071E+00  7.7203666E-11  9.6342629E-05  2.6528489E-05  9.0662797E-03  1.5367407E-04  2.2132433E-07  5.3731829E-10  1.9895303E-03  5.8363257E-06  1.272E-11  5.427E-18  7.785E+10  3.061E+11  1.853E+01  3.306E+05  0.20709437  4.699E-06  2.009E-05  9.936E-01  4.392E-07  4.175E-06  1.008E+00  520   11.9047  9.34E-03 9.7001E+00 1.4810E+01    4.34E+02 0.00E+00 6.02E+01  0.206776  0.263291 4.34E+02 0.00E+00 6.03E+01  0.207094  0.263293  0.0000000E+00  0.0000000E+00  6.3334214E-05  1.3538896E+00  1.5465216E-01  1.0647301E-04 -5.0407219E-01  1.5733565E-01  1.9393922E-01 0.000 0.442 1.000 1.000 1.000 1.000 1.000 1.000 1.000 1.000 1.000 1.000 1.000 1.000 1.000 1.000 1.000 1.000 1.000 1.000 1.000 1.000 1.000 1.000 1.000 1.000 1.000 1.000 1.000 1.000 1.000 1.000 1.000 1.000 1.000 1.000 1.000 1.000 1.000 1.000  1.7047681284E-01   0.08061   1.00000   0.00000   0.00000   0.8231880E-03
  5460  6.736593463778970E+06  27.089218  5.476201  4.497885  0.5520703E+00  0.4340496E+00  1.2195983E-05  9.1312525E-04  1.0597163E-04  5.4083283E-03  3.1402263E-03  2.2610582E-06  5.6141078E-06  2.0696549E-03  7.5077736E-05  0.4392    4.497885  -6.018  0.740108  7.683747  0.5678795E-01  0.9295589E+00  7.4577332E-11  9.6515969E-05  2.6577146E-05  9.0665962E-03  1.5302266E-04  2.1987270E-07  5.5487684E-10  1.9892723E-03  5.8872396E-06  1.272E-11  5.427E-18  7.771E+10  3.022E+11  1.850E+01  3.264E+05  0.20565977  4.648E-06  2.010E-05  9.937E-01  4.386E-07  4.167E-06  1.008E+00  520   11.9047  9.34E-03 9.6817E+00 1.4784E+01    4.33E+02 0.00E+00 6.00E+01  0.206313  0.263650 4.33E+02 0.00E+00 5.98E+01  0.205660  0.263660  0.0000000E+00  0.0000000E+00  6.3289346E-05  1.3538645E+00  1.5422892E-01  1.0604467E-04 -5.0415098E-01  1.5722998E-01  1.9421966E-01 0.000 0.442 1.000 1.000 1.000 1.000 1.000 1.000 1.000 1.000 1.000 1.000 1.000 1.000 1.000 1.000 1.000 1.000 1.000 1.000 1.000 1.000 1.000 1.000 1.000 1.000 1.000 1.000 1.000 1.000 1.000 1.000 1.000 1.000 1.000 1.000 1.000 1.000 1.000 1.000  1.6990696731E-01   0.07887   1.00000   0.00000   0.00000   0.8160454E-03
  5469  6.742415064532327E+06  27.083637  5.476819  4.497500  0.5516758E+00  0.4344443E+00  1.2176862E-05  9.1195185E-04  1.0591616E-04  5.4127785E-03  3.1367821E-03  2.2589988E-06  5.6069270E-06  2.0695948E-03  7.4992961E-05  0.4382    4.497500  -6.018  0.741900  7.684378  0.5552171E-01  0.9308252E+00  6.4444647E-11  9.6704007E-05  2.6627182E-05  9.0669174E-03  1.5234474E-04  2.1841511E-07  4.8421448E-10  1.9890108E-03  5.9391461E-06  1.290E-11  5.487E-18  7.773E+10  3.103E+11  1.850E+01  3.351E+05  0.20512460  4.618E-06  2.011E-05  9.937E-01  4.380E-07  4.160E-06  1.008E+00  520   11.9047  9.34E-03 9.6594E+00 1.4751E+01    4.33E+02 0.00E+00 5.94E+01  0.204860  0.264017 4.33E+02 0.00E+00 5.95E+01  0.205125  0.264022  0.0000000E+00  0.0000000E+00  6.2935290E-05  1.3538493E+00  1.5373504E-01  1.0561054E-04 -5.0422969E-01  1.5712472E-01  1.9449869E-01 0.000 0.440 1.000 1.000 1.000 1.000 1.000 1.000 1.000 1.000 1.000 1.000 1.000 1.000 1.000 1.000 1.000 1.000 1.000 1.000 1.000 1.000 1.000 1.000 1.000 1.000 1.000 1.000 1.000 1.000 1.000 1.000 1.000 1.000 1.000 1.000 1.000 1.000 1.000 1.000  1.6933909694E-01   0.07716   1.00000   0.00000   0.00000   0.8089989E-03
  5476  6.746942976229382E+06  27.079295  5.477325  4.497111  0.5513972E+00  0.4347231E+00  1.2163376E-05  9.1112432E-04  1.0587698E-04  5.4159172E-03  3.1343528E-03  2.2575458E-06  5.6018624E-06  2.0695524E-03  7.4933176E-05  0.4379    4.497111  -6.018  0.743624  7.684944  0.5449699E-01  0.9318500E+00  6.5617886E-11  9.6851190E-05  2.6669927E-05  9.0672589E-03  1.5170681E-04  2.1707562E-07  5.1887856E-10  1.9887994E-03  5.9792246E-06  1.171E-11  4.956E-18  7.702E+10  2.783E+11  1.833E+01  3.005E+05  0.20384648  4.573E-06  2.013E-05  9.938E-01  4.374E-07  4.155E-06  1.008E+00  522   11.8434  9.34E-03 9.6447E+00 1.4730E+01    4.32E+02 0.00E+00 5.93E+01  0.204504  0.264316 4.32E+02 0.00E+00 5.91E+01  0.203846  0.264325  0.0000000E+00  0.0000000E+00  6.2882204E-05  1.3541198E+00  1.5341785E-01  1.0528981E-04 -5.0429619E-01  1.5703987E-01  1.9472569E-01 0.000 0.440 1.000 1.000 1.000 1.000 1.000 1.000 1.000 1.000 1.000 1.000 1.000 1.000 1.000 1.000 1.000 1.000 1.000 1.000 1.000 1.000 1.000 1.000 1.000 1.000 1.000 1.000 1.000 1.000 1.000 1.000 1.000 1.000 1.000 1.000 1.000 1.000 1.000 1.000  1.6889887037E-01   0.07568   1.00000   0.00000   0.00000   0.8027219E-03
  5485  6.752764576982738E+06  27.073712  5.477954  4.496717  0.5509914E+00  0.4351291E+00  1.2143768E-05  9.0992124E-04  1.0581995E-04  5.4204809E-03  3.1308207E-03  2.2554326E-06  5.5944989E-06  2.0694905E-03  7.4846261E-05  0.4371    4.496717  -6.018  0.745601  7.685629  0.5321880E-01  0.9331283E+00  6.2299196E-11  9.7038880E-05  2.6722346E-05  9.0675841E-03  1.5102182E-04  2.1556765E-07  5.2704470E-10  1.9885339E-03  6.0343556E-06  1.150E-11  4.848E-18  7.681E+10  2.709E+11  1.828E+01  2.926E+05  0.20335356  4.544E-06  2.014E-05  9.938E-01  4.369E-07  4.148E-06  1.008E+00  524   11.8434  9.34E-03 9.6219E+00 1.4697E+01    4.31E+02 0.00E+00 5.88E+01  0.203103  0.264692 4.31E+02 0.00E+00 5.88E+01  0.203354  0.264694  0.0000000E+00  0.0000000E+00  6.2547246E-05  1.3539424E+00  1.5292448E-01  1.0487670E-04 -5.0441578E-01  1.5694475E-01  1.9502554E-01 0.000 0.440 1.000 1.000 1.000 1.000 1.000 1.000 1.000 1.000 1.000 1.000 1.000 1.000 1.000 1.000 1.000 1.000 1.000 1.000 1.000 1.000 1.000 1.000 1.000 1.000 1.000 1.000 1.000 1.000 1.000 1.000 1.000 1.000 1.000 1.000 1.000 1.000 1.000 1.000  1.6833459531E-01   0.07392   1.00000   0.00000   0.00000   0.7955373E-03
  5494  6.758586177736095E+06  27.068126  5.478567  4.496327  0.5506380E+00  0.4354827E+00  1.2126719E-05  9.0887533E-04  1.0577030E-04  5.4244487E-03  3.1277496E-03  2.2535946E-06  5.5880968E-06  2.0694366E-03  7.4770703E-05  0.4363    4.496327  -6.018  0.747669  7.686343  0.5190508E-01  0.9344421E+00  5.3217293E-11  9.7250272E-05  2.6778254E-05  9.0679533E-03  1.5025092E-04  2.1397544E-07  4.4069068E-10  1.9882609E-03  6.0900638E-06  1.082E-11  4.539E-18  7.659E+10  2.676E+11  1.823E+01  2.890E+05  0.20183327  4.492E-06  2.016E-05  9.939E-01  4.361E-07  4.140E-06  1.008E+00  524   11.8434  9.34E-03 9.6032E+00 1.4670E+01    4.31E+02 0.00E+00 5.85E+01  0.202578  0.265061 4.31E+02 0.00E+00 5.83E+01  0.201833  0.265061  0.0000000E+00  0.0000000E+00  6.2491150E-05  1.3538069E+00  1.5251057E-01  1.0449132E-04 -5.0454372E-01  1.5685171E-01  1.9532994E-01 0.000 0.438 1.000 1.000 1.000 1.000 1.000 1.000 1.000 1.000 1.000 1.000 1.000 1.000 1.000 1.000 1.000 1.000 1.000 1.000 1.000 1.000 1.000 1.000 1.000 1.000 1.000 1.000 1.000 1.000 1.000 1.000 1.000 1.000 1.000 1.000 1.000 1.000 1.000 1.000  1.6777201959E-01   0.07215   1.00000   0.00000   0.00000   0.7885743E-03
  5502  6.763760933961301E+06  27.063161  5.479157  4.495916  0.5502879E+00  0.4358331E+00  1.2109858E-05  9.0784104E-04  1.0572114E-04  5.4283728E-03  3.1247123E-03  2.2517764E-06  5.5817653E-06  2.0693832E-03  7.4695987E-05  0.4356    4.495916  -6.018  0.749648  7.687006  0.5073282E-01  0.9356144E+00  5.5034989E-11  9.7419652E-05  2.6828321E-05  9.0683032E-03  1.4956487E-04  2.1249542E-07  5.1238936E-10  1.9880164E-03  6.1415767E-06  1.060E-11  4.423E-18  7.643E+10  2.520E+11  1.819E+01  2.721E+05  0.20106839  4.457E-06  2.018E-05  9.939E-01  4.356E-07  4.134E-06  1.007E+00  526   11.7819  9.34E-03 9.5845E+00 1.4644E+01    4.30E+02 0.00E+00 5.82E+01  0.201707  0.265402 4.30E+02 0.00E+00 5.80E+01  0.201068  0.265411  0.0000000E+00  0.0000000E+00  6.2281733E-05  1.3537894E+00  1.5210507E-01  1.0413013E-04 -5.0466531E-01  1.5676845E-01  1.9560669E-01 0.000 0.438 1.000 1.000 1.000 1.000 1.000 1.000 1.000 1.000 1.000 1.000 1.000 1.000 1.000 1.000 1.000 1.000 1.000 1.000 1.000 1.000 1.000 1.000 1.000 1.000 1.000 1.000 1.000 1.000 1.000 1.000 1.000 1.000 1.000 1.000 1.000 1.000 1.000 1.000  1.6727392349E-01   0.07046   1.00000   0.00000   0.00000   0.7816155E-03
  5511  6.769582534714658E+06  27.057572  5.479775  4.495534  0.5498894E+00  0.4362318E+00  1.2090702E-05  9.0666604E-04  1.0566521E-04  5.4328312E-03  3.1212614E-03  2.2497099E-06  5.5745718E-06  2.0693224E-03  7.4611109E-05  0.4348    4.495534  -6.018  0.751767  7.687738  0.4944996E-01  0.9368974E+00  5.2016615E-11  9.7621407E-05  2.6884573E-05  9.0685758E-03  1.4891643E-04  2.1103560E-07  5.1514665E-10  1.9877469E-03  6.2032184E-06  1.030E-11  4.277E-18  7.620E+10  2.447E+11  1.814E+01  2.643E+05  0.20052507  4.428E-06  2.019E-05  9.940E-01  4.350E-07  4.126E-06  1.007E+00  528   11.7819  9.34E-03 9.5618E+00 1.4611E+01    4.30E+02 0.00E+00 5.77E+01  0.200244  0.265771 4.30E+02 0.00E+00 5.78E+01  0.200525  0.265775  0.0000000E+00  0.0000000E+00  6.1919397E-05  1.3533988E+00  1.5162042E-01  1.0374827E-04 -5.0483118E-01  1.5668624E-01  1.9592751E-01 0.000 0.438 1.000 1.000 1.000 1.000 1.000 1.000 1.000 1.000 1.000 1.000 1.000 1.000 1.000 1.000 1.000 1.000 1.000 1.000 1.000 1.000 1.000 1.000 1.000 1.000 1.000 1.000 1.000 1.000 1.000 1.000 1.000 1.000 1.000 1.000 1.000 1.000 1.000 1.000  1.6671521664E-01   0.06868   1.00000   0.00000   0.00000   0.7746845E-03
  5519  6.774757290939864E+06  27.052604  5.480336  4.495105  0.5495983E+00  0.4365230E+00  1.2076735E-05  9.0580945E-04  1.0562439E-04  5.4360817E-03  3.1187454E-03  2.2482028E-06  5.5693273E-06  2.0692780E-03  7.4549235E-05  0.4342    4.495105  -6.018  0.753729  7.688402  0.4831540E-01  0.9380320E+00  4.8506219E-11  9.7808887E-05  2.6935864E-05  9.0687755E-03  1.4837637E-04  2.0979463E-07  5.0272215E-10  1.9875074E-03  6.2603348E-06  1.030E-11  4.277E-18  7.640E+10  2.344E+11  1.818E+01  2.532E+05  0.19930695  4.383E-06  2.021E-05  9.940E-01  4.342E-07  4.119E-06  1.007E+00  528   11.7202  9.34E-03 9.5439E+00 1.4585E+01    4.29E+02 0.00E+00 5.73E+01  0.199080  0.266124 4.29E+02 0.00E+00 5.73E+01  0.199307  0.266118  0.0000000E+00  0.0000000E+00  6.1626218E-05  1.3532369E+00  1.5124857E-01  1.0343857E-04 -5.0497166E-01  1.5661036E-01  1.9620979E-01 0.000 0.436 1.000 1.000 1.000 1.000 1.000 1.000 1.000 1.000 1.000 1.000 1.000 1.000 1.000 1.000 1.000 1.000 1.000 1.000 1.000 1.000 1.000 1.000 1.000 1.000 1.000 1.000 1.000 1.000 1.000 1.000 1.000 1.000 1.000 1.000 1.000 1.000 1.000 1.000  1.6622035042E-01   0.06710   1.00000   0.00000   0.00000   0.7677226E-03
  5527  6.779932047165070E+06  27.047636  5.480941  4.494693  0.5491961E+00  0.4369254E+00  1.2057463E-05  9.0462761E-04  1.0556799E-04  5.4405668E-03  3.1152737E-03  2.2461228E-06  5.5620909E-06  2.0692166E-03  7.4463870E-05  0.4335    4.494693  -6.018  0.755744  7.689087  0.4717197E-01  0.9391755E+00  4.6456428E-11  9.7994334E-05  2.6988185E-05  9.0689804E-03  1.4783168E-04  2.0855354E-07  5.1053827E-10  1.9872652E-03  6.3194434E-06  9.934E-12  4.106E-18  7.609E+10  2.301E+11  1.811E+01  2.485E+05  0.19867915  4.352E-06  2.023E-05  9.941E-01  4.339E-07  4.112E-06  1.007E+00  531   11.7202  9.34E-03 9.5251E+00 1.4558E+01    4.28E+02 0.00E+00 5.70E+01  0.198453  0.266464 4.28E+02 0.00E+00 5.71E+01  0.198679  0.266468  0.0000000E+00  0.0000000E+00  6.1496495E-05  1.3530055E+00  1.5083574E-01  1.0309759E-04 -5.0513271E-01  1.5654103E-01  1.9650003E-01 0.000 0.436 1.000 1.000 1.000 1.000 1.000 1.000 1.000 1.000 1.000 1.000 1.000 1.000 1.000 1.000 1.000 1.000 1.000 1.000 1.000 1.000 1.000 1.000 1.000 1.000 1.000 1.000 1.000 1.000 1.000 1.000 1.000 1.000 1.000 1.000 1.000 1.000 1.000 1.000  1.6572732590E-01   0.06552   1.00000   0.00000   0.00000   0.7609553E-03
  5535  6.785106803390276E+06  27.042668  5.481508  4.494304  0.5488516E+00  0.4372702E+00  1.2040979E-05  9.0361685E-04  1.0551969E-04  5.4444030E-03  3.1123043E-03  2.2443431E-06  5.5559015E-06  2.0691640E-03  7.4390866E-05  0.4327    4.494304  -6.018  0.757756  7.689776  0.4604088E-01  0.9403066E+00  4.3915754E-11  9.8181678E-05  2.7040516E-05  9.0691515E-03  1.4732315E-04  2.0736607E-07  5.0804401E-10  1.9870243E-03  6.3805681E-06  1.011E-11  4.156E-18  7.573E+10  2.231E+11  1.802E+01  2.409E+05  0.19784477  4.317E-06  2.025E-05  9.941E-01  4.334E-07  4.105E-06  1.007E+00  535   11.7202  9.34E-03 9.5064E+00 1.4531E+01    4.28E+02 0.00E+00 5.67E+01  0.197639  0.266800 4.28E+02 0.00E+00 5.68E+01  0.197845  0.266806  0.0000000E+00  0.0000000E+00  6.1312920E-05  1.3525941E+00  1.5043642E-01  1.0278594E-04 -5.0531296E-01  1.5647689E-01  1.9679955E-01 0.000 0.437 1.000 1.000 1.000 1.000 1.000 1.000 1.000 1.000 1.000 1.000 1.000 1.000 1.000 1.000 1.000 1.000 1.000 1.000 1.000 1.000 1.000 1.000 1.000 1.000 1.000 1.000 1.000 1.000 1.000 1.000 1.000 1.000 1.000 1.000 1.000 1.000 1.000 1.000  1.6523562298E-01   0.06395   1.00000   0.00000   0.00000   0.7544136E-03
  5543  6.790281559615482E+06  27.037699  5.482079  4.493860  0.5485661E+00  0.4375559E+00  1.2027344E-05  9.0278085E-04  1.0547969E-04  5.4475761E-03  3.1098481E-03  2.2428706E-06  5.5507819E-06  2.0691204E-03  7.4330486E-05  0.4322    4.493860  -6.018  0.759997  7.690524  0.4484704E-01  0.9415006E+00  3.9021170E-11  9.8398856E-05  2.7099180E-05  9.0694320E-03  1.4664229E-04  2.0592662E-07  4.4892153E-10  1.9867709E-03  6.4412519E-06  8.952E-12  3.660E-18  7.554E+10  2.051E+11  1.798E+01  2.215E+05  0.19669315  4.274E-06  2.027E-05  9.942E-01  4.326E-07  4.098E-06  1.007E+00  536   11.6583  9.34E-03 9.4887E+00 1.4506E+01    4.27E+02 0.00E+00 5.63E+01  0.196532  0.267152 4.27E+02 0.00E+00 5.63E+01  0.196693  0.267157  0.0000000E+00  0.0000000E+00  6.1026106E-05  1.3523015E+00  1.5006502E-01  1.0248737E-04 -5.0550758E-01  1.5641459E-01  1.9710867E-01 0.000 0.433 1.000 1.000 1.000 1.000 1.000 1.000 1.000 1.000 1.000 1.000 1.000 1.000 1.000 1.000 1.000 1.000 1.000 1.000 1.000 1.000 1.000 1.000 1.000 1.000 1.000 1.000 1.000 1.000 1.000 1.000 1.000 1.000 1.000 1.000 1.000 1.000 1.000 1.000  1.6474564494E-01   0.06230   1.00000   0.00000   0.00000   0.7473663E-03
  5552  6.796103160368838E+06  27.032110  5.482761  4.493443  0.5481185E+00  0.4380037E+00  1.2006000E-05  9.0147233E-04  1.0541701E-04  5.4525432E-03  3.1060032E-03  2.2405650E-06  5.5427682E-06  2.0690520E-03  7.4235984E-05  0.4312    4.493443  -6.018  0.762498  7.691377  0.4350525E-01  0.9428424E+00  3.7710104E-11  9.8625301E-05  2.7163911E-05  9.0697573E-03  1.4589044E-04  2.0428417E-07  4.8569078E-10  1.9864849E-03  6.5126329E-06  8.691E-12  3.532E-18  7.576E+10  2.041E+11  1.803E+01  2.204E+05  0.19555459  4.231E-06  2.031E-05  9.943E-01  4.322E-07  4.091E-06  1.007E+00  539   11.6583  9.34E-03 9.4701E+00 1.4479E+01    4.27E+02 0.00E+00 5.61E+01  0.196139  0.267551 4.27E+02 0.00E+00 5.59E+01  0.195555  0.267557  0.0000000E+00  0.0000000E+00  6.1013637E-05  1.3516290E+00  1.4963600E-01  1.0214105E-04 -5.0576745E-01  1.5635743E-01  1.9747316E-01 0.000 0.434 1.000 1.000 1.000 1.000 1.000 1.000 1.000 1.000 1.000 1.000 1.000 1.000 1.000 1.000 1.000 1.000 1.000 1.000 1.000 1.000 1.000 1.000 1.000 1.000 1.000 1.000 1.000 1.000 1.000 1.000 1.000 1.000 1.000 1.000 1.000 1.000 1.000 1.000  1.6419656479E-01   0.06042   1.00000   0.00000   0.00000   0.7400356E-03
  5562  6.802571605650346E+06  27.025896  5.483446  4.493006  0.5477137E+00  0.4384088E+00  1.1986735E-05  9.0029143E-04  1.0536035E-04  5.4570263E-03  3.1025329E-03  2.2384834E-06  5.5355353E-06  2.0689902E-03  7.4150705E-05  0.4305    4.493006  -6.017  0.765411  7.692357  0.4203452E-01  0.9443133E+00  3.5311959E-11  9.8890566E-05  2.7238073E-05  9.0700350E-03  1.4512967E-04  2.0259651E-07  4.8541026E-10  1.9861691E-03  6.5963161E-06  8.135E-12  3.285E-18  7.546E+10  1.898E+11  1.796E+01  2.050E+05  0.19436767  4.187E-06  2.035E-05  9.943E-01  4.314E-07  4.082E-06  1.007E+00  537   11.6583  9.34E-03 9.4478E+00 1.4447E+01    4.26E+02 0.00E+00 5.57E+01  0.195080  0.267974 4.26E+02 0.00E+00 5.55E+01  0.194368  0.267969  0.0000000E+00  0.0000000E+00  6.0798721E-05  1.3506741E+00  1.4915389E-01  1.0180788E-04 -5.0609040E-01  1.5630385E-01  1.9789305E-01 0.000 0.434 1.000 1.000 1.000 1.000 1.000 1.000 1.000 1.000 1.000 1.000 1.000 1.000 1.000 1.000 1.000 1.000 1.000 1.000 1.000 1.000 1.000 1.000 1.000 1.000 1.000 1.000 1.000 1.000 1.000 1.000 1.000 1.000 1.000 1.000 1.000 1.000 1.000 1.000  1.6358837646E-01   0.05837   1.00000   0.00000   0.00000   0.7323556E-03
  5570  6.807746361875552E+06  27.020925  5.484068  4.492603  0.5473268E+00  0.4387959E+00  1.1968356E-05  8.9916493E-04  1.0530622E-04  5.4613032E-03  3.0992221E-03  2.2364968E-06  5.5286351E-06  2.0689311E-03  7.4069360E-05  0.4295    4.492603  -6.017  0.767824  7.693172  0.4080650E-01  0.9455414E+00  3.1849925E-11  9.9123645E-05  2.7302274E-05  9.0703392E-03  1.4439384E-04  2.0104529E-07  4.6272792E-10  1.9859056E-03  6.6648399E-06  8.135E-12  3.285E-18  7.554E+10  1.853E+11  1.798E+01  2.001E+05  0.19343991  4.150E-06  2.038E-05  9.944E-01  4.310E-07  4.075E-06  1.007E+00  543   11.5961  9.34E-03 9.4303E+00 1.4422E+01    4.25E+02 0.00E+00 5.53E+01  0.194002  0.268336 4.25E+02 0.00E+00 5.52E+01  0.193440  0.268339  0.0000000E+00  0.0000000E+00  6.0527308E-05  1.3501106E+00  1.4877176E-01  1.0153334E-04 -5.0635223E-01  1.5626000E-01  1.9823256E-01 0.000 0.431 1.000 1.000 1.000 1.000 1.000 1.000 1.000 1.000 1.000 1.000 1.000 1.000 1.000 1.000 1.000 1.000 1.000 1.000 1.000 1.000 1.000 1.000 1.000 1.000 1.000 1.000 1.000 1.000 1.000 1.000 1.000 1.000 1.000 1.000 1.000 1.000 1.000 1.000  1.6310417441E-01   0.05667   1.00000   0.00000   0.00000   0.7255596E-03
  5580  6.814214807157059E+06  27.014706  5.484781  4.492211  0.5468816E+00  0.4392414E+00  1.1947246E-05  8.9787125E-04  1.0524397E-04  5.4662152E-03  3.0954197E-03  2.2342145E-06  5.5207103E-06  2.0688630E-03  7.3975949E-05  0.4285    4.492211  -6.017  0.770852  7.694205  0.3931955E-01  0.9470284E+00  2.9454203E-11  9.9404136E-05  2.7380852E-05  9.0706052E-03  1.4362077E-04  1.9930959E-07  4.7117396E-10  1.9855835E-03  6.7559564E-06  7.866E-12  3.155E-18  7.540E+10  1.782E+11  1.794E+01  1.925E+05  0.19243251  4.112E-06  2.042E-05  9.945E-01  4.304E-07  4.066E-06  1.007E+00  544   11.5961  9.34E-03 9.4076E+00 1.4389E+01    4.25E+02 0.00E+00 5.49E+01  0.192972  0.268763 4.25E+02 0.00E+00 5.48E+01  0.192433  0.268766  0.0000000E+00  0.0000000E+00  6.0324961E-05  1.3487897E+00  1.4828151E-01  1.0121157E-04 -5.0674236E-01  1.5622606E-01  1.9868122E-01 0.000 0.432 1.000 1.000 1.000 1.000 1.000 1.000 1.000 1.000 1.000 1.000 1.000 1.000 1.000 1.000 1.000 1.000 1.000 1.000 1.000 1.000 1.000 1.000 1.000 1.000 1.000 1.000 1.000 1.000 1.000 1.000 1.000 1.000 1.000 1.000 1.000 1.000 1.000 1.000  1.6250057894E-01   0.05461   1.00000   0.00000   0.00000   0.7181387E-03
  5589  6.820036407910416E+06  27.009107  5.485453  4.491817  0.5465246E+00  0.4395986E+00  1.1930349E-05  8.9683586E-04  1.0519408E-04  5.4701469E-03  3.0923762E-03  2.2323871E-06  5.5143672E-06  2.0688084E-03  7.3901194E-05  0.4275    4.491817  -6.017  0.773930  7.695227  0.3789856E-01  0.9484495E+00  2.6258555E-11  9.9691489E-05  2.7460255E-05  9.0709761E-03  1.4271785E-04  1.9744725E-07  4.4592790E-10  1.9852764E-03  6.8399269E-06  7.354E-12  2.929E-18  7.532E+10  1.661E+11  1.793E+01  1.794E+05  0.19148705  4.075E-06  2.046E-05  9.945E-01  4.296E-07  4.059E-06  1.007E+00  547   11.5338  9.34E-03 9.3861E+00 1.4359E+01    4.24E+02 0.00E+00 5.44E+01  0.191244  0.269160 4.24E+02 0.00E+00 5.44E+01  0.191487  0.269171  0.0000000E+00  0.0000000E+00  5.9857202E-05  1.3477700E+00  1.4784410E-01  1.0098166E-04 -5.0712281E-01  1.5620093E-01  1.9910188E-01 0.000 0.429 1.000 1.000 1.000 1.000 1.000 1.000 1.000 1.000 1.000 1.000 1.000 1.000 1.000 1.000 1.000 1.000 1.000 1.000 1.000 1.000 1.000 1.000 1.000 1.000 1.000 1.000 1.000 1.000 1.000 1.000 1.000 1.000 1.000 1.000 1.000 1.000 1.000 1.000  1.6195980535E-01   0.05264   1.00000   0.00000   0.00000   0.7112523E-03
  5599  6.826504853191923E+06  27.002880  5.486180  4.491456  0.5460873E+00  0.4400361E+00  1.1909694E-05  8.9557029E-04  1.0513300E-04  5.4749530E-03  3.0886557E-03  2.2301526E-06  5.5066134E-06  2.0687416E-03  7.3809827E-05  0.4265    4.491456  -6.016  0.777217  7.696342  0.3639616E-01  0.9499520E+00  2.4081528E-11  9.9994316E-05  2.7544914E-05  9.0712196E-03  1.4193331E-04  1.9568541E-07  4.5212872E-10  1.9849476E-03  6.9401780E-06  7.082E-12  2.800E-18  7.533E+10  1.593E+11  1.793E+01  1.720E+05  0.19046550  4.037E-06  2.051E-05  9.946E-01  4.289E-07  4.050E-06  1.007E+00  548   11.5338  9.34E-03 9.3635E+00 1.4326E+01    4.23E+02 0.00E+00 5.40E+01  0.190275  0.269594 4.24E+02 0.00E+00 5.41E+01  0.190466  0.269607  0.0000000E+00  0.0000000E+00  5.9676273E-05  1.3461136E+00  1.4735802E-01  1.0069509E-04 -5.0759312E-01  1.5618975E-01  1.9958559E-01 0.000 0.429 1.000 1.000 1.000 1.000 1.000 1.000 1.000 1.000 1.000 1.000 1.000 1.000 1.000 1.000 1.000 1.000 1.000 1.000 1.000 1.000 1.000 1.000 1.000 1.000 1.000 1.000 1.000 1.000 1.000 1.000 1.000 1.000 1.000 1.000 1.000 1.000 1.000 1.000  1.6136139062E-01   0.05056   1.00000   0.00000   0.00000   0.7039744E-03
  5609  6.832455822850911E+06  26.997145  5.486853  4.491068  0.5456951E+00  0.4404285E+00  1.1891202E-05  8.9443744E-04  1.0507825E-04  5.4792554E-03  3.0853251E-03  2.2281516E-06  5.4996722E-06  2.0686816E-03  7.3728050E-05  0.4257    4.491068  -6.016  0.780285  7.697376  0.3501615E-01  0.9513322E+00  2.1060094E-11  1.0061695E-04  2.7715963E-05  9.0709214E-03  1.4123586E-04  1.9326541E-07  4.3474058E-10  1.9846434E-03  7.0420309E-06  6.504E-12  2.551E-18  7.544E+10  1.464E+11  1.795E+01  1.581E+05  0.18927166  3.996E-06  2.056E-05  9.946E-01  4.282E-07  4.041E-06  1.007E+00  550   11.4712  9.34E-03 9.3427E+00 1.4297E+01    4.23E+02 0.00E+00 5.36E+01  0.188945  0.270010 4.23E+02 0.00E+00 5.37E+01  0.189272  0.270014  0.0000000E+00  0.0000000E+00  5.3431723E-05  1.3448644E+00  1.4693445E-01  1.0044049E-04 -5.0800659E-01  1.5617240E-01  2.0002451E-01 0.000 0.427 1.000 1.000 1.000 1.000 1.000 1.000 1.000 1.000 1.000 1.000 1.000 1.000 1.000 1.000 1.000 1.000 1.000 1.000 1.000 1.000 1.000 1.000 1.000 1.000 1.000 1.000 1.000 1.000 1.000 1.000 1.000 1.000 1.000 1.000 1.000 1.000 1.000 1.000  1.6081308794E-01   0.04864   1.00000   0.00000   0.00000   0.6969660E-03
  5619  6.838277423604269E+06  26.991531  5.487552  4.490754  0.5452802E+00  0.4408437E+00  1.1871671E-05  8.9324109E-04  1.0502035E-04  5.4837993E-03  3.0818076E-03  2.2260377E-06  5.4923414E-06  2.0686181E-03  7.3641697E-05  0.4247    4.490754  -6.016  0.783500  7.698462  0.3365340E-01  0.9526950E+00  1.9350032E-11  1.0091343E-04  2.7799755E-05  9.0710966E-03  1.4053872E-04  1.9168241E-07  4.4149077E-10  1.9843415E-03  7.1463704E-06  6.251E-12  2.433E-18  7.550E+10  1.406E+11  1.797E+01  1.518E+05  0.18846658  3.965E-06  2.061E-05  9.947E-01  4.277E-07  4.033E-06  1.007E+00  550   11.4712  9.34E-03 9.3227E+00 1.4268E+01    4.22E+02 0.00E+00 5.33E+01  0.188269  0.270422 4.22E+02 0.00E+00 5.34E+01  0.188467  0.270433  0.0000000E+00  0.0000000E+00  5.3354933E-05  1.3431293E+00  1.4649334E-01  1.0021076E-04 -5.0850400E-01  1.5618325E-01  2.0049176E-01 0.000 0.427 1.000 1.000 1.000 1.000 1.000 1.000 1.000 1.000 1.000 1.000 1.000 1.000 1.000 1.000 1.000 1.000 1.000 1.000 1.000 1.000 1.000 1.000 1.000 1.000 1.000 1.000 1.000 1.000 1.000 1.000 1.000 1.000 1.000 1.000 1.000 1.000 1.000 1.000  1.6027841819E-01   0.04675   1.00000   0.00000   0.00000   0.6903166E-03
  5629  6.844099024357626E+06  26.985908  5.488201  4.490434  0.5449198E+00  0.4412042E+00  1.1854740E-05  8.9220413E-04  1.0497010E-04  5.4877380E-03  3.0787584E-03  2.2242048E-06  5.4859869E-06  2.0685629E-03  7.3566856E-05  0.4242    4.490434  -6.015  0.786900  7.699593  0.3230487E-01  0.9540436E+00  1.8090028E-11  1.0121632E-04  2.7885056E-05  9.0712294E-03  1.3987955E-04  1.9016640E-07  4.4754297E-10  1.9840405E-03  7.2542337E-06  5.985E-12  2.304E-18  7.556E+10  1.324E+11  1.798E+01  1.430E+05  0.18735095  3.928E-06  2.067E-05  9.947E-01  4.269E-07  4.024E-06  1.006E+00  551   11.4712  9.34E-03 9.3022E+00 1.4239E+01    4.22E+02 0.00E+00 5.29E+01  0.187246  0.270836 4.22E+02 0.00E+00 5.30E+01  0.187351  0.270830  0.0000000E+00  0.0000000E+00  5.3186141E-05  1.3412120E+00  1.4607981E-01  1.0002390E-04 -5.0904204E-01  1.5620613E-01  2.0097613E-01 0.000 0.427 1.000 1.000 1.000 1.000 1.000 1.000 1.000 1.000 1.000 1.000 1.000 1.000 1.000 1.000 1.000 1.000 1.000 1.000 1.000 1.000 1.000 1.000 1.000 1.000 1.000 1.000 1.000 1.000 1.000 1.000 1.000 1.000 1.000 1.000 1.000 1.000 1.000 1.000  1.5974507893E-01   0.04491   1.00000   0.00000   0.00000   0.6836784E-03
  5638  6.849338465035648E+06  26.980842  5.488849  4.490215  0.5444953E+00  0.4416290E+00  1.1834832E-05  8.9098496E-04  1.0491093E-04  5.4923692E-03  3.0751733E-03  2.2220490E-06  5.4785154E-06  2.0684980E-03  7.3478873E-05  0.4230    4.490215  -6.014  0.790133  7.700681  0.3102174E-01  0.9553269E+00  1.5894041E-11  1.0152461E-04  2.7970280E-05  9.0714467E-03  1.3911700E-04  1.8854432E-07  4.2991737E-10  1.9837545E-03  7.3541837E-06  5.577E-12  2.114E-18  7.586E+10  1.272E+11  1.805E+01  1.374E+05  0.18605158  3.890E-06  2.073E-05  9.948E-01  4.267E-07  4.017E-06  1.006E+00  559   11.4085  9.34E-03 9.2862E+00 1.4216E+01    4.21E+02 0.00E+00 5.27E+01  0.186517  0.271211 4.21E+02 0.00E+00 5.25E+01  0.186052  0.271213  0.0000000E+00  0.0000000E+00  5.3108517E-05  1.3392645E+00  1.4572529E-01  9.9861850E-05 -5.0958680E-01  1.5624387E-01  2.0143855E-01 0.000 0.425 1.000 1.000 1.000 1.000 1.000 1.000 1.000 1.000 1.000 1.000 1.000 1.000 1.000 1.000 1.000 1.000 1.000 1.000 1.000 1.000 1.000 1.000 1.000 1.000 1.000 1.000 1.000 1.000 1.000 1.000 1.000 1.000 1.000 1.000 1.000 1.000 1.000 1.000  1.5926719414E-01   0.04308   1.00000   0.00000   0.00000   0.6780915E-03
  5647  6.854577905713670E+06  26.975767  5.489448  4.490026  0.5441566E+00  0.4419679E+00  1.1818972E-05  8.9001382E-04  1.0486374E-04  5.4960584E-03  3.0723174E-03  2.2203313E-06  5.4725634E-06  2.0684461E-03  7.3408796E-05  0.4221    4.490026  -6.014  0.793389  7.701778  0.2979292E-01  0.9565558E+00  1.4418419E-11  1.0182380E-04  2.8053744E-05  9.0715496E-03  1.3849908E-04  1.8713477E-07  4.2708841E-10  1.9834773E-03  7.4589216E-06  5.444E-12  2.032E-18  7.599E+10  1.212E+11  1.809E+01  1.309E+05  0.18567251  3.872E-06  2.079E-05  9.948E-01  4.261E-07  4.009E-06  1.006E+00  560   11.4085  9.34E-03 9.2665E+00 1.4188E+01    4.21E+02 0.00E+00 5.23E+01  0.185471  0.271569 4.21E+02 0.00E+00 5.24E+01  0.185673  0.271577  0.0000000E+00  0.0000000E+00  5.2920327E-05  1.3369782E+00  1.4531052E-01  9.9733521E-05 -5.1017220E-01  1.5629420E-01  2.0191757E-01 0.000 0.425 1.000 1.000 1.000 1.000 1.000 1.000 1.000 1.000 1.000 1.000 1.000 1.000 1.000 1.000 1.000 1.000 1.000 1.000 1.000 1.000 1.000 1.000 1.000 1.000 1.000 1.000 1.000 1.000 1.000 1.000 1.000 1.000 1.000 1.000 1.000 1.000 1.000 1.000  1.5879010865E-01   0.04139   1.00000   0.00000   0.00000   0.6727249E-03
  5656  6.859817346391692E+06  26.970683  5.490090  4.489809  0.5437652E+00  0.4423596E+00  1.1800673E-05  8.8889345E-04  1.0480923E-04  5.5003148E-03  3.0690224E-03  2.2183489E-06  5.4656965E-06  2.0683861E-03  7.3327960E-05  0.4213    4.489809  -6.013  0.797017  7.702979  0.2850379E-01  0.9578450E+00  1.2874361E-11  1.0216153E-04  2.8147663E-05  9.0717243E-03  1.3773530E-04  1.8548791E-07  4.1397059E-10  1.9831866E-03  7.5671739E-06  4.930E-12  1.810E-18  7.639E+10  1.145E+11  1.818E+01  1.237E+05  0.18421315  3.831E-06  2.086E-05  9.949E-01  4.257E-07  4.001E-06  1.006E+00  562   11.3455  9.34E-03 9.2499E+00 1.4164E+01    4.21E+02 0.00E+00 5.21E+01  0.184672  0.271959 4.21E+02 0.00E+00 5.19E+01  0.184213  0.271962  0.0000000E+00  0.0000000E+00  5.2834019E-05  1.3346796E+00  1.4497096E-01  9.9615147E-05 -5.1081637E-01  1.5635899E-01  2.0242561E-01 0.000 0.423 1.000 1.000 1.000 1.000 1.000 1.000 1.000 1.000 1.000 1.000 1.000 1.000 1.000 1.000 1.000 1.000 1.000 1.000 1.000 1.000 1.000 1.000 1.000 1.000 1.000 1.000 1.000 1.000 1.000 1.000 1.000 1.000 1.000 1.000 1.000 1.000 1.000 1.000  1.5831439788E-01   0.03958   1.00000   0.00000   0.00000   0.6670091E-03
  5664  6.864649275016978E+06  26.965985  5.490685  4.489661  0.5434466E+00  0.4426783E+00  1.1785806E-05  8.8798329E-04  1.0476490E-04  5.5037727E-03  3.0663455E-03  2.2167380E-06  5.4601177E-06  2.0683373E-03  7.3262297E-05  0.4206    4.489661  -6.012  0.800409  7.704117  0.2735656E-01  0.9589923E+00  1.2075897E-11  1.0221128E-04  2.8165623E-05  9.0721660E-03  1.3714280E-04  1.8465717E-07  4.2163279E-10  1.9829249E-03  7.6696400E-06  4.771E-12  1.721E-18  7.694E+10  1.125E+11  1.831E+01  1.215E+05  0.18357531  3.809E-06  2.093E-05  9.950E-01  4.251E-07  3.994E-06  1.006E+00  566   11.3455  9.34E-03 9.2335E+00 1.4141E+01    4.20E+02 0.00E+00 5.18E+01  0.184060  0.272321 4.20E+02 0.00E+00 5.17E+01  0.183575  0.272324  0.0000000E+00  0.0000000E+00  5.8069013E-05  1.3320081E+00  1.4461238E-01  9.9537185E-05 -5.1148738E-01  1.5644391E-01  2.0292179E-01 0.000 0.423 1.000 1.000 1.000 1.000 1.000 1.000 1.000 1.000 1.000 1.000 1.000 1.000 1.000 1.000 1.000 1.000 1.000 1.000 1.000 1.000 1.000 1.000 1.000 1.000 1.000 1.000 1.000 1.000 1.000 1.000 1.000 1.000 1.000 1.000 1.000 1.000 1.000 1.000  1.5787644374E-01   0.03799   1.00000   0.00000   0.00000   0.6617715E-03
  5671  6.869131907597063E+06  26.961618  5.491213  4.489576  0.5431482E+00  0.4429769E+00  1.1771896E-05  8.8713181E-04  1.0472338E-04  5.5070077E-03  3.0638412E-03  2.2152306E-06  5.4548984E-06  2.0682916E-03  7.3200875E-05  0.4198    4.489576  -6.011  0.803605  7.705191  0.2630110E-01  0.9600478E+00  1.1001503E-11  1.0245507E-04  2.8231233E-05  9.0722737E-03  1.3661504E-04  1.8357651E-07  4.1864986E-10  1.9826825E-03  7.7660154E-06  4.335E-12  1.532E-18  7.727E+10  1.078E+11  1.839E+01  1.164E+05  0.18324678  3.797E-06  2.099E-05  9.950E-01  4.246E-07  3.987E-06  1.006E+00  568   11.3455  9.34E-03 9.2161E+00 1.4116E+01    4.20E+02 0.00E+00 5.15E+01  0.183009  0.272640 4.20E+02 0.00E+00 5.16E+01  0.183247  0.272648  0.0000000E+00  0.0000000E+00  5.7874884E-05  1.3293456E+00  1.4425968E-01  9.9485933E-05 -5.1213841E-01  1.5653136E-01  2.0339402E-01 0.000 0.423 1.000 1.000 1.000 1.000 1.000 1.000 1.000 1.000 1.000 1.000 1.000 1.000 1.000 1.000 1.000 1.000 1.000 1.000 1.000 1.000 1.000 1.000 1.000 1.000 1.000 1.000 1.000 1.000 1.000 1.000 1.000 1.000 1.000 1.000 1.000 1.000 1.000 1.000  1.5747074992E-01   0.03653   1.00000   0.00000   0.00000   0.6574331E-03
  5678  6.873614540177148E+06  26.957241  5.491775  4.489459  0.5428321E+00  0.4432932E+00  1.1757185E-05  8.8623141E-04  1.0467943E-04  5.5104288E-03  3.0611928E-03  2.2136362E-06  5.4493789E-06  2.0682432E-03  7.3135929E-05  0.4191    4.489459  -6.010  0.807278  7.706398  0.2515730E-01  0.9611917E+00  9.7289899E-12  1.0279330E-04  2.8325286E-05  9.0724287E-03  1.3587274E-04  1.8201363E-07  4.0179243E-10  1.9824215E-03  7.8666907E-06  4.335E-12  1.532E-18  7.784E+10  1.014E+11  1.853E+01  1.095E+05  0.18195630  3.763E-06  2.107E-05  9.950E-01  4.242E-07  3.981E-06  1.006E+00  573   11.2823  9.34E-03 9.2033E+00 1.4098E+01    4.20E+02 0.00E+00 5.13E+01  0.182429  0.272984 4.20E+02 0.00E+00 5.12E+01  0.181956  0.272987  0.0000000E+00  0.0000000E+00  5.7845581E-05  1.3266385E+00  1.4397555E-01  9.9445436E-05 -5.1286243E-01  1.5663754E-01  2.0390111E-01 0.000 0.421 1.000 1.000 1.000 1.000 1.000 1.000 1.000 1.000 1.000 1.000 1.000 1.000 1.000 1.000 1.000 1.000 1.000 1.000 1.000 1.000 1.000 1.000 1.000 1.000 1.000 1.000 1.000 1.000 1.000 1.000 1.000 1.000 1.000 1.000 1.000 1.000 1.000 1.000  1.5706579467E-01   0.03493   1.00000   0.00000   0.00000   0.6527030E-03
  5685  6.878097172757233E+06  26.952854  5.492341  4.489405  0.5425205E+00  0.4436050E+00  1.1742702E-05  8.8534505E-04  1.0463612E-04  5.5137967E-03  3.0585857E-03  2.2120662E-06  5.4439453E-06  2.0681954E-03  7.3072003E-05  0.4183    4.489405  -6.009  0.810854  7.707595  0.2407202E-01  0.9622771E+00  8.7729789E-12  1.0311404E-04  2.8414821E-05  9.0724834E-03  1.3527375E-04  1.8066634E-07  4.0257524E-10  1.9821704E-03  7.9728551E-06  4.049E-12  1.401E-18  7.848E+10  9.708E+10  1.868E+01  1.048E+05  0.18166666  3.751E-06  2.114E-05  9.951E-01  4.238E-07  3.974E-06  1.006E+00  577   11.2823  9.34E-03 9.1860E+00 1.4073E+01    4.20E+02 0.00E+00 5.10E+01  0.181434  0.273329 4.20E+02 0.00E+00 5.11E+01  0.181667  0.273335  0.0000000E+00  0.0000000E+00  5.7690880E-05  1.3234500E+00  1.4362145E-01  9.9451054E-05 -5.1363731E-01  1.5676084E-01  2.0442609E-01 0.000 0.421 1.000 1.000 1.000 1.000 1.000 1.000 1.000 1.000 1.000 1.000 1.000 1.000 1.000 1.000 1.000 1.000 1.000 1.000 1.000 1.000 1.000 1.000 1.000 1.000 1.000 1.000 1.000 1.000 1.000 1.000 1.000 1.000 1.000 1.000 1.000 1.000 1.000 1.000  1.5666143955E-01   0.03344   1.00000   0.00000   0.00000   0.6481810E-03
  5692  6.882579805337317E+06  26.948455  5.492880  4.489420  0.5422159E+00  0.4439098E+00  1.1728561E-05  8.8447971E-04  1.0459379E-04  5.5170848E-03  3.0560403E-03  2.2105331E-06  5.4386402E-06  2.0681487E-03  7.3009600E-05  0.4177    4.489420  -6.008  0.814532  7.708827  0.2300455E-01  0.9633447E+00  7.9841273E-12  1.0344437E-04  2.8507626E-05  9.0724854E-03  1.3471815E-04  1.7938113E-07  4.0419127E-10  1.9819213E-03  8.0840219E-06  3.647E-12  1.233E-18  7.910E+10  9.368E+10  1.883E+01  1.012E+05  0.18059077  3.725E-06  2.123E-05  9.951E-01  4.233E-07  3.967E-06  1.006E+00  579   11.2823  9.34E-03 9.1721E+00 1.4054E+01    4.19E+02 0.00E+00 5.09E+01  0.181060  0.273655 4.19E+02 0.00E+00 5.07E+01  0.180591  0.273664  0.0000000E+00  0.0000000E+00  5.7754881E-05  1.3199533E+00  1.4332305E-01  9.9442476E-05 -5.1446497E-01  1.5690045E-01  2.0497274E-01 0.000 0.421 1.000 1.000 1.000 1.000 1.000 1.000 1.000 1.000 1.000 1.000 1.000 1.000 1.000 1.000 1.000 1.000 1.000 1.000 1.000 1.000 1.000 1.000 1.000 1.000 1.000 1.000 1.000 1.000 1.000 1.000 1.000 1.000 1.000 1.000 1.000 1.000 1.000 1.000  1.5625735521E-01   0.03195   1.00000   0.00000   0.00000   0.6442167E-03
  5698  6.886422061834533E+06  26.944673  5.493381  4.489408  0.5419257E+00  0.4442002E+00  1.1715107E-05  8.8365648E-04  1.0455349E-04  5.5202129E-03  3.0536187E-03  2.2090744E-06  5.4335932E-06  2.0681042E-03  7.2950240E-05  0.4171    4.489408  -6.006  0.818231  7.710039  0.2200081E-01  0.9643485E+00  7.0307044E-12  1.0378672E-04  2.8602748E-05  9.0725833E-03  1.3403413E-04  1.7794325E-07  3.8930227E-10  1.9816889E-03  8.1838948E-06  3.647E-12  1.233E-18  7.987E+10  8.843E+10  1.901E+01  9.550E+04  0.17975703  3.704E-06  2.131E-05  9.952E-01  4.230E-07  3.962E-06  1.006E+00  578   11.2189  9.34E-03 9.1597E+00 1.4036E+01    4.19E+02 0.00E+00 5.06E+01  0.180206  0.273962 4.19E+02 0.00E+00 5.05E+01  0.179757  0.273965  0.0000000E+00  0.0000000E+00  5.7644059E-05  1.3167937E+00  1.4306231E-01  9.9501845E-05 -5.1527339E-01  1.5704663E-01  2.0548608E-01 0.000 0.419 1.000 1.000 1.000 1.000 1.000 1.000 1.000 1.000 1.000 1.000 1.000 1.000 1.000 1.000 1.000 1.000 1.000 1.000 1.000 1.000 1.000 1.000 1.000 1.000 1.000 1.000 1.000 1.000 1.000 1.000 1.000 1.000 1.000 1.000 1.000 1.000 1.000 1.000  1.5591163044E-01   0.03055   1.00000   0.00000   0.00000   0.6405535E-03
  5704  6.890264318331748E+06  26.940881  5.493884  4.489452  0.5416591E+00  0.4444668E+00  1.1702766E-05  8.8290143E-04  1.0451649E-04  5.5230821E-03  3.0513977E-03  2.2077361E-06  5.4289640E-06  2.0680634E-03  7.2895801E-05  0.4164    4.489452  -6.005  0.821783  7.711225  0.2106260E-01  0.9652868E+00  6.3882598E-12  1.0410141E-04  2.8690967E-05  9.0725870E-03  1.3350296E-04  1.7675246E-07  3.9124817E-10  1.9814684E-03  8.2879024E-06  3.367E-12  1.111E-18  8.071E+10  8.547E+10  1.921E+01  9.231E+04  0.17922670  3.691E-06  2.140E-05  9.952E-01  4.226E-07  3.956E-06  1.006E+00  580   11.2189  9.34E-03 9.1463E+00 1.4017E+01    4.19E+02 0.00E+00 5.04E+01  0.179677  0.274269 4.19E+02 0.00E+00 5.03E+01  0.179227  0.274275  0.0000000E+00  0.0000000E+00  5.7649239E-05  1.3132159E+00  1.4278180E-01  9.9564710E-05 -5.1611946E-01  1.5720622E-01  2.0601170E-01 0.000 0.419 1.000 1.000 1.000 1.000 1.000 1.000 1.000 1.000 1.000 1.000 1.000 1.000 1.000 1.000 1.000 1.000 1.000 1.000 1.000 1.000 1.000 1.000 1.000 1.000 1.000 1.000 1.000 1.000 1.000 1.000 1.000 1.000 1.000 1.000 1.000 1.000 1.000 1.000  1.5556605722E-01   0.02925   1.00000   0.00000   0.00000   0.6367748E-03
  5710  6.894106574828964E+06  26.937077  5.494363  4.489565  0.5413829E+00  0.4447433E+00  1.1689986E-05  8.8211960E-04  1.0447815E-04  5.5260531E-03  3.0490978E-03  2.2063501E-06  5.4241705E-06  2.0680210E-03  7.2839437E-05  0.4158    4.489565  -6.004  0.825456  7.712454  0.2013441E-01  0.9662151E+00  5.7765439E-12  1.0443137E-04  2.8783436E-05  9.0725483E-03  1.3299463E-04  1.7559756E-07  3.9008818E-10  1.9812486E-03  8.3961346E-06  3.367E-12  1.111E-18  8.153E+10  8.251E+10  1.940E+01  8.911E+04  0.17859472  3.677E-06  2.148E-05  9.952E-01  4.223E-07  3.949E-06  1.006E+00  579   11.2189  9.34E-03 9.1335E+00 1.3999E+01    4.19E+02 0.00E+00 5.03E+01  0.179026  0.274562 4.19E+02 0.00E+00 5.01E+01  0.178595  0.274568  0.0000000E+00  0.0000000E+00  5.7634934E-05  1.3093002E+00  1.4250788E-01  9.9645782E-05 -5.1702493E-01  1.5738393E-01  2.0656153E-01 0.000 0.419 1.000 1.000 1.000 1.000 1.000 1.000 1.000 1.000 1.000 1.000 1.000 1.000 1.000 1.000 1.000 1.000 1.000 1.000 1.000 1.000 1.000 1.000 1.000 1.000 1.000 1.000 1.000 1.000 1.000 1.000 1.000 1.000 1.000 1.000 1.000 1.000 1.000 1.000  1.5522056062E-01   0.02796   1.00000   0.00000   0.00000   0.6336300E-03
  5716  6.897948831326179E+06  26.933258  5.494847  4.489701  0.5411049E+00  0.4450214E+00  1.1677145E-05  8.8133407E-04  1.0443959E-04  5.5290382E-03  3.0467871E-03  2.2049573E-06  5.4193541E-06  2.0679783E-03  7.2782812E-05  0.4152    4.489701  -6.002  0.829270  7.713728  0.1921548E-01  0.9671341E+00  5.2002731E-12  1.0477516E-04  2.8879755E-05  9.0724720E-03  1.3250606E-04  1.7446131E-07  3.8836490E-10  1.9810295E-03  8.5086927E-06  3.113E-12  1.002E-18  8.237E+10  7.960E+10  1.960E+01  8.597E+04  0.17793197  3.664E-06  2.157E-05  9.953E-01  4.219E-07  3.943E-06  1.006E+00  580   11.2189  9.34E-03 9.1200E+00 1.3980E+01    4.19E+02 0.00E+00 5.01E+01  0.178356  0.274857 4.19E+02 0.00E+00 4.99E+01  0.177932  0.274863  0.0000000E+00  0.0000000E+00  5.7618134E-05  1.3051622E+00  1.4223385E-01  9.9755277E-05 -5.1798350E-01  1.5757757E-01  2.0713313E-01 0.000 0.419 1.000 1.000 1.000 1.000 1.000 1.000 1.000 1.000 1.000 1.000 1.000 1.000 1.000 1.000 1.000 1.000 1.000 1.000 1.000 1.000 1.000 1.000 1.000 1.000 1.000 1.000 1.000 1.000 1.000 1.000 1.000 1.000 1.000 1.000 1.000 1.000 1.000 1.000  1.5487513132E-01   0.02668   1.00000   0.00000   0.00000   0.6305443E-03
  5721  6.901150711740525E+06  26.930065  5.495276  4.489840  0.5407979E+00  0.4453285E+00  1.1662978E-05  8.8046755E-04  1.0439703E-04  5.5323311E-03  3.0442381E-03  2.2034207E-06  5.4140411E-06  2.0679312E-03  7.2720357E-05  0.4149    4.489840  -6.001  0.832881  7.714909  0.1839702E-01  0.9679527E+00  4.4937150E-12  1.0511921E-04  2.8973963E-05  9.0724324E-03  1.3197786E-04  1.7330222E-07  3.7102588E-10  1.9808353E-03  8.6066823E-06  2.721E-12  8.512E-19  8.314E+10  7.481E+10  1.979E+01  8.079E+04  0.17729574  3.651E-06  2.166E-05  9.953E-01  4.220E-07  3.938E-06  1.006E+00  575   11.1352  9.34E-03 9.1069E+00 1.3961E+01    4.19E+02 0.00E+00 4.97E+01  0.177001  0.275105 4.19E+02 0.00E+00 4.98E+01  0.177296  0.275113  0.0000000E+00  0.0000000E+00  5.7355911E-05  1.3015722E+00  1.4201169E-01  9.9905723E-05 -5.1886276E-01  1.5776107E-01  2.0764573E-01 0.000 0.417 1.000 1.000 1.000 1.000 1.000 1.000 1.000 1.000 1.000 1.000 1.000 1.000 1.000 1.000 1.000 1.000 1.000 1.000 1.000 1.000 1.000 1.000 1.000 1.000 1.000 1.000 1.000 1.000 1.000 1.000 1.000 1.000 1.000 1.000 1.000 1.000 1.000 1.000  1.5458767161E-01   0.02560   1.00000   0.00000   0.00000   0.6281700E-03
  5726  6.904352592154872E+06  26.926862  5.495750  4.489947  0.5405776E+00  0.4455490E+00  1.1652820E-05  8.7984628E-04  1.0436649E-04  5.5346921E-03  3.0424105E-03  2.2023187E-06  5.4102316E-06  2.0678974E-03  7.2675583E-05  0.4143    4.489947  -5.999  0.836548  7.716125  0.1760234E-01  0.9687474E+00  4.1665950E-12  1.0543411E-04  2.9063696E-05  9.0723803E-03  1.3150817E-04  1.7226750E-07  3.7949451E-10  1.9806448E-03  8.7087277E-06  2.721E-12  8.512E-19  8.425E+10  7.383E+10  2.005E+01  7.973E+04  0.17663206  3.637E-06  2.176E-05  9.953E-01  4.216E-07  3.933E-06  1.006E+00  576   11.1352  9.34E-03 9.0978E+00 1.3948E+01    4.19E+02 0.00E+00 4.97E+01  0.177076  0.275402 4.19E+02 0.00E+00 4.96E+01  0.176632  0.275407  0.0000000E+00  0.0000000E+00  5.7574575E-05  1.2976290E+00  1.4179558E-01  1.0002911E-04 -5.1981006E-01  1.5796542E-01  2.0818405E-01 0.000 0.417 1.000 1.000 1.000 1.000 1.000 1.000 1.000 1.000 1.000 1.000 1.000 1.000 1.000 1.000 1.000 1.000 1.000 1.000 1.000 1.000 1.000 1.000 1.000 1.000 1.000 1.000 1.000 1.000 1.000 1.000 1.000 1.000 1.000 1.000 1.000 1.000 1.000 1.000  1.5430027082E-01   0.02444   1.00000   0.00000   0.00000   0.6249187E-03
  5731  6.907554472569218E+06  26.923646  5.496188  4.490134  0.5403541E+00  0.4457726E+00  1.1642530E-05  8.7921698E-04  1.0433553E-04  5.5370836E-03  3.0405592E-03  2.2012024E-06  5.4063729E-06  2.0678631E-03  7.2630234E-05  0.4139    4.490134  -5.998  0.840248  7.717357  0.1682742E-01  0.9695224E+00  3.7394300E-12  1.0576369E-04  2.9156022E-05  9.0722704E-03  1.3108169E-04  1.7129140E-07  3.7800019E-10  1.9804573E-03  8.8143058E-06  2.437E-12  7.404E-19  8.532E+10  7.152E+10  2.031E+01  7.724E+04  0.17655614  3.637E-06  2.184E-05  9.953E-01  4.213E-07  3.928E-06  1.006E+00  576   11.1352  9.34E-03 9.0847E+00 1.3930E+01    4.19E+02 0.00E+00 4.95E+01  0.176256  0.275672 4.19E+02 0.00E+00 4.96E+01  0.176556  0.275678  0.0000000E+00  0.0000000E+00  5.7506177E-05  1.2933242E+00  1.4153901E-01  1.0021130E-04 -5.2080425E-01  1.5818474E-01  2.0874093E-01 0.000 0.417 1.000 1.000 1.000 1.000 1.000 1.000 1.000 1.000 1.000 1.000 1.000 1.000 1.000 1.000 1.000 1.000 1.000 1.000 1.000 1.000 1.000 1.000 1.000 1.000 1.000 1.000 1.000 1.000 1.000 1.000 1.000 1.000 1.000 1.000 1.000 1.000 1.000 1.000  1.5401261786E-01   0.02338   1.00000   0.00000   0.00000   0.6223028E-03
  5736  6.910756352983564E+06  26.920418  5.496619  4.490370  0.5401292E+00  0.4459977E+00  1.1632179E-05  8.7858399E-04  1.0430437E-04  5.5394891E-03  3.0386972E-03  2.2000794E-06  5.4024914E-06  2.0678286E-03  7.2584624E-05  0.4134    4.490370  -5.996  0.844094  7.718639  0.1605965E-01  0.9702903E+00  3.3700290E-12  1.0610636E-04  2.9252364E-05  9.0721310E-03  1.3066652E-04  1.7033369E-07  3.7600742E-10  1.9802704E-03  8.9235053E-06  2.437E-12  7.404E-19  8.646E+10  6.969E+10  2.058E+01  7.527E+04  0.17564423  3.621E-06  2.195E-05  9.954E-01  4.210E-07  3.923E-06  1.006E+00  577   11.1352  9.34E-03 9.0758E+00 1.3917E+01    4.19E+02 0.00E+00 4.94E+01  0.176061  0.275938 4.19E+02 0.00E+00 4.93E+01  0.175644  0.275945  0.0000000E+00  0.0000000E+00  5.7660729E-05  1.2887288E+00  1.4133594E-01  1.0037440E-04 -5.2186027E-01  1.5842282E-01  2.0932328E-01 0.000 0.417 1.000 1.000 1.000 1.000 1.000 1.000 1.000 1.000 1.000 1.000 1.000 1.000 1.000 1.000 1.000 1.000 1.000 1.000 1.000 1.000 1.000 1.000 1.000 1.000 1.000 1.000 1.000 1.000 1.000 1.000 1.000 1.000 1.000 1.000 1.000 1.000 1.000 1.000  1.5372459277E-01   0.02230   1.00000   0.00000   0.00000   0.6199270E-03
  5741  6.913958233397910E+06  26.917176  5.497058  4.490641  0.5398901E+00  0.4462368E+00  1.1621191E-05  8.7791206E-04  1.0427127E-04  5.5420427E-03  3.0367206E-03  2.1988871E-06  5.3983711E-06  2.0677919E-03  7.2536213E-05  0.4130    4.490641  -5.994  0.848125  7.719980  0.1529323E-01  0.9710568E+00  2.9979762E-12  1.0646789E-04  2.9353683E-05  9.0719661E-03  1.3024924E-04  1.6936908E-07  3.7294045E-10  1.9800828E-03  9.0366993E-06  2.167E-12  6.379E-19  8.769E+10  6.768E+10  2.087E+01  7.309E+04  0.17544944  3.621E-06  2.205E-05  9.954E-01  4.208E-07  3.917E-06  1.006E+00  577   11.1352  9.34E-03 9.0626E+00 1.3898E+01    4.19E+02 0.00E+00 4.92E+01  0.175191  0.276207 4.19E+02 0.00E+00 4.93E+01  0.175449  0.276214  0.0000000E+00  0.0000000E+00  5.7600667E-05  1.2838279E+00  1.4108499E-01  1.0061134E-04 -5.2298768E-01  1.5868216E-01  2.0993475E-01 0.000 0.417 1.000 1.000 1.000 1.000 1.000 1.000 1.000 1.000 1.000 1.000 1.000 1.000 1.000 1.000 1.000 1.000 1.000 1.000 1.000 1.000 1.000 1.000 1.000 1.000 1.000 1.000 1.000 1.000 1.000 1.000 1.000 1.000 1.000 1.000 1.000 1.000 1.000 1.000  1.5343648803E-01   0.02125   1.00000   0.00000   0.00000   0.6176512E-03
  5745  6.916519737729387E+06  26.914571  5.497415  4.490882  0.5396962E+00  0.4464309E+00  1.1612281E-05  8.7736729E-04  1.0424442E-04  5.5441130E-03  3.0351180E-03  2.1979203E-06  5.3950304E-06  2.0677621E-03  7.2496966E-05  0.4127    4.490882  -5.992  0.851480  7.721097  0.1468396E-01  0.9716661E+00  2.7236404E-12  1.0676887E-04  2.9438098E-05  9.0718129E-03  1.2991998E-04  1.6860348E-07  3.7037322E-10  1.9799329E-03  9.1302299E-06  2.167E-12  6.379E-19  8.876E+10  6.624E+10  2.112E+01  7.154E+04  0.17498422  3.615E-06  2.214E-05  9.954E-01  4.206E-07  3.913E-06  1.006E+00  578   11.1352  9.34E-03 9.0540E+00 1.3886E+01    4.19E+02 0.00E+00 4.91E+01  0.174742  0.276427 4.19E+02 0.00E+00 4.92E+01  0.174984  0.276433  0.0000000E+00  0.0000000E+00  5.7644248E-05  1.2796798E+00  1.4090515E-01  1.0080668E-04 -5.2394304E-01  1.5890562E-01  2.1044551E-01 0.000 0.417 1.000 1.000 1.000 1.000 1.000 1.000 1.000 1.000 1.000 1.000 1.000 1.000 1.000 1.000 1.000 1.000 1.000 1.000 1.000 1.000 1.000 1.000 1.000 1.000 1.000 1.000 1.000 1.000 1.000 1.000 1.000 1.000 1.000 1.000 1.000 1.000 1.000 1.000  1.5320575688E-01   0.02040   1.00000   0.00000   0.00000   0.6158723E-03
  5749  6.919081242060864E+06  26.911957  5.497779  4.491155  0.5395007E+00  0.4466265E+00  1.1603308E-05  8.7681866E-04  1.0421737E-04  5.5461980E-03  3.0335041E-03  2.1969466E-06  5.3916661E-06  2.0677321E-03  7.2457446E-05  0.4124    4.491155  -5.990  0.854968  7.722257  0.1407740E-01  0.9722728E+00  2.4728064E-12  1.0708060E-04  2.9525690E-05  9.0716420E-03  1.2959262E-04  1.6784329E-07  3.6831422E-10  1.9797829E-03  9.2265579E-06  2.167E-12  6.379E-19  8.992E+10  6.502E+10  2.140E+01  7.022E+04  0.17457299  3.610E-06  2.223E-05  9.954E-01  4.204E-07  3.908E-06  1.006E+00  579   11.1352  9.34E-03 9.0453E+00 1.3874E+01    4.20E+02 0.00E+00 4.90E+01  0.174278  0.276650 4.20E+02 0.00E+00 4.91E+01  0.174573  0.276657  0.0000000E+00  0.0000000E+00  5.7694384E-05  1.2753033E+00  1.4072515E-01  1.0101427E-04 -5.2495111E-01  1.5914499E-01  2.1097814E-01 0.000 0.417 1.000 1.000 1.000 1.000 1.000 1.000 1.000 1.000 1.000 1.000 1.000 1.000 1.000 1.000 1.000 1.000 1.000 1.000 1.000 1.000 1.000 1.000 1.000 1.000 1.000 1.000 1.000 1.000 1.000 1.000 1.000 1.000 1.000 1.000 1.000 1.000 1.000 1.000  1.5297483026E-01   0.01956   1.00000   0.00000   0.00000   0.6141910E-03
  5753  6.921642746392341E+06  26.909331  5.498138  4.491438  0.5392777E+00  0.4468497E+00  1.1593080E-05  8.7619337E-04  1.0418651E-04  5.5485744E-03  3.0316647E-03  2.1958367E-06  5.3878316E-06  2.0676978E-03  7.2412407E-05  0.4123    4.491438  -5.989  0.858711  7.723481  0.1348324E-01  0.9728670E+00  2.3869492E-12  1.0738940E-04  2.9613881E-05  9.0714520E-03  1.2929019E-04  1.6713931E-07  3.7365889E-10  1.9796347E-03  9.3256962E-06  1.826E-12  5.191E-19  9.116E+10  6.285E+10  2.170E+01  6.788E+04  0.17379555  3.599E-06  2.234E-05  9.955E-01  4.203E-07  3.904E-06  1.006E+00  577   11.1352  9.34E-03 9.0358E+00 1.3860E+01    4.20E+02 0.00E+00 4.88E+01  0.173666  0.276869 4.20E+02 0.00E+00 4.89E+01  0.173796  0.276873  0.0000000E+00  0.0000000E+00  5.7702765E-05  1.2707260E+00  1.4056648E-01  1.0126938E-04 -5.2602693E-01  1.5940405E-01  2.1153904E-01 0.000 0.417 1.000 1.000 1.000 1.000 1.000 1.000 1.000 1.000 1.000 1.000 1.000 1.000 1.000 1.000 1.000 1.000 1.000 1.000 1.000 1.000 1.000 1.000 1.000 1.000 1.000 1.000 1.000 1.000 1.000 1.000 1.000 1.000 1.000 1.000 1.000 1.000 1.000 1.000  1.5274370090E-01   0.01875   1.00000   0.00000   0.00000   0.6125632E-03
  5757  6.924204250723818E+06  26.906693  5.498549  4.491798  0.5389953E+00  0.4471321E+00  1.1580143E-05  8.7540254E-04  1.0414747E-04  5.5515798E-03  3.0293384E-03  2.1944328E-06  5.3829818E-06  2.0676545E-03  7.2355450E-05  0.4121    4.491798  -5.986  0.862545  7.724758  0.1285508E-01  0.9734953E+00  1.9299406E-12  1.0777350E-04  2.9718593E-05  9.0712227E-03  1.2891231E-04  1.6625751E-07  3.5853158E-10  1.9794788E-03  9.4295619E-06  1.826E-12  5.191E-19  9.269E+10  6.189E+10  2.206E+01  6.685E+04  0.17295503  3.587E-06  2.245E-05  9.955E-01  4.205E-07  3.900E-06  1.006E+00  574   11.1352  9.34E-03 9.0282E+00 1.3849E+01    4.20E+02 0.00E+00 4.85E+01  0.172625  0.277109 4.20E+02 0.00E+00 4.86E+01  0.172955  0.277111  0.0000000E+00  0.0000000E+00  5.7595610E-05  1.2659217E+00  1.4041390E-01  1.0155298E-04 -5.2715214E-01  1.5967888E-01  2.1211873E-01 0.000 0.414 1.000 1.000 1.000 1.000 1.000 1.000 1.000 1.000 1.000 1.000 1.000 1.000 1.000 1.000 1.000 1.000 1.000 1.000 1.000 1.000 1.000 1.000 1.000 1.000 1.000 1.000 1.000 1.000 1.000 1.000 1.000 1.000 1.000 1.000 1.000 1.000 1.000 1.000  1.5251296019E-01   0.01785   1.00000   0.00000   0.00000   0.6112807E-03
  5761  6.926765755055295E+06  26.904043  5.498979  4.492126  0.5388269E+00  0.4473007E+00  1.1572431E-05  8.7493109E-04  1.0412418E-04  5.5533715E-03  3.0279516E-03  2.1935958E-06  5.3800907E-06  2.0676286E-03  7.2321500E-05  0.4117    4.492126  -5.984  0.866799  7.726163  0.1221732E-01  0.9741331E+00  1.7290005E-12  1.0814903E-04  2.9824972E-05  9.0710255E-03  1.2850699E-04  1.6537809E-07  3.5769128E-10  1.9793203E-03  9.5371551E-06  1.575E-12  4.306E-19  9.447E+10  6.142E+10  2.248E+01  6.633E+04  0.17278656  3.589E-06  2.257E-05  9.955E-01  4.202E-07  3.895E-06  1.006E+00  576   11.1352  9.34E-03 9.0189E+00 1.3836E+01    4.20E+02 0.00E+00 4.85E+01  0.172469  0.277372 4.20E+02 0.00E+00 4.86E+01  0.172787  0.277383  0.0000000E+00  0.0000000E+00  5.7778114E-05  1.2605835E+00  1.4021716E-01  1.0185352E-04 -5.2842162E-01  1.5999509E-01  2.1275966E-01 0.000 0.414 1.000 1.000 1.000 1.000 1.000 1.000 1.000 1.000 1.000 1.000 1.000 1.000 1.000 1.000 1.000 1.000 1.000 1.000 1.000 1.000 1.000 1.000 1.000 1.000 1.000 1.000 1.000 1.000 1.000 1.000 1.000 1.000 1.000 1.000 1.000 1.000 1.000 1.000  1.5228196760E-01   0.01698   1.00000   0.00000   0.00000   0.6091152E-03
  5765  6.929327259386772E+06  26.901379  5.499397  4.492523  0.5386496E+00  0.4474781E+00  1.1564321E-05  8.7443536E-04  1.0409968E-04  5.5552555E-03  3.0264934E-03  2.1927156E-06  5.3770506E-06  2.0676013E-03  7.2285805E-05  0.4114    4.492523  -5.982  0.871150  7.727607  0.1159481E-01  0.9747557E+00  1.5329263E-12  1.0853298E-04  2.9933210E-05  9.0707917E-03  1.2812996E-04  1.6455456E-07  3.5648688E-10  1.9791642E-03  9.6482017E-06  1.575E-12  4.306E-19  9.639E+10  6.091E+10  2.294E+01  6.579E+04  0.17249445  3.590E-06  2.269E-05  9.956E-01  4.199E-07  3.891E-06  1.005E+00  576   11.1352  9.34E-03 9.0104E+00 1.3824E+01    4.20E+02 0.00E+00 4.85E+01  0.172164  0.277639 4.20E+02 0.00E+00 4.86E+01  0.172494  0.277645  0.0000000E+00  0.0000000E+00  5.7941944E-05  1.2547929E+00  1.4002918E-01  1.0219472E-04 -5.2976708E-01  1.6033492E-01  2.1343065E-01 0.000 0.414 1.000 1.000 1.000 1.000 1.000 1.000 1.000 1.000 1.000 1.000 1.000 1.000 1.000 1.000 1.000 1.000 1.000 1.000 1.000 1.000 1.000 1.000 1.000 1.000 1.000 1.000 1.000 1.000 1.000 1.000 1.000 1.000 1.000 1.000 1.000 1.000 1.000 1.000  1.5205021622E-01   0.01611   1.00000   0.00000   0.00000   0.6072749E-03
  5769  6.931888763718249E+06  26.898701  5.499798  4.492999  0.5384645E+00  0.4476633E+00  1.1555860E-05  8.7391825E-04  1.0407411E-04  5.5572207E-03  3.0249723E-03  2.1917973E-06  5.3738793E-06  2.0675729E-03  7.2248573E-05  0.4112    4.492999  -5.980  0.875682  7.729113  0.1098006E-01  0.9753706E+00  1.3546048E-12  1.0893548E-04  3.0046612E-05  9.0705211E-03  1.2776381E-04  1.6374976E-07  3.5466333E-10  1.9790090E-03  9.7630684E-06  1.575E-12  4.306E-19  9.845E+10  6.063E+10  2.343E+01  6.548E+04  0.17213030  3.591E-06  2.283E-05  9.956E-01  4.197E-07  3.886E-06  1.005E+00  579   11.1352  9.34E-03 9.0019E+00 1.3812E+01    4.21E+02 0.00E+00 4.84E+01  0.171753  0.277889 4.21E+02 0.00E+00 4.85E+01  0.172130  0.277896  0.0000000E+00  0.0000000E+00  5.8082808E-05  1.2485997E+00  1.3984501E-01  1.0257093E-04 -5.3119711E-01  1.6070049E-01  2.1413615E-01 0.000 0.414 1.000 1.000 1.000 1.000 1.000 1.000 1.000 1.000 1.000 1.000 1.000 1.000 1.000 1.000 1.000 1.000 1.000 1.000 1.000 1.000 1.000 1.000 1.000 1.000 1.000 1.000 1.000 1.000 1.000 1.000 1.000 1.000 1.000 1.000 1.000 1.000 1.000 1.000  1.5181785313E-01   0.01526   1.00000   0.00000   0.00000   0.6059100E-03
  5772  6.933809891966857E+06  26.896681  5.500099  4.493389  0.5383275E+00  0.4478004E+00  1.1549600E-05  8.7353569E-04  1.0405518E-04  5.5586745E-03  3.0238471E-03  2.1911179E-06  5.3715331E-06  2.0675518E-03  7.2221031E-05  0.4111    4.493389  -5.978  0.879200  7.730282  0.1052619E-01  0.9758245E+00  1.2453072E-12  1.0924602E-04  3.0134404E-05  9.0702950E-03  1.2750076E-04  1.6317035E-07  3.5408117E-10  1.9788937E-03  9.8517819E-06  1.330E-12  3.482E-19  1.001E+11  6.079E+10  2.382E+01  6.566E+04  0.17149843  3.586E-06  2.294E-05  9.956E-01  4.195E-07  3.883E-06  1.005E+00  578   11.1352  9.34E-03 8.9965E+00 1.3805E+01    4.21E+02 0.00E+00 4.84E+01  0.171834  0.278075 4.21E+02 0.00E+00 4.83E+01  0.171498  0.278085  0.0000000E+00  0.0000000E+00  5.8334847E-05  1.2437265E+00  1.3972890E-01  1.0284343E-04 -5.3232342E-01  1.6099107E-01  2.1468719E-01 0.000 0.414 1.000 1.000 1.000 1.000 1.000 1.000 1.000 1.000 1.000 1.000 1.000 1.000 1.000 1.000 1.000 1.000 1.000 1.000 1.000 1.000 1.000 1.000 1.000 1.000 1.000 1.000 1.000 1.000 1.000 1.000 1.000 1.000 1.000 1.000 1.000 1.000 1.000 1.000  1.5164310658E-01   0.01462   1.00000   0.00000   0.00000   0.6050314E-03
  5775  6.935731020215465E+06  26.894652  5.500408  4.493780  0.5381764E+00  0.4479515E+00  1.1542704E-05  8.7311420E-04  1.0403433E-04  5.5602763E-03  3.0226073E-03  2.1903694E-06  5.3689482E-06  2.0675286E-03  7.2190688E-05  0.4109    4.493780  -5.976  0.882890  7.731508  0.1006922E-01  0.9762816E+00  1.1121122E-12  1.0957823E-04  3.0227710E-05  9.0700477E-03  1.2722626E-04  1.6256617E-07  3.5126576E-10  1.9787773E-03  9.9430941E-06  1.330E-12  3.482E-19  1.018E+11  6.056E+10  2.424E+01  6.541E+04  0.17150131  3.594E-06  2.304E-05  9.956E-01  4.194E-07  3.880E-06  1.005E+00  578   11.1352  9.34E-03 8.9884E+00 1.3793E+01    4.21E+02 0.00E+00 4.83E+01  0.171175  0.278269 4.21E+02 0.00E+00 4.84E+01  0.171501  0.278276  0.0000000E+00  0.0000000E+00  5.8329672E-05  1.2386027E+00  1.3957168E-01  1.0319714E-04 -5.3351612E-01  1.6130124E-01  2.1526492E-01 0.000 0.414 1.000 1.000 1.000 1.000 1.000 1.000 1.000 1.000 1.000 1.000 1.000 1.000 1.000 1.000 1.000 1.000 1.000 1.000 1.000 1.000 1.000 1.000 1.000 1.000 1.000 1.000 1.000 1.000 1.000 1.000 1.000 1.000 1.000 1.000 1.000 1.000 1.000 1.000  1.5146813016E-01   0.01399   1.00000   0.00000   0.00000   0.6040009E-03
  5778  6.937652148464072E+06  26.892614  5.500722  4.494204  0.5380291E+00  0.4480990E+00  1.1535979E-05  8.7270324E-04  1.0401398E-04  5.5618381E-03  3.0213985E-03  2.1896395E-06  5.3664278E-06  2.0675060E-03  7.2161106E-05  0.4108    4.494204  -5.973  0.886709  7.732776  0.9619077E-02  0.9767318E+00  1.0147885E-12  1.0991663E-04  3.0323385E-05  9.0697814E-03  1.2696230E-04  1.6199084E-07  3.5012202E-10  1.9786620E-03  1.0036800E-05  1.330E-12  3.482E-19  1.037E+11  6.097E+10  2.468E+01  6.585E+04  0.17086446  3.589E-06  2.316E-05  9.956E-01  4.192E-07  3.876E-06  1.005E+00  578   11.1352  9.34E-03 8.9837E+00 1.3787E+01    4.22E+02 0.00E+00 4.83E+01  0.171127  0.278465 4.22E+02 0.00E+00 4.82E+01  0.170864  0.278472  0.0000000E+00  0.0000000E+00  5.8551967E-05  1.2332551E+00  1.3945641E-01  1.0352418E-04 -5.3476468E-01  1.6162842E-01  2.1586557E-01 0.000 0.414 1.000 1.000 1.000 1.000 1.000 1.000 1.000 1.000 1.000 1.000 1.000 1.000 1.000 1.000 1.000 1.000 1.000 1.000 1.000 1.000 1.000 1.000 1.000 1.000 1.000 1.000 1.000 1.000 1.000 1.000 1.000 1.000 1.000 1.000 1.000 1.000 1.000 1.000  1.5129268545E-01   0.01336   1.00000   0.00000   0.00000   0.6031057E-03
  5781  6.939573276712680E+06  26.890565  5.501047  4.494661  0.5378761E+00  0.4482520E+00  1.1529003E-05  8.7227693E-04  1.0399287E-04  5.5634582E-03  3.0201446E-03  2.1888822E-06  5.3638134E-06  2.0674825E-03  7.2130422E-05  0.4107    4.494661  -5.971  0.890721  7.734107  0.9166922E-02  0.9771840E+00  8.9892080E-13  1.1027713E-04  3.0424815E-05  9.0694917E-03  1.2668859E-04  1.6139686E-07  3.4742877E-10  1.9785459E-03  1.0133339E-05  1.097E-12  2.736E-19  1.057E+11  6.108E+10  2.516E+01  6.596E+04  0.17089263  3.598E-06  2.328E-05  9.956E-01  4.191E-07  3.873E-06  1.005E+00  579   11.1352  9.34E-03 8.9751E+00 1.3774E+01    4.22E+02 0.00E+00 4.82E+01  0.170488  0.278665 4.22E+02 0.00E+00 4.83E+01  0.170893  0.278674  0.0000000E+00  0.0000000E+00  5.8576955E-05  1.2276107E+00  1.3929794E-01  1.0393032E-04 -5.3608978E-01  1.6197845E-01  2.1649751E-01 0.000 0.414 1.000 1.000 1.000 1.000 1.000 1.000 1.000 1.000 1.000 1.000 1.000 1.000 1.000 1.000 1.000 1.000 1.000 1.000 1.000 1.000 1.000 1.000 1.000 1.000 1.000 1.000 1.000 1.000 1.000 1.000 1.000 1.000 1.000 1.000 1.000 1.000 1.000 1.000  1.5111696659E-01   0.01274   1.00000   0.00000   0.00000   0.6022866E-03
  5784  6.941494404961288E+06  26.888505  5.501376  4.495151  0.5377251E+00  0.4484031E+00  1.1522120E-05  8.7185639E-04  1.0397203E-04  5.5650564E-03  3.0189077E-03  2.1881352E-06  5.3612342E-06  2.0674593E-03  7.2100155E-05  0.4107    4.495151  -5.969  0.894889  7.735490  0.8721088E-02  0.9776299E+00  8.1245550E-13  1.1064745E-04  3.0529521E-05  9.0691794E-03  1.2642345E-04  1.6082901E-07  3.4593063E-10  1.9784306E-03  1.0232542E-05  1.097E-12  2.736E-19  1.079E+11  6.179E+10  2.568E+01  6.674E+04  0.17025102  3.595E-06  2.342E-05  9.957E-01  4.190E-07  3.869E-06  1.005E+00  579   11.1352  9.34E-03 8.9704E+00 1.3768E+01    4.22E+02 0.00E+00 4.82E+01  0.170491  0.278872 4.22E+02 0.00E+00 4.81E+01  0.170251  0.278880  0.0000000E+00  0.0000000E+00  5.8842122E-05  1.2216972E+00  1.3918277E-01  1.0431352E-04 -5.3748388E-01  1.6234934E-01  2.1715737E-01 0.000 0.414 1.000 1.000 1.000 1.000 1.000 1.000 1.000 1.000 1.000 1.000 1.000 1.000 1.000 1.000 1.000 1.000 1.000 1.000 1.000 1.000 1.000 1.000 1.000 1.000 1.000 1.000 1.000 1.000 1.000 1.000 1.000 1.000 1.000 1.000 1.000 1.000 1.000 1.000  1.5094068774E-01   0.01211   1.00000   0.00000   0.00000   0.6015855E-03
  5787  6.943415533209896E+06  26.886433  5.501719  4.495685  0.5375678E+00  0.4485605E+00  1.1514953E-05  8.7141842E-04  1.0395033E-04  5.5667208E-03  3.0176195E-03  2.1873572E-06  5.3585482E-06  2.0674351E-03  7.2068636E-05  0.4106    4.495685  -5.966  0.899292  7.736950  0.8273037E-02  0.9780781E+00  7.0999038E-13  1.1104349E-04  3.0641010E-05  9.0688396E-03  1.2614719E-04  1.6024342E-07  3.4310898E-10  1.9783146E-03  1.0334872E-05  1.097E-12  2.736E-19  1.103E+11  6.227E+10  2.624E+01  6.725E+04  0.17021908  3.605E-06  2.355E-05  9.957E-01  4.189E-07  3.865E-06  1.005E+00  578   11.1352  9.34E-03 8.9621E+00 1.3756E+01    4.23E+02 0.00E+00 4.81E+01  0.169846  0.279084 4.23E+02 0.00E+00 4.82E+01  0.170219  0.279092  0.0000000E+00  0.0000000E+00  5.8893016E-05  1.2154216E+00  1.3902597E-01  1.0477709E-04 -5.3897208E-01  1.6274839E-01  2.1785572E-01 0.000 0.414 1.000 1.000 1.000 1.000 1.000 1.000 1.000 1.000 1.000 1.000 1.000 1.000 1.000 1.000 1.000 1.000 1.000 1.000 1.000 1.000 1.000 1.000 1.000 1.000 1.000 1.000 1.000 1.000 1.000 1.000 1.000 1.000 1.000 1.000 1.000 1.000 1.000 1.000  1.5076406424E-01   0.01150   1.00000   0.00000   0.00000   0.6009690E-03
  5790  6.945336661458503E+06  26.884349  5.502066  4.496258  0.5374133E+00  0.4487151E+00  1.1507919E-05  8.7098867E-04  1.0392902E-04  5.5683539E-03  3.0163555E-03  2.1865937E-06  5.3559125E-06  2.0674113E-03  7.2037711E-05  0.4106    4.496258  -5.964  0.903870  7.738469  0.7832504E-02  0.9785187E+00  6.3803619E-13  1.1145018E-04  3.0756152E-05  9.0684745E-03  1.2588115E-04  1.5968796E-07  3.4157704E-10  1.9781997E-03  1.0440133E-05  1.097E-12  2.736E-19  1.128E+11  6.348E+10  2.685E+01  6.855E+04  0.16957602  3.603E-06  2.370E-05  9.957E-01  4.188E-07  3.862E-06  1.005E+00  579   11.1352  9.34E-03 8.9574E+00 1.3749E+01    4.23E+02 0.00E+00 4.81E+01  0.169768  0.279302 4.23E+02 0.00E+00 4.81E+01  0.169576  0.279310  0.0000000E+00  0.0000000E+00  5.9161514E-05  1.2088429E+00  1.3890910E-01  1.0522708E-04 -5.4053927E-01  1.6317133E-01  2.1858596E-01 0.000 0.414 1.000 1.000 1.000 1.000 1.000 1.000 1.000 1.000 1.000 1.000 1.000 1.000 1.000 1.000 1.000 1.000 1.000 1.000 1.000 1.000 1.000 1.000 1.000 1.000 1.000 1.000 1.000 1.000 1.000 1.000 1.000 1.000 1.000 1.000 1.000 1.000 1.000 1.000  1.5058683953E-01   0.01088   1.00000   0.00000   0.00000   0.6004331E-03
  5793  6.946873564057389E+06  26.882672  5.502346  4.496742  0.5372801E+00  0.4488483E+00  1.1501860E-05  8.7061846E-04  1.0391066E-04  5.5697608E-03  3.0152667E-03  2.1859360E-06  5.3536420E-06  2.0673908E-03  7.2011073E-05  0.4106    4.496742  -5.962  0.907643  7.739721  0.7468471E-02  0.9788830E+00  5.1045712E-13  1.1263348E-04  3.1072958E-05  9.0669646E-03  1.2564059E-04  1.5848139E-07  3.3671996E-10  1.9781048E-03  1.0534144E-05  8.396E-13  2.003E-19  1.149E+11  6.280E+10  2.734E+01  6.783E+04  0.16962802  3.615E-06  2.382E-05  9.957E-01  4.187E-07  3.859E-06  1.005E+00  578   11.1771  9.34E-03 8.9508E+00 1.3740E+01    4.24E+02 0.00E+00 4.80E+01  0.169235  0.279477 4.24E+02 0.00E+00 4.81E+01  0.169628  0.279482  0.0000000E+00  0.0000000E+00  4.1448665E-05  1.2034056E+00  1.3877909E-01  1.0565282E-04 -5.4184006E-01  1.6352300E-01  2.1919091E-01 0.000 0.414 1.000 1.000 1.000 1.000 1.000 1.000 1.000 1.000 1.000 1.000 1.000 1.000 1.000 1.000 1.000 1.000 1.000 1.000 1.000 1.000 1.000 1.000 1.000 1.000 1.000 1.000 1.000 1.000 1.000 1.000 1.000 1.000 1.000 1.000 1.000 1.000 1.000 1.000  1.5044476599E-01   0.01038   1.00000   0.00000   0.00000   0.6000875E-03
  5796  6.948218353831414E+06  26.881198  5.502595  4.497190  0.5371707E+00  0.4489578E+00  1.1496882E-05  8.7031438E-04  1.0389558E-04  5.5709163E-03  3.0143724E-03  2.1853957E-06  5.3517771E-06  2.0673740E-03  7.1989194E-05  0.4106    4.497190  -5.959  0.911065  7.740857  0.7156955E-02  0.9791946E+00  4.7222620E-13  1.1330697E-04  3.1275362E-05  9.0661335E-03  1.2544413E-04  1.5776470E-07  3.3493597E-10  1.9780228E-03  1.0621042E-05  8.396E-13  2.003E-19  1.169E+11  6.396E+10  2.782E+01  6.908E+04  0.16910395  3.613E-06  2.394E-05  9.957E-01  4.187E-07  3.857E-06  1.005E+00  578   11.1771  9.34E-03 8.9475E+00 1.3735E+01    4.24E+02 0.00E+00 4.81E+01  0.169302  0.279631 4.24E+02 0.00E+00 4.80E+01  0.169104  0.279638  0.0000000E+00  0.0000000E+00  4.1622316E-05  1.1984632E+00  1.3870158E-01  1.0600524E-04 -5.4302984E-01  1.6384616E-01  2.1974150E-01 0.000 0.414 1.000 1.000 1.000 1.000 1.000 1.000 1.000 1.000 1.000 1.000 1.000 1.000 1.000 1.000 1.000 1.000 1.000 1.000 1.000 1.000 1.000 1.000 1.000 1.000 1.000 1.000 1.000 1.000 1.000 1.000 1.000 1.000 1.000 1.000 1.000 1.000 1.000 1.000  1.5032006477E-01   0.00994   1.00000   0.00000   0.00000   0.5998222E-03
  5799  6.949563143605439E+06  26.879717  5.502865  4.497662  0.5370513E+00  0.4490772E+00  1.1491453E-05  8.6998271E-04  1.0387912E-04  5.5721767E-03  3.0133969E-03  2.1848064E-06  5.3497429E-06  2.0673556E-03  7.1965332E-05  0.4106    4.497662  -5.957  0.914777  7.742085  0.6842033E-02  0.9795096E+00  4.1941337E-13  1.1373067E-04  3.1399901E-05  9.0656874E-03  1.2523628E-04  1.5729183E-07  3.3264672E-10  1.9779399E-03  1.0708938E-05  8.396E-13  2.003E-19  1.191E+11  6.499E+10  2.835E+01  7.019E+04  0.16915632  3.624E-06  2.406E-05  9.957E-01  4.186E-07  3.854E-06  1.005E+00  577   11.1980  9.34E-03 8.9415E+00 1.3727E+01    4.24E+02 0.00E+00 4.80E+01  0.168819  0.279800 4.24E+02 0.00E+00 4.81E+01  0.169156  0.279805  0.0000000E+00  0.0000000E+00  4.1666203E-05  1.1931399E+00  1.3858565E-01  1.0643493E-04 -5.4432773E-01  1.6420152E-01  2.2033598E-01 0.000 0.414 1.000 1.000 1.000 1.000 1.000 1.000 1.000 1.000 1.000 1.000 1.000 1.000 1.000 1.000 1.000 1.000 1.000 1.000 1.000 1.000 1.000 1.000 1.000 1.000 1.000 1.000 1.000 1.000 1.000 1.000 1.000 1.000 1.000 1.000 1.000 1.000 1.000 1.000  1.5019511224E-01   0.00951   1.00000   0.00000   0.00000   0.5994573E-03
  5802  6.950818280727862E+06  26.878328  5.503126  4.498134  0.5369478E+00  0.4491808E+00  1.1486750E-05  8.6969536E-04  1.0386486E-04  5.5732687E-03  3.0125518E-03  2.1842958E-06  5.3479806E-06  2.0673397E-03  7.1944660E-05  0.4107    4.498134  -5.955  0.918377  7.743278  0.6549457E-02  0.9798024E+00  3.6322254E-13  1.1438498E-04  3.1576006E-05  9.0649046E-03  1.2504241E-04  1.5672737E-07  3.3040304E-10  1.9778626E-03  1.0793696E-05  6.765E-13  1.552E-19  1.214E+11  6.586E+10  2.889E+01  7.113E+04  0.16873944  3.625E-06  2.418E-05  9.957E-01  4.186E-07  3.852E-06  1.005E+00  576   11.1980  9.34E-03 8.9384E+00 1.3723E+01    4.25E+02 0.00E+00 4.80E+01  0.168908  0.279967 4.25E+02 0.00E+00 4.80E+01  0.168739  0.279970  0.0000000E+00  0.0000000E+00  3.3483399E-05  1.1879395E+00  1.3851243E-01  1.0682212E-04 -5.4560023E-01  1.6455153E-01  2.2091610E-01 0.000 0.414 1.000 1.000 1.000 1.000 1.000 1.000 1.000 1.000 1.000 1.000 1.000 1.000 1.000 1.000 1.000 1.000 1.000 1.000 1.000 1.000 1.000 1.000 1.000 1.000 1.000 1.000 1.000 1.000 1.000 1.000 1.000 1.000 1.000 1.000 1.000 1.000 1.000 1.000  1.5007811729E-01   0.00909   1.00000   0.00000   0.00000   0.5991636E-03
  5805  6.951894112547083E+06  26.877132  5.503351  4.498553  0.5368514E+00  0.4492773E+00  1.1482368E-05  8.6942770E-04  1.0385157E-04  5.5742858E-03  3.0117647E-03  2.1838202E-06  5.3463390E-06  2.0673249E-03  7.1925405E-05  0.4107    4.498553  -5.953  0.921540  7.744326  0.6295741E-02  0.9800562E+00  3.2717288E-13  1.1506906E-04  3.1774209E-05  9.0640459E-03  1.2486842E-04  1.5616085E-07  3.2807868E-10  1.9777954E-03  1.0870661E-05  6.765E-13  1.552E-19  1.234E+11  6.696E+10  2.937E+01  7.231E+04  0.16883773  3.636E-06  2.428E-05  9.957E-01  4.186E-07  3.850E-06  1.005E+00  576   11.2189  9.34E-03 8.9337E+00 1.3716E+01    4.25E+02 0.00E+00 4.80E+01  0.168496  0.280105 4.25E+02 0.00E+00 4.81E+01  0.168838  0.280110  0.0000000E+00  0.0000000E+00  3.3513202E-05  1.1833590E+00  1.3841701E-01  1.0720012E-04 -5.4672527E-01  1.6486149E-01  2.2142779E-01 0.000 0.414 1.000 1.000 1.000 1.000 1.000 1.000 1.000 1.000 1.000 1.000 1.000 1.000 1.000 1.000 1.000 1.000 1.000 1.000 1.000 1.000 1.000 1.000 1.000 1.000 1.000 1.000 1.000 1.000 1.000 1.000 1.000 1.000 1.000 1.000 1.000 1.000 1.000 1.000  1.4997760887E-01   0.00875   1.00000   0.00000   0.00000   0.5989409E-03
  5808  6.952969944366303E+06  26.875930  5.503587  4.499000  0.5367648E+00  0.4493639E+00  1.1478434E-05  8.6918739E-04  1.0383964E-04  5.5751990E-03  3.0110579E-03  2.1833932E-06  5.3448652E-06  2.0673116E-03  7.1908119E-05  0.4108    4.499000  -5.951  0.924878  7.745432  0.6046345E-02  0.9803057E+00  3.0258778E-13  1.1547791E-04  3.1895368E-05  9.0635851E-03  1.2470127E-04  1.5582540E-07  3.2669750E-10  1.9777290E-03  1.0947830E-05  6.765E-13  1.552E-19  1.256E+11  6.854E+10  2.990E+01  7.402E+04  0.16840711  3.636E-06  2.440E-05  9.958E-01  4.185E-07  3.848E-06  1.005E+00  576   11.2189  9.34E-03 8.9309E+00 1.3712E+01    4.25E+02 0.00E+00 4.80E+01  0.168595  0.280253 4.25E+02 0.00E+00 4.80E+01  0.168407  0.280259  0.0000000E+00  0.0000000E+00  3.3654723E-05  1.1785152E+00  1.3835619E-01  1.0757917E-04 -5.4792320E-01  1.6519340E-01  2.2196875E-01 0.000 0.414 1.000 1.000 1.000 1.000 1.000 1.000 1.000 1.000 1.000 1.000 1.000 1.000 1.000 1.000 1.000 1.000 1.000 1.000 1.000 1.000 1.000 1.000 1.000 1.000 1.000 1.000 1.000 1.000 1.000 1.000 1.000 1.000 1.000 1.000 1.000 1.000 1.000 1.000  1.4987678840E-01   0.00840   1.00000   0.00000   0.00000   0.5987218E-03
  5811  6.954045776185524E+06  26.874723  5.503835  4.499472  0.5366662E+00  0.4494626E+00  1.1473955E-05  8.6891379E-04  1.0382605E-04  5.5762387E-03  3.0102533E-03  2.1829070E-06  5.3431871E-06  2.0672964E-03  7.1888438E-05  0.4108    4.499472  -5.949  0.928411  7.746601  0.5794021E-02  0.9805581E+00  2.6981155E-13  1.1584090E-04  3.1999914E-05  9.0632039E-03  1.2452459E-04  1.5552828E-07  3.2488429E-10  1.9776619E-03  1.1025889E-05  5.621E-13  1.242E-19  1.281E+11  7.007E+10  3.048E+01  7.568E+04  0.16853180  3.649E-06  2.452E-05  9.958E-01  4.185E-07  3.846E-06  1.005E+00  576   11.2189  9.34E-03 8.9262E+00 1.3705E+01    4.26E+02 0.00E+00 4.79E+01  0.168166  0.280409 4.26E+02 0.00E+00 4.81E+01  0.168532  0.280413  0.0000000E+00  0.0000000E+00  3.3694696E-05  1.1734036E+00  1.3826082E-01  1.0801649E-04 -5.4919714E-01  1.6554800E-01  2.2254095E-01 0.000 0.414 1.000 1.000 1.000 1.000 1.000 1.000 1.000 1.000 1.000 1.000 1.000 1.000 1.000 1.000 1.000 1.000 1.000 1.000 1.000 1.000 1.000 1.000 1.000 1.000 1.000 1.000 1.000 1.000 1.000 1.000 1.000 1.000 1.000 1.000 1.000 1.000 1.000 1.000  1.4977574553E-01   0.00805   1.00000   0.00000   0.00000   0.5984847E-03
  5814  6.955014024822822E+06  26.873632  5.504059  4.499921  0.5365887E+00  0.4495402E+00  1.1470438E-05  8.6869892E-04  1.0381538E-04  5.5770552E-03  3.0096214E-03  2.1825252E-06  5.3418693E-06  2.0672845E-03  7.1872983E-05  0.4109    4.499921  -5.947  0.931662  7.747677  0.5568726E-02  0.9807835E+00  2.4368837E-13  1.1644146E-04  3.2166419E-05  9.0624616E-03  1.2436785E-04  1.5514728E-07  3.2307902E-10  1.9776017E-03  1.1098887E-05  5.621E-13  1.242E-19  1.304E+11  7.162E+10  3.103E+01  7.735E+04  0.16817778  3.651E-06  2.463E-05  9.958E-01  4.184E-07  3.844E-06  1.005E+00  576   11.2189  9.34E-03 8.9237E+00 1.3702E+01    4.26E+02 0.00E+00 4.80E+01  0.168304  0.280550 4.26E+02 0.00E+00 4.80E+01  0.168178  0.280555  0.0000000E+00  0.0000000E+00  3.0458209E-05  1.1686670E+00  1.3820640E-01  1.0839960E-04 -5.5038029E-01  1.6587810E-01  2.2307116E-01 0.000 0.414 1.000 1.000 1.000 1.000 1.000 1.000 1.000 1.000 1.000 1.000 1.000 1.000 1.000 1.000 1.000 1.000 1.000 1.000 1.000 1.000 1.000 1.000 1.000 1.000 1.000 1.000 1.000 1.000 1.000 1.000 1.000 1.000 1.000 1.000 1.000 1.000 1.000 1.000  1.4968449909E-01   0.00773   1.00000   0.00000   0.00000   0.5983457E-03
  5817  6.955982273460120E+06  26.872536  5.504293  4.500392  0.5364997E+00  0.4496292E+00  1.1466401E-05  8.6845235E-04  1.0380313E-04  5.5779921E-03  3.0088963E-03  2.1820870E-06  5.3403571E-06  2.0672708E-03  7.1855250E-05  0.4110    4.500392  -5.945  0.935080  7.748808  0.5342116E-02  0.9810102E+00  2.1826978E-13  1.1684943E-04  3.2285408E-05  9.0619998E-03  1.2420552E-04  1.5487467E-07  3.2136723E-10  1.9775411E-03  1.1172578E-05  5.621E-13  1.242E-19  1.329E+11  7.337E+10  3.162E+01  7.924E+04  0.16825920  3.664E-06  2.475E-05  9.958E-01  4.184E-07  3.842E-06  1.005E+00  575   11.2427  9.34E-03 8.9194E+00 1.3695E+01    4.27E+02 0.00E+00 4.80E+01  0.167942  0.280697 4.27E+02 0.00E+00 4.81E+01  0.168259  0.280701  0.0000000E+00  0.0000000E+00  3.0503825E-05  1.1636978E+00  1.3812016E-01  1.0883544E-04 -5.5163049E-01  1.6622821E-01  2.2362865E-01 0.000 0.414 1.000 1.000 1.000 1.000 1.000 1.000 1.000 1.000 1.000 1.000 1.000 1.000 1.000 1.000 1.000 1.000 1.000 1.000 1.000 1.000 1.000 1.000 1.000 1.000 1.000 1.000 1.000 1.000 1.000 1.000 1.000 1.000 1.000 1.000 1.000 1.000 1.000 1.000  1.4959304242E-01   0.00742   1.00000   0.00000   0.00000   0.5981841E-03
  5820  6.956950522097418E+06  26.871434  5.504533  4.500893  0.5364209E+00  0.4497081E+00  1.1462823E-05  8.6823383E-04  1.0379227E-04  5.5788225E-03  3.0082537E-03  2.1816986E-06  5.3390169E-06  2.0672587E-03  7.1839533E-05  0.4111    4.500893  -5.943  0.938636  7.749985  0.5118879E-02  0.9812335E+00  2.0137854E-13  1.1721332E-04  3.2390362E-05  9.0616005E-03  1.2404788E-04  1.5466073E-07  3.2004994E-10  1.9774811E-03  1.1246876E-05  5.621E-13  1.242E-19  1.355E+11  7.556E+10  3.226E+01  8.160E+04  0.16788986  3.667E-06  2.488E-05  9.958E-01  4.184E-07  3.840E-06  1.005E+00  575   11.2427  9.34E-03 8.9168E+00 1.3692E+01    4.27E+02 0.00E+00 4.80E+01  0.168030  0.280849 4.27E+02 0.00E+00 4.80E+01  0.167890  0.280854  0.0000000E+00  0.0000000E+00  3.0637863E-05  1.1585120E+00  1.3806536E-01  1.0926967E-04 -5.5294182E-01  1.6659678E-01  2.2421099E-01 0.000 0.414 1.000 1.000 1.000 1.000 1.000 1.000 1.000 1.000 1.000 1.000 1.000 1.000 1.000 1.000 1.000 1.000 1.000 1.000 1.000 1.000 1.000 1.000 1.000 1.000 1.000 1.000 1.000 1.000 1.000 1.000 1.000 1.000 1.000 1.000 1.000 1.000 1.000 1.000  1.4950127331E-01   0.00711   1.00000   0.00000   0.00000   0.5980936E-03
  5823  6.957918770734716E+06  26.870327  5.504783  4.501422  0.5363314E+00  0.4497976E+00  1.1458766E-05  8.6798603E-04  1.0377996E-04  5.5797642E-03  3.0075250E-03  2.1812583E-06  5.3374971E-06  2.0672449E-03  7.1821713E-05  0.4112    4.501422  -5.941  0.942371  7.751220  0.4893444E-02  0.9814590E+00  1.7860654E-13  1.1758468E-04  3.2496255E-05  9.0611983E-03  1.2388232E-04  1.5444617E-07  3.1837131E-10  1.9774205E-03  1.1322299E-05  4.726E-13  1.001E-19  1.384E+11  7.777E+10  3.294E+01  8.399E+04  0.16800225  3.681E-06  2.500E-05  9.958E-01  4.184E-07  3.838E-06  1.005E+00  574   11.2427  9.34E-03 8.9125E+00 1.3686E+01    4.27E+02 0.00E+00 4.80E+01  0.167655  0.281007 4.28E+02 0.00E+00 4.81E+01  0.168002  0.281011  0.0000000E+00  0.0000000E+00  3.0691375E-05  1.1530727E+00  1.3797855E-01  1.0975237E-04 -5.5432667E-01  1.6698732E-01  2.2482342E-01 0.000 0.414 1.000 1.000 1.000 1.000 1.000 1.000 1.000 1.000 1.000 1.000 1.000 1.000 1.000 1.000 1.000 1.000 1.000 1.000 1.000 1.000 1.000 1.000 1.000 1.000 1.000 1.000 1.000 1.000 1.000 1.000 1.000 1.000 1.000 1.000 1.000 1.000 1.000 1.000  1.4940926166E-01   0.00680   1.00000   0.00000   0.00000   0.5979938E-03
  5826  6.958887019372014E+06  26.869214  5.505038  4.501979  0.5362524E+00  0.4498766E+00  1.1455184E-05  8.6776723E-04  1.0376909E-04  5.5805956E-03  3.0068816E-03  2.1808694E-06  5.3361552E-06  2.0672327E-03  7.1805978E-05  0.4113    4.501979  -5.939  0.946236  7.752499  0.4671742E-02  0.9816808E+00  1.6391708E-13  1.1796276E-04  3.2604167E-05  9.0607817E-03  1.2372190E-04  1.5426163E-07  3.1698643E-10  1.9773607E-03  1.1398617E-05  4.726E-13  1.001E-19  1.415E+11  8.044E+10  3.368E+01  8.688E+04  0.16765372  3.686E-06  2.514E-05  9.958E-01  4.183E-07  3.837E-06  1.005E+00  574   11.2427  9.34E-03 8.9099E+00 1.3682E+01    4.28E+02 0.00E+00 4.81E+01  0.167766  0.281168 4.28E+02 0.00E+00 4.80E+01  0.167654  0.281173  0.0000000E+00  0.0000000E+00  3.0841599E-05  1.1474243E+00  1.3792365E-01  1.1024080E-04 -5.5577217E-01  1.6739615E-01  2.2546041E-01 0.000 0.414 1.000 1.000 1.000 1.000 1.000 1.000 1.000 1.000 1.000 1.000 1.000 1.000 1.000 1.000 1.000 1.000 1.000 1.000 1.000 1.000 1.000 1.000 1.000 1.000 1.000 1.000 1.000 1.000 1.000 1.000 1.000 1.000 1.000 1.000 1.000 1.000 1.000 1.000  1.4931689554E-01   0.00649   1.00000   0.00000   0.00000   0.5979571E-03
  5828  6.959532518463546E+06  26.868469  5.505214  4.502367  0.5361961E+00  0.4499330E+00  1.1452631E-05  8.6761131E-04  1.0376133E-04  5.5811880E-03  3.0064231E-03  2.1805923E-06  5.3351989E-06  2.0672241E-03  7.1794766E-05  0.4114    4.502367  -5.937  0.948918  7.753386  0.4523426E-02  0.9818292E+00  1.5246219E-13  1.1822594E-04  3.2679093E-05  9.0604903E-03  1.2361192E-04  1.5414001E-07  3.1591989E-10  1.9773206E-03  1.1450227E-05  4.726E-13  1.001E-19  1.437E+11  8.232E+10  3.420E+01  8.890E+04  0.16761182  3.693E-06  2.524E-05  9.958E-01  4.183E-07  3.835E-06  1.005E+00  574   11.2427  9.34E-03 8.9076E+00 1.3679E+01    4.28E+02 0.00E+00 4.81E+01  0.167674  0.281279 4.28E+02 0.00E+00 4.81E+01  0.167612  0.281284  0.0000000E+00  0.0000000E+00  3.0913733E-05  1.1435106E+00  1.3787632E-01  1.1059331E-04 -5.5678001E-01  1.6768191E-01  2.2590307E-01 0.000 0.414 1.000 1.000 1.000 1.000 1.000 1.000 1.000 1.000 1.000 1.000 1.000 1.000 1.000 1.000 1.000 1.000 1.000 1.000 1.000 1.000 1.000 1.000 1.000 1.000 1.000 1.000 1.000 1.000 1.000 1.000 1.000 1.000 1.000 1.000 1.000 1.000 1.000 1.000  1.4925515328E-01   0.00628   1.00000   0.00000   0.00000   0.5979370E-03
  5830  6.960178017555078E+06  26.867721  5.505393  4.502770  0.5361397E+00  0.4499894E+00  1.1450077E-05  8.6745533E-04  1.0375358E-04  5.5817807E-03  3.0059645E-03  2.1803151E-06  5.3342423E-06  2.0672154E-03  7.1783550E-05  0.4114    4.502770  -5.935  0.951678  7.754299  0.4375500E-02  0.9819772E+00  1.4152511E-13  1.1849716E-04  3.2756303E-05  9.0601878E-03  1.2350124E-04  1.5402203E-07  3.1483813E-10  1.9772806E-03  1.1502420E-05  4.726E-13  1.001E-19  1.460E+11  8.432E+10  3.474E+01  9.107E+04  0.16748948  3.700E-06  2.534E-05  9.958E-01  4.183E-07  3.834E-06  1.005E+00  574   11.2427  9.34E-03 8.9053E+00 1.3676E+01    4.29E+02 0.00E+00 4.81E+01  0.167581  0.281392 4.29E+02 0.00E+00 4.81E+01  0.167489  0.281398  0.0000000E+00  0.0000000E+00  3.0988165E-05  1.1394826E+00  1.3782941E-01  1.1096004E-04 -5.5782203E-01  1.6797793E-01  2.2635966E-01 0.000 0.414 1.000 1.000 1.000 1.000 1.000 1.000 1.000 1.000 1.000 1.000 1.000 1.000 1.000 1.000 1.000 1.000 1.000 1.000 1.000 1.000 1.000 1.000 1.000 1.000 1.000 1.000 1.000 1.000 1.000 1.000 1.000 1.000 1.000 1.000 1.000 1.000 1.000 1.000  1.4919325517E-01   0.00608   1.00000   0.00000   0.00000   0.5979313E-03
  5832  6.960823516646611E+06  26.866970  5.505606  4.503214  0.5360900E+00  0.4500392E+00  1.1447822E-05  8.6731760E-04  1.0374673E-04  5.5823041E-03  3.0055595E-03  2.1800703E-06  5.3333975E-06  2.0672077E-03  7.1773647E-05  0.4114    4.503214  -5.934  0.954962  7.755379  0.4199629E-02  0.9821531E+00  1.1206943E-13  1.1883498E-04  3.2850392E-05  9.0598454E-03  1.2332672E-04  1.5376143E-07  3.1214548E-10  1.9772346E-03  1.1557311E-05  3.105E-13  6.195E-20  1.482E+11  8.554E+10  3.527E+01  9.238E+04  0.16696836  3.698E-06  2.547E-05  9.958E-01  4.182E-07  3.833E-06  1.005E+00  573   11.2665  9.34E-03 8.9046E+00 1.3675E+01    4.29E+02 0.00E+00 4.80E+01  0.167052  0.281526 4.29E+02 0.00E+00 4.80E+01  0.166968  0.281535  0.0000000E+00  0.0000000E+00  3.0990165E-05  1.1348938E+00  1.3778700E-01  1.1138860E-04 -5.5904436E-01  1.6832627E-01  2.2689231E-01 0.000 0.414 1.000 1.000 1.000 1.000 1.000 1.000 1.000 1.000 1.000 1.000 1.000 1.000 1.000 1.000 1.000 1.000 1.000 1.000 1.000 1.000 1.000 1.000 1.000 1.000 1.000 1.000 1.000 1.000 1.000 1.000 1.000 1.000 1.000 1.000 1.000 1.000 1.000 1.000  1.4910029797E-01   0.00584   1.00000   0.00000   0.00000   0.5977787E-03
  5834  6.961469015738143E+06  26.866215  5.505840  4.503695  0.5360330E+00  0.4500961E+00  1.1445242E-05  8.6716002E-04  1.0373890E-04  5.5829029E-03  3.0050961E-03  2.1797902E-06  5.3324310E-06  2.0671990E-03  7.1762316E-05  0.4115    4.503695  -5.932  0.958484  7.756537  0.4024216E-02  0.9823286E+00  1.0059423E-13  1.1918250E-04  3.2948775E-05  9.0594876E-03  1.2315150E-04  1.5354893E-07  3.1046291E-10  1.9771886E-03  1.1613123E-05  3.105E-13  6.195E-20  1.508E+11  8.778E+10  3.589E+01  9.481E+04  0.16659641  3.700E-06  2.560E-05  9.959E-01  4.182E-07  3.832E-06  1.005E+00  573   11.2665  9.34E-03 8.9039E+00 1.3675E+01    4.29E+02 0.00E+00 4.79E+01  0.166534  0.281678 4.29E+02 0.00E+00 4.79E+01  0.166596  0.281684  0.0000000E+00  0.0000000E+00  3.1006420E-05  1.1299751E+00  1.3776138E-01  1.1187053E-04 -5.6036448E-01  1.6870392E-01  2.2746469E-01 0.000 0.413 1.000 1.000 1.000 1.000 1.000 1.000 1.000 1.000 1.000 1.000 1.000 1.000 1.000 1.000 1.000 1.000 1.000 1.000 1.000 1.000 1.000 1.000 1.000 1.000 1.000 1.000 1.000 1.000 1.000 1.000 1.000 1.000 1.000 1.000 1.000 1.000 1.000 1.000  1.4903830348E-01   0.00559   1.00000   0.00000   0.00000   0.5976288E-03
  5836  6.962114514829675E+06  26.865457  5.506083  4.504203  0.5359752E+00  0.4501540E+00  1.1442624E-05  8.6700015E-04  1.0373094E-04  5.5835103E-03  3.0046260E-03  2.1795060E-06  5.3314506E-06  2.0671901E-03  7.1750821E-05  0.4116    4.504203  -5.930  0.962169  7.757749  0.3849264E-02  0.9825037E+00  9.0415256E-14  1.1954403E-04  3.3051446E-05  9.0591095E-03  1.2297549E-04  1.5336541E-07  3.0898011E-10  1.9771427E-03  1.1669942E-05  3.105E-13  6.195E-20  1.537E+11  9.038E+10  3.658E+01  9.761E+04  0.16630127  3.705E-06  2.574E-05  9.959E-01  4.182E-07  3.831E-06  1.005E+00  573   11.2665  9.34E-03 8.9032E+00 1.3674E+01    4.30E+02 0.00E+00 4.78E+01  0.166190  0.281834 4.30E+02 0.00E+00 4.79E+01  0.166301  0.281839  0.0000000E+00  0.0000000E+00  3.1059726E-05  1.1248088E+00  1.3773131E-01  1.1238518E-04 -5.6175772E-01  1.6910343E-01  2.2806697E-01 0.000 0.413 1.000 1.000 1.000 1.000 1.000 1.000 1.000 1.000 1.000 1.000 1.000 1.000 1.000 1.000 1.000 1.000 1.000 1.000 1.000 1.000 1.000 1.000 1.000 1.000 1.000 1.000 1.000 1.000 1.000 1.000 1.000 1.000 1.000 1.000 1.000 1.000 1.000 1.000  1.4897621302E-01   0.00535   1.00000   0.00000   0.00000   0.5974783E-03
  5838  6.962760013921207E+06  26.864694  5.506333  4.504739  0.5359166E+00  0.4502127E+00  1.1439968E-05  8.6683791E-04  1.0372288E-04  5.5841268E-03  3.0041489E-03  2.1792177E-06  5.3304555E-06  2.0671811E-03  7.1739156E-05  0.4116    4.504739  -5.927  0.966006  7.759012  0.3674979E-02  0.9826780E+00  8.0936702E-14  1.1992053E-04  3.3158478E-05  9.0587098E-03  1.2279883E-04  1.5320000E-07  3.0751646E-10  1.9770970E-03  1.1727770E-05  3.105E-13  6.195E-20  1.569E+11  9.329E+10  3.734E+01  1.008E+05  0.16607295  3.712E-06  2.589E-05  9.959E-01  4.182E-07  3.830E-06  1.005E+00  573   11.2665  9.34E-03 8.9025E+00 1.3673E+01    4.30E+02 0.00E+00 4.78E+01  0.165911  0.281994 4.30E+02 0.00E+00 4.78E+01  0.166073  0.281999  0.0000000E+00  0.0000000E+00  3.1129914E-05  1.1194098E+00  1.3769778E-01  1.1292889E-04 -5.6322029E-01  1.6952369E-01  2.2869755E-01 0.000 0.413 1.000 1.000 1.000 1.000 1.000 1.000 1.000 1.000 1.000 1.000 1.000 1.000 1.000 1.000 1.000 1.000 1.000 1.000 1.000 1.000 1.000 1.000 1.000 1.000 1.000 1.000 1.000 1.000 1.000 1.000 1.000 1.000 1.000 1.000 1.000 1.000 1.000 1.000  1.4891399031E-01   0.00511   1.00000   0.00000   0.00000   0.5973358E-03
  5840  6.963405513012739E+06  26.863928  5.506591  4.505302  0.5358634E+00  0.4502658E+00  1.1437561E-05  8.6669089E-04  1.0371556E-04  5.5846854E-03  3.0037166E-03  2.1789564E-06  5.3295538E-06  2.0671729E-03  7.1728586E-05  0.4117    4.505302  -5.925  0.970004  7.760329  0.3501429E-02  0.9828517E+00  7.2094927E-14  1.2031348E-04  3.3270178E-05  9.0582865E-03  1.2262149E-04  1.5304971E-07  3.0602497E-10  1.9770513E-03  1.1786650E-05  3.105E-13  6.195E-20  1.603E+11  9.656E+10  3.816E+01  1.043E+05  0.16586014  3.720E-06  2.605E-05  9.959E-01  4.181E-07  3.829E-06  1.005E+00  573   11.2665  9.34E-03 8.9018E+00 1.3673E+01    4.31E+02 0.00E+00 4.78E+01  0.165701  0.282160 4.31E+02 0.00E+00 4.78E+01  0.165860  0.282165  0.0000000E+00  0.0000000E+00  3.1219019E-05  1.1137694E+00  1.3766427E-01  1.1350304E-04 -5.6475584E-01  1.6996588E-01  2.2935780E-01 0.000 0.413 1.000 1.000 1.000 1.000 1.000 1.000 1.000 1.000 1.000 1.000 1.000 1.000 1.000 1.000 1.000 1.000 1.000 1.000 1.000 1.000 1.000 1.000 1.000 1.000 1.000 1.000 1.000 1.000 1.000 1.000 1.000 1.000 1.000 1.000 1.000 1.000 1.000 1.000  1.4885159874E-01   0.00487   1.00000   0.00000   0.00000   0.5971806E-03
  5842  6.964018737149695E+06  26.863197  5.506843  4.505865  0.5358151E+00  0.4503142E+00  1.1435374E-05  8.6655733E-04  1.0370892E-04  5.5851929E-03  3.0033239E-03  2.1787190E-06  5.3287347E-06  2.0671654E-03  7.1718984E-05  0.4119    4.505865  -5.923  0.973957  7.761632  0.3336689E-02  0.9830165E+00  6.3126627E-14  1.2085048E-04  3.3417178E-05  9.0576508E-03  1.2245145E-04  1.5290630E-07  3.0414414E-10  1.9770079E-03  1.1844444E-05  2.259E-13  4.222E-20  1.639E+11  9.996E+10  3.900E+01  1.080E+05  0.16569957  3.729E-06  2.620E-05  9.959E-01  4.181E-07  3.828E-06  1.005E+00  573   11.2665  9.34E-03 8.9011E+00 1.3672E+01    4.31E+02 0.00E+00 4.78E+01  0.165561  0.282324 4.31E+02 0.00E+00 4.78E+01  0.165700  0.282327  0.0000000E+00  0.0000000E+00  2.8188683E-05  1.1081839E+00  1.3762995E-01  1.1407766E-04 -5.6628470E-01  1.7040692E-01  2.3001374E-01 0.000 0.413 1.000 1.000 1.000 1.000 1.000 1.000 1.000 1.000 1.000 1.000 1.000 1.000 1.000 1.000 1.000 1.000 1.000 1.000 1.000 1.000 1.000 1.000 1.000 1.000 1.000 1.000 1.000 1.000 1.000 1.000 1.000 1.000 1.000 1.000 1.000 1.000 1.000 1.000  1.4879214987E-01   0.00464   1.00000   0.00000   0.00000   0.5970591E-03
  5844  6.964599686332075E+06  26.862500  5.507088  4.506430  0.5357661E+00  0.4503632E+00  1.1433155E-05  8.6642184E-04  1.0370218E-04  5.5857077E-03  3.0029255E-03  2.1784781E-06  5.3279037E-06  2.0671579E-03  7.1709244E-05  0.4120    4.506430  -5.920  0.977851  7.762915  0.3180718E-02  0.9831726E+00  5.6224076E-14  1.2139882E-04  3.3573119E-05  9.0569856E-03  1.2228884E-04  1.5278479E-07  3.0237687E-10  1.9769668E-03  1.1900932E-05  2.259E-13  4.222E-20  1.675E+11  1.036E+11  3.986E+01  1.119E+05  0.16555309  3.739E-06  2.636E-05  9.959E-01  4.181E-07  3.827E-06  1.005E+00  573   11.2665  9.34E-03 8.9005E+00 1.3671E+01    4.32E+02 0.00E+00 4.78E+01  0.165415  0.282481 4.32E+02 0.00E+00 4.79E+01  0.165553  0.282485  0.0000000E+00  0.0000000E+00  2.8276712E-05  1.1026789E+00  1.3759441E-01  1.1464929E-04 -5.6780025E-01  1.7084486E-01  2.3066265E-01 0.000 0.413 1.000 1.000 1.000 1.000 1.000 1.000 1.000 1.000 1.000 1.000 1.000 1.000 1.000 1.000 1.000 1.000 1.000 1.000 1.000 1.000 1.000 1.000 1.000 1.000 1.000 1.000 1.000 1.000 1.000 1.000 1.000 1.000 1.000 1.000 1.000 1.000 1.000 1.000  1.4873565318E-01   0.00442   1.00000   0.00000   0.00000   0.5970076E-03
  5846  6.965180635514455E+06  26.861799  5.507343  4.507027  0.5357170E+00  0.4504123E+00  1.1430936E-05  8.6628636E-04  1.0369544E-04  5.5862225E-03  3.0025272E-03  2.1782373E-06  5.3270728E-06  2.0671504E-03  7.1699504E-05  0.4121    4.507027  -5.918  0.981931  7.764259  0.3025529E-02  0.9833279E+00  4.9896631E-14  1.2187590E-04  3.3711138E-05  9.0564234E-03  1.2212566E-04  1.5268990E-07  3.0077995E-10  1.9769258E-03  1.1958278E-05  2.259E-13  4.222E-20  1.714E+11  1.076E+11  4.080E+01  1.162E+05  0.16547708  3.751E-06  2.652E-05  9.959E-01  4.180E-07  3.826E-06  1.005E+00  573   11.2665  9.34E-03 8.8999E+00 1.3671E+01    4.32E+02 0.00E+00 4.78E+01  0.165270  0.282645 4.32E+02 0.00E+00 4.79E+01  0.165477  0.282649  0.0000000E+00  0.0000000E+00  2.8370894E-05  1.0969183E+00  1.3755782E-01  1.1525501E-04 -5.6939762E-01  1.7130731E-01  2.3134464E-01 0.000 0.413 1.000 1.000 1.000 1.000 1.000 1.000 1.000 1.000 1.000 1.000 1.000 1.000 1.000 1.000 1.000 1.000 1.000 1.000 1.000 1.000 1.000 1.000 1.000 1.000 1.000 1.000 1.000 1.000 1.000 1.000 1.000 1.000 1.000 1.000 1.000 1.000 1.000 1.000  1.4867897409E-01   0.00420   1.00000   0.00000   0.00000   0.5969750E-03
  5848  6.965761584696835E+06  26.861095  5.507609  4.507660  0.5356676E+00  0.4504618E+00  1.1428698E-05  8.6614966E-04  1.0368863E-04  5.5867419E-03  3.0021252E-03  2.1779943E-06  5.3262344E-06  2.0671427E-03  7.1689677E-05  0.4122    4.507660  -5.916  0.986213  7.765669  0.2871170E-02  0.9834824E+00  4.4031208E-14  1.2233433E-04  3.3842990E-05  9.0558901E-03  1.2196186E-04  1.5261681E-07  2.9917709E-10  1.9768850E-03  1.2016545E-05  2.259E-13  4.222E-20  1.757E+11  1.122E+11  4.182E+01  1.211E+05  0.16538576  3.763E-06  2.669E-05  9.959E-01  4.180E-07  3.825E-06  1.005E+00  572   11.2665  9.34E-03 8.8992E+00 1.3670E+01    4.33E+02 0.00E+00 4.79E+01  0.165146  0.282817 4.33E+02 0.00E+00 4.79E+01  0.165386  0.282820  0.0000000E+00  0.0000000E+00  2.8475404E-05  1.0908891E+00  1.3752038E-01  1.1588932E-04 -5.7108209E-01  1.7179597E-01  2.3206237E-01 0.000 0.413 1.000 1.000 1.000 1.000 1.000 1.000 1.000 1.000 1.000 1.000 1.000 1.000 1.000 1.000 1.000 1.000 1.000 1.000 1.000 1.000 1.000 1.000 1.000 1.000 1.000 1.000 1.000 1.000 1.000 1.000 1.000 1.000 1.000 1.000 1.000 1.000 1.000 1.000  1.4862208420E-01   0.00399   1.00000   0.00000   0.00000   0.5970178E-03
  5850  6.966342533879215E+06  26.860386  5.507872  4.508314  0.5356167E+00  0.4505127E+00  1.1426395E-05  8.6600900E-04  1.0368163E-04  5.5872764E-03  3.0017117E-03  2.1777443E-06  5.3253717E-06  2.0671349E-03  7.1679566E-05  0.4123    4.508314  -5.913  0.990481  7.767083  0.2727383E-02  0.9836262E+00  3.9478618E-14  1.2276702E-04  3.3967497E-05  9.0553816E-03  1.2181292E-04  1.5259348E-07  2.9767224E-10  1.9768468E-03  1.2073691E-05  2.259E-13  4.222E-20  1.802E+11  1.170E+11  4.289E+01  1.264E+05  0.16530798  3.777E-06  2.686E-05  9.959E-01  4.180E-07  3.824E-06  1.005E+00  573   11.2665  9.34E-03 8.8986E+00 1.3670E+01    4.33E+02 0.00E+00 4.79E+01  0.165017  0.282990 4.33E+02 0.00E+00 4.80E+01  0.165308  0.282989  0.0000000E+00  0.0000000E+00  2.8582019E-05  1.0847492E+00  1.3748489E-01  1.1654892E-04 -5.7279335E-01  1.7229309E-01  2.3279040E-01 0.000 0.414 1.000 1.000 1.000 1.000 1.000 1.000 1.000 1.000 1.000 1.000 1.000 1.000 1.000 1.000 1.000 1.000 1.000 1.000 1.000 1.000 1.000 1.000 1.000 1.000 1.000 1.000 1.000 1.000 1.000 1.000 1.000 1.000 1.000 1.000 1.000 1.000 1.000 1.000  1.4856497746E-01   0.00379   1.00000   0.00000   0.00000   0.5971196E-03
  5852  6.966923483061595E+06  26.859673  5.508153  4.509007  0.5355709E+00  0.4505585E+00  1.1424324E-05  8.6588253E-04  1.0367534E-04  5.5877569E-03  3.0013398E-03  2.1775195E-06  5.3245960E-06  2.0671279E-03  7.1670475E-05  0.4125    4.509007  -5.910  0.995083  7.768600  0.2575786E-02  0.9837779E+00  3.4368615E-14  1.2324188E-04  3.4102290E-05  9.0548258E-03  1.2164931E-04  1.5255111E-07  2.9596690E-10  1.9768066E-03  1.2133647E-05  1.514E-13  2.600E-20  1.852E+11  1.225E+11  4.407E+01  1.323E+05  0.16519725  3.791E-06  2.705E-05  9.959E-01  4.180E-07  3.823E-06  1.005E+00  573   11.2665  9.34E-03 8.8980E+00 1.3669E+01    4.34E+02 0.00E+00 4.79E+01  0.164908  0.283171 4.34E+02 0.00E+00 4.80E+01  0.165197  0.283171  0.0000000E+00  0.0000000E+00  2.8697916E-05  1.0782310E+00  1.3744808E-01  1.1726389E-04 -5.7463751E-01  1.7282963E-01  2.3357299E-01 0.000 0.414 1.000 1.000 1.000 1.000 1.000 1.000 1.000 1.000 1.000 1.000 1.000 1.000 1.000 1.000 1.000 1.000 1.000 1.000 1.000 1.000 1.000 1.000 1.000 1.000 1.000 1.000 1.000 1.000 1.000 1.000 1.000 1.000 1.000 1.000 1.000 1.000 1.000 1.000  1.4850764237E-01   0.00358   1.00000   0.00000   0.00000   0.5971633E-03
  5854  6.967504432243975E+06  26.858956  5.508447  4.509766  0.5355317E+00  0.4505977E+00  1.1422553E-05  8.6577440E-04  1.0366996E-04  5.5881678E-03  3.0010219E-03  2.1773273E-06  5.3239329E-06  2.0671218E-03  7.1662702E-05  0.4126    4.509766  -5.907  0.999973  7.770213  0.2425385E-02  0.9839284E+00  2.9792116E-14  1.2373685E-04  3.4242847E-05  9.0542407E-03  1.2148525E-04  1.5253480E-07  2.9419588E-10  1.9767668E-03  1.2194620E-05  1.514E-13  2.600E-20  1.907E+11  1.288E+11  4.538E+01  1.391E+05  0.16511625  3.807E-06  2.725E-05  9.959E-01  4.179E-07  3.822E-06  1.005E+00  573   11.2665  9.34E-03 8.8973E+00 1.3668E+01    4.35E+02 0.00E+00 4.80E+01  0.164802  0.283358 4.35E+02 0.00E+00 4.81E+01  0.165116  0.283364  0.0000000E+00  0.0000000E+00  2.8823787E-05  1.0713717E+00  1.3741224E-01  1.1802994E-04 -5.7659755E-01  1.7340098E-01  2.3440262E-01 0.000 0.414 1.000 1.000 1.000 1.000 1.000 1.000 1.000 1.000 1.000 1.000 1.000 1.000 1.000 1.000 1.000 1.000 1.000 1.000 1.000 1.000 1.000 1.000 1.000 1.000 1.000 1.000 1.000 1.000 1.000 1.000 1.000 1.000 1.000 1.000 1.000 1.000 1.000 1.000  1.4845006450E-01   0.00337   1.00000   0.00000   0.00000   0.5974752E-03
  5855  6.967794906835165E+06  26.858595  5.508602  4.510163  0.5355146E+00  0.4506148E+00  1.1421781E-05  8.6572726E-04  1.0366761E-04  5.5883469E-03  3.0008833E-03  2.1772435E-06  5.3236438E-06  2.0671192E-03  7.1659314E-05  0.4124    4.510163  -5.906  1.002493  7.771046  0.2349725E-02  0.9840042E+00  2.7196940E-14  1.2399734E-04  3.4316442E-05  9.0539308E-03  1.2140160E-04  1.5253158E-07  2.9326874E-10  1.9767468E-03  1.2225739E-05  1.514E-13  2.600E-20  1.936E+11  1.322E+11  4.608E+01  1.428E+05  0.16505052  3.815E-06  2.735E-05  9.959E-01  4.179E-07  3.821E-06  1.005E+00  574   11.2427  9.34E-03 8.8969E+00 1.3668E+01    4.35E+02 0.00E+00 4.80E+01  0.164727  0.283458 4.35E+02 0.00E+00 4.81E+01  0.165051  0.283466  0.0000000E+00  0.0000000E+00  2.8886019E-05  1.0678237E+00  1.3739503E-01  1.1843238E-04 -5.7762165E-01  1.7369980E-01  2.3483534E-01 0.000 0.413 1.000 1.000 1.000 1.000 1.000 1.000 1.000 1.000 1.000 1.000 1.000 1.000 1.000 1.000 1.000 1.000 1.000 1.000 1.000 1.000 1.000 1.000 1.000 1.000 1.000 1.000 1.000 1.000 1.000 1.000 1.000 1.000 1.000 1.000 1.000 1.000 1.000 1.000  1.4842117848E-01   0.00327   1.00000   0.00000   0.00000   0.5976623E-03
  5856  6.968085381426355E+06  26.858233  5.508759  4.510568  0.5354993E+00  0.4506301E+00  1.1421088E-05  8.6568496E-04  1.0366550E-04  5.5885076E-03  3.0007589E-03  2.1771683E-06  5.3233843E-06  2.0671168E-03  7.1656273E-05  0.4124    4.510568  -5.904  1.005122  7.771911  0.2274384E-02  0.9840796E+00  2.5138549E-14  1.2426405E-04  3.4391949E-05  9.0536117E-03  1.2131781E-04  1.5253640E-07  2.9232032E-10  1.9767268E-03  1.2257133E-05  1.514E-13  2.600E-20  1.967E+11  1.358E+11  4.681E+01  1.467E+05  0.16501906  3.823E-06  2.746E-05  9.959E-01  4.178E-07  3.821E-06  1.005E+00  574   11.2427  9.34E-03 8.8966E+00 1.3668E+01    4.35E+02 0.00E+00 4.80E+01  0.164648  0.283564 4.35E+02 0.00E+00 4.81E+01  0.165019  0.283569  0.0000000E+00  0.0000000E+00  2.8951408E-05  1.0641771E+00  1.3737840E-01  1.1885019E-04 -5.7868045E-01  1.7400902E-01  2.3528222E-01 0.000 0.413 1.000 1.000 1.000 1.000 1.000 1.000 1.000 1.000 1.000 1.000 1.000 1.000 1.000 1.000 1.000 1.000 1.000 1.000 1.000 1.000 1.000 1.000 1.000 1.000 1.000 1.000 1.000 1.000 1.000 1.000 1.000 1.000 1.000 1.000 1.000 1.000 1.000 1.000  1.4839222707E-01   0.00316   1.00000   0.00000   0.00000   0.5978371E-03
  5857  6.968375856017545E+06  26.857870  5.508919  4.510981  0.5354838E+00  0.4506456E+00  1.1420387E-05  8.6564216E-04  1.0366337E-04  5.5886702E-03  3.0006331E-03  2.1770922E-06  5.3231218E-06  2.0671145E-03  7.1653197E-05  0.4123    4.510981  -5.903  1.007809  7.772797  0.2201117E-02  0.9841529E+00  2.3655024E-14  1.2452967E-04  3.4467713E-05  9.0532915E-03  1.2123642E-04  1.5255448E-07  2.9137744E-10  1.9767074E-03  1.2288309E-05  1.514E-13  2.600E-20  1.999E+11  1.397E+11  4.757E+01  1.509E+05  0.16492661  3.831E-06  2.757E-05  9.959E-01  4.178E-07  3.820E-06  1.005E+00  574   11.2427  9.34E-03 8.8962E+00 1.3667E+01    4.36E+02 0.00E+00 4.80E+01  0.164608  0.283669 4.36E+02 0.00E+00 4.81E+01  0.164927  0.283675  0.0000000E+00  0.0000000E+00  2.9023510E-05  1.0604346E+00  1.3736100E-01  1.1927773E-04 -5.7976902E-01  1.7432722E-01  2.3574111E-01 0.000 0.414 1.000 1.000 1.000 1.000 1.000 1.000 1.000 1.000 1.000 1.000 1.000 1.000 1.000 1.000 1.000 1.000 1.000 1.000 1.000 1.000 1.000 1.000 1.000 1.000 1.000 1.000 1.000 1.000 1.000 1.000 1.000 1.000 1.000 1.000 1.000 1.000 1.000 1.000  1.4836320356E-01   0.00306   1.00000   0.00000   0.00000   0.5979822E-03
  5858  6.968666330608735E+06  26.857505  5.509087  4.511408  0.5354727E+00  0.4506568E+00  1.1419884E-05  8.6561142E-04  1.0366184E-04  5.5887870E-03  3.0005427E-03  2.1770376E-06  5.3229333E-06  2.0671127E-03  7.1650988E-05  0.4125    4.511408  -5.901  1.010566  7.773705  0.2127295E-02  0.9842268E+00  2.1792376E-14  1.2480760E-04  3.4546496E-05  9.0529549E-03  1.2115362E-04  1.5257609E-07  2.9039980E-10  1.9766879E-03  1.2320049E-05  1.514E-13  2.600E-20  2.033E+11  1.438E+11  4.838E+01  1.553E+05  0.16490753  3.841E-06  2.769E-05  9.959E-01  4.177E-07  3.820E-06  1.005E+00  574   11.2427  9.34E-03 8.8959E+00 1.3667E+01    4.36E+02 0.00E+00 4.80E+01  0.164508  0.283777 4.36E+02 0.00E+00 4.82E+01  0.164908  0.283785  0.0000000E+00  0.0000000E+00  2.9086531E-05  1.0566035E+00  1.3734442E-01  1.1972002E-04 -5.8089100E-01  1.7465547E-01  2.3621353E-01 0.000 0.414 1.000 1.000 1.000 1.000 1.000 1.000 1.000 1.000 1.000 1.000 1.000 1.000 1.000 1.000 1.000 1.000 1.000 1.000 1.000 1.000 1.000 1.000 1.000 1.000 1.000 1.000 1.000 1.000 1.000 1.000 1.000 1.000 1.000 1.000 1.000 1.000 1.000 1.000  1.4833411703E-01   0.00296   1.00000   0.00000   0.00000   0.5981427E-03
  5859  6.968956805199925E+06  26.857139  5.509258  4.511846  0.5354540E+00  0.4506755E+00  1.1419037E-05  8.6555969E-04  1.0365927E-04  5.5889836E-03  3.0003906E-03  2.1769456E-06  5.3226161E-06  2.0671099E-03  7.1647269E-05  0.4125    4.511846  -5.900  1.013406  7.774641  0.2053780E-02  0.9843003E+00  2.0029288E-14  1.2509377E-04  3.4627562E-05  9.0526065E-03  1.2107059E-04  1.5260500E-07  2.8939505E-10  1.9766684E-03  1.2352093E-05  1.514E-13  2.600E-20  2.068E+11  1.482E+11  4.922E+01  1.600E+05  0.16478418  3.848E-06  2.781E-05  9.959E-01  4.176E-07  3.819E-06  1.005E+00  574   11.2427  9.34E-03 8.8955E+00 1.3667E+01    4.37E+02 0.00E+00 4.81E+01  0.164475  0.283893 4.37E+02 0.00E+00 4.82E+01  0.164784  0.283899  0.0000000E+00  0.0000000E+00  2.9165812E-05  1.0526759E+00  1.3733022E-01  1.2017858E-04 -5.8204862E-01  1.7499439E-01  2.3670044E-01 0.000 0.414 1.000 1.000 1.000 1.000 1.000 1.000 1.000 1.000 1.000 1.000 1.000 1.000 1.000 1.000 1.000 1.000 1.000 1.000 1.000 1.000 1.000 1.000 1.000 1.000 1.000 1.000 1.000 1.000 1.000 1.000 1.000 1.000 1.000 1.000 1.000 1.000 1.000 1.000  1.4830495122E-01   0.00286   1.00000   0.00000   0.00000   0.5982755E-03
  5860  6.969247279791115E+06  26.856772  5.509437  4.512304  0.5354368E+00  0.4506927E+00  1.1418261E-05  8.6551233E-04  1.0365691E-04  5.5891635E-03  3.0002514E-03  2.1768615E-06  5.3223256E-06  2.0671072E-03  7.1643865E-05  0.4125    4.512304  -5.898  1.016332  7.775604  0.1980599E-02  0.9843736E+00  1.8362565E-14  1.2538852E-04  3.4711026E-05  9.0522456E-03  1.2098735E-04  1.5264120E-07  2.8836571E-10  1.9766490E-03  1.2384445E-05  1.514E-13  2.600E-20  2.105E+11  1.528E+11  5.010E+01  1.651E+05  0.16482044  3.860E-06  2.793E-05  9.959E-01  4.176E-07  3.819E-06  1.005E+00  574   11.2427  9.34E-03 8.8951E+00 1.3666E+01    4.37E+02 0.00E+00 4.81E+01  0.164341  0.284007 4.37E+02 0.00E+00 4.82E+01  0.164820  0.284015  0.0000000E+00  0.0000000E+00  2.9228032E-05  1.0486451E+00  1.3730795E-01  1.2065036E-04 -5.8324399E-01  1.7534464E-01  2.3720275E-01 0.000 0.414 1.000 1.000 1.000 1.000 1.000 1.000 1.000 1.000 1.000 1.000 1.000 1.000 1.000 1.000 1.000 1.000 1.000 1.000 1.000 1.000 1.000 1.000 1.000 1.000 1.000 1.000 1.000 1.000 1.000 1.000 1.000 1.000 1.000 1.000 1.000 1.000 1.000 1.000  1.4827572319E-01   0.00275   1.00000   0.00000   0.00000   0.5984907E-03
  5861  6.969537754382305E+06  26.856403  5.509619  4.512769  0.5354169E+00  0.4507126E+00  1.1417360E-05  8.6545729E-04  1.0365417E-04  5.5893726E-03  3.0000895E-03  2.1767636E-06  5.3219880E-06  2.0671041E-03  7.1639909E-05  0.4126    4.512769  -5.896  1.019349  7.776597  0.1907781E-02  0.9844465E+00  1.6788749E-14  1.2569224E-04  3.4796994E-05  9.0518717E-03  1.2090392E-04  1.5268539E-07  2.8731088E-10  1.9766298E-03  1.2417107E-05  9.003E-14  1.331E-20  2.144E+11  1.578E+11  5.102E+01  1.704E+05  0.16475902  3.870E-06  2.806E-05  9.959E-01  4.176E-07  3.818E-06  1.005E+00  574   11.2427  9.34E-03 8.8947E+00 1.3666E+01    4.37E+02 0.00E+00 4.81E+01  0.164355  0.284130 4.37E+02 0.00E+00 4.82E+01  0.164759  0.284136  0.0000000E+00  0.0000000E+00  2.9322613E-05  1.0445097E+00  1.3729347E-01  1.2114228E-04 -5.8447882E-01  1.7570670E-01  2.3772103E-01 0.000 0.414 1.000 1.000 1.000 1.000 1.000 1.000 1.000 1.000 1.000 1.000 1.000 1.000 1.000 1.000 1.000 1.000 1.000 1.000 1.000 1.000 1.000 1.000 1.000 1.000 1.000 1.000 1.000 1.000 1.000 1.000 1.000 1.000 1.000 1.000 1.000 1.000 1.000 1.000  1.4824640058E-01   0.00265   1.00000   0.00000   0.00000   0.5986313E-03
  5862  6.969828228973495E+06  26.856032  5.509809  4.513255  0.5353989E+00  0.4507306E+00  1.1416550E-05  8.6540783E-04  1.0365171E-04  5.5895606E-03  2.9999441E-03  2.1766757E-06  5.3216847E-06  2.0671014E-03  7.1636354E-05  0.4126    4.513255  -5.894  1.022461  7.777621  0.1835354E-02  0.9845190E+00  1.5306329E-14  1.2600540E-04  3.4885607E-05  9.0514842E-03  1.2082032E-04  1.5273872E-07  2.8622397E-10  1.9766106E-03  1.2450080E-05  9.003E-14  1.331E-20  2.185E+11  1.631E+11  5.199E+01  1.762E+05  0.16479888  3.883E-06  2.819E-05  9.959E-01  4.175E-07  3.818E-06  1.005E+00  574   11.2427  9.34E-03 8.8943E+00 1.3665E+01    4.38E+02 0.00E+00 4.82E+01  0.164289  0.284251 4.38E+02 0.00E+00 4.83E+01  0.164799  0.284259  0.0000000E+00  0.0000000E+00  2.9401120E-05  1.0402612E+00  1.3726934E-01  1.2164889E-04 -5.8575597E-01  1.7608145E-01  2.3825657E-01 0.000 0.414 1.000 1.000 1.000 1.000 1.000 1.000 1.000 1.000 1.000 1.000 1.000 1.000 1.000 1.000 1.000 1.000 1.000 1.000 1.000 1.000 1.000 1.000 1.000 1.000 1.000 1.000 1.000 1.000 1.000 1.000 1.000 1.000 1.000 1.000 1.000 1.000 1.000 1.000  1.4821699946E-01   0.00255   1.00000   0.00000   0.00000   0.5988080E-03
  5863  6.970118703564685E+06  26.855660  5.510002  4.513748  0.5353783E+00  0.4507512E+00  1.1415617E-05  8.6535085E-04  1.0364887E-04  5.5897771E-03  2.9997766E-03  2.1765744E-06  5.3213352E-06  2.0670982E-03  7.1632259E-05  0.4127    4.513748  -5.892  1.025675  7.778678  0.1763346E-02  0.9845910E+00  1.3911785E-14  1.2632843E-04  3.4976981E-05  9.0510822E-03  1.2073655E-04  1.5280124E-07  2.8510951E-10  1.9765916E-03  1.2483367E-05  9.003E-14  1.331E-20  2.228E+11  1.688E+11  5.302E+01  1.823E+05  0.16468225  3.892E-06  2.833E-05  9.959E-01  4.175E-07  3.817E-06  1.005E+00  574   11.2427  9.34E-03 8.8939E+00 1.3665E+01    4.38E+02 0.00E+00 4.82E+01  0.164306  0.284382 4.38E+02 0.00E+00 4.83E+01  0.164682  0.284388  0.0000000E+00  0.0000000E+00  2.9501657E-05  1.0358970E+00  1.3725678E-01  1.2217942E-04 -5.8707768E-01  1.7646955E-01  2.3881015E-01 0.000 0.414 1.000 1.000 1.000 1.000 1.000 1.000 1.000 1.000 1.000 1.000 1.000 1.000 1.000 1.000 1.000 1.000 1.000 1.000 1.000 1.000 1.000 1.000 1.000 1.000 1.000 1.000 1.000 1.000 1.000 1.000 1.000 1.000 1.000 1.000 1.000 1.000 1.000 1.000  1.4818749780E-01   0.00245   1.00000   0.00000   0.00000   0.5989267E-03
  5864  6.970409178155875E+06  26.855286  5.510206  4.514266  0.5353569E+00  0.4507726E+00  1.1414652E-05  8.6529194E-04  1.0364594E-04  5.5900009E-03  2.9996034E-03  2.1764697E-06  5.3209739E-06  2.0670949E-03  7.1628025E-05  0.4127    4.514266  -5.891  1.028997  7.779770  0.1691788E-02  0.9846627E+00  1.2603638E-14  1.2666187E-04  3.5071269E-05  9.0506651E-03  1.2065265E-04  1.5287366E-07  2.8396352E-10  1.9765727E-03  1.2516967E-05  9.003E-14  1.331E-20  2.273E+11  1.750E+11  5.410E+01  1.890E+05  0.16483611  3.908E-06  2.847E-05  9.959E-01  4.175E-07  3.817E-06  1.005E+00  574   11.2427  9.34E-03 8.8935E+00 1.3665E+01    4.39E+02 0.00E+00 4.82E+01  0.164183  0.284510 4.39E+02 0.00E+00 4.84E+01  0.164836  0.284519  0.0000000E+00  0.0000000E+00  2.9575379E-05  1.0314067E+00  1.3722868E-01  1.2272474E-04 -5.8844739E-01  1.7687206E-01  2.3938329E-01 0.000 0.414 1.000 1.000 1.000 1.000 1.000 1.000 1.000 1.000 1.000 1.000 1.000 1.000 1.000 1.000 1.000 1.000 1.000 1.000 1.000 1.000 1.000 1.000 1.000 1.000 1.000 1.000 1.000 1.000 1.000 1.000 1.000 1.000 1.000 1.000 1.000 1.000 1.000 1.000  1.4815792242E-01   0.00235   1.00000   0.00000   0.00000   0.5991457E-03
  5865  6.970699652747065E+06  26.854911  5.510414  4.514791  0.5353358E+00  0.4507938E+00  1.1413696E-05  8.6523354E-04  1.0364303E-04  5.5902228E-03  2.9994317E-03  2.1763659E-06  5.3206157E-06  2.0670917E-03  7.1623828E-05  0.4127    4.514791  -5.889  1.032437  7.780900  0.1620711E-02  0.9847338E+00  1.1378700E-14  1.2700625E-04  3.5168614E-05  9.0502321E-03  1.2056862E-04  1.5295721E-07  2.8278337E-10  1.9765539E-03  1.2550881E-05  9.003E-14  1.331E-20  2.321E+11  1.815E+11  5.524E+01  1.961E+05  0.16472716  3.918E-06  2.862E-05  9.959E-01  4.174E-07  3.816E-06  1.005E+00  574   11.2427  9.34E-03 8.8930E+00 1.3664E+01    4.39E+02 0.00E+00 4.83E+01  0.164310  0.284651 4.39E+02 0.00E+00 4.84E+01  0.164727  0.284657  0.0000000E+00  0.0000000E+00  2.9703203E-05  1.0267848E+00  1.3721701E-01  1.2329931E-04 -5.8986899E-01  1.7729007E-01  2.3997742E-01 0.000 0.414 1.000 1.000 1.000 1.000 1.000 1.000 1.000 1.000 1.000 1.000 1.000 1.000 1.000 1.000 1.000 1.000 1.000 1.000 1.000 1.000 1.000 1.000 1.000 1.000 1.000 1.000 1.000 1.000 1.000 1.000 1.000 1.000 1.000 1.000 1.000 1.000 1.000 1.000  1.4812821922E-01   0.00225   1.00000   0.00000   0.00000   0.5992322E-03
  5866  6.970990127338255E+06  26.854534  5.510633  4.515346  0.5353118E+00  0.4508177E+00  1.1412614E-05  8.6516748E-04  1.0363974E-04  5.5904738E-03  2.9992375E-03  2.1762484E-06  5.3202106E-06  2.0670880E-03  7.1619080E-05  0.4127    4.515346  -5.887  1.036007  7.782073  0.1550149E-02  0.9848044E+00  1.0234948E-14  1.2736222E-04  3.5269189E-05  9.0497821E-03  1.2048449E-04  1.5305352E-07  2.8156285E-10  1.9765354E-03  1.2585107E-05  9.003E-14  1.331E-20  2.372E+11  1.886E+11  5.644E+01  2.037E+05  0.16490185  3.936E-06  2.878E-05  9.959E-01  4.174E-07  3.815E-06  1.005E+00  574   11.2427  9.34E-03 8.8926E+00 1.3664E+01    4.40E+02 0.00E+00 4.83E+01  0.164197  0.284788 4.40E+02 0.00E+00 4.85E+01  0.164902  0.284800  0.0000000E+00  0.0000000E+00  2.9784704E-05  1.0220161E+00  1.3718637E-01  1.2389138E-04 -5.9134763E-01  1.7772520E-01  2.4059480E-01 0.000 0.414 1.000 1.000 1.000 1.000 1.000 1.000 1.000 1.000 1.000 1.000 1.000 1.000 1.000 1.000 1.000 1.000 1.000 1.000 1.000 1.000 1.000 1.000 1.000 1.000 1.000 1.000 1.000 1.000 1.000 1.000 1.000 1.000 1.000 1.000 1.000 1.000 1.000 1.000  1.4809843451E-01   0.00216   1.00000   0.00000   0.00000   0.5994352E-03
  5867  6.971280601929445E+06  26.854155  5.510860  4.515906  0.5352906E+00  0.4508390E+00  1.1411653E-05  8.6510881E-04  1.0363682E-04  5.5906967E-03  2.9990650E-03  2.1761441E-06  5.3198508E-06  2.0670847E-03  7.1614864E-05  0.4127    4.515906  -5.884  1.039715  7.783290  0.1480136E-02  0.9848745E+00  9.1695836E-15  1.2773041E-04  3.5373169E-05  9.0493143E-03  1.2040027E-04  1.5316357E-07  2.8030225E-10  1.9765170E-03  1.2619643E-05  9.003E-14  1.331E-20  2.425E+11  1.963E+11  5.772E+01  2.121E+05  0.16480926  3.947E-06  2.894E-05  9.959E-01  4.174E-07  3.815E-06  1.005E+00  574   11.2427  9.34E-03 8.8921E+00 1.3663E+01    4.40E+02 0.00E+00 4.84E+01  0.164340  0.284942 4.40E+02 0.00E+00 4.86E+01  0.164809  0.284949  0.0000000E+00  0.0000000E+00  2.9923831E-05  1.0170957E+00  1.3717517E-01  1.2451792E-04 -5.9288722E-01  1.7817855E-01  2.4123683E-01 0.000 0.414 1.000 1.000 1.000 1.000 1.000 1.000 1.000 1.000 1.000 1.000 1.000 1.000 1.000 1.000 1.000 1.000 1.000 1.000 1.000 1.000 1.000 1.000 1.000 1.000 1.000 1.000 1.000 1.000 1.000 1.000 1.000 1.000 1.000 1.000 1.000 1.000 1.000 1.000  1.4806851068E-01   0.00206   1.00000   0.00000   0.00000   0.5994836E-03
  5868  6.971571076520635E+06  26.853774  5.511100  4.516499  0.5352648E+00  0.4508648E+00  1.1410487E-05  8.6503758E-04  1.0363327E-04  5.5909673E-03  2.9988556E-03  2.1760175E-06  5.3194139E-06  2.0670807E-03  7.1609745E-05  0.4127    4.516499  -5.882  1.043574  7.784557  0.1410707E-02  0.9849440E+00  8.1804600E-15  1.2811157E-04  3.5480760E-05  9.0488275E-03  1.2031598E-04  1.5328882E-07  2.7899708E-10  1.9764988E-03  1.2654487E-05  9.003E-14  1.331E-20  2.483E+11  2.047E+11  5.908E+01  2.211E+05  0.16503635  3.967E-06  2.911E-05  9.959E-01  4.174E-07  3.814E-06  1.005E+00  574   11.2427  9.34E-03 8.8916E+00 1.3663E+01    4.41E+02 0.00E+00 4.85E+01  0.164243  0.285092 4.41E+02 0.00E+00 4.87E+01  0.165036  0.285105  0.0000000E+00  0.0000000E+00  3.0016056E-05  1.0120073E+00  1.3714281E-01  1.2516548E-04 -5.9449354E-01  1.7865192E-01  2.4190603E-01 0.000 0.414 1.000 1.000 1.000 1.000 1.000 1.000 1.000 1.000 1.000 1.000 1.000 1.000 1.000 1.000 1.000 1.000 1.000 1.000 1.000 1.000 1.000 1.000 1.000 1.000 1.000 1.000 1.000 1.000 1.000 1.000 1.000 1.000 1.000 1.000 1.000 1.000 1.000 1.000  1.4803849463E-01   0.00196   1.00000   0.00000   0.00000   0.5996313E-03
  5869  6.971861551111825E+06  26.853391  5.511330  4.517087  0.5352485E+00  0.4508811E+00  1.1409752E-05  8.6499274E-04  1.0363104E-04  5.5911377E-03  2.9987238E-03  2.1759378E-06  5.3191389E-06  2.0670782E-03  7.1606523E-05  0.4130    4.517087  -5.880  1.047434  7.785821  0.1347053E-02  0.9850078E+00  7.5171913E-15  1.2847838E-04  3.5585223E-05  9.0483537E-03  1.2023986E-04  1.5344677E-07  2.7773417E-10  1.9764821E-03  1.2688208E-05  9.003E-14  1.331E-20  2.540E+11  2.133E+11  6.046E+01  2.304E+05  0.16508543  3.983E-06  2.928E-05  9.959E-01  4.174E-07  3.814E-06  1.005E+00  574   11.2427  9.34E-03 8.8910E+00 1.3662E+01    4.41E+02 0.00E+00 4.86E+01  0.164437  0.285260 4.41E+02 0.00E+00 4.88E+01  0.165085  0.285258  0.0000000E+00  0.0000000E+00  3.0173509E-05  1.0068207E+00  1.3712018E-01  1.2583860E-04 -5.9614230E-01  1.7913820E-01  2.4259186E-01 0.000 0.415 1.000 1.000 1.000 1.000 1.000 1.000 1.000 1.000 1.000 1.000 1.000 1.000 1.000 1.000 1.000 1.000 1.000 1.000 1.000 1.000 1.000 1.000 1.000 1.000 1.000 1.000 1.000 1.000 1.000 1.000 1.000 1.000 1.000 1.000 1.000 1.000 1.000 1.000  1.4800832112E-01   0.00187   1.00000   0.00000   0.00000   0.5996610E-03
  5870  6.972152025703015E+06  26.853006  5.511585  4.517699  0.5352356E+00  0.4508940E+00  1.1409168E-05  8.6495705E-04  1.0362926E-04  5.5912733E-03  2.9986188E-03  2.1758744E-06  5.3189200E-06  2.0670762E-03  7.1603957E-05  0.4129    4.517699  -5.878  1.051573  7.787181  0.1280130E-02  0.9850748E+00  6.7620207E-15  1.2888134E-04  3.5698686E-05  9.0478333E-03  1.2015760E-04  1.5360639E-07  2.7636102E-10  1.9764647E-03  1.2723346E-05  9.003E-14  1.331E-20  2.605E+11  2.231E+11  6.199E+01  2.410E+05  0.16514212  4.000E-06  2.946E-05  9.959E-01  4.173E-07  3.813E-06  1.005E+00  575   11.2189  9.34E-03 8.8906E+00 1.3662E+01    4.42E+02 0.00E+00 4.87E+01  0.164489  0.285407 4.42E+02 0.00E+00 4.89E+01  0.165142  0.285427  0.0000000E+00  0.0000000E+00  3.0293465E-05  1.0015269E+00  1.3710121E-01  1.2653522E-04 -5.9783720E-01  1.7963832E-01  2.4329660E-01 0.000 0.415 1.000 1.000 1.000 1.000 1.000 1.000 1.000 1.000 1.000 1.000 1.000 1.000 1.000 1.000 1.000 1.000 1.000 1.000 1.000 1.000 1.000 1.000 1.000 1.000 1.000 1.000 1.000 1.000 1.000 1.000 1.000 1.000 1.000 1.000 1.000 1.000 1.000 1.000  1.4797802765E-01   0.00178   1.00000   0.00000   0.00000   0.5996800E-03
  5871  6.972442500294205E+06  26.852619  5.511859  4.518336  0.5352247E+00  0.4509049E+00  1.1408676E-05  8.6492702E-04  1.0362776E-04  5.5913874E-03  2.9985305E-03  2.1758210E-06  5.3187358E-06  2.0670746E-03  7.1601799E-05  0.4124    4.518336  -5.875  1.055832  7.788583  0.1212272E-02  0.9851427E+00  5.6774084E-15  1.2930792E-04  3.5818314E-05  9.0472811E-03  1.2007273E-04  1.5377741E-07  2.7491708E-10  1.9764472E-03  1.2759232E-05  3.502E-14  4.063E-21  2.673E+11  2.338E+11  6.361E+01  2.525E+05  0.16515409  4.016E-06  2.965E-05  9.959E-01  4.172E-07  3.813E-06  1.005E+00  574   11.2189  9.34E-03 8.8900E+00 1.3661E+01    4.42E+02 0.00E+00 4.87E+01  0.164525  0.285593 4.43E+02 0.00E+00 4.89E+01  0.165154  0.285609  0.0000000E+00  0.0000000E+00  3.0427338E-05  9.9599326E-01  1.3708420E-01  1.2726814E-04 -5.9963236E-01  1.8016825E-01  2.4404231E-01 0.000 0.414 1.000 1.000 1.000 1.000 1.000 1.000 1.000 1.000 1.000 1.000 1.000 1.000 1.000 1.000 1.000 1.000 1.000 1.000 1.000 1.000 1.000 1.000 1.000 1.000 1.000 1.000 1.000 1.000 1.000 1.000 1.000 1.000 1.000 1.000 1.000 1.000 1.000 1.000  1.4794760032E-01   0.00169   1.00000   0.00000   0.00000   0.5996144E-03
  5872  6.972732974885395E+06  26.852230  5.512129  4.518981  0.5352158E+00  0.4509138E+00  1.1408274E-05  8.6490245E-04  1.0362654E-04  5.5914807E-03  2.9984583E-03  2.1757773E-06  5.3185852E-06  2.0670732E-03  7.1600034E-05  0.4130    4.518981  -5.873  1.060339  7.790051  0.1147028E-02  0.9852080E+00  5.1265343E-15  1.2973762E-04  3.5939565E-05  9.0467208E-03  1.1999081E-04  1.5397717E-07  2.7344068E-10  1.9764305E-03  1.2794782E-05  3.502E-14  4.063E-21  2.744E+11  2.451E+11  6.530E+01  2.647E+05  0.16514936  4.032E-06  2.985E-05  9.959E-01  4.171E-07  3.812E-06  1.005E+00  575   11.2189  9.34E-03 8.8894E+00 1.3661E+01    4.43E+02 0.00E+00 4.88E+01  0.164516  0.285787 4.43E+02 0.00E+00 4.90E+01  0.165149  0.285789  0.0000000E+00  0.0000000E+00  3.0557729E-05  9.9018359E-01  1.3706822E-01  1.2806070E-04 -6.0154203E-01  1.8073221E-01  2.4483425E-01 0.000 0.415 1.000 1.000 1.000 1.000 1.000 1.000 1.000 1.000 1.000 1.000 1.000 1.000 1.000 1.000 1.000 1.000 1.000 1.000 1.000 1.000 1.000 1.000 1.000 1.000 1.000 1.000 1.000 1.000 1.000 1.000 1.000 1.000 1.000 1.000 1.000 1.000 1.000 1.000  1.4791704259E-01   0.00159   1.00000   0.00000   0.00000   0.5994432E-03
  5873  6.973023449476585E+06  26.851839  5.512430  4.519664  0.5352098E+00  0.4509198E+00  1.1408003E-05  8.6488593E-04  1.0362572E-04  5.5915435E-03  2.9984097E-03  2.1757479E-06  5.3184838E-06  2.0670723E-03  7.1598846E-05  0.4129    4.519664  -5.871  1.065100  7.791610  0.1081655E-02  0.9852735E+00  4.4819917E-15  1.3019044E-04  3.6066950E-05  9.0461282E-03  1.1990750E-04  1.5419914E-07  2.7188273E-10  1.9764139E-03  1.2830901E-05  3.502E-14  4.063E-21  2.823E+11  2.580E+11  6.718E+01  2.787E+05  0.16514928  4.048E-06  3.007E-05  9.959E-01  4.170E-07  3.811E-06  1.005E+00  575   11.2189  9.34E-03 8.8888E+00 1.3660E+01    4.44E+02 0.00E+00 4.89E+01  0.164502  0.285966 4.44E+02 0.00E+00 4.91E+01  0.165149  0.285990  0.0000000E+00  0.0000000E+00  3.0681466E-05  9.8416248E-01  1.3705441E-01  1.2889585E-04 -6.0354255E-01  1.8132350E-01  2.4566315E-01 0.000 0.415 1.000 1.000 1.000 1.000 1.000 1.000 1.000 1.000 1.000 1.000 1.000 1.000 1.000 1.000 1.000 1.000 1.000 1.000 1.000 1.000 1.000 1.000 1.000 1.000 1.000 1.000 1.000 1.000 1.000 1.000 1.000 1.000 1.000 1.000 1.000 1.000 1.000 1.000  1.4788636112E-01   0.00151   1.00000   0.00000   0.00000   0.5992228E-03
  5874  6.973313924067775E+06  26.851445  5.512755  4.520377  0.5352097E+00  0.4509199E+00  1.1408002E-05  8.6488588E-04  1.0362571E-04  5.5915437E-03  2.9984096E-03  2.1757478E-06  5.3184835E-06  2.0670723E-03  7.1598843E-05  0.4125    4.520377  -5.868  1.070150  7.793264  0.1017196E-02  0.9853381E+00  3.9003951E-15  1.3066220E-04  3.6199568E-05  9.0455077E-03  1.1982440E-04  1.5445004E-07  2.7025106E-10  1.9763977E-03  1.2867288E-05  3.502E-14  4.063E-21  2.909E+11  2.726E+11  6.923E+01  2.944E+05  0.16502637  4.063E-06  3.030E-05  9.959E-01  4.169E-07  3.811E-06  1.005E+00  575   11.2189  9.34E-03 8.8881E+00 1.3659E+01    4.44E+02 0.00E+00 4.89E+01  0.164469  0.286188 4.44E+02 0.00E+00 4.91E+01  0.165026  0.286208  0.0000000E+00  0.0000000E+00  3.0821029E-05  9.7788469E-01  1.3705070E-01  1.2977977E-04 -6.0565271E-01  1.8194760E-01  2.4653654E-01 0.000 0.415 1.000 1.000 1.000 1.000 1.000 1.000 1.000 1.000 1.000 1.000 1.000 1.000 1.000 1.000 1.000 1.000 1.000 1.000 1.000 1.000 1.000 1.000 1.000 1.000 1.000 1.000 1.000 1.000 1.000 1.000 1.000 1.000 1.000 1.000 1.000 1.000 1.000 1.000  1.4785554009E-01   0.00142   1.00000   0.00000   0.00000   0.5989242E-03
  5875  6.973604398658965E+06  26.851049  5.513094  4.521117  0.5351702E+00  0.4509595E+00  1.1406215E-05  8.6477673E-04  1.0362028E-04  5.5919584E-03  2.9980887E-03  2.1755538E-06  5.3178141E-06  2.0670662E-03  7.1590999E-05  0.4126    4.521117  -5.865  1.075414  7.794983  0.9518951E-03  0.9854035E+00  3.1203769E-15  1.3116409E-04  3.6340052E-05  9.0448459E-03  1.1973855E-04  1.5472280E-07  2.6852628E-10  1.9763816E-03  1.2904431E-05  3.502E-14  4.063E-21  3.000E+11  2.883E+11  7.140E+01  3.114E+05  0.16520718  4.086E-06  3.054E-05  9.959E-01  4.170E-07  3.810E-06  1.005E+00  575   11.2189  9.34E-03 8.8874E+00 1.3659E+01    4.45E+02 0.00E+00 4.89E+01  0.164318  0.286422 4.45E+02 0.00E+00 4.92E+01  0.165207  0.286432  0.0000000E+00  0.0000000E+00  3.0943295E-05  9.7133463E-01  1.3702570E-01  1.3071150E-04 -6.0789023E-01  1.8260966E-01  2.4746164E-01 0.000 0.414 1.000 1.000 1.000 1.000 1.000 1.000 1.000 1.000 1.000 1.000 1.000 1.000 1.000 1.000 1.000 1.000 1.000 1.000 1.000 1.000 1.000 1.000 1.000 1.000 1.000 1.000 1.000 1.000 1.000 1.000 1.000 1.000 1.000 1.000 1.000 1.000 1.000 1.000  1.4782459680E-01   0.00133   1.00000   0.00000   0.00000   0.5985260E-03
  5876  6.973894873250155E+06  26.850650  5.513466  4.521917  0.5351493E+00  0.4509804E+00  1.1405271E-05  8.6471909E-04  1.0361741E-04  5.5921774E-03  2.9979192E-03  2.1754513E-06  5.3174606E-06  2.0670629E-03  7.1586857E-05  0.4123    4.521917  -5.862  1.081070  7.796828  0.8876409E-03  0.9854678E+00  2.6379838E-15  1.3168693E-04  3.6486553E-05  9.0441530E-03  1.1965294E-04  1.5503300E-07  2.6670762E-10  1.9763660E-03  1.2941780E-05  3.502E-14  4.063E-21  3.100E+11  3.063E+11  7.379E+01  3.308E+05  0.16515270  4.105E-06  3.080E-05  9.959E-01  4.170E-07  3.810E-06  1.005E+00  575   11.2189  9.34E-03 8.8866E+00 1.3658E+01    4.46E+02 0.00E+00 4.91E+01  0.164473  0.286649 4.46E+02 0.00E+00 4.93E+01  0.165153  0.286674  0.0000000E+00  0.0000000E+00  3.1128323E-05  9.6442607E-01  1.3701703E-01  1.3171982E-04 -6.1028191E-01  1.8331786E-01  2.4844962E-01 0.000 0.414 1.000 1.000 1.000 1.000 1.000 1.000 1.000 1.000 1.000 1.000 1.000 1.000 1.000 1.000 1.000 1.000 1.000 1.000 1.000 1.000 1.000 1.000 1.000 1.000 1.000 1.000 1.000 1.000 1.000 1.000 1.000 1.000 1.000 1.000 1.000 1.000 1.000 1.000  1.4779346847E-01   0.00124   1.00000   0.00000   0.00000   0.5982432E-03
  5877  6.974185347841345E+06  26.850248  5.513861  4.522746  0.5351119E+00  0.4510177E+00  1.1403586E-05  8.6461625E-04  1.0361228E-04  5.5925681E-03  2.9976169E-03  2.1752685E-06  5.3168299E-06  2.0670572E-03  7.1579467E-05  0.4120    4.522746  -5.859  1.087077  7.798787  0.8244931E-03  0.9855311E+00  2.2122715E-15  1.3223270E-04  3.6639458E-05  9.0434262E-03  1.1956760E-04  1.5538356E-07  2.6479510E-10  1.9763510E-03  1.2979324E-05  3.502E-14  4.063E-21  3.210E+11  3.266E+11  7.641E+01  3.528E+05  0.16547680  4.133E-06  3.108E-05  9.959E-01  4.170E-07  3.809E-06  1.005E+00  575   11.2189  9.34E-03 8.8857E+00 1.3657E+01    4.46E+02 0.00E+00 4.91E+01  0.164360  0.286915 4.46E+02 0.00E+00 4.95E+01  0.165477  0.286933  0.0000000E+00  0.0000000E+00  3.1281339E-05  9.5717167E-01  1.3698374E-01  1.3278893E-04 -6.1283030E-01  1.8407287E-01  2.4950106E-01 0.000 0.414 1.000 1.000 1.000 1.000 1.000 1.000 1.000 1.000 1.000 1.000 1.000 1.000 1.000 1.000 1.000 1.000 1.000 1.000 1.000 1.000 1.000 1.000 1.000 1.000 1.000 1.000 1.000 1.000 1.000 1.000 1.000 1.000 1.000 1.000 1.000 1.000 1.000 1.000  1.4776218714E-01   0.00115   1.00000   0.00000   0.00000   0.5977632E-03
  5878  6.974475822432535E+06  26.849844  5.514286  4.523611  0.5350896E+00  0.4510400E+00  1.1402580E-05  8.6455479E-04  1.0360922E-04  5.5928016E-03  2.9974362E-03  2.1751593E-06  5.3164529E-06  2.0670538E-03  7.1575051E-05  0.4116    4.523611  -5.856  1.093457  7.800866  0.7625299E-03  0.9855932E+00  1.8363484E-15  1.3280326E-04  3.6799188E-05  9.0426628E-03  1.1948259E-04  1.5577875E-07  2.6277906E-10  1.9763366E-03  1.3017037E-05  3.502E-14  4.063E-21  3.331E+11  3.496E+11  7.927E+01  3.776E+05  0.16549705  4.156E-06  3.138E-05  9.959E-01  4.170E-07  3.808E-06  1.005E+00  575   11.2189  9.34E-03 8.8848E+00 1.3656E+01    4.47E+02 0.00E+00 4.93E+01  0.164656  0.287191 4.47E+02 0.00E+00 4.96E+01  0.165497  0.287214  0.0000000E+00  0.0000000E+00  3.1516156E-05  9.4955360E-01  1.3697297E-01  1.3394413E-04 -6.1554673E-01  1.8487811E-01  2.5062065E-01 0.000 0.414 1.000 1.000 1.000 1.000 1.000 1.000 1.000 1.000 1.000 1.000 1.000 1.000 1.000 1.000 1.000 1.000 1.000 1.000 1.000 1.000 1.000 1.000 1.000 1.000 1.000 1.000 1.000 1.000 1.000 1.000 1.000 1.000 1.000 1.000 1.000 1.000 1.000 1.000  1.4773067098E-01   0.00106   1.00000   0.00000   0.00000   0.5971100E-03
  5879  6.974766297023725E+06  26.849436  5.514744  4.524528  0.5350550E+00  0.4510747E+00  1.1401014E-05  8.6445921E-04  1.0360446E-04  5.5931647E-03  2.9971552E-03  2.1749893E-06  5.3158667E-06  2.0670484E-03  7.1568183E-05  0.4112    4.524528  -5.853  1.100242  7.803076  0.7018447E-03  0.9856540E+00  1.5076887E-15  1.3340038E-04  3.6966179E-05  9.0418602E-03  1.1939800E-04  1.5622216E-07  2.6065673E-10  1.9763230E-03  1.3054885E-05  3.502E-14  4.063E-21  3.462E+11  3.757E+11  8.241E+01  4.058E+05  0.16595262  4.190E-06  3.171E-05  9.959E-01  4.170E-07  3.808E-06  1.005E+00  575   11.2189  9.34E-03 8.8838E+00 1.3655E+01    4.48E+02 0.00E+00 4.94E+01  0.164644  0.287490 4.48E+02 0.00E+00 4.98E+01  0.165953  0.287515  0.0000000E+00  0.0000000E+00  3.1702554E-05  9.4154822E-01  1.3693631E-01  1.3517253E-04 -6.1844595E-01  1.8573799E-01  2.5181443E-01 0.000 0.414 1.000 1.000 1.000 1.000 1.000 1.000 1.000 1.000 1.000 1.000 1.000 1.000 1.000 1.000 1.000 1.000 1.000 1.000 1.000 1.000 1.000 1.000 1.000 1.000 1.000 1.000 1.000 1.000 1.000 1.000 1.000 1.000 1.000 1.000 1.000 1.000 1.000 1.000  1.4769896843E-01   0.00098   1.00000   0.00000   0.00000   0.5965877E-03
  5880  6.975056771614915E+06  26.849024  5.515236  4.525482  0.5350329E+00  0.4510968E+00  1.1400019E-05  8.6439841E-04  1.0360143E-04  5.5933957E-03  2.9969765E-03  2.1748812E-06  5.3154938E-06  2.0670450E-03  7.1563815E-05  0.4108    4.525482  -5.849  1.107474  7.805431  0.6425482E-03  0.9857134E+00  1.2231332E-15  1.3402558E-04  3.7140811E-05  9.0410161E-03  1.1931393E-04  1.5671969E-07  2.5841619E-10  1.9763103E-03  1.3092818E-05  3.502E-14  4.063E-21  3.607E+11  4.055E+11  8.585E+01  4.380E+05  0.16597538  4.215E-06  3.205E-05  9.959E-01  4.170E-07  3.807E-06  1.005E+00  575   11.2189  9.34E-03 8.8828E+00 1.3654E+01    4.49E+02 0.00E+00 4.96E+01  0.165046  0.287815 4.49E+02 0.00E+00 4.99E+01  0.165975  0.287841  0.0000000E+00  0.0000000E+00  3.1985110E-05  9.3312380E-01  1.3692542E-01  1.3650565E-04 -6.2154800E-01  1.8665847E-01  2.5309044E-01 0.000 0.414 1.000 1.000 1.000 1.000 1.000 1.000 1.000 1.000 1.000 1.000 1.000 1.000 1.000 1.000 1.000 1.000 1.000 1.000 1.000 1.000 1.000 1.000 1.000 1.000 1.000 1.000 1.000 1.000 1.000 1.000 1.000 1.000 1.000 1.000 1.000 1.000 1.000 1.000  1.4766698332E-01   0.00090   1.00000   0.00000   0.00000   0.5958619E-03
  5881  6.975347246206105E+06  26.848609  5.515768  4.526501  0.5349975E+00  0.4511322E+00  1.1398421E-05  8.6430087E-04  1.0359657E-04  5.5937663E-03  2.9966897E-03  2.1747078E-06  5.3148956E-06  2.0670396E-03  7.1556806E-05  0.4102    4.526501  -5.845  1.115200  7.807944  0.5847643E-03  0.9857713E+00  9.7951738E-16  1.3468072E-04  3.7323535E-05  9.0401277E-03  1.1923051E-04  1.5727714E-07  2.5604674E-10  1.9762984E-03  1.3130779E-05  1.006E-14  8.593E-22  3.767E+11  4.398E+11  8.965E+01  4.749E+05  0.16619302  4.246E-06  3.243E-05  9.959E-01  4.170E-07  3.806E-06  1.005E+00  575   11.2189  9.34E-03 8.8817E+00 1.3653E+01    4.50E+02 0.00E+00 4.97E+01  0.165036  0.288162 4.50E+02 0.00E+00 5.00E+01  0.166193  0.288192  0.0000000E+00  0.0000000E+00  3.2195569E-05  9.2424349E-01  1.3690384E-01  1.3794156E-04 -6.2487516E-01  1.8764624E-01  2.5445784E-01 0.000 0.414 1.000 1.000 1.000 1.000 1.000 1.000 1.000 1.000 1.000 1.000 1.000 1.000 1.000 1.000 1.000 1.000 1.000 1.000 1.000 1.000 1.000 1.000 1.000 1.000 1.000 1.000 1.000 1.000 1.000 1.000 1.000 1.000 1.000 1.000 1.000 1.000 1.000 1.000  1.4763478775E-01   0.00082   1.00000   0.00000   0.00000   0.5951222E-03
  5882  6.975521530960819E+06  26.848359  5.516119  4.527139  0.5349745E+00  0.4511553E+00  1.1397382E-05  8.6423744E-04  1.0359341E-04  5.5940073E-03  2.9965033E-03  2.1745951E-06  5.3145066E-06  2.0670360E-03  7.1552248E-05  0.4110    4.527139  -5.843  1.120303  7.809595  0.5470831E-03  0.9858092E+00  7.6991845E-16  1.3594119E-04  3.7631453E-05  9.0383749E-03  1.1917378E-04  1.5854763E-07  2.4832580E-10  1.9762913E-03  1.3159277E-05  1.006E-14  8.593E-22  3.873E+11  4.635E+11  9.218E+01  5.005E+05  0.16648784  4.270E-06  3.268E-05  9.959E-01  4.170E-07  3.806E-06  1.005E+00  575   11.2189  9.34E-03 8.8808E+00 1.3653E+01    4.50E+02 0.00E+00 4.99E+01  0.165590  0.288400 4.50E+02 0.00E+00 5.02E+01  0.166488  0.288423  0.0000000E+00  0.0000000E+00  1.9471106E-05  9.1854897E-01  1.3688293E-01  1.3888132E-04 -6.2705511E-01  1.8829313E-01  2.5535383E-01 0.000 0.414 1.000 1.000 1.000 1.000 1.000 1.000 1.000 1.000 1.000 1.000 1.000 1.000 1.000 1.000 1.000 1.000 1.000 1.000 1.000 1.000 1.000 1.000 1.000 1.000 1.000 1.000 1.000 1.000 1.000 1.000 1.000 1.000 1.000 1.000 1.000 1.000 1.000 1.000  1.4761531664E-01   0.00076   1.00000   0.00000   0.00000   0.5943885E-03
  5883  6.975695815715533E+06  26.848107  5.516501  4.527814  0.5349572E+00  0.4511726E+00  1.1396600E-05  8.6418971E-04  1.0359103E-04  5.5941886E-03  2.9963630E-03  2.1745102E-06  5.3142139E-06  2.0670334E-03  7.1548819E-05  0.4102    4.527814  -5.840  1.125726  7.811353  0.5101145E-03  0.9858464E+00  6.5133886E-16  1.3702686E-04  3.7918204E-05  9.0368482E-03  1.1911743E-04  1.5965866E-07  2.4353823E-10  1.9762846E-03  1.3187542E-05  1.006E-14  8.593E-22  3.991E+11  4.904E+11  9.498E+01  5.296E+05  0.16674235  4.294E-06  3.295E-05  9.958E-01  4.170E-07  3.806E-06  1.005E+00  575   11.2189  9.34E-03 8.8800E+00 1.3652E+01    4.51E+02 0.00E+00 5.01E+01  0.165864  0.288653 4.51E+02 0.00E+00 5.03E+01  0.166742  0.288676  0.0000000E+00  0.0000000E+00  1.9593010E-05  9.1254561E-01  1.3686661E-01  1.3989247E-04 -6.2938460E-01  1.8898459E-01  2.5631027E-01 0.000 0.414 1.000 1.000 1.000 1.000 1.000 1.000 1.000 1.000 1.000 1.000 1.000 1.000 1.000 1.000 1.000 1.000 1.000 1.000 1.000 1.000 1.000 1.000 1.000 1.000 1.000 1.000 1.000 1.000 1.000 1.000 1.000 1.000 1.000 1.000 1.000 1.000 1.000 1.000  1.4759572363E-01   0.00071   1.00000   0.00000   0.00000   0.5935906E-03
  5884  6.975870100470247E+06  26.847853  5.516913  4.528524  0.5349401E+00  0.4511896E+00  1.1395832E-05  8.6414282E-04  1.0358869E-04  5.5943668E-03  2.9962251E-03  2.1744269E-06  5.3139263E-06  2.0670307E-03  7.1545450E-05  0.4095    4.528524  -5.837  1.131522  7.813230  0.4734411E-03  0.9858833E+00  5.2627313E-16  1.3799852E-04  3.8186428E-05  9.0354747E-03  1.1906076E-04  1.6067778E-07  2.4014402E-10  1.9762784E-03  1.3215851E-05  1.006E-14  8.593E-22  4.120E+11  5.208E+11  9.804E+01  5.624E+05  0.16698477  4.318E-06  3.324E-05  9.958E-01  4.170E-07  3.805E-06  1.005E+00  575   11.2189  9.34E-03 8.8790E+00 1.3651E+01    4.52E+02 0.00E+00 5.02E+01  0.166084  0.288927 4.52E+02 0.00E+00 5.05E+01  0.166985  0.288950  0.0000000E+00  0.0000000E+00  1.9715314E-05  9.0624191E-01  1.3685103E-01  1.4097508E-04 -6.3187093E-01  1.8972282E-01  2.5733065E-01 0.000 0.412 1.000 1.000 1.000 1.000 1.000 1.000 1.000 1.000 1.000 1.000 1.000 1.000 1.000 1.000 1.000 1.000 1.000 1.000 1.000 1.000 1.000 1.000 1.000 1.000 1.000 1.000 1.000 1.000 1.000 1.000 1.000 1.000 1.000 1.000 1.000 1.000 1.000 1.000  1.4757600832E-01   0.00066   1.00000   0.00000   0.00000   0.5926578E-03
  5885  6.976044385224961E+06  26.847598  5.517353  4.529267  0.5349229E+00  0.4512069E+00  1.1395055E-05  8.6409535E-04  1.0358633E-04  5.5945471E-03  2.9960856E-03  2.1743425E-06  5.3136352E-06  2.0670281E-03  7.1542040E-05  0.4086    4.529267  -5.834  1.137703  7.815229  0.4375661E-03  0.9859193E+00  4.3637200E-16  1.3888253E-04  3.8436429E-05  9.0342228E-03  1.1900453E-04  1.6164132E-07  2.3741257E-10  1.9762728E-03  1.3243926E-05  1.006E-14  8.593E-22  4.259E+11  5.550E+11  1.014E+02  5.994E+05  0.16725025  4.344E-06  3.355E-05  9.958E-01  4.171E-07  3.805E-06  1.005E+00  575   11.2189  9.34E-03 8.8779E+00 1.3650E+01    4.52E+02 0.00E+00 5.04E+01  0.166295  0.289221 4.52E+02 0.00E+00 5.06E+01  0.167250  0.289242  0.0000000E+00  0.0000000E+00  1.9842421E-05  8.9960135E-01  1.3683620E-01  1.4213806E-04 -6.3452829E-01  1.9051210E-01  2.5842046E-01 0.000 0.412 1.000 1.000 1.000 1.000 1.000 1.000 1.000 1.000 1.000 1.000 1.000 1.000 1.000 1.000 1.000 1.000 1.000 1.000 1.000 1.000 1.000 1.000 1.000 1.000 1.000 1.000 1.000 1.000 1.000 1.000 1.000 1.000 1.000 1.000 1.000 1.000 1.000 1.000  1.4755616590E-01   0.00061   1.00000   0.00000   0.00000   0.5915575E-03
  5886  6.976218669979675E+06  26.847341  5.517825  4.530049  0.5349044E+00  0.4512254E+00  1.1394218E-05  8.6404427E-04  1.0358378E-04  5.5947412E-03  2.9959354E-03  2.1742517E-06  5.3133219E-06  2.0670252E-03  7.1538370E-05  0.4077    4.530049  -5.831  1.144284  7.817356  0.4025373E-03  0.9859545E+00  3.5825277E-16  1.3970774E-04  3.8672083E-05  9.0330545E-03  1.1894879E-04  1.6258427E-07  2.3492621E-10  1.9762679E-03  1.3271757E-05  1.006E-14  8.593E-22  4.412E+11  5.937E+11  1.050E+02  6.412E+05  0.16751967  4.371E-06  3.388E-05  9.958E-01  4.171E-07  3.804E-06  1.005E+00  575   11.2189  9.34E-03 8.8768E+00 1.3649E+01    4.53E+02 0.00E+00 5.05E+01  0.166532  0.289532 4.53E+02 0.00E+00 5.08E+01  0.167520  0.289556  0.0000000E+00  0.0000000E+00  1.9977856E-05  8.9261884E-01  1.3682125E-01  1.4338590E-04 -6.3736581E-01  1.9135509E-01  2.5958341E-01 0.000 0.412 1.000 1.000 1.000 1.000 1.000 1.000 1.000 1.000 1.000 1.000 1.000 1.000 1.000 1.000 1.000 1.000 1.000 1.000 1.000 1.000 1.000 1.000 1.000 1.000 1.000 1.000 1.000 1.000 1.000 1.000 1.000 1.000 1.000 1.000 1.000 1.000 1.000 1.000  1.4753618804E-01   0.00056   1.00000   0.00000   0.00000   0.5903102E-03
  5887  6.976392954734389E+06  26.847082  5.518332  4.530868  0.5348849E+00  0.4512449E+00  1.1393341E-05  8.6399072E-04  1.0358111E-04  5.5949446E-03  2.9957780E-03  2.1741565E-06  5.3129935E-06  2.0670222E-03  7.1534523E-05  0.4070    4.530868  -5.828  1.151302  7.819622  0.3681240E-03  0.9859891E+00  2.8124949E-16  1.4050340E-04  3.8899214E-05  9.0319299E-03  1.1889312E-04  1.6354076E-07  2.3244776E-10  1.9762637E-03  1.3299558E-05  1.006E-14  8.593E-22  4.579E+11  6.376E+11  1.090E+02  6.886E+05  0.16783445  4.400E-06  3.424E-05  9.958E-01  4.171E-07  3.804E-06  1.005E+00  575   11.2189  9.34E-03 8.8756E+00 1.3648E+01    4.54E+02 0.00E+00 5.07E+01  0.166763  0.289868 4.54E+02 0.00E+00 5.10E+01  0.167834  0.289894  0.0000000E+00  0.0000000E+00  2.0120336E-05  8.8528649E-01  1.3680605E-01  1.4472680E-04 -6.4039950E-01  1.9225654E-01  2.6082605E-01 0.000 0.408 1.000 1.000 1.000 1.000 1.000 1.000 1.000 1.000 1.000 1.000 1.000 1.000 1.000 1.000 1.000 1.000 1.000 1.000 1.000 1.000 1.000 1.000 1.000 1.000 1.000 1.000 1.000 1.000 1.000 1.000 1.000 1.000 1.000 1.000 1.000 1.000 1.000 1.000  1.4751606770E-01   0.00051   1.00000   0.00000   0.00000   0.5888928E-03
  5888  6.976567239489103E+06  26.846822  5.518875  4.531730  0.5348648E+00  0.4512650E+00  1.1392436E-05  8.6393543E-04  1.0357836E-04  5.5951547E-03  2.9956155E-03  2.1740582E-06  5.3126544E-06  2.0670192E-03  7.1530550E-05  0.4067    4.531730  -5.825  1.158867  7.822056  0.3346864E-03  0.9860226E+00  2.2448408E-16  1.4127726E-04  3.9119273E-05  9.0308377E-03  1.1883808E-04  1.6452503E-07  2.2989639E-10  1.9762603E-03  1.3327071E-05  1.006E-14  8.593E-22  4.762E+11  6.877E+11  1.133E+02  7.427E+05  0.16815541  4.431E-06  3.463E-05  9.958E-01  4.171E-07  3.804E-06  1.005E+00  575   11.2189  9.34E-03 8.8742E+00 1.3646E+01    4.54E+02 0.00E+00 5.08E+01  0.167042  0.290229 4.54E+02 0.00E+00 5.12E+01  0.168155  0.290255  0.0000000E+00  0.0000000E+00  2.0275654E-05  8.7756343E-01  1.3679076E-01  1.4617195E-04 -6.4365228E-01  1.9322326E-01  2.6215770E-01 0.000 0.408 1.000 1.000 1.000 1.000 1.000 1.000 1.000 1.000 1.000 1.000 1.000 1.000 1.000 1.000 1.000 1.000 1.000 1.000 1.000 1.000 1.000 1.000 1.000 1.000 1.000 1.000 1.000 1.000 1.000 1.000 1.000 1.000 1.000 1.000 1.000 1.000 1.000 1.000  1.4749579205E-01   0.00047   1.00000   0.00000   0.00000   0.5872995E-03
  5889  6.976741524243817E+06  26.846559  5.519460  4.532637  0.5348443E+00  0.4512855E+00  1.1391508E-05  8.6387881E-04  1.0357553E-04  5.5953698E-03  2.9954490E-03  2.1739575E-06  5.3123071E-06  2.0670160E-03  7.1526482E-05  0.4053    4.532637  -5.821  1.166901  7.824644  0.3023087E-03  0.9860552E+00  1.7667548E-16  1.4204111E-04  3.9335043E-05  9.0297611E-03  1.1878380E-04  1.6555450E-07  2.2721416E-10  1.9762578E-03  1.3354247E-05  1.006E-14  8.593E-22  4.963E+11  7.450E+11  1.181E+02  8.046E+05  0.16857118  4.465E-06  3.505E-05  9.958E-01  4.171E-07  3.803E-06  1.005E+00  575   11.2189  9.34E-03 8.8728E+00 1.3645E+01    4.55E+02 0.00E+00 5.10E+01  0.167322  0.290615 4.55E+02 0.00E+00 5.14E+01  0.168571  0.290646  0.0000000E+00  0.0000000E+00  2.0438839E-05  8.6943675E-01  1.3677520E-01  1.4772717E-04 -6.4713537E-01  1.9425863E-01  2.6358285E-01 0.000 0.408 1.000 1.000 1.000 1.000 1.000 1.000 1.000 1.000 1.000 1.000 1.000 1.000 1.000 1.000 1.000 1.000 1.000 1.000 1.000 1.000 1.000 1.000 1.000 1.000 1.000 1.000 1.000 1.000 1.000 1.000 1.000 1.000 1.000 1.000 1.000 1.000 1.000 1.000  1.4747535321E-01   0.00042   1.00000   0.00000   0.00000   0.5854915E-03
  5890  6.976915808998531E+06  26.846294  5.520088  4.533585  0.5348235E+00  0.4513063E+00  1.1390572E-05  8.6382168E-04  1.0357269E-04  5.5955868E-03  2.9952811E-03  2.1738559E-06  5.3119568E-06  2.0670128E-03  7.1522378E-05  0.4038    4.533585  -5.818  1.175478  7.827406  0.2710775E-03  0.9860865E+00  1.3679744E-16  1.4280421E-04  3.9548893E-05  9.0286866E-03  1.1873040E-04  1.6664380E-07  2.2436953E-10  1.9762562E-03  1.3381032E-05  1.006E-14  8.593E-22  5.183E+11  8.108E+11  1.233E+02  8.756E+05  0.16895379  4.500E-06  3.551E-05  9.957E-01  4.171E-07  3.803E-06  1.005E+00  575   11.2189  9.34E-03 8.8712E+00 1.3643E+01    4.56E+02 0.00E+00 5.12E+01  0.167698  0.291033 4.56E+02 0.00E+00 5.16E+01  0.168954  0.291065  0.0000000E+00  0.0000000E+00  2.0623479E-05  8.6088595E-01  1.3675975E-01  1.4940460E-04 -6.5086976E-01  1.9536886E-01  2.6510974E-01 0.000 0.408 1.000 1.000 1.000 1.000 1.000 1.000 1.000 1.000 1.000 1.000 1.000 1.000 1.000 1.000 1.000 1.000 1.000 1.000 1.000 1.000 1.000 1.000 1.000 1.000 1.000 1.000 1.000 1.000 1.000 1.000 1.000 1.000 1.000 1.000 1.000 1.000 1.000 1.000  1.4745472973E-01   0.00038   1.00000   0.00000   0.00000   0.5834399E-03
  5891  6.977090093753245E+06  26.846026  5.520757  4.534533  0.5348025E+00  0.4513273E+00  1.1389624E-05  8.6376379E-04  1.0356980E-04  5.5958068E-03  2.9951109E-03  2.1737530E-06  5.3116017E-06  2.0670096E-03  7.1518219E-05  0.4036    4.534533  -5.814  1.184733  7.830377  0.2408246E-03  0.9861169E+00  1.0061685E-16  1.4358197E-04  3.9764737E-05  9.0275925E-03  1.1867758E-04  1.6781621E-07  2.2130546E-10  1.9762557E-03  1.3407599E-05  1.980E-15  1.050E-22  5.424E+11  8.866E+11  1.291E+02  9.575E+05  0.16943330  4.538E-06  3.600E-05  9.957E-01  4.171E-07  3.802E-06  1.005E+00  575   11.2189  9.34E-03 8.8695E+00 1.3642E+01    4.57E+02 0.00E+00 5.14E+01  0.168044  0.291482 4.57E+02 0.00E+00 5.18E+01  0.169433  0.291513  0.0000000E+00  0.0000000E+00  2.0812640E-05  8.5188719E-01  1.3674400E-01  1.5122050E-04 -6.5489058E-01  1.9656432E-01  2.6675301E-01 0.000 0.405 1.000 1.000 1.000 1.000 1.000 1.000 1.000 1.000 1.000 1.000 1.000 1.000 1.000 1.000 1.000 1.000 1.000 1.000 1.000 1.000 1.000 1.000 1.000 1.000 1.000 1.000 1.000 1.000 1.000 1.000 1.000 1.000 1.000 1.000 1.000 1.000 1.000 1.000  1.4743391709E-01   0.00034   1.00000   0.00000   0.00000   0.5809278E-03
  5892  6.977194664606073E+06  26.845865  5.521198  4.535126  0.5347898E+00  0.4513400E+00  1.1389053E-05  8.6372888E-04  1.0356806E-04  5.5959394E-03  2.9950083E-03  2.1736910E-06  5.3113876E-06  2.0670076E-03  7.1515711E-05  0.4019    4.535126  -5.811  1.190746  7.832307  0.2211491E-03  0.9861368E+00  7.6318362E-17  1.4470638E-04  4.0026173E-05  9.0260298E-03  1.1864169E-04  1.6980855E-07  2.1143621E-10  1.9762563E-03  1.3427401E-05  1.980E-15  1.050E-22  5.586E+11  9.394E+11  1.329E+02  1.015E+06  0.16973180  4.561E-06  3.633E-05  9.957E-01  4.172E-07  3.802E-06  1.005E+00  575   11.2189  9.34E-03 8.8683E+00 1.3641E+01    4.57E+02 0.00E+00 5.17E+01  0.168892  0.291780 4.57E+02 0.00E+00 5.20E+01  0.169732  0.291808  0.0000000E+00  0.0000000E+00  1.2606793E-05  8.4613813E-01  1.3673448E-01  1.5240892E-04 -6.5750915E-01  1.9734265E-01  2.6782319E-01 0.000 0.405 1.000 1.000 1.000 1.000 1.000 1.000 1.000 1.000 1.000 1.000 1.000 1.000 1.000 1.000 1.000 1.000 1.000 1.000 1.000 1.000 1.000 1.000 1.000 1.000 1.000 1.000 1.000 1.000 1.000 1.000 1.000 1.000 1.000 1.000 1.000 1.000 1.000 1.000  1.4742131030E-01   0.00031   1.00000   0.00000   0.00000   0.5790772E-03
  5893  6.977299235458901E+06  26.845702  5.521669  4.535766  0.5347770E+00  0.4513528E+00  1.1388476E-05  8.6369366E-04  1.0356630E-04  5.5960732E-03  2.9949048E-03  2.1736283E-06  5.3111716E-06  2.0670056E-03  7.1513181E-05  0.4007    4.535766  -5.809  1.197200  7.834367  0.2019585E-03  0.9861562E+00  6.0031396E-17  1.4573596E-04  4.0283090E-05  9.0245820E-03  1.1860618E-04  1.7165472E-07  2.0490579E-10  1.9762575E-03  1.3446920E-05  1.980E-15  1.050E-22  5.762E+11  9.990E+11  1.371E+02  1.079E+06  0.17006145  4.586E-06  3.668E-05  9.957E-01  4.172E-07  3.802E-06  1.005E+00  576   11.2085  9.34E-03 8.8670E+00 1.3640E+01    4.58E+02 0.00E+00 5.19E+01  0.169173  0.292101 4.58E+02 0.00E+00 5.22E+01  0.170061  0.292124  0.0000000E+00  0.0000000E+00  1.2687321E-05  8.4008200E-01  1.3672479E-01  1.5368752E-04 -6.6031368E-01  1.9817628E-01  2.6896865E-01 0.000 0.402 1.000 1.000 1.000 1.000 1.000 1.000 1.000 1.000 1.000 1.000 1.000 1.000 1.000 1.000 1.000 1.000 1.000 1.000 1.000 1.000 1.000 1.000 1.000 1.000 1.000 1.000 1.000 1.000 1.000 1.000 1.000 1.000 1.000 1.000 1.000 1.000 1.000 1.000  1.4740862298E-01   0.00028   1.00000   0.00000   0.00000   0.5772135E-03
  5894  6.977403806311729E+06  26.845539  5.522169  4.536458  0.5347642E+00  0.4513657E+00  1.1387897E-05  8.6365832E-04  1.0356454E-04  5.5962075E-03  2.9948009E-03  2.1735655E-06  5.3109549E-06  2.0670037E-03  7.1510642E-05  0.3999    4.536458  -5.806  1.204133  7.836583  0.1834405E-03  0.9861749E+00  4.8073290E-17  1.4668497E-04  4.0530874E-05  9.0232373E-03  1.1857138E-04  1.7339404E-07  2.0020805E-10  1.9762593E-03  1.3465992E-05  1.980E-15  1.050E-22  5.954E+11  1.066E+12  1.417E+02  1.152E+06  0.17043343  4.614E-06  3.706E-05  9.957E-01  4.172E-07  3.802E-06  1.005E+00  576   11.2085  9.34E-03 8.8656E+00 1.3638E+01    4.59E+02 0.00E+00 5.20E+01  0.169455  0.292439 4.59E+02 0.00E+00 5.23E+01  0.170433  0.292460  0.0000000E+00  0.0000000E+00  1.2772879E-05  8.3369624E-01  1.3671505E-01  1.5506363E-04 -6.6332108E-01  1.9907028E-01  2.7019687E-01 0.000 0.402 1.000 1.000 1.000 1.000 1.000 1.000 1.000 1.000 1.000 1.000 1.000 1.000 1.000 1.000 1.000 1.000 1.000 1.000 1.000 1.000 1.000 1.000 1.000 1.000 1.000 1.000 1.000 1.000 1.000 1.000 1.000 1.000 1.000 1.000 1.000 1.000 1.000 1.000  1.4739585010E-01   0.00026   1.00000   0.00000   0.00000   0.5752995E-03
  5895  6.977508377164558E+06  26.845374  5.522704  4.537182  0.5347514E+00  0.4513785E+00  1.1387319E-05  8.6362302E-04  1.0356278E-04  5.5963416E-03  2.9946971E-03  2.1735028E-06  5.3107384E-06  2.0670017E-03  7.1508106E-05  0.3977    4.537182  -5.803  1.211477  7.838931  0.1656297E-03  0.9861929E+00  3.8021354E-17  1.4757248E-04  4.0768915E-05  9.0219742E-03  1.1853736E-04  1.7507029E-07  1.9642745E-10  1.9762618E-03  1.3484604E-05  1.980E-15  1.050E-22  6.163E+11  1.143E+12  1.467E+02  1.234E+06  0.17080871  4.643E-06  3.747E-05  9.956E-01  4.172E-07  3.801E-06  1.005E+00  576   11.2085  9.34E-03 8.8641E+00 1.3637E+01    4.59E+02 0.00E+00 5.22E+01  0.169774  0.292794 4.59E+02 0.00E+00 5.25E+01  0.170809  0.292820  0.0000000E+00  0.0000000E+00  1.2865548E-05  8.2699712E-01  1.3670537E-01  1.5653814E-04 -6.6652773E-01  2.0002354E-01  2.7150577E-01 0.000 0.402 1.000 1.000 1.000 1.000 1.000 1.000 1.000 1.000 1.000 1.000 1.000 1.000 1.000 1.000 1.000 1.000 1.000 1.000 1.000 1.000 1.000 1.000 1.000 1.000 1.000 1.000 1.000 1.000 1.000 1.000 1.000 1.000 1.000 1.000 1.000 1.000 1.000 1.000  1.4738298455E-01   0.00023   1.00000   0.00000   0.00000   0.5731825E-03
  5896  6.977612948017386E+06  26.845209  5.523269  4.537930  0.5347385E+00  0.4513914E+00  1.1386739E-05  8.6358764E-04  1.0356102E-04  5.5964760E-03  2.9945931E-03  2.1734399E-06  5.3105214E-06  2.0669997E-03  7.1505565E-05  0.3970    4.537930  -5.800  1.219324  7.841435  0.1485594E-03  0.9862101E+00  2.9642821E-17  1.4841376E-04  4.0997775E-05  9.0207742E-03  1.1850418E-04  1.7671852E-07  1.9305759E-10  1.9762649E-03  1.3502738E-05  1.980E-15  1.050E-22  6.390E+11  1.228E+12  1.521E+02  1.327E+06  0.17122116  4.674E-06  3.791E-05  9.956E-01  4.172E-07  3.801E-06  1.005E+00  576   11.2085  9.34E-03 8.8625E+00 1.3635E+01    4.60E+02 0.00E+00 5.24E+01  0.170122  0.293179 4.60E+02 0.00E+00 5.27E+01  0.171221  0.293201  0.0000000E+00  0.0000000E+00  1.2964547E-05  8.1998363E-01  1.3669562E-01  1.5811849E-04 -6.6994627E-01  2.0103984E-01  2.7290083E-01 0.000 0.402 1.000 1.000 1.000 1.000 1.000 1.000 1.000 1.000 1.000 1.000 1.000 1.000 1.000 1.000 1.000 1.000 1.000 1.000 1.000 1.000 1.000 1.000 1.000 1.000 1.000 1.000 1.000 1.000 1.000 1.000 1.000 1.000 1.000 1.000 1.000 1.000 1.000 1.000  1.4737002001E-01   0.00021   1.00000   0.00000   0.00000   0.5708733E-03
  5897  6.977717518870214E+06  26.845042  5.523873  4.538713  0.5347256E+00  0.4514042E+00  1.1386159E-05  8.6355220E-04  1.0355925E-04  5.5966106E-03  2.9944890E-03  2.1733769E-06  5.3103041E-06  2.0669977E-03  7.1503019E-05  0.3951    4.538713  -5.797  1.227635  7.844086  0.1321358E-03  0.9862267E+00  2.2070070E-17  1.4922784E-04  4.1220249E-05  9.0196124E-03  1.1847167E-04  1.7837883E-07  1.8978405E-10  1.9762687E-03  1.3520512E-05  1.980E-15  1.050E-22  6.635E+11  1.325E+12  1.579E+02  1.431E+06  0.17167524  4.707E-06  3.839E-05  9.956E-01  4.172E-07  3.801E-06  1.006E+00  576   11.2085  9.34E-03 8.8607E+00 1.3634E+01    4.61E+02 0.00E+00 5.26E+01  0.170515  0.293580 4.61E+02 0.00E+00 5.29E+01  0.171675  0.293608  0.0000000E+00  0.0000000E+00  1.3069588E-05  8.1265279E-01  1.3668580E-01  1.5980959E-04 -6.7358832E-01  2.0212255E-01  2.7438670E-01 0.000 0.399 1.000 1.000 1.000 1.000 1.000 1.000 1.000 1.000 1.000 1.000 1.000 1.000 1.000 1.000 1.000 1.000 1.000 1.000 1.000 1.000 1.000 1.000 1.000 1.000 1.000 1.000 1.000 1.000 1.000 1.000 1.000 1.000 1.000 1.000 1.000 1.000 1.000 1.000  1.4735695042E-01   0.00019   1.00000   0.00000   0.00000   0.5684035E-03
  5898  6.977822089723042E+06  26.844874  5.524515  4.539527  0.5347127E+00  0.4514171E+00  1.1385578E-05  8.6351675E-04  1.0355749E-04  5.5967453E-03  2.9943847E-03  2.1733138E-06  5.3100866E-06  2.0669957E-03  7.1500472E-05  0.3938    4.539527  -5.794  1.236567  7.846909  0.1164305E-03  0.9862426E+00  1.6093492E-17  1.5002177E-04  4.1437007E-05  9.0184795E-03  1.1843997E-04  1.8007217E-07  1.8645143E-10  1.9762733E-03  1.3537865E-05  1.980E-15  1.050E-22  6.900E+11  1.435E+12  1.642E+02  1.550E+06  0.17210173  4.740E-06  3.890E-05  9.956E-01  4.172E-07  3.800E-06  1.006E+00  577   11.2085  9.34E-03 8.8588E+00 1.3632E+01    4.61E+02 0.00E+00 5.28E+01  0.170935  0.294014 4.61E+02 0.00E+00 5.32E+01  0.172102  0.294041  0.0000000E+00  0.0000000E+00  1.3182650E-05  8.0499717E-01  1.3667595E-01  1.6162081E-04 -6.7746857E-01  2.0327601E-01  2.7596869E-01 0.000 0.396 1.000 1.000 1.000 1.000 1.000 1.000 1.000 1.000 1.000 1.000 1.000 1.000 1.000 1.000 1.000 1.000 1.000 1.000 1.000 1.000 1.000 1.000 1.000 1.000 1.000 1.000 1.000 1.000 1.000 1.000 1.000 1.000 1.000 1.000 1.000 1.000 1.000 1.000  1.4734376777E-01   0.00016   1.00000   0.00000   0.00000   0.5658690E-03
  5899  6.977926660575870E+06  26.844704  5.525201  4.540384  0.5346998E+00  0.4514301E+00  1.1384994E-05  8.6348107E-04  1.0355571E-04  5.5968808E-03  2.9942799E-03  2.1732504E-06  5.3098678E-06  2.0669937E-03  7.1497909E-05  0.3905    4.540384  -5.790  1.246046  7.849923  0.1015129E-03  0.9862576E+00  1.1460636E-17  1.5080196E-04  4.1648929E-05  9.0173670E-03  1.1840924E-04  1.8181696E-07  1.8297354E-10  1.9762788E-03  1.3554731E-05  1.980E-15  1.050E-22  7.189E+11  1.560E+12  1.711E+02  1.685E+06  0.17258497  4.776E-06  3.946E-05  9.955E-01  4.172E-07  3.800E-06  1.006E+00  578   11.1980  9.34E-03 8.8567E+00 1.3630E+01    4.62E+02 0.00E+00 5.30E+01  0.171334  0.294473 4.62E+02 0.00E+00 5.34E+01  0.172585  0.294506  0.0000000E+00  0.0000000E+00  1.3298135E-05  7.9695732E-01  1.3666589E-01  1.6357510E-04 -6.8163014E-01  2.0451310E-01  2.7766542E-01 0.000 0.393 1.000 1.000 1.000 1.000 1.000 1.000 1.000 1.000 1.000 1.000 1.000 1.000 1.000 1.000 1.000 1.000 1.000 1.000 1.000 1.000 1.000 1.000 1.000 1.000 1.000 1.000 1.000 1.000 1.000 1.000 1.000 1.000 1.000 1.000 1.000 1.000 1.000 1.000  1.4733046963E-01   0.00014   1.00000   0.00000   0.00000   0.5631194E-03
  5900  6.978031231428699E+06  26.844533  5.525932  4.541283  0.5346868E+00  0.4514431E+00  1.1384408E-05  8.6344530E-04  1.0355392E-04  5.5970167E-03  2.9941747E-03  2.1731868E-06  5.3096484E-06  2.0669917E-03  7.1495339E-05  0.3881    4.541283  -5.787  1.256221  7.853150  0.8757051E-04  0.9862717E+00  8.2040692E-18  1.5156578E-04  4.1854971E-05  9.0162786E-03  1.1837990E-04  1.8361456E-07  1.7933630E-10  1.9762849E-03  1.3570898E-05  1.980E-15  1.050E-22  7.502E+11  1.703E+12  1.786E+02  1.839E+06  0.17308780  4.814E-06  4.006E-05  9.955E-01  4.173E-07  3.800E-06  1.006E+00  578   11.1980  9.34E-03 8.8544E+00 1.3628E+01    4.63E+02 0.00E+00 5.32E+01  0.171779  0.294969 4.63E+02 0.00E+00 5.36E+01  0.173088  0.295001  0.0000000E+00  0.0000000E+00  1.3424011E-05  7.8853264E-01  1.3665574E-01  1.6567996E-04 -6.8608726E-01  2.0583803E-01  2.7948249E-01 0.000 0.393 1.000 1.000 1.000 1.000 1.000 1.000 1.000 1.000 1.000 1.000 1.000 1.000 1.000 1.000 1.000 1.000 1.000 1.000 1.000 1.000 1.000 1.000 1.000 1.000 1.000 1.000 1.000 1.000 1.000 1.000 1.000 1.000 1.000 1.000 1.000 1.000 1.000 1.000  1.4731704562E-01   0.00012   1.00000   0.00000   0.00000   0.5601360E-03
  5901  6.978135802281527E+06  26.844361  5.526708  4.542223  0.5346737E+00  0.4514562E+00  1.1383819E-05  8.6340939E-04  1.0355213E-04  5.5971532E-03  2.9940691E-03  2.1731229E-06  5.3094282E-06  2.0669897E-03  7.1492759E-05  0.3859    4.542223  -5.783  1.267131  7.856584  0.7454167E-04  0.9862849E+00  5.5443667E-18  1.5232415E-04  4.2057480E-05  9.0151992E-03  1.1835188E-04  1.8549307E-07  1.7545416E-10  1.9762919E-03  1.3586431E-05  3.262E-18  1.542E-26  7.842E+11  1.866E+12  1.866E+02  2.015E+06  0.17369674  4.856E-06  4.071E-05  9.955E-01  4.173E-07  3.800E-06  1.006E+00  578   11.1980  9.34E-03 8.8519E+00 1.3626E+01    4.63E+02 0.00E+00 5.35E+01  0.172245  0.295496 4.64E+02 0.00E+00 5.39E+01  0.173697  0.295528  0.0000000E+00  0.0000000E+00  1.3557045E-05  7.7973404E-01  1.3664544E-01  1.6794487E-04 -6.9085383E-01  2.0725475E-01  2.8142440E-01 0.000 0.389 1.000 1.000 1.000 1.000 1.000 1.000 1.000 1.000 1.000 1.000 1.000 1.000 1.000 1.000 1.000 1.000 1.000 1.000 1.000 1.000 1.000 1.000 1.000 1.000 1.000 1.000 1.000 1.000 1.000 1.000 1.000 1.000 1.000 1.000 1.000 1.000 1.000 1.000  1.4730348858E-01   0.00010   1.00000   0.00000   0.00000   0.5568956E-03
  5902  6.978282201475486E+06  26.844116  5.527849  4.543602  0.5346555E+00  0.4514744E+00  1.1382998E-05  8.6335923E-04  1.0354963E-04  5.5973437E-03  2.9939217E-03  2.1730338E-06  5.3091206E-06  2.0669869E-03  7.1489156E-05  0.3813    4.543602  -5.777  1.283282  7.861687  0.5962250E-04  0.9862999E+00  3.4707475E-18  1.5292124E-04  4.2243509E-05  9.0143295E-03  1.1831959E-04  1.8688516E-07  1.7632543E-10  1.9763010E-03  1.3603439E-05  3.262E-18  1.542E-26  8.349E+11  2.127E+12  1.987E+02  2.297E+06  0.17448989  4.916E-06  4.170E-05  9.954E-01  4.173E-07  3.799E-06  1.006E+00  579   11.1876  9.34E-03 8.8481E+00 1.3623E+01    4.65E+02 0.00E+00 5.37E+01  0.172462  0.296265 4.65E+02 0.00E+00 5.43E+01  0.174490  0.296305  0.0000000E+00  0.0000000E+00  1.9199363E-05  7.6699494E-01  1.3663114E-01  1.7134971E-04 -6.9796111E-01  2.0936756E-01  2.8432008E-01 0.000 0.386 1.000 1.000 1.000 1.000 1.000 1.000 1.000 1.000 1.000 1.000 1.000 1.000 1.000 1.000 1.000 1.000 1.000 1.000 1.000 1.000 1.000 1.000 1.000 1.000 1.000 1.000 1.000 1.000 1.000 1.000 1.000 1.000 1.000 1.000 1.000 1.000 1.000 1.000  1.4728428921E-01   0.00008   1.00000   0.00000   0.00000   0.5521899E-03
  5903  6.978428600669445E+06  26.843869  5.529054  4.545040  0.5346372E+00  0.4514927E+00  1.1382173E-05  8.6330889E-04  1.0354712E-04  5.5975350E-03  2.9937737E-03  2.1729443E-06  5.3088118E-06  2.0669841E-03  7.1485540E-05  0.3774    4.545040  -5.771  1.300762  7.867148  0.4628627E-04  0.9863134E+00  1.8575082E-18  1.5358440E-04  4.2430640E-05  9.0133795E-03  1.1828981E-04  1.8860883E-07  1.7413340E-10  1.9763114E-03  1.3619396E-05  3.262E-18  1.542E-26  8.896E+11  2.431E+12  2.117E+02  2.626E+06  0.17539819  4.980E-06  4.279E-05  9.954E-01  4.173E-07  3.799E-06  1.006E+00  578   11.1876  9.34E-03 8.8441E+00 1.3619E+01    4.66E+02 0.00E+00 5.40E+01  0.173189  0.297080 4.66E+02 0.00E+00 5.47E+01  0.175398  0.297127  0.0000000E+00  0.0000000E+00  1.9489925E-05  7.5378727E-01  1.3661649E-01  1.7503603E-04 -7.0560659E-01  2.1163948E-01  2.8743333E-01 0.000 0.380 1.000 1.000 1.000 1.000 1.000 1.000 1.000 1.000 1.000 1.000 1.000 1.000 1.000 1.000 1.000 1.000 1.000 1.000 1.000 1.000 1.000 1.000 1.000 1.000 1.000 1.000 1.000 1.000 1.000 1.000 1.000 1.000 1.000 1.000 1.000 1.000 1.000 1.000  1.4726479929E-01   0.00007   1.00000   0.00000   0.00000   0.5470261E-03
  5904  6.978574999863405E+06  26.843617  5.530333  4.546542  0.5346189E+00  0.4515111E+00  1.1381347E-05  8.6325841E-04  1.0354461E-04  5.5977267E-03  2.9936253E-03  2.1728545E-06  5.3085022E-06  2.0669813E-03  7.1481914E-05  0.3717    4.546542  -5.765  1.319630  7.873062  0.3479141E-04  0.9863250E+00  9.5650312E-19  1.5428600E-04  4.2616279E-05  9.0123833E-03  1.1826329E-04  1.9060059E-07  1.7003882E-10  1.9763226E-03  1.3633903E-05  3.262E-18  1.542E-26  9.486E+11  2.789E+12  2.258E+02  3.013E+06  0.17639322  5.050E-06  4.401E-05  9.953E-01  4.173E-07  3.798E-06  1.006E+00  580   11.1771  9.34E-03 8.8393E+00 1.3615E+01    4.67E+02 0.00E+00 5.45E+01  0.174051  0.297950 4.67E+02 0.00E+00 5.52E+01  0.176393  0.298003  0.0000000E+00  0.0000000E+00  1.9809488E-05  7.4001875E-01  1.3660179E-01  1.7908980E-04 -7.1390842E-01  2.1410601E-01  2.9081554E-01 0.000 0.376 1.000 1.000 1.000 1.000 1.000 1.000 1.000 1.000 1.000 1.000 1.000 1.000 1.000 1.000 1.000 1.000 1.000 1.000 1.000 1.000 1.000 1.000 1.000 1.000 1.000 1.000 1.000 1.000 1.000 1.000 1.000 1.000 1.000 1.000 1.000 1.000 1.000 1.000  1.4724498980E-01   0.00005   1.00000   0.00000   0.00000   0.5414276E-03
  5905  6.978721399057364E+06  26.843363  5.531688  4.548114  0.5346005E+00  0.4515295E+00  1.1380518E-05  8.6320781E-04  1.0354208E-04  5.5979190E-03  2.9934766E-03  2.1727646E-06  5.3081919E-06  2.0669784E-03  7.1478279E-05  0.3641    4.548114  -5.759  1.340117  7.879454  0.2502641E-04  0.9863349E+00  4.2460272E-19  1.5501944E-04  4.2800806E-05  9.0113484E-03  1.1823998E-04  1.9284267E-07  1.6452461E-10  1.9763345E-03  1.3646985E-05  3.262E-18  1.542E-26  1.012E+12  3.209E+12  2.408E+02  3.466E+06  0.17744546  5.124E-06  4.537E-05  9.953E-01  4.173E-07  3.798E-06  1.006E+00  580   11.1771  9.34E-03 8.8340E+00 1.3611E+01    4.68E+02 0.00E+00 5.49E+01  0.174981  0.298878 4.69E+02 0.00E+00 5.57E+01  0.177445  0.298933  0.0000000E+00  0.0000000E+00  2.0152444E-05  7.2577732E-01  1.3658695E-01  1.8351858E-04 -7.2288931E-01  2.1677331E-01  2.9447448E-01 0.000 0.366 1.000 1.000 1.000 1.000 1.000 1.000 1.000 1.000 1.000 1.000 1.000 1.000 1.000 1.000 1.000 1.000 1.000 1.000 1.000 1.000 1.000 1.000 1.000 1.000 1.000 1.000 1.000 1.000 1.000 1.000 1.000 1.000 1.000 1.000 1.000 1.000 1.000 1.000  1.4722483736E-01   0.00004   1.00000   0.00000   0.00000   0.5354074E-03
  5906  6.978867798251323E+06  26.843104  5.533100  4.549739  0.5345820E+00  0.4515479E+00  1.1379687E-05  8.6315706E-04  1.0353955E-04  5.5981118E-03  2.9933274E-03  2.1726743E-06  5.3078807E-06  2.0669756E-03  7.1474634E-05  0.3559    4.549739  -5.752  1.362337  7.886340  0.1713481E-04  0.9863429E+00  1.7413211E-19  1.5575220E-04  4.2977620E-05  9.0103191E-03  1.1822048E-04  1.9524687E-07  1.5800997E-10  1.9763466E-03  1.3658298E-05  3.262E-18  1.542E-26  1.078E+12  3.691E+12  2.566E+02  3.987E+06  0.17859389  5.203E-06  4.688E-05  9.952E-01  4.174E-07  3.797E-06  1.006E+00  579   11.1771  9.34E-03 8.8280E+00 1.3607E+01    4.70E+02 0.00E+00 5.54E+01  0.175967  0.299864 4.70E+02 0.00E+00 5.62E+01  0.178594  0.299906  0.0000000E+00  0.0000000E+00  2.0517942E-05  7.1114957E-01  1.3657196E-01  1.8834910E-04 -7.3258129E-01  2.1965052E-01  2.9842365E-01 0.000 0.359 1.000 1.000 1.000 1.000 1.000 1.000 1.000 1.000 1.000 1.000 1.000 1.000 1.000 1.000 1.000 1.000 1.000 1.000 1.000 1.000 1.000 1.000 1.000 1.000 1.000 1.000 1.000 1.000 1.000 1.000 1.000 1.000 1.000 1.000 1.000 1.000 1.000 1.000  1.4720431942E-01   0.00003   1.00000   0.00000   0.00000   0.5290601E-03
  5907  6.979014197445283E+06  26.842841  5.534552  4.551398  0.5345636E+00  0.4515664E+00  1.1378854E-05  8.6310626E-04  1.0353702E-04  5.5983048E-03  2.9931781E-03  2.1725840E-06  5.3075691E-06  2.0669728E-03  7.1470984E-05  0.3451    4.551398  -5.746  1.386293  7.893709  0.1098720E-04  0.9863492E+00  5.9751877E-20  1.5646687E-04  4.3142497E-05  9.0093205E-03  1.1820472E-04  1.9775090E-07  1.5052606E-10  1.9763584E-03  1.3667828E-05  3.262E-18  1.542E-26  1.146E+12  4.233E+12  2.727E+02  4.572E+06  0.17977001  5.284E-06  4.857E-05  9.952E-01  4.174E-07  3.797E-06  1.006E+00  580   11.1562  9.34E-03 8.8214E+00 1.3602E+01    4.71E+02 0.00E+00 5.59E+01  0.177058  0.300879 4.71E+02 0.00E+00 5.68E+01  0.179770  0.300910  0.0000000E+00  0.0000000E+00  2.0905543E-05  6.9637510E-01  1.3655690E-01  1.9355714E-04 -7.4292483E-01  2.2271921E-01  3.0263947E-01 0.000 0.347 1.000 1.000 1.000 1.000 1.000 1.000 1.000 1.000 1.000 1.000 1.000 1.000 1.000 1.000 1.000 1.000 1.000 1.000 1.000 1.000 1.000 1.000 1.000 1.000 1.000 1.000 1.000 1.000 1.000 1.000 1.000 1.000 1.000 1.000 1.000 1.000 1.000 1.000  1.4718341387E-01   0.00002   1.00000   0.00000   0.00000   0.5224701E-03
  5908  6.979160596639242E+06  26.842574  5.535999  4.553050  0.5345450E+00  0.4515849E+00  1.1378020E-05  8.6305530E-04  1.0353448E-04  5.5984984E-03  2.9930283E-03  2.1724934E-06  5.3072566E-06  2.0669699E-03  7.1467324E-05  0.3320    4.553050  -5.739  1.411810  7.901480  0.6511223E-05  0.9863538E+00  1.7483356E-20  1.5712691E-04  4.3286904E-05  9.0084044E-03  1.1819280E-04  2.0021752E-07  1.4222084E-10  1.9763691E-03  1.3675434E-05  3.262E-18  1.542E-26  1.211E+12  4.813E+12  2.883E+02  5.198E+06  0.18095790  5.367E-06  5.043E-05  9.951E-01  4.174E-07  3.796E-06  1.006E+00  580   11.1562  9.34E-03 8.8141E+00 1.3598E+01    4.73E+02 0.00E+00 5.64E+01  0.178195  0.301914 4.73E+02 0.00E+00 5.73E+01  0.180958  0.301913  0.0000000E+00  0.0000000E+00  2.1305996E-05  6.8179332E-01  1.3654169E-01  1.9907983E-04 -7.5378203E-01  2.2593768E-01  3.0706681E-01 0.000 0.335 1.000 1.000 1.000 1.000 1.000 1.000 1.000 1.000 1.000 1.000 1.000 1.000 1.000 1.000 1.000 1.000 1.000 1.000 1.000 1.000 1.000 1.000 1.000 1.000 1.000 1.000 1.000 1.000 1.000 1.000 1.000 1.000 1.000 1.000 1.000 1.000 1.000 1.000  1.4716210788E-01   0.00001   1.00000   0.00000   0.00000   0.5159171E-03
  5909  6.979306995833201E+06  26.842303  5.537385  4.554635  0.5345265E+00  0.4516035E+00  1.1377183E-05  8.6300421E-04  1.0353193E-04  5.5986924E-03  2.9928781E-03  2.1724026E-06  5.3069432E-06  2.0669670E-03  7.1463654E-05  0.3176    4.554635  -5.733  1.438527  7.909516  0.3481817E-05  0.9863570E+00  3.9733524E-21  1.5770171E-04  4.3403902E-05  9.0076144E-03  1.1818439E-04  2.0250072E-07  1.3315587E-10  1.9763783E-03  1.3681176E-05  3.262E-18  1.542E-26  1.269E+12  5.390E+12  3.021E+02  5.821E+06  0.18203671  5.446E-06  5.244E-05  9.950E-01  4.174E-07  3.796E-06  1.006E+00  581   11.1352  9.34E-03 8.8065E+00 1.3595E+01    4.74E+02 0.00E+00 5.70E+01  0.179380  0.302917 4.74E+02 0.00E+00 5.78E+01  0.182037  0.302878  0.0000000E+00  0.0000000E+00  2.1707490E-05  6.6788992E-01  1.3652630E-01  2.0477808E-04 -7.6488778E-01  2.2922610E-01  3.1159907E-01 0.000 0.320 1.000 1.000 1.000 1.000 1.000 1.000 1.000 1.000 1.000 1.000 1.000 1.000 1.000 1.000 1.000 1.000 1.000 1.000 1.000 1.000 1.000 1.000 1.000 1.000 1.000 1.000 1.000 1.000 1.000 1.000 1.000 1.000 1.000 1.000 1.000 1.000 1.000 1.000  1.4714040039E-01   0.00001   1.00000   0.00000   0.00000   0.5099561E-03
  5910  6.979453395027161E+06  26.842028  5.538634  4.556079  0.5345078E+00  0.4516222E+00  1.1376341E-05  8.6295277E-04  1.0352936E-04  5.5988879E-03  2.9927269E-03  2.1723111E-06  5.3066278E-06  2.0669642E-03  7.1459959E-05  0.3000    4.556079  -5.727  1.465784  7.917588  0.1645936E-05  0.9863589E+00  6.6176680E-22  1.5815220E-04  4.3486739E-05  9.0070039E-03  1.1817907E-04  2.0439633E-07  1.2387123E-10  1.9763853E-03  1.3685140E-05  3.262E-18  1.542E-26  1.315E+12  5.898E+12  3.129E+02  6.370E+06  0.18302909  5.519E-06  5.457E-05  9.950E-01  4.174E-07  3.795E-06  1.006E+00  581   11.1352  9.34E-03 8.7987E+00 1.3592E+01    4.75E+02 0.00E+00 5.75E+01  0.180511  0.303843 4.75E+02 0.00E+00 5.83E+01  0.183029  0.303750  0.0000000E+00  0.0000000E+00  2.2085441E-05  6.5525527E-01  1.3651057E-01  2.1043820E-04 -7.7584219E-01  2.3246463E-01  3.1607516E-01 0.000 0.305 1.000 1.000 1.000 1.000 1.000 1.000 1.000 1.000 1.000 1.000 1.000 1.000 1.000 1.000 1.000 1.000 1.000 1.000 1.000 1.000 1.000 1.000 1.000 1.000 1.000 1.000 1.000 1.000 1.000 1.000 1.000 1.000 1.000 1.000 1.000 1.000 1.000 1.000  1.4711831495E-01   0.00000   1.00000   0.00000   0.00000   0.5046184E-03
  5911  6.979599794221120E+06  26.841750  5.539658  4.557293  0.5344890E+00  0.4516410E+00  1.1375495E-05  8.6290115E-04  1.0352679E-04  5.5990839E-03  2.9925752E-03  2.1722194E-06  5.3063112E-06  2.0669613E-03  7.1456252E-05  0.2771    4.557293  -5.722  1.492651  7.925385  0.6459123E-06  0.9863599E+00  4.9631074E-23  1.5847089E-04  4.3536750E-05  9.0065811E-03  1.1817603E-04  2.0580533E-07  1.1451778E-10  1.9763900E-03  1.3687667E-05  0.000E+00  0.000E+00  1.340E+12  6.270E+12  3.189E+02  6.771E+06  0.18378653  5.579E-06  5.675E-05  9.949E-01  4.175E-07  3.795E-06  1.006E+00  581   11.1352  9.34E-03 8.7916E+00 1.3593E+01    4.77E+02 0.00E+00 5.80E+01  0.181628  0.304621 4.76E+02 0.00E+00 5.87E+01  0.183787  0.304466  0.0000000E+00  0.0000000E+00  2.2427553E-05  6.4461251E-01  1.3649465E-01  2.1573238E-04 -7.8606922E-01  2.3548428E-01  3.2025552E-01 0.000 0.279 0.490 0.512 0.516 0.542 0.544 0.559 0.562 0.569 0.570 0.574 1.000 1.000 1.000 1.000 1.000 1.000 1.000 1.000 1.000 1.000 1.000 1.000 1.000 1.000 1.000 1.000 1.000 1.000 1.000 1.000 1.000 1.000 1.000 1.000 1.000 1.000 1.000 1.000  1.4709588739E-01   0.00000   1.00000   0.00000   0.00000   0.5002989E-03
  5912  6.979731553495684E+06  26.841498  5.540229  4.558050  0.5344720E+00  0.4516580E+00  1.1374731E-05  8.6285451E-04  1.0352446E-04  5.5992611E-03  2.9924381E-03  2.1721364E-06  5.3060252E-06  2.0669587E-03  7.1452902E-05  0.2570    4.558050  -5.718  1.513738  7.931159  0.2260040E-06  0.9863604E+00  1.7280919E-24  1.5864163E-04  4.3556807E-05  9.0063624E-03  1.1817469E-04  2.0659382E-07  1.0603818E-10  1.9763924E-03  1.3688952E-05  0.000E+00  0.000E+00  1.343E+12  6.725E+12  3.197E+02  7.263E+06  0.18425199  5.617E-06  5.849E-05  9.949E-01  4.175E-07  3.794E-06  1.006E+00  618   11.1352  9.34E-03 8.7854E+00 1.3595E+01    4.77E+02 0.00E+00 5.84E+01  0.182713  0.305109 4.77E+02 0.00E+00 5.89E+01  0.184252  0.304866  0.0000000E+00  0.0000000E+00  2.0425108E-05  6.3818652E-01  1.3648075E-01  2.1914986E-04 -7.9303460E-01  2.3758706E-01  3.2300522E-01 0.000 0.261 0.468 0.552 0.559 0.623 1.000 1.000 1.000 1.000 1.000 1.000 1.000 1.000 1.000 1.000 1.000 1.000 1.000 1.000 1.000 1.000 1.000 1.000 1.000 1.000 1.000 1.000 1.000 1.000 1.000 1.000 1.000 1.000 1.000 1.000 1.000 1.000 1.000 1.000  1.4707546229E-01   0.00000   1.00000   0.00000   0.00000   0.4979966E-03
  5913  6.979863312770247E+06  26.841245  5.540312  4.558302  0.5344552E+00  0.4516748E+00  1.1373973E-05  8.6280825E-04  1.0352216E-04  5.5994369E-03  2.9923021E-03  2.1720542E-06  5.3057414E-06  2.0669561E-03  7.1449579E-05  0.2380    4.558302  -5.717  1.527967  7.934291  0.6866064E-07  0.9863606E+00  1.2629217E-36  1.5871504E-04  4.3562984E-05  9.0062717E-03  1.1817418E-04  2.0693812E-07  9.9776222E-11  1.9763934E-03  1.3689502E-05  0.000E+00  0.000E+00  1.653E+12  4.902E+13  3.935E+02  5.294E+07  0.18422398  5.625E-06  5.964E-05  9.949E-01  4.175E-07  3.794E-06  1.006E+00  655   11.1352  9.34E-03 8.7791E+00 1.3601E+01    4.78E+02 0.00E+00 5.87E+01  0.183485  0.305264 4.77E+02 0.00E+00 5.89E+01  0.184224  0.304924  0.0000000E+00  0.0000000E+00  2.0557259E-05  6.3700509E-01  1.3646672E-01  2.1931743E-04 -7.9528818E-01  2.3842870E-01  3.2355498E-01 0.000 0.243 0.461 0.594 0.604 0.693 1.000 1.000 1.000 1.000 1.000 1.000 1.000 1.000 1.000 1.000 1.000 1.000 1.000 1.000 1.000 1.000 1.000 1.000 1.000 1.000 1.000 1.000 1.000 1.000 1.000 1.000 1.000 1.000 1.000 1.000 1.000 1.000 1.000 1.000  1.4705490503E-01   0.00000   1.00000   0.00000   0.00000   0.4981421E-03
  5914  6.979995072044811E+06  26.840994  5.539491  4.557651  0.5344386E+00  0.4516915E+00  1.1373223E-05  8.6276241E-04  1.0351987E-04  5.5996110E-03  2.9921674E-03  2.1719727E-06  5.3054603E-06  2.0669535E-03  7.1446286E-05  0.2227    4.557651  -5.718  1.529641  7.932617  0.1979388E-07  0.9863606E+00  3.4166612E-44  1.5873917E-04  4.3564452E-05  9.0062431E-03  1.1817402E-04  2.0704919E-07  9.5935566E-11  1.9763937E-03  1.3689681E-05  0.000E+00  0.000E+00  8.416E+12  6.170E+14  2.003E+03  6.663E+08  0.18341150  5.583E-06  5.904E-05  9.950E-01  4.175E-07  3.793E-06  1.007E+00  712   11.1352  9.34E-03 8.7716E+00 1.3615E+01    4.78E+02 0.00E+00 5.89E+01  0.183935  0.304978 4.77E+02 0.00E+00 5.86E+01  0.183412  0.304347  0.0000000E+00  0.0000000E+00  2.0551531E-05  6.4703854E-01  1.3645279E-01  2.1149272E-04 -7.8472866E-01  2.3635761E-01  3.1768185E-01 0.000 0.226 0.456 0.673 1.000 1.000 1.000 1.000 1.000 1.000 1.000 1.000 1.000 1.000 1.000 1.000 1.000 1.000 1.000 1.000 1.000 1.000 1.000 1.000 1.000 1.000 1.000 1.000 1.000 1.000 1.000 1.000 1.000 1.000 1.000 1.000 1.000 1.000 1.000 1.000  1.4703435350E-01   0.00000   1.00000   0.00000   0.00000   0.5032483E-03
  5915  6.980060951682093E+06  26.840869  5.539753  4.557872  0.5344300E+00  0.4517001E+00  1.1372835E-05  8.6273876E-04  1.0351869E-04  5.5997009E-03  2.9920979E-03  2.1719306E-06  5.3053153E-06  2.0669522E-03  7.1444588E-05  0.2176    4.557872  -5.724  1.544130  7.936976  0.7311841E-08  0.9863606E+00  6.8206312E-28  1.5874694E-04  4.3564792E-05  9.0062348E-03  1.1817397E-04  2.0708247E-07  9.3440303E-11  1.9763938E-03  1.3689734E-05  0.000E+00  0.000E+00  3.326E+12  2.293E+14  7.917E+02  2.477E+08  0.18360263  5.594E-06  6.088E-05  9.950E-01  4.175E-07  3.793E-06  1.007E+00  690   11.1352  9.34E-03 8.7711E+00 1.3616E+01    4.77E+02 0.00E+00 5.87E+01  0.183689  0.304058 4.77E+02 0.00E+00 5.87E+01  0.183603  0.304531  0.0000000E+00  0.0000000E+00  1.0160298E-05  6.4116498E-01  1.3644519E-01  2.1653702E-04 -7.9407569E-01  2.3854717E-01  3.2211756E-01 0.000 0.220 0.456 0.651 0.670 0.684 0.692 0.715 1.000 1.000 1.000 1.000 1.000 1.000 1.000 1.000 1.000 1.000 1.000 1.000 1.000 1.000 1.000 1.000 1.000 1.000 1.000 1.000 1.000 1.000 1.000 1.000 1.000 1.000 1.000 1.000 1.000 1.000 1.000 1.000  1.4702553892E-01   0.00000   1.00000   0.00000   0.00000   0.5011330E-03
  5916  6.980126831319374E+06  26.840744  5.539606  4.557686  0.5344216E+00  0.4517084E+00  1.1372461E-05  8.6271589E-04  1.0351755E-04  5.5997878E-03  2.9920307E-03  2.1718900E-06  5.3051750E-06  2.0669509E-03  7.1442945E-05  0.2130    4.557686  -5.720  1.554067  7.939621  0.0000000E+00  0.9863606E+00  9.7772112E-29  1.5875020E-04  4.3564920E-05  9.0062316E-03  1.1817396E-04  2.0709559E-07  9.2486777E-11  1.9763938E-03  1.3689749E-05  0.000E+00  0.000E+00  2.467E+12  1.656E+14  5.871E+02  1.788E+08  0.18338410  5.582E-06  6.176E-05  9.950E-01  4.175E-07  3.793E-06  1.006E+00  709   11.1352  9.34E-03 8.7695E+00 1.3620E+01    4.77E+02 0.00E+00 5.86E+01  0.183409  0.304713 4.77E+02 0.00E+00 5.86E+01  0.183384  0.304427  0.0000000E+00  0.0000000E+00  1.0214199E-05  6.4121256E-01  1.3643916E-01  2.1750824E-04 -7.9646909E-01  2.3925310E-01  3.2306266E-01 0.000 0.217 0.454 0.647 0.664 0.693 0.705 0.732 0.737 0.740 1.000 1.000 1.000 1.000 1.000 1.000 1.000 1.000 1.000 1.000 1.000 1.000 1.000 1.000 1.000 1.000 1.000 1.000 1.000 1.000 1.000 1.000 1.000 1.000 1.000 1.000 1.000 1.000 1.000 1.000  1.4701532472E-01   0.00000   1.00000   0.00000   0.00000   0.5012884E-03
  5917  6.980192710956655E+06  26.840619  5.539438  4.557443  0.5344133E+00  0.4517168E+00  1.1372083E-05  8.6269285E-04  1.0351640E-04  5.5998753E-03  2.9919630E-03  2.1718490E-06  5.3050337E-06  2.0669496E-03  7.1441290E-05  0.2073    4.557443  -5.723  1.563259  7.941987  0.0000000E+00  0.9863606E+00  9.7773489E-29  1.5875099E-04  4.3564861E-05  9.0062309E-03  1.1817406E-04  2.0709845E-07  9.2540583E-11  1.9763938E-03  1.3689749E-05  0.000E+00  0.000E+00  1.840E+12  1.182E+14  4.380E+02  1.277E+08  0.18317787  5.568E-06  6.258E-05  9.950E-01  4.175E-07  3.793E-06  1.006E+00  730   11.1352  9.34E-03 8.7679E+00 1.3625E+01    4.77E+02 0.00E+00 5.86E+01  0.183570  0.304322 4.77E+02 0.00E+00 5.85E+01  0.183178  0.304309  0.0000000E+00  0.0000000E+00  1.0178898E-05  6.4163772E-01  1.3643204E-01  2.1810722E-04 -7.9842940E-01  2.3985553E-01  3.2380281E-01 0.000 0.214 0.454 0.642 0.659 0.671 0.676 0.715 0.719 0.741 0.743 0.749 1.000 1.000 1.000 1.000 1.000 1.000 1.000 1.000 1.000 1.000 1.000 1.000 1.000 1.000 1.000 1.000 1.000 1.000 1.000 1.000 1.000 1.000 1.000 1.000 1.000 1.000 1.000 1.000  1.4700514582E-01   0.00000   1.00000   0.00000   0.00000   0.5016788E-03
  5918  6.980258590593937E+06  26.840494  5.539367  4.557222  0.5344049E+00  0.4517252E+00  1.1371706E-05  8.6266978E-04  1.0351525E-04  5.5999629E-03  2.9918951E-03  2.1718080E-06  5.3048922E-06  2.0669483E-03  7.1439633E-05  0.2012    4.557222  -5.724  1.573197  7.944647  0.0000000E+00  0.9863606E+00  9.7773489E-29  1.5875100E-04  4.3564705E-05  9.0062308E-03  1.1817425E-04  2.0709847E-07  9.2536199E-11  1.9763938E-03  1.3689749E-05  0.000E+00  0.000E+00  1.373E+12  7.776E+13  3.268E+02  8.398E+07  0.18304177  5.556E-06  6.350E-05  9.950E-01  4.175E-07  3.792E-06  1.006E+00  751   11.1352  9.34E-03 8.7668E+00 1.3630E+01    4.76E+02 0.00E+00 5.86E+01  0.183428  0.304190 4.76E+02 0.00E+00 5.84E+01  0.183042  0.304260  0.0000000E+00  0.0000000E+00  1.0153690E-05  6.4162782E-01  1.3642486E-01  2.1919630E-04 -8.0089499E-01  2.4057763E-01  3.2479479E-01 0.000 0.204 0.453 0.639 0.651 0.656 0.673 0.709 0.714 0.748 1.000 1.000 1.000 1.000 1.000 1.000 1.000 1.000 1.000 1.000 1.000 1.000 1.000 1.000 1.000 1.000 1.000 1.000 1.000 1.000 1.000 1.000 1.000 1.000 1.000 1.000 1.000 1.000 1.000 1.000  1.4699499213E-01   0.00000   1.00000   0.00000   0.00000   0.5014050E-03
  5919  6.980324470231218E+06  26.840370  5.539182  4.556833  0.5343965E+00  0.4517336E+00  1.1371328E-05  8.6264672E-04  1.0351410E-04  5.6000505E-03  2.9918274E-03  2.1717670E-06  5.3047508E-06  2.0669470E-03  7.1437977E-05  0.1988    4.556833  -5.724  1.582460  7.947053  0.0000000E+00  0.9863606E+00  9.7773489E-29  1.5875101E-04  4.3564522E-05  9.0062307E-03  1.1817448E-04  2.0709850E-07  9.2530716E-11  1.9763938E-03  1.3689749E-05  0.000E+00  0.000E+00  1.084E+12  5.697E+13  2.581E+02  6.153E+07  0.18287843  5.538E-06  6.435E-05  9.950E-01  4.176E-07  3.792E-06  1.006E+00  738   11.1352  9.34E-03 8.7657E+00 1.3635E+01    4.76E+02 0.00E+00 5.85E+01  0.183296  0.304209 4.76E+02 0.00E+00 5.83E+01  0.182878  0.304130  0.0000000E+00  0.0000000E+00  1.0143479E-05  6.4246607E-01  1.3641777E-01  2.1991360E-04 -8.0284975E-01  2.4116498E-01  3.2554069E-01 0.000 0.201 0.452 0.639 0.657 0.710 0.718 0.748 0.750 0.761 1.000 1.000 1.000 1.000 1.000 1.000 1.000 1.000 1.000 1.000 1.000 1.000 1.000 1.000 1.000 1.000 1.000 1.000 1.000 1.000 1.000 1.000 1.000 1.000 1.000 1.000 1.000 1.000 1.000 1.000  1.4698484865E-01   0.00000   1.00000   0.00000   0.00000   0.5013070E-03
  5920  6.980390349868500E+06  26.840246  5.539146  4.556479  0.5343881E+00  0.4517419E+00  1.1370951E-05  8.6262373E-04  1.0351296E-04  5.6001379E-03  2.9917598E-03  2.1717261E-06  5.3046098E-06  2.0669457E-03  7.1436326E-05  0.1964    4.556479  -5.726  1.590803  7.949115  0.0000000E+00  0.9863606E+00  9.7773489E-29  1.5875102E-04  4.3564311E-05  9.0062306E-03  1.1817474E-04  2.0709853E-07  9.2524156E-11  1.9763938E-03  1.3689749E-05  0.000E+00  0.000E+00  9.253E+11  4.010E+13  2.202E+02  4.331E+07  0.18275367  5.521E-06  6.519E-05  9.950E-01  4.176E-07  3.792E-06  1.006E+00  735   11.1352  9.34E-03 8.7648E+00 1.3641E+01    4.76E+02 0.00E+00 5.84E+01  0.183306  0.303998 4.76E+02 0.00E+00 5.82E+01  0.182754  0.304104  0.0000000E+00  0.0000000E+00  1.0114994E-05  6.4326371E-01  1.3641087E-01  2.2051092E-04 -8.0462738E-01  2.4167955E-01  3.2620765E-01 0.000 0.198 0.452 0.642 0.653 0.702 0.709 0.756 0.758 0.769 1.000 1.000 1.000 1.000 1.000 1.000 1.000 1.000 1.000 1.000 1.000 1.000 1.000 1.000 1.000 1.000 1.000 1.000 1.000 1.000 1.000 1.000 1.000 1.000 1.000 1.000 1.000 1.000 1.000 1.000  1.4697473366E-01   0.00000   1.00000   0.00000   0.00000   0.5003530E-03
