   229  3.379929438463989E+04  44.974647  5.438563  4.650421  0.7200000E+00  0.2659559E+00  4.4148166E-05  2.5481432E-03  3.0923260E-05  7.3521583E-04  6.3821817E-03  2.5285551E-06  1.4396930E-05  2.0947283E-03  1.6942776E-04  0.6515    4.650421  -6.131  0.482355  7.617369  0.7169976E+00  0.2686797E+00  3.7397116E-07  6.0361328E-05  1.3985775E-05  4.3303670E-03  5.6200701E-03  1.0403802E-05  1.1627450E-07  2.0937711E-03  9.0851312E-05  1.109E-09  8.338E-16  1.200E+12  8.178E+13  2.855E+02  8.832E+07  0.56671973  5.298E-05  5.296E-05  9.469E-01  0.000E+00  3.627E-06  1.061E+00  251   29.3474  1.00E-02 3.5050E+01 5.1327E+01    8.23E+02 0.00E+00 3.29E+02  0.567592  0.161386 8.23E+02 0.00E+00 3.28E+02  0.566720  0.161381  0.0000000E+00  0.0000000E+00  2.7408429E-05  2.4324611E+00  1.2883360E+00  3.4099629E-03 -1.1768678E+00  4.4407254E-01  3.0532043E-01 0.000 0.655 1.000 1.000 1.000 1.000 1.000 1.000 1.000 1.000 1.000 1.000 1.000 1.000 1.000 1.000 1.000 1.000 1.000 1.000 1.000 1.000 1.000 1.000 1.000 1.000 1.000 1.000 1.000 1.000 1.000 1.000 1.000 1.000 1.000 1.000 1.000 1.000 1.000 1.000  1.4421942521E+00   0.99582   1.00000   0.00000   0.00000   0.1594261E-01
   233  3.446234755942389E+04  44.974158  5.437904  4.649755  0.7200000E+00  0.2659559E+00  4.4148183E-05  2.5481432E-03  3.0923260E-05  7.3521583E-04  6.3821817E-03  2.5285551E-06  1.4396930E-05  2.0947283E-03  1.6942776E-04  0.6502    4.649755  -6.133  0.478481  7.616098  0.7169596E+00  0.2687184E+00  4.5540698E-07  5.9162933E-05  1.4116137E-05  4.3392210E-03  5.6113095E-03  1.0493449E-05  1.0555812E-07  2.0937594E-03  9.0283151E-05  1.027E-09  7.545E-16  1.406E+12  9.510E+13  3.346E+02  1.027E+08  0.56552014  5.267E-05  5.266E-05  9.472E-01  0.000E+00  3.669E-06  1.060E+00  252   29.2433  1.00E-02 3.5062E+01 5.1346E+01    8.22E+02 0.00E+00 3.28E+02  0.566270  0.161095 8.22E+02 0.00E+00 3.27E+02  0.565520  0.161138  0.0000000E+00  0.0000000E+00  3.8155781E-05  2.4464337E+00  1.2883519E+00  3.3906305E-03 -1.1734291E+00  4.4277462E-01  3.0446387E-01 0.000 0.653 1.000 1.000 1.000 1.000 1.000 1.000 1.000 1.000 1.000 1.000 1.000 1.000 1.000 1.000 1.000 1.000 1.000 1.000 1.000 1.000 1.000 1.000 1.000 1.000 1.000 1.000 1.000 1.000 1.000 1.000 1.000 1.000 1.000 1.000 1.000 1.000 1.000 1.000  1.4420632385E+00   0.99578   1.00000   0.00000   0.00000   0.1598132E-01
   241  3.600947163391987E+04  44.973014  5.439130  4.649753  0.7200000E+00  0.2659559E+00  4.4148218E-05  2.5481432E-03  3.0923260E-05  7.3521583E-04  6.3821817E-03  2.5285551E-06  1.4396930E-05  2.0947283E-03  1.6942776E-04  0.6433    4.649753  -6.130  0.478898  7.616195  0.7168465E+00  0.2688333E+00  3.6991409E-07  5.0677895E-05  1.2708952E-05  4.3742316E-03  5.5841998E-03  1.0678661E-05  6.6176651E-08  2.0937236E-03  8.8263482E-05  9.442E-10  7.044E-16  1.152E+12  7.755E+13  2.741E+02  8.375E+07  0.56620895  5.263E-05  5.265E-05  9.470E-01  0.000E+00  3.801E-06  1.060E+00  255   28.9269  1.00E-02 3.5035E+01 5.1306E+01    8.22E+02 0.00E+00 3.27E+02  0.566031  0.161604 8.22E+02 0.00E+00 3.28E+02  0.566209  0.161597  0.0000000E+00  0.0000000E+00  3.8423273E-05  2.4463131E+00  1.2879163E+00  3.3886422E-03 -1.1735074E+00  4.4278424E-01  3.0449733E-01 0.000 0.646 1.000 1.000 1.000 1.000 1.000 1.000 1.000 1.000 1.000 1.000 1.000 1.000 1.000 1.000 1.000 1.000 1.000 1.000 1.000 1.000 1.000 1.000 1.000 1.000 1.000 1.000 1.000 1.000 1.000 1.000 1.000 1.000 1.000 1.000 1.000 1.000 1.000 1.000  1.4417572615E+00   0.99562   1.00000   0.00000   0.00000   0.1588411E-01
   273  4.929988628347031E+04  44.963103  5.440294  4.649758  0.7200000E+00  0.2659559E+00  4.4148541E-05  2.5481432E-03  3.0923273E-05  7.3521583E-04  6.3821817E-03  2.5285551E-06  1.4396930E-05  2.0947283E-03  1.6942776E-04  0.6442    4.649758  -6.127  0.479467  7.616439  0.7157698E+00  0.2699401E+00  3.3145102E-07  5.0771989E-05  1.1991607E-05  4.5913686E-03  5.3361841E-03  1.1306096E-05  7.4736954E-08  2.0933875E-03  7.1524442E-05  8.543E-10  6.278E-16  1.017E+12  7.034E+13  2.420E+02  7.596E+07  0.56670066  5.257E-05  5.258E-05  9.469E-01  0.000E+00  5.018E-06  1.060E+00  254   28.9269  1.00E-02 3.4959E+01 5.1195E+01    8.21E+02 0.00E+00 3.28E+02  0.566917  0.162064 8.21E+02 0.00E+00 3.28E+02  0.566701  0.162067  0.0000000E+00  0.0000000E+00  1.4890102E-04  2.4444813E+00  1.2853213E+00  3.3770688E-03 -1.1733961E+00  4.4258012E-01  3.0478316E-01 0.000 0.646 1.000 1.000 1.000 1.000 1.000 1.000 1.000 1.000 1.000 1.000 1.000 1.000 1.000 1.000 1.000 1.000 1.000 1.000 1.000 1.000 1.000 1.000 1.000 1.000 1.000 1.000 1.000 1.000 1.000 1.000 1.000 1.000 1.000 1.000 1.000 1.000 1.000 1.000  1.4390979310E+00   0.99412   1.00000   0.00000   0.00000   0.1577515E-01
   291  6.564432385607585E+04  44.950874  5.441005  4.649221  0.7200000E+00  0.2659559E+00  4.4149046E-05  2.5481430E-03  3.0923566E-05  7.3521586E-04  6.3821817E-03  2.5285551E-06  1.4396930E-05  2.0947283E-03  1.6942776E-04  0.6439    4.649221  -6.125  0.477040  7.615713  0.7143851E+00  0.2713593E+00  3.0621815E-07  5.0763346E-05  1.2191002E-05  4.8384105E-03  5.0536004E-03  1.1306707E-05  6.8172072E-08  2.0929842E-03  5.5905281E-05  8.584E-10  6.104E-16  9.265E+11  6.356E+13  2.205E+02  6.864E+07  0.56630164  5.227E-05  5.226E-05  9.470E-01  1.016E-14  6.428E-06  1.060E+00  253   28.9269  9.97E-03 3.4875E+01 5.1074E+01    8.20E+02 0.00E+00 3.27E+02  0.566267  0.162376 8.20E+02 0.00E+00 3.27E+02  0.566302  0.162377  0.0000000E+00  0.0000000E+00  2.0931387E-04  2.4536623E+00  1.2821974E+00  3.3478997E-03 -1.1704885E+00  4.4128471E-01  3.0444576E-01 0.000 0.646 1.000 1.000 1.000 1.000 1.000 1.000 1.000 1.000 1.000 1.000 1.000 1.000 1.000 1.000 1.000 1.000 1.000 1.000 1.000 1.000 1.000 1.000 1.000 1.000 1.000 1.000 1.000 1.000 1.000 1.000 1.000 1.000 1.000 1.000 1.000 1.000 1.000 1.000  1.4358151825E+00   0.99220   1.00000   0.00000   0.00000   0.1568884E-01
   302  8.166187267722933E+04  44.938842  5.441709  4.648692  0.7200000E+00  0.2659559E+00  4.4149184E-05  2.5481362E-03  3.0926215E-05  7.3522236E-04  6.3821804E-03  2.5285696E-06  1.4396901E-05  2.0947283E-03  1.6942762E-04  0.6437    4.648692  -6.123  0.474684  7.615010  0.7130133E+00  0.2727616E+00  3.0383902E-07  5.1838982E-05  1.2439459E-05  5.0530333E-03  4.8066920E-03  1.1161123E-05  6.7818686E-08  2.0926107E-03  4.4911003E-05  7.445E-10  5.223E-16  9.099E+11  6.173E+13  2.165E+02  6.666E+07  0.56561112  5.193E-05  5.195E-05  9.472E-01  6.217E-12  7.677E-06  1.060E+00  253   28.9269  9.94E-03 3.4794E+01 5.0957E+01    8.18E+02 0.00E+00 3.26E+02  0.565950  0.162682 8.18E+02 0.00E+00 3.26E+02  0.565611  0.162684  0.0000000E+00  0.0000000E+00  2.9443964E-04  2.4626023E+00  1.2791806E+00  3.3198338E-03 -1.1676640E+00  4.4002227E-01  3.0412426E-01 0.000 0.646 1.000 1.000 1.000 1.000 1.000 1.000 1.000 1.000 1.000 1.000 1.000 1.000 1.000 1.000 1.000 1.000 1.000 1.000 1.000 1.000 1.000 1.000 1.000 1.000 1.000 1.000 1.000 1.000 1.000 1.000 1.000 1.000 1.000 1.000 1.000 1.000 1.000 1.000  1.4325832861E+00   0.99030   1.00000   0.00000   0.00000   0.1560146E-01
   313  9.767942149838281E+04  44.926760  5.442448  4.648297  0.7199998E+00  0.2659560E+00  4.4145821E-05  2.5480141E-03  3.0938932E-05  7.3538448E-04  6.3821442E-03  2.5289341E-06  1.4396239E-05  2.0947283E-03  1.6942399E-04  0.6436    4.648297  -6.122  0.472976  7.614524  0.7116394E+00  0.2741634E+00  2.6064535E-07  5.1559070E-05  1.2679321E-05  5.2512710E-03  4.5806504E-03  1.0687406E-05  5.7465178E-08  2.0922531E-03  3.6505413E-05  6.660E-10  4.607E-16  7.792E+11  5.223E+13  1.854E+02  5.641E+07  0.56532597  5.169E-05  5.169E-05  9.472E-01  1.707E-10  8.828E-06  1.060E+00  254   28.9269  9.91E-03 3.4711E+01 5.0836E+01    8.17E+02 0.00E+00 3.25E+02  0.565423  0.162998 8.17E+02 0.00E+00 3.25E+02  0.565326  0.163004  0.0000000E+00  0.0000000E+00  2.9566483E-04  2.4691036E+00  1.2760906E+00  3.2948696E-03 -1.1654249E+00  4.3897956E-01  3.0395575E-01 0.000 0.646 1.000 1.000 1.000 1.000 1.000 1.000 1.000 1.000 1.000 1.000 1.000 1.000 1.000 1.000 1.000 1.000 1.000 1.000 1.000 1.000 1.000 1.000 1.000 1.000 1.000 1.000 1.000 1.000 1.000 1.000 1.000 1.000 1.000 1.000 1.000 1.000 1.000 1.000  1.4293373986E+00   0.98839   1.00000   0.00000   0.00000   0.1552145E-01
   324  1.136969703195363E+05  44.914629  5.443196  4.647890  0.7199988E+00  0.2659569E+00  4.4128143E-05  2.5472573E-03  3.0971891E-05  7.3646040E-04  6.3818897E-03  2.5313604E-06  1.4391989E-05  2.0947279E-03  1.6939901E-04  0.6435    4.647890  -6.120  0.471258  7.614034  0.7102663E+00  0.2755623E+00  2.3191111E-07  5.1781932E-05  1.2948633E-05  5.4326589E-03  4.3731405E-03  1.0233630E-05  5.0498780E-08  2.0919097E-03  3.0040583E-05  6.101E-10  4.165E-16  6.919E+11  4.584E+13  1.647E+02  4.950E+07  0.56474569  5.141E-05  5.143E-05  9.474E-01  1.313E-09  9.890E-06  1.060E+00  256   28.9269  9.88E-03 3.4629E+01 5.0718E+01    8.16E+02 0.00E+00 3.24E+02  0.565106  0.163326 8.16E+02 0.00E+00 3.24E+02  0.564746  0.163329  0.0000000E+00  0.0000000E+00  2.9705856E-04  2.4756439E+00  1.2730362E+00  3.2718639E-03 -1.1631809E+00  4.3793421E-01  3.0378511E-01 0.000 0.646 1.000 1.000 1.000 1.000 1.000 1.000 1.000 1.000 1.000 1.000 1.000 1.000 1.000 1.000 1.000 1.000 1.000 1.000 1.000 1.000 1.000 1.000 1.000 1.000 1.000 1.000 1.000 1.000 1.000 1.000 1.000 1.000 1.000 1.000 1.000 1.000 1.000 1.000  1.4260770994E+00   0.98648   1.00000   0.00000   0.00000   0.1543476E-01
   336  1.304425895416513E+05  44.901892  5.444000  4.647512  0.7199949E+00  0.2659606E+00  4.4073565E-05  2.5446566E-03  3.1029568E-05  7.4028886E-04  6.3809272E-03  2.5399722E-06  1.4377238E-05  2.0947267E-03  1.6930688E-04  0.6434    4.647512  -6.118  0.469617  7.613575  0.7088355E+00  0.2770178E+00  2.0042550E-07  5.1974059E-05  1.3251494E-05  5.6071991E-03  4.1735168E-03  9.7185428E-06  4.2630469E-08  2.0915643E-03  2.4807666E-05  5.396E-10  3.643E-16  5.979E+11  3.912E+13  1.423E+02  4.225E+07  0.56429038  5.115E-05  5.117E-05  9.474E-01  5.576E-09  1.091E-05  1.060E+00  257   28.9269  9.86E-03 3.4542E+01 5.0591E+01    8.14E+02 0.00E+00 3.24E+02  0.564481  0.163674 8.14E+02 0.00E+00 3.23E+02  0.564290  0.163678  0.0000000E+00  0.0000000E+00  2.6849434E-04  2.4818763E+00  1.2697830E+00  3.2468096E-03 -1.1609797E+00  4.3689673E-01  3.0364439E-01 0.000 0.647 1.000 1.000 1.000 1.000 1.000 1.000 1.000 1.000 1.000 1.000 1.000 1.000 1.000 1.000 1.000 1.000 1.000 1.000 1.000 1.000 1.000 1.000 1.000 1.000 1.000 1.000 1.000 1.000 1.000 1.000 1.000 1.000 1.000 1.000 1.000 1.000 1.000 1.000  1.4226532337E+00   0.98449   1.00000   0.00000   0.00000   0.1535033E-01
   349  1.474794369241509E+05  44.888876  5.444817  4.647133  0.7199851E+00  0.2659699E+00  4.3956092E-05  2.5387158E-03  3.1101481E-05  7.4927466E-04  6.3785209E-03  2.5600114E-06  1.4343407E-05  2.0947236E-03  1.6908327E-04  0.6434    4.647133  -6.116  0.468002  7.613125  0.7073850E+00  0.2784918E+00  1.8337526E-07  5.2618380E-05  1.3536393E-05  5.7704775E-03  3.9861083E-03  9.2809523E-06  3.8635385E-08  2.0912252E-03  2.0673458E-05  5.097E-10  3.404E-16  5.464E+11  3.535E+13  1.300E+02  3.818E+07  0.56385331  5.090E-05  5.091E-05  9.475E-01  1.610E-08  1.188E-05  1.060E+00  258   28.9269  9.83E-03 3.4456E+01 5.0465E+01    8.13E+02 0.00E+00 3.23E+02  0.564087  0.164027 8.13E+02 0.00E+00 3.23E+02  0.563853  0.164033  0.0000000E+00  0.0000000E+00  2.6980876E-04  2.4879903E+00  1.2665162E+00  3.2220251E-03 -1.1587950E+00  4.3586214E-01  3.0351363E-01 0.000 0.647 1.000 1.000 1.000 1.000 1.000 1.000 1.000 1.000 1.000 1.000 1.000 1.000 1.000 1.000 1.000 1.000 1.000 1.000 1.000 1.000 1.000 1.000 1.000 1.000 1.000 1.000 1.000 1.000 1.000 1.000 1.000 1.000 1.000 1.000 1.000 1.000 1.000 1.000  1.4191533655E+00   0.98248   1.00000   0.00000   0.00000   0.1526357E-01
   362  1.645162843066506E+05  44.875800  5.445668  4.646782  0.7199660E+00  0.2659880E+00  4.3757834E-05  2.5283333E-03  3.1169665E-05  7.6537330E-04  6.3739293E-03  2.5953665E-06  1.4284160E-05  2.0947177E-03  1.6867028E-04  0.6434    4.646782  -6.114  0.466539  7.612725  0.7059394E+00  0.2799589E+00  1.7171286E-07  5.3324280E-05  1.3813332E-05  5.9208871E-03  3.8132862E-03  8.8952183E-06  3.5585395E-08  2.0908975E-03  1.7471777E-05  4.562E-10  2.989E-16  5.145E+11  3.298E+13  1.225E+02  3.562E+07  0.56343237  5.065E-05  5.066E-05  9.476E-01  3.592E-08  1.276E-05  1.060E+00  260   28.9269  9.81E-03 3.4368E+01 5.0337E+01    8.12E+02 0.00E+00 3.22E+02  0.563595  0.164398 8.12E+02 0.00E+00 3.22E+02  0.563432  0.164400  0.0000000E+00  0.0000000E+00  2.7110006E-04  2.4936132E+00  1.2631927E+00  3.1977399E-03 -1.1567282E+00  4.3487251E-01  3.0341202E-01 0.000 0.647 1.000 1.000 1.000 1.000 1.000 1.000 1.000 1.000 1.000 1.000 1.000 1.000 1.000 1.000 1.000 1.000 1.000 1.000 1.000 1.000 1.000 1.000 1.000 1.000 1.000 1.000 1.000 1.000 1.000 1.000 1.000 1.000 1.000 1.000 1.000 1.000 1.000 1.000  1.4156366933E+00   0.98047   1.00000   0.00000   0.00000   0.1517675E-01
   375  1.815531316891502E+05  44.862662  5.446524  4.646460  0.7199345E+00  0.2660181E+00  4.3470101E-05  2.5129290E-03  3.1218662E-05  7.8984287E-04  6.3665081E-03  2.6479216E-06  1.4196142E-05  2.0947079E-03  1.6802555E-04  0.6434    4.646460  -6.112  0.465196  7.612365  0.7044917E+00  0.2814267E+00  1.5983221E-07  5.3947850E-05  1.4066083E-05  6.0610545E-03  3.6522861E-03  8.5350057E-06  3.2577688E-08  2.0905780E-03  1.4931515E-05  4.457E-10  2.893E-16  4.762E+11  3.022E+13  1.133E+02  3.263E+07  0.56302842  5.041E-05  5.042E-05  9.477E-01  6.758E-08  1.359E-05  1.060E+00  262   28.8200  9.79E-03 3.4279E+01 5.0209E+01    8.11E+02 0.00E+00 3.21E+02  0.563208  0.164766 8.11E+02 0.00E+00 3.21E+02  0.563028  0.164770  0.0000000E+00  0.0000000E+00  2.7245589E-04  2.4986607E+00  1.2598650E+00  3.1743104E-03 -1.1547980E+00  4.3393422E-01  3.0334519E-01 0.000 0.645 1.000 1.000 1.000 1.000 1.000 1.000 1.000 1.000 1.000 1.000 1.000 1.000 1.000 1.000 1.000 1.000 1.000 1.000 1.000 1.000 1.000 1.000 1.000 1.000 1.000 1.000 1.000 1.000 1.000 1.000 1.000 1.000 1.000 1.000 1.000 1.000 1.000 1.000  1.4121024851E+00   0.97846   1.00000   0.00000   0.00000   0.1509023E-01
   388  1.985899790716498E+05  44.849463  5.447366  4.646157  0.7198880E+00  0.2660629E+00  4.3092985E-05  2.4924373E-03  3.1237986E-05  8.2318797E-04  6.3557806E-03  2.7174966E-06  1.4078948E-05  2.0946937E-03  1.6712664E-04  0.6434    4.646157  -6.110  0.463920  7.612028  0.7030511E+00  0.2828860E+00  1.5336929E-07  5.4705290E-05  1.4321669E-05  6.1907103E-03  3.5030944E-03  8.1987017E-06  3.0723489E-08  2.0902680E-03  1.2940565E-05  4.329E-10  2.787E-16  4.569E+11  2.876E+13  1.088E+02  3.106E+07  0.56277123  5.020E-05  5.020E-05  9.478E-01  1.128E-07  1.435E-05  1.060E+00  265   28.8200  9.77E-03 3.4191E+01 5.0082E+01    8.10E+02 0.00E+00 3.21E+02  0.562768  0.165130 8.10E+02 0.00E+00 3.21E+02  0.562771  0.165134  0.0000000E+00  0.0000000E+00  2.7375573E-04  2.5034456E+00  1.2565364E+00  3.1513363E-03 -1.1529240E+00  4.3301791E-01  3.0329218E-01 0.000 0.645 1.000 1.000 1.000 1.000 1.000 1.000 1.000 1.000 1.000 1.000 1.000 1.000 1.000 1.000 1.000 1.000 1.000 1.000 1.000 1.000 1.000 1.000 1.000 1.000 1.000 1.000 1.000 1.000 1.000 1.000 1.000 1.000 1.000 1.000 1.000 1.000 1.000 1.000  1.4085510583E+00   0.97646   1.00000   0.00000   0.00000   0.1500749E-01
   401  2.156268264541495E+05  44.836202  5.448214  4.645882  0.7198243E+00  0.2661246E+00  4.2632659E-05  2.4671603E-03  3.1222337E-05  8.6532775E-04  6.3414420E-03  2.8023954E-06  1.3934280E-05  2.0946744E-03  1.6596879E-04  0.6434    4.645882  -6.108  0.462772  7.611734  0.7016161E+00  0.2843385E+00  1.4697145E-07  5.5400581E-05  1.4557277E-05  6.3114133E-03  3.3642220E-03  7.8841051E-06  2.8945696E-08  2.0899661E-03  1.1358294E-05  4.098E-10  2.599E-16  4.382E+11  2.737E+13  1.043E+02  2.956E+07  0.56217628  4.997E-05  4.998E-05  9.479E-01  1.726E-07  1.506E-05  1.060E+00  267   28.8200  9.75E-03 3.4104E+01 4.9955E+01    8.09E+02 0.00E+00 3.20E+02  0.562338  0.165496 8.09E+02 0.00E+00 3.20E+02  0.562176  0.165500  0.0000000E+00  0.0000000E+00  2.7505935E-04  2.5077148E+00  1.2532045E+00  3.1291167E-03 -1.1511676E+00  4.3214638E-01  3.0326848E-01 0.000 0.645 1.000 1.000 1.000 1.000 1.000 1.000 1.000 1.000 1.000 1.000 1.000 1.000 1.000 1.000 1.000 1.000 1.000 1.000 1.000 1.000 1.000 1.000 1.000 1.000 1.000 1.000 1.000 1.000 1.000 1.000 1.000 1.000 1.000 1.000 1.000 1.000 1.000 1.000  1.4049826936E+00   0.97447   1.00000   0.00000   0.00000   0.1492655E-01
   414  2.326636738366491E+05  44.822878  5.449067  4.645630  0.7197418E+00  0.2662050E+00  4.2098784E-05  2.4376183E-03  3.1170516E-05  9.1578929E-04  6.3233390E-03  2.9000348E-06  1.3765094E-05  2.0946498E-03  1.6456071E-04  0.6434    4.645630  -6.106  0.461722  7.611473  0.7001853E+00  0.2857855E+00  1.4127703E-07  5.6065981E-05  1.4779039E-05  6.4241927E-03  3.2344444E-03  7.5886960E-06  2.7362008E-08  2.0896711E-03  1.0084993E-05  3.999E-10  2.518E-16  4.217E+11  2.616E+13  1.004E+02  2.826E+07  0.56175184  4.976E-05  4.977E-05  9.480E-01  2.472E-07  1.572E-05  1.060E+00  270   28.8200  9.74E-03 3.4017E+01 4.9829E+01    8.08E+02 0.00E+00 3.19E+02  0.561952  0.165861 8.08E+02 0.00E+00 3.19E+02  0.561752  0.165866  0.0000000E+00  0.0000000E+00  2.7639390E-04  2.5115900E+00  1.2498683E+00  3.1074743E-03 -1.1495000E+00  4.3130872E-01  3.0326692E-01 0.000 0.645 1.000 1.000 1.000 1.000 1.000 1.000 1.000 1.000 1.000 1.000 1.000 1.000 1.000 1.000 1.000 1.000 1.000 1.000 1.000 1.000 1.000 1.000 1.000 1.000 1.000 1.000 1.000 1.000 1.000 1.000 1.000 1.000 1.000 1.000 1.000 1.000 1.000 1.000  1.4013973870E+00   0.97248   1.00000   0.00000   0.00000   0.1484721E-01
   427  2.497005212191487E+05  44.809491  5.449922  4.645392  0.7196393E+00  0.2663051E+00  4.1502515E-05  2.4044317E-03  3.1084093E-05  9.7387199E-04  6.3014414E-03  3.0074777E-06  1.3574927E-05  2.0946196E-03  1.6292028E-04  0.6434    4.645392  -6.104  0.460755  7.611239  0.6987581E+00  0.2872281E+00  1.3621504E-07  5.6704011E-05  1.4988464E-05  6.5298809E-03  3.1128067E-03  7.3105920E-06  2.5947956E-08  2.0893824E-03  9.0496495E-06  3.909E-10  2.446E-16  4.072E+11  2.511E+13  9.691E+01  2.712E+07  0.56134793  4.955E-05  4.956E-05  9.481E-01  3.364E-07  1.633E-05  1.059E+00  273   28.8200  9.72E-03 3.3930E+01 4.9702E+01    8.07E+02 0.00E+00 3.19E+02  0.561633  0.166230 8.07E+02 0.00E+00 3.18E+02  0.561348  0.166233  0.0000000E+00  0.0000000E+00  2.7777058E-04  2.5151316E+00  1.2465237E+00  3.0879945E-03 -1.1479070E+00  4.3049926E-01  3.0328354E-01 0.000 0.646 1.000 1.000 1.000 1.000 1.000 1.000 1.000 1.000 1.000 1.000 1.000 1.000 1.000 1.000 1.000 1.000 1.000 1.000 1.000 1.000 1.000 1.000 1.000 1.000 1.000 1.000 1.000 1.000 1.000 1.000 1.000 1.000 1.000 1.000 1.000 1.000 1.000 1.000  1.3977952308E+00   0.97050   1.00000   0.00000   0.00000   0.1476788E-01
   440  2.667373686016483E+05  44.796041  5.450786  4.645186  0.7195161E+00  0.2664261E+00  4.0855143E-05  2.3682395E-03  3.0966287E-05  1.0387703E-03  6.2758126E-03  3.1218114E-06  1.3367426E-05  2.0945839E-03  1.6107079E-04  0.6434    4.645186  -6.102  0.459863  7.611030  0.6973338E+00  0.2886667E+00  1.3168182E-07  5.7315698E-05  1.5186639E-05  6.6291782E-03  2.9985075E-03  7.0482060E-06  2.4677097E-08  2.0890991E-03  8.1995603E-06  3.827E-10  2.380E-16  3.943E+11  2.418E+13  9.386E+01  2.612E+07  0.56087350  4.936E-05  4.937E-05  9.482E-01  4.396E-07  1.690E-05  1.059E+00  272   28.8200  9.71E-03 3.3842E+01 4.9575E+01    8.06E+02 0.00E+00 3.18E+02  0.561022  0.166598 8.06E+02 0.00E+00 3.18E+02  0.560873  0.166602  0.0000000E+00  0.0000000E+00  2.7895641E-04  2.5183554E+00  1.2431280E+00  3.0670616E-03 -1.1463834E+00  4.2971680E-01  3.0331874E-01 0.000 0.646 1.000 1.000 1.000 1.000 1.000 1.000 1.000 1.000 1.000 1.000 1.000 1.000 1.000 1.000 1.000 1.000 1.000 1.000 1.000 1.000 1.000 1.000 1.000 1.000 1.000 1.000 1.000 1.000 1.000 1.000 1.000 1.000 1.000 1.000 1.000 1.000 1.000 1.000  1.3941762937E+00   0.96852   1.00000   0.00000   0.00000   0.1469400E-01
   453  2.837742159841475E+05  44.782526  5.451651  4.644993  0.7193717E+00  0.2665683E+00  4.0167413E-05  2.3296557E-03  3.0821147E-05  1.1096435E-03  6.2465882E-03  3.2403474E-06  1.3146100E-05  2.0945425E-03  1.5903842E-04  0.6434    4.644993  -6.100  0.459037  7.610844  0.6959120E+00  0.2901019E+00  1.2758556E-07  5.7901671E-05  1.5374459E-05  6.7226846E-03  2.8908602E-03  6.8001821E-06  2.3526035E-08  2.0888207E-03  7.4949913E-06  3.683E-10  2.264E-16  3.829E+11  2.336E+13  9.113E+01  2.523E+07  0.56058130  4.918E-05  4.917E-05  9.482E-01  5.560E-07  1.743E-05  1.059E+00  272   28.8200  9.69E-03 3.3755E+01 4.9447E+01    8.05E+02 0.00E+00 3.17E+02  0.560556  0.166967 8.05E+02 0.00E+00 3.17E+02  0.560581  0.166971  0.0000000E+00  0.0000000E+00  2.8023803E-04  2.5213077E+00  1.2397256E+00  3.0465141E-03 -1.1449190E+00  4.2895679E-01  3.0336856E-01 0.000 0.646 1.000 1.000 1.000 1.000 1.000 1.000 1.000 1.000 1.000 1.000 1.000 1.000 1.000 1.000 1.000 1.000 1.000 1.000 1.000 1.000 1.000 1.000 1.000 1.000 1.000 1.000 1.000 1.000 1.000 1.000 1.000 1.000 1.000 1.000 1.000 1.000 1.000 1.000  1.3905406045E+00   0.96654   1.00000   0.00000   0.00000   0.1462020E-01
   466  3.008110633666468E+05  44.768946  5.452520  4.644819  0.7192059E+00  0.2667321E+00  3.9449041E-05  2.2892400E-03  3.0652980E-05  1.1856724E-03  6.2139512E-03  3.3607386E-06  1.2914152E-05  2.0944957E-03  1.5684999E-04  0.6434    4.644819  -6.098  0.458274  7.610678  0.6944925E+00  0.2915343E+00  1.2385687E-07  5.8463005E-05  1.5552721E-05  6.8109184E-03  2.7892711E-03  6.5653373E-06  2.2477570E-08  2.0885468E-03  6.9056785E-06  3.619E-10  2.214E-16  3.726E+11  2.263E+13  8.868E+01  2.444E+07  0.55995137  4.898E-05  4.899E-05  9.484E-01  6.845E-07  1.793E-05  1.059E+00  281   28.8200  9.68E-03 3.3668E+01 4.9321E+01    8.04E+02 0.00E+00 3.17E+02  0.560134  0.167334 8.04E+02 0.00E+00 3.16E+02  0.559951  0.167340  0.0000000E+00  0.0000000E+00  2.8154708E-04  2.5239995E+00  1.2363649E+00  3.0265721E-03 -1.1435108E+00  4.2821803E-01  3.0343230E-01 0.000 0.646 1.000 1.000 1.000 1.000 1.000 1.000 1.000 1.000 1.000 1.000 1.000 1.000 1.000 1.000 1.000 1.000 1.000 1.000 1.000 1.000 1.000 1.000 1.000 1.000 1.000 1.000 1.000 1.000 1.000 1.000 1.000 1.000 1.000 1.000 1.000 1.000 1.000 1.000  1.3868881132E+00   0.96457   1.00000   0.00000   0.00000   0.1454859E-01
   479  3.178479107491460E+05  44.755302  5.453392  4.644669  0.7190187E+00  0.2669174E+00  3.8708536E-05  2.2474851E-03  3.0465994E-05  1.2660908E-03  6.1781141E-03  3.4810120E-06  1.2674403E-05  2.0944435E-03  1.5453159E-04  0.6435    4.644669  -6.095  0.457565  7.610530  0.6930748E+00  0.2929641E+00  1.2043584E-07  5.9000625E-05  1.5722161E-05  6.8943338E-03  2.6932201E-03  6.3426085E-06  2.1516029E-08  2.0882769E-03  6.4083305E-06  3.559E-10  2.167E-16  3.633E+11  2.197E+13  8.646E+01  2.373E+07  0.55943543  4.880E-05  4.881E-05  9.485E-01  8.238E-07  1.839E-05  1.059E+00  301   28.8200  9.67E-03 3.3581E+01 4.9194E+01    8.03E+02 0.00E+00 3.16E+02  0.559573  0.167705 8.03E+02 0.00E+00 3.16E+02  0.559435  0.167709  0.0000000E+00  0.0000000E+00  2.8275360E-04  2.5264617E+00  1.2329614E+00  3.0067732E-03 -1.1421512E+00  4.2749794E-01  3.0350883E-01 0.000 0.646 1.000 1.000 1.000 1.000 1.000 1.000 1.000 1.000 1.000 1.000 1.000 1.000 1.000 1.000 1.000 1.000 1.000 1.000 1.000 1.000 1.000 1.000 1.000 1.000 1.000 1.000 1.000 1.000 1.000 1.000 1.000 1.000 1.000 1.000 1.000 1.000 1.000 1.000  1.3832194794E+00   0.96260   1.00000   0.00000   0.00000   0.1448057E-01
   492  3.348847581316453E+05  44.741592  5.454268  4.644533  0.7188103E+00  0.2671243E+00  3.7953310E-05  2.2048222E-03  3.0264123E-05  1.3501848E-03  6.1393119E-03  3.5995390E-06  1.2429327E-05  2.0943862E-03  1.5210809E-04  0.6435    4.644533  -6.093  0.456906  7.610399  0.6916585E+00  0.2943917E+00  1.1727693E-07  5.9515625E-05  1.5883425E-05  6.9733284E-03  2.6022512E-03  6.1310648E-06  2.0629590E-08  2.0880106E-03  5.9849541E-06  3.452E-10  2.082E-16  3.548E+11  2.137E+13  8.443E+01  2.308E+07  0.55907620  4.863E-05  4.863E-05  9.485E-01  9.729E-07  1.882E-05  1.059E+00  300   28.8200  9.66E-03 3.3493E+01 4.9067E+01    8.02E+02 0.00E+00 3.15E+02  0.559042  0.168074 8.02E+02 0.00E+00 3.15E+02  0.559076  0.168078  0.0000000E+00  0.0000000E+00  2.8398172E-04  2.5287155E+00  1.2295507E+00  2.9872618E-03 -1.1408354E+00  4.2679453E-01  3.0359671E-01 0.000 0.647 1.000 1.000 1.000 1.000 1.000 1.000 1.000 1.000 1.000 1.000 1.000 1.000 1.000 1.000 1.000 1.000 1.000 1.000 1.000 1.000 1.000 1.000 1.000 1.000 1.000 1.000 1.000 1.000 1.000 1.000 1.000 1.000 1.000 1.000 1.000 1.000 1.000 1.000  1.3795347888E+00   0.96064   1.00000   0.00000   0.00000   0.1441420E-01
   505  3.519216055141445E+05  44.727815  5.455144  4.644405  0.7185808E+00  0.2673524E+00  3.7189580E-05  2.1616141E-03  3.0050883E-05  1.4373176E-03  6.0977829E-03  3.7150293E-06  1.2181005E-05  2.0943240E-03  1.4960212E-04  0.6436    4.644405  -6.091  0.456290  7.610283  0.6902435E+00  0.2958176E+00  1.1434471E-07  6.0009202E-05  1.6037101E-05  7.0482540E-03  2.5159612E-03  5.9298797E-06  1.9809039E-08  2.0877476E-03  5.6215060E-06  3.403E-10  2.044E-16  3.469E+11  2.083E+13  8.257E+01  2.249E+07  0.55840305  4.844E-05  4.845E-05  9.487E-01  1.131E-06  1.923E-05  1.059E+00  299   28.8200  9.65E-03 3.3407E+01 4.8942E+01    8.02E+02 0.00E+00 3.15E+02  0.558668  0.168444 8.02E+02 0.00E+00 3.15E+02  0.558403  0.168447  0.0000000E+00  0.0000000E+00  2.8531406E-04  2.5307835E+00  1.2261769E+00  2.9682229E-03 -1.1395582E+00  4.2610552E-01  3.0369386E-01 0.000 0.647 1.000 1.000 1.000 1.000 1.000 1.000 1.000 1.000 1.000 1.000 1.000 1.000 1.000 1.000 1.000 1.000 1.000 1.000 1.000 1.000 1.000 1.000 1.000 1.000 1.000 1.000 1.000 1.000 1.000 1.000 1.000 1.000 1.000 1.000 1.000 1.000 1.000 1.000  1.3758340632E+00   0.95867   1.00000   0.00000   0.00000   0.1434768E-01
   518  3.689584528966438E+05  44.713973  5.456028  4.644303  0.7183306E+00  0.2676015E+00  3.6422499E-05  2.1181629E-03  2.9829351E-05  1.5269247E-03  6.0537649E-03  3.8264877E-06  1.1931174E-05  2.0942571E-03  1.4703398E-04  0.6436    4.644303  -6.089  0.455718  7.610181  0.6888294E+00  0.2972420E+00  1.1160785E-07  6.0482482E-05  1.6183740E-05  7.1194229E-03  2.4339911E-03  5.7383047E-06  1.9046071E-08  2.0874876E-03  5.3069496E-06  3.357E-10  2.009E-16  3.397E+11  2.033E+13  8.086E+01  2.195E+07  0.55783239  4.827E-05  4.828E-05  9.488E-01  1.296E-06  1.961E-05  1.059E+00  298   28.8200  9.64E-03 3.3320E+01 4.8815E+01    8.01E+02 0.00E+00 3.14E+02  0.558004  0.168812 8.01E+02 0.00E+00 3.14E+02  0.557832  0.168818  0.0000000E+00  0.0000000E+00  2.8645272E-04  2.5326606E+00  1.2227481E+00  2.9492084E-03 -1.1383199E+00  4.2543165E-01  3.0380213E-01 0.000 0.647 1.000 1.000 1.000 1.000 1.000 1.000 1.000 1.000 1.000 1.000 1.000 1.000 1.000 1.000 1.000 1.000 1.000 1.000 1.000 1.000 1.000 1.000 1.000 1.000 1.000 1.000 1.000 1.000 1.000 1.000 1.000 1.000 1.000 1.000 1.000 1.000 1.000 1.000  1.3721176170E+00   0.95671   1.00000   0.00000   0.00000   0.1428612E-01
   531  3.859953002791430E+05  44.700064  5.456912  4.644205  0.7180601E+00  0.2678712E+00  3.5656358E-05  2.0747207E-03  2.9602191E-05  1.6185023E-03  6.0074934E-03  3.9331612E-06  1.1681283E-05  2.0941857E-03  1.4442181E-04  0.6437    4.644205  -6.087  0.455183  7.610092  0.6874160E+00  0.2986653E+00  1.0904111E-07  6.0936423E-05  1.6323814E-05  7.1871137E-03  2.3560217E-03  5.5556815E-06  1.8333696E-08  2.0872303E-03  5.0325624E-06  3.273E-10  1.944E-16  3.331E+11  1.987E+13  7.928E+01  2.146E+07  0.55726203  4.810E-05  4.811E-05  9.489E-01  1.467E-06  1.997E-05  1.059E+00  298   28.8200  9.63E-03 3.3232E+01 4.8688E+01    8.00E+02 0.00E+00 3.13E+02  0.557433  0.169183 8.00E+02 0.00E+00 3.13E+02  0.557262  0.169188  0.0000000E+00  0.0000000E+00  2.8765332E-04  2.5343853E+00  1.2193114E+00  2.9321320E-03 -1.1371125E+00  4.2476923E-01  3.0391795E-01 0.000 0.647 1.000 1.000 1.000 1.000 1.000 1.000 1.000 1.000 1.000 1.000 1.000 1.000 1.000 1.000 1.000 1.000 1.000 1.000 1.000 1.000 1.000 1.000 1.000 1.000 1.000 1.000 1.000 1.000 1.000 1.000 1.000 1.000 1.000 1.000 1.000 1.000 1.000 1.000  1.3683855603E+00   0.95474   1.00000   0.00000   0.00000   0.1422416E-01
   544  4.030321476616423E+05  44.686087  5.457798  4.644120  0.7177698E+00  0.2681610E+00  3.4894625E-05  2.0314919E-03  2.9371656E-05  1.7116112E-03  5.9591942E-03  4.0345101E-06  1.1432512E-05  2.0941100E-03  1.4178142E-04  0.6437    4.644120  -6.085  0.454682  7.610014  0.6860029E+00  0.3000876E+00  1.0661970E-07  6.1372035E-05  1.6457764E-05  7.2515783E-03  2.2817636E-03  5.3813881E-06  1.7665671E-08  2.0869755E-03  4.7913626E-06  3.256E-10  1.927E-16  3.268E+11  1.945E+13  7.779E+01  2.100E+07  0.55667754  4.794E-05  4.795E-05  9.490E-01  1.643E-06  2.030E-05  1.059E+00  297   28.8200  9.62E-03 3.3145E+01 4.8561E+01    7.99E+02 0.00E+00 3.13E+02  0.556847  0.169552 7.99E+02 0.00E+00 3.13E+02  0.556678  0.169558  0.0000000E+00  0.0000000E+00  2.8883886E-04  2.5359514E+00  1.2158667E+00  2.9135398E-03 -1.1359364E+00  4.2411875E-01  3.0404239E-01 0.000 0.647 1.000 1.000 1.000 1.000 1.000 1.000 1.000 1.000 1.000 1.000 1.000 1.000 1.000 1.000 1.000 1.000 1.000 1.000 1.000 1.000 1.000 1.000 1.000 1.000 1.000 1.000 1.000 1.000 1.000 1.000 1.000 1.000 1.000 1.000 1.000 1.000 1.000 1.000  1.3646379646E+00   0.95278   1.00000   0.00000   0.00000   0.1416425E-01
   557  4.200689950441415E+05  44.672042  5.458712  4.644043  0.7174601E+00  0.2684705E+00  3.4140120E-05  1.9886435E-03  2.9139646E-05  1.8058643E-03  5.9090843E-03  4.1301629E-06  1.1185823E-05  2.0940303E-03  1.3912659E-04  0.6441    4.644043  -6.083  0.454227  7.609949  0.6845913E+00  0.3015081E+00  1.0510001E-07  6.1828479E-05  1.6588221E-05  7.3128961E-03  2.2110712E-03  5.2148500E-06  1.7251339E-08  2.0867233E-03  4.5812089E-06  3.157E-10  1.862E-16  3.167E+11  1.879E+13  7.537E+01  2.029E+07  0.55610877  4.778E-05  4.779E-05  9.491E-01  1.824E-06  2.061E-05  1.058E+00  296   28.8200  9.61E-03 3.3056E+01 4.8432E+01    7.99E+02 0.00E+00 3.12E+02  0.556272  0.169932 7.99E+02 0.00E+00 3.12E+02  0.556109  0.169938  0.0000000E+00  0.0000000E+00  2.9007504E-04  2.5373672E+00  1.2124034E+00  2.8950929E-03 -1.1347934E+00  4.2348043E-01  3.0417548E-01 0.000 0.648 1.000 1.000 1.000 1.000 1.000 1.000 1.000 1.000 1.000 1.000 1.000 1.000 1.000 1.000 1.000 1.000 1.000 1.000 1.000 1.000 1.000 1.000 1.000 1.000 1.000 1.000 1.000 1.000 1.000 1.000 1.000 1.000 1.000 1.000 1.000 1.000 1.000 1.000  1.3608744646E+00   0.95082   1.00000   0.00000   0.00000   0.1410258E-01
   570  4.371058424266408E+05  44.657929  5.459616  4.643983  0.7171314E+00  0.2687992E+00  3.3395086E-05  1.9463087E-03  2.8907739E-05  1.9009243E-03  5.8573690E-03  4.2198905E-06  1.0941985E-05  2.0939467E-03  1.3646914E-04  0.6441    4.643983  -6.081  0.453813  7.609900  0.6831742E+00  0.3029337E+00  1.0016863E-07  6.2095066E-05  1.6702706E-05  7.3720172E-03  2.1431561E-03  5.0555662E-06  1.5893588E-08  2.0864720E-03  4.3827545E-06  3.100E-10  1.823E-16  3.096E+11  1.833E+13  7.369E+01  1.979E+07  0.55549838  4.762E-05  4.763E-05  9.493E-01  2.008E-06  2.090E-05  1.058E+00  296   28.7124  9.60E-03 3.2968E+01 4.8305E+01    7.98E+02 0.00E+00 3.11E+02  0.555658  0.170304 7.98E+02 0.00E+00 3.11E+02  0.555498  0.170313  0.0000000E+00  0.0000000E+00  2.9124632E-04  2.5386185E+00  1.2089422E+00  2.8769032E-03 -1.1336827E+00  4.2285451E-01  3.0431696E-01 0.000 0.645 1.000 1.000 1.000 1.000 1.000 1.000 1.000 1.000 1.000 1.000 1.000 1.000 1.000 1.000 1.000 1.000 1.000 1.000 1.000 1.000 1.000 1.000 1.000 1.000 1.000 1.000 1.000 1.000 1.000 1.000 1.000 1.000 1.000 1.000 1.000 1.000 1.000 1.000  1.3570953602E+00   0.94885   1.00000   0.00000   0.00000   0.1404521E-01
   583  4.541426898091401E+05  44.643746  5.460515  4.643915  0.7167844E+00  0.2691465E+00  3.2661303E-05  1.9045934E-03  2.8677238E-05  1.9964956E-03  5.8042426E-03  4.3035747E-06  1.0701615E-05  2.0938596E-03  1.3381919E-04  0.6442    4.643915  -6.079  0.453383  7.609846  0.6817520E+00  0.3043641E+00  9.9403636E-08  6.2558968E-05  1.6825814E-05  7.4285425E-03  2.0779283E-03  4.9014006E-06  1.5746122E-08  2.0862217E-03  4.2000289E-06  3.080E-10  1.800E-16  3.084E+11  1.822E+13  7.341E+01  1.967E+07  0.55489609  4.745E-05  4.746E-05  9.494E-01  2.194E-06  2.117E-05  1.058E+00  295   28.7124  9.59E-03 3.2880E+01 4.8176E+01    7.97E+02 0.00E+00 3.11E+02  0.555061  0.170680 7.97E+02 0.00E+00 3.11E+02  0.554896  0.170686  0.0000000E+00  0.0000000E+00  2.9245723E-04  2.5398993E+00  1.2054554E+00  2.8586170E-03 -1.1325603E+00  4.2222359E-01  3.0445688E-01 0.000 0.646 1.000 1.000 1.000 1.000 1.000 1.000 1.000 1.000 1.000 1.000 1.000 1.000 1.000 1.000 1.000 1.000 1.000 1.000 1.000 1.000 1.000 1.000 1.000 1.000 1.000 1.000 1.000 1.000 1.000 1.000 1.000 1.000 1.000 1.000 1.000 1.000 1.000 1.000  1.3533006613E+00   0.94688   1.00000   0.00000   0.00000   0.1398717E-01
   596  4.711795371916393E+05  44.629494  5.461409  4.643855  0.7164195E+00  0.2695120E+00  3.1940214E-05  1.8635838E-03  2.8449222E-05  2.0923133E-03  5.7498912E-03  4.3811813E-06  1.0465212E-05  2.0937690E-03  1.3118554E-04  0.6442    4.643855  -6.077  0.452991  7.609804  0.6803336E+00  0.3057903E+00  9.7708233E-08  6.2943122E-05  1.6940787E-05  7.4823760E-03  2.0158865E-03  4.7547318E-06  1.5269903E-08  2.0859741E-03  4.0433547E-06  3.053E-10  1.779E-16  3.044E+11  1.794E+13  7.245E+01  1.938E+07  0.55429172  4.730E-05  4.731E-05  9.495E-01  2.382E-06  2.143E-05  1.058E+00  294   28.7124  9.58E-03 3.2791E+01 4.8047E+01    7.97E+02 0.00E+00 3.10E+02  0.554456  0.171050 7.97E+02 0.00E+00 3.10E+02  0.554292  0.171056  0.0000000E+00  0.0000000E+00  2.9363835E-04  2.5409995E+00  1.2019546E+00  2.8405260E-03 -1.1314731E+00  4.2160603E-01  3.0460592E-01 0.000 0.646 1.000 1.000 1.000 1.000 1.000 1.000 1.000 1.000 1.000 1.000 1.000 1.000 1.000 1.000 1.000 1.000 1.000 1.000 1.000 1.000 1.000 1.000 1.000 1.000 1.000 1.000 1.000 1.000 1.000 1.000 1.000 1.000 1.000 1.000 1.000 1.000 1.000 1.000  1.3494906260E+00   0.94491   1.00000   0.00000   0.00000   0.1392994E-01
   609  4.882163845741386E+05  44.615174  5.462306  4.643802  0.7160373E+00  0.2698950E+00  3.1232867E-05  1.8233432E-03  2.8224549E-05  2.1881538E-03  5.6944846E-03  4.4527545E-06  1.0233146E-05  2.0936753E-03  1.2857536E-04  0.6443    4.643802  -6.074  0.452626  7.609772  0.6789158E+00  0.3072156E+00  9.5932507E-08  6.3306877E-05  1.7050394E-05  7.5338290E-03  1.9565932E-03  4.6143989E-06  1.4790713E-08  2.0857282E-03  3.9033385E-06  3.025E-10  1.759E-16  3.001E+11  1.766E+13  7.143E+01  1.907E+07  0.55367674  4.714E-05  4.715E-05  9.496E-01  2.571E-06  2.167E-05  1.058E+00  294   28.7124  9.58E-03 3.2703E+01 4.7918E+01    7.96E+02 0.00E+00 3.09E+02  0.553840  0.171421 7.96E+02 0.00E+00 3.09E+02  0.553677  0.171427  0.0000000E+00  0.0000000E+00  2.9481375E-04  2.5419810E+00  1.1984422E+00  2.8243293E-03 -1.1304083E+00  4.2099674E-01  3.0476089E-01 0.000 0.646 1.000 1.000 1.000 1.000 1.000 1.000 1.000 1.000 1.000 1.000 1.000 1.000 1.000 1.000 1.000 1.000 1.000 1.000 1.000 1.000 1.000 1.000 1.000 1.000 1.000 1.000 1.000 1.000 1.000 1.000 1.000 1.000 1.000 1.000 1.000 1.000 1.000 1.000  1.3456653038E+00   0.94294   1.00000   0.00000   0.00000   0.1387376E-01
   622  5.052532319566378E+05  44.600784  5.463204  4.643754  0.7156382E+00  0.2702951E+00  3.0540010E-05  1.7839169E-03  2.8003890E-05  2.2838270E-03  5.6381784E-03  4.5183964E-06  1.0005683E-05  2.0935785E-03  1.2599452E-04  0.6444    4.643754  -6.072  0.452284  7.609747  0.6774978E+00  0.3086408E+00  9.4187186E-08  6.3655349E-05  1.7155529E-05  7.5830804E-03  1.8998364E-03  4.4799039E-06  1.4326891E-08  2.0854840E-03  3.7765314E-06  2.971E-10  1.719E-16  2.959E+11  1.739E+13  7.043E+01  1.878E+07  0.55306478  4.699E-05  4.699E-05  9.498E-01  2.760E-06  2.189E-05  1.058E+00  293   28.7124  9.57E-03 3.2614E+01 4.7789E+01    7.95E+02 0.00E+00 3.09E+02  0.553315  0.171793 7.95E+02 0.00E+00 3.09E+02  0.553065  0.171797  0.0000000E+00  0.0000000E+00  2.9605240E-04  2.5428610E+00  1.1949215E+00  2.8065083E-03 -1.1293618E+00  4.2039425E-01  3.0492092E-01 0.000 0.646 1.000 1.000 1.000 1.000 1.000 1.000 1.000 1.000 1.000 1.000 1.000 1.000 1.000 1.000 1.000 1.000 1.000 1.000 1.000 1.000 1.000 1.000 1.000 1.000 1.000 1.000 1.000 1.000 1.000 1.000 1.000 1.000 1.000 1.000 1.000 1.000 1.000 1.000  1.3418248507E+00   0.94097   1.00000   0.00000   0.00000   0.1381752E-01
   635  5.222900793391371E+05  44.586325  5.464109  4.643726  0.7152229E+00  0.2707117E+00  2.9862186E-05  1.7453385E-03  2.7787774E-05  2.3791660E-03  5.5811177E-03  4.5782481E-06  9.7830223E-06  2.0934788E-03  1.2344788E-04  0.6445    4.643726  -6.070  0.451963  7.609730  0.6760791E+00  0.3100662E+00  9.2492493E-08  6.3990404E-05  1.7256602E-05  7.6302748E-03  1.8454484E-03  4.3508685E-06  1.3881664E-08  2.0852411E-03  3.6607292E-06  2.945E-10  1.700E-16  2.919E+11  1.713E+13  6.947E+01  1.850E+07  0.55254704  4.685E-05  4.684E-05  9.499E-01  2.949E-06  2.209E-05  1.058E+00  292   28.7124  9.56E-03 3.2524E+01 4.7658E+01    7.95E+02 0.00E+00 3.08E+02  0.552499  0.172165 7.95E+02 0.00E+00 3.08E+02  0.552547  0.172169  0.0000000E+00  0.0000000E+00  2.9708993E-04  2.5436339E+00  1.1913471E+00  2.7886069E-03 -1.1283345E+00  4.1979920E-01  3.0508725E-01 0.000 0.646 1.000 1.000 1.000 1.000 1.000 1.000 1.000 1.000 1.000 1.000 1.000 1.000 1.000 1.000 1.000 1.000 1.000 1.000 1.000 1.000 1.000 1.000 1.000 1.000 1.000 1.000 1.000 1.000 1.000 1.000 1.000 1.000 1.000 1.000 1.000 1.000 1.000 1.000  1.3379694087E+00   0.93900   1.00000   0.00000   0.00000   0.1376556E-01
   648  5.393269267216363E+05  44.571795  5.465014  4.643699  0.7147917E+00  0.2711444E+00  2.9199762E-05  1.7076308E-03  2.7576611E-05  2.4740254E-03  5.5234373E-03  4.6324820E-06  9.5652996E-06  2.0933765E-03  1.2093945E-04  0.6446    4.643699  -6.068  0.451662  7.609720  0.6746597E+00  0.3114922E+00  9.0852935E-08  6.4313121E-05  1.7353885E-05  7.6755385E-03  1.7932833E-03  4.2269725E-06  1.3455431E-08  2.0849995E-03  3.5543042E-06  2.920E-10  1.681E-16  2.880E+11  1.687E+13  6.854E+01  1.822E+07  0.55189145  4.670E-05  4.669E-05  9.500E-01  3.138E-06  2.228E-05  1.057E+00  291   28.7124  9.55E-03 3.2435E+01 4.7529E+01    7.94E+02 0.00E+00 3.07E+02  0.551839  0.172537 7.94E+02 0.00E+00 3.07E+02  0.551891  0.172541  0.0000000E+00  0.0000000E+00  2.9823712E-04  2.5443219E+00  1.1878071E+00  2.7710134E-03 -1.1273219E+00  4.1920934E-01  3.0525734E-01 0.000 0.647 1.000 1.000 1.000 1.000 1.000 1.000 1.000 1.000 1.000 1.000 1.000 1.000 1.000 1.000 1.000 1.000 1.000 1.000 1.000 1.000 1.000 1.000 1.000 1.000 1.000 1.000 1.000 1.000 1.000 1.000 1.000 1.000 1.000 1.000 1.000 1.000 1.000 1.000  1.3340989015E+00   0.93703   1.00000   0.00000   0.00000   0.1371956E-01
   661  5.563637741041356E+05  44.557195  5.465920  4.643679  0.7143452E+00  0.2715925E+00  2.8552935E-05  1.6708069E-03  2.7370706E-05  2.5682815E-03  5.4652607E-03  4.6812957E-06  9.3525955E-06  2.0932716E-03  1.1847235E-04  0.6446    4.643679  -6.066  0.451380  7.609715  0.6732392E+00  0.3129190E+00  8.9266519E-08  6.4624293E-05  1.7447618E-05  7.7189855E-03  1.7432096E-03  4.1079224E-06  1.3047207E-08  2.0847591E-03  3.4559784E-06  2.872E-10  1.646E-16  2.842E+11  1.664E+13  6.764E+01  1.797E+07  0.55104640  4.653E-05  4.654E-05  9.502E-01  3.324E-06  2.246E-05  1.057E+00  290   28.7124  9.55E-03 3.2346E+01 4.7399E+01    7.93E+02 0.00E+00 3.07E+02  0.551163  0.172909 7.93E+02 0.00E+00 3.07E+02  0.551046  0.172913  0.0000000E+00  0.0000000E+00  2.9937529E-04  2.5449250E+00  1.1842587E+00  2.7535261E-03 -1.1263239E+00  4.1862477E-01  3.0543174E-01 0.000 0.647 1.000 1.000 1.000 1.000 1.000 1.000 1.000 1.000 1.000 1.000 1.000 1.000 1.000 1.000 1.000 1.000 1.000 1.000 1.000 1.000 1.000 1.000 1.000 1.000 1.000 1.000 1.000 1.000 1.000 1.000 1.000 1.000 1.000 1.000 1.000 1.000 1.000 1.000  1.3302135279E+00   0.93505   1.00000   0.00000   0.00000   0.1366139E-01
   674  5.734006214866348E+05  44.542524  5.466830  4.643662  0.7138840E+00  0.2720556E+00  2.7921791E-05  1.6348730E-03  2.7170285E-05  2.6618264E-03  5.4067024E-03  4.7249023E-06  9.1449513E-06  2.0931643E-03  1.1604907E-04  0.6447    4.643662  -6.064  0.451114  7.609716  0.6718175E+00  0.3143467E+00  8.7730613E-08  6.4924591E-05  1.7538011E-05  7.7607195E-03  1.6951081E-03  3.9934523E-06  1.2655933E-08  2.0845196E-03  3.3647260E-06  2.849E-10  1.630E-16  2.806E+11  1.641E+13  6.679E+01  1.772E+07  0.55036838  4.638E-05  4.639E-05  9.503E-01  3.509E-06  2.262E-05  1.057E+00  289   28.7124  9.54E-03 3.2256E+01 4.7269E+01    7.93E+02 0.00E+00 3.06E+02  0.550468  0.173283 7.93E+02 0.00E+00 3.06E+02  0.550368  0.173286  0.0000000E+00  0.0000000E+00  3.0050662E-04  2.5454473E+00  1.1806940E+00  2.7360998E-03 -1.1253394E+00  4.1804512E-01  3.0561031E-01 0.000 0.647 1.000 1.000 1.000 1.000 1.000 1.000 1.000 1.000 1.000 1.000 1.000 1.000 1.000 1.000 1.000 1.000 1.000 1.000 1.000 1.000 1.000 1.000 1.000 1.000 1.000 1.000 1.000 1.000 1.000 1.000 1.000 1.000 1.000 1.000 1.000 1.000 1.000 1.000  1.3263133980E+00   0.93308   1.00000   0.00000   0.00000   0.1360993E-01
   687  5.904374688691341E+05  44.527781  5.467741  4.643639  0.7134084E+00  0.2725332E+00  2.7306324E-05  1.5998299E-03  2.6975504E-05  2.7545659E-03  5.3478685E-03  4.7635243E-06  8.9423766E-06  2.0930548E-03  1.1367155E-04  0.6448    4.643639  -6.062  0.450865  7.609723  0.6703944E+00  0.3157756E+00  8.6243252E-08  6.5214636E-05  1.7625251E-05  7.8008354E-03  1.6488693E-03  3.8833195E-06  1.2280804E-08  2.0842811E-03  3.2797051E-06  2.826E-10  1.614E-16  2.771E+11  1.619E+13  6.596E+01  1.749E+07  0.54971496  4.623E-05  4.624E-05  9.504E-01  3.692E-06  2.277E-05  1.057E+00  289   28.7124  9.54E-03 3.2166E+01 4.7139E+01    7.92E+02 0.00E+00 3.05E+02  0.549815  0.173656 7.92E+02 0.00E+00 3.05E+02  0.549715  0.173659  0.0000000E+00  0.0000000E+00  3.0167478E-04  2.5458981E+00  1.1771026E+00  2.7204647E-03 -1.1243667E+00  4.1746944E-01  3.0579204E-01 0.000 0.647 1.000 1.000 1.000 1.000 1.000 1.000 1.000 1.000 1.000 1.000 1.000 1.000 1.000 1.000 1.000 1.000 1.000 1.000 1.000 1.000 1.000 1.000 1.000 1.000 1.000 1.000 1.000 1.000 1.000 1.000 1.000 1.000 1.000 1.000 1.000 1.000 1.000 1.000  1.3223982235E+00   0.93110   1.00000   0.00000   0.00000   0.1355736E-01
   700  6.074743162516333E+05  44.512967  5.468655  4.643623  0.7129190E+00  0.2730248E+00  2.6706436E-05  1.5656730E-03  2.6786456E-05  2.8464212E-03  5.2888549E-03  4.7973906E-06  8.7448497E-06  2.0929432E-03  1.1134117E-04  0.6449    4.643623  -6.060  0.450631  7.609735  0.6689698E+00  0.3172059E+00  8.4800919E-08  6.5494985E-05  1.7709513E-05  7.8394212E-03  1.6043921E-03  3.7772954E-06  1.1920753E-08  2.0840435E-03  3.2002109E-06  2.804E-10  1.598E-16  2.738E+11  1.598E+13  6.516E+01  1.726E+07  0.54904263  4.608E-05  4.609E-05  9.506E-01  3.873E-06  2.291E-05  1.057E+00  288   28.7124  9.53E-03 3.2076E+01 4.7007E+01    7.91E+02 0.00E+00 3.05E+02  0.549200  0.174027 7.91E+02 0.00E+00 3.05E+02  0.549043  0.174033  0.0000000E+00  0.0000000E+00  3.0287559E-04  2.5462751E+00  1.1735032E+00  2.7031413E-03 -1.1234057E+00  4.1689810E-01  3.0597775E-01 0.000 0.647 1.000 1.000 1.000 1.000 1.000 1.000 1.000 1.000 1.000 1.000 1.000 1.000 1.000 1.000 1.000 1.000 1.000 1.000 1.000 1.000 1.000 1.000 1.000 1.000 1.000 1.000 1.000 1.000 1.000 1.000 1.000 1.000 1.000 1.000 1.000 1.000 1.000 1.000  1.3184679425E+00   0.92912   1.00000   0.00000   0.00000   0.1350589E-01
   713  6.245111636341326E+05  44.498080  5.469570  4.643614  0.7124163E+00  0.2735298E+00  2.6121994E-05  1.5323954E-03  2.6603192E-05  2.9373212E-03  5.2297521E-03  4.8267292E-06  8.5523357E-06  2.0928297E-03  1.0905903E-04  0.6450    4.643614  -6.058  0.450411  7.609752  0.6675435E+00  0.3186375E+00  8.3402087E-08  6.5766169E-05  1.7790963E-05  7.8765574E-03  1.5615835E-03  3.6751721E-06  1.1575062E-08  2.0838066E-03  3.1256621E-06  2.762E-10  1.569E-16  2.706E+11  1.579E+13  6.439E+01  1.705E+07  0.54835782  4.593E-05  4.594E-05  9.507E-01  4.050E-06  2.304E-05  1.057E+00  287   28.7124  9.53E-03 3.1986E+01 4.6876E+01    7.91E+02 0.00E+00 3.04E+02  0.548514  0.174402 7.91E+02 0.00E+00 3.04E+02  0.548358  0.174408  0.0000000E+00  0.0000000E+00  3.0402628E-04  2.5465842E+00  1.1698930E+00  2.6858890E-03 -1.1224552E+00  4.1633050E-01  3.0616691E-01 0.000 0.648 1.000 1.000 1.000 1.000 1.000 1.000 1.000 1.000 1.000 1.000 1.000 1.000 1.000 1.000 1.000 1.000 1.000 1.000 1.000 1.000 1.000 1.000 1.000 1.000 1.000 1.000 1.000 1.000 1.000 1.000 1.000 1.000 1.000 1.000 1.000 1.000 1.000 1.000  1.3145226721E+00   0.92714   1.00000   0.00000   0.00000   0.1345537E-01
   726  6.415480110166318E+05  44.483120  5.470486  4.643605  0.7119007E+00  0.2740479E+00  2.5552800E-05  1.4999867E-03  2.6425717E-05  3.0272068E-03  5.1706412E-03  4.8517682E-06  8.3647782E-06  2.0927142E-03  1.0682578E-04  0.6451    4.643605  -6.055  0.450205  7.609774  0.6661153E+00  0.3200708E+00  8.2043717E-08  6.6028627E-05  1.7869740E-05  7.9123193E-03  1.5203570E-03  3.5767551E-06  1.1242804E-08  2.0835704E-03  3.0555574E-06  2.742E-10  1.554E-16  2.674E+11  1.559E+13  6.365E+01  1.684E+07  0.54767905  4.579E-05  4.580E-05  9.508E-01  4.225E-06  2.315E-05  1.057E+00  286   28.7124  9.52E-03 3.1895E+01 4.6744E+01    7.90E+02 0.00E+00 3.04E+02  0.547923  0.174779 7.90E+02 0.00E+00 3.03E+02  0.547679  0.174782  0.0000000E+00  0.0000000E+00  3.0524652E-04  2.5468340E+00  1.1662720E+00  2.6686982E-03 -1.1215136E+00  4.1576584E-01  3.0635878E-01 0.000 0.648 1.000 1.000 1.000 1.000 1.000 1.000 1.000 1.000 1.000 1.000 1.000 1.000 1.000 1.000 1.000 1.000 1.000 1.000 1.000 1.000 1.000 1.000 1.000 1.000 1.000 1.000 1.000 1.000 1.000 1.000 1.000 1.000 1.000 1.000 1.000 1.000 1.000 1.000  1.3105625361E+00   0.92516   1.00000   0.00000   0.00000   0.1340433E-01
   739  6.585848583991311E+05  44.468086  5.471408  4.643614  0.7113726E+00  0.2745785E+00  2.4998609E-05  1.4684332E-03  2.6253994E-05  3.1160300E-03  5.1115953E-03  4.8727325E-06  8.1821033E-06  2.0925971E-03  1.0464177E-04  0.6452    4.643614  -6.053  0.450012  7.609800  0.6646853E+00  0.3215059E+00  8.0723490E-08  6.6282823E-05  1.7945990E-05  7.9467764E-03  1.4806327E-03  3.4818620E-06  1.0923170E-08  2.0833347E-03  2.9894805E-06  2.722E-10  1.541E-16  2.644E+11  1.541E+13  6.293E+01  1.664E+07  0.54709414  4.566E-05  4.565E-05  9.510E-01  4.396E-06  2.326E-05  1.056E+00  285   28.7124  9.52E-03 3.1803E+01 4.6611E+01    7.90E+02 0.00E+00 3.03E+02  0.547047  0.175154 7.90E+02 0.00E+00 3.03E+02  0.547094  0.175159  0.0000000E+00  0.0000000E+00  3.0626407E-04  2.5470131E+00  1.1625980E+00  2.6513861E-03 -1.1205827E+00  4.1520528E-01  3.0655497E-01 0.000 0.648 1.000 1.000 1.000 1.000 1.000 1.000 1.000 1.000 1.000 1.000 1.000 1.000 1.000 1.000 1.000 1.000 1.000 1.000 1.000 1.000 1.000 1.000 1.000 1.000 1.000 1.000 1.000 1.000 1.000 1.000 1.000 1.000 1.000 1.000 1.000 1.000 1.000 1.000  1.3065876711E+00   0.92317   1.00000   0.00000   0.00000   0.1335712E-01
   752  6.754906531094573E+05  44.453096  5.472319  4.643616  0.7108368E+00  0.2751171E+00  2.4463258E-05  1.4379538E-03  2.6089223E-05  3.2030769E-03  5.0531355E-03  4.8897241E-06  8.0055830E-06  2.0924792E-03  1.0252337E-04  0.6453    4.643616  -6.051  0.449814  7.609824  0.6632645E+00  0.3229314E+00  7.8386387E-08  6.6592294E-05  1.8045516E-05  7.9796467E-03  1.4426230E-03  3.3836319E-06  1.0405546E-08  2.0831015E-03  2.9273909E-06  2.571E-10  1.450E-16  2.581E+11  1.503E+13  6.142E+01  1.623E+07  0.54620836  4.549E-05  4.550E-05  9.511E-01  4.562E-06  2.335E-05  1.056E+00  285   28.7124  9.51E-03 3.1713E+01 4.6479E+01    7.89E+02 0.00E+00 3.02E+02  0.546319  0.175528 7.89E+02 0.00E+00 3.02E+02  0.546208  0.175531  0.0000000E+00  0.0000000E+00  2.7664392E-04  2.5472096E+00  1.1589826E+00  2.6361713E-03 -1.1196506E+00  4.1464537E-01  3.0674728E-01 0.000 0.648 1.000 1.000 1.000 1.000 1.000 1.000 1.000 1.000 1.000 1.000 1.000 1.000 1.000 1.000 1.000 1.000 1.000 1.000 1.000 1.000 1.000 1.000 1.000 1.000 1.000 1.000 1.000 1.000 1.000 1.000 1.000 1.000 1.000 1.000 1.000 1.000 1.000 1.000  1.3026287272E+00   0.92120   1.00000   0.00000   0.00000   0.1331112E-01
   765  6.912956053735304E+05  44.439016  5.473181  4.643627  0.7103254E+00  0.2756310E+00  2.3975595E-05  1.4101911E-03  2.5940165E-05  3.2834492E-03  4.9986486E-03  4.9023624E-06  7.8447412E-06  2.0923676E-03  1.0058661E-04  0.6454    4.643627  -6.049  0.449655  7.609854  0.6619356E+00  0.3242647E+00  7.7266116E-08  6.6782157E-05  1.8098495E-05  8.0095180E-03  1.4082466E-03  3.2966772E-06  1.0238637E-08  2.0828840E-03  2.8707884E-06  2.651E-10  1.494E-16  2.555E+11  1.488E+13  6.082E+01  1.607E+07  0.54553308  4.536E-05  4.537E-05  9.513E-01  4.715E-06  2.343E-05  1.056E+00  284   28.7124  9.51E-03 3.1629E+01 4.6357E+01    7.89E+02 0.00E+00 3.02E+02  0.545640  0.175878 7.89E+02 0.00E+00 3.01E+02  0.545533  0.175883  0.0000000E+00  0.0000000E+00  3.0534969E-04  2.5472868E+00  1.1556000E+00  2.6202851E-03 -1.1187991E+00  4.1412939E-01  3.0693265E-01 0.000 0.649 1.000 1.000 1.000 1.000 1.000 1.000 1.000 1.000 1.000 1.000 1.000 1.000 1.000 1.000 1.000 1.000 1.000 1.000 1.000 1.000 1.000 1.000 1.000 1.000 1.000 1.000 1.000 1.000 1.000 1.000 1.000 1.000 1.000 1.000 1.000 1.000 1.000 1.000  1.2989146868E+00   0.91936   1.00000   0.00000   0.00000   0.1326518E-01
   778  7.081620842822052E+05  44.423919  5.474094  4.643646  0.7097689E+00  0.2761903E+00  2.3468590E-05  1.3813292E-03  2.5786322E-05  3.3681175E-03  4.9407327E-03  4.9125793E-06  7.6774740E-06  2.0922471E-03  9.8566160E-05  0.6455    4.643646  -6.047  0.449509  7.609896  0.6605138E+00  0.3256909E+00  7.6738502E-08  6.6995110E-05  1.8160829E-05  8.0402369E-03  1.3728489E-03  3.2207266E-06  1.0010299E-08  2.0826521E-03  2.8153294E-06  2.637E-10  1.484E-16  2.550E+11  1.485E+13  6.070E+01  1.604E+07  0.54478948  4.522E-05  4.523E-05  9.514E-01  4.873E-06  2.351E-05  1.056E+00  283   28.7124  9.50E-03 3.1538E+01 4.6225E+01    7.88E+02 0.00E+00 3.01E+02  0.544903  0.176251 7.88E+02 0.00E+00 3.01E+02  0.544789  0.176255  0.0000000E+00  0.0000000E+00  3.0644171E-04  2.5472575E+00  1.1519778E+00  2.6035558E-03 -1.1179101E+00  4.1358553E-01  3.0713708E-01 0.000 0.649 1.000 1.000 1.000 1.000 1.000 1.000 1.000 1.000 1.000 1.000 1.000 1.000 1.000 1.000 1.000 1.000 1.000 1.000 1.000 1.000 1.000 1.000 1.000 1.000 1.000 1.000 1.000 1.000 1.000 1.000 1.000 1.000 1.000 1.000 1.000 1.000 1.000 1.000  1.2949372556E+00   0.91738   1.00000   0.00000   0.00000   0.1321921E-01
   791  7.250285631908800E+05  44.408749  5.475012  4.643667  0.7092018E+00  0.2767604E+00  2.2975113E-05  1.3532397E-03  2.5637762E-05  3.4516281E-03  4.8831015E-03  4.9196105E-06  7.5146267E-06  2.0921253E-03  9.6593169E-05  0.6456    4.643667  -6.045  0.449362  7.609937  0.6590897E+00  0.3271193E+00  7.5578175E-08  6.7218569E-05  1.8227641E-05  8.0698833E-03  1.3386627E-03  3.1393368E-06  9.7389683E-09  2.0824206E-03  2.7626006E-06  2.603E-10  1.461E-16  2.524E+11  1.470E+13  6.008E+01  1.587E+07  0.54403553  4.508E-05  4.509E-05  9.516E-01  5.029E-06  2.358E-05  1.056E+00  282   28.7124  9.50E-03 3.1448E+01 4.6093E+01    7.87E+02 0.00E+00 3.00E+02  0.544132  0.176626 7.87E+02 0.00E+00 3.00E+02  0.544036  0.176630  0.0000000E+00  0.0000000E+00  3.0752034E-04  2.5472289E+00  1.1483435E+00  2.5868156E-03 -1.1170167E+00  4.1303979E-01  3.0734104E-01 0.000 0.649 1.000 1.000 1.000 1.000 1.000 1.000 1.000 1.000 1.000 1.000 1.000 1.000 1.000 1.000 1.000 1.000 1.000 1.000 1.000 1.000 1.000 1.000 1.000 1.000 1.000 1.000 1.000 1.000 1.000 1.000 1.000 1.000 1.000 1.000 1.000 1.000 1.000 1.000  1.2909456272E+00   0.91540   1.00000   0.00000   0.00000   0.1317378E-01
   804  7.418950420995548E+05  44.393505  5.475932  4.643693  0.7086242E+00  0.2773409E+00  2.2494829E-05  1.3259037E-03  2.5494359E-05  3.5339658E-03  4.8257977E-03  4.9236438E-06  7.3560928E-06  2.0920023E-03  9.4667042E-05  0.6457    4.643693  -6.043  0.449224  7.609981  0.6576632E+00  0.3285499E+00  7.4442966E-08  6.7435956E-05  1.8292569E-05  8.0985227E-03  1.3056353E-03  3.0603529E-06  9.4776763E-09  2.0821893E-03  2.7124685E-06  2.587E-10  1.450E-16  2.499E+11  1.455E+13  5.948E+01  1.571E+07  0.54326948  4.493E-05  4.494E-05  9.517E-01  5.180E-06  2.364E-05  1.056E+00  281   28.7124  9.49E-03 3.1357E+01 4.5961E+01    7.87E+02 0.00E+00 3.00E+02  0.543422  0.177000 7.87E+02 0.00E+00 2.99E+02  0.543269  0.177006  0.0000000E+00  0.0000000E+00  3.0864912E-04  2.5471535E+00  1.1446992E+00  2.5701233E-03 -1.1161291E+00  4.1249591E-01  3.0754728E-01 0.000 0.649 1.000 1.000 1.000 1.000 1.000 1.000 1.000 1.000 1.000 1.000 1.000 1.000 1.000 1.000 1.000 1.000 1.000 1.000 1.000 1.000 1.000 1.000 1.000 1.000 1.000 1.000 1.000 1.000 1.000 1.000 1.000 1.000 1.000 1.000 1.000 1.000 1.000 1.000  1.2869398726E+00   0.91342   1.00000   0.00000   0.00000   0.1312885E-01
   817  7.579830681355214E+05  44.378895  5.476807  4.643707  0.7080640E+00  0.2779041E+00  2.2048710E-05  1.3005145E-03  2.5362262E-05  3.6113974E-03  4.7714810E-03  4.9248624E-06  7.2088010E-06  2.0918837E-03  9.2872916E-05  0.6458    4.643707  -6.041  0.449026  7.610001  0.6563013E+00  0.3299157E+00  7.0566284E-08  6.7802793E-05  1.8414343E-05  8.1247304E-03  1.2751336E-03  2.9653174E-06  8.8158007E-09  2.0819691E-03  2.6659748E-06  2.464E-10  1.379E-16  2.381E+11  1.385E+13  5.668E+01  1.495E+07  0.54266291  4.481E-05  4.480E-05  9.518E-01  5.320E-06  2.369E-05  1.056E+00  281   28.7124  9.49E-03 3.1269E+01 4.5833E+01    7.86E+02 0.00E+00 2.99E+02  0.542605  0.177359 7.86E+02 0.00E+00 2.99E+02  0.542663  0.177363  0.0000000E+00  0.0000000E+00  2.7866385E-04  2.5473277E+00  1.1411688E+00  2.5554967E-03 -1.1152243E+00  4.1195549E-01  3.0772865E-01 0.000 0.649 1.000 1.000 1.000 1.000 1.000 1.000 1.000 1.000 1.000 1.000 1.000 1.000 1.000 1.000 1.000 1.000 1.000 1.000 1.000 1.000 1.000 1.000 1.000 1.000 1.000 1.000 1.000 1.000 1.000 1.000 1.000 1.000 1.000 1.000 1.000 1.000 1.000 1.000  1.2831061619E+00   0.91153   1.00000   0.00000   0.00000   0.1308667E-01
   830  7.742138105314848E+05  44.364085  5.477725  4.643746  0.7074898E+00  0.2784813E+00  2.1610141E-05  1.2755576E-03  2.5233492E-05  3.6884253E-03  4.7170449E-03  4.9236442E-06  7.0639697E-06  2.0917631E-03  9.1104612E-05  0.6461    4.643746  -6.039  0.448989  7.610073  0.6549205E+00  0.3313002E+00  7.2164310E-08  6.7871303E-05  1.8419712E-05  8.1509073E-03  1.2451694E-03  2.9105440E-06  9.0395356E-09  2.0817464E-03  2.6187690E-06  2.554E-10  1.429E-16  2.451E+11  1.427E+13  5.833E+01  1.541E+07  0.54178449  4.466E-05  4.467E-05  9.520E-01  5.458E-06  2.374E-05  1.055E+00  280   28.7124  9.49E-03 3.1180E+01 4.5704E+01    7.86E+02 0.00E+00 2.98E+02  0.541885  0.177740 7.86E+02 0.00E+00 2.98E+02  0.541784  0.177738  0.0000000E+00  0.0000000E+00  3.0765760E-04  2.5469475E+00  1.1376388E+00  2.5396614E-03 -1.1144329E+00  4.1145457E-01  3.0794551E-01 0.000 0.650 1.000 1.000 1.000 1.000 1.000 1.000 1.000 1.000 1.000 1.000 1.000 1.000 1.000 1.000 1.000 1.000 1.000 1.000 1.000 1.000 1.000 1.000 1.000 1.000 1.000 1.000 1.000 1.000 1.000 1.000 1.000 1.000 1.000 1.000 1.000 1.000 1.000 1.000  1.2792250667E+00   0.90961   1.00000   0.00000   0.00000   0.1304220E-01
   843  7.909116246510732E+05  44.348775  5.478641  4.643783  0.7068900E+00  0.2790843E+00  2.1170745E-05  1.2505562E-03  2.5105618E-05  3.7665132E-03  4.6614580E-03  4.9199796E-06  6.9188331E-06  2.0916380E-03  8.9328602E-05  0.6462    4.643783  -6.037  0.448881  7.610127  0.6535038E+00  0.3327206E+00  7.1075075E-08  6.8055815E-05  1.8478083E-05  8.1765032E-03  1.2156625E-03  2.8421331E-06  8.7437698E-09  2.0815186E-03  2.5786709E-06  2.477E-10  1.383E-16  2.426E+11  1.413E+13  5.774E+01  1.526E+07  0.54099312  4.452E-05  4.453E-05  9.522E-01  5.596E-06  2.378E-05  1.055E+00  279   28.7124  9.48E-03 3.1090E+01 4.5573E+01    7.85E+02 0.00E+00 2.98E+02  0.541144  0.178106 7.85E+02 0.00E+00 2.97E+02  0.540993  0.178112  0.0000000E+00  0.0000000E+00  3.0871734E-04  2.5467268E+00  1.1340022E+00  2.5232716E-03 -1.1135729E+00  4.1092224E-01  3.0815663E-01 0.000 0.650 1.000 1.000 1.000 1.000 1.000 1.000 1.000 1.000 1.000 1.000 1.000 1.000 1.000 1.000 1.000 1.000 1.000 1.000 1.000 1.000 1.000 1.000 1.000 1.000 1.000 1.000 1.000 1.000 1.000 1.000 1.000 1.000 1.000 1.000 1.000 1.000 1.000 1.000  1.2752181950E+00   0.90764   1.00000   0.00000   0.00000   0.1299931E-01
   856  8.076094387706617E+05  44.333390  5.479577  4.643822  0.7062812E+00  0.2796963E+00  2.0742968E-05  1.2262187E-03  2.4982271E-05  3.8434294E-03  4.6063171E-03  4.9140184E-06  6.7775041E-06  2.0915119E-03  8.7595488E-05  0.6463    4.643822  -6.035  0.448790  7.610184  0.6520690E+00  0.3341590E+00  6.9266607E-08  6.8221550E-05  1.8532907E-05  8.2018732E-03  1.1864444E-03  2.7726033E-06  8.3544381E-09  2.0812881E-03  2.5287259E-06  2.482E-10  1.384E-16  2.374E+11  1.382E+13  5.650E+01  1.492E+07  0.54034959  4.440E-05  4.439E-05  9.523E-01  5.730E-06  2.382E-05  1.055E+00  279   28.6041  9.48E-03 3.0997E+01 4.5437E+01    7.85E+02 0.00E+00 2.97E+02  0.540302  0.178489 7.85E+02 0.00E+00 2.97E+02  0.540350  0.178494  0.0000000E+00  0.0000000E+00  3.0976484E-04  2.5465109E+00  1.1303077E+00  2.5066620E-03 -1.1127135E+00  4.1038888E-01  3.0836988E-01 0.000 0.648 1.000 1.000 1.000 1.000 1.000 1.000 1.000 1.000 1.000 1.000 1.000 1.000 1.000 1.000 1.000 1.000 1.000 1.000 1.000 1.000 1.000 1.000 1.000 1.000 1.000 1.000 1.000 1.000 1.000 1.000 1.000 1.000 1.000 1.000 1.000 1.000 1.000 1.000  1.2711976333E+00   0.90565   1.00000   0.00000   0.00000   0.1295602E-01
   869  8.243072528902502E+05  44.317929  5.480492  4.643853  0.7056636E+00  0.2803170E+00  2.0326494E-05  1.2025272E-03  2.4863317E-05  3.9191727E-03  4.5516480E-03  4.9059059E-06  6.6398814E-06  2.0913848E-03  8.5904436E-05  0.6463    4.643853  -6.032  0.448688  7.610240  0.6506361E+00  0.3355955E+00  6.8634771E-08  6.8426140E-05  1.8591527E-05  8.2261819E-03  1.1583804E-03  2.7053476E-06  8.2096330E-09  2.0810586E-03  2.4864450E-06  2.474E-10  1.378E-16  2.365E+11  1.376E+13  5.628E+01  1.487E+07  0.53939285  4.424E-05  4.425E-05  9.525E-01  5.860E-06  2.384E-05  1.055E+00  279   28.6041  9.47E-03 3.0905E+01 4.5304E+01    7.84E+02 0.00E+00 2.96E+02  0.539508  0.178864 7.84E+02 0.00E+00 2.96E+02  0.539393  0.178869  0.0000000E+00  0.0000000E+00  3.1082123E-04  2.5462795E+00  1.1266366E+00  2.4920597E-03 -1.1118484E+00  4.0985324E-01  3.0858239E-01 0.000 0.648 1.000 1.000 1.000 1.000 1.000 1.000 1.000 1.000 1.000 1.000 1.000 1.000 1.000 1.000 1.000 1.000 1.000 1.000 1.000 1.000 1.000 1.000 1.000 1.000 1.000 1.000 1.000 1.000 1.000 1.000 1.000 1.000 1.000 1.000 1.000 1.000 1.000 1.000  1.2671630346E+00   0.90366   1.00000   0.00000   0.00000   0.1291262E-01
   883  8.409793780650385E+05  44.302418  5.481412  4.643874  0.7050387E+00  0.2809452E+00  1.9921645E-05  1.1794997E-03  2.4748797E-05  3.9936274E-03  4.4975582E-03  4.8957983E-06  6.5060728E-06  2.0912571E-03  8.4257149E-05  0.6464    4.643874  -6.030  0.448554  7.610285  0.6492065E+00  0.3370284E+00  6.6275214E-08  6.8690654E-05  1.8674312E-05  8.2495397E-03  1.1313052E-03  2.6259780E-06  7.8626256E-09  2.0808301E-03  2.4470363E-06  2.437E-10  1.355E-16  2.296E+11  1.336E+13  5.464E+01  1.442E+07  0.53860784  4.410E-05  4.411E-05  9.526E-01  5.985E-06  2.387E-05  1.055E+00  278   28.6041  9.47E-03 3.0813E+01 4.5170E+01    7.84E+02 0.00E+00 2.95E+02  0.538707  0.179240 7.84E+02 0.00E+00 2.95E+02  0.538608  0.179245  0.0000000E+00  0.0000000E+00  3.0877477E-04  2.5461680E+00  1.1229498E+00  2.4754779E-03 -1.1109544E+00  4.0930723E-01  3.0878595E-01 0.000 0.648 1.000 1.000 1.000 1.000 1.000 1.000 1.000 1.000 1.000 1.000 1.000 1.000 1.000 1.000 1.000 1.000 1.000 1.000 1.000 1.000 1.000 1.000 1.000 1.000 1.000 1.000 1.000 1.000 1.000 1.000 1.000 1.000 1.000 1.000 1.000 1.000 1.000 1.000  1.2631209428E+00   0.90168   1.00000   0.00000   0.00000   0.1286891E-01
   896  8.575102140434311E+05  44.286963  5.482320  4.643914  0.7044111E+00  0.2815761E+00  1.9530743E-05  1.1572683E-03  2.4639305E-05  4.0663009E-03  4.4444328E-03  4.8839250E-06  6.3768491E-06  2.0911296E-03  8.2663491E-05  0.6465    4.643914  -6.028  0.448512  7.610360  0.6477855E+00  0.3384527E+00  6.6534086E-08  6.8811849E-05  1.8706480E-05  8.2720962E-03  1.1053717E-03  2.5755249E-06  7.7821451E-09  2.0806035E-03  2.4116640E-06  2.427E-10  1.348E-16  2.316E+11  1.349E+13  5.513E+01  1.457E+07  0.53782659  4.396E-05  4.397E-05  9.528E-01  6.106E-06  2.388E-05  1.055E+00  277   28.6041  9.47E-03 3.0722E+01 4.5038E+01    7.83E+02 0.00E+00 2.95E+02  0.537940  0.179612 7.83E+02 0.00E+00 2.95E+02  0.537827  0.179616  0.0000000E+00  0.0000000E+00  3.0982604E-04  2.5456888E+00  1.1192913E+00  2.4594098E-03 -1.1101434E+00  4.0879312E-01  3.0900996E-01 0.000 0.648 1.000 1.000 1.000 1.000 1.000 1.000 1.000 1.000 1.000 1.000 1.000 1.000 1.000 1.000 1.000 1.000 1.000 1.000 1.000 1.000 1.000 1.000 1.000 1.000 1.000 1.000 1.000 1.000 1.000 1.000 1.000 1.000 1.000 1.000 1.000 1.000 1.000 1.000  1.2590992293E+00   0.89970   1.00000   0.00000   0.00000   0.1282595E-01
   909  8.740410500218237E+05  44.271433  5.483233  4.643950  0.7037757E+00  0.2822147E+00  1.9150023E-05  1.1356188E-03  2.4533726E-05  4.1378329E-03  4.3918294E-03  4.8703305E-06  6.2509680E-06  2.0910014E-03  8.1108476E-05  0.6467    4.643950  -6.026  0.448440  7.610424  0.6463619E+00  0.3398795E+00  6.5644632E-08  6.8986085E-05  1.8758083E-05  8.2938664E-03  1.0802510E-03  2.5158736E-06  7.5919866E-09  2.0803769E-03  2.3781074E-06  2.414E-10  1.340E-16  2.297E+11  1.338E+13  5.468E+01  1.445E+07  0.53703265  4.382E-05  4.383E-05  9.530E-01  6.222E-06  2.389E-05  1.054E+00  276   28.6041  9.46E-03 3.0630E+01 4.4904E+01    7.83E+02 0.00E+00 2.94E+02  0.537144  0.179986 7.83E+02 0.00E+00 2.94E+02  0.537033  0.179991  0.0000000E+00  0.0000000E+00  3.1087376E-04  2.5453206E+00  1.1156191E+00  2.4432153E-03 -1.1093040E+00  4.0826823E-01  3.0922698E-01 0.000 0.649 1.000 1.000 1.000 1.000 1.000 1.000 1.000 1.000 1.000 1.000 1.000 1.000 1.000 1.000 1.000 1.000 1.000 1.000 1.000 1.000 1.000 1.000 1.000 1.000 1.000 1.000 1.000 1.000 1.000 1.000 1.000 1.000 1.000 1.000 1.000 1.000 1.000 1.000  1.2550638735E+00   0.89772   1.00000   0.00000   0.00000   0.1278331E-01
   922  8.905718860002164E+05  44.255828  5.484149  4.643986  0.7031330E+00  0.2828608E+00  1.8779198E-05  1.1145347E-03  2.4431933E-05  4.2082295E-03  4.3397628E-03  4.8551310E-06  6.1283358E-06  2.0908724E-03  7.9591213E-05  0.6468    4.643986  -6.024  0.448374  7.610492  0.6449354E+00  0.3413089E+00  6.4754508E-08  6.9155951E-05  1.8808432E-05  8.3149641E-03  1.0559049E-03  2.4576430E-06  7.4055296E-09  2.0801503E-03  2.3461167E-06  2.389E-10  1.323E-16  2.278E+11  1.328E+13  5.422E+01  1.434E+07  0.53623289  4.369E-05  4.370E-05  9.531E-01  6.334E-06  2.389E-05  1.054E+00  276   28.6041  9.46E-03 3.0539E+01 4.4771E+01    7.82E+02 0.00E+00 2.93E+02  0.536384  0.180360 7.82E+02 0.00E+00 2.93E+02  0.536233  0.180366  0.0000000E+00  0.0000000E+00  3.1195666E-04  2.5449210E+00  1.1119344E+00  2.4288925E-03 -1.1084673E+00  4.0774378E-01  3.0944529E-01 0.000 0.649 1.000 1.000 1.000 1.000 1.000 1.000 1.000 1.000 1.000 1.000 1.000 1.000 1.000 1.000 1.000 1.000 1.000 1.000 1.000 1.000 1.000 1.000 1.000 1.000 1.000 1.000 1.000 1.000 1.000 1.000 1.000 1.000 1.000 1.000 1.000 1.000 1.000 1.000  1.2510149233E+00   0.89574   1.00000   0.00000   0.00000   0.1274058E-01
   935  9.071027219786090E+05  44.240147  5.485064  4.644023  0.7024829E+00  0.2835141E+00  1.8417952E-05  1.0939978E-03  2.4333793E-05  4.2775043E-03  4.2882418E-03  4.8384356E-06  6.0088504E-06  2.0907428E-03  7.8110682E-05  0.6468    4.644023  -6.022  0.448315  7.610561  0.6435061E+00  0.3427413E+00  6.3877593E-08  6.9321581E-05  1.8857540E-05  8.3354187E-03  1.0322994E-03  2.4011524E-06  7.2238488E-09  2.0799236E-03  2.3155489E-06  2.376E-10  1.315E-16  2.259E+11  1.317E+13  5.377E+01  1.423E+07  0.53543728  4.355E-05  4.356E-05  9.533E-01  6.443E-06  2.389E-05  1.054E+00  275   28.6041  9.46E-03 3.0446E+01 4.4637E+01    7.82E+02 0.00E+00 2.93E+02  0.535676  0.180738 7.82E+02 0.00E+00 2.93E+02  0.535437  0.180742  0.0000000E+00  0.0000000E+00  3.1307896E-04  2.5444918E+00  1.1082408E+00  2.4127551E-03 -1.1076326E+00  4.0721971E-01  3.0966506E-01 0.000 0.649 1.000 1.000 1.000 1.000 1.000 1.000 1.000 1.000 1.000 1.000 1.000 1.000 1.000 1.000 1.000 1.000 1.000 1.000 1.000 1.000 1.000 1.000 1.000 1.000 1.000 1.000 1.000 1.000 1.000 1.000 1.000 1.000 1.000 1.000 1.000 1.000 1.000 1.000  1.2469524549E+00   0.89376   1.00000   0.00000   0.00000   0.1269761E-01
   949  9.238878785105145E+05  44.224147  5.485994  4.644053  0.7018157E+00  0.2841846E+00  1.8060688E-05  1.0736901E-03  2.4237760E-05  4.3467021E-03  4.2365009E-03  4.8200619E-06  5.8906610E-06  2.0906105E-03  7.6644128E-05  0.6469    4.644053  -6.020  0.448177  7.610605  0.6420529E+00  0.3441974E+00  6.0499671E-08  6.9684305E-05  1.8973479E-05  8.3552941E-03  1.0090285E-03  2.3262615E-06  6.7233685E-09  2.0796935E-03  2.2851513E-06  2.269E-10  1.254E-16  2.152E+11  1.254E+13  5.122E+01  1.354E+07  0.53458154  4.340E-05  4.341E-05  9.534E-01  6.549E-06  2.389E-05  1.054E+00  274   28.6041  9.46E-03 3.0353E+01 4.4500E+01    7.81E+02 0.00E+00 2.92E+02  0.534810  0.181120 7.81E+02 0.00E+00 2.92E+02  0.534582  0.181124  0.0000000E+00  0.0000000E+00  2.8270825E-04  2.5443460E+00  1.1044750E+00  2.3961016E-03 -1.1067170E+00  4.0666253E-01  3.0987016E-01 0.000 0.649 1.000 1.000 1.000 1.000 1.000 1.000 1.000 1.000 1.000 1.000 1.000 1.000 1.000 1.000 1.000 1.000 1.000 1.000 1.000 1.000 1.000 1.000 1.000 1.000 1.000 1.000 1.000 1.000 1.000 1.000 1.000 1.000 1.000 1.000 1.000 1.000 1.000 1.000  1.2428137682E+00   0.89174   1.00000   0.00000   0.00000   0.1265561E-01
   962  9.400245176309596E+05  44.208690  5.486897  4.644118  0.7011677E+00  0.2848359E+00  1.7725990E-05  1.0546675E-03  2.4148751E-05  4.4121574E-03  4.1873072E-03  4.8011420E-06  5.7799180E-06  2.0904827E-03  7.5268137E-05  0.6470    4.644118  -6.018  0.448207  7.610703  0.6406520E+00  0.3456010E+00  6.1876652E-08  6.9660463E-05  1.8958889E-05  8.3743446E-03  9.8733894E-04  2.2902945E-06  6.8427553E-09  2.0794720E-03  2.2576746E-06  2.331E-10  1.287E-16  2.212E+11  1.291E+13  5.264E+01  1.394E+07  0.53374556  4.327E-05  4.328E-05  9.536E-01  6.647E-06  2.387E-05  1.054E+00  273   28.6041  9.45E-03 3.0261E+01 4.4367E+01    7.81E+02 0.00E+00 2.91E+02  0.533857  0.181490 7.81E+02 0.00E+00 2.91E+02  0.533746  0.181495  0.0000000E+00  0.0000000E+00  3.1187009E-04  2.5435669E+00  1.1008137E+00  2.3804856E-03 -1.1059717E+00  4.0617600E-01  3.1010613E-01 0.000 0.649 1.000 1.000 1.000 1.000 1.000 1.000 1.000 1.000 1.000 1.000 1.000 1.000 1.000 1.000 1.000 1.000 1.000 1.000 1.000 1.000 1.000 1.000 1.000 1.000 1.000 1.000 1.000 1.000 1.000 1.000 1.000 1.000 1.000 1.000 1.000 1.000 1.000 1.000  1.2388218875E+00   0.88979   1.00000   0.00000   0.00000   0.1261704E-01
   975  9.563900452495671E+05  44.192939  5.487810  4.644165  0.7005042E+00  0.2855028E+00  1.7395113E-05  1.0358644E-03  2.4061702E-05  4.4774719E-03  4.1379793E-03  4.7807898E-06  5.6704206E-06  2.0903525E-03  7.3905914E-05  0.6471    4.644165  -6.016  0.448167  7.610778  0.6392276E+00  0.3470280E+00  6.1096498E-08  6.9812347E-05  1.9003816E-05  8.3928473E-03  9.6598168E-04  2.2402722E-06  6.6803735E-09  2.0792472E-03  2.2311563E-06  2.319E-10  1.280E-16  2.196E+11  1.282E+13  5.226E+01  1.385E+07  0.53291424  4.314E-05  4.315E-05  9.537E-01  6.742E-06  2.386E-05  1.054E+00  273   28.6041  9.45E-03 3.0169E+01 4.4233E+01    7.80E+02 0.00E+00 2.91E+02  0.533064  0.181864 7.80E+02 0.00E+00 2.91E+02  0.532914  0.181871  0.0000000E+00  0.0000000E+00  3.1291923E-04  2.5430496E+00  1.0971255E+00  2.3664317E-03 -1.1051524E+00  4.0565849E-01  3.1032821E-01 0.000 0.650 1.000 1.000 1.000 1.000 1.000 1.000 1.000 1.000 1.000 1.000 1.000 1.000 1.000 1.000 1.000 1.000 1.000 1.000 1.000 1.000 1.000 1.000 1.000 1.000 1.000 1.000 1.000 1.000 1.000 1.000 1.000 1.000 1.000 1.000 1.000 1.000 1.000 1.000  1.2347601825E+00   0.88782   1.00000   0.00000   0.00000   0.1257613E-01
   988  9.727555728681746E+05  44.177111  5.488725  4.644216  0.6998344E+00  0.2861758E+00  1.7072582E-05  1.0175380E-03  2.3977783E-05  4.5417271E-03  4.0892205E-03  4.7593501E-06  5.5636675E-06  2.0902219E-03  7.2576229E-05  0.6472    4.644216  -6.014  0.448131  7.610855  0.6377998E+00  0.3484584E+00  6.0291818E-08  6.9961751E-05  1.9048053E-05  8.4108143E-03  9.4524026E-04  2.1907205E-06  6.5205063E-09  2.0790221E-03  2.2057112E-06  2.308E-10  1.273E-16  2.178E+11  1.273E+13  5.185E+01  1.374E+07  0.53221199  4.301E-05  4.301E-05  9.539E-01  6.834E-06  2.384E-05  1.053E+00  272   28.6041  9.45E-03 3.0076E+01 4.4097E+01    7.80E+02 0.00E+00 2.90E+02  0.532163  0.182243 7.80E+02 0.00E+00 2.90E+02  0.532212  0.182248  0.0000000E+00  0.0000000E+00  3.1388648E-04  2.5425054E+00  1.0933876E+00  2.3503726E-03 -1.1043343E+00  4.0514121E-01  3.1055208E-01 0.000 0.650 1.000 1.000 1.000 1.000 1.000 1.000 1.000 1.000 1.000 1.000 1.000 1.000 1.000 1.000 1.000 1.000 1.000 1.000 1.000 1.000 1.000 1.000 1.000 1.000 1.000 1.000 1.000 1.000 1.000 1.000 1.000 1.000 1.000 1.000 1.000 1.000 1.000 1.000  1.2306855231E+00   0.88583   1.00000   0.00000   0.00000   0.1253650E-01
  1001  9.891211004867821E+05  44.161207  5.489619  4.644256  0.6991586E+00  0.2868549E+00  1.6758172E-05  9.9967518E-04  2.3896895E-05  4.6049316E-03  4.0410385E-03  4.7369062E-06  5.4595847E-06  2.0900907E-03  7.1278314E-05  0.6472    4.644256  -6.011  0.448049  7.610910  0.6363688E+00  0.3498919E+00  5.9501465E-08  7.0106147E-05  1.9090910E-05  8.4282669E-03  9.2509380E-04  2.1426035E-06  6.3641171E-09  2.0787968E-03  2.1812821E-06  2.285E-10  1.259E-16  2.161E+11  1.263E+13  5.143E+01  1.364E+07  0.53117054  4.286E-05  4.287E-05  9.541E-01  6.922E-06  2.382E-05  1.053E+00  271   28.6041  9.44E-03 2.9984E+01 4.3963E+01    7.79E+02 0.00E+00 2.89E+02  0.531308  0.182621 7.79E+02 0.00E+00 2.89E+02  0.531171  0.182616  0.0000000E+00  0.0000000E+00  3.1489443E-04  2.5421410E+00  1.0896807E+00  2.3343249E-03 -1.1034739E+00  4.0461851E-01  3.1074341E-01 0.000 0.650 1.000 1.000 1.000 1.000 1.000 1.000 1.000 1.000 1.000 1.000 1.000 1.000 1.000 1.000 1.000 1.000 1.000 1.000 1.000 1.000 1.000 1.000 1.000 1.000 1.000 1.000 1.000 1.000 1.000 1.000 1.000 1.000 1.000 1.000 1.000 1.000 1.000 1.000  1.2265975978E+00   0.88385   1.00000   0.00000   0.00000   0.1249714E-01
  1014  1.005108962083422E+06  44.145598  5.490494  4.644314  0.6984930E+00  0.2875237E+00  1.6458677E-05  9.8266182E-04  2.3820714E-05  4.6656660E-03  3.9945361E-03  4.7140888E-06  5.3604232E-06  2.0899622E-03  7.0040422E-05  0.6474    4.644314  -6.009  0.448026  7.610990  0.6349679E+00  0.3512952E+00  5.7107578E-08  7.0413484E-05  1.9186414E-05  8.4445989E-03  9.0595408E-04  2.0862674E-06  5.9926433E-09  2.0785764E-03  2.1581721E-06  2.184E-10  1.201E-16  2.086E+11  1.219E+13  4.964E+01  1.316E+07  0.53031237  4.273E-05  4.274E-05  9.542E-01  7.005E-06  2.379E-05  1.053E+00  270   28.6041  9.44E-03 2.9893E+01 4.3831E+01    7.79E+02 0.00E+00 2.89E+02  0.530428  0.182973 7.79E+02 0.00E+00 2.88E+02  0.530312  0.182978  0.0000000E+00  0.0000000E+00  2.8419784E-04  2.5415262E+00  1.0860542E+00  2.3188603E-03 -1.1026823E+00  4.0411521E-01  3.1096611E-01 0.000 0.650 1.000 1.000 1.000 1.000 1.000 1.000 1.000 1.000 1.000 1.000 1.000 1.000 1.000 1.000 1.000 1.000 1.000 1.000 1.000 1.000 1.000 1.000 1.000 1.000 1.000 1.000 1.000 1.000 1.000 1.000 1.000 1.000 1.000 1.000 1.000 1.000 1.000 1.000  1.2225924459E+00   0.88190   1.00000   0.00000   0.00000   0.1246074E-01
  1028  1.021764033652205E+06  44.129259  5.491436  4.644378  0.6977939E+00  0.2882262E+00  1.6154462E-05  9.6538234E-04  2.3744227E-05  4.7278928E-03  3.9466866E-03  4.6894541E-06  5.2596820E-06  2.0898278E-03  6.8781490E-05  0.6475    4.644378  -6.007  0.448054  7.611089  0.6335057E+00  0.3527598E+00  5.7577174E-08  7.0416089E-05  1.9183522E-05  8.4615963E-03  8.8656565E-04  2.0458864E-06  6.0318561E-09  2.0783468E-03  2.1348054E-06  2.252E-10  1.239E-16  2.114E+11  1.237E+13  5.032E+01  1.336E+07  0.52944595  4.259E-05  4.260E-05  9.544E-01  7.087E-06  2.375E-05  1.053E+00  270   28.6041  9.44E-03 2.9799E+01 4.3693E+01    7.78E+02 0.00E+00 2.88E+02  0.529556  0.183362 7.78E+02 0.00E+00 2.88E+02  0.529446  0.183367  0.0000000E+00  0.0000000E+00  3.1364711E-04  2.5407154E+00  1.0822583E+00  2.3048229E-03 -1.1018931E+00  4.0360322E-01  3.1120779E-01 0.000 0.651 1.000 1.000 1.000 1.000 1.000 1.000 1.000 1.000 1.000 1.000 1.000 1.000 1.000 1.000 1.000 1.000 1.000 1.000 1.000 1.000 1.000 1.000 1.000 1.000 1.000 1.000 1.000 1.000 1.000 1.000 1.000 1.000 1.000 1.000 1.000 1.000 1.000 1.000  1.2184071067E+00   0.87987   1.00000   0.00000   0.00000   0.1242002E-01
  1041  1.037965905994627E+06  44.113286  5.492347  4.644438  0.6971085E+00  0.2889148E+00  1.5865924E-05  9.4899533E-04  2.3672544E-05  4.7874180E-03  3.9007231E-03  4.6647113E-06  5.1641169E-06  2.0896967E-03  6.7586033E-05  0.6475    4.644438  -6.005  0.448044  7.611174  0.6320786E+00  0.3541892E+00  5.6983599E-08  7.0546322E-05  1.9221666E-05  8.4774636E-03  8.6824924E-04  2.0046545E-06  5.8991255E-09  2.0781229E-03  2.1135341E-06  2.233E-10  1.228E-16  2.104E+11  1.232E+13  5.007E+01  1.331E+07  0.52857043  4.246E-05  4.247E-05  9.546E-01  7.163E-06  2.372E-05  1.053E+00  269   28.6041  9.44E-03 2.9706E+01 4.3559E+01    7.78E+02 0.00E+00 2.87E+02  0.528719  0.183738 7.78E+02 0.00E+00 2.87E+02  0.528570  0.183745  0.0000000E+00  0.0000000E+00  3.1465595E-04  2.5400588E+00  1.0785609E+00  2.2891990E-03 -1.1010915E+00  4.0309230E-01  3.1143520E-01 0.000 0.651 1.000 1.000 1.000 1.000 1.000 1.000 1.000 1.000 1.000 1.000 1.000 1.000 1.000 1.000 1.000 1.000 1.000 1.000 1.000 1.000 1.000 1.000 1.000 1.000 1.000 1.000 1.000 1.000 1.000 1.000 1.000 1.000 1.000 1.000 1.000 1.000 1.000 1.000  1.2143226519E+00   0.87789   1.00000   0.00000   0.00000   0.1238180E-01
  1054  1.054167778337049E+06  44.097236  5.493261  4.644509  0.6964180E+00  0.2896085E+00  1.5584488E-05  9.3301347E-04  2.3603456E-05  4.8459592E-03  3.8553390E-03  4.6392659E-06  5.0708886E-06  2.0895653E-03  6.6418693E-05  0.6476    4.644509  -6.003  0.448034  7.611259  0.6306478E+00  0.3556222E+00  5.6258831E-08  7.0679476E-05  1.9260980E-05  8.4928882E-03  8.5043459E-04  1.9622042E-06  5.7626975E-09  2.0778986E-03  2.0931362E-06  2.223E-10  1.221E-16  2.088E+11  1.224E+13  4.970E+01  1.322E+07  0.52764672  4.232E-05  4.233E-05  9.548E-01  7.236E-06  2.368E-05  1.052E+00  268   28.6041  9.44E-03 2.9613E+01 4.3423E+01    7.77E+02 0.00E+00 2.86E+02  0.527759  0.184119 7.77E+02 0.00E+00 2.86E+02  0.527647  0.184124  0.0000000E+00  0.0000000E+00  3.1556493E-04  2.5393943E+00  1.0748219E+00  2.2734471E-03 -1.1002873E+00  4.0258005E-01  3.1166316E-01 0.000 0.651 1.000 1.000 1.000 1.000 1.000 1.000 1.000 1.000 1.000 1.000 1.000 1.000 1.000 1.000 1.000 1.000 1.000 1.000 1.000 1.000 1.000 1.000 1.000 1.000 1.000 1.000 1.000 1.000 1.000 1.000 1.000 1.000 1.000 1.000 1.000 1.000 1.000 1.000  1.2102257652E+00   0.87590   1.00000   0.00000   0.00000   0.1234540E-01
  1067  1.070369650679471E+06  44.081109  5.494176  4.644587  0.6957226E+00  0.2903071E+00  1.5309960E-05  9.1742563E-04  2.3536879E-05  4.9035276E-03  3.8105361E-03  4.6131787E-06  4.9799339E-06  2.0894335E-03  6.5278775E-05  0.6477    4.644587  -6.001  0.448029  7.611346  0.6292135E+00  0.3570586E+00  5.5549085E-08  7.0810198E-05  1.9299534E-05  8.5078851E-03  8.3311197E-04  1.9208260E-06  5.6308304E-09  2.0776740E-03  2.0737041E-06  2.213E-10  1.215E-16  2.073E+11  1.216E+13  4.934E+01  1.313E+07  0.52671330  4.219E-05  4.219E-05  9.549E-01  7.306E-06  2.364E-05  1.052E+00  267   28.6041  9.43E-03 2.9521E+01 4.3289E+01    7.77E+02 0.00E+00 2.86E+02  0.526811  0.184499 7.77E+02 0.00E+00 2.86E+02  0.526713  0.184504  0.0000000E+00  0.0000000E+00  3.1648562E-04  2.5387072E+00  1.0711214E+00  2.2579191E-03 -1.0994836E+00  4.0206748E-01  3.1189208E-01 0.000 0.651 1.000 1.000 1.000 1.000 1.000 1.000 1.000 1.000 1.000 1.000 1.000 1.000 1.000 1.000 1.000 1.000 1.000 1.000 1.000 1.000 1.000 1.000 1.000 1.000 1.000 1.000 1.000 1.000 1.000 1.000 1.000 1.000 1.000 1.000 1.000 1.000 1.000 1.000  1.2061165973E+00   0.87391   1.00000   0.00000   0.00000   0.1230994E-01
  1080  1.086571523021892E+06  44.064902  5.495117  4.644653  0.6950225E+00  0.2910104E+00  1.5042144E-05  9.0222064E-04  2.3472725E-05  4.9601366E-03  3.7663144E-03  4.5865064E-06  4.8911888E-06  2.0893014E-03  6.4165570E-05  0.6480    4.644653  -5.999  0.448040  7.611436  0.6277731E+00  0.3585012E+00  5.4991594E-08  7.0946284E-05  1.9338183E-05  8.5225218E-03  8.1619273E-04  1.8803568E-06  5.5411095E-09  2.0774486E-03  2.0542941E-06  2.209E-10  1.213E-16  2.064E+11  1.212E+13  4.913E+01  1.309E+07  0.52582761  4.205E-05  4.206E-05  9.551E-01  7.372E-06  2.359E-05  1.052E+00  267   28.6041  9.43E-03 2.9427E+01 4.3153E+01    7.76E+02 0.00E+00 2.85E+02  0.526068  0.184891 7.76E+02 0.00E+00 2.85E+02  0.525828  0.184896  0.0000000E+00  0.0000000E+00  3.1762033E-04  2.5380307E+00  1.0673992E+00  2.2442166E-03 -1.0986771E+00  4.0155294E-01  3.1212062E-01 0.000 0.652 1.000 1.000 1.000 1.000 1.000 1.000 1.000 1.000 1.000 1.000 1.000 1.000 1.000 1.000 1.000 1.000 1.000 1.000 1.000 1.000 1.000 1.000 1.000 1.000 1.000 1.000 1.000 1.000 1.000 1.000 1.000 1.000 1.000 1.000 1.000 1.000 1.000 1.000  1.2019948911E+00   0.87191   1.00000   0.00000   0.00000   0.1227011E-01
  1094  1.102736006428138E+06  44.048653  5.496054  4.644732  0.6943195E+00  0.2917167E+00  1.4781435E-05  8.8742071E-04  2.3411048E-05  5.0156746E-03  3.7227712E-03  4.5593653E-06  4.8047845E-06  2.0891693E-03  6.3080809E-05  0.6480    4.644732  -5.997  0.448024  7.611517  0.6263276E+00  0.3599488E+00  5.2583450E-08  7.1096308E-05  1.9393380E-05  8.5368788E-03  7.9956156E-04  1.8326474E-06  5.1200269E-09  2.0772225E-03  2.0322714E-06  2.156E-10  1.182E-16  1.985E+11  1.165E+13  4.725E+01  1.259E+07  0.52485065  4.191E-05  4.192E-05  9.553E-01  7.434E-06  2.355E-05  1.052E+00  267   28.4951  9.43E-03 2.9332E+01 4.3015E+01    7.76E+02 0.00E+00 2.84E+02  0.524955  0.185284 7.76E+02 0.00E+00 2.84E+02  0.524851  0.185287  0.0000000E+00  0.0000000E+00  3.1528393E-04  2.5374437E+00  1.0636428E+00  2.2284517E-03 -1.0978506E+00  4.0103138E-01  3.1234400E-01 0.000 0.649 1.000 1.000 1.000 1.000 1.000 1.000 1.000 1.000 1.000 1.000 1.000 1.000 1.000 1.000 1.000 1.000 1.000 1.000 1.000 1.000 1.000 1.000 1.000 1.000 1.000 1.000 1.000 1.000 1.000 1.000 1.000 1.000 1.000 1.000 1.000 1.000 1.000 1.000  1.1978704337E+00   0.86990   1.00000   0.00000   0.00000   0.1223527E-01
  1107  1.118775860047137E+06  44.032450  5.496959  4.644814  0.6936174E+00  0.2924219E+00  1.4528953E-05  8.7308938E-04  2.3352065E-05  5.0698712E-03  3.6801304E-03  4.5319581E-06  4.7210936E-06  2.0890379E-03  6.2029263E-05  0.6481    4.644814  -5.995  0.448051  7.611614  0.6248846E+00  0.3613938E+00  5.2991726E-08  7.1201834E-05  1.9417490E-05  8.5508524E-03  7.8345111E-04  1.8003722E-06  5.1737856E-09  2.0769970E-03  2.0118160E-06  2.156E-10  1.182E-16  2.012E+11  1.182E+13  4.788E+01  1.277E+07  0.52390508  4.178E-05  4.179E-05  9.555E-01  7.493E-06  2.350E-05  1.052E+00  266   28.4951  9.43E-03 2.9240E+01 4.2880E+01    7.75E+02 0.00E+00 2.83E+02  0.524018  0.185659 7.75E+02 0.00E+00 2.83E+02  0.523905  0.185665  0.0000000E+00  0.0000000E+00  3.1618108E-04  2.5366557E+00  1.0599499E+00  2.2131605E-03 -1.0970663E+00  4.0052588E-01  3.1257819E-01 0.000 0.650 1.000 1.000 1.000 1.000 1.000 1.000 1.000 1.000 1.000 1.000 1.000 1.000 1.000 1.000 1.000 1.000 1.000 1.000 1.000 1.000 1.000 1.000 1.000 1.000 1.000 1.000 1.000 1.000 1.000 1.000 1.000 1.000 1.000 1.000 1.000 1.000 1.000 1.000  1.1937651487E+00   0.86790   1.00000   0.00000   0.00000   0.1220081E-01
  1120  1.134815713666135E+06  44.016169  5.497867  4.644894  0.6929112E+00  0.2931312E+00  1.4282525E-05  8.5910312E-04  2.3295224E-05  5.1231643E-03  3.6380575E-03  4.5041271E-06  4.6393963E-06  2.0889063E-03  6.1001966E-05  0.6481    4.644894  -5.993  0.448061  7.611705  0.6234421E+00  0.3628382E+00  5.2416249E-08  7.1325679E-05  1.9453428E-05  8.5643077E-03  7.6789839E-04  1.7634974E-06  5.0723035E-09  2.0767718E-03  1.9947371E-06  2.148E-10  1.177E-16  2.001E+11  1.177E+13  4.762E+01  1.271E+07  0.52294925  4.165E-05  4.165E-05  9.556E-01  7.549E-06  2.345E-05  1.052E+00  266   28.4951  9.42E-03 2.9147E+01 4.2745E+01    7.75E+02 0.00E+00 2.83E+02  0.523098  0.186038 7.75E+02 0.00E+00 2.83E+02  0.522949  0.186044  0.0000000E+00  0.0000000E+00  3.1711177E-04  2.5359214E+00  1.0562463E+00  2.1987653E-03 -1.0962659E+00  4.0001413E-01  3.1280815E-01 0.000 0.650 1.000 1.000 1.000 1.000 1.000 1.000 1.000 1.000 1.000 1.000 1.000 1.000 1.000 1.000 1.000 1.000 1.000 1.000 1.000 1.000 1.000 1.000 1.000 1.000 1.000 1.000 1.000 1.000 1.000 1.000 1.000 1.000 1.000 1.000 1.000 1.000 1.000 1.000  1.1896482784E+00   0.86589   1.00000   0.00000   0.00000   0.1216711E-01
  1133  1.150855567285134E+06  43.999809  5.498777  4.644977  0.6922009E+00  0.2938446E+00  1.4041970E-05  8.4545155E-04  2.3240449E-05  5.1755700E-03  3.5965482E-03  4.4759142E-06  4.5596331E-06  2.0887745E-03  5.9998237E-05  0.6482    4.644977  -5.990  0.448075  7.611798  0.6219969E+00  0.3642852E+00  5.1797973E-08  7.1445528E-05  1.9488467E-05  8.5773771E-03  7.5279250E-04  1.7274712E-06  4.9646262E-09  2.0765464E-03  1.9791371E-06  2.131E-10  1.167E-16  1.988E+11  1.170E+13  4.732E+01  1.264E+07  0.52196572  4.151E-05  4.152E-05  9.558E-01  7.602E-06  2.339E-05  1.051E+00  266   28.4951  9.42E-03 2.9053E+01 4.2608E+01    7.74E+02 0.00E+00 2.82E+02  0.522080  0.186421 7.74E+02 0.00E+00 2.82E+02  0.521966  0.186426  0.0000000E+00  0.0000000E+00  3.1796800E-04  2.5351614E+00  1.0524935E+00  2.1832837E-03 -1.0954664E+00  3.9950245E-01  3.1303970E-01 0.000 0.650 1.000 1.000 1.000 1.000 1.000 1.000 1.000 1.000 1.000 1.000 1.000 1.000 1.000 1.000 1.000 1.000 1.000 1.000 1.000 1.000 1.000 1.000 1.000 1.000 1.000 1.000 1.000 1.000 1.000 1.000 1.000 1.000 1.000 1.000 1.000 1.000 1.000 1.000  1.1855199263E+00   0.86388   1.00000   0.00000   0.00000   0.1213205E-01
  1146  1.166895420904133E+06  43.983371  5.499690  4.645059  0.6914867E+00  0.2945619E+00  1.3807134E-05  8.3212594E-04  2.3187671E-05  5.2270995E-03  3.5556015E-03  4.4473620E-06  4.4817540E-06  2.0886425E-03  5.9017509E-05  0.6482    4.645059  -5.988  0.448094  7.611892  0.6205484E+00  0.3657356E+00  5.1177303E-08  7.1562635E-05  1.9522772E-05  8.5900862E-03  7.3810195E-04  1.6924292E-06  4.8574454E-09  2.0763206E-03  1.9646041E-06  2.123E-10  1.162E-16  1.975E+11  1.164E+13  4.701E+01  1.257E+07  0.52099640  4.138E-05  4.139E-05  9.560E-01  7.651E-06  2.333E-05  1.051E+00  267   28.4951  9.42E-03 2.8960E+01 4.2472E+01    7.74E+02 0.00E+00 2.81E+02  0.521144  0.186802 7.74E+02 0.00E+00 2.81E+02  0.520996  0.186809  0.0000000E+00  0.0000000E+00  3.1889747E-04  2.5343820E+00  1.0487701E+00  2.1689292E-03 -1.0946669E+00  3.9899009E-01  3.1327180E-01 0.000 0.650 1.000 1.000 1.000 1.000 1.000 1.000 1.000 1.000 1.000 1.000 1.000 1.000 1.000 1.000 1.000 1.000 1.000 1.000 1.000 1.000 1.000 1.000 1.000 1.000 1.000 1.000 1.000 1.000 1.000 1.000 1.000 1.000 1.000 1.000 1.000 1.000 1.000 1.000  1.1813797736E+00   0.86187   1.00000   0.00000   0.00000   0.1209757E-01
  1160  1.183058658012508E+06  43.966726  5.500606  4.645113  0.6907633E+00  0.2952884E+00  1.3576127E-05  8.1901886E-04  2.3136439E-05  5.2781505E-03  3.5149074E-03  4.4182876E-06  4.4051323E-06  2.0885092E-03  5.8051938E-05  0.6483    4.645113  -5.986  0.448024  7.611958  0.6190866E+00  0.3671992E+00  4.8581788E-08  7.1908883E-05  1.9628918E-05  8.6022285E-03  7.2367818E-04  1.6439828E-06  4.5426184E-09  2.0760928E-03  1.9506229E-06  2.032E-10  1.111E-16  1.886E+11  1.111E+13  4.489E+01  1.199E+07  0.52003594  4.124E-05  4.124E-05  9.562E-01  7.698E-06  2.327E-05  1.051E+00  267   28.4951  9.42E-03 2.8865E+01 4.2334E+01    7.73E+02 0.00E+00 2.81E+02  0.520262  0.187190 7.73E+02 0.00E+00 2.80E+02  0.520036  0.187194  0.0000000E+00  0.0000000E+00  2.8790650E-04  2.5339331E+00  1.0449929E+00  2.1531792E-03 -1.0937841E+00  3.9844537E-01  3.1348417E-01 0.000 0.651 1.000 1.000 1.000 1.000 1.000 1.000 1.000 1.000 1.000 1.000 1.000 1.000 1.000 1.000 1.000 1.000 1.000 1.000 1.000 1.000 1.000 1.000 1.000 1.000 1.000 1.000 1.000 1.000 1.000 1.000 1.000 1.000 1.000 1.000 1.000 1.000 1.000 1.000  1.1771960906E+00   0.85984   1.00000   0.00000   0.00000   0.1206032E-01
  1173  1.198827067954878E+06  43.950409  5.501509  4.645201  0.6900539E+00  0.2960007E+00  1.3356051E-05  8.0653322E-04  2.3088279E-05  5.3271240E-03  3.4757507E-03  4.3896651E-06  4.3321247E-06  2.0883791E-03  5.7131294E-05  0.6484    4.645201  -5.984  0.448133  7.612081  0.6176556E+00  0.3686319E+00  4.9735308E-08  7.1812195E-05  1.9596472E-05  8.6143668E-03  7.0999352E-04  1.6232729E-06  4.6273863E-09  2.0758700E-03  1.9378731E-06  2.089E-10  1.142E-16  1.941E+11  1.145E+13  4.620E+01  1.237E+07  0.51908710  4.111E-05  4.111E-05  9.564E-01  7.741E-06  2.321E-05  1.051E+00  267   28.4951  9.42E-03 2.8771E+01 4.2198E+01    7.73E+02 0.00E+00 2.80E+02  0.519201  0.187569 7.73E+02 0.00E+00 2.80E+02  0.519087  0.187575  0.0000000E+00  0.0000000E+00  3.1750091E-04  2.5328113E+00  1.0412631E+00  2.1391573E-03 -1.0930665E+00  3.9796561E-01  3.1373369E-01 0.000 0.651 1.000 1.000 1.000 1.000 1.000 1.000 1.000 1.000 1.000 1.000 1.000 1.000 1.000 1.000 1.000 1.000 1.000 1.000 1.000 1.000 1.000 1.000 1.000 1.000 1.000 1.000 1.000 1.000 1.000 1.000 1.000 1.000 1.000 1.000 1.000 1.000 1.000 1.000  1.1731026782E+00   0.85786   1.00000   0.00000   0.00000   0.1202556E-01
  1186  1.214706523037686E+06  43.933898  5.502416  4.645270  0.6893362E+00  0.2967214E+00  1.3139589E-05  7.9425368E-04  2.3041543E-05  5.3756202E-03  3.4368621E-03  4.3606204E-06  4.2603042E-06  2.0882479E-03  5.6225035E-05  0.6484    4.645270  -5.982  0.448165  7.612179  0.6162104E+00  0.3700787E+00  4.9158115E-08  7.1920997E-05  1.9628331E-05  8.6259796E-03  6.9656665E-04  1.5918721E-06  4.5284742E-09  2.0756451E-03  1.9257716E-06  2.081E-10  1.137E-16  1.929E+11  1.139E+13  4.591E+01  1.231E+07  0.51814902  4.097E-05  4.098E-05  9.565E-01  7.782E-06  2.314E-05  1.051E+00  266   28.4951  9.42E-03 2.8678E+01 4.2062E+01    7.73E+02 0.00E+00 2.79E+02  0.518262  0.187952 7.73E+02 0.00E+00 2.79E+02  0.518149  0.187958  0.0000000E+00  0.0000000E+00  3.1842376E-04  2.5319781E+00  1.0375312E+00  2.1249302E-03 -1.0922755E+00  3.9745691E-01  3.1396636E-01 0.000 0.651 1.000 1.000 1.000 1.000 1.000 1.000 1.000 1.000 1.000 1.000 1.000 1.000 1.000 1.000 1.000 1.000 1.000 1.000 1.000 1.000 1.000 1.000 1.000 1.000 1.000 1.000 1.000 1.000 1.000 1.000 1.000 1.000 1.000 1.000 1.000 1.000 1.000 1.000  1.1689684570E+00   0.85585   1.00000   0.00000   0.00000   0.1198924E-01
  1199  1.230585978120495E+06  43.917307  5.503325  4.645342  0.6886152E+00  0.2974454E+00  1.2928150E-05  7.8226022E-04  2.2996513E-05  5.4233080E-03  3.3985123E-03  4.3313836E-06  4.1901392E-06  2.0881165E-03  5.5339112E-05  0.6485    4.645342  -5.980  0.448200  7.612278  0.6147612E+00  0.3715296E+00  4.8569578E-08  7.2028599E-05  1.9659875E-05  8.6372939E-03  6.8348255E-04  1.5607403E-06  4.4308028E-09  2.0754197E-03  1.9142655E-06  2.072E-10  1.132E-16  1.917E+11  1.133E+13  4.562E+01  1.224E+07  0.51719861  4.084E-05  4.085E-05  9.567E-01  7.820E-06  2.307E-05  1.050E+00  264   28.4951  9.41E-03 2.8584E+01 4.1925E+01    7.72E+02 0.00E+00 2.78E+02  0.517348  0.188335 7.72E+02 0.00E+00 2.78E+02  0.517199  0.188342  0.0000000E+00  0.0000000E+00  3.1937247E-04  2.5311296E+00  1.0337912E+00  2.1097781E-03 -1.0914834E+00  3.9694732E-01  3.1419982E-01 0.000 0.651 1.000 1.000 1.000 1.000 1.000 1.000 1.000 1.000 1.000 1.000 1.000 1.000 1.000 1.000 1.000 1.000 1.000 1.000 1.000 1.000 1.000 1.000 1.000 1.000 1.000 1.000 1.000 1.000 1.000 1.000 1.000 1.000 1.000 1.000 1.000 1.000 1.000 1.000  1.1648222998E+00   0.85384   1.00000   0.00000   0.00000   0.1195317E-01
  1212  1.246465433203304E+06  43.900637  5.504235  4.645414  0.6878911E+00  0.2981724E+00  1.2721606E-05  7.7054537E-04  2.2953135E-05  5.4701988E-03  3.3606980E-03  4.3019855E-06  4.1215872E-06  2.0879850E-03  5.4473030E-05  0.6485    4.645414  -5.978  0.448239  7.612378  0.6133078E+00  0.3729845E+00  4.7987702E-08  7.2134431E-05  1.9690899E-05  8.6483205E-03  6.7072958E-04  1.5303748E-06  4.3352819E-09  2.0751938E-03  1.9033302E-06  2.056E-10  1.122E-16  1.904E+11  1.127E+13  4.532E+01  1.217E+07  0.51622755  4.070E-05  4.071E-05  9.569E-01  7.855E-06  2.300E-05  1.050E+00  263   28.4951  9.41E-03 2.8488E+01 4.1786E+01    7.72E+02 0.00E+00 2.78E+02  0.516342  0.188723 7.72E+02 0.00E+00 2.78E+02  0.516228  0.188728  0.0000000E+00  0.0000000E+00  3.2025060E-04  2.5302658E+00  1.0300003E+00  2.0954262E-03 -1.0906902E+00  3.9643679E-01  3.1443419E-01 0.000 0.652 1.000 1.000 1.000 1.000 1.000 1.000 1.000 1.000 1.000 1.000 1.000 1.000 1.000 1.000 1.000 1.000 1.000 1.000 1.000 1.000 1.000 1.000 1.000 1.000 1.000 1.000 1.000 1.000 1.000 1.000 1.000 1.000 1.000 1.000 1.000 1.000 1.000 1.000  1.1606643985E+00   0.85182   1.00000   0.00000   0.00000   0.1191714E-01
  1226  1.262955636558528E+06  43.883239  5.505177  4.645475  0.6871359E+00  0.2989306E+00  1.2512158E-05  7.5866684E-04  2.2909781E-05  5.5180629E-03  3.3219919E-03  4.2713167E-06  4.0520599E-06  2.0878484E-03  5.3594098E-05  0.6486    4.645475  -5.976  0.448200  7.612457  0.6117949E+00  0.3744991E+00  4.5777486E-08  7.2462884E-05  1.9789919E-05  8.6591645E-03  6.5781509E-04  1.4894710E-06  4.0683292E-09  2.0749586E-03  1.8925372E-06  1.969E-10  1.073E-16  1.828E+11  1.081E+13  4.350E+01  1.168E+07  0.51520588  4.056E-05  4.057E-05  9.571E-01  7.888E-06  2.293E-05  1.050E+00  261   28.4951  9.41E-03 2.8390E+01 4.1643E+01    7.71E+02 0.00E+00 2.77E+02  0.515316  0.189123 7.71E+02 0.00E+00 2.77E+02  0.515206  0.189128  0.0000000E+00  0.0000000E+00  2.8906552E-04  2.5296655E+00  1.0260899E+00  2.0795156E-03 -1.0897975E+00  3.9588114E-01  3.1465876E-01 0.000 0.652 1.000 1.000 1.000 1.000 1.000 1.000 1.000 1.000 1.000 1.000 1.000 1.000 1.000 1.000 1.000 1.000 1.000 1.000 1.000 1.000 1.000 1.000 1.000 1.000 1.000 1.000 1.000 1.000 1.000 1.000 1.000 1.000 1.000 1.000 1.000 1.000 1.000 1.000  1.1563339316E+00   0.84972   1.00000   0.00000   0.00000   0.1187992E-01
  1240  1.279335905224716E+06  43.865871  5.506123  4.645563  0.6863826E+00  0.2996869E+00  1.2309037E-05  7.4714800E-04  2.2868363E-05  5.5647878E-03  3.2841035E-03  4.2407382E-06  3.9846208E-06  2.0877125E-03  5.2741063E-05  0.6486    4.645563  -5.974  0.448318  7.612586  0.6102877E+00  0.3760078E+00  4.6572137E-08  7.2373968E-05  1.9761614E-05  8.6702496E-03  6.4531995E-04  1.4673686E-06  4.1241862E-09  2.0747245E-03  1.8822858E-06  2.030E-10  1.107E-16  1.870E+11  1.109E+13  4.450E+01  1.197E+07  0.51422285  4.042E-05  4.043E-05  9.572E-01  7.919E-06  2.285E-05  1.050E+00  260   28.4951  9.41E-03 2.8292E+01 4.1500E+01    7.71E+02 0.00E+00 2.76E+02  0.514369  0.189524 7.71E+02 0.00E+00 2.76E+02  0.514223  0.189531  0.0000000E+00  0.0000000E+00  3.1895157E-04  2.5284680E+00  1.0221992E+00  2.0651635E-03 -1.0890365E+00  3.9537414E-01  3.1491851E-01 0.000 0.652 1.000 1.000 1.000 1.000 1.000 1.000 1.000 1.000 1.000 1.000 1.000 1.000 1.000 1.000 1.000 1.000 1.000 1.000 1.000 1.000 1.000 1.000 1.000 1.000 1.000 1.000 1.000 1.000 1.000 1.000 1.000 1.000 1.000 1.000 1.000 1.000 1.000 1.000  1.1520196572E+00   0.84762   1.00000   0.00000   0.00000   0.1184264E-01
  1254  1.296265847336077E+06  43.847828  5.507098  4.645643  0.6856009E+00  0.3004716E+00  1.2104137E-05  7.3552914E-04  2.2827228E-05  5.6122320E-03  3.2455275E-03  4.2090460E-06  3.9165787E-06  2.0875720E-03  5.1879901E-05  0.6487    4.645643  -5.971  0.448371  7.612698  0.6087244E+00  0.3775727E+00  4.6036719E-08  7.2479116E-05  1.9792187E-05  8.6811120E-03  6.3275461E-04  1.4385978E-06  4.0342950E-09  2.0744818E-03  1.8725388E-06  2.019E-10  1.101E-16  1.859E+11  1.104E+13  4.425E+01  1.192E+07  0.51331915  4.029E-05  4.029E-05  9.574E-01  7.948E-06  2.277E-05  1.050E+00  258   28.4951  9.41E-03 2.8189E+01 4.1351E+01    7.70E+02 0.00E+00 2.75E+02  0.513277  0.189941 7.70E+02 0.00E+00 2.75E+02  0.513319  0.189947  0.0000000E+00  0.0000000E+00  3.1987597E-04  2.5274880E+00  1.0181235E+00  2.0490276E-03 -1.0881888E+00  3.9482737E-01  3.1517153E-01 0.000 0.652 1.000 1.000 1.000 1.000 1.000 1.000 1.000 1.000 1.000 1.000 1.000 1.000 1.000 1.000 1.000 1.000 1.000 1.000 1.000 1.000 1.000 1.000 1.000 1.000 1.000 1.000 1.000 1.000 1.000 1.000 1.000 1.000 1.000 1.000 1.000 1.000 1.000 1.000  1.1475474607E+00   0.84545   1.00000   0.00000   0.00000   0.1180465E-01
  1268  1.313195789447438E+06  43.829690  5.508102  4.645716  0.6848162E+00  0.3012594E+00  1.1904209E-05  7.2419304E-04  2.2787738E-05  5.6588297E-03  3.2075383E-03  4.1772922E-06  3.8501756E-06  2.0874314E-03  5.1039002E-05  0.6489    4.645716  -5.969  0.448439  7.612812  0.6071543E+00  0.3791442E+00  4.5546552E-08  7.2589367E-05  1.9823748E-05  8.6917065E-03  6.2048784E-04  1.4094333E-06  3.9637593E-09  2.0742380E-03  1.8631539E-06  2.011E-10  1.096E-16  1.849E+11  1.099E+13  4.402E+01  1.187E+07  0.51214085  4.013E-05  4.014E-05  9.576E-01  7.974E-06  2.269E-05  1.049E+00  257   28.4951  9.41E-03 2.8087E+01 4.1201E+01    7.70E+02 0.00E+00 2.74E+02  0.512256  0.190372 7.70E+02 0.00E+00 2.74E+02  0.512141  0.190377  0.0000000E+00  0.0000000E+00  3.2091777E-04  2.5265235E+00  1.0140673E+00  2.0334620E-03 -1.0873365E+00  3.9427794E-01  3.1542409E-01 0.000 0.653 1.000 1.000 1.000 1.000 1.000 1.000 1.000 1.000 1.000 1.000 1.000 1.000 1.000 1.000 1.000 1.000 1.000 1.000 1.000 1.000 1.000 1.000 1.000 1.000 1.000 1.000 1.000 1.000 1.000 1.000 1.000 1.000 1.000 1.000 1.000 1.000 1.000 1.000  1.1430608318E+00   0.84327   1.00000   0.00000   0.00000   0.1176351E-01
  1282  1.330125731558800E+06  43.811455  5.509096  4.645786  0.6840286E+00  0.3020500E+00  1.1709110E-05  7.1313142E-04  2.2749838E-05  5.7045964E-03  3.1701291E-03  4.1455031E-06  3.7853637E-06  2.0872908E-03  5.0217799E-05  0.6489    4.645786  -5.967  0.448508  7.612927  0.6055600E+00  0.3807401E+00  4.4599034E-08  7.2681937E-05  1.9853327E-05  8.7023960E-03  6.0813862E-04  1.3802394E-06  3.7962644E-09  2.0739904E-03  1.8486034E-06  1.985E-10  1.082E-16  1.824E+11  1.085E+13  4.342E+01  1.172E+07  0.51111426  3.999E-05  3.999E-05  9.578E-01  7.997E-06  2.260E-05  1.049E+00  257   28.3896  9.40E-03 2.7983E+01 4.1050E+01    7.69E+02 0.00E+00 2.74E+02  0.511230  0.190797 7.69E+02 0.00E+00 2.74E+02  0.511114  0.190803  0.0000000E+00  0.0000000E+00  3.2194496E-04  2.5255817E+00  1.0099944E+00  2.0178604E-03 -1.0864779E+00  3.9372435E-01  3.1567757E-01 0.000 0.650 1.000 1.000 1.000 1.000 1.000 1.000 1.000 1.000 1.000 1.000 1.000 1.000 1.000 1.000 1.000 1.000 1.000 1.000 1.000 1.000 1.000 1.000 1.000 1.000 1.000 1.000 1.000 1.000 1.000 1.000 1.000 1.000 1.000 1.000 1.000 1.000 1.000 1.000  1.1385599256E+00   0.84106   1.00000   0.00000   0.00000   0.1172312E-01
  1296  1.346451032880470E+06  43.793782  5.510030  4.645831  0.6832665E+00  0.3028148E+00  1.1525439E-05  7.0271837E-04  2.2714750E-05  5.7479517E-03  3.1346023E-03  4.1148421E-06  3.7243369E-06  2.0871551E-03  4.9444147E-05  0.6489    4.645831  -5.965  0.448482  7.613009  0.6040289E+00  0.3822726E+00  4.2670238E-08  7.3013265E-05  1.9951449E-05  8.7118826E-03  5.9676825E-04  1.3440066E-06  3.5879476E-09  2.0737528E-03  1.8396393E-06  1.903E-10  1.036E-16  1.756E+11  1.044E+13  4.180E+01  1.128E+07  0.51009678  3.984E-05  3.985E-05  9.580E-01  8.017E-06  2.252E-05  1.049E+00  257   28.3896  9.40E-03 2.7883E+01 4.0904E+01    7.69E+02 0.00E+00 2.73E+02  0.510210  0.191199 7.69E+02 0.00E+00 2.73E+02  0.510097  0.191204  0.0000000E+00  0.0000000E+00  2.9059764E-04  2.5249534E+00  1.0060522E+00  2.0039865E-03 -1.0855787E+00  3.9316479E-01  3.1590207E-01 0.000 0.651 1.000 1.000 1.000 1.000 1.000 1.000 1.000 1.000 1.000 1.000 1.000 1.000 1.000 1.000 1.000 1.000 1.000 1.000 1.000 1.000 1.000 1.000 1.000 1.000 1.000 1.000 1.000 1.000 1.000 1.000 1.000 1.000 1.000 1.000 1.000 1.000 1.000 1.000  1.1342065627E+00   0.83893   1.00000   0.00000   0.00000   0.1168399E-01
  1310  1.362667498859996E+06  43.776138  5.510971  4.645906  0.6825071E+00  0.3035771E+00  1.1347195E-05  6.9261352E-04  2.2681265E-05  5.7902797E-03  3.0998346E-03  4.0843968E-06  3.6651020E-06  2.0870203E-03  4.8692838E-05  0.6489    4.645906  -5.962  0.448617  7.613144  0.6025055E+00  0.3837973E+00  4.3442364E-08  7.2911553E-05  1.9920004E-05  8.7216426E-03  5.8580578E-04  1.3248829E-06  3.6416952E-09  2.0735165E-03  1.8319871E-06  1.963E-10  1.069E-16  1.798E+11  1.071E+13  4.280E+01  1.157E+07  0.50911985  3.970E-05  3.971E-05  9.582E-01  8.034E-06  2.244E-05  1.049E+00  256   28.3896  9.40E-03 2.7784E+01 4.0760E+01    7.68E+02 0.00E+00 2.72E+02  0.509235  0.191604 7.68E+02 0.00E+00 2.72E+02  0.509120  0.191610  0.0000000E+00  0.0000000E+00  3.2061481E-04  2.5237081E+00  1.0021314E+00  1.9892734E-03 -1.0848149E+00  3.9265539E-01  3.1616329E-01 0.000 0.651 1.000 1.000 1.000 1.000 1.000 1.000 1.000 1.000 1.000 1.000 1.000 1.000 1.000 1.000 1.000 1.000 1.000 1.000 1.000 1.000 1.000 1.000 1.000 1.000 1.000 1.000 1.000 1.000 1.000 1.000 1.000 1.000 1.000 1.000 1.000 1.000 1.000 1.000  1.1298694541E+00   0.83681   1.00000   0.00000   0.00000   0.1164533E-01
  1324  1.379428141550244E+06  43.757809  5.511941  4.645971  0.6817199E+00  0.3043671E+00  1.1167278E-05  6.8241426E-04  2.2648049E-05  5.8332622E-03  3.0644459E-03  4.0529666E-06  3.6052992E-06  2.0868810E-03  4.7933954E-05  0.6489    4.645971  -5.960  0.448688  7.613261  0.6009258E+00  0.3853784E+00  4.2958097E-08  7.3008866E-05  1.9948125E-05  8.7311584E-03  5.7478956E-04  1.2997376E-06  3.5661478E-09  2.0732715E-03  1.8250523E-06  1.951E-10  1.062E-16  1.789E+11  1.067E+13  4.258E+01  1.152E+07  0.50808248  3.956E-05  3.957E-05  9.584E-01  8.050E-06  2.235E-05  1.049E+00  255   28.3896  9.40E-03 2.7681E+01 4.0610E+01    7.68E+02 0.00E+00 2.71E+02  0.508185  0.192024 7.68E+02 0.00E+00 2.71E+02  0.508082  0.192029  0.0000000E+00  0.0000000E+00  3.2157878E-04  2.5226784E+00  9.9806323E-01  1.9738967E-03 -1.0839647E+00  3.9210617E-01  3.1641739E-01 0.000 0.651 1.000 1.000 1.000 1.000 1.000 1.000 1.000 1.000 1.000 1.000 1.000 1.000 1.000 1.000 1.000 1.000 1.000 1.000 1.000 1.000 1.000 1.000 1.000 1.000 1.000 1.000 1.000 1.000 1.000 1.000 1.000 1.000 1.000 1.000 1.000 1.000 1.000 1.000  1.1253733572E+00   0.83462   1.00000   0.00000   0.00000   0.1160548E-01
  1338  1.396188784240492E+06  43.739385  5.512911  4.646033  0.6809304E+00  0.3051595E+00  1.0991622E-05  6.7245701E-04  2.2616202E-05  5.8754792E-03  3.0296060E-03  4.0215939E-06  3.5469011E-06  2.0867417E-03  4.7192538E-05  0.6489    4.646033  -5.958  0.448761  7.613379  0.5993412E+00  0.3869643E+00  4.2430868E-08  7.3106938E-05  1.9976658E-05  8.7404158E-03  5.6406742E-04  1.2743374E-06  3.4891286E-09  2.0730258E-03  1.8187753E-06  1.944E-10  1.058E-16  1.778E+11  1.062E+13  4.231E+01  1.147E+07  0.50705272  3.941E-05  3.942E-05  9.585E-01  8.063E-06  2.226E-05  1.048E+00  254   28.3896  9.40E-03 2.7578E+01 4.0460E+01    7.67E+02 0.00E+00 2.71E+02  0.507291  0.192444 7.67E+02 0.00E+00 2.70E+02  0.507053  0.192449  0.0000000E+00  0.0000000E+00  3.2267411E-04  2.5216400E+00  9.9398370E-01  1.9585337E-03 -1.0831116E+00  3.9155510E-01  3.1667166E-01 0.000 0.651 1.000 1.000 1.000 1.000 1.000 1.000 1.000 1.000 1.000 1.000 1.000 1.000 1.000 1.000 1.000 1.000 1.000 1.000 1.000 1.000 1.000 1.000 1.000 1.000 1.000 1.000 1.000 1.000 1.000 1.000 1.000 1.000 1.000 1.000 1.000 1.000 1.000 1.000  1.1208636653E+00   0.83242   1.00000   0.00000   0.00000   0.1156451E-01
  1352  1.412949426930740E+06  43.720865  5.513886  4.646104  0.6801388E+00  0.3059539E+00  1.0820111E-05  6.6273507E-04  2.2585679E-05  5.9169447E-03  2.9953081E-03  3.9902972E-06  3.4898693E-06  2.0866024E-03  4.6468130E-05  0.6490    4.646104  -5.956  0.448838  7.613498  0.5977516E+00  0.3885552E+00  4.1907344E-08  7.3203507E-05  2.0004762E-05  8.7494290E-03  5.5362622E-04  1.2495751E-06  3.4134668E-09  2.0727793E-03  1.8130613E-06  1.930E-10  1.051E-16  1.767E+11  1.056E+13  4.205E+01  1.141E+07  0.50612015  3.928E-05  3.927E-05  9.587E-01  8.073E-06  2.216E-05  1.048E+00  253   28.3896  9.40E-03 2.7473E+01 4.0307E+01    7.66E+02 0.00E+00 2.70E+02  0.506084  0.192867 7.66E+02 0.00E+00 2.70E+02  0.506120  0.192872  0.0000000E+00  0.0000000E+00  3.2352575E-04  2.5205793E+00  9.8985566E-01  1.9430470E-03 -1.0822578E+00  3.9100337E-01  3.1692771E-01 0.000 0.652 1.000 1.000 1.000 1.000 1.000 1.000 1.000 1.000 1.000 1.000 1.000 1.000 1.000 1.000 1.000 1.000 1.000 1.000 1.000 1.000 1.000 1.000 1.000 1.000 1.000 1.000 1.000 1.000 1.000 1.000 1.000 1.000 1.000 1.000 1.000 1.000 1.000 1.000  1.1163404498E+00   0.83021   1.00000   0.00000   0.00000   0.1152580E-01
  1366  1.429111475239193E+06  43.702915  5.514820  4.646154  0.6793735E+00  0.3067218E+00  1.0658556E-05  6.5357772E-04  2.2557460E-05  5.9562276E-03  2.9627443E-03  3.9602085E-06  3.4361369E-06  2.0864681E-03  4.5785326E-05  0.6490    4.646154  -5.953  0.448830  7.613586  0.5962147E+00  0.3900934E+00  4.0012746E-08  7.3527556E-05  2.0100561E-05  8.7575661E-03  5.4380637E-04  1.2179584E-06  3.2132556E-09  2.0725411E-03  1.8081497E-06  1.850E-10  1.006E-16  1.697E+11  1.015E+13  4.040E+01  1.096E+07  0.50492412  3.912E-05  3.913E-05  9.589E-01  8.081E-06  2.207E-05  1.048E+00  252   28.3896  9.40E-03 2.7372E+01 4.0161E+01    7.66E+02 0.00E+00 2.69E+02  0.505039  0.193274 7.66E+02 0.00E+00 2.69E+02  0.504924  0.193279  0.0000000E+00  0.0000000E+00  2.9200288E-04  2.5198697E+00  9.8590051E-01  1.9279725E-03 -1.0813623E+00  3.9044458E-01  3.1715426E-01 0.000 0.652 1.000 1.000 1.000 1.000 1.000 1.000 1.000 1.000 1.000 1.000 1.000 1.000 1.000 1.000 1.000 1.000 1.000 1.000 1.000 1.000 1.000 1.000 1.000 1.000 1.000 1.000 1.000 1.000 1.000 1.000 1.000 1.000 1.000 1.000 1.000 1.000 1.000 1.000  1.1119658549E+00   0.82808   1.00000   0.00000   0.00000   0.1148744E-01
  1380  1.445165776558925E+06  43.684996  5.515761  4.646231  0.6786116E+00  0.3074863E+00  1.0501688E-05  6.4468632E-04  2.2530569E-05  5.9945817E-03  2.9308836E-03  3.9304201E-06  3.3839529E-06  2.0863348E-03  4.5121920E-05  0.6490    4.646231  -5.951  0.448984  7.613726  0.5946833E+00  0.3916258E+00  4.0718349E-08  7.3412250E-05  2.0065931E-05  8.7660737E-03  5.3429465E-04  1.2016880E-06  3.2569441E-09  2.0723037E-03  1.8035713E-06  1.908E-10  1.038E-16  1.737E+11  1.041E+13  4.135E+01  1.124E+07  0.50392032  3.898E-05  3.899E-05  9.591E-01  8.087E-06  2.198E-05  1.048E+00  251   28.3896  9.40E-03 2.7273E+01 4.0016E+01    7.65E+02 0.00E+00 2.68E+02  0.504022  0.193684 7.65E+02 0.00E+00 2.68E+02  0.503920  0.193690  0.0000000E+00  0.0000000E+00  3.2212802E-04  2.5185502E+00  9.8196669E-01  1.9134855E-03 -1.0806007E+00  3.8993505E-01  3.1741744E-01 0.000 0.652 1.000 1.000 1.000 1.000 1.000 1.000 1.000 1.000 1.000 1.000 1.000 1.000 1.000 1.000 1.000 1.000 1.000 1.000 1.000 1.000 1.000 1.000 1.000 1.000 1.000 1.000 1.000 1.000 1.000 1.000 1.000 1.000 1.000 1.000 1.000 1.000 1.000 1.000  1.1076079221E+00   0.82595   1.00000   0.00000   0.00000   0.1144914E-01
  1394  1.461758812822272E+06  43.666381  5.516727  4.646294  0.6778224E+00  0.3082782E+00  1.0343257E-05  6.3570650E-04  2.2503935E-05  6.0335322E-03  2.8984604E-03  3.8997543E-06  3.3312379E-06  2.0861970E-03  4.4451486E-05  0.6490    4.646294  -5.949  0.449070  7.613848  0.5930946E+00  0.3932158E+00  4.0265429E-08  7.3501514E-05  2.0091665E-05  8.7743415E-03  5.2471523E-04  1.1799026E-06  3.1908112E-09  2.0720575E-03  1.7993633E-06  1.897E-10  1.032E-16  1.728E+11  1.037E+13  4.113E+01  1.120E+07  0.50286885  3.884E-05  3.885E-05  9.593E-01  8.091E-06  2.188E-05  1.048E+00  250   28.3896  9.39E-03 2.7169E+01 3.9865E+01    7.65E+02 0.00E+00 2.67E+02  0.503107  0.194107 7.65E+02 0.00E+00 2.67E+02  0.502869  0.194112  0.0000000E+00  0.0000000E+00  3.2319842E-04  2.5174620E+00  9.7788549E-01  1.8983413E-03 -1.0797492E+00  3.8938431E-01  3.1767228E-01 0.000 0.653 1.000 1.000 1.000 1.000 1.000 1.000 1.000 1.000 1.000 1.000 1.000 1.000 1.000 1.000 1.000 1.000 1.000 1.000 1.000 1.000 1.000 1.000 1.000 1.000 1.000 1.000 1.000 1.000 1.000 1.000 1.000 1.000 1.000 1.000 1.000 1.000 1.000 1.000  1.1030906450E+00   0.82374   1.00000   0.00000   0.00000   0.1140863E-01
  1408  1.478351849085619E+06  43.647667  5.517727  4.646358  0.6770316E+00  0.3090717E+00  1.0188481E-05  6.2693395E-04  2.2478439E-05  6.0717952E-03  2.8665437E-03  3.8692246E-06  3.2797275E-06  2.0860593E-03  4.3796107E-05  0.6492    4.646358  -5.947  0.449172  7.613973  0.5914988E+00  0.3948128E+00  3.9851235E-08  7.3595890E-05  2.0118505E-05  8.7824129E-03  5.1535252E-04  1.1577330E-06  3.1408293E-09  2.0718101E-03  1.7954338E-06  1.891E-10  1.028E-16  1.719E+11  1.032E+13  4.091E+01  1.115E+07  0.50195126  3.870E-05  3.870E-05  9.595E-01  8.093E-06  2.178E-05  1.047E+00  249   28.3896  9.39E-03 2.7063E+01 3.9710E+01    7.64E+02 0.00E+00 2.67E+02  0.501917  0.194546 7.64E+02 0.00E+00 2.67E+02  0.501951  0.194551  0.0000000E+00  0.0000000E+00  3.2411407E-04  2.5163842E+00  9.7374641E-01  1.8830147E-03 -1.0788939E+00  3.8883152E-01  3.1792787E-01 0.000 0.653 1.000 1.000 1.000 1.000 1.000 1.000 1.000 1.000 1.000 1.000 1.000 1.000 1.000 1.000 1.000 1.000 1.000 1.000 1.000 1.000 1.000 1.000 1.000 1.000 1.000 1.000 1.000 1.000 1.000 1.000 1.000 1.000 1.000 1.000 1.000 1.000 1.000 1.000  1.0985594456E+00   0.82153   1.00000   0.00000   0.00000   0.1136730E-01
  1422  1.494944885348967E+06  43.628854  5.518712  4.646420  0.6762392E+00  0.3098667E+00  1.0037267E-05  6.1836338E-04  2.2454049E-05  6.1093818E-03  2.8351279E-03  3.8388449E-06  3.2293915E-06  2.0859216E-03  4.3155417E-05  0.6491    4.646420  -5.944  0.449273  7.614098  0.5898751E+00  0.3964376E+00  3.9058561E-08  7.3676193E-05  2.0143894E-05  8.7906342E-03  5.0583934E-04  1.1353484E-06  3.0093027E-09  2.0715583E-03  1.7868059E-06  1.869E-10  1.016E-16  1.699E+11  1.021E+13  4.043E+01  1.103E+07  0.50072949  3.854E-05  3.855E-05  9.597E-01  8.093E-06  2.169E-05  1.047E+00  249   28.2833  9.39E-03 2.6957E+01 3.9556E+01    7.64E+02 0.00E+00 2.66E+02  0.500849  0.194979 7.64E+02 0.00E+00 2.66E+02  0.500729  0.194985  0.0000000E+00  0.0000000E+00  3.2510564E-04  2.5153477E+00  9.6963740E-01  1.8678285E-03 -1.0780288E+00  3.8827303E-01  3.1818339E-01 0.000 0.651 1.000 1.000 1.000 1.000 1.000 1.000 1.000 1.000 1.000 1.000 1.000 1.000 1.000 1.000 1.000 1.000 1.000 1.000 1.000 1.000 1.000 1.000 1.000 1.000 1.000 1.000 1.000 1.000 1.000 1.000 1.000 1.000 1.000 1.000 1.000 1.000 1.000 1.000  1.0940138801E+00   0.81927   1.00000   0.00000   0.00000   0.1132657E-01
  1436  1.511537921612314E+06  43.609943  5.519679  4.646485  0.6754454E+00  0.3106630E+00  9.8895224E-06  6.0998940E-04  2.2430729E-05  6.1463041E-03  2.8042065E-03  3.8086271E-06  3.1801988E-06  2.0857841E-03  4.2529039E-05  0.6491    4.646485  -5.942  0.449366  7.614222  0.5882591E+00  0.3980546E+00  3.8660128E-08  7.3768618E-05  2.0170243E-05  8.7984130E-03  4.9681337E-04  1.1139705E-06  2.9607222E-09  2.0713079E-03  1.7829042E-06  1.864E-10  1.013E-16  1.692E+11  1.018E+13  4.027E+01  1.100E+07  0.49963554  3.840E-05  3.841E-05  9.599E-01  8.091E-06  2.159E-05  1.047E+00  248   28.2833  9.39E-03 2.6852E+01 3.9403E+01    7.63E+02 0.00E+00 2.65E+02  0.499756  0.195406 7.63E+02 0.00E+00 2.65E+02  0.499636  0.195412  0.0000000E+00  0.0000000E+00  3.2604151E-04  2.5142582E+00  9.6552119E-01  1.8527048E-03 -1.0771634E+00  3.8771447E-01  3.1843972E-01 0.000 0.651 1.000 1.000 1.000 1.000 1.000 1.000 1.000 1.000 1.000 1.000 1.000 1.000 1.000 1.000 1.000 1.000 1.000 1.000 1.000 1.000 1.000 1.000 1.000 1.000 1.000 1.000 1.000 1.000 1.000 1.000 1.000 1.000 1.000 1.000 1.000 1.000 1.000 1.000  1.0894550444E+00   0.81703   1.00000   0.00000   0.00000   0.1128720E-01
  1451  1.528130957875660E+06  43.590934  5.520645  4.646521  0.6746504E+00  0.3114606E+00  9.7451723E-06  6.0180776E-04  2.2408450E-05  6.1825698E-03  2.7737763E-03  3.7785861E-06  3.1321251E-06  2.0856466E-03  4.1916684E-05  0.6490    4.646521  -5.940  0.449365  7.614315  0.5866413E+00  0.3996736E+00  3.6748917E-08  7.4116130E-05  2.0272831E-05  8.8055978E-03  4.8804113E-04  1.0836681E-06  2.7847776E-09  2.0710571E-03  1.7803995E-06  1.844E-10  1.002E-16  1.619E+11  9.738E+12  3.853E+01  1.052E+07  0.49854547  3.824E-05  3.825E-05  9.600E-01  8.087E-06  2.149E-05  1.047E+00  247   28.2833  9.39E-03 2.6746E+01 3.9249E+01    7.63E+02 0.00E+00 2.64E+02  0.498655  0.195834 7.63E+02 0.00E+00 2.64E+02  0.498545  0.195840  0.0000000E+00  0.0000000E+00  2.9429755E-04  2.5135211E+00  9.6137800E-01  1.8372734E-03 -1.0762172E+00  3.8712647E-01  3.1867281E-01 0.000 0.651 1.000 1.000 1.000 1.000 1.000 1.000 1.000 1.000 1.000 1.000 1.000 1.000 1.000 1.000 1.000 1.000 1.000 1.000 1.000 1.000 1.000 1.000 1.000 1.000 1.000 1.000 1.000 1.000 1.000 1.000 1.000 1.000 1.000 1.000 1.000 1.000 1.000 1.000  1.0848831258E+00   0.81478   1.00000   0.00000   0.00000   0.1124570E-01
  1465  1.544558063776373E+06  43.572017  5.521609  4.646582  0.6738622E+00  0.3122513E+00  9.6055130E-06  5.9389187E-04  2.2387387E-05  6.2178399E-03  2.7441259E-03  3.7490277E-06  3.0856025E-06  2.0855107E-03  4.1323875E-05  0.6490    4.646582  -5.938  0.449556  7.614471  0.5850335E+00  0.4012824E+00  3.7603890E-08  7.3969032E-05  2.0228372E-05  8.8132116E-03  4.7960092E-04  1.0720219E-06  2.8320470E-09  2.0708079E-03  1.7781937E-06  1.839E-10  9.995E-17  1.666E+11  1.005E+13  3.966E+01  1.085E+07  0.49751616  3.810E-05  3.811E-05  9.602E-01  8.081E-06  2.139E-05  1.047E+00  246   28.2833  9.39E-03 2.6641E+01 3.9096E+01    7.62E+02 0.00E+00 2.63E+02  0.497637  0.196262 7.62E+02 0.00E+00 2.63E+02  0.497516  0.196268  0.0000000E+00  0.0000000E+00  3.2471381E-04  2.5120599E+00  9.5726561E-01  1.8225272E-03 -1.0754325E+00  3.8659801E-01  3.1894968E-01 0.000 0.652 1.000 1.000 1.000 1.000 1.000 1.000 1.000 1.000 1.000 1.000 1.000 1.000 1.000 1.000 1.000 1.000 1.000 1.000 1.000 1.000 1.000 1.000 1.000 1.000 1.000 1.000 1.000 1.000 1.000 1.000 1.000 1.000 1.000 1.000 1.000 1.000 1.000 1.000  1.0803431539E+00   0.81255   1.00000   0.00000   0.00000   0.1120377E-01
  1479  1.560985169677087E+06  43.553002  5.522572  4.646629  0.6730731E+00  0.3130429E+00  9.4690190E-06  5.8615520E-04  2.2367285E-05  6.2524872E-03  2.7149458E-03  3.7196640E-06  3.0401231E-06  2.0853749E-03  4.0744161E-05  0.6490    4.646629  -5.935  0.449661  7.614598  0.5834204E+00  0.4028965E+00  3.7158137E-08  7.4053663E-05  2.0252837E-05  8.8202992E-03  4.7137576E-04  1.0528223E-06  2.7745965E-09  2.0705578E-03  1.7765562E-06  1.833E-10  9.962E-17  1.657E+11  1.001E+13  3.944E+01  1.081E+07  0.49647030  3.795E-05  3.796E-05  9.604E-01  8.073E-06  2.128E-05  1.046E+00  245   28.2833  9.39E-03 2.6536E+01 3.8942E+01    7.62E+02 0.00E+00 2.63E+02  0.496589  0.196690 7.62E+02 0.00E+00 2.62E+02  0.496470  0.196696  0.0000000E+00  0.0000000E+00  3.2569324E-04  2.5109265E+00  9.5313572E-01  1.8075279E-03 -1.0745724E+00  3.8604174E-01  3.1920590E-01 0.000 0.652 1.000 1.000 1.000 1.000 1.000 1.000 1.000 1.000 1.000 1.000 1.000 1.000 1.000 1.000 1.000 1.000 1.000 1.000 1.000 1.000 1.000 1.000 1.000 1.000 1.000 1.000 1.000 1.000 1.000 1.000 1.000 1.000 1.000 1.000 1.000 1.000 1.000 1.000  1.0757895826E+00   0.81031   1.00000   0.00000   0.00000   0.1116177E-01
  1493  1.577412275577800E+06  43.533888  5.523536  4.646672  0.6722831E+00  0.3138353E+00  9.3356072E-06  5.7859299E-04  2.2348116E-05  6.2865232E-03  2.6862294E-03  3.6905032E-06  2.9956595E-06  2.0852392E-03  4.0177208E-05  0.6490    4.646672  -5.933  0.449769  7.614726  0.5818017E+00  0.4045161E+00  3.6710353E-08  7.4137529E-05  2.0277105E-05  8.8272068E-03  4.6335724E-04  1.0338934E-06  2.7177615E-09  2.0703069E-03  1.7753327E-06  1.821E-10  9.894E-17  1.647E+11  9.960E+12  3.921E+01  1.076E+07  0.49540599  3.781E-05  3.782E-05  9.606E-01  8.063E-06  2.118E-05  1.046E+00  245   28.2833  9.39E-03 2.6430E+01 3.8787E+01    7.61E+02 0.00E+00 2.62E+02  0.495528  0.197121 7.61E+02 0.00E+00 2.62E+02  0.495406  0.197127  0.0000000E+00  0.0000000E+00  3.2666657E-04  2.5097882E+00  9.4899679E-01  1.7940012E-03 -1.0737086E+00  3.8548320E-01  3.1946205E-01 0.000 0.652 1.000 1.000 1.000 1.000 1.000 1.000 1.000 1.000 1.000 1.000 1.000 1.000 1.000 1.000 1.000 1.000 1.000 1.000 1.000 1.000 1.000 1.000 1.000 1.000 1.000 1.000 1.000 1.000 1.000 1.000 1.000 1.000 1.000 1.000 1.000 1.000 1.000 1.000  1.0712223936E+00   0.80806   1.00000   0.00000   0.00000   0.1111911E-01
  1507  1.593839381478513E+06  43.514675  5.524502  4.646718  0.6714923E+00  0.3146285E+00  9.2051932E-06  5.7120041E-04  2.2329851E-05  6.3199602E-03  2.6579689E-03  3.6615520E-06  2.9521838E-06  2.0851037E-03  3.9622675E-05  0.6489    4.646718  -5.931  0.449879  7.614855  0.5801774E+00  0.4061414E+00  3.6265212E-08  7.4220351E-05  2.0301085E-05  8.8339419E-03  4.5553716E-04  1.0154279E-06  2.6617129E-09  2.0700551E-03  1.7744783E-06  1.815E-10  9.859E-17  1.638E+11  9.913E+12  3.897E+01  1.071E+07  0.49433632  3.766E-05  3.767E-05  9.608E-01  8.052E-06  2.108E-05  1.046E+00  244   28.2833  9.39E-03 2.6323E+01 3.8632E+01    7.61E+02 0.00E+00 2.61E+02  0.494446  0.197554 7.61E+02 0.00E+00 2.61E+02  0.494336  0.197560  0.0000000E+00  0.0000000E+00  3.2762812E-04  2.5086350E+00  9.4484654E-01  1.7790438E-03 -1.0728427E+00  3.8492331E-01  3.1971930E-01 0.000 0.652 1.000 1.000 1.000 1.000 1.000 1.000 1.000 1.000 1.000 1.000 1.000 1.000 1.000 1.000 1.000 1.000 1.000 1.000 1.000 1.000 1.000 1.000 1.000 1.000 1.000 1.000 1.000 1.000 1.000 1.000 1.000 1.000 1.000 1.000 1.000 1.000 1.000 1.000  1.0666415937E+00   0.80580   1.00000   0.00000   0.00000   0.1107698E-01
  1522  1.610254753732154E+06  43.495374  5.525498  4.646741  0.6707014E+00  0.3154217E+00  9.0777995E-06  5.6397868E-04  2.2312476E-05  6.3527836E-03  2.6301796E-03  3.6328402E-06  2.9097037E-06  2.0849685E-03  3.9080675E-05  0.6491    4.646741  -5.929  0.449927  7.614962  0.5785473E+00  0.4077725E+00  3.4981476E-08  7.4474855E-05  2.0376945E-05  8.8402986E-03  4.4786311E-04  9.9039287E-07  2.5683730E-09  2.0698023E-03  1.7738576E-06  1.773E-10  9.633E-17  1.587E+11  9.610E+12  3.778E+01  1.038E+07  0.49328741  3.750E-05  3.751E-05  9.610E-01  8.039E-06  2.097E-05  1.046E+00  243   28.2833  9.38E-03 2.6216E+01 3.8475E+01    7.60E+02 0.00E+00 2.60E+02  0.493401  0.197998 7.60E+02 0.00E+00 2.60E+02  0.493287  0.198008  0.0000000E+00  0.0000000E+00  3.2540167E-04  2.5078032E+00  9.4067383E-01  1.7638292E-03 -1.0719080E+00  3.8433818E-01  3.1995672E-01 0.000 0.653 1.000 1.000 1.000 1.000 1.000 1.000 1.000 1.000 1.000 1.000 1.000 1.000 1.000 1.000 1.000 1.000 1.000 1.000 1.000 1.000 1.000 1.000 1.000 1.000 1.000 1.000 1.000 1.000 1.000 1.000 1.000 1.000 1.000 1.000 1.000 1.000 1.000 1.000  1.0620500353E+00   0.80354   1.00000   0.00000   0.00000   0.1103148E-01
  1536  1.626517588573859E+06  43.476151  5.526472  4.646793  0.6699172E+00  0.3162082E+00  8.9543877E-06  5.5698229E-04  2.2296098E-05  6.3847346E-03  2.6030836E-03  3.6046144E-06  2.8685404E-06  2.0848346E-03  3.8555322E-05  0.6489    4.646793  -5.926  0.450122  7.615117  0.5769054E+00  0.4094153E+00  3.5033757E-08  7.4403072E-05  2.0355480E-05  8.8471490E-03  4.4016744E-04  9.7816634E-07  2.4985558E-09  2.0695476E-03  1.7695000E-06  1.782E-10  9.679E-17  1.603E+11  9.723E+12  3.816E+01  1.050E+07  0.49223343  3.736E-05  3.737E-05  9.611E-01  8.025E-06  2.087E-05  1.046E+00  243   28.1764  9.38E-03 2.6108E+01 3.8319E+01    7.59E+02 0.00E+00 2.59E+02  0.492386  0.198439 7.59E+02 0.00E+00 2.59E+02  0.492233  0.198447  0.0000000E+00  0.0000000E+00  3.2643494E-04  2.5064467E+00  9.3654234E-01  1.7491792E-03 -1.0710943E+00  3.8379660E-01  3.2022848E-01 0.000 0.651 1.000 1.000 1.000 1.000 1.000 1.000 1.000 1.000 1.000 1.000 1.000 1.000 1.000 1.000 1.000 1.000 1.000 1.000 1.000 1.000 1.000 1.000 1.000 1.000 1.000 1.000 1.000 1.000 1.000 1.000 1.000 1.000 1.000 1.000 1.000 1.000 1.000 1.000  1.0574865604E+00   0.80126   1.00000   0.00000   0.00000   0.1098874E-01
  1550  1.642780423415565E+06  43.456828  5.527425  4.646832  0.6691327E+00  0.3169950E+00  8.8337063E-06  5.5014025E-04  2.2280531E-05  6.4161270E-03  2.5764181E-03  3.5766162E-06  2.8282768E-06  2.0847010E-03  3.8041305E-05  0.6489    4.646832  -5.924  0.450237  7.615247  0.5752685E+00  0.4110530E+00  3.4712551E-08  7.4487103E-05  2.0379202E-05  8.8534517E-03  4.3283911E-04  9.6103055E-07  2.4668583E-09  2.0692937E-03  1.7687420E-06  1.779E-10  9.660E-17  1.599E+11  9.707E+12  3.805E+01  1.048E+07  0.49115951  3.721E-05  3.722E-05  9.613E-01  8.009E-06  2.076E-05  1.045E+00  242   28.1764  9.38E-03 2.6001E+01 3.8163E+01    7.59E+02 0.00E+00 2.59E+02  0.491401  0.198872 7.59E+02 0.00E+00 2.58E+02  0.491160  0.198877  0.0000000E+00  0.0000000E+00  3.2745185E-04  2.5053139E+00  9.3239931E-01  1.7343830E-03 -1.0702213E+00  3.8323360E-01  3.2048386E-01 0.000 0.651 1.000 1.000 1.000 1.000 1.000 1.000 1.000 1.000 1.000 1.000 1.000 1.000 1.000 1.000 1.000 1.000 1.000 1.000 1.000 1.000 1.000 1.000 1.000 1.000 1.000 1.000 1.000 1.000 1.000 1.000 1.000 1.000 1.000 1.000 1.000 1.000 1.000 1.000  1.0529097243E+00   0.79898   1.00000   0.00000   0.00000   0.1094620E-01
  1564  1.659043258257270E+06  43.437405  5.528384  4.646879  0.6683477E+00  0.3177822E+00  8.7156884E-06  5.4344872E-04  2.2265750E-05  6.4469705E-03  2.5501770E-03  3.5488515E-06  2.7888908E-06  2.0845676E-03  3.7538356E-05  0.6488    4.646879  -5.922  0.450359  7.615380  0.5736284E+00  0.4126940E+00  3.4316188E-08  7.4567343E-05  2.0402220E-05  8.8595658E-03  4.2573173E-04  9.4428437E-07  2.4216812E-09  2.0690392E-03  1.7690279E-06  1.768E-10  9.603E-17  1.591E+11  9.670E+12  3.786E+01  1.044E+07  0.49018262  3.707E-05  3.707E-05  9.615E-01  7.991E-06  2.066E-05  1.045E+00  241   28.1764  9.38E-03 2.5893E+01 3.8006E+01    7.58E+02 0.00E+00 2.58E+02  0.490157  0.199306 7.58E+02 0.00E+00 2.58E+02  0.490183  0.199312  0.0000000E+00  0.0000000E+00  3.2826779E-04  2.5041482E+00  9.2821048E-01  1.7194917E-03 -1.0693498E+00  3.8267073E-01  3.2074139E-01 0.000 0.651 1.000 1.000 1.000 1.000 1.000 1.000 1.000 1.000 1.000 1.000 1.000 1.000 1.000 1.000 1.000 1.000 1.000 1.000 1.000 1.000 1.000 1.000 1.000 1.000 1.000 1.000 1.000 1.000 1.000 1.000 1.000 1.000 1.000 1.000 1.000 1.000 1.000 1.000  1.0483198621E+00   0.79671   1.00000   0.00000   0.00000   0.1090544E-01
  1578  1.675306093098975E+06  43.417882  5.529343  4.646922  0.6675625E+00  0.3185696E+00  8.6002696E-06  5.3690401E-04  2.2251735E-05  6.4772745E-03  2.5243546E-03  3.5213255E-06  2.7503610E-06  2.0844343E-03  3.7046212E-05  0.6487    4.646922  -5.920  0.450485  7.615514  0.5719833E+00  0.4143400E+00  3.3911850E-08  7.4646153E-05  2.0424897E-05  8.8655162E-03  4.1881352E-04  9.2798418E-07  2.3751265E-09  2.0687840E-03  1.7698652E-06  1.763E-10  9.573E-17  1.582E+11  9.629E+12  3.765E+01  1.040E+07  0.48893466  3.691E-05  3.692E-05  9.617E-01  7.972E-06  2.055E-05  1.045E+00  240   28.1764  9.38E-03 2.5786E+01 3.7849E+01    7.58E+02 0.00E+00 2.57E+02  0.489059  0.199742 7.58E+02 0.00E+00 2.57E+02  0.488935  0.199749  0.0000000E+00  0.0000000E+00  3.2920920E-04  2.5029710E+00  9.2404705E-01  1.7047587E-03 -1.0684758E+00  3.8210611E-01  3.2099912E-01 0.000 0.651 1.000 1.000 1.000 1.000 1.000 1.000 1.000 1.000 1.000 1.000 1.000 1.000 1.000 1.000 1.000 1.000 1.000 1.000 1.000 1.000 1.000 1.000 1.000 1.000 1.000 1.000 1.000 1.000 1.000 1.000 1.000 1.000 1.000 1.000 1.000 1.000 1.000 1.000  1.0437167351E+00   0.79442   1.00000   0.00000   0.00000   0.1086348E-01
  1593  1.691545695319479E+06  43.398285  5.530305  4.646956  0.6667783E+00  0.3193560E+00  8.4875500E-06  5.3051176E-04  2.2238483E-05  6.5070052E-03  2.4989821E-03  3.4940830E-06  2.7127211E-06  2.0843015E-03  3.6565315E-05  0.6486    4.646956  -5.917  0.450556  7.615629  0.5703368E+00  0.4159873E+00  3.2891059E-08  7.4836305E-05  2.0482675E-05  8.8711482E-03  4.1207181E-04  9.0705738E-07  2.2909886E-09  2.0685285E-03  1.7714977E-06  1.744E-10  9.470E-17  1.544E+11  9.404E+12  3.676E+01  1.016E+07  0.48782471  3.676E-05  3.677E-05  9.619E-01  7.952E-06  2.044E-05  1.045E+00  239   28.1764  9.38E-03 2.5678E+01 3.7693E+01    7.57E+02 0.00E+00 2.56E+02  0.487932  0.200182 7.57E+02 0.00E+00 2.56E+02  0.487825  0.200188  0.0000000E+00  0.0000000E+00  3.2684113E-04  2.5020045E+00  9.1987883E-01  1.6899162E-03 -1.0675537E+00  3.8152415E-01  3.2124250E-01 0.000 0.652 1.000 1.000 1.000 1.000 1.000 1.000 1.000 1.000 1.000 1.000 1.000 1.000 1.000 1.000 1.000 1.000 1.000 1.000 1.000 1.000 1.000 1.000 1.000 1.000 1.000 1.000 1.000 1.000 1.000 1.000 1.000 1.000 1.000 1.000 1.000 1.000 1.000 1.000  1.0391072738E+00   0.79213   1.00000   0.00000   0.00000   0.1082147E-01
  1607  1.707645901812769E+06  43.378757  5.531254  4.647023  0.6660008E+00  0.3201357E+00  8.3782313E-06  5.2431174E-04  2.2226056E-05  6.5359685E-03  2.4742275E-03  3.4673178E-06  2.6762058E-06  2.0841700E-03  3.6098674E-05  0.6486    4.647023  -5.915  0.450733  7.615779  0.5686973E+00  0.4176276E+00  3.2983005E-08  7.4826041E-05  2.0476885E-05  8.8768714E-03  4.0556219E-04  8.9581938E-07  2.2745316E-09  2.0682740E-03  1.7730037E-06  1.740E-10  9.447E-17  1.558E+11  9.508E+12  3.709E+01  1.027E+07  0.48681212  3.663E-05  3.662E-05  9.621E-01  7.931E-06  2.033E-05  1.044E+00  238   28.1764  9.38E-03 2.5571E+01 3.7536E+01    7.57E+02 0.00E+00 2.55E+02  0.486790  0.200616 7.57E+02 0.00E+00 2.55E+02  0.486812  0.200623  0.0000000E+00  0.0000000E+00  3.2770176E-04  2.5006355E+00  9.1572411E-01  1.6754384E-03 -1.0667214E+00  3.8097558E-01  3.2151054E-01 0.000 0.652 1.000 1.000 1.000 1.000 1.000 1.000 1.000 1.000 1.000 1.000 1.000 1.000 1.000 1.000 1.000 1.000 1.000 1.000 1.000 1.000 1.000 1.000 1.000 1.000 1.000 1.000 1.000 1.000 1.000 1.000 1.000 1.000 1.000 1.000 1.000 1.000 1.000 1.000  1.0345248469E+00   0.78986   1.00000   0.00000   0.00000   0.1078247E-01
  1621  1.723746108306058E+06  43.359127  5.532241  4.647068  0.6652234E+00  0.3209152E+00  8.2712856E-06  5.1824562E-04  2.2214321E-05  6.5644284E-03  2.4498677E-03  3.4408009E-06  2.6404721E-06  2.0840388E-03  3.5641918E-05  0.6486    4.647068  -5.913  0.450880  7.615917  0.5670483E+00  0.4192774E+00  3.2628948E-08  7.4904107E-05  2.0498618E-05  8.8823680E-03  3.9916343E-04  8.8087540E-07  2.2444028E-09  2.0680180E-03  1.7742762E-06  1.707E-10  9.271E-17  1.549E+11  9.461E+12  3.686E+01  1.022E+07  0.48553152  3.646E-05  3.647E-05  9.623E-01  7.908E-06  2.022E-05  1.044E+00  238   28.1764  9.38E-03 2.5463E+01 3.7379E+01    7.56E+02 0.00E+00 2.54E+02  0.485654  0.201063 7.56E+02 0.00E+00 2.54E+02  0.485532  0.201076  0.0000000E+00  0.0000000E+00  3.2862240E-04  2.4994771E+00  9.1158590E-01  1.6616564E-03 -1.0658448E+00  3.8040982E-01  3.2176635E-01 0.000 0.652 1.000 1.000 1.000 1.000 1.000 1.000 1.000 1.000 1.000 1.000 1.000 1.000 1.000 1.000 1.000 1.000 1.000 1.000 1.000 1.000 1.000 1.000 1.000 1.000 1.000 1.000 1.000 1.000 1.000 1.000 1.000 1.000 1.000 1.000 1.000 1.000 1.000 1.000  1.0299298749E+00   0.78756   1.00000   0.00000   0.00000   0.1074176E-01
  1635  1.739846314799348E+06  43.339392  5.533209  4.647120  0.6644460E+00  0.3216947E+00  8.1666432E-06  5.1230941E-04  2.2203256E-05  6.5923972E-03  2.4258942E-03  3.4145328E-06  2.6054970E-06  2.0839078E-03  3.5194759E-05  0.6485    4.647120  -5.911  0.451027  7.616056  0.5653736E+00  0.4209529E+00  3.1971431E-08  7.4970409E-05  2.0519805E-05  8.8879638E-03  3.9266791E-04  8.6570124E-07  2.1403094E-09  2.0677578E-03  1.7727549E-06  1.715E-10  9.312E-17  1.531E+11  9.361E+12  3.644E+01  1.011E+07  0.48441382  3.632E-05  3.633E-05  9.625E-01  7.884E-06  2.012E-05  1.044E+00  238   28.0688  9.38E-03 2.5355E+01 3.7221E+01    7.55E+02 0.00E+00 2.54E+02  0.484540  0.201516 7.55E+02 0.00E+00 2.53E+02  0.484414  0.201523  0.0000000E+00  0.0000000E+00  3.2959358E-04  2.4983465E+00  9.0743041E-01  1.6471237E-03 -1.0649600E+00  3.7983937E-01  3.2202295E-01 0.000 0.650 1.000 1.000 1.000 1.000 1.000 1.000 1.000 1.000 1.000 1.000 1.000 1.000 1.000 1.000 1.000 1.000 1.000 1.000 1.000 1.000 1.000 1.000 1.000 1.000 1.000 1.000 1.000 1.000 1.000 1.000 1.000 1.000 1.000 1.000 1.000 1.000 1.000 1.000  1.0253212223E+00   0.78524   1.00000   0.00000   0.00000   0.1069866E-01
  1649  1.755946521292638E+06  43.319555  5.534159  4.647172  0.6636688E+00  0.3224739E+00  8.0642567E-06  5.0650041E-04  2.2192844E-05  6.6198812E-03  2.4023032E-03  3.3885182E-06  2.5712646E-06  2.0837770E-03  3.4757007E-05  0.6484    4.647172  -5.908  0.451162  7.616193  0.5637030E+00  0.4226242E+00  3.1697689E-08  7.5049815E-05  2.0542057E-05  8.8932733E-03  3.8648015E-04  8.5112513E-07  2.1200397E-09  2.0674983E-03  1.7742186E-06  1.712E-10  9.296E-17  1.528E+11  9.353E+12  3.637E+01  1.010E+07  0.48324350  3.617E-05  3.618E-05  9.627E-01  7.858E-06  2.001E-05  1.044E+00  238   28.0688  9.38E-03 2.5247E+01 3.7063E+01    7.55E+02 0.00E+00 2.53E+02  0.483397  0.201954 7.55E+02 0.00E+00 2.53E+02  0.483243  0.201962  0.0000000E+00  0.0000000E+00  3.3047533E-04  2.4971761E+00  9.0327359E-01  1.6326669E-03 -1.0640720E+00  3.7926760E-01  3.2227998E-01 0.000 0.650 1.000 1.000 1.000 1.000 1.000 1.000 1.000 1.000 1.000 1.000 1.000 1.000 1.000 1.000 1.000 1.000 1.000 1.000 1.000 1.000 1.000 1.000 1.000 1.000 1.000 1.000 1.000 1.000 1.000 1.000 1.000 1.000 1.000 1.000 1.000 1.000 1.000 1.000  1.0207003029E+00   0.78292   1.00000   0.00000   0.00000   0.1065930E-01
  1663  1.771816724836023E+06  43.299902  5.535092  4.647215  0.6629031E+00  0.3232416E+00  7.9654946E-06  5.0089625E-04  2.2183205E-05  6.6465048E-03  2.3794195E-03  3.3631276E-06  2.5382331E-06  2.0836484E-03  3.4334528E-05  0.6482    4.647215  -5.906  0.451252  7.616314  0.5620538E+00  0.4242741E+00  3.0671835E-08  7.5296829E-05  2.0610927E-05  8.8980960E-03  3.8057051E-04  8.3401768E-07  2.0342891E-09  2.0672420E-03  1.7768128E-06  1.639E-10  8.893E-17  1.489E+11  9.114E+12  3.543E+01  9.844E+06  0.48220160  3.603E-05  3.602E-05  9.628E-01  7.832E-06  1.990E-05  1.044E+00  238   28.0688  9.38E-03 2.5139E+01 3.6906E+01    7.54E+02 0.00E+00 2.52E+02  0.482185  0.202389 7.54E+02 0.00E+00 2.52E+02  0.482202  0.202395  0.0000000E+00  0.0000000E+00  2.9814231E-04  2.4961783E+00  8.9913219E-01  1.6181893E-03 -1.0631577E+00  3.7868964E-01  3.2252290E-01 0.000 0.651 1.000 1.000 1.000 1.000 1.000 1.000 1.000 1.000 1.000 1.000 1.000 1.000 1.000 1.000 1.000 1.000 1.000 1.000 1.000 1.000 1.000 1.000 1.000 1.000 1.000 1.000 1.000 1.000 1.000 1.000 1.000 1.000 1.000 1.000 1.000 1.000 1.000 1.000  1.0161338390E+00   0.78063   1.00000   0.00000   0.00000   0.1061998E-01
  1678  1.788066433246750E+06  43.279675  5.536062  4.647272  0.6621195E+00  0.3240272E+00  7.8665351E-06  4.9528001E-04  2.2173959E-05  6.6732942E-03  2.3563625E-03  3.3373900E-06  2.5051242E-06  2.0835170E-03  3.3910980E-05  0.6481    4.647272  -5.904  0.451434  7.616466  0.5603614E+00  0.4259673E+00  3.0801637E-08  7.5231718E-05  2.0594731E-05  8.9033549E-03  3.7467853E-04  8.2158074E-07  2.0353193E-09  2.0669790E-03  1.7800938E-06  1.690E-10  9.176E-17  1.504E+11  9.229E+12  3.581E+01  9.967E+06  0.48088248  3.587E-05  3.587E-05  9.631E-01  7.804E-06  1.979E-05  1.043E+00  239   28.0688  9.37E-03 2.5029E+01 3.6746E+01    7.54E+02 0.00E+00 2.51E+02  0.481006  0.202840 7.54E+02 0.00E+00 2.51E+02  0.480882  0.202846  0.0000000E+00  0.0000000E+00  3.2883597E-04  2.4948324E+00  8.9491313E-01  1.6044606E-03 -1.0622868E+00  3.7812036E-01  3.2279160E-01 0.000 0.651 1.000 1.000 1.000 1.000 1.000 1.000 1.000 1.000 1.000 1.000 1.000 1.000 1.000 1.000 1.000 1.000 1.000 1.000 1.000 1.000 1.000 1.000 1.000 1.000 1.000 1.000 1.000 1.000 1.000 1.000 1.000 1.000 1.000 1.000 1.000 1.000 1.000 1.000  1.0114460406E+00   0.77828   1.00000   0.00000   0.00000   0.1057924E-01
  1692  1.804005637675107E+06  43.259732  5.537007  4.647324  0.6613513E+00  0.3247973E+00  7.7715493E-06  4.8988840E-04  2.2165488E-05  6.6991152E-03  2.3341095E-03  3.3124035E-06  2.4733337E-06  2.0833883E-03  3.3504224E-05  0.6479    4.647324  -5.902  0.451585  7.616607  0.5586943E+00  0.4276350E+00  3.0492566E-08  7.5296601E-05  2.0612895E-05  8.9081930E-03  3.6905166E-04  8.0936827E-07  2.0001815E-09  2.0667198E-03  1.7833420E-06  1.681E-10  9.127E-17  1.499E+11  9.208E+12  3.568E+01  9.945E+06  0.47983627  3.573E-05  3.572E-05  9.632E-01  7.776E-06  1.968E-05  1.043E+00  238   28.0688  9.37E-03 2.4920E+01 3.6588E+01    7.53E+02 0.00E+00 2.50E+02  0.479817  0.203282 7.53E+02 0.00E+00 2.50E+02  0.479836  0.203289  0.0000000E+00  0.0000000E+00  3.2966736E-04  2.4936064E+00  8.9073458E-01  1.5901121E-03 -1.0614066E+00  3.7755187E-01  3.2304969E-01 0.000 0.651 1.000 1.000 1.000 1.000 1.000 1.000 1.000 1.000 1.000 1.000 1.000 1.000 1.000 1.000 1.000 1.000 1.000 1.000 1.000 1.000 1.000 1.000 1.000 1.000 1.000 1.000 1.000 1.000 1.000 1.000 1.000 1.000 1.000 1.000 1.000 1.000 1.000 1.000  1.0068359446E+00   0.77596   1.00000   0.00000   0.00000   0.1053934E-01
  1706  1.819944842103465E+06  43.239687  5.537982  4.647365  0.6605837E+00  0.3255669E+00  7.6785763E-06  4.8461012E-04  2.2157594E-05  6.7244926E-03  2.3122109E-03  3.2876750E-06  2.4422056E-06  2.0832600E-03  3.3105877E-05  0.6480    4.647365  -5.899  0.451750  7.616751  0.5570173E+00  0.4293127E+00  3.0065178E-08  7.5366165E-05  2.0632685E-05  8.9129467E-03  3.6351382E-04  7.9642315E-07  1.9533853E-09  2.0664590E-03  1.7862120E-06  1.674E-10  9.092E-17  1.485E+11  9.133E+12  3.535E+01  9.864E+06  0.47851050  3.556E-05  3.558E-05  9.635E-01  7.746E-06  1.956E-05  1.043E+00  238   28.0688  9.37E-03 2.4812E+01 3.6429E+01    7.53E+02 0.00E+00 2.49E+02  0.478637  0.203726 7.53E+02 0.00E+00 2.49E+02  0.478510  0.203745  0.0000000E+00  0.0000000E+00  3.3051142E-04  2.4924064E+00  8.8658002E-01  1.5758894E-03 -1.0605206E+00  3.7697991E-01  3.2330692E-01 0.000 0.652 1.000 1.000 1.000 1.000 1.000 1.000 1.000 1.000 1.000 1.000 1.000 1.000 1.000 1.000 1.000 1.000 1.000 1.000 1.000 1.000 1.000 1.000 1.000 1.000 1.000 1.000 1.000 1.000 1.000 1.000 1.000 1.000 1.000 1.000 1.000 1.000 1.000 1.000  1.0022139116E+00   0.77362   1.00000   0.00000   0.00000   0.1049646E-01
  1720  1.835884046531822E+06  43.219534  5.538955  4.647408  0.6598167E+00  0.3263358E+00  7.5875630E-06  4.7944212E-04  2.2150261E-05  6.7494357E-03  2.2906598E-03  3.2632042E-06  2.4117225E-06  2.0831319E-03  3.2715722E-05  0.6479    4.647408  -5.897  0.451914  7.616895  0.5553177E+00  0.4310129E+00  2.9464922E-08  7.5429550E-05  2.0652877E-05  8.9177526E-03  3.5792417E-04  7.8338498E-07  1.8620112E-09  2.0661946E-03  1.7871204E-06  1.654E-10  8.980E-17  1.469E+11  9.039E+12  3.496E+01  9.763E+06  0.47738063  3.541E-05  3.542E-05  9.636E-01  7.716E-06  1.946E-05  1.043E+00  239   27.9605  9.37E-03 2.4701E+01 3.6269E+01    7.52E+02 0.00E+00 2.48E+02  0.477511  0.204197 7.52E+02 0.00E+00 2.48E+02  0.477381  0.204203  0.0000000E+00  0.0000000E+00  3.3151319E-04  2.4912567E+00  8.8239903E-01  1.5615946E-03 -1.0596228E+00  3.7640216E-01  3.2356354E-01 0.000 0.649 1.000 1.000 1.000 1.000 1.000 1.000 1.000 1.000 1.000 1.000 1.000 1.000 1.000 1.000 1.000 1.000 1.000 1.000 1.000 1.000 1.000 1.000 1.000 1.000 1.000 1.000 1.000 1.000 1.000 1.000 1.000 1.000 1.000 1.000 1.000 1.000 1.000 1.000  9.9757854304E-01   0.77128   1.00000   0.00000   0.00000   0.1045467E-01
  1735  1.852506359721394E+06  43.198406  5.539930  4.647438  0.6590176E+00  0.3271368E+00  7.4946964E-06  4.7416780E-04  2.2143199E-05  6.7749909E-03  2.2685520E-03  3.2379632E-06  2.3806066E-06  2.0829987E-03  3.2317408E-05  0.6477    4.647438  -5.895  0.451990  7.617016  0.5535442E+00  0.4327871E+00  2.8380050E-08  7.5751588E-05  2.0743330E-05  8.9222056E-03  3.5231112E-04  7.6546367E-07  1.8063702E-09  2.0659186E-03  1.7903268E-06  1.593E-10  8.645E-17  1.425E+11  8.769E+12  3.392E+01  9.471E+06  0.47611194  3.525E-05  3.526E-05  9.639E-01  7.683E-06  1.934E-05  1.043E+00  240   27.9605  9.37E-03 2.4587E+01 3.6102E+01    7.52E+02 0.00E+00 2.48E+02  0.476239  0.204657 7.52E+02 0.00E+00 2.47E+02  0.476112  0.204664  0.0000000E+00  0.0000000E+00  2.9911890E-04  2.4903316E+00  8.7803537E-01  1.5473417E-03 -1.0586151E+00  3.7577384E-01  3.2381162E-01 0.000 0.650 1.000 1.000 1.000 1.000 1.000 1.000 1.000 1.000 1.000 1.000 1.000 1.000 1.000 1.000 1.000 1.000 1.000 1.000 1.000 1.000 1.000 1.000 1.000 1.000 1.000 1.000 1.000 1.000 1.000 1.000 1.000 1.000 1.000 1.000 1.000 1.000 1.000 1.000  9.9273163096E-01   0.76881   1.00000   0.00000   0.00000   0.1041283E-01
  1750  1.868798503676379E+06  43.177588  5.540904  4.647477  0.6582353E+00  0.3279210E+00  7.4056541E-06  4.6910958E-04  2.2136841E-05  6.7995940E-03  2.2472413E-03  3.2135002E-06  2.3507602E-06  2.0828684E-03  3.1935289E-05  0.6475    4.647477  -5.892  0.452222  7.617186  0.5518052E+00  0.4345267E+00  2.8817310E-08  7.5614157E-05  2.0704853E-05  8.9270523E-03  3.4701090E-04  7.5646906E-07  1.8263880E-09  2.0656479E-03  1.7946193E-06  1.643E-10  8.923E-17  1.456E+11  8.984E+12  3.466E+01  9.703E+06  0.47494045  3.510E-05  3.511E-05  9.640E-01  7.649E-06  1.923E-05  1.042E+00  239   27.9605  9.37E-03 2.4474E+01 3.5938E+01    7.51E+02 0.00E+00 2.47E+02  0.475096  0.205117 7.51E+02 0.00E+00 2.47E+02  0.474940  0.205125  0.0000000E+00  0.0000000E+00  3.2996409E-04  2.4888339E+00  8.7373769E-01  1.5329955E-03 -1.0577487E+00  3.7520044E-01  3.2409190E-01 0.000 0.650 1.000 1.000 1.000 1.000 1.000 1.000 1.000 1.000 1.000 1.000 1.000 1.000 1.000 1.000 1.000 1.000 1.000 1.000 1.000 1.000 1.000 1.000 1.000 1.000 1.000 1.000 1.000 1.000 1.000 1.000 1.000 1.000 1.000 1.000 1.000 1.000 1.000 1.000  9.8796846490E-01   0.76640   1.00000   0.00000   0.00000   0.1036892E-01
  1764  1.884578316060453E+06  43.157320  5.541842  4.647502  0.6574785E+00  0.3286796E+00  7.3212453E-06  4.6431348E-04  2.2131202E-05  6.8230089E-03  2.2269354E-03  3.1900708E-06  2.3224555E-06  2.0827425E-03  3.1572861E-05  0.6473    4.647502  -5.890  0.452384  7.617330  0.5501148E+00  0.4362177E+00  2.8504227E-08  7.5680814E-05  2.0723704E-05  8.9313273E-03  3.4202345E-04  7.4532307E-07  1.7959941E-09  2.0653847E-03  1.7990286E-06  1.635E-10  8.880E-17  1.450E+11  8.956E+12  3.451E+01  9.673E+06  0.47377455  3.495E-05  3.496E-05  9.642E-01  7.616E-06  1.911E-05  1.042E+00  239   27.9605  9.37E-03 2.4364E+01 3.5777E+01    7.50E+02 0.00E+00 2.46E+02  0.473904  0.205565 7.50E+02 0.00E+00 2.46E+02  0.473775  0.205572  0.0000000E+00  0.0000000E+00  3.3079702E-04  2.4876145E+00  8.6952933E-01  1.5188078E-03 -1.0568547E+00  3.7462476E-01  3.2434872E-01 0.000 0.650 1.000 1.000 1.000 1.000 1.000 1.000 1.000 1.000 1.000 1.000 1.000 1.000 1.000 1.000 1.000 1.000 1.000 1.000 1.000 1.000 1.000 1.000 1.000 1.000 1.000 1.000 1.000 1.000 1.000 1.000 1.000 1.000 1.000 1.000 1.000 1.000 1.000 1.000  9.8334280354E-01   0.76405   1.00000   0.00000   0.00000   0.1032623E-01
  1778  1.900358128444527E+06  43.136948  5.542783  4.647524  0.6567227E+00  0.3294371E+00  7.2385990E-06  4.5961642E-04  2.2126061E-05  6.8460231E-03  2.2069540E-03  3.1669020E-06  2.2947306E-06  2.0826170E-03  3.1217815E-05  0.6471    4.647524  -5.888  0.452548  7.617475  0.5484188E+00  0.4379143E+00  2.8168449E-08  7.5749473E-05  2.0743338E-05  8.9354876E-03  3.3716369E-04  7.3394683E-07  1.7642449E-09  2.0651205E-03  1.8037393E-06  1.630E-10  8.853E-17  1.442E+11  8.921E+12  3.433E+01  9.634E+06  0.47262080  3.480E-05  3.481E-05  9.644E-01  7.582E-06  1.900E-05  1.042E+00  239   27.9605  9.37E-03 2.4254E+01 3.5617E+01    7.50E+02 0.00E+00 2.45E+02  0.472751  0.206014 7.50E+02 0.00E+00 2.45E+02  0.472621  0.206021  0.0000000E+00  0.0000000E+00  3.3167061E-04  2.4863942E+00  8.6534381E-01  1.5047567E-03 -1.0559560E+00  3.7404654E-01  3.2460526E-01 0.000 0.651 1.000 1.000 1.000 1.000 1.000 1.000 1.000 1.000 1.000 1.000 1.000 1.000 1.000 1.000 1.000 1.000 1.000 1.000 1.000 1.000 1.000 1.000 1.000 1.000 1.000 1.000 1.000 1.000 1.000 1.000 1.000 1.000 1.000 1.000 1.000 1.000 1.000 1.000  9.7870479711E-01   0.76169   1.00000   0.00000   0.00000   0.1028317E-01
  1792  1.916137940828601E+06  43.116470  5.543758  4.647535  0.6559681E+00  0.3301935E+00  7.1576771E-06  4.5501621E-04  2.2121407E-05  6.8686429E-03  2.1872927E-03  3.1439947E-06  2.2675729E-06  2.0824918E-03  3.0869995E-05  0.6472    4.647535  -5.886  0.452731  7.617624  0.5467154E+00  0.4396183E+00  2.7857515E-08  7.5819274E-05  2.0763009E-05  8.9395527E-03  3.3241091E-04  7.2279663E-07  1.7398860E-09  2.0648551E-03  1.8085574E-06  1.605E-10  8.718E-17  1.433E+11  8.870E+12  3.410E+01  9.580E+06  0.47150725  3.464E-05  3.465E-05  9.646E-01  7.547E-06  1.889E-05  1.042E+00  239   27.9605  9.37E-03 2.4143E+01 3.5454E+01    7.49E+02 0.00E+00 2.44E+02  0.471658  0.206480 7.49E+02 0.00E+00 2.44E+02  0.471507  0.206488  0.0000000E+00  0.0000000E+00  3.3267653E-04  2.4851976E+00  8.6113576E-01  1.4913763E-03 -1.0550522E+00  3.7346534E-01  3.2486144E-01 0.000 0.651 1.000 1.000 1.000 1.000 1.000 1.000 1.000 1.000 1.000 1.000 1.000 1.000 1.000 1.000 1.000 1.000 1.000 1.000 1.000 1.000 1.000 1.000 1.000 1.000 1.000 1.000 1.000 1.000 1.000 1.000 1.000 1.000 1.000 1.000 1.000 1.000 1.000 1.000  9.7405413244E-01   0.75933   1.00000   0.00000   0.00000   0.1023645E-01
  1807  1.932368604995076E+06  43.095294  5.544734  4.647527  0.6551931E+00  0.3309703E+00  7.0761912E-06  4.5038269E-04  2.2117114E-05  6.8915075E-03  2.1673961E-03  3.1207030E-06  2.2402141E-06  2.0823634E-03  3.0519561E-05  0.6469    4.647527  -5.883  0.452819  7.617744  0.5449245E+00  0.4414098E+00  2.6389612E-08  7.6152466E-05  2.0859593E-05  8.9435483E-03  3.2729766E-04  7.0557643E-07  1.6151763E-09  2.0645758E-03  1.8102369E-06  1.549E-10  8.405E-17  1.372E+11  8.485E+12  3.265E+01  9.163E+06  0.47030675  3.448E-05  3.449E-05  9.648E-01  7.510E-06  1.878E-05  1.042E+00  240   27.8515  9.37E-03 2.4027E+01 3.5286E+01    7.49E+02 0.00E+00 2.43E+02  0.470544  0.206951 7.48E+02 0.00E+00 2.43E+02  0.470307  0.206957  0.0000000E+00  0.0000000E+00  3.0031343E-04  2.4844024E+00  8.5679850E-01  1.4766966E-03 -1.0540295E+00  3.7283210E-01  3.2510075E-01 0.000 0.649 1.000 1.000 1.000 1.000 1.000 1.000 1.000 1.000 1.000 1.000 1.000 1.000 1.000 1.000 1.000 1.000 1.000 1.000 1.000 1.000 1.000 1.000 1.000 1.000 1.000 1.000 1.000 1.000 1.000 1.000 1.000 1.000 1.000 1.000 1.000 1.000 1.000 1.000  9.6925640366E-01   0.75684   1.00000   0.00000   0.00000   0.1019014E-01
  1822  1.948700710812592E+06  43.073872  5.545709  4.647564  0.6544145E+00  0.3317506E+00  6.9959448E-06  4.4581835E-04  2.2113288E-05  6.9141111E-03  2.1477046E-03  3.0975424E-06  2.2132593E-06  2.0822346E-03  3.0174270E-05  0.6467    4.647564  -5.881  0.453083  7.617926  0.5431369E+00  0.4431979E+00  2.6942338E-08  7.5985757E-05  2.0811701E-05  8.9479797E-03  3.2252065E-04  6.9874337E-07  1.6429653E-09  2.0642970E-03  1.8153480E-06  1.595E-10  8.665E-17  1.410E+11  8.743E+12  3.355E+01  9.442E+06  0.46907060  3.433E-05  3.434E-05  9.650E-01  7.472E-06  1.866E-05  1.041E+00  240   27.8515  9.37E-03 2.3911E+01 3.5117E+01    7.48E+02 0.00E+00 2.42E+02  0.469201  0.207421 7.48E+02 0.00E+00 2.42E+02  0.469071  0.207428  0.0000000E+00  0.0000000E+00  3.3111336E-04  2.4828292E+00  8.5239943E-01  1.4623354E-03 -1.0531507E+00  3.7224861E-01  3.2538835E-01 0.000 0.649 1.000 1.000 1.000 1.000 1.000 1.000 1.000 1.000 1.000 1.000 1.000 1.000 1.000 1.000 1.000 1.000 1.000 1.000 1.000 1.000 1.000 1.000 1.000 1.000 1.000 1.000 1.000 1.000 1.000 1.000 1.000 1.000 1.000 1.000 1.000 1.000 1.000 1.000  9.6441585428E-01   0.75436   1.00000   0.00000   0.00000   0.1014630E-01
  1837  1.965438583234271E+06  43.051800  5.546707  4.647580  0.6536180E+00  0.3325488E+00  6.9154939E-06  4.4124098E-04  2.2109869E-05  6.9368600E-03  2.1278640E-03  3.0740976E-06  2.1862231E-06  2.0821030E-03  2.9827905E-05  0.6465    4.647580  -5.879  0.453271  7.618085  0.5412998E+00  0.4450356E+00  2.6620965E-08  7.6056663E-05  2.0831794E-05  8.9520282E-03  3.1778446E-04  6.8795540E-07  1.6155690E-09  2.0640104E-03  1.8211520E-06  1.591E-10  8.642E-17  1.403E+11  8.712E+12  3.339E+01  9.409E+06  0.46781133  3.416E-05  3.417E-05  9.652E-01  7.433E-06  1.854E-05  1.041E+00  240   27.8515  9.37E-03 2.3793E+01 3.4944E+01    7.47E+02 0.00E+00 2.42E+02  0.467945  0.207904 7.47E+02 0.00E+00 2.41E+02  0.467811  0.207912  0.0000000E+00  0.0000000E+00  3.3201713E-04  2.4815255E+00  8.4790865E-01  1.4475945E-03 -1.0521787E+00  3.7162435E-01  3.2566260E-01 0.000 0.649 1.000 1.000 1.000 1.000 1.000 1.000 1.000 1.000 1.000 1.000 1.000 1.000 1.000 1.000 1.000 1.000 1.000 1.000 1.000 1.000 1.000 1.000 1.000 1.000 1.000 1.000 1.000 1.000 1.000 1.000 1.000 1.000 1.000 1.000 1.000 1.000 1.000 1.000  9.5944158119E-01   0.75181   1.00000   0.00000   0.00000   0.1010152E-01
  1852  1.982176455655949E+06  43.029607  5.547707  4.647595  0.6528232E+00  0.3333454E+00  6.8368089E-06  4.3676263E-04  2.2106946E-05  6.9591961E-03  2.1083619E-03  3.0509462E-06  2.1597674E-06  2.0819717E-03  2.9488950E-05  0.6462    4.647595  -5.876  0.453462  7.618244  0.5394565E+00  0.4468794E+00  2.6285955E-08  7.6127746E-05  2.0852061E-05  8.9559580E-03  3.1318360E-04  6.7719069E-07  1.5865777E-09  2.0637227E-03  1.8273186E-06  1.581E-10  8.590E-17  1.395E+11  8.676E+12  3.321E+01  9.370E+06  0.46655117  3.400E-05  3.401E-05  9.654E-01  7.392E-06  1.842E-05  1.041E+00  239   27.8515  9.37E-03 2.3674E+01 3.4770E+01    7.47E+02 0.00E+00 2.41E+02  0.466683  0.208391 7.47E+02 0.00E+00 2.41E+02  0.466551  0.208398  0.0000000E+00  0.0000000E+00  3.3292502E-04  2.4802139E+00  8.4340474E-01  1.4328778E-03 -1.0512028E+00  3.7099775E-01  3.2593723E-01 0.000 0.650 1.000 1.000 1.000 1.000 1.000 1.000 1.000 1.000 1.000 1.000 1.000 1.000 1.000 1.000 1.000 1.000 1.000 1.000 1.000 1.000 1.000 1.000 1.000 1.000 1.000 1.000 1.000 1.000 1.000 1.000 1.000 1.000 1.000 1.000 1.000 1.000 1.000 1.000  9.5445378701E-01   0.74925   1.00000   0.00000   0.00000   0.1005362E-01
  1867  1.998914328077628E+06  43.007290  5.548751  4.647594  0.6520300E+00  0.3341403E+00  6.7598480E-06  4.3238090E-04  2.2104507E-05  6.9811268E-03  2.0891926E-03  3.0280877E-06  2.1338783E-06  2.0818410E-03  2.9157231E-05  0.6462    4.647594  -5.874  0.453686  7.618411  0.5375905E+00  0.4487460E+00  2.5527860E-08  7.6182022E-05  2.0871411E-05  8.9599344E-03  3.0855303E-04  6.6644753E-07  1.4522002E-09  2.0634313E-03  1.8318030E-06  1.557E-10  8.461E-17  1.366E+11  8.501E+12  3.251E+01  9.181E+06  0.46531777  3.383E-05  3.384E-05  9.656E-01  7.351E-06  1.830E-05  1.041E+00  241   27.7419  9.37E-03 2.3552E+01 3.4593E+01    7.46E+02 0.00E+00 2.40E+02  0.465452  0.208895 7.46E+02 0.00E+00 2.40E+02  0.465318  0.208908  0.0000000E+00  0.0000000E+00  3.3393031E-04  2.4789693E+00  8.3888071E-01  1.4188237E-03 -1.0502192E+00  3.7036627E-01  3.2621137E-01 0.000 0.648 1.000 1.000 1.000 1.000 1.000 1.000 1.000 1.000 1.000 1.000 1.000 1.000 1.000 1.000 1.000 1.000 1.000 1.000 1.000 1.000 1.000 1.000 1.000 1.000 1.000 1.000 1.000 1.000 1.000 1.000 1.000 1.000 1.000 1.000 1.000 1.000 1.000 1.000  9.4945160698E-01   0.74665   1.00000   0.00000   0.00000   0.1000287E-01
  1883  2.015629883336076E+06  42.984877  5.549756  4.647590  0.6512396E+00  0.3349324E+00  6.6846608E-06  4.2809861E-04  2.2102542E-05  7.0026338E-03  2.0703736E-03  3.0055487E-06  2.1085728E-06  2.0817108E-03  2.8832970E-05  0.6459    4.647590  -5.872  0.453822  7.618552  0.5357112E+00  0.4506258E+00  2.5049407E-08  7.6386059E-05  2.0929551E-05  8.9636622E-03  3.0396249E-04  6.5206269E-07  1.4821819E-09  2.0631377E-03  1.8368168E-06  1.555E-10  8.450E-17  1.351E+11  8.407E+12  3.214E+01  9.080E+06  0.46404458  3.366E-05  3.368E-05  9.658E-01  7.309E-06  1.818E-05  1.040E+00  241   27.7419  9.37E-03 2.3432E+01 3.4417E+01    7.45E+02 0.00E+00 2.39E+02  0.464164  0.209394 7.45E+02 0.00E+00 2.39E+02  0.464045  0.209401  0.0000000E+00  0.0000000E+00  3.3152347E-04  2.4779569E+00  8.3435097E-01  1.4039801E-03 -1.0491739E+00  3.6971238E-01  3.2646956E-01 0.000 0.648 1.000 1.000 1.000 1.000 1.000 1.000 1.000 1.000 1.000 1.000 1.000 1.000 1.000 1.000 1.000 1.000 1.000 1.000 1.000 1.000 1.000 1.000 1.000 1.000 1.000 1.000 1.000 1.000 1.000 1.000 1.000 1.000 1.000 1.000 1.000 1.000 1.000 1.000  9.4444128368E-01   0.74404   1.00000   0.00000   0.00000   0.9955614E-02
  1898  2.032200377033537E+06  42.962538  5.550740  4.647603  0.6504578E+00  0.3357159E+00  6.6117423E-06  4.2394399E-04  2.2101048E-05  7.0235700E-03  2.0520348E-03  2.9834913E-06  2.0840179E-06  2.0815821E-03  2.8518312E-05  0.6456    4.647603  -5.869  0.454067  7.618729  0.5338517E+00  0.4524858E+00  2.5107148E-08  7.6365798E-05  2.0920602E-05  8.9674633E-03  2.9966301E-04  6.4495493E-07  1.4780779E-09  2.0628471E-03  1.8431384E-06  1.553E-10  8.436E-17  1.363E+11  8.504E+12  3.245E+01  9.184E+06  0.46277139  3.350E-05  3.351E-05  9.660E-01  7.266E-06  1.806E-05  1.040E+00  240   27.7419  9.37E-03 2.3312E+01 3.4243E+01    7.45E+02 0.00E+00 2.38E+02  0.462906  0.209878 7.45E+02 0.00E+00 2.38E+02  0.462771  0.209885  0.0000000E+00  0.0000000E+00  3.3239675E-04  2.4764791E+00  8.2985828E-01  1.3895807E-03 -1.0482294E+00  3.6909583E-01  3.2675432E-01 0.000 0.648 1.000 1.000 1.000 1.000 1.000 1.000 1.000 1.000 1.000 1.000 1.000 1.000 1.000 1.000 1.000 1.000 1.000 1.000 1.000 1.000 1.000 1.000 1.000 1.000 1.000 1.000 1.000 1.000 1.000 1.000 1.000 1.000 1.000 1.000 1.000 1.000 1.000 1.000  9.3946128749E-01   0.74146   1.00000   0.00000   0.00000   0.9908979E-02
  1913  2.048770870730998E+06  42.940077  5.551731  4.647593  0.6496779E+00  0.3364974E+00  6.5403975E-06  4.1987743E-04  2.2099995E-05  7.0441303E-03  2.0340067E-03  2.9617181E-06  2.0599800E-06  2.0814540E-03  2.8210266E-05  0.6453    4.647593  -5.867  0.454271  7.618893  0.5319873E+00  0.4543507E+00  2.4796677E-08  7.6435207E-05  2.0940312E-05  8.9710107E-03  2.9550096E-04  6.3527955E-07  1.4537910E-09  2.0625556E-03  1.8500393E-06  1.544E-10  8.390E-17  1.356E+11  8.471E+12  3.228E+01  9.149E+06  0.46152446  3.334E-05  3.335E-05  9.662E-01  7.223E-06  1.794E-05  1.040E+00  240   27.7419  9.36E-03 2.3192E+01 3.4068E+01    7.44E+02 0.00E+00 2.37E+02  0.461650  0.210369 7.44E+02 0.00E+00 2.37E+02  0.461524  0.210375  0.0000000E+00  0.0000000E+00  3.3330771E-04  2.4751756E+00  8.2533902E-01  1.3750596E-03 -1.0472428E+00  3.6846371E-01  3.2702792E-01 0.000 0.649 1.000 1.000 1.000 1.000 1.000 1.000 1.000 1.000 1.000 1.000 1.000 1.000 1.000 1.000 1.000 1.000 1.000 1.000 1.000 1.000 1.000 1.000 1.000 1.000 1.000 1.000 1.000 1.000 1.000 1.000 1.000 1.000 1.000 1.000 1.000 1.000 1.000 1.000  9.3446776849E-01   0.73887   1.00000   0.00000   0.00000   0.9860187E-02
  1928  2.065341364428459E+06  42.917494  5.552747  4.647574  0.6489000E+00  0.3372769E+00  6.4705901E-06  4.1589688E-04  2.2099373E-05  7.0643215E-03  2.0162846E-03  2.9402282E-06  2.0364470E-06  2.0813262E-03  2.7908680E-05  0.6453    4.647574  -5.864  0.454493  7.619060  0.5301157E+00  0.4562228E+00  2.4463122E-08  7.6503515E-05  2.0959892E-05  8.9744619E-03  2.9145040E-04  6.2580723E-07  1.4242531E-09  2.0622629E-03  1.8571369E-06  1.535E-10  8.342E-17  1.344E+11  8.405E+12  3.199E+01  9.077E+06  0.46030129  3.317E-05  3.318E-05  9.664E-01  7.180E-06  1.782E-05  1.040E+00  240   27.7419  9.36E-03 2.3071E+01 3.3891E+01    7.43E+02 0.00E+00 2.36E+02  0.460469  0.210875 7.43E+02 0.00E+00 2.36E+02  0.460301  0.210880  0.0000000E+00  0.0000000E+00  3.3436743E-04  2.4738876E+00  8.2079974E-01  1.3605305E-03 -1.0462511E+00  3.6782870E-01  3.2730159E-01 0.000 0.649 1.000 1.000 1.000 1.000 1.000 1.000 1.000 1.000 1.000 1.000 1.000 1.000 1.000 1.000 1.000 1.000 1.000 1.000 1.000 1.000 1.000 1.000 1.000 1.000 1.000 1.000 1.000 1.000 1.000 1.000 1.000 1.000 1.000 1.000 1.000 1.000 1.000 1.000  9.2946035238E-01   0.73627   1.00000   0.00000   0.00000   0.9808735E-02
  1943  2.081690918209954E+06  42.895086  5.553748  4.647541  0.6481344E+00  0.3380441E+00  6.4031816E-06  4.1205149E-04  2.2099173E-05  7.0838893E-03  1.9990927E-03  2.9192998E-06  2.0137098E-06  2.0812007E-03  2.7617288E-05  0.6450    4.647541  -5.862  0.454665  7.619209  0.5282295E+00  0.4581095E+00  2.3461918E-08  7.6749721E-05  2.1028242E-05  8.9777657E-03  2.8727372E-04  6.1372501E-07  1.3389153E-09  2.0619676E-03  1.8612532E-06  1.467E-10  7.967E-17  1.304E+11  8.151E+12  3.104E+01  8.803E+06  0.45907377  3.300E-05  3.301E-05  9.666E-01  7.136E-06  1.771E-05  1.040E+00  241   27.6315  9.36E-03 2.2949E+01 3.3714E+01    7.42E+02 0.00E+00 2.35E+02  0.459203  0.211372 7.42E+02 0.00E+00 2.35E+02  0.459074  0.211379  0.0000000E+00  0.0000000E+00  3.0175739E-04  2.4728872E+00  8.1630835E-01  1.3467456E-03 -1.0452172E+00  3.6717976E-01  3.2755824E-01 0.000 0.647 1.000 1.000 1.000 1.000 1.000 1.000 1.000 1.000 1.000 1.000 1.000 1.000 1.000 1.000 1.000 1.000 1.000 1.000 1.000 1.000 1.000 1.000 1.000 1.000 1.000 1.000 1.000 1.000 1.000 1.000 1.000 1.000 1.000 1.000 1.000 1.000 1.000 1.000  9.2450418509E-01   0.73365   1.00000   0.00000   0.00000   0.9758136E-02
  1959  2.098393975856994E+06  42.872068  5.554749  4.647530  0.6473543E+00  0.3388257E+00  6.3357864E-06  4.0820514E-04  2.2099382E-05  7.1035237E-03  1.9818257E-03  2.8981995E-06  1.9909640E-06  2.0810728E-03  2.7325779E-05  0.6446    4.647530  -5.860  0.454916  7.619389  0.5263132E+00  0.4600262E+00  2.3648512E-08  7.6672818E-05  2.1008907E-05  8.9813755E-03  2.8328194E-04  6.0564352E-07  1.3537160E-09  2.0616676E-03  1.8685339E-06  1.514E-10  8.229E-17  1.324E+11  8.292E+12  3.151E+01  8.955E+06  0.45779612  3.284E-05  3.285E-05  9.668E-01  7.090E-06  1.759E-05  1.039E+00  241   27.6315  9.36E-03 2.2826E+01 3.3534E+01    7.42E+02 0.00E+00 2.34E+02  0.457956  0.211871 7.42E+02 0.00E+00 2.34E+02  0.457796  0.211880  0.0000000E+00  0.0000000E+00  3.3287265E-04  2.4714654E+00  8.1171555E-01  1.3322577E-03 -1.0442304E+00  3.6654154E-01  3.2784302E-01 0.000 0.647 1.000 1.000 1.000 1.000 1.000 1.000 1.000 1.000 1.000 1.000 1.000 1.000 1.000 1.000 1.000 1.000 1.000 1.000 1.000 1.000 1.000 1.000 1.000 1.000 1.000 1.000 1.000 1.000 1.000 1.000 1.000 1.000 1.000 1.000 1.000 1.000 1.000 1.000  9.1942702573E-01   0.73099   1.00000   0.00000   0.00000   0.9708565E-02
  1974  2.114798764617476E+06  42.849337  5.555728  4.647509  0.6465903E+00  0.3395911E+00  6.2710158E-06  4.0450687E-04  2.2099985E-05  7.1224610E-03  1.9651559E-03  2.8777527E-06  1.9690908E-06  2.0809478E-03  2.7045452E-05  0.6443    4.647509  -5.857  0.455133  7.619556  0.5244269E+00  0.4619129E+00  2.3383736E-08  7.6736557E-05  2.1026634E-05  8.9845857E-03  2.7951395E-04  5.9738866E-07  1.3349410E-09  2.0613721E-03  1.8760275E-06  1.507E-10  8.194E-17  1.319E+11  8.271E+12  3.139E+01  8.932E+06  0.45653659  3.267E-05  3.268E-05  9.670E-01  7.045E-06  1.747E-05  1.039E+00  242   27.6315  9.36E-03 2.2705E+01 3.3358E+01    7.41E+02 0.00E+00 2.33E+02  0.456784  0.212365 7.41E+02 0.00E+00 2.33E+02  0.456537  0.212372  0.0000000E+00  0.0000000E+00  3.3383864E-04  2.4701716E+00  8.0719447E-01  1.3179827E-03 -1.0432331E+00  3.6590384E-01  3.2811560E-01 0.000 0.647 1.000 1.000 1.000 1.000 1.000 1.000 1.000 1.000 1.000 1.000 1.000 1.000 1.000 1.000 1.000 1.000 1.000 1.000 1.000 1.000 1.000 1.000 1.000 1.000 1.000 1.000 1.000 1.000 1.000 1.000 1.000 1.000 1.000 1.000 1.000 1.000 1.000 1.000  9.1442712331E-01   0.72837   1.00000   0.00000   0.00000   0.9659115E-02
  1989  2.131203553377958E+06  42.826484  5.556711  4.647489  0.6458287E+00  0.3403543E+00  6.2076230E-06  4.0088554E-04  2.2100974E-05  7.1410607E-03  1.9487682E-03  2.8575792E-06  1.9476698E-06  2.0808232E-03  2.6770923E-05  0.6440    4.647489  -5.855  0.455353  7.619724  0.5225342E+00  0.4638060E+00  2.3081670E-08  7.6803729E-05  2.1045734E-05  8.9876956E-03  2.7585469E-04  5.8884728E-07  1.3120056E-09  2.0610755E-03  1.8837874E-06  1.503E-10  8.169E-17  1.312E+11  8.235E+12  3.122E+01  8.893E+06  0.45525930  3.250E-05  3.252E-05  9.672E-01  7.000E-06  1.735E-05  1.039E+00  243   27.6315  9.36E-03 2.2584E+01 3.3181E+01    7.40E+02 0.00E+00 2.32E+02  0.455508  0.212862 7.40E+02 0.00E+00 2.32E+02  0.455259  0.212868  0.0000000E+00  0.0000000E+00  3.3472469E-04  2.4688721E+00  8.0266209E-01  1.3037408E-03 -1.0422313E+00  3.6526367E-01  3.2838857E-01 0.000 0.648 1.000 1.000 1.000 1.000 1.000 1.000 1.000 1.000 1.000 1.000 1.000 1.000 1.000 1.000 1.000 1.000 1.000 1.000 1.000 1.000 1.000 1.000 1.000 1.000 1.000 1.000 1.000 1.000 1.000 1.000 1.000 1.000 1.000 1.000 1.000 1.000 1.000 1.000  9.0941389209E-01   0.72574   1.00000   0.00000   0.00000   0.9610042E-02
  2004  2.147608342138441E+06  42.803502  5.557750  4.647447  0.6450693E+00  0.3411151E+00  6.1455728E-06  3.9733913E-04  2.2102341E-05  7.1593299E-03  1.9326570E-03  2.8376758E-06  1.9266895E-06  2.0806991E-03  2.6502045E-05  0.6438    4.647447  -5.852  0.455610  7.619900  0.5206037E+00  0.4657370E+00  2.2546629E-08  7.6864636E-05  2.1064337E-05  8.9909447E-03  2.7204559E-04  5.8003445E-07  1.2413214E-09  2.0607727E-03  1.8888290E-06  1.485E-10  8.074E-17  1.292E+11  8.117E+12  3.076E+01  8.766E+06  0.45404064  3.233E-05  3.235E-05  9.674E-01  6.954E-06  1.723E-05  1.039E+00  244   27.5204  9.36E-03 2.2459E+01 3.2999E+01    7.40E+02 0.00E+00 2.32E+02  0.454292  0.213387 7.40E+02 0.00E+00 2.31E+02  0.454041  0.213394  0.0000000E+00  0.0000000E+00  3.3579187E-04  2.4676972E+00  7.9810069E-01  1.2900950E-03 -1.0412138E+00  3.6461481E-01  3.2865999E-01 0.000 0.646 1.000 1.000 1.000 1.000 1.000 1.000 1.000 1.000 1.000 1.000 1.000 1.000 1.000 1.000 1.000 1.000 1.000 1.000 1.000 1.000 1.000 1.000 1.000 1.000 1.000 1.000 1.000 1.000 1.000 1.000 1.000 1.000 1.000 1.000 1.000 1.000 1.000 1.000  9.0438569602E-01   0.72306   1.00000   0.00000   0.00000   0.9555835E-02
  2020  2.164122496157327E+06  42.780239  5.558727  4.647401  0.6443073E+00  0.3418786E+00  6.0844354E-06  3.9384307E-04  2.2104089E-05  7.1773929E-03  1.9167135E-03  2.8179112E-06  1.9060044E-06  2.0805747E-03  2.6236956E-05  0.6434    4.647401  -5.850  0.455729  7.620035  0.5186641E+00  0.4676770E+00  2.1563215E-08  7.7225841E-05  2.1166824E-05  8.9936051E-03  2.6841004E-04  5.6659446E-07  1.2096400E-09  2.0604684E-03  1.8967024E-06  1.429E-10  7.763E-17  1.246E+11  7.822E+12  2.967E+01  8.447E+06  0.45270926  3.216E-05  3.217E-05  9.676E-01  6.907E-06  1.711E-05  1.038E+00  245   27.5204  9.36E-03 2.2336E+01 3.2819E+01    7.39E+02 0.00E+00 2.31E+02  0.452947  0.213886 7.39E+02 0.00E+00 2.30E+02  0.452709  0.213892  0.0000000E+00  0.0000000E+00  3.0296920E-04  2.4668333E+00  7.9350959E-01  1.2755836E-03 -1.0401016E+00  3.6393113E-01  3.2890800E-01 0.000 0.646 1.000 1.000 1.000 1.000 1.000 1.000 1.000 1.000 1.000 1.000 1.000 1.000 1.000 1.000 1.000 1.000 1.000 1.000 1.000 1.000 1.000 1.000 1.000 1.000 1.000 1.000 1.000 1.000 1.000 1.000 1.000 1.000 1.000 1.000 1.000 1.000 1.000 1.000  8.9931008812E-01   0.72037   1.00000   0.00000   0.00000   0.9506438E-02
  2035  2.180264808297642E+06  42.757377  5.559696  4.647395  0.6435648E+00  0.3426225E+00  6.0259293E-06  3.9049569E-04  2.2106152E-05  7.1947375E-03  1.9013906E-03  2.7988522E-06  1.8861967E-06  2.0804536E-03  2.5983118E-05  0.6431    4.647395  -5.848  0.456050  7.620236  0.5167671E+00  0.4695744E+00  2.2038682E-08  7.7033337E-05  2.1111498E-05  8.9968599E-03  2.6501829E-04  5.6295287E-07  1.2282159E-09  2.0601706E-03  1.9046316E-06  1.471E-10  7.999E-17  1.283E+11  8.073E+12  3.053E+01  8.719E+06  0.45140945  3.200E-05  3.201E-05  9.678E-01  6.860E-06  1.699E-05  1.038E+00  244   27.5204  9.36E-03 2.2214E+01 3.2641E+01    7.38E+02 0.00E+00 2.30E+02  0.451550  0.214380 7.38E+02 0.00E+00 2.30E+02  0.451409  0.214387  0.0000000E+00  0.0000000E+00  3.3400056E-04  2.4652133E+00  7.8898916E-01  1.2617331E-03 -1.0391726E+00  3.6331739E-01  3.2920115E-01 0.000 0.646 1.000 1.000 1.000 1.000 1.000 1.000 1.000 1.000 1.000 1.000 1.000 1.000 1.000 1.000 1.000 1.000 1.000 1.000 1.000 1.000 1.000 1.000 1.000 1.000 1.000 1.000 1.000 1.000 1.000 1.000 1.000 1.000 1.000 1.000 1.000 1.000 1.000 1.000  8.9433610845E-01   0.71773   1.00000   0.00000   0.00000   0.9458768E-02
  2050  2.196505549170520E+06  42.734252  5.560664  4.647349  0.6428204E+00  0.3433682E+00  5.9683063E-06  3.8719701E-04  2.2108574E-05  7.2118780E-03  1.8862354E-03  2.7799403E-06  1.8666751E-06  2.0803322E-03  2.5732955E-05  0.6428    4.647349  -5.845  0.456289  7.620408  0.5148367E+00  0.4715052E+00  2.1428490E-08  7.7086926E-05  2.1129659E-05  8.9997849E-03  2.6158901E-04  5.5512511E-07  1.1283291E-09  2.0598674E-03  1.9114794E-06  1.458E-10  7.930E-17  1.269E+11  7.991E+12  3.019E+01  8.631E+06  0.45013739  3.183E-05  3.184E-05  9.680E-01  6.813E-06  1.688E-05  1.038E+00  247   27.4086  9.36E-03 2.2091E+01 3.2462E+01    7.37E+02 0.00E+00 2.29E+02  0.450280  0.214877 7.37E+02 0.00E+00 2.29E+02  0.450137  0.214885  0.0000000E+00  0.0000000E+00  3.3488082E-04  2.4639722E+00  7.8444504E-01  1.2476872E-03 -1.0381556E+00  3.6266941E-01  3.2947196E-01 0.000 0.644 1.000 1.000 1.000 1.000 1.000 1.000 1.000 1.000 1.000 1.000 1.000 1.000 1.000 1.000 1.000 1.000 1.000 1.000 1.000 1.000 1.000 1.000 1.000 1.000 1.000 1.000 1.000 1.000 1.000 1.000 1.000 1.000 1.000 1.000 1.000 1.000 1.000 1.000  8.8931880596E-01   0.71506   1.00000   0.00000   0.00000   0.9408217E-02
  2065  2.212746290043397E+06  42.710998  5.561690  4.647273  0.6420786E+00  0.3441114E+00  5.9118851E-06  3.8396527E-04  2.2111334E-05  7.2287172E-03  1.8713341E-03  2.7612858E-06  1.8475475E-06  2.0802114E-03  2.5487853E-05  0.6424    4.647273  -5.843  0.456552  7.620586  0.5128865E+00  0.4734557E+00  2.1300655E-08  7.7162062E-05  2.1148907E-05  9.0026755E-03  2.5816902E-04  5.4714750E-07  1.1544018E-09  2.0595610E-03  1.9179217E-06  1.450E-10  7.887E-17  1.260E+11  7.943E+12  2.999E+01  8.579E+06  0.44908634  3.167E-05  3.167E-05  9.681E-01  6.766E-06  1.676E-05  1.038E+00  247   27.4086  9.36E-03 2.1965E+01 3.2278E+01    7.37E+02 0.00E+00 2.28E+02  0.449094  0.215405 7.37E+02 0.00E+00 2.28E+02  0.449086  0.215413  0.0000000E+00  0.0000000E+00  3.3597138E-04  2.4628068E+00  7.7986302E-01  1.2342277E-03 -1.0371246E+00  3.6201356E-01  3.2974179E-01 0.000 0.644 1.000 1.000 1.000 1.000 1.000 1.000 1.000 1.000 1.000 1.000 1.000 1.000 1.000 1.000 1.000 1.000 1.000 1.000 1.000 1.000 1.000 1.000 1.000 1.000 1.000 1.000 1.000 1.000 1.000 1.000 1.000 1.000 1.000 1.000 1.000 1.000 1.000 1.000  8.8428596650E-01   0.71234   1.00000   0.00000   0.00000   0.9350860E-02
  2080  2.228987030916275E+06  42.687617  5.562652  4.647214  0.6413394E+00  0.3448519E+00  5.8566492E-06  3.8079954E-04  2.2114426E-05  7.2452575E-03  1.8566853E-03  2.7428902E-06  1.8288086E-06  2.0800911E-03  2.5247746E-05  0.6420    4.647214  -5.841  0.456792  7.620760  0.5109325E+00  0.4754101E+00  2.1031196E-08  7.7229350E-05  2.1168036E-05  9.0054548E-03  2.5488652E-04  5.3948650E-07  1.1361607E-09  2.0592538E-03  1.9254880E-06  1.444E-10  7.852E-17  1.254E+11  7.913E+12  2.985E+01  8.546E+06  0.44780962  3.150E-05  3.150E-05  9.683E-01  6.718E-06  1.664E-05  1.038E+00  248   27.4086  9.36E-03 2.1841E+01 3.2097E+01    7.36E+02 0.00E+00 2.27E+02  0.447818  0.215904 7.36E+02 0.00E+00 2.27E+02  0.447810  0.215912  0.0000000E+00  0.0000000E+00  3.3684909E-04  2.4615734E+00  7.7528689E-01  1.2202169E-03 -1.0360919E+00  3.6135719E-01  3.3001357E-01 0.000 0.645 1.000 1.000 1.000 1.000 1.000 1.000 1.000 1.000 1.000 1.000 1.000 1.000 1.000 1.000 1.000 1.000 1.000 1.000 1.000 1.000 1.000 1.000 1.000 1.000 1.000 1.000 1.000 1.000 1.000 1.000 1.000 1.000 1.000 1.000 1.000 1.000 1.000 1.000  8.7923905218E-01   0.70963   1.00000   0.00000   0.00000   0.9299196E-02
  2096  2.245173635986245E+06  42.664189  5.563614  4.647149  0.6406056E+00  0.3455870E+00  5.8027547E-06  3.7770878E-04  2.2117831E-05  7.2614494E-03  1.8423335E-03  2.7248127E-06  1.8105117E-06  2.0799717E-03  2.5013316E-05  0.6416    4.647149  -5.838  0.457011  7.620927  0.5089819E+00  0.4773611E+00  2.0658179E-08  7.7345907E-05  2.1202006E-05  9.0080536E-03  2.5172766E-04  5.3053064E-07  1.1227278E-09  2.0589470E-03  1.9344518E-06  1.433E-10  7.795E-17  1.242E+11  7.839E+12  2.956E+01  8.466E+06  0.44652974  3.133E-05  3.133E-05  9.685E-01  6.670E-06  1.653E-05  1.037E+00  248   27.4086  9.36E-03 2.1717E+01 3.1916E+01    7.35E+02 0.00E+00 2.26E+02  0.446533  0.216405 7.35E+02 0.00E+00 2.26E+02  0.446530  0.216413  0.0000000E+00  0.0000000E+00  3.3434759E-04  2.4604232E+00  7.7071411E-01  1.2062423E-03 -1.0350404E+00  3.6069470E-01  3.3027822E-01 0.000 0.645 1.000 1.000 1.000 1.000 1.000 1.000 1.000 1.000 1.000 1.000 1.000 1.000 1.000 1.000 1.000 1.000 1.000 1.000 1.000 1.000 1.000 1.000 1.000 1.000 1.000 1.000 1.000 1.000 1.000 1.000 1.000 1.000 1.000 1.000 1.000 1.000 1.000 1.000  8.7419607704E-01   0.70692   1.00000   0.00000   0.00000   0.9247304E-02
  2111  2.261251969450393E+06  42.640793  5.564606  4.647072  0.6398795E+00  0.3463145E+00  5.7503325E-06  3.7470055E-04  2.2121527E-05  7.2772504E-03  1.8283173E-03  2.7071054E-06  1.7927017E-06  2.0798537E-03  2.4785140E-05  0.6414    4.647072  -5.836  0.457286  7.621109  0.5070379E+00  0.4793055E+00  2.0492204E-08  7.7392931E-05  2.1213875E-05  9.0106366E-03  2.4870392E-04  5.2451770E-07  1.1167776E-09  2.0586410E-03  1.9430865E-06  1.416E-10  7.707E-17  1.241E+11  7.842E+12  2.953E+01  8.469E+06  0.44519923  3.115E-05  3.116E-05  9.687E-01  6.622E-06  1.641E-05  1.037E+00  247   27.4086  9.36E-03 2.1593E+01 3.1736E+01    7.34E+02 0.00E+00 2.25E+02  0.445450  0.216923 7.34E+02 0.00E+00 2.25E+02  0.445199  0.216930  0.0000000E+00  0.0000000E+00  3.3545966E-04  2.4591682E+00  7.6618001E-01  1.1925048E-03 -1.0340194E+00  3.6004348E-01  3.3054988E-01 0.000 0.645 1.000 1.000 1.000 1.000 1.000 1.000 1.000 1.000 1.000 1.000 1.000 1.000 1.000 1.000 1.000 1.000 1.000 1.000 1.000 1.000 1.000 1.000 1.000 1.000 1.000 1.000 1.000 1.000 1.000 1.000 1.000 1.000 1.000 1.000 1.000 1.000 1.000 1.000  8.6917298174E-01   0.70422   1.00000   0.00000   0.00000   0.9191551E-02
  2126  2.277330302914542E+06  42.617265  5.565584  4.646997  0.6391561E+00  0.3470391E+00  5.6989877E-06  3.7175221E-04  2.2125527E-05  7.2927766E-03  1.8145342E-03  2.6896426E-06  1.7752447E-06  2.0797362E-03  2.4561504E-05  0.6409    4.646997  -5.834  0.457553  7.621289  0.5050502E+00  0.4812935E+00  2.0064216E-08  7.7454687E-05  2.1232298E-05  9.0133385E-03  2.4551789E-04  5.1717392E-07  1.0661093E-09  2.0583279E-03  1.9492447E-06  1.414E-10  7.696E-17  1.227E+11  7.753E+12  2.919E+01  8.374E+06  0.44392945  3.098E-05  3.099E-05  9.689E-01  6.573E-06  1.629E-05  1.037E+00  250   27.2961  9.36E-03 2.1467E+01 3.1552E+01    7.34E+02 0.00E+00 2.24E+02  0.444185  0.217436 7.34E+02 0.00E+00 2.24E+02  0.443929  0.217443  0.0000000E+00  0.0000000E+00  3.3638323E-04  2.4580366E+00  7.6161083E-01  1.1793373E-03 -1.0329740E+00  3.5938048E-01  3.3081880E-01 0.000 0.643 1.000 1.000 1.000 1.000 1.000 1.000 1.000 1.000 1.000 1.000 1.000 1.000 1.000 1.000 1.000 1.000 1.000 1.000 1.000 1.000 1.000 1.000 1.000 1.000 1.000 1.000 1.000 1.000 1.000 1.000 1.000 1.000 1.000 1.000 1.000 1.000 1.000 1.000  8.6413482433E-01   0.70146   1.00000   0.00000   0.00000   0.9138513E-02
  2141  2.293408636378690E+06  42.593612  5.566536  4.646928  0.6384356E+00  0.3477608E+00  5.6487093E-06  3.6886316E-04  2.2129827E-05  7.3080292E-03  1.8009839E-03  2.6724260E-06  1.7581374E-06  2.0796193E-03  2.4342365E-05  0.6405    4.646928  -5.831  0.457807  7.621467  0.5030750E+00  0.4832690E+00  1.9847048E-08  7.7522273E-05  2.1251176E-05  9.0158211E-03  2.4257370E-04  5.1029261E-07  1.0595314E-09  2.0580167E-03  1.9577352E-06  1.408E-10  7.665E-17  1.223E+11  7.738E+12  2.911E+01  8.357E+06  0.44262757  3.081E-05  3.082E-05  9.691E-01  6.525E-06  1.618E-05  1.037E+00  249   27.2961  9.36E-03 2.1342E+01 3.1370E+01    7.33E+02 0.00E+00 2.23E+02  0.442881  0.217939 7.33E+02 0.00E+00 2.23E+02  0.442628  0.217946  0.0000000E+00  0.0000000E+00  3.3722059E-04  2.4568195E+00  7.5703547E-01  1.1655938E-03 -1.0319302E+00  3.5871849E-01  3.3108935E-01 0.000 0.643 1.000 1.000 1.000 1.000 1.000 1.000 1.000 1.000 1.000 1.000 1.000 1.000 1.000 1.000 1.000 1.000 1.000 1.000 1.000 1.000 1.000 1.000 1.000 1.000 1.000 1.000 1.000 1.000 1.000 1.000 1.000 1.000 1.000 1.000 1.000 1.000 1.000 1.000  8.5908386833E-01   0.69872   1.00000   0.00000   0.00000   0.9086392E-02
  2157  2.309915725401883E+06  42.569198  5.567514  4.646840  0.6376992E+00  0.3484985E+00  5.5981759E-06  3.6595740E-04  2.2134546E-05  7.3234087E-03  1.7873105E-03  2.6550046E-06  1.7409296E-06  2.0794999E-03  2.4121961E-05  0.6400    4.646840  -5.829  0.457971  7.621618  0.5010443E+00  0.4853001E+00  1.8909919E-08  7.7870988E-05  2.1349683E-05  9.0178597E-03  2.3966769E-04  4.9968474E-07  1.0186582E-09  2.0576966E-03  1.9676412E-06  1.349E-10  7.336E-17  1.176E+11  7.432E+12  2.799E+01  8.027E+06  0.44125468  3.062E-05  3.064E-05  9.693E-01  6.474E-06  1.606E-05  1.037E+00  249   27.2961  9.36E-03 2.1214E+01 3.1182E+01    7.32E+02 0.00E+00 2.22E+02  0.441416  0.218456 7.32E+02 0.00E+00 2.22E+02  0.441255  0.218464  0.0000000E+00  0.0000000E+00  3.0418662E-04  2.4559267E+00  7.5232349E-01  1.1513820E-03 -1.0307772E+00  3.5800996E-01  3.3134235E-01 0.000 0.644 1.000 1.000 1.000 1.000 1.000 1.000 1.000 1.000 1.000 1.000 1.000 1.000 1.000 1.000 1.000 1.000 1.000 1.000 1.000 1.000 1.000 1.000 1.000 1.000 1.000 1.000 1.000 1.000 1.000 1.000 1.000 1.000 1.000 1.000 1.000 1.000 1.000 1.000  8.5388512380E-01   0.69590   1.00000   0.00000   0.00000   0.9033534E-02
  2173  2.326508565536889E+06  42.544516  5.568565  4.646757  0.6369619E+00  0.3492369E+00  5.5484502E-06  3.6309596E-04  2.2139595E-05  7.3385918E-03  1.7738017E-03  2.6377449E-06  1.7239830E-06  2.0793804E-03  2.3904925E-05  0.6396    4.646757  -5.826  0.458368  7.621841  0.4989612E+00  0.4873835E+00  1.9086454E-08  7.7683023E-05  2.1297530E-05  9.0208115E-03  2.3661259E-04  4.9581279E-07  9.9439318E-10  2.0573680E-03  1.9749366E-06  1.385E-10  7.538E-17  1.197E+11  7.582E+12  2.850E+01  8.188E+06  0.43998752  3.045E-05  3.046E-05  9.695E-01  6.423E-06  1.594E-05  1.036E+00  251   27.1829  9.36E-03 2.1081E+01 3.0989E+01    7.31E+02 0.00E+00 2.21E+02  0.440126  0.219015 7.31E+02 0.00E+00 2.21E+02  0.439988  0.219022  0.0000000E+00  0.0000000E+00  3.3564893E-04  2.4544702E+00  7.4756016E-01  1.1380188E-03 -1.0297490E+00  3.5733962E-01  3.3164191E-01 0.000 0.642 1.000 1.000 1.000 1.000 1.000 1.000 1.000 1.000 1.000 1.000 1.000 1.000 1.000 1.000 1.000 1.000 1.000 1.000 1.000 1.000 1.000 1.000 1.000 1.000 1.000 1.000 1.000 1.000 1.000 1.000 1.000 1.000 1.000 1.000 1.000 1.000 1.000 1.000  8.4864360733E-01   0.69300   1.00000   0.00000   0.00000   0.8974407E-02
  2188  2.342426115666402E+06  42.520708  5.569506  4.646679  0.6362579E+00  0.3499422E+00  5.5017453E-06  3.6040632E-04  2.2144719E-05  7.3528980E-03  1.7610639E-03  2.6214270E-06  1.7080528E-06  2.0792663E-03  2.3700927E-05  0.6392    4.646679  -5.824  0.458630  7.622021  0.4969692E+00  0.4893758E+00  1.8915318E-08  7.7750535E-05  2.1316187E-05  9.0231080E-03  2.3388079E-04  4.8956743E-07  9.9602074E-10  2.0570536E-03  1.9836682E-06  1.382E-10  7.525E-17  1.196E+11  7.582E+12  2.847E+01  8.188E+06  0.43866711  3.028E-05  3.029E-05  9.697E-01  6.374E-06  1.582E-05  1.036E+00  251   27.1829  9.36E-03 2.0956E+01 3.0806E+01    7.30E+02 0.00E+00 2.20E+02  0.438806  0.219518 7.30E+02 0.00E+00 2.20E+02  0.438667  0.219525  0.0000000E+00  0.0000000E+00  3.3644886E-04  2.4532896E+00  7.4299760E-01  1.1245071E-03 -1.0286953E+00  3.5667326E-01  3.3191025E-01 0.000 0.642 1.000 1.000 1.000 1.000 1.000 1.000 1.000 1.000 1.000 1.000 1.000 1.000 1.000 1.000 1.000 1.000 1.000 1.000 1.000 1.000 1.000 1.000 1.000 1.000 1.000 1.000 1.000 1.000 1.000 1.000 1.000 1.000 1.000 1.000 1.000 1.000 1.000 1.000  8.4360221766E-01   0.69024   1.00000   0.00000   0.00000   0.8922941E-02
  2203  2.358343665795915E+06  42.496775  5.570451  4.646600  0.6355570E+00  0.3506443E+00  5.4559959E-06  3.5776970E-04  2.2150113E-05  7.3669550E-03  1.7485393E-03  2.6053410E-06  1.6924356E-06  2.0791528E-03  2.3500960E-05  0.6387    4.646600  -5.822  0.458895  7.622202  0.4949749E+00  0.4913704E+00  1.8674717E-08  7.7815526E-05  2.1334501E-05  9.0253059E-03  2.3126542E-04  4.8345062E-07  9.8386300E-10  2.0567387E-03  1.9930488E-06  1.373E-10  7.475E-17  1.191E+11  7.553E+12  2.834E+01  8.157E+06  0.43734262  3.011E-05  3.012E-05  9.699E-01  6.325E-06  1.571E-05  1.036E+00  250   27.1829  9.36E-03 2.0831E+01 3.0623E+01    7.30E+02 0.00E+00 2.19E+02  0.437484  0.220026 7.30E+02 0.00E+00 2.19E+02  0.437343  0.220033  0.0000000E+00  0.0000000E+00  3.3725761E-04  2.4520852E+00  7.3842479E-01  1.1110474E-03 -1.0276409E+00  3.5600575E-01  3.3217899E-01 0.000 0.642 1.000 1.000 1.000 1.000 1.000 1.000 1.000 1.000 1.000 1.000 1.000 1.000 1.000 1.000 1.000 1.000 1.000 1.000 1.000 1.000 1.000 1.000 1.000 1.000 1.000 1.000 1.000 1.000 1.000 1.000 1.000 1.000 1.000 1.000 1.000 1.000 1.000 1.000  8.3854870153E-01   0.68747   1.00000   0.00000   0.00000   0.8871080E-02
  2218  2.374261215925429E+06  42.472713  5.571458  4.646509  0.6348592E+00  0.3513431E+00  5.4111823E-06  3.5518499E-04  2.2155770E-05  7.3807671E-03  1.7362246E-03  2.5894851E-06  1.6771249E-06  2.0790400E-03  2.3304942E-05  0.6384    4.646509  -5.819  0.459204  7.622391  0.4929551E+00  0.4933904E+00  1.8142921E-08  7.7871197E-05  2.1352134E-05  9.0275469E-03  2.2861414E-04  4.7730861E-07  9.0651695E-10  2.0564195E-03  2.0012968E-06  1.353E-10  7.368E-17  1.168E+11  7.407E+12  2.779E+01  7.999E+06  0.43604975  2.993E-05  2.995E-05  9.701E-01  6.276E-06  1.559E-05  1.036E+00  253   27.0689  9.36E-03 2.0703E+01 3.0436E+01    7.29E+02 0.00E+00 2.18E+02  0.436230  0.220568 7.29E+02 0.00E+00 2.18E+02  0.436050  0.220575  0.0000000E+00  0.0000000E+00  3.3826988E-04  2.4509962E+00  7.3383655E-01  1.0982151E-03 -1.0265742E+00  3.5533166E-01  3.3244613E-01 0.000 0.640 1.000 1.000 1.000 1.000 1.000 1.000 1.000 1.000 1.000 1.000 1.000 1.000 1.000 1.000 1.000 1.000 1.000 1.000 1.000 1.000 1.000 1.000 1.000 1.000 1.000 1.000 1.000 1.000 1.000 1.000 1.000 1.000 1.000 1.000 1.000 1.000 1.000 1.000  8.3348230895E-01   0.68466   1.00000   0.00000   0.00000   0.8815281E-02
  2234  2.390146930954683E+06  42.448567  5.572402  4.646424  0.6341661E+00  0.3520374E+00  5.3673651E-06  3.5265570E-04  2.2161674E-05  7.3943134E-03  1.7241388E-03  2.5738858E-06  1.6621417E-06  2.0789279E-03  2.3113142E-05  0.6378    4.646424  -5.817  0.459434  7.622560  0.4909245E+00  0.4954214E+00  1.7884310E-08  7.8029883E-05  2.1398097E-05  9.0296068E-03  2.2599951E-04  4.6911966E-07  9.3181855E-10  2.0560985E-03  2.0105193E-06  1.352E-10  7.364E-17  1.161E+11  7.364E+12  2.763E+01  7.953E+06  0.43468299  2.976E-05  2.977E-05  9.703E-01  6.226E-06  1.548E-05  1.035E+00  252   27.0689  9.36E-03 2.0576E+01 3.0252E+01    7.28E+02 0.00E+00 2.17E+02  0.434811  0.221080 7.28E+02 0.00E+00 2.17E+02  0.434683  0.221087  0.0000000E+00  0.0000000E+00  3.3559224E-04  2.4500331E+00  7.2925680E-01  1.0847708E-03 -1.0254647E+00  3.5464249E-01  3.3270243E-01 0.000 0.640 1.000 1.000 1.000 1.000 1.000 1.000 1.000 1.000 1.000 1.000 1.000 1.000 1.000 1.000 1.000 1.000 1.000 1.000 1.000 1.000 1.000 1.000 1.000 1.000 1.000 1.000 1.000 1.000 1.000 1.000 1.000 1.000 1.000 1.000 1.000 1.000 1.000 1.000  8.2841281806E-01   0.68184   1.00000   0.00000   0.00000   0.8764335E-02
  2250  2.406955863891448E+06  42.422879  5.573395  4.646350  0.6334362E+00  0.3527684E+00  5.3219730E-06  3.5003327E-04  2.2168195E-05  7.4083907E-03  1.7115708E-03  2.5576243E-06  1.6466060E-06  2.0788099E-03  2.2914295E-05  0.6372    4.646350  -5.815  0.459764  7.622768  0.4887803E+00  0.4975659E+00  1.7788670E-08  7.8042395E-05  2.1399022E-05  9.0318568E-03  2.2341430E-04  4.6466857E-07  9.2707484E-10  2.0557593E-03  2.0206738E-06  1.350E-10  7.351E-17  1.164E+11  7.399E+12  2.771E+01  7.991E+06  0.43321653  2.958E-05  2.959E-05  9.705E-01  6.174E-06  1.536E-05  1.035E+00  252   27.0689  9.36E-03 2.0443E+01 3.0056E+01    7.27E+02 0.00E+00 2.16E+02  0.433388  0.221619 7.27E+02 0.00E+00 2.16E+02  0.433217  0.221628  0.0000000E+00  0.0000000E+00  3.3639818E-04  2.4486539E+00  7.2440579E-01  1.0708453E-03 -1.0243577E+00  3.5393590E-01  3.3299629E-01 0.000 0.641 1.000 1.000 1.000 1.000 1.000 1.000 1.000 1.000 1.000 1.000 1.000 1.000 1.000 1.000 1.000 1.000 1.000 1.000 1.000 1.000 1.000 1.000 1.000 1.000 1.000 1.000 1.000 1.000 1.000 1.000 1.000 1.000 1.000 1.000 1.000 1.000 1.000 1.000  8.2303648366E-01   0.67886   1.00000   0.00000   0.00000   0.8711017E-02
  2266  2.423764796828213E+06  42.397045  5.574445  4.646249  0.6327101E+00  0.3534956E+00  5.2775649E-06  3.4746536E-04  2.2174991E-05  7.4222071E-03  1.6992274E-03  2.5416137E-06  1.6313926E-06  2.0786926E-03  2.2719603E-05  0.6369    4.646249  -5.812  0.460103  7.622973  0.4866142E+00  0.4997322E+00  1.7289445E-08  7.8102947E-05  2.1417919E-05  9.0340286E-03  2.2083392E-04  4.5869418E-07  8.5744346E-10  2.0554164E-03  2.0301288E-06  1.326E-10  7.226E-17  1.143E+11  7.263E+12  2.721E+01  7.844E+06  0.43179597  2.939E-05  2.940E-05  9.707E-01  6.121E-06  1.524E-05  1.035E+00  253   26.9542  9.36E-03 2.0306E+01 2.9858E+01    7.26E+02 0.00E+00 2.15E+02  0.431940  0.222186 7.26E+02 0.00E+00 2.15E+02  0.431796  0.222201  0.0000000E+00  0.0000000E+00  3.3727804E-04  2.4474946E+00  7.1953053E-01  1.0568343E-03 -1.0232150E+00  3.5321469E-01  3.3328036E-01 0.000 0.638 1.000 1.000 1.000 1.000 1.000 1.000 1.000 1.000 1.000 1.000 1.000 1.000 1.000 1.000 1.000 1.000 1.000 1.000 1.000 1.000 1.000 1.000 1.000 1.000 1.000 1.000 1.000 1.000 1.000 1.000 1.000 1.000 1.000 1.000 1.000 1.000 1.000 1.000  8.1764676233E-01   0.67585   1.00000   0.00000   0.00000   0.8652728E-02
  2282  2.440573729764978E+06  42.371059  5.575449  4.646153  0.6319877E+00  0.3542192E+00  5.2340970E-06  3.4494947E-04  2.2182059E-05  7.4357742E-03  1.6870986E-03  2.5258436E-06  1.6164868E-06  2.0785760E-03  2.2528878E-05  0.6362    4.646153  -5.810  0.460412  7.623174  0.4844217E+00  0.5019249E+00  1.7197584E-08  7.8179192E-05  2.1438037E-05  9.0361901E-03  2.1824283E-04  4.5262944E-07  8.8450559E-10  2.0550690E-03  2.0391262E-06  1.329E-10  7.241E-17  1.147E+11  7.296E+12  2.731E+01  7.879E+06  0.43033640  2.921E-05  2.922E-05  9.709E-01  6.068E-06  1.512E-05  1.035E+00  256   26.9542  9.35E-03 2.0170E+01 2.9659E+01    7.25E+02 0.00E+00 2.14E+02  0.430490  0.222745 7.25E+02 0.00E+00 2.14E+02  0.430336  0.222753  0.0000000E+00  0.0000000E+00  3.3813019E-04  2.4463277E+00  7.1464538E-01  1.0435195E-03 -1.0220571E+00  3.5248610E-01  3.3356488E-01 0.000 0.639 1.000 1.000 1.000 1.000 1.000 1.000 1.000 1.000 1.000 1.000 1.000 1.000 1.000 1.000 1.000 1.000 1.000 1.000 1.000 1.000 1.000 1.000 1.000 1.000 1.000 1.000 1.000 1.000 1.000 1.000 1.000 1.000 1.000 1.000 1.000 1.000 1.000 1.000  8.1224213530E-01   0.67281   1.00000   0.00000   0.00000   0.8597634E-02
  2298  2.456647271885759E+06  42.346076  5.576396  4.646045  0.6313006E+00  0.3549073E+00  5.1934133E-06  3.4259252E-04  2.2189064E-05  7.4485118E-03  1.6757041E-03  2.5109939E-06  1.6025222E-06  2.0784651E-03  2.2350224E-05  0.6357    4.646045  -5.807  0.460603  7.623331  0.4823351E+00  0.5040119E+00  1.6378929E-08  7.8537527E-05  2.1539257E-05  9.0376805E-03  2.1594567E-04  4.4363446E-07  8.5715634E-10  2.0547383E-03  2.0499586E-06  1.278E-10  6.955E-17  1.104E+11  7.005E+12  2.627E+01  7.566E+06  0.42889131  2.902E-05  2.904E-05  9.711E-01  6.017E-06  1.500E-05  1.035E+00  257   26.9542  9.35E-03 2.0041E+01 2.9470E+01    7.25E+02 0.00E+00 2.13E+02  0.429033  0.223270 7.25E+02 0.00E+00 2.13E+02  0.428891  0.223277  0.0000000E+00  0.0000000E+00  3.0495564E-04  2.4455451E+00  7.0997115E-01  1.0300506E-03 -1.0208709E+00  3.5176239E-01  3.3381134E-01 0.000 0.639 1.000 1.000 1.000 1.000 1.000 1.000 1.000 1.000 1.000 1.000 1.000 1.000 1.000 1.000 1.000 1.000 1.000 1.000 1.000 1.000 1.000 1.000 1.000 1.000 1.000 1.000 1.000 1.000 1.000 1.000 1.000 1.000 1.000 1.000 1.000 1.000 1.000 1.000  8.0706278263E-01   0.66991   1.00000   0.00000   0.00000   0.8545622E-02
  2314  2.473004464749847E+06  42.320512  5.577425  4.645950  0.6306050E+00  0.3556040E+00  5.1528637E-06  3.4024109E-04  2.2196436E-05  7.4612462E-03  1.6643055E-03  2.4961054E-06  1.5885900E-06  2.0783529E-03  2.2172015E-05  0.6353    4.645950  -5.805  0.461027  7.623570  0.4801908E+00  0.5061564E+00  1.6422445E-08  7.8333514E-05  2.1483423E-05  9.0400220E-03  2.1361254E-04  4.4129409E-07  8.0457653E-10  2.0543982E-03  2.0596747E-06  1.301E-10  7.092E-17  1.116E+11  7.101E+12  2.657E+01  7.669E+06  0.42749966  2.884E-05  2.886E-05  9.713E-01  5.966E-06  1.488E-05  1.034E+00  260   26.8388  9.35E-03 1.9907E+01 2.9274E+01    7.24E+02 0.00E+00 2.12E+02  0.427655  0.223831 7.24E+02 0.00E+00 2.12E+02  0.427500  0.223847  0.0000000E+00  0.0000000E+00  3.3633740E-04  2.4441058E+00  7.0519844E-01  1.0166711E-03 -1.0198099E+00  3.5107421E-01  3.3411182E-01 0.000 0.637 1.000 1.000 1.000 1.000 1.000 1.000 1.000 1.000 1.000 1.000 1.000 1.000 1.000 1.000 1.000 1.000 1.000 1.000 1.000 1.000 1.000 1.000 1.000 1.000 1.000 1.000 1.000 1.000 1.000 1.000 1.000 1.000 1.000 1.000 1.000 1.000 1.000 1.000  8.0177964508E-01   0.66693   1.00000   0.00000   0.00000   0.8488168E-02
  2330  2.489645308357243E+06  42.294354  5.578420  4.645844  0.6299010E+00  0.3563090E+00  5.1124723E-06  3.3789651E-04  2.2204182E-05  7.4739702E-03  1.6529092E-03  2.4811871E-06  1.5746981E-06  2.0782395E-03  2.1994351E-05  0.6346    4.645844  -5.802  0.461345  7.623773  0.4779818E+00  0.5083656E+00  1.6356321E-08  7.8409155E-05  2.1503277E-05  9.0420050E-03  2.1122605E-04  4.3579319E-07  8.3575929E-10  2.0540477E-03  2.0690111E-06  1.303E-10  7.103E-17  1.122E+11  7.143E+12  2.670E+01  7.714E+06  0.42602898  2.866E-05  2.867E-05  9.715E-01  5.913E-06  1.477E-05  1.034E+00  261   26.8388  9.35E-03 1.9771E+01 2.9076E+01    7.23E+02 0.00E+00 2.11E+02  0.426183  0.224393 7.23E+02 0.00E+00 2.11E+02  0.426029  0.224402  0.0000000E+00  0.0000000E+00  3.3714860E-04  2.4429705E+00  7.0033020E-01  1.0029795E-03 -1.0186433E+00  3.5034166E-01  3.3439407E-01 0.000 0.637 1.000 1.000 1.000 1.000 1.000 1.000 1.000 1.000 1.000 1.000 1.000 1.000 1.000 1.000 1.000 1.000 1.000 1.000 1.000 1.000 1.000 1.000 1.000 1.000 1.000 1.000 1.000 1.000 1.000 1.000 1.000 1.000 1.000 1.000 1.000 1.000 1.000 1.000  7.9639047897E-01   0.66386   1.00000   0.00000   0.00000   0.8433233E-02
  2346  2.506286151964639E+06  42.268052  5.579404  4.645737  0.6292011E+00  0.3570100E+00  5.0729416E-06  3.3559951E-04  2.2212171E-05  7.4864618E-03  1.6417142E-03  2.4665001E-06  1.5610880E-06  2.0781267E-03  2.1820323E-05  0.6339    4.645737  -5.800  0.461667  7.623977  0.4757823E+00  0.5105653E+00  1.6138643E-08  7.8478135E-05  2.1522634E-05  9.0438371E-03  2.0902127E-04  4.3060199E-07  8.2886205E-10  2.0536983E-03  2.0798228E-06  1.298E-10  7.072E-17  1.117E+11  7.117E+12  2.659E+01  7.687E+06  0.42452007  2.847E-05  2.849E-05  9.717E-01  5.860E-06  1.465E-05  1.034E+00  263   26.8388  9.35E-03 1.9635E+01 2.8878E+01    7.22E+02 0.00E+00 2.10E+02  0.424677  0.224946 7.22E+02 0.00E+00 2.10E+02  0.424520  0.224954  0.0000000E+00  0.0000000E+00  3.3787760E-04  2.4417849E+00  6.9545918E-01  9.9001872E-04 -1.0174783E+00  3.4960955E-01  3.3467717E-01 0.000 0.638 1.000 1.000 1.000 1.000 1.000 1.000 1.000 1.000 1.000 1.000 1.000 1.000 1.000 1.000 1.000 1.000 1.000 1.000 1.000 1.000 1.000 1.000 1.000 1.000 1.000 1.000 1.000 1.000 1.000 1.000 1.000 1.000 1.000 1.000 1.000 1.000 1.000 1.000  7.9098973510E-01   0.66081   1.00000   0.00000   0.00000   0.8378502E-02
  2362  2.522822990299488E+06  42.241766  5.580450  4.645594  0.6285095E+00  0.3577026E+00  5.0344864E-06  3.3336264E-04  2.2220345E-05  7.4986511E-03  1.6307836E-03  2.4521292E-06  1.5478340E-06  2.0780153E-03  2.1650882E-05  0.6336    4.645594  -5.797  0.462010  7.624181  0.4735673E+00  0.5127805E+00  1.5454880E-08  7.8660360E-05  2.1572252E-05  9.0455256E-03  2.0679344E-04  4.2444621E-07  7.6425450E-10  2.0533463E-03  2.0896393E-06  1.235E-10  6.726E-17  1.082E+11  6.883E+12  2.575E+01  7.434E+06  0.42309885  2.828E-05  2.830E-05  9.719E-01  5.808E-06  1.453E-05  1.034E+00  266   26.7227  9.35E-03 1.9497E+01 2.8676E+01    7.21E+02 0.00E+00 2.09E+02  0.423251  0.225537 7.21E+02 0.00E+00 2.09E+02  0.423099  0.225541  0.0000000E+00  0.0000000E+00  3.0495609E-04  2.4408136E+00  6.9058687E-01  9.7641063E-04 -1.0162907E+00  3.4886898E-01  3.3495077E-01 0.000 0.635 1.000 1.000 1.000 1.000 1.000 1.000 1.000 1.000 1.000 1.000 1.000 1.000 1.000 1.000 1.000 1.000 1.000 1.000 1.000 1.000 1.000 1.000 1.000 1.000 1.000 1.000 1.000 1.000 1.000 1.000 1.000 1.000 1.000 1.000 1.000 1.000 1.000 1.000  7.8560983216E-01   0.65773   1.00000   0.00000   0.00000   0.8317934E-02
  2379  2.539484634961392E+06  42.215129  5.581434  4.645458  0.6278166E+00  0.3583964E+00  4.9965582E-06  3.3115402E-04  2.2228814E-05  7.5107102E-03  1.6199634E-03  2.4378737E-06  1.5347475E-06  2.0779038E-03  2.1483614E-05  0.6328    4.645458  -5.795  0.462358  7.624394  0.4713239E+00  0.5150242E+00  1.5528595E-08  7.8648054E-05  2.1571251E-05  9.0474574E-03  2.0460787E-04  4.1951631E-07  7.9128156E-10  2.0529896E-03  2.1005202E-06  1.276E-10  6.954E-17  1.096E+11  6.987E+12  2.609E+01  7.545E+06  0.42162744  2.810E-05  2.811E-05  9.721E-01  5.755E-06  1.441E-05  1.033E+00  267   26.7227  9.35E-03 1.9359E+01 2.8475E+01    7.20E+02 0.00E+00 2.08E+02  0.421785  0.226090 7.20E+02 0.00E+00 2.08E+02  0.421627  0.226099  0.0000000E+00  0.0000000E+00  3.3621779E-04  2.4396301E+00  6.8566731E-01  9.6284933E-04 -1.0151149E+00  3.4812909E-01  3.3523735E-01 0.000 0.636 1.000 1.000 1.000 1.000 1.000 1.000 1.000 1.000 1.000 1.000 1.000 1.000 1.000 1.000 1.000 1.000 1.000 1.000 1.000 1.000 1.000 1.000 1.000 1.000 1.000 1.000 1.000 1.000 1.000 1.000 1.000 1.000 1.000 1.000 1.000 1.000 1.000 1.000  7.8017480041E-01   0.65462   1.00000   0.00000   0.00000   0.8260713E-02
  2395  2.555959070132713E+06  42.188645  5.582408  4.645317  0.6271358E+00  0.3590783E+00  4.9598521E-06  3.2901418E-04  2.2237410E-05  7.5224166E-03  1.6094537E-03  2.4239991E-06  1.5220686E-06  2.0777942E-03  2.1321588E-05  0.6322    4.645317  -5.793  0.462698  7.624602  0.4691086E+00  0.5172397E+00  1.5325800E-08  7.8712025E-05  2.1588899E-05  9.0491321E-03  2.0259095E-04  4.1510900E-07  7.8510475E-10  2.0526371E-03  2.1114772E-06  1.268E-10  6.912E-17  1.092E+11  6.964E+12  2.599E+01  7.521E+06  0.42016127  2.791E-05  2.792E-05  9.723E-01  5.702E-06  1.429E-05  1.033E+00  270   26.7227  9.35E-03 1.9223E+01 2.8276E+01    7.19E+02 0.00E+00 2.07E+02  0.420321  0.226645 7.19E+02 0.00E+00 2.07E+02  0.420161  0.226654  0.0000000E+00  0.0000000E+00  3.3698131E-04  2.4384572E+00  6.8079367E-01  9.5010693E-04 -1.0139456E+00  3.4739443E-01  3.3551940E-01 0.000 0.636 1.000 1.000 1.000 1.000 1.000 1.000 1.000 1.000 1.000 1.000 1.000 1.000 1.000 1.000 1.000 1.000 1.000 1.000 1.000 1.000 1.000 1.000 1.000 1.000 1.000 1.000 1.000 1.000 1.000 1.000 1.000 1.000 1.000 1.000 1.000 1.000 1.000 1.000  7.7478856338E-01   0.65154   1.00000   0.00000   0.00000   0.8203407E-02
  2411  2.572433505304034E+06  42.162010  5.583459  4.645147  0.6264590E+00  0.3597560E+00  4.9239193E-06  3.2691703E-04  2.2246225E-05  7.5339112E-03  1.5991284E-03  2.4103407E-06  1.5096429E-06  2.0776853E-03  2.1162832E-05  0.6317    4.645147  -5.790  0.463086  7.624820  0.4668540E+00  0.5194945E+00  1.4937896E-08  7.8776988E-05  2.1607885E-05  9.0508769E-03  2.0049151E-04  4.1021540E-07  7.4398177E-10  2.0522780E-03  2.1209880E-06  1.255E-10  6.845E-17  1.076E+11  6.858E+12  2.561E+01  7.407E+06  0.41889565  2.773E-05  2.773E-05  9.725E-01  5.650E-06  1.417E-05  1.033E+00  273   26.5997  9.35E-03 1.9083E+01 2.8072E+01    7.18E+02 0.00E+00 2.06E+02  0.418931  0.227244 7.18E+02 0.00E+00 2.06E+02  0.418896  0.227253  0.0000000E+00  0.0000000E+00  3.3798780E-04  2.4374668E+00  6.7589190E-01  9.3667933E-04 -1.0127553E+00  3.4664925E-01  3.3579804E-01 0.000 0.634 1.000 1.000 1.000 1.000 1.000 1.000 1.000 1.000 1.000 1.000 1.000 1.000 1.000 1.000 1.000 1.000 1.000 1.000 1.000 1.000 1.000 1.000 1.000 1.000 1.000 1.000 1.000 1.000 1.000 1.000 1.000 1.000 1.000 1.000 1.000 1.000 1.000 1.000  7.6938814094E-01   0.64841   1.00000   0.00000   0.00000   0.8140353E-02
  2427  2.588290149156430E+06  42.136230  5.584383  4.644985  0.6258116E+00  0.3604043E+00  4.8900465E-06  3.2493785E-04  2.2254911E-05  7.5447789E-03  1.5893610E-03  2.3973955E-06  1.4979163E-06  2.0775812E-03  2.1013039E-05  0.6310    4.644985  -5.788  0.463314  7.624989  0.4646838E+00  0.5216649E+00  1.4300284E-08  7.9136570E-05  2.1708627E-05  9.0520262E-03  1.9858192E-04  4.0260126E-07  7.3945064E-10  2.0519322E-03  2.1318456E-06  1.208E-10  6.581E-17  1.041E+11  6.621E+12  2.478E+01  7.151E+06  0.41732282  2.754E-05  2.755E-05  9.727E-01  5.599E-06  1.406E-05  1.033E+00  275   26.5997  9.35E-03 1.8951E+01 2.7879E+01    7.17E+02 0.00E+00 2.05E+02  0.417492  0.227776 7.17E+02 0.00E+00 2.05E+02  0.417323  0.227785  0.0000000E+00  0.0000000E+00  3.0482345E-04  2.4367789E+00  6.7120672E-01  9.2378308E-04 -1.0115285E+00  3.4590399E-01  3.3604199E-01 0.000 0.634 1.000 1.000 1.000 1.000 1.000 1.000 1.000 1.000 1.000 1.000 1.000 1.000 1.000 1.000 1.000 1.000 1.000 1.000 1.000 1.000 1.000 1.000 1.000 1.000 1.000 1.000 1.000 1.000 1.000 1.000 1.000 1.000 1.000 1.000 1.000 1.000 1.000 1.000  7.6417709947E-01   0.64539   1.00000   0.00000   0.00000   0.8085554E-02
  2443  2.604229165184682E+06  42.110179  5.585330  4.644849  0.6251647E+00  0.3610521E+00  4.8566862E-06  3.2298636E-04  2.2263837E-05  7.5555133E-03  1.5797084E-03  2.3845790E-06  1.4863543E-06  2.0774773E-03  2.0865379E-05  0.6303    4.644849  -5.786  0.463748  7.625225  0.4625038E+00  0.5238450E+00  1.4552410E-08  7.8942546E-05  2.1654231E-05  9.0538956E-03  1.9677256E-04  4.0092522E-07  7.4459499E-10  2.0515846E-03  2.1429375E-06  1.237E-10  6.748E-17  1.068E+11  6.811E+12  2.541E+01  7.356E+06  0.41590170  2.736E-05  2.737E-05  9.729E-01  5.549E-06  1.395E-05  1.032E+00  278   26.5997  9.35E-03 1.8818E+01 2.7685E+01    7.16E+02 0.00E+00 2.04E+02  0.416163  0.228324 7.16E+02 0.00E+00 2.04E+02  0.415902  0.228333  0.0000000E+00  0.0000000E+00  3.3612082E-04  2.4353429E+00  6.6646350E-01  9.1170979E-04 -1.0104454E+00  3.4520558E-01  3.3633757E-01 0.000 0.635 1.000 1.000 1.000 1.000 1.000 1.000 1.000 1.000 1.000 1.000 1.000 1.000 1.000 1.000 1.000 1.000 1.000 1.000 1.000 1.000 1.000 1.000 1.000 1.000 1.000 1.000 1.000 1.000 1.000 1.000 1.000 1.000 1.000 1.000 1.000 1.000 1.000 1.000  7.5892812154E-01   0.64237   1.00000   0.00000   0.00000   0.8029242E-02
  2459  2.620538856004288E+06  42.083371  5.586371  4.644669  0.6245066E+00  0.3617111E+00  4.8232329E-06  3.2102708E-04  2.2273172E-05  7.5663092E-03  1.5699956E-03  2.3716591E-06  1.4747465E-06  2.0773715E-03  2.0717168E-05  0.6299    4.644669  -5.783  0.464147  7.625445  0.4602290E+00  0.5261200E+00  1.4225985E-08  7.9008714E-05  2.1673252E-05  9.0555053E-03  1.9482541E-04  3.9647314E-07  7.1523939E-10  2.0512217E-03  2.1525838E-06  1.229E-10  6.706E-17  1.055E+11  6.728E+12  2.511E+01  7.266E+06  0.41448166  2.717E-05  2.718E-05  9.731E-01  5.497E-06  1.383E-05  1.032E+00  282   26.4759  9.35E-03 1.8678E+01 2.7481E+01    7.15E+02 0.00E+00 2.03E+02  0.414637  0.228925 7.15E+02 0.00E+00 2.03E+02  0.414482  0.228934  0.0000000E+00  0.0000000E+00  3.3697495E-04  2.4344068E+00  6.6157945E-01  8.9855677E-04 -1.0092437E+00  3.4445530E-01  3.3661327E-01 0.000 0.632 1.000 1.000 1.000 1.000 1.000 1.000 1.000 1.000 1.000 1.000 1.000 1.000 1.000 1.000 1.000 1.000 1.000 1.000 1.000 1.000 1.000 1.000 1.000 1.000 1.000 1.000 1.000 1.000 1.000 1.000 1.000 1.000 1.000 1.000 1.000 1.000 1.000 1.000  7.5354302503E-01   0.63921   1.00000   0.00000   0.00000   0.7966861E-02
  2475  2.636848546823894E+06  42.056413  5.587329  4.644508  0.6238530E+00  0.3623656E+00  4.7904911E-06  3.1910710E-04  2.2282701E-05  7.5769069E-03  1.5604562E-03  2.3589468E-06  1.4633721E-06  2.0772666E-03  2.0571970E-05  0.6291    4.644508  -5.781  0.464510  7.625661  0.4579590E+00  0.5283903E+00  1.4054113E-08  7.9078749E-05  2.1692807E-05  9.0569897E-03  1.9301552E-04  3.9218044E-07  7.1535711E-10  2.0508592E-03  2.1634487E-06  1.225E-10  6.685E-17  1.052E+11  6.714E+12  2.504E+01  7.251E+06  0.41296705  2.698E-05  2.699E-05  9.733E-01  5.445E-06  1.372E-05  1.032E+00  283   26.4759  9.35E-03 1.8540E+01 2.7279E+01    7.14E+02 0.00E+00 2.02E+02  0.413130  0.229485 7.14E+02 0.00E+00 2.02E+02  0.412967  0.229494  0.0000000E+00  0.0000000E+00  3.3767229E-04  2.4333225E+00  6.5670280E-01  8.8556715E-04 -1.0080456E+00  3.4370632E-01  3.3689331E-01 0.000 0.632 1.000 1.000 1.000 1.000 1.000 1.000 1.000 1.000 1.000 1.000 1.000 1.000 1.000 1.000 1.000 1.000 1.000 1.000 1.000 1.000 1.000 1.000 1.000 1.000 1.000 1.000 1.000 1.000 1.000 1.000 1.000 1.000 1.000 1.000 1.000 1.000 1.000 1.000  7.4814521139E-01   0.63605   1.00000   0.00000   0.00000   0.7909922E-02
  2491  2.653158237643500E+06  42.029308  5.588323  4.644310  0.6232032E+00  0.3630162E+00  4.7584034E-06  3.1722307E-04  2.2292426E-05  7.5873235E-03  1.5510752E-03  2.3464236E-06  1.4522113E-06  2.0771622E-03  2.0429532E-05  0.6288    4.644310  -5.778  0.464908  7.625882  0.4556669E+00  0.5306825E+00  1.3649597E-08  7.9141981E-05  2.1711646E-05  9.0584798E-03  1.9120907E-04  3.8793743E-07  6.6702164E-10  2.0504929E-03  2.1737919E-06  1.161E-10  6.331E-17  1.044E+11  6.660E+12  2.484E+01  7.192E+06  0.41160506  2.679E-05  2.680E-05  9.735E-01  5.393E-06  1.360E-05  1.032E+00  288   26.3512  9.35E-03 1.8401E+01 2.7076E+01    7.13E+02 0.00E+00 2.01E+02  0.411649  0.230049 7.13E+02 0.00E+00 2.01E+02  0.411605  0.230076  0.0000000E+00  0.0000000E+00  3.3841259E-04  2.4323326E+00  6.5180529E-01  8.7257508E-04 -1.0068367E+00  3.4295184E-01  3.3717064E-01 0.000 0.630 1.000 1.000 1.000 1.000 1.000 1.000 1.000 1.000 1.000 1.000 1.000 1.000 1.000 1.000 1.000 1.000 1.000 1.000 1.000 1.000 1.000 1.000 1.000 1.000 1.000 1.000 1.000 1.000 1.000 1.000 1.000 1.000 1.000 1.000 1.000 1.000 1.000 1.000  7.4273588828E-01   0.63287   1.00000   0.00000   0.00000   0.7848089E-02
  2508  2.669396573565770E+06  42.002165  5.589326  4.644104  0.6225609E+00  0.3636594E+00  4.7271322E-06  3.1538461E-04  2.2302291E-05  7.5975049E-03  1.5419016E-03  2.3341560E-06  1.4413211E-06  2.0770591E-03  2.0290581E-05  0.6279    4.644104  -5.776  0.465282  7.626099  0.4533722E+00  0.5329774E+00  1.3499427E-08  7.9252627E-05  2.1742574E-05  9.0598569E-03  1.8945433E-04  3.8299267E-07  6.8510472E-10  2.0501260E-03  2.1852875E-06  1.204E-10  6.570E-17  1.032E+11  6.582E+12  2.456E+01  7.109E+06  0.41010357  2.660E-05  2.661E-05  9.737E-01  5.342E-06  1.349E-05  1.032E+00  290   26.3512  9.35E-03 1.8261E+01 2.6872E+01    7.12E+02 0.00E+00 2.00E+02  0.410285  0.230656 7.12E+02 0.00E+00 2.00E+02  0.410104  0.230666  0.0000000E+00  0.0000000E+00  3.3604824E-04  2.4314045E+00  6.4691882E-01  8.6027193E-04 -1.0056119E+00  3.4219119E-01  3.3744411E-01 0.000 0.630 1.000 1.000 1.000 1.000 1.000 1.000 1.000 1.000 1.000 1.000 1.000 1.000 1.000 1.000 1.000 1.000 1.000 1.000 1.000 1.000 1.000 1.000 1.000 1.000 1.000 1.000 1.000 1.000 1.000 1.000 1.000 1.000 1.000 1.000 1.000 1.000 1.000 1.000  7.3733489719E-01   0.62968   1.00000   0.00000   0.00000   0.7785670E-02
  2524  2.685543167477180E+06  41.975026  5.590275  4.643916  0.6219262E+00  0.3642949E+00  4.6966670E-06  3.1359116E-04  2.2312285E-05  7.6074529E-03  1.5329340E-03  2.3221436E-06  1.4306983E-06  2.0769573E-03  2.0155074E-05  0.6271    4.643916  -5.773  0.465661  7.626319  0.4510881E+00  0.5352617E+00  1.3312041E-08  7.9313870E-05  2.1759350E-05  9.0612080E-03  1.8781111E-04  3.7948976E-07  6.7891055E-10  2.0497605E-03  2.1964157E-06  1.196E-10  6.525E-17  1.028E+11  6.558E+12  2.446E+01  7.082E+06  0.40860977  2.641E-05  2.642E-05  9.739E-01  5.291E-06  1.337E-05  1.031E+00  293   26.3512  9.35E-03 1.8123E+01 2.6670E+01    7.11E+02 0.00E+00 1.99E+02  0.408775  0.231220 7.11E+02 0.00E+00 1.99E+02  0.408610  0.231229  0.0000000E+00  0.0000000E+00  3.3673302E-04  2.4303277E+00  6.4204746E-01  8.4754636E-04 -1.0044109E+00  3.4144012E-01  3.3772273E-01 0.000 0.631 1.000 1.000 1.000 1.000 1.000 1.000 1.000 1.000 1.000 1.000 1.000 1.000 1.000 1.000 1.000 1.000 1.000 1.000 1.000 1.000 1.000 1.000 1.000 1.000 1.000 1.000 1.000 1.000 1.000 1.000 1.000 1.000 1.000 1.000 1.000 1.000 1.000 1.000  7.3195228975E-01   0.62651   1.00000   0.00000   0.00000   0.7727202E-02
  2540  2.701689761388589E+06  41.947739  5.591272  4.643701  0.6212954E+00  0.3649265E+00  4.6668038E-06  3.1183079E-04  2.2322459E-05  7.6172325E-03  1.5241142E-03  2.3103101E-06  1.4202722E-06  2.0768561E-03  2.0022110E-05  0.6266    4.643701  -5.771  0.466069  7.626544  0.4487864E+00  0.5375635E+00  1.3113792E-08  7.9383551E-05  2.1778859E-05  9.0625292E-03  1.8618798E-04  3.7562588E-07  6.7402409E-10  2.0493919E-03  2.2073270E-06  1.194E-10  6.517E-17  1.023E+11  6.527E+12  2.434E+01  7.049E+06  0.40717913  2.622E-05  2.623E-05  9.741E-01  5.240E-06  1.326E-05  1.031E+00  295   26.3512  9.35E-03 1.7983E+01 2.6466E+01    7.10E+02 0.00E+00 1.98E+02  0.407346  0.231811 7.10E+02 0.00E+00 1.98E+02  0.407179  0.231821  0.0000000E+00  0.0000000E+00  3.3760333E-04  2.4293478E+00  6.3715061E-01  8.3480844E-04 -1.0031942E+00  3.4068206E-01  3.3799928E-01 0.000 0.630 1.000 1.000 1.000 1.000 1.000 1.000 1.000 1.000 1.000 1.000 1.000 1.000 1.000 1.000 1.000 1.000 1.000 1.000 1.000 1.000 1.000 1.000 1.000 1.000 1.000 1.000 1.000 1.000 1.000 1.000 1.000 1.000 1.000 1.000 1.000 1.000 1.000 1.000  7.2655760510E-01   0.62331   1.00000   0.00000   0.00000   0.7664380E-02
  2557  2.718240020147786E+06  41.919608  5.592274  4.643462  0.6206539E+00  0.3655689E+00  4.6368582E-06  3.1006309E-04  2.2333058E-05  7.6270679E-03  1.5152398E-03  2.2983838E-06  1.4098037E-06  2.0767532E-03  1.9888640E-05  0.6258    4.643462  -5.768  0.466380  7.626740  0.4463946E+00  0.5399555E+00  1.2412961E-08  7.9748381E-05  2.1881516E-05  9.0634795E-03  1.8449561E-04  3.6876884E-07  6.4816287E-10  2.0490086E-03  2.2187285E-06  1.140E-10  6.218E-17  9.810E+10  6.238E+12  2.335E+01  6.737E+06  0.40575319  2.602E-05  2.603E-05  9.743E-01  5.188E-06  1.314E-05  1.031E+00  299   26.2258  9.35E-03 1.7839E+01 2.6254E+01    7.09E+02 0.00E+00 1.97E+02  0.405788  0.232412 7.09E+02 0.00E+00 1.97E+02  0.405753  0.232421  0.0000000E+00  0.0000000E+00  3.0454889E-04  2.4288225E+00  6.3212656E-01  8.2228684E-04 -1.0018495E+00  3.3986914E-01  3.3825334E-01 0.000 0.629 1.000 1.000 1.000 1.000 1.000 1.000 1.000 1.000 1.000 1.000 1.000 1.000 1.000 1.000 1.000 1.000 1.000 1.000 1.000 1.000 1.000 1.000 1.000 1.000 1.000 1.000 1.000 1.000 1.000 1.000 1.000 1.000 1.000 1.000 1.000 1.000 1.000 1.000  7.2101319624E-01   0.61999   1.00000   0.00000   0.00000   0.7601701E-02
  2574  2.734860920255346E+06  41.891198  5.593256  4.643265  0.6200137E+00  0.3662099E+00  4.6073869E-06  3.0832089E-04  2.2343890E-05  7.6367763E-03  1.5064763E-03  2.2865874E-06  1.3994871E-06  2.0766506E-03  1.9757142E-05  0.6249    4.643265  -5.766  0.466881  7.627002  0.4440006E+00  0.5423496E+00  1.2589250E-08  7.9554990E-05  2.1827466E-05  9.0651374E-03  1.8292638E-04  3.6744329E-07  6.4661210E-10  2.0486247E-03  2.2305910E-06  1.168E-10  6.377E-17  1.004E+11  6.401E+12  2.389E+01  6.913E+06  0.40409670  2.582E-05  2.584E-05  9.745E-01  5.135E-06  1.303E-05  1.031E+00  302   26.2258  9.35E-03 1.7696E+01 2.6046E+01    7.08E+02 0.00E+00 1.96E+02  0.404362  0.233004 7.08E+02 0.00E+00 1.96E+02  0.404097  0.233013  0.0000000E+00  0.0000000E+00  3.3582977E-04  2.4274321E+00  6.2710555E-01  8.0957635E-04 -1.0006571E+00  3.3910643E-01  3.3856339E-01 0.000 0.628 1.000 1.000 1.000 1.000 1.000 1.000 1.000 1.000 1.000 1.000 1.000 1.000 1.000 1.000 1.000 1.000 1.000 1.000 1.000 1.000 1.000 1.000 1.000 1.000 1.000 1.000 1.000 1.000 1.000 1.000 1.000 1.000 1.000 1.000 1.000 1.000 1.000 1.000  7.1543306777E-01   0.61667   1.00000   0.00000   0.00000   0.7540540E-02
  2590  2.750846048227644E+06  41.863720  5.594286  4.643028  0.6194026E+00  0.3668218E+00  4.5796394E-06  3.0667822E-04  2.2354466E-05  7.6459432E-03  1.4981977E-03  2.2754266E-06  1.3897610E-06  2.0765526E-03  1.9633203E-05  0.6244    4.643028  -5.764  0.467329  7.627235  0.4416679E+00  0.5446824E+00  1.2308488E-08  7.9622677E-05  2.1846730E-05  9.0663794E-03  1.8139645E-04  3.6387565E-07  6.2506728E-10  2.0482503E-03  2.2411644E-06  1.158E-10  6.323E-17  9.923E+10  6.325E+12  2.362E+01  6.831E+06  0.40266351  2.563E-05  2.565E-05  9.747E-01  5.085E-06  1.291E-05  1.030E+00  305   26.0994  9.35E-03 1.7554E+01 2.5839E+01    7.07E+02 0.00E+00 1.95E+02  0.402829  0.233624 7.07E+02 0.00E+00 1.95E+02  0.402664  0.233631  0.0000000E+00  0.0000000E+00  3.3667208E-04  2.4266055E+00  6.2222408E-01  7.9709118E-04 -9.9942443E-01  3.3834083E-01  3.3883529E-01 0.000 0.626 1.000 1.000 1.000 1.000 1.000 1.000 1.000 1.000 1.000 1.000 1.000 1.000 1.000 1.000 1.000 1.000 1.000 1.000 1.000 1.000 1.000 1.000 1.000 1.000 1.000 1.000 1.000 1.000 1.000 1.000 1.000 1.000 1.000 1.000 1.000 1.000 1.000 1.000  7.1005356696E-01   0.61343   1.00000   0.00000   0.00000   0.7476001E-02
  2606  2.766831176199941E+06  41.836088  5.595226  4.642812  0.6187959E+00  0.3674292E+00  4.5524612E-06  3.0506691E-04  2.2365197E-05  7.6549478E-03  1.4900624E-03  2.2644424E-06  1.3802216E-06  2.0764555E-03  1.9511676E-05  0.6236    4.642812  -5.761  0.467732  7.627462  0.4393336E+00  0.5470168E+00  1.2172634E-08  7.9693583E-05  2.1866484E-05  9.0675394E-03  1.7995513E-04  3.6040311E-07  6.3006530E-10  2.0478753E-03  2.2524363E-06  1.155E-10  6.305E-17  9.912E+10  6.320E+12  2.359E+01  6.826E+06  0.40113104  2.544E-05  2.546E-05  9.749E-01  5.035E-06  1.280E-05  1.030E+00  306   26.0994  9.35E-03 1.7415E+01 2.5635E+01    7.06E+02 0.00E+00 1.94E+02  0.401302  0.234195 7.06E+02 0.00E+00 1.94E+02  0.401131  0.234204  0.0000000E+00  0.0000000E+00  3.3732580E-04  2.4256268E+00  6.1734872E-01  7.8533432E-04 -9.9819419E-01  3.3757530E-01  3.3911055E-01 0.000 0.627 1.000 1.000 1.000 1.000 1.000 1.000 1.000 1.000 1.000 1.000 1.000 1.000 1.000 1.000 1.000 1.000 1.000 1.000 1.000 1.000 1.000 1.000 1.000 1.000 1.000 1.000 1.000 1.000 1.000 1.000 1.000 1.000 1.000 1.000 1.000 1.000 1.000 1.000  7.0466099259E-01   0.61019   1.00000   0.00000   0.00000   0.7417102E-02
  2623  2.782796322762274E+06  41.808342  5.596166  4.642580  0.6181938E+00  0.3680321E+00  4.5258320E-06  3.0348582E-04  2.2376077E-05  7.6637954E-03  1.4820657E-03  2.2536298E-06  1.3708622E-06  2.0763590E-03  1.9392475E-05  0.6229    4.642580  -5.759  0.468086  7.627670  0.4369868E+00  0.5493638E+00  1.1674455E-08  7.9886141E-05  2.1924763E-05  9.0685004E-03  1.7853341E-04  3.5509383E-07  5.9329418E-10  2.0474981E-03  2.2644683E-06  1.131E-10  6.177E-17  9.693E+10  6.170E+12  2.307E+01  6.663E+06  0.39960421  2.525E-05  2.526E-05  9.751E-01  4.986E-06  1.269E-05  1.030E+00  308   25.9722  9.35E-03 1.7276E+01 2.5432E+01    7.05E+02 0.00E+00 1.93E+02  0.399857  0.234772 7.05E+02 0.00E+00 1.93E+02  0.399604  0.234780  0.0000000E+00  0.0000000E+00  3.3469269E-04  2.4249410E+00  6.1249642E-01  7.7305615E-04 -9.9690783E-01  3.3679040E-01  3.3936772E-01 0.000 0.624 1.000 1.000 1.000 1.000 1.000 1.000 1.000 1.000 1.000 1.000 1.000 1.000 1.000 1.000 1.000 1.000 1.000 1.000 1.000 1.000 1.000 1.000 1.000 1.000 1.000 1.000 1.000 1.000 1.000 1.000 1.000 1.000 1.000 1.000 1.000 1.000 1.000 1.000  6.9926498252E-01   0.60694   1.00000   0.00000   0.00000   0.7358096E-02
  2639  2.798621599454850E+06  41.780682  5.597185  4.642338  0.6176016E+00  0.3686249E+00  4.4999884E-06  3.0194908E-04  2.2387001E-05  7.6724063E-03  1.4742798E-03  2.2430872E-06  1.3617665E-06  2.0762642E-03  1.9276664E-05  0.6222    4.642338  -5.756  0.468594  7.627923  0.4346378E+00  0.5517129E+00  1.1689280E-08  7.9861977E-05  2.1914110E-05  9.0697636E-03  1.7713667E-04  3.5329022E-07  6.0675276E-10  2.0471203E-03  2.2752286E-06  1.136E-10  6.205E-17  9.729E+10  6.198E+12  2.316E+01  6.694E+06  0.39815913  2.506E-05  2.507E-05  9.753E-01  4.936E-06  1.258E-05  1.030E+00  306   25.9722  9.35E-03 1.7134E+01 2.5225E+01    7.04E+02 0.00E+00 1.92E+02  0.398348  0.235390 7.04E+02 0.00E+00 1.92E+02  0.398159  0.235401  0.0000000E+00  0.0000000E+00  3.3552190E-04  2.4239448E+00  6.0763505E-01  7.6093752E-04 -9.9570447E-01  3.3603350E-01  3.3965169E-01 0.000 0.625 1.000 1.000 1.000 1.000 1.000 1.000 1.000 1.000 1.000 1.000 1.000 1.000 1.000 1.000 1.000 1.000 1.000 1.000 1.000 1.000 1.000 1.000 1.000 1.000 1.000 1.000 1.000 1.000 1.000 1.000 1.000 1.000 1.000 1.000 1.000 1.000 1.000 1.000  6.9390232944E-01   0.60366   1.00000   0.00000   0.00000   0.7293711E-02
  2655  2.814446876147427E+06  41.752872  5.598117  4.642108  0.6170137E+00  0.3692136E+00  4.4746586E-06  3.0044059E-04  2.2398071E-05  7.6808697E-03  1.4666243E-03  2.2327067E-06  1.3528393E-06  2.0761700E-03  1.9163031E-05  0.6213    4.642108  -5.754  0.469013  7.628153  0.4322893E+00  0.5540615E+00  1.1495643E-08  7.9931092E-05  2.1933614E-05  9.0708105E-03  1.7582712E-04  3.5013147E-07  5.9926018E-10  2.0467422E-03  2.2866323E-06  1.129E-10  6.164E-17  9.669E+10  6.160E+12  2.301E+01  6.652E+06  0.39659988  2.487E-05  2.488E-05  9.755E-01  4.887E-06  1.247E-05  1.030E+00  307   25.9722  9.35E-03 1.6995E+01 2.5022E+01    7.03E+02 0.00E+00 1.91E+02  0.396767  0.235969 7.03E+02 0.00E+00 1.91E+02  0.396600  0.235978  0.0000000E+00  0.0000000E+00  3.3610301E-04  2.4230175E+00  6.0278276E-01  7.4947151E-04 -9.9446426E-01  3.3526401E-01  3.3992475E-01 0.000 0.624 1.000 1.000 1.000 1.000 1.000 1.000 1.000 1.000 1.000 1.000 1.000 1.000 1.000 1.000 1.000 1.000 1.000 1.000 1.000 1.000 1.000 1.000 1.000 1.000 1.000 1.000 1.000 1.000 1.000 1.000 1.000 1.000 1.000 1.000 1.000 1.000 1.000 1.000  6.8852899694E-01   0.60040   1.00000   0.00000   0.00000   0.7235041E-02
  2671  2.830272152840004E+06  41.724913  5.599098  4.641856  0.6164298E+00  0.3697982E+00  4.4498137E-06  2.9895872E-04  2.2409283E-05  7.6891939E-03  1.4590918E-03  2.2224793E-06  1.3440708E-06  2.0760766E-03  1.9051448E-05  0.6209    4.641856  -5.752  0.469475  7.628391  0.4299242E+00  0.5564267E+00  1.1209506E-08  7.9999043E-05  2.1953192E-05  9.0718414E-03  1.7453714E-04  3.4700631E-07  5.7363564E-10  2.0463611E-03  2.2978798E-06  1.116E-10  6.099E-17  9.537E+10  6.071E+12  2.270E+01  6.557E+06  0.39509794  2.468E-05  2.469E-05  9.757E-01  4.838E-06  1.236E-05  1.029E+00  307   25.8442  9.35E-03 1.6854E+01 2.4816E+01    7.02E+02 0.00E+00 1.90E+02  0.395268  0.236577 7.02E+02 0.00E+00 1.89E+02  0.395098  0.236585  0.0000000E+00  0.0000000E+00  3.3687760E-04  2.4222073E+00  5.9790951E-01  7.3744347E-04 -9.9321265E-01  3.3448875E-01  3.4019519E-01 0.000 0.622 1.000 1.000 1.000 1.000 1.000 1.000 1.000 1.000 1.000 1.000 1.000 1.000 1.000 1.000 1.000 1.000 1.000 1.000 1.000 1.000 1.000 1.000 1.000 1.000 1.000 1.000 1.000 1.000 1.000 1.000 1.000 1.000 1.000 1.000 1.000 1.000 1.000 1.000  6.8314534167E-01   0.59713   1.00000   0.00000   0.00000   0.7172823E-02
  2688  2.846394153470566E+06  41.696265  5.600086  4.641575  0.6158404E+00  0.3703883E+00  4.4250551E-06  2.9747963E-04  2.2420828E-05  7.6975128E-03  1.4515613E-03  2.2122407E-06  1.3353202E-06  2.0759822E-03  1.8940126E-05  0.6199    4.641575  -5.749  0.469820  7.628595  0.4274907E+00  0.5588604E+00  1.0713152E-08  8.0376953E-05  2.2059125E-05  9.0724397E-03  1.7322482E-04  3.4103840E-07  5.7922256E-10  2.0459687E-03  2.3100602E-06  1.075E-10  5.867E-17  9.235E+10  5.858E+12  2.198E+01  6.327E+06  0.39351083  2.447E-05  2.449E-05  9.759E-01  4.789E-06  1.225E-05  1.029E+00  306   25.8442  9.35E-03 1.6710E+01 2.4605E+01    7.01E+02 0.00E+00 1.88E+02  0.393675  0.237191 7.01E+02 0.00E+00 1.88E+02  0.393511  0.237200  0.0000000E+00  0.0000000E+00  3.0383012E-04  2.4217756E+00  5.9293558E-01  7.2571552E-04 -9.9184380E-01  3.3366537E-01  3.4044301E-01 0.000 0.623 1.000 1.000 1.000 1.000 1.000 1.000 1.000 1.000 1.000 1.000 1.000 1.000 1.000 1.000 1.000 1.000 1.000 1.000 1.000 1.000 1.000 1.000 1.000 1.000 1.000 1.000 1.000 1.000 1.000 1.000 1.000 1.000 1.000 1.000 1.000 1.000 1.000 1.000  6.7764694016E-01   0.59374   1.00000   0.00000   0.00000   0.7109626E-02
  2705  2.862773314847379E+06  41.667000  5.601056  4.641312  0.6152450E+00  0.3709844E+00  4.4003633E-06  2.9600212E-04  2.2432717E-05  7.7058328E-03  1.4440270E-03  2.2019835E-06  1.3265803E-06  2.0758870E-03  1.8828973E-05  0.6190    4.641312  -5.747  0.470377  7.628874  0.4250196E+00  0.5613315E+00  1.0869049E-08  8.0176020E-05  2.2002624E-05  9.0738287E-03  1.7197540E-04  3.4040575E-07  5.7835574E-10  2.0455700E-03  2.3221291E-06  1.101E-10  6.018E-17  9.453E+10  6.016E+12  2.250E+01  6.497E+06  0.39195471  2.428E-05  2.429E-05  9.761E-01  4.738E-06  1.214E-05  1.029E+00  306   25.8442  9.35E-03 1.6565E+01 2.4392E+01    7.00E+02 0.00E+00 1.87E+02  0.392225  0.237800 7.00E+02 0.00E+00 1.87E+02  0.391955  0.237810  0.0000000E+00  0.0000000E+00  3.3500828E-04  2.4204796E+00  5.8789119E-01  7.1363164E-04 -9.9061539E-01  3.3288288E-01  3.4075182E-01 0.000 0.622 1.000 1.000 1.000 1.000 1.000 1.000 1.000 1.000 1.000 1.000 1.000 1.000 1.000 1.000 1.000 1.000 1.000 1.000 1.000 1.000 1.000 1.000 1.000 1.000 1.000 1.000 1.000 1.000 1.000 1.000 1.000 1.000 1.000 1.000 1.000 1.000 1.000 1.000  6.7204984435E-01   0.59031   1.00000   0.00000   0.00000   0.7046172E-02
  2722  2.879419527768380E+06  41.637083  5.602131  4.640988  0.6146458E+00  0.3715843E+00  4.3758321E-06  2.9453173E-04  2.2444918E-05  7.7141226E-03  1.4365174E-03  2.1917462E-06  1.3178841E-06  2.0757911E-03  1.8718411E-05  0.6183    4.640988  -5.744  0.470901  7.629134  0.4224716E+00  0.5638796E+00  1.0631712E-08  8.0250954E-05  2.2023766E-05  9.0748565E-03  1.7067770E-04  3.3729703E-07  5.6535937E-10  2.0451585E-03  2.3337212E-06  1.093E-10  5.971E-17  9.361E+10  5.953E+12  2.228E+01  6.429E+06  0.39042089  2.407E-05  2.409E-05  9.763E-01  4.687E-06  1.202E-05  1.029E+00  306   25.7153  9.35E-03 1.6413E+01 2.4170E+01    6.98E+02 0.00E+00 1.86E+02  0.390600  0.238472 6.98E+02 0.00E+00 1.86E+02  0.390421  0.238482  0.0000000E+00  0.0000000E+00  3.3588176E-04  2.4197642E+00  5.8270574E-01  7.0114961E-04 -9.8926685E-01  3.3205040E-01  3.4103421E-01 0.000 0.621 1.000 1.000 1.000 1.000 1.000 1.000 1.000 1.000 1.000 1.000 1.000 1.000 1.000 1.000 1.000 1.000 1.000 1.000 1.000 1.000 1.000 1.000 1.000 1.000 1.000 1.000 1.000 1.000 1.000 1.000 1.000 1.000 1.000 1.000 1.000 1.000 1.000 1.000  6.6634699599E-01   0.58677   1.00000   0.00000   0.00000   0.6975564E-02
  2739  2.896065740689380E+06  41.606993  5.603115  4.640692  0.6140510E+00  0.3721798E+00  4.3517992E-06  2.9308869E-04  2.2457265E-05  7.7222677E-03  1.4291360E-03  2.1816705E-06  1.3093512E-06  2.0756960E-03  1.8609959E-05  0.6174    4.640692  -5.742  0.471381  7.629388  0.4199278E+00  0.5664236E+00  1.0449771E-08  8.0325921E-05  2.2044885E-05  9.0757988E-03  1.6947773E-04  3.3433877E-07  5.6048569E-10  2.0447473E-03  2.3460426E-06  1.087E-10  5.940E-17  9.306E+10  5.918E+12  2.215E+01  6.391E+06  0.38879338  2.387E-05  2.388E-05  9.765E-01  4.637E-06  1.191E-05  1.028E+00  306   25.7153  9.35E-03 1.6264E+01 2.3953E+01    6.97E+02 0.00E+00 1.85E+02  0.388989  0.239097 6.97E+02 0.00E+00 1.85E+02  0.388793  0.239108  0.0000000E+00  0.0000000E+00  3.3657311E-04  2.4188584E+00  5.7755167E-01  6.8890231E-04 -9.8792452E-01  3.3121997E-01  3.4132227E-01 0.000 0.620 1.000 1.000 1.000 1.000 1.000 1.000 1.000 1.000 1.000 1.000 1.000 1.000 1.000 1.000 1.000 1.000 1.000 1.000 1.000 1.000 1.000 1.000 1.000 1.000 1.000 1.000 1.000 1.000 1.000 1.000 1.000 1.000 1.000 1.000 1.000 1.000 1.000 1.000  6.6063062318E-01   0.58323   1.00000   0.00000   0.00000   0.6911035E-02
  2757  2.912653202270660E+06  41.576839  5.604154  4.640356  0.6134631E+00  0.3727683E+00  4.3283400E-06  2.9167763E-04  2.2469697E-05  7.7302412E-03  1.4219077E-03  2.1717914E-06  1.3010091E-06  2.0756020E-03  1.8503965E-05  0.6168    4.640356  -5.739  0.471893  7.629645  0.4173708E+00  0.5689806E+00  1.0111538E-08  8.0441482E-05  2.2078528E-05  9.0766755E-03  1.6828379E-04  3.3065626E-07  5.3522760E-10  2.0443336E-03  2.3590028E-06  1.068E-10  5.839E-17  9.124E+10  5.792E+12  2.172E+01  6.256E+06  0.38716755  2.366E-05  2.368E-05  9.767E-01  4.586E-06  1.180E-05  1.028E+00  307   25.5856  9.35E-03 1.6113E+01 2.3732E+01    6.96E+02 0.00E+00 1.84E+02  0.387342  0.239736 6.96E+02 0.00E+00 1.84E+02  0.387168  0.239767  0.0000000E+00  0.0000000E+00  3.3388521E-04  2.4181921E+00  5.7238022E-01  6.7718096E-04 -9.8655597E-01  3.3037974E-01  3.4159964E-01 0.000 0.619 1.000 1.000 1.000 1.000 1.000 1.000 1.000 1.000 1.000 1.000 1.000 1.000 1.000 1.000 1.000 1.000 1.000 1.000 1.000 1.000 1.000 1.000 1.000 1.000 1.000 1.000 1.000 1.000 1.000 1.000 1.000 1.000 1.000 1.000 1.000 1.000 1.000 1.000  6.5492306502E-01   0.57968   1.00000   0.00000   0.00000   0.6841862E-02
  2774  2.929132953062452E+06  41.546700  5.605162  4.640038  0.6128849E+00  0.3733472E+00  4.3055582E-06  2.9030485E-04  2.2482156E-05  7.7380070E-03  1.4148652E-03  2.1621540E-06  1.2928950E-06  2.0755095E-03  1.8400902E-05  0.6158    4.640038  -5.737  0.472398  7.629904  0.4148120E+00  0.5715395E+00  1.0030397E-08  8.0507523E-05  2.2096020E-05  9.0775883E-03  1.6713324E-04  3.2824942E-07  5.4820791E-10  2.0439193E-03  2.3710822E-06  1.066E-10  5.828E-17  9.150E+10  5.812E+12  2.178E+01  6.277E+06  0.38560133  2.345E-05  2.347E-05  9.769E-01  4.537E-06  1.168E-05  1.028E+00  305   25.5856  9.35E-03 1.5963E+01 2.3513E+01    6.95E+02 0.00E+00 1.83E+02  0.385875  0.240402 6.95E+02 0.00E+00 1.83E+02  0.385601  0.240412  0.0000000E+00  0.0000000E+00  3.3485276E-04  2.4173781E+00  5.6724343E-01  6.6514330E-04 -9.8520789E-01  3.2954695E-01  3.4188407E-01 0.000 0.619 1.000 1.000 1.000 1.000 1.000 1.000 1.000 1.000 1.000 1.000 1.000 1.000 1.000 1.000 1.000 1.000 1.000 1.000 1.000 1.000 1.000 1.000 1.000 1.000 1.000 1.000 1.000 1.000 1.000 1.000 1.000 1.000 1.000 1.000 1.000 1.000 1.000 1.000  6.4923701374E-01   0.57613   1.00000   0.00000   0.00000   0.6775641E-02
  2791  2.945612703854244E+06  41.516394  5.606138  4.639730  0.6123102E+00  0.3739226E+00  4.2831915E-06  2.8895468E-04  2.2494757E-05  7.7456528E-03  1.4079293E-03  2.1526512E-06  1.2849161E-06  2.0754176E-03  1.8299589E-05  0.6148    4.639730  -5.734  0.472899  7.630164  0.4122501E+00  0.5741015E+00  9.8445529E-09  8.0582692E-05  2.2117176E-05  9.0784330E-03  1.6604421E-04  3.2554221E-07  5.4235438E-10  2.0435041E-03  2.3833983E-06  1.049E-10  5.734E-17  9.086E+10  5.770E+12  2.163E+01  6.232E+06  0.38391533  2.325E-05  2.327E-05  9.771E-01  4.487E-06  1.157E-05  1.028E+00  303   25.5856  9.35E-03 1.5814E+01 2.3294E+01    6.94E+02 0.00E+00 1.82E+02  0.384098  0.241033 6.94E+02 0.00E+00 1.82E+02  0.383915  0.241043  0.0000000E+00  0.0000000E+00  3.3535255E-04  2.4165143E+00  5.6209224E-01  6.5318902E-04 -9.8385778E-01  3.2871280E-01  3.4217060E-01 0.000 0.618 1.000 1.000 1.000 1.000 1.000 1.000 1.000 1.000 1.000 1.000 1.000 1.000 1.000 1.000 1.000 1.000 1.000 1.000 1.000 1.000 1.000 1.000 1.000 1.000 1.000 1.000 1.000 1.000 1.000 1.000 1.000 1.000 1.000 1.000 1.000 1.000 1.000 1.000  6.4354053137E-01   0.57257   1.00000   0.00000   0.00000   0.6712032E-02
  2808  2.961413876672257E+06  41.487167  5.607166  4.639361  0.6117650E+00  0.3744683E+00  4.2622291E-06  2.8768699E-04  2.2506920E-05  7.7528387E-03  1.4014085E-03  2.1437067E-06  1.2774264E-06  2.0753305E-03  1.8204518E-05  0.6141    4.639361  -5.732  0.473331  7.630386  0.4097581E+00  0.5765936E+00  9.2954327E-09  8.0963180E-05  2.2224289E-05  9.0788181E-03  1.6497000E-04  3.2027334E-07  5.2724527E-10  2.0430999E-03  2.3956616E-06  1.014E-10  5.538E-17  8.712E+10  5.503E+12  2.073E+01  5.944E+06  0.38241097  2.305E-05  2.306E-05  9.773E-01  4.440E-06  1.146E-05  1.028E+00  304   25.4549  9.35E-03 1.5667E+01 2.3080E+01    6.92E+02 0.00E+00 1.81E+02  0.382575  0.241694 6.92E+02 0.00E+00 1.81E+02  0.382411  0.241703  0.0000000E+00  0.0000000E+00  3.0260960E-04  2.4163630E+00  5.5714173E-01  6.4209349E-04 -9.8245229E-01  3.2787247E-01  3.4240847E-01 0.000 0.617 1.000 1.000 1.000 1.000 1.000 1.000 1.000 1.000 1.000 1.000 1.000 1.000 1.000 1.000 1.000 1.000 1.000 1.000 1.000 1.000 1.000 1.000 1.000 1.000 1.000 1.000 1.000 1.000 1.000 1.000 1.000 1.000 1.000 1.000 1.000 1.000 1.000 1.000  6.3806534679E-01   0.56911   1.00000   0.00000   0.00000   0.6643503E-02
  2825  2.977467092737671E+06  41.457309  5.608123  4.639063  0.6112150E+00  0.3750190E+00  4.2413271E-06  2.8642069E-04  2.2519397E-05  7.7600235E-03  1.3948866E-03  2.1347506E-06  1.2699465E-06  2.0752426E-03  1.8109602E-05  0.6132    4.639063  -5.729  0.473934  7.630678  0.4072330E+00  0.5791187E+00  9.4282967E-09  8.0761249E-05  2.2167550E-05  9.0799937E-03  1.6396564E-04  3.2002374E-07  5.2647324E-10  2.0426900E-03  2.4079698E-06  1.040E-10  5.688E-17  8.915E+10  5.652E+12  2.122E+01  6.104E+06  0.38076426  2.285E-05  2.287E-05  9.775E-01  4.392E-06  1.136E-05  1.027E+00  304   25.4549  9.35E-03 1.5521E+01 2.2866E+01    6.91E+02 0.00E+00 1.80E+02  0.380948  0.242317 6.91E+02 0.00E+00 1.79E+02  0.380764  0.242328  0.0000000E+00  0.0000000E+00  3.3345337E-04  2.4151948E+00  5.5210808E-01  6.3066759E-04 -9.8119567E-01  3.2707615E-01  3.4271291E-01 0.000 0.616 1.000 1.000 1.000 1.000 1.000 1.000 1.000 1.000 1.000 1.000 1.000 1.000 1.000 1.000 1.000 1.000 1.000 1.000 1.000 1.000 1.000 1.000 1.000 1.000 1.000 1.000 1.000 1.000 1.000 1.000 1.000 1.000 1.000 1.000 1.000 1.000 1.000 1.000  6.3249177632E-01   0.56560   1.00000   0.00000   0.00000   0.6581113E-02
  2842  2.993782046021543E+06  41.426794  5.609174  4.638697  0.6106610E+00  0.3755736E+00  4.2205200E-06  2.8515783E-04  2.2532170E-05  7.7671955E-03  1.3883744E-03  2.1257982E-06  1.2624886E-06  2.0751541E-03  1.8014997E-05  0.6125    4.638697  -5.727  0.474506  7.630949  0.4046395E+00  0.5817122E+00  9.1782456E-09  8.0837212E-05  2.2188996E-05  9.0807800E-03  1.6294179E-04  3.1749986E-07  5.0959295E-10  2.0422686E-03  2.4200242E-06  1.029E-10  5.629E-17  8.793E+10  5.567E+12  2.093E+01  6.013E+06  0.37915672  2.264E-05  2.266E-05  9.777E-01  4.344E-06  1.125E-05  1.027E+00  304   25.3234  9.35E-03 1.5369E+01 2.2644E+01    6.90E+02 0.00E+00 1.78E+02  0.379355  0.243000 6.90E+02 0.00E+00 1.78E+02  0.379157  0.243010  0.0000000E+00  0.0000000E+00  3.3430093E-04  2.4146181E+00  5.4696397E-01  6.1895040E-04 -9.7981863E-01  3.2623055E-01  3.4298970E-01 0.000 0.614 1.000 1.000 1.000 1.000 1.000 1.000 1.000 1.000 1.000 1.000 1.000 1.000 1.000 1.000 1.000 1.000 1.000 1.000 1.000 1.000 1.000 1.000 1.000 1.000 1.000 1.000 1.000 1.000 1.000 1.000 1.000 1.000 1.000 1.000 1.000 1.000 1.000 1.000  6.2681665245E-01   0.56200   1.00000   0.00000   0.00000   0.6511886E-02
  2859  3.010096999305414E+06  41.396099  5.610160  4.638352  0.6101125E+00  0.3761227E+00  4.2001653E-06  2.8392007E-04  2.2545029E-05  7.7742315E-03  1.3819839E-03  2.1170030E-06  1.2551808E-06  2.0750665E-03  1.7922327E-05  0.6116    4.638352  -5.724  0.475036  7.631216  0.4020345E+00  0.5843173E+00  9.0732881E-09  8.0915606E-05  2.2210916E-05  9.0815254E-03  1.6196073E-04  3.1500996E-07  5.1709801E-10  2.0418449E-03  2.4324314E-06  1.027E-10  5.617E-17  8.792E+10  5.568E+12  2.092E+01  6.014E+06  0.37747781  2.244E-05  2.245E-05  9.779E-01  4.296E-06  1.114E-05  1.027E+00  303   25.3234  9.35E-03 1.5219E+01 2.2425E+01    6.89E+02 0.00E+00 1.77E+02  0.377681  0.243649 6.89E+02 0.00E+00 1.77E+02  0.377478  0.243660  0.0000000E+00  0.0000000E+00  3.3491484E-04  2.4138938E+00  5.4184360E-01  6.0793600E-04 -9.7844226E-01  3.2538393E-01  3.4327113E-01 0.000 0.615 1.000 1.000 1.000 1.000 1.000 1.000 1.000 1.000 1.000 1.000 1.000 1.000 1.000 1.000 1.000 1.000 1.000 1.000 1.000 1.000 1.000 1.000 1.000 1.000 1.000 1.000 1.000 1.000 1.000 1.000 1.000 1.000 1.000 1.000 1.000 1.000 1.000 1.000  6.2112749405E-01   0.55838   1.00000   0.00000   0.00000   0.6446732E-02
  2877  3.026354370401226E+06  41.365343  5.611128  4.638008  0.6095697E+00  0.3766661E+00  4.1802504E-06  2.8270676E-04  2.2557956E-05  7.7811344E-03  1.3757124E-03  2.1083626E-06  1.2480192E-06  2.0749798E-03  1.7831540E-05  0.6107    4.638008  -5.722  0.475562  7.631480  0.3994283E+00  0.5869236E+00  8.7841353E-09  8.1033281E-05  2.2244986E-05  9.0821834E-03  1.6101289E-04  3.1191643E-07  4.9836523E-10  2.0414207E-03  2.4457969E-06  1.015E-10  5.550E-17  8.674E+10  5.487E+12  2.064E+01  5.926E+06  0.37586345  2.224E-05  2.225E-05  9.781E-01  4.248E-06  1.103E-05  1.027E+00  304   25.1910  9.35E-03 1.5070E+01 2.2207E+01    6.87E+02 0.00E+00 1.76E+02  0.375934  0.244293 6.87E+02 0.00E+00 1.76E+02  0.375863  0.244303  0.0000000E+00  0.0000000E+00  3.3206425E-04  2.4132639E+00  5.3671792E-01  5.9647764E-04 -9.7705273E-01  3.2453355E-01  3.4354660E-01 0.000 0.612 1.000 1.000 1.000 1.000 1.000 1.000 1.000 1.000 1.000 1.000 1.000 1.000 1.000 1.000 1.000 1.000 1.000 1.000 1.000 1.000 1.000 1.000 1.000 1.000 1.000 1.000 1.000 1.000 1.000 1.000 1.000 1.000 1.000 1.000 1.000 1.000 1.000 1.000  6.1544964992E-01   0.55477   1.00000   0.00000   0.00000   0.6383617E-02
  2894  3.042506174152261E+06  41.334607  5.612190  4.637619  0.6090363E+00  0.3772000E+00  4.1609082E-06  2.8152607E-04  2.2570860E-05  7.7878574E-03  1.3696026E-03  2.0999361E-06  1.2410519E-06  2.0748946E-03  1.7743247E-05  0.6098    4.637619  -5.719  0.476164  7.631761  0.3968114E+00  0.5895405E+00  8.6729599E-09  8.1100886E-05  2.2263101E-05  9.0829067E-03  1.6007570E-04  3.0993687E-07  5.0352223E-10  2.0409943E-03  2.4579683E-06  1.005E-10  5.499E-17  8.620E+10  5.449E+12  2.052E+01  5.885E+06  0.37415950  2.202E-05  2.204E-05  9.783E-01  4.201E-06  1.092E-05  1.026E+00  303   25.1910  9.35E-03 1.4918E+01 2.1985E+01    6.86E+02 0.00E+00 1.75E+02  0.374341  0.244991 6.86E+02 0.00E+00 1.75E+02  0.374160  0.245002  0.0000000E+00  0.0000000E+00  3.3291600E-04  2.4127002E+00  5.3161571E-01  5.8515584E-04 -9.7567189E-01  3.2368491E-01  3.4382445E-01 0.000 0.613 1.000 1.000 1.000 1.000 1.000 1.000 1.000 1.000 1.000 1.000 1.000 1.000 1.000 1.000 1.000 1.000 1.000 1.000 1.000 1.000 1.000 1.000 1.000 1.000 1.000 1.000 1.000 1.000 1.000 1.000 1.000 1.000 1.000 1.000 1.000 1.000 1.000 1.000  6.0979515805E-01   0.55113   1.00000   0.00000   0.00000   0.6313311E-02
  2911  3.058657977903297E+06  41.303699  5.613153  4.637263  0.6085068E+00  0.3777301E+00  4.1419222E-06  2.8036488E-04  2.2583865E-05  7.7944748E-03  1.3635872E-03  2.0916315E-06  1.2342015E-06  2.0748100E-03  1.7656465E-05  0.6088    4.637263  -5.717  0.476713  7.632033  0.3941944E+00  0.5921576E+00  8.5080165E-09  8.1178318E-05  2.2284880E-05  9.0835622E-03  1.5919865E-04  3.0768122E-07  4.9938459E-10  2.0405675E-03  2.4704950E-06  9.611E-11  5.252E-17  8.560E+10  5.409E+12  2.037E+01  5.842E+06  0.37241135  2.182E-05  2.183E-05  9.785E-01  4.154E-06  1.081E-05  1.026E+00  303   25.1910  9.35E-03 1.4769E+01 2.1766E+01    6.85E+02 0.00E+00 1.74E+02  0.372602  0.245638 6.85E+02 0.00E+00 1.74E+02  0.372411  0.245649  0.0000000E+00  0.0000000E+00  3.3340894E-04  2.4119979E+00  5.2650694E-01  5.7444689E-04 -9.7429088E-01  3.2283604E-01  3.4410484E-01 0.000 0.612 1.000 1.000 1.000 1.000 1.000 1.000 1.000 1.000 1.000 1.000 1.000 1.000 1.000 1.000 1.000 1.000 1.000 1.000 1.000 1.000 1.000 1.000 1.000 1.000 1.000 1.000 1.000 1.000 1.000 1.000 1.000 1.000 1.000 1.000 1.000 1.000 1.000 1.000  6.0413091084E-01   0.54749   1.00000   0.00000   0.00000   0.6249786E-02
  2929  3.074733773166092E+06  41.272762  5.614213  4.636847  0.6079854E+00  0.3782521E+00  4.1234331E-06  2.7923188E-04  2.2596864E-05  7.8009366E-03  1.3577117E-03  2.0835119E-06  1.2275192E-06  2.0747268E-03  1.7571842E-05  0.6081    4.636847  -5.714  0.477316  7.632311  0.3915597E+00  0.5947924E+00  8.2671185E-09  8.1291605E-05  2.2317103E-05  9.0841728E-03  1.5831274E-04  3.0491394E-07  4.8816188E-10  2.0401375E-03  2.4837550E-06  9.845E-11  5.386E-17  8.432E+10  5.319E+12  2.007E+01  5.744E+06  0.37080980  2.161E-05  2.163E-05  9.787E-01  4.108E-06  1.071E-05  1.026E+00  303   25.0577  9.35E-03 1.4617E+01 2.1544E+01    6.83E+02 0.00E+00 1.73E+02  0.371089  0.246345 6.83E+02 0.00E+00 1.73E+02  0.370810  0.246354  0.0000000E+00  0.0000000E+00  3.3100704E-04  2.4116326E+00  5.2141110E-01  5.6329495E-04 -9.7287913E-01  3.2197587E-01  3.4437194E-01 0.000 0.610 1.000 1.000 1.000 1.000 1.000 1.000 1.000 1.000 1.000 1.000 1.000 1.000 1.000 1.000 1.000 1.000 1.000 1.000 1.000 1.000 1.000 1.000 1.000 1.000 1.000 1.000 1.000 1.000 1.000 1.000 1.000 1.000 1.000 1.000 1.000 1.000 1.000 1.000  5.9848268223E-01   0.54383   1.00000   0.00000   0.00000   0.6179178E-02
  2946  3.090724058879614E+06  41.241812  5.615170  4.636470  0.6074713E+00  0.3787666E+00  4.1054071E-06  2.7812506E-04  2.2609868E-05  7.8072537E-03  1.3519662E-03  2.0755643E-06  1.2209932E-06  2.0746447E-03  1.7489226E-05  0.6071    4.636470  -5.712  0.477881  7.632587  0.3889359E+00  0.5974162E+00  8.1423750E-09  8.1366083E-05  2.2337728E-05  9.0847861E-03  1.5748893E-04  3.0298218E-07  4.8981474E-10  2.0397088E-03  2.4963041E-06  9.789E-11  5.355E-17  8.404E+10  5.301E+12  2.000E+01  5.725E+06  0.36907181  2.140E-05  2.142E-05  9.789E-01  4.062E-06  1.060E-05  1.026E+00  303   25.0577  9.35E-03 1.4468E+01 2.1326E+01    6.82E+02 0.00E+00 1.72E+02  0.369264  0.246993 6.82E+02 0.00E+00 1.71E+02  0.369072  0.247004  0.0000000E+00  0.0000000E+00  3.3139289E-04  2.4109872E+00  5.1632952E-01  5.5282106E-04 -9.7149524E-01  3.2112630E-01  3.4464947E-01 0.000 0.609 1.000 1.000 1.000 1.000 1.000 1.000 1.000 1.000 1.000 1.000 1.000 1.000 1.000 1.000 1.000 1.000 1.000 1.000 1.000 1.000 1.000 1.000 1.000 1.000 1.000 1.000 1.000 1.000 1.000 1.000 1.000 1.000 1.000 1.000 1.000 1.000 1.000 1.000  5.9285265164E-01   0.54019   1.00000   0.00000   0.00000   0.6115505E-02
  2963  3.106714344593136E+06  41.210693  5.616184  4.636058  0.6069615E+00  0.3792770E+00  4.0877204E-06  2.7703695E-04  2.2622945E-05  7.8134685E-03  1.3463125E-03  2.0677364E-06  1.2145793E-06  2.0745633E-03  1.7408057E-05  0.6064    4.636058  -5.710  0.478490  7.632870  0.3862995E+00  0.6000526E+00  7.9866015E-09  8.1444865E-05  2.2359873E-05  9.0853714E-03  1.5668969E-04  3.0089194E-07  4.8654748E-10  2.0392776E-03  2.5088561E-06  9.665E-11  5.290E-17  8.345E+10  5.261E+12  1.986E+01  5.682E+06  0.36736385  2.120E-05  2.122E-05  9.791E-01  4.017E-06  1.050E-05  1.025E+00  302   25.0577  9.35E-03 1.4318E+01 2.1107E+01    6.81E+02 0.00E+00 1.70E+02  0.367587  0.247671 6.81E+02 0.00E+00 1.70E+02  0.367364  0.247689  0.0000000E+00  0.0000000E+00  3.3202386E-04  2.4104549E+00  5.1126088E-01  5.4196901E-04 -9.7009863E-01  3.2027077E-01  3.4492423E-01 0.000 0.610 1.000 1.000 1.000 1.000 1.000 1.000 1.000 1.000 1.000 1.000 1.000 1.000 1.000 1.000 1.000 1.000 1.000 1.000 1.000 1.000 1.000 1.000 1.000 1.000 1.000 1.000 1.000 1.000 1.000 1.000 1.000 1.000 1.000 1.000 1.000 1.000 1.000 1.000  5.8721402987E-01   0.53652   1.00000   0.00000   0.00000   0.6047543E-02
  2981  3.122704630306659E+06  41.179392  5.617185  4.635629  0.6064576E+00  0.3797814E+00  4.0704272E-06  2.7597090E-04  2.2636056E-05  7.8195615E-03  1.3407681E-03  2.0600528E-06  1.2082973E-06  2.0744829E-03  1.7328585E-05  0.6053    4.635629  -5.707  0.478983  7.633117  0.3836284E+00  0.6027239E+00  7.5296311E-09  8.1842606E-05  2.2472163E-05  9.0855034E-03  1.5587493E-04  2.9615653E-07  4.7731153E-10  2.0388404E-03  2.5224951E-06  9.575E-11  5.240E-17  8.005E+10  5.015E+12  1.905E+01  5.416E+06  0.36567155  2.099E-05  2.100E-05  9.793E-01  3.972E-06  1.039E-05  1.025E+00  301   24.9235  9.35E-03 1.4166E+01 2.0884E+01    6.79E+02 0.00E+00 1.69E+02  0.365850  0.248362 6.79E+02 0.00E+00 1.69E+02  0.365672  0.248372  0.0000000E+00  0.0000000E+00  2.9937273E-04  2.4104475E+00  5.0614703E-01  5.3101141E-04 -9.6859951E-01  3.1937868E-01  3.4516658E-01 0.000 0.609 1.000 1.000 1.000 1.000 1.000 1.000 1.000 1.000 1.000 1.000 1.000 1.000 1.000 1.000 1.000 1.000 1.000 1.000 1.000 1.000 1.000 1.000 1.000 1.000 1.000 1.000 1.000 1.000 1.000 1.000 1.000 1.000 1.000 1.000 1.000 1.000 1.000 1.000  5.8156285426E-01   0.53282   1.00000   0.00000   0.00000   0.5981439E-02
  2998  3.138535013163051E+06  41.148234  5.618138  4.635253  0.6059624E+00  0.3802771E+00  4.0536112E-06  2.7493220E-04  2.2649112E-05  7.8255022E-03  1.3353613E-03  2.0525530E-06  1.2021784E-06  2.0744038E-03  1.7251202E-05  0.6043    4.635253  -5.705  0.479676  7.633434  0.3809896E+00  0.6053626E+00  7.6281336E-09  8.1634561E-05  2.2413259E-05  9.0864597E-03  1.5513145E-04  2.9651407E-07  4.7641134E-10  2.0384080E-03  2.5349576E-06  9.548E-11  5.225E-17  8.184E+10  5.148E+12  1.948E+01  5.560E+06  0.36392370  2.079E-05  2.080E-05  9.796E-01  3.927E-06  1.029E-05  1.025E+00  302   24.9235  9.35E-03 1.4018E+01 2.0668E+01    6.78E+02 0.00E+00 1.68E+02  0.364119  0.249018 6.78E+02 0.00E+00 1.68E+02  0.363924  0.249029  0.0000000E+00  0.0000000E+00  3.2975837E-04  2.4094731E+00  5.0109957E-01  5.2096777E-04 -9.6728578E-01  3.1855127E-01  3.4546943E-01 0.000 0.607 1.000 1.000 1.000 1.000 1.000 1.000 1.000 1.000 1.000 1.000 1.000 1.000 1.000 1.000 1.000 1.000 1.000 1.000 1.000 1.000 1.000 1.000 1.000 1.000 1.000 1.000 1.000 1.000 1.000 1.000 1.000 1.000 1.000 1.000 1.000 1.000 1.000 1.000  5.7596002615E-01   0.52915   1.00000   0.00000   0.00000   0.5918332E-02
  3015  3.154365396019442E+06  41.116899  5.619199  4.634775  0.6054728E+00  0.3807673E+00  4.0371568E-06  2.7391378E-04  2.2662195E-05  7.8313304E-03  1.3300554E-03  2.0451869E-06  1.1961807E-06  2.0743257E-03  1.7175379E-05  0.6035    4.634775  -5.702  0.480336  7.633727  0.3783149E+00  0.6080373E+00  7.4480157E-09  8.1715790E-05  2.2436063E-05  9.0870059E-03  1.5437275E-04  2.9452076E-07  4.6938145E-10  2.0379693E-03  2.5474234E-06  9.443E-11  5.169E-17  8.100E+10  5.089E+12  1.928E+01  5.496E+06  0.36233051  2.058E-05  2.060E-05  9.797E-01  3.883E-06  1.018E-05  1.025E+00  302   24.7884  9.35E-03 1.3866E+01 2.0445E+01    6.77E+02 0.00E+00 1.67E+02  0.362528  0.249741 6.77E+02 0.00E+00 1.67E+02  0.362331  0.249752  0.0000000E+00  0.0000000E+00  3.3060594E-04  2.4092101E+00  4.9602753E-01  5.1035612E-04 -9.6586300E-01  3.1768434E-01  3.4573584E-01 0.000 0.606 1.000 1.000 1.000 1.000 1.000 1.000 1.000 1.000 1.000 1.000 1.000 1.000 1.000 1.000 1.000 1.000 1.000 1.000 1.000 1.000 1.000 1.000 1.000 1.000 1.000 1.000 1.000 1.000 1.000 1.000 1.000 1.000 1.000 1.000 1.000 1.000 1.000 1.000  5.7034563975E-01   0.52544   1.00000   0.00000   0.00000   0.5846512E-02
  3033  3.170177154896000E+06  41.085427  5.620153  4.634325  0.6049877E+00  0.3812528E+00  4.0210239E-06  2.7291322E-04  2.2675324E-05  7.8370600E-03  1.3248384E-03  2.0379379E-06  1.1902901E-06  2.0742483E-03  1.7100935E-05  0.6025    4.634325  -5.700  0.480879  7.633993  0.3756474E+00  0.6107049E+00  7.2054044E-09  8.1924544E-05  2.2498293E-05  9.0873159E-03  1.5366686E-04  2.9112198E-07  4.6505817E-10  2.0375314E-03  2.5613481E-06  9.336E-11  5.109E-17  7.947E+10  4.979E+12  1.891E+01  5.378E+06  0.36060488  2.037E-05  2.039E-05  9.799E-01  3.839E-06  1.008E-05  1.025E+00  302   24.7884  9.35E-03 1.3717E+01 2.0227E+01    6.75E+02 0.00E+00 1.66E+02  0.360783  0.250407 6.75E+02 0.00E+00 1.66E+02  0.360605  0.250418  0.0000000E+00  0.0000000E+00  3.2776605E-04  2.4089166E+00  4.9097059E-01  4.9988851E-04 -9.6440816E-01  3.1680760E-01  3.4599320E-01 0.000 0.605 1.000 1.000 1.000 1.000 1.000 1.000 1.000 1.000 1.000 1.000 1.000 1.000 1.000 1.000 1.000 1.000 1.000 1.000 1.000 1.000 1.000 1.000 1.000 1.000 1.000 1.000 1.000 1.000 1.000 1.000 1.000 1.000 1.000 1.000 1.000 1.000 1.000 1.000  5.6472770047E-01   0.52173   1.00000   0.00000   0.00000   0.5781218E-02
  3051  3.186771120925464E+06  41.052211  5.621249  4.633786  0.6044842E+00  0.3817568E+00  4.0044495E-06  2.7188314E-04  2.2689129E-05  7.8429620E-03  1.3194631E-03  2.0304626E-06  1.1842276E-06  2.0741680E-03  1.7024346E-05  0.6016    4.633786  -5.697  0.481644  7.634324  0.3728171E+00  0.6135352E+00  7.0815764E-09  8.1912627E-05  2.2491407E-05  9.0879864E-03  1.5292559E-04  2.9037014E-07  4.5787437E-10  2.0370662E-03  2.5745541E-06  9.233E-11  5.055E-17  7.918E+10  4.961E+12  1.885E+01  5.358E+06  0.35903548  2.016E-05  2.017E-05  9.801E-01  3.793E-06  9.975E-06  1.024E+00  302   24.6524  9.35E-03 1.3556E+01 1.9992E+01    6.74E+02 0.00E+00 1.65E+02  0.359137  0.251166 6.74E+02 0.00E+00 1.65E+02  0.359035  0.251175  0.0000000E+00  0.0000000E+00  3.2865311E-04  2.4084650E+00  4.8560156E-01  4.8941626E-04 -9.6294319E-01  3.1590397E-01  3.4628693E-01 0.000 0.604 1.000 1.000 1.000 1.000 1.000 1.000 1.000 1.000 1.000 1.000 1.000 1.000 1.000 1.000 1.000 1.000 1.000 1.000 1.000 1.000 1.000 1.000 1.000 1.000 1.000 1.000 1.000 1.000 1.000 1.000 1.000 1.000 1.000 1.000 1.000 1.000 1.000 1.000  5.5882086176E-01   0.51780   1.00000   0.00000   0.00000   0.5704538E-02
  3069  3.203365086954928E+06  41.018795  5.622262  4.633278  0.6039858E+00  0.3822558E+00  3.9882165E-06  2.7087207E-04  2.2702976E-05  7.8487585E-03  1.3141827E-03  2.0231132E-06  1.1782791E-06  2.0740884E-03  1.6949225E-05  0.6005    4.633278  -5.695  0.482308  7.634634  0.3699785E+00  0.6163739E+00  6.9635385E-09  8.1998502E-05  2.2515550E-05  9.0884764E-03  1.5222327E-04  2.8846443E-07  4.5984355E-10  2.0365992E-03  2.5881437E-06  9.192E-11  5.032E-17  7.889E+10  4.942E+12  1.878E+01  5.337E+06  0.35725273  1.994E-05  1.995E-05  9.803E-01  3.748E-06  9.868E-06  1.024E+00  304   24.6524  9.35E-03 1.3398E+01 1.9760E+01    6.72E+02 0.00E+00 1.63E+02  0.357349  0.251876 6.72E+02 0.00E+00 1.63E+02  0.357253  0.251888  0.0000000E+00  0.0000000E+00  3.2919783E-04  2.4079715E+00  4.8025828E-01  4.7866813E-04 -9.6144883E-01  3.1498996E-01  3.4657551E-01 0.000 0.603 1.000 1.000 1.000 1.000 1.000 1.000 1.000 1.000 1.000 1.000 1.000 1.000 1.000 1.000 1.000 1.000 1.000 1.000 1.000 1.000 1.000 1.000 1.000 1.000 1.000 1.000 1.000 1.000 1.000 1.000 1.000 1.000 1.000 1.000 1.000 1.000 1.000 1.000  5.5289929795E-01   0.51386   1.00000   0.00000   0.00000   0.5633971E-02
  3087  3.219405920783410E+06  40.986314  5.623280  4.632732  0.6035086E+00  0.3827334E+00  3.9728326E-06  2.6991185E-04  2.2716396E-05  7.8542665E-03  1.3091643E-03  2.0161225E-06  1.1726316E-06  2.0740123E-03  1.6877932E-05  0.5998    4.632732  -5.692  0.482883  7.634904  0.3672240E+00  0.6191284E+00  6.5817797E-09  8.2389856E-05  2.2625214E-05  9.0884780E-03  1.5156845E-04  2.8448001E-07  4.5526342E-10  2.0361456E-03  2.6021258E-06  8.723E-11  4.772E-17  7.585E+10  4.723E+12  1.805E+01  5.101E+06  0.35545966  1.972E-05  1.973E-05  9.805E-01  3.704E-06  9.765E-06  1.024E+00  304   24.6524  9.35E-03 1.3244E+01 1.9534E+01    6.71E+02 0.00E+00 1.62E+02  0.355649  0.252602 6.71E+02 0.00E+00 1.62E+02  0.355460  0.252604  0.0000000E+00  0.0000000E+00  2.9691208E-04  2.4080140E+00  4.7507241E-01  4.6821869E-04 -9.5990986E-01  3.1407385E-01  3.4682197E-01 0.000 0.603 1.000 1.000 1.000 1.000 1.000 1.000 1.000 1.000 1.000 1.000 1.000 1.000 1.000 1.000 1.000 1.000 1.000 1.000 1.000 1.000 1.000 1.000 1.000 1.000 1.000 1.000 1.000 1.000 1.000 1.000 1.000 1.000 1.000 1.000 1.000 1.000 1.000 1.000  5.4716595773E-01   0.51003   1.00000   0.00000   0.00000   0.5562442E-02
  3105  3.235502067831992E+06  40.953528  5.624314  4.632214  0.6030354E+00  0.3832070E+00  3.9577320E-06  2.6896729E-04  2.2729867E-05  7.8596874E-03  1.3042241E-03  2.0092354E-06  1.1670782E-06  2.0739368E-03  1.6807850E-05  0.5986    4.632214  -5.690  0.483650  7.635243  0.3644240E+00  0.6219284E+00  6.6339650E-09  8.2199786E-05  2.2572173E-05  9.0893386E-03  1.5090355E-04  2.8454409E-07  4.5210794E-10  2.0356840E-03  2.6156104E-06  8.991E-11  4.923E-17  7.729E+10  4.829E+12  1.840E+01  5.215E+06  0.35374064  1.950E-05  1.952E-05  9.807E-01  3.661E-06  9.663E-06  1.024E+00  306   24.5196  9.35E-03 1.3089E+01 1.9307E+01    6.69E+02 0.00E+00 1.61E+02  0.353958  0.253322 6.69E+02 0.00E+00 1.61E+02  0.353741  0.253334  0.0000000E+00  0.0000000E+00  3.2723250E-04  2.4074500E+00  4.6987151E-01  4.5840427E-04 -9.5849509E-01  3.1319355E-01  3.4711932E-01 0.000 0.602 1.000 1.000 1.000 1.000 1.000 1.000 1.000 1.000 1.000 1.000 1.000 1.000 1.000 1.000 1.000 1.000 1.000 1.000 1.000 1.000 1.000 1.000 1.000 1.000 1.000 1.000 1.000 1.000 1.000 1.000 1.000 1.000 1.000 1.000 1.000 1.000 1.000 1.000  5.4139904153E-01   0.50614   1.00000   0.00000   0.00000   0.5491605E-02
  3123  3.251930094201163E+06  40.919882  5.625340  4.631664  0.6025567E+00  0.3836862E+00  3.9426042E-06  2.6801899E-04  2.2743657E-05  7.8651324E-03  1.2992611E-03  2.0023111E-06  1.1615048E-06  2.0738605E-03  1.6737542E-05  0.5979    4.631664  -5.688  0.484377  7.635563  0.3615673E+00  0.6247850E+00  6.4789563E-09  8.2286901E-05  2.2596624E-05  9.0897662E-03  1.5027029E-04  2.8280631E-07  4.4806059E-10  2.0352125E-03  2.6292764E-06  8.845E-11  4.844E-17  7.612E+10  4.746E+12  1.812E+01  5.125E+06  0.35188397  1.928E-05  1.931E-05  9.809E-01  3.617E-06  9.558E-06  1.023E+00  307   24.5196  9.35E-03 1.2931E+01 1.9076E+01    6.68E+02 0.00E+00 1.60E+02  0.352113  0.254037 6.68E+02 0.00E+00 1.60E+02  0.351884  0.254066  0.0000000E+00  0.0000000E+00  3.2767398E-04  2.4071401E+00  4.6456585E-01  4.4802997E-04 -9.5698308E-01  3.1227194E-01  3.4740206E-01 0.000 0.601 1.000 1.000 1.000 1.000 1.000 1.000 1.000 1.000 1.000 1.000 1.000 1.000 1.000 1.000 1.000 1.000 1.000 1.000 1.000 1.000 1.000 1.000 1.000 1.000 1.000 1.000 1.000 1.000 1.000 1.000 1.000 1.000 1.000 1.000 1.000 1.000 1.000 1.000  5.3550463896E-01   0.50217   1.00000   0.00000   0.00000   0.5419978E-02
  3142  3.268348993889016E+06  40.886055  5.626419  4.631081  0.6020841E+00  0.3841593E+00  3.9278192E-06  2.6709013E-04  2.2757434E-05  7.8704683E-03  1.2943966E-03  1.9955190E-06  1.1560476E-06  2.0737851E-03  1.6668725E-05  0.5965    4.631081  -5.685  0.485016  7.635857  0.3586785E+00  0.6276739E+00  6.1956088E-09  8.2575626E-05  2.2681333E-05  9.0898992E-03  1.4963259E-04  2.7917865E-07  4.4335363E-10  2.0347352E-03  2.6442062E-06  8.788E-11  4.812E-17  7.448E+10  4.626E+12  1.773E+01  4.996E+06  0.35016112  1.906E-05  1.908E-05  9.811E-01  3.573E-06  9.455E-06  1.023E+00  309   24.3860  9.35E-03 1.2771E+01 1.8841E+01    6.66E+02 0.00E+00 1.59E+02  0.350442  0.254820 6.66E+02 0.00E+00 1.58E+02  0.350161  0.254834  0.0000000E+00  0.0000000E+00  3.2524559E-04  2.4073152E+00  4.5922499E-01  4.3782863E-04 -9.5538679E-01  3.1132077E-01  3.4765645E-01 0.000 0.600 1.000 1.000 1.000 1.000 1.000 1.000 1.000 1.000 1.000 1.000 1.000 1.000 1.000 1.000 1.000 1.000 1.000 1.000 1.000 1.000 1.000 1.000 1.000 1.000 1.000 1.000 1.000 1.000 1.000 1.000 1.000 1.000 1.000 1.000 1.000 1.000 1.000 1.000  5.2960064421E-01   0.49816   1.00000   0.00000   0.00000   0.5346988E-02
  3160  3.284612739994496E+06  40.852358  5.627410  4.630569  0.6016203E+00  0.3846235E+00  3.9134500E-06  2.6618541E-04  2.2771109E-05  7.8756678E-03  1.2896556E-03  1.9888943E-06  1.1507342E-06  2.0737111E-03  1.6601745E-05  0.5954    4.630569  -5.683  0.485798  7.636203  0.3558187E+00  0.6305337E+00  6.1678451E-09  8.2495165E-05  2.2655183E-05  9.0905349E-03  1.4904562E-04  2.7910022E-07  4.4236225E-10  2.0342622E-03  2.6579247E-06  8.744E-11  4.788E-17  7.504E+10  4.671E+12  1.786E+01  5.044E+06  0.34836280  1.886E-05  1.887E-05  9.813E-01  3.530E-06  9.353E-06  1.023E+00  312   24.3860  9.35E-03 1.2614E+01 1.8612E+01    6.65E+02 0.00E+00 1.57E+02  0.348467  0.255541 6.65E+02 0.00E+00 1.57E+02  0.348363  0.255553  0.0000000E+00  0.0000000E+00  3.2551425E-04  2.4066655E+00  4.5394573E-01  4.2779266E-04 -9.5393854E-01  3.1042111E-01  3.4796085E-01 0.000 0.599 1.000 1.000 1.000 1.000 1.000 1.000 1.000 1.000 1.000 1.000 1.000 1.000 1.000 1.000 1.000 1.000 1.000 1.000 1.000 1.000 1.000 1.000 1.000 1.000 1.000 1.000 1.000 1.000 1.000 1.000 1.000 1.000 1.000 1.000 1.000 1.000 1.000 1.000  5.2374409506E-01   0.49419   1.00000   0.00000   0.00000   0.5280224E-02
  3178  3.300876486099976E+06  40.818464  5.628516  4.629965  0.6011622E+00  0.3850820E+00  3.8993960E-06  2.6529858E-04  2.2784767E-05  7.8807668E-03  1.2850055E-03  1.9823919E-06  1.1455278E-06  2.0736381E-03  1.6536139E-05  0.5945    4.629965  -5.680  0.486586  7.636536  0.3529202E+00  0.6334322E+00  6.0116104E-09  8.2586056E-05  2.2680665E-05  9.0909241E-03  1.4844990E-04  2.7741059E-07  4.3809998E-10  2.0337822E-03  2.6717904E-06  8.643E-11  4.734E-17  7.426E+10  4.615E+12  1.767E+01  4.984E+06  0.34649873  1.863E-05  1.865E-05  9.815E-01  3.488E-06  9.251E-06  1.023E+00  316   24.2515  9.35E-03 1.2454E+01 1.8378E+01    6.63E+02 0.00E+00 1.56E+02  0.346709  0.256332 6.63E+02 0.00E+00 1.56E+02  0.346499  0.256344  0.0000000E+00  0.0000000E+00  3.2625022E-04  2.4067053E+00  4.4865034E-01  4.1792558E-04 -9.5239525E-01  3.0948634E-01  3.4823302E-01 0.000 0.597 1.000 1.000 1.000 1.000 1.000 1.000 1.000 1.000 1.000 1.000 1.000 1.000 1.000 1.000 1.000 1.000 1.000 1.000 1.000 1.000 1.000 1.000 1.000 1.000 1.000 1.000 1.000 1.000 1.000 1.000 1.000 1.000 1.000 1.000 1.000 1.000 1.000 1.000  5.1787662238E-01   0.49017   1.00000   0.00000   0.00000   0.5205859E-02
  3196  3.316688461480304E+06  40.785329  5.629476  4.629409  0.6007211E+00  0.3855236E+00  3.8859868E-06  2.6445060E-04  2.2798062E-05  7.8856442E-03  1.2805567E-03  1.9761667E-06  1.1405513E-06  2.0735677E-03  1.6473451E-05  0.5934    4.629409  -5.678  0.487187  7.636818  0.3501050E+00  0.6362475E+00  5.6824373E-09  8.2973847E-05  2.2788780E-05  9.0908310E-03  1.4790962E-04  2.7388836E-07  4.3528082E-10  2.0333155E-03  2.6862368E-06  8.263E-11  4.521E-17  7.149E+10  4.414E+12  1.701E+01  4.767E+06  0.34461552  1.841E-05  1.843E-05  9.817E-01  3.447E-06  9.153E-06  1.022E+00  318   24.2515  9.34E-03 1.2302E+01 1.8154E+01    6.61E+02 0.00E+00 1.55E+02  0.344826  0.257037 6.61E+02 0.00E+00 1.55E+02  0.344616  0.257049  0.0000000E+00  0.0000000E+00  2.9389194E-04  2.4068175E+00  4.4352019E-01  4.0844702E-04 -9.5083541E-01  3.0855838E-01  3.4848007E-01 0.000 0.596 1.000 1.000 1.000 1.000 1.000 1.000 1.000 1.000 1.000 1.000 1.000 1.000 1.000 1.000 1.000 1.000 1.000 1.000 1.000 1.000 1.000 1.000 1.000 1.000 1.000 1.000 1.000 1.000 1.000 1.000 1.000 1.000 1.000 1.000 1.000 1.000 1.000 1.000  5.1216413568E-01   0.48626   1.00000   0.00000   0.00000   0.5140450E-02
  3215  3.333277482507888E+06  40.750367  5.630616  4.628792  0.6002639E+00  0.3859812E+00  3.8722204E-06  2.6357811E-04  2.2811987E-05  7.8906645E-03  1.2759768E-03  1.9697535E-06  1.1354329E-06  2.0734948E-03  1.6409000E-05  0.5925    4.628792  -5.675  0.488118  7.637199  0.3471184E+00  0.6392340E+00  5.7036287E-09  8.2798610E-05  2.2740395E-05  9.0915847E-03  1.4734132E-04  2.7392750E-07  4.3161168E-10  2.0328199E-03  2.7010805E-06  8.439E-11  4.623E-17  7.261E+10  4.498E+12  1.728E+01  4.857E+06  0.34279465  1.819E-05  1.821E-05  9.819E-01  3.404E-06  9.050E-06  1.022E+00  320   24.1161  9.34E-03 1.2138E+01 1.7915E+01    6.60E+02 0.00E+00 1.54E+02  0.343002  0.257861 6.60E+02 0.00E+00 1.54E+02  0.342795  0.257872  0.0000000E+00  0.0000000E+00  3.2399202E-04  2.4065630E+00  4.3811087E-01  3.9846214E-04 -9.4931674E-01  3.0761938E-01  3.4878397E-01 0.000 0.595 1.000 1.000 1.000 1.000 1.000 1.000 1.000 1.000 1.000 1.000 1.000 1.000 1.000 1.000 1.000 1.000 1.000 1.000 1.000 1.000 1.000 1.000 1.000 1.000 1.000 1.000 1.000 1.000 1.000 1.000 1.000 1.000 1.000 1.000 1.000 1.000 1.000 1.000  5.0616195412E-01   0.48211   1.00000   0.00000   0.00000   0.5065007E-02
  3233  3.349378591152306E+06  40.716236  5.631606  4.628225  0.5998246E+00  0.3864209E+00  3.8591140E-06  2.6274558E-04  2.2825509E-05  7.8954566E-03  1.2716044E-03  1.9636269E-06  1.1305508E-06  2.0734248E-03  1.6347546E-05  0.5913    4.628225  -5.673  0.488870  7.637532  0.3442140E+00  0.6421384E+00  5.5791839E-09  8.2888929E-05  2.2765766E-05  9.0919090E-03  1.4682047E-04  2.7242063E-07  4.3027281E-10  2.0323372E-03  2.7153277E-06  8.363E-11  4.581E-17  7.205E+10  4.459E+12  1.715E+01  4.816E+06  0.34083583  1.798E-05  1.800E-05  9.822E-01  3.363E-06  8.951E-06  1.022E+00  323   24.1161  9.34E-03 1.1982E+01 1.7686E+01    6.58E+02 0.00E+00 1.52E+02  0.341049  0.258594 6.58E+02 0.00E+00 1.52E+02  0.340836  0.258606  0.0000000E+00  0.0000000E+00  3.2424996E-04  2.4063511E+00  4.3285994E-01  3.8905359E-04 -9.4779048E-01  3.0669034E-01  3.4906535E-01 0.000 0.594 1.000 1.000 1.000 1.000 1.000 1.000 1.000 1.000 1.000 1.000 1.000 1.000 1.000 1.000 1.000 1.000 1.000 1.000 1.000 1.000 1.000 1.000 1.000 1.000 1.000 1.000 1.000 1.000 1.000 1.000 1.000 1.000 1.000 1.000 1.000 1.000 1.000 1.000  5.0032738180E-01   0.47808   1.00000   0.00000   0.00000   0.4998595E-02
  3252  3.365470754736367E+06  40.681936  5.632710  4.627567  0.5993909E+00  0.3868550E+00  3.8462931E-06  2.6192938E-04  2.2838992E-05  7.9001562E-03  1.2673158E-03  1.9576135E-06  1.1257663E-06  2.0733556E-03  1.6287343E-05  0.5904    4.627567  -5.670  0.489615  7.637846  0.3412853E+00  0.6450672E+00  5.3107762E-09  8.3182458E-05  2.2851775E-05  9.0919290E-03  1.4630357E-04  2.6912864E-07  4.2439737E-10  2.0318500E-03  2.7308676E-06  8.235E-11  4.512E-17  6.986E+10  4.299E+12  1.663E+01  4.643E+06  0.33910388  1.776E-05  1.777E-05  9.823E-01  3.322E-06  8.852E-06  1.022E+00  326   23.9798  9.34E-03 1.1823E+01 1.7453E+01    6.56E+02 0.00E+00 1.51E+02  0.339216  0.259400 6.56E+02 0.00E+00 1.51E+02  0.339104  0.259412  0.0000000E+00  0.0000000E+00  3.2162716E-04  2.4068725E+00  4.2760222E-01  3.7962957E-04 -9.4616422E-01  3.0572602E-01  3.4930998E-01 0.000 0.593 1.000 1.000 1.000 1.000 1.000 1.000 1.000 1.000 1.000 1.000 1.000 1.000 1.000 1.000 1.000 1.000 1.000 1.000 1.000 1.000 1.000 1.000 1.000 1.000 1.000 1.000 1.000 1.000 1.000 1.000 1.000 1.000 1.000 1.000 1.000 1.000 1.000 1.000  4.9448941239E-01   0.47401   1.00000   0.00000   0.00000   0.4925375E-02
  3270  3.381410852294343E+06  40.647764  5.633699  4.626997  0.5989659E+00  0.3872804E+00  3.8338390E-06  2.6113479E-04  2.2852336E-05  7.9047329E-03  1.2631388E-03  1.9517530E-06  1.1211103E-06  2.0732878E-03  1.6228778E-05  0.5892    4.626997  -5.668  0.490465  7.638210  0.3383728E+00  0.6479796E+00  5.2922559E-09  8.3105206E-05  2.2826518E-05  9.0924742E-03  1.4581456E-04  2.6917296E-07  4.2515114E-10  2.0313649E-03  2.7451777E-06  8.195E-11  4.489E-17  7.047E+10  4.347E+12  1.677E+01  4.695E+06  0.33705609  1.754E-05  1.756E-05  9.826E-01  3.282E-06  8.755E-06  1.022E+00  328   23.9798  9.34E-03 1.1669E+01 1.7227E+01    6.55E+02 0.00E+00 1.50E+02  0.337271  0.260141 6.55E+02 0.00E+00 1.50E+02  0.337056  0.260153  0.0000000E+00  0.0000000E+00  3.2186125E-04  2.4064556E+00  4.2241388E-01  3.7058210E-04 -9.4469165E-01  3.0481458E-01  3.4960952E-01 0.000 0.592 1.000 1.000 1.000 1.000 1.000 1.000 1.000 1.000 1.000 1.000 1.000 1.000 1.000 1.000 1.000 1.000 1.000 1.000 1.000 1.000 1.000 1.000 1.000 1.000 1.000 1.000 1.000 1.000 1.000 1.000 1.000 1.000 1.000 1.000 1.000 1.000 1.000 1.000  4.8869737522E-01   0.46996   1.00000   0.00000   0.00000   0.4859862E-02
  3288  3.397350949852319E+06  40.613407  5.634758  4.626358  0.5985457E+00  0.3877010E+00  3.8216337E-06  2.6035435E-04  2.2865656E-05  7.9092293E-03  1.2590345E-03  1.9459908E-06  1.1165390E-06  2.0732208E-03  1.6171298E-05  0.5884    4.626358  -5.665  0.491308  7.638558  0.3354415E+00  0.6509109E+00  5.1343950E-09  8.3199861E-05  2.2852919E-05  9.0927542E-03  1.4533726E-04  2.6772453E-07  4.2018919E-10  2.0308761E-03  2.7596846E-06  8.068E-11  4.421E-17  6.947E+10  4.276E+12  1.653E+01  4.618E+06  0.33523811  1.733E-05  1.734E-05  9.828E-01  3.242E-06  8.658E-06  1.021E+00  331   23.8426  9.34E-03 1.1511E+01 1.6996E+01    6.53E+02 0.00E+00 1.49E+02  0.335365  0.260917 6.53E+02 0.00E+00 1.49E+02  0.335238  0.260941  0.0000000E+00  0.0000000E+00  3.2224768E-04  2.4066553E+00  4.1719366E-01  3.6130641E-04 -9.4313252E-01  3.0387254E-01  3.4987850E-01 0.000 0.590 1.000 1.000 1.000 1.000 1.000 1.000 1.000 1.000 1.000 1.000 1.000 1.000 1.000 1.000 1.000 1.000 1.000 1.000 1.000 1.000 1.000 1.000 1.000 1.000 1.000 1.000 1.000 1.000 1.000 1.000 1.000 1.000 1.000 1.000 1.000 1.000 1.000 1.000  4.8290084472E-01   0.46589   1.00000   0.00000   0.00000   0.4789951E-02
  3307  3.413237913751767E+06  40.578968  5.635793  4.625731  0.5981313E+00  0.3881157E+00  3.8097017E-06  2.5958971E-04  2.2878911E-05  7.9136359E-03  1.2550116E-03  1.9403396E-06  1.1120621E-06  2.0731548E-03  1.6115024E-05  0.5871    4.625731  -5.663  0.492096  7.638897  0.3325001E+00  0.6538523E+00  5.0181597E-09  8.3335604E-05  2.2892009E-05  9.0929630E-03  1.4487150E-04  2.6575655E-07  4.2065596E-10  2.0303850E-03  2.7755372E-06  7.993E-11  4.379E-17  6.892E+10  4.237E+12  1.640E+01  4.576E+06  0.33330571  1.711E-05  1.713E-05  9.830E-01  3.203E-06  8.563E-06  1.021E+00  333   23.8426  9.34E-03 1.1356E+01 1.6768E+01    6.51E+02 0.00E+00 1.47E+02  0.333422  0.261705 6.51E+02 0.00E+00 1.47E+02  0.333306  0.261717  0.0000000E+00  0.0000000E+00  3.1937817E-04  2.4067728E+00  4.1200591E-01  3.5239999E-04 -9.4156868E-01  3.0292872E-01  3.5014733E-01 0.000 0.589 1.000 1.000 1.000 1.000 1.000 1.000 1.000 1.000 1.000 1.000 1.000 1.000 1.000 1.000 1.000 1.000 1.000 1.000 1.000 1.000 1.000 1.000 1.000 1.000 1.000 1.000 1.000 1.000 1.000 1.000 1.000 1.000 1.000 1.000 1.000 1.000 1.000 1.000  4.7711476964E-01   0.46181   1.00000   0.00000   0.00000   0.4722312E-02
  3325  3.429018610334161E+06  40.544578  5.636819  4.625088  0.5977247E+00  0.3885227E+00  3.7980907E-06  2.5884401E-04  2.2892037E-05  7.9179344E-03  1.2510869E-03  1.9348231E-06  1.1076977E-06  2.0730900E-03  1.6060184E-05  0.5864    4.625088  -5.661  0.492941  7.639249  0.3295703E+00  0.6567821E+00  4.9011467E-09  8.3419098E-05  2.2914721E-05  9.0932280E-03  1.4443032E-04  2.6467747E-07  4.1916537E-10  2.0298953E-03  2.7902252E-06  7.870E-11  4.312E-17  6.832E+10  4.196E+12  1.626E+01  4.531E+06  0.33127412  1.689E-05  1.691E-05  9.832E-01  3.164E-06  8.468E-06  1.021E+00  336   23.8426  9.34E-03 1.1201E+01 1.6541E+01    6.50E+02 0.00E+00 1.46E+02  0.331490  0.262485 6.50E+02 0.00E+00 1.46E+02  0.331274  0.262492  0.0000000E+00  0.0000000E+00  3.1969644E-04  2.4068742E+00  4.0685049E-01  3.4365664E-04 -9.4002263E-01  3.0199192E-01  3.5041986E-01 0.000 0.590 1.000 1.000 1.000 1.000 1.000 1.000 1.000 1.000 1.000 1.000 1.000 1.000 1.000 1.000 1.000 1.000 1.000 1.000 1.000 1.000 1.000 1.000 1.000 1.000 1.000 1.000 1.000 1.000 1.000 1.000 1.000 1.000 1.000 1.000 1.000 1.000 1.000 1.000  4.7136403637E-01   0.45774   1.00000   0.00000   0.00000   0.4654436E-02
  3343  3.444623965843417E+06  40.510376  5.637860  4.624428  0.5973269E+00  0.3889208E+00  3.7868269E-06  2.5811903E-04  2.2904989E-05  7.9221145E-03  1.2472699E-03  1.9294549E-06  1.1034562E-06  2.0730265E-03  1.6006908E-05  0.5851    4.624428  -5.658  0.493722  7.639578  0.3266376E+00  0.6597148E+00  4.6517524E-09  8.3728831E-05  2.2998140E-05  9.0931621E-03  1.4399250E-04  2.6221043E-07  4.1682455E-10  2.0294044E-03  2.8053673E-06  7.543E-11  4.128E-17  6.614E+10  4.036E+12  1.574E+01  4.359E+06  0.32934592  1.667E-05  1.669E-05  9.834E-01  3.126E-06  8.375E-06  1.021E+00  337   23.7045  9.34E-03 1.1047E+01 1.6315E+01    6.48E+02 0.00E+00 1.45E+02  0.329632  0.263267 6.48E+02 0.00E+00 1.45E+02  0.329346  0.263278  0.0000000E+00  0.0000000E+00  2.8807066E-04  2.4074010E+00  4.0175064E-01  3.3505181E-04 -9.3842551E-01  3.0104027E-01  3.5066781E-01 0.000 0.589 1.000 1.000 1.000 1.000 1.000 1.000 1.000 1.000 1.000 1.000 1.000 1.000 1.000 1.000 1.000 1.000 1.000 1.000 1.000 1.000 1.000 1.000 1.000 1.000 1.000 1.000 1.000 1.000 1.000 1.000 1.000 1.000 1.000 1.000 1.000 1.000 1.000 1.000  4.6566914065E-01   0.45366   1.00000   0.00000   0.00000   0.4587187E-02
  3362  3.460483565908724E+06  40.475435  5.638858  4.623803  0.5969273E+00  0.3893208E+00  3.7756023E-06  2.5739501E-04  2.2918113E-05  7.9262900E-03  1.2434567E-03  1.9240889E-06  1.0992220E-06  2.0729628E-03  1.5953741E-05  0.5841    4.623803  -5.656  0.494619  7.639952  0.3236559E+00  0.6626965E+00  4.6129543E-09  8.3644228E-05  2.2977794E-05  9.0936524E-03  1.4357045E-04  2.6167491E-07  4.1282412E-10  2.0289048E-03  2.8213332E-06  7.670E-11  4.203E-17  6.663E+10  4.074E+12  1.586E+01  4.400E+06  0.32737949  1.647E-05  1.648E-05  9.836E-01  3.088E-06  8.281E-06  1.020E+00  343   23.5655  9.34E-03 1.0892E+01 1.6088E+01    6.46E+02 0.00E+00 1.44E+02  0.327504  0.264033 6.46E+02 0.00E+00 1.43E+02  0.327379  0.264046  0.0000000E+00  0.0000000E+00  3.1688546E-04  2.4073746E+00  3.9656312E-01  3.2649606E-04 -9.3689174E-01  3.0010153E-01  3.5095574E-01 0.000 0.586 1.000 1.000 1.000 1.000 1.000 1.000 1.000 1.000 1.000 1.000 1.000 1.000 1.000 1.000 1.000 1.000 1.000 1.000 1.000 1.000 1.000 1.000 1.000 1.000 1.000 1.000 1.000 1.000 1.000 1.000 1.000 1.000 1.000 1.000 1.000 1.000 1.000 1.000  4.5987933106E-01   0.44953   1.00000   0.00000   0.00000   0.4522960E-02
  3379  3.475238517213265E+06  40.442749  5.639908  4.623129  0.5965597E+00  0.3896888E+00  3.7653558E-06  2.5673267E-04  2.2930287E-05  7.9301105E-03  1.2399673E-03  1.9191761E-06  1.0953501E-06  2.0729042E-03  1.5905138E-05  0.5831    4.623129  -5.654  0.495485  7.640298  0.3208554E+00  0.6654969E+00  4.5186508E-09  8.3735165E-05  2.3003410E-05  9.0938596E-03  1.4318207E-04  2.6048855E-07  4.1247467E-10  2.0284349E-03  2.8356857E-06  7.662E-11  4.198E-17  6.604E+10  4.033E+12  1.572E+01  4.355E+06  0.32550800  1.626E-05  1.628E-05  9.838E-01  3.053E-06  8.194E-06  1.020E+00  344   23.5655  9.34E-03 1.0745E+01 1.5872E+01    6.45E+02 0.00E+00 1.42E+02  0.325731  0.264826 6.45E+02 0.00E+00 1.42E+02  0.325508  0.264838  0.0000000E+00  0.0000000E+00  3.1735017E-04  2.4078025E+00  3.9173025E-01  3.1852879E-04 -9.3540594E-01  2.9920562E-01  3.5120469E-01 0.000 0.586 1.000 1.000 1.000 1.000 1.000 1.000 1.000 1.000 1.000 1.000 1.000 1.000 1.000 1.000 1.000 1.000 1.000 1.000 1.000 1.000 1.000 1.000 1.000 1.000 1.000 1.000 1.000 1.000 1.000 1.000 1.000 1.000 1.000 1.000 1.000 1.000 1.000 1.000  4.5448640614E-01   0.44563   1.00000   0.00000   0.00000   0.4455617E-02
  3397  3.489941392219086E+06  40.410017  5.640833  4.622487  0.5961972E+00  0.3900515E+00  3.7553310E-06  2.5608333E-04  2.2942378E-05  7.9338566E-03  1.2365455E-03  1.9143560E-06  1.0915556E-06  2.0728465E-03  1.5857524E-05  0.5819    4.622487  -5.651  0.496269  7.640630  0.3180624E+00  0.6682899E+00  4.3980857E-09  8.3868716E-05  2.3041739E-05  9.0939878E-03  1.4281190E-04  2.5877265E-07  4.1088287E-10  2.0279657E-03  2.8512802E-06  7.560E-11  4.141E-17  6.525E+10  3.977E+12  1.553E+01  4.295E+06  0.32360443  1.605E-05  1.607E-05  9.840E-01  3.018E-06  8.108E-06  1.020E+00  350   23.5655  9.34E-03 1.0601E+01 1.5661E+01    6.43E+02 0.00E+00 1.41E+02  0.323824  0.265545 6.43E+02 0.00E+00 1.41E+02  0.323604  0.265557  0.0000000E+00  0.0000000E+00  3.1424681E-04  2.4080091E+00  3.8690702E-01  3.1070220E-04 -9.3392813E-01  2.9831381E-01  3.5145695E-01 0.000 0.585 1.000 1.000 1.000 1.000 1.000 1.000 1.000 1.000 1.000 1.000 1.000 1.000 1.000 1.000 1.000 1.000 1.000 1.000 1.000 1.000 1.000 1.000 1.000 1.000 1.000 1.000 1.000 1.000 1.000 1.000 1.000 1.000 1.000 1.000 1.000 1.000 1.000 1.000  4.4911005936E-01   0.44175   1.00000   0.00000   0.00000   0.4394284E-02
  3412  3.502830276152762E+06  40.381188  5.641756  4.621843  0.5958828E+00  0.3903662E+00  3.7466940E-06  2.5552282E-04  2.2952941E-05  7.9370908E-03  1.2335910E-03  1.9101923E-06  1.0882813E-06  2.0727963E-03  1.5816449E-05  0.5813    4.621843  -5.649  0.497069  7.640941  0.3155895E+00  0.6707627E+00  4.2860854E-09  8.3941264E-05  2.3061208E-05  9.0941656E-03  1.4248888E-04  2.5799517E-07  4.0839569E-10  2.0275498E-03  2.8640613E-06  7.465E-11  4.090E-17  6.449E+10  3.923E+12  1.535E+01  4.237E+06  0.32208501  1.587E-05  1.590E-05  9.841E-01  2.988E-06  8.033E-06  1.020E+00  354   23.4257  9.34E-03 1.0472E+01 1.5471E+01    6.42E+02 0.00E+00 1.40E+02  0.322388  0.266250 6.42E+02 0.00E+00 1.40E+02  0.322085  0.266260  0.0000000E+00  0.0000000E+00  3.1478545E-04  2.4085705E+00  3.8267547E-01  3.0380770E-04 -9.3261085E-01  2.9752173E-01  3.5167059E-01 0.000 0.584 1.000 1.000 1.000 1.000 1.000 1.000 1.000 1.000 1.000 1.000 1.000 1.000 1.000 1.000 1.000 1.000 1.000 1.000 1.000 1.000 1.000 1.000 1.000 1.000 1.000 1.000 1.000 1.000 1.000 1.000 1.000 1.000 1.000 1.000 1.000 1.000 1.000 1.000  4.4439364502E-01   0.43832   1.00000   0.00000   0.00000   0.4334250E-02
  3429  3.517437677944262E+06  40.348357  5.642690  4.621181  0.5955302E+00  0.3907192E+00  3.7370720E-06  2.5489720E-04  2.2964870E-05  7.9407012E-03  1.2302925E-03  1.9055418E-06  1.0846280E-06  2.0727401E-03  1.5770632E-05  0.5801    4.621181  -5.647  0.497895  7.641285  0.3127775E+00  0.6735747E+00  4.1953500E-09  8.4033987E-05  2.3087316E-05  9.0943402E-03  1.4213467E-04  2.5681806E-07  4.0792286E-10  2.0270764E-03  2.8788148E-06  7.424E-11  4.067E-17  6.405E+10  3.892E+12  1.524E+01  4.203E+06  0.32026811  1.568E-05  1.569E-05  9.843E-01  2.953E-06  7.948E-06  1.019E+00  359   23.4257  9.34E-03 1.0328E+01 1.5261E+01    6.40E+02 0.00E+00 1.39E+02  0.320402  0.266978 6.40E+02 0.00E+00 1.39E+02  0.320268  0.266991  0.0000000E+00  0.0000000E+00  3.1475481E-04  2.4088179E+00  3.7787542E-01  2.9619564E-04 -9.3113818E-01  2.9663015E-01  3.5192633E-01 0.000 0.582 1.000 1.000 1.000 1.000 1.000 1.000 1.000 1.000 1.000 1.000 1.000 1.000 1.000 1.000 1.000 1.000 1.000 1.000 1.000 1.000 1.000 1.000 1.000 1.000 1.000 1.000 1.000 1.000 1.000 1.000 1.000 1.000 1.000 1.000 1.000 1.000 1.000 1.000  4.3904278117E-01   0.43441   1.00000   0.00000   0.00000   0.4273379E-02
  3446  3.531142857860401E+06  40.317414  5.643589  4.620530  0.5952029E+00  0.3910467E+00  3.7282031E-06  2.5431942E-04  2.2976017E-05  7.9440359E-03  1.2272457E-03  1.9012440E-06  1.0812552E-06  2.0726880E-03  1.5728348E-05  0.5789    4.620530  -5.645  0.498668  7.641605  0.3101338E+00  0.6762184E+00  4.0756414E-09  8.4173031E-05  2.3127516E-05  9.0944173E-03  1.4181338E-04  2.5512976E-07  4.0601530E-10  2.0266307E-03  2.8939284E-06  7.281E-11  3.989E-17  6.328E+10  3.837E+12  1.506E+01  4.144E+06  0.31842716  1.548E-05  1.551E-05  9.845E-01  2.922E-06  7.869E-06  1.019E+00  362   23.4257  9.34E-03 1.0193E+01 1.5062E+01    6.38E+02 0.00E+00 1.38E+02  0.318657  0.267691 6.38E+02 0.00E+00 1.38E+02  0.318427  0.267695  0.0000000E+00  0.0000000E+00  3.1178672E-04  2.4093269E+00  3.7338239E-01  2.8909543E-04 -9.2972194E-01  2.9578155E-01  3.5215358E-01 0.000 0.581 1.000 1.000 1.000 1.000 1.000 1.000 1.000 1.000 1.000 1.000 1.000 1.000 1.000 1.000 1.000 1.000 1.000 1.000 1.000 1.000 1.000 1.000 1.000 1.000 1.000 1.000 1.000 1.000 1.000 1.000 1.000 1.000 1.000 1.000 1.000 1.000 1.000 1.000  4.3402215596E-01   0.43074   1.00000   0.00000   0.00000   0.4215585E-02
  3460  3.543052186615114E+06  40.290402  5.644441  4.619890  0.5949212E+00  0.3913287E+00  3.7206165E-06  2.5382431E-04  2.2985670E-05  7.9468938E-03  1.2246342E-03  1.8975590E-06  1.0783660E-06  2.0726431E-03  1.5692135E-05  0.5785    4.619890  -5.644  0.499445  7.641904  0.3078090E+00  0.6785432E+00  3.9969258E-09  8.4232734E-05  2.3143121E-05  9.0945771E-03  1.4153242E-04  2.5455997E-07  4.0515988E-10  2.0262384E-03  2.9062556E-06  7.268E-11  3.982E-17  6.273E+10  3.798E+12  1.493E+01  4.102E+06  0.31698256  1.532E-05  1.534E-05  9.846E-01  2.894E-06  7.800E-06  1.019E+00  366   23.2849  9.34E-03 1.0074E+01 1.4887E+01    6.37E+02 0.00E+00 1.37E+02  0.317212  0.268340 6.37E+02 0.00E+00 1.37E+02  0.316983  0.268353  0.0000000E+00  0.0000000E+00  3.1208703E-04  2.4098068E+00  3.6944946E-01  2.8304581E-04 -9.2850204E-01  2.9504439E-01  3.5235789E-01 0.000 0.581 1.000 1.000 1.000 1.000 1.000 1.000 1.000 1.000 1.000 1.000 1.000 1.000 1.000 1.000 1.000 1.000 1.000 1.000 1.000 1.000 1.000 1.000 1.000 1.000 1.000 1.000 1.000 1.000 1.000 1.000 1.000 1.000 1.000 1.000 1.000 1.000 1.000 1.000  4.2965435136E-01   0.42751   1.00000   0.00000   0.00000   0.4159583E-02
  3476  3.556662848049072E+06  40.259402  5.645307  4.619222  0.5946023E+00  0.3916478E+00  3.7120815E-06  2.5326631E-04  2.2996661E-05  7.9501150E-03  1.2216907E-03  1.8934037E-06  1.0751109E-06  2.0725922E-03  1.5651347E-05  0.5774    4.619222  -5.642  0.500249  7.642236  0.3051543E+00  0.6811979E+00  3.9082569E-09  8.4321601E-05  2.3168086E-05  9.0947158E-03  1.4122571E-04  2.5351359E-07  4.0422540E-10  2.0257898E-03  2.9204906E-06  7.191E-11  3.939E-17  6.222E+10  3.762E+12  1.481E+01  4.063E+06  0.31520734  1.513E-05  1.515E-05  9.848E-01  2.863E-06  7.722E-06  1.019E+00  371   23.2849  9.34E-03 9.9401E+00 1.4691E+01    6.35E+02 0.00E+00 1.36E+02  0.315509  0.269029 6.35E+02 0.00E+00 1.36E+02  0.315207  0.269042  0.0000000E+00  0.0000000E+00  3.1219257E-04  2.4101063E+00  3.6498338E-01  2.7616996E-04 -9.2711612E-01  2.9420493E-01  3.5259827E-01 0.000 0.580 1.000 1.000 1.000 1.000 1.000 1.000 1.000 1.000 1.000 1.000 1.000 1.000 1.000 1.000 1.000 1.000 1.000 1.000 1.000 1.000 1.000 1.000 1.000 1.000 1.000 1.000 1.000 1.000 1.000 1.000 1.000 1.000 1.000 1.000 1.000 1.000 1.000 1.000  4.2466047392E-01   0.42383   1.00000   0.00000   0.00000   0.4102478E-02
  3491  3.568572176803786E+06  40.232165  5.646120  4.618564  0.5943261E+00  0.3919243E+00  3.7047308E-06  2.5278491E-04  2.3006239E-05  7.9528944E-03  1.2191507E-03  1.8898167E-06  1.0723035E-06  2.0725482E-03  1.5616179E-05  0.5770    4.618564  -5.640  0.500899  7.642495  0.3028227E+00  0.6835295E+00  3.6770365E-09  8.4729850E-05  2.3282900E-05  9.0943488E-03  1.4096255E-04  2.5047649E-07  4.0193988E-10  2.0253955E-03  2.9344110E-06  7.070E-11  3.873E-17  5.967E+10  3.576E+12  1.420E+01  3.862E+06  0.31379108  1.496E-05  1.498E-05  9.850E-01  2.836E-06  7.655E-06  1.019E+00  375   23.2849  9.34E-03 9.8212E+00 1.4517E+01    6.34E+02 0.00E+00 1.35E+02  0.313903  0.269672 6.34E+02 0.00E+00 1.35E+02  0.313791  0.269682  0.0000000E+00  0.0000000E+00  2.8104968E-04  2.4111238E+00  3.6105132E-01  2.7019941E-04 -9.2579350E-01  2.9343393E-01  3.5276641E-01 0.000 0.579 1.000 1.000 1.000 1.000 1.000 1.000 1.000 1.000 1.000 1.000 1.000 1.000 1.000 1.000 1.000 1.000 1.000 1.000 1.000 1.000 1.000 1.000 1.000 1.000 1.000 1.000 1.000 1.000 1.000 1.000 1.000 1.000 1.000 1.000 1.000 1.000 1.000 1.000  4.2029038867E-01   0.42059   1.00000   0.00000   0.00000   0.4049399E-02
  3506  3.581204571947181E+06  40.203149  5.647006  4.617905  0.5940357E+00  0.3922149E+00  3.6970490E-06  2.5228098E-04  2.3016362E-05  7.9558040E-03  1.2164915E-03  1.8860600E-06  1.0693657E-06  2.0725019E-03  1.5579387E-05  0.5758    4.617905  -5.638  0.501806  7.642849  0.3003238E+00  0.6860283E+00  3.7250546E-09  8.4518546E-05  2.3223378E-05  9.0949026E-03  1.4068369E-04  2.5139661E-07  4.0177541E-10  2.0249723E-03  2.9478868E-06  7.034E-11  3.853E-17  6.094E+10  3.672E+12  1.450E+01  3.965E+06  0.31210939  1.479E-05  1.481E-05  9.851E-01  2.808E-06  7.583E-06  1.019E+00  378   23.1432  9.34E-03 9.6955E+00 1.4332E+01    6.32E+02 0.00E+00 1.34E+02  0.312411  0.270366 6.32E+02 0.00E+00 1.34E+02  0.312109  0.270378  0.0000000E+00  0.0000000E+00  3.0947010E-04  2.4112930E+00  3.5690142E-01  2.6393723E-04 -9.2455564E-01  2.9266621E-01  3.5301207E-01 0.000 0.579 1.000 1.000 1.000 1.000 1.000 1.000 1.000 1.000 1.000 1.000 1.000 1.000 1.000 1.000 1.000 1.000 1.000 1.000 1.000 1.000 1.000 1.000 1.000 1.000 1.000 1.000 1.000 1.000 1.000 1.000 1.000 1.000 1.000 1.000 1.000 1.000 1.000 1.000  4.1564959479E-01   0.41712   1.00000   0.00000   0.00000   0.3993242E-02
  3521  3.593836967090575E+06  40.174016  5.647816  4.617262  0.5937483E+00  0.3925026E+00  3.6894878E-06  2.5178410E-04  2.3026438E-05  7.9586732E-03  1.2138691E-03  1.8823540E-06  1.0664699E-06  2.0724561E-03  1.5543131E-05  0.5747    4.617262  -5.636  0.502584  7.643166  0.2978252E+00  0.6885269E+00  3.6424549E-09  8.4603914E-05  2.3247328E-05  9.0950128E-03  1.4041541E-04  2.5046002E-07  4.0076428E-10  2.0245487E-03  2.9615901E-06  6.720E-11  3.677E-17  6.041E+10  3.634E+12  1.438E+01  3.925E+06  0.31039131  1.461E-05  1.463E-05  9.853E-01  2.780E-06  7.512E-06  1.018E+00  382   23.2142  9.34E-03 9.5714E+00 1.4150E+01    6.31E+02 0.00E+00 1.33E+02  0.310625  0.271018 6.31E+02 0.00E+00 1.32E+02  0.310391  0.271031  0.0000000E+00  0.0000000E+00  3.0932593E-04  2.4116764E+00  3.5274745E-01  2.5787045E-04 -9.2325257E-01  2.9187759E-01  3.5323570E-01 0.000 0.578 1.000 1.000 1.000 1.000 1.000 1.000 1.000 1.000 1.000 1.000 1.000 1.000 1.000 1.000 1.000 1.000 1.000 1.000 1.000 1.000 1.000 1.000 1.000 1.000 1.000 1.000 1.000 1.000 1.000 1.000 1.000 1.000 1.000 1.000 1.000 1.000 1.000 1.000  4.1100910648E-01   0.41365   1.00000   0.00000   0.00000   0.3941034E-02
  3535  3.604751356494469E+06  40.148750  5.648621  4.616602  0.5935021E+00  0.3927490E+00  3.6830482E-06  2.5136025E-04  2.3035110E-05  7.9611208E-03  1.2116318E-03  1.8791912E-06  1.0640005E-06  2.0724169E-03  1.5512220E-05  0.5742    4.616602  -5.635  0.503316  7.643441  0.2956522E+00  0.6906999E+00  3.5334988E-09  8.4745003E-05  2.3288647E-05  9.0950067E-03  1.4018492E-04  2.4892224E-07  3.9842405E-10  2.0241800E-03  2.9748208E-06  6.876E-11  3.766E-17  5.942E+10  3.563E+12  1.414E+01  3.848E+06  0.30904114  1.446E-05  1.448E-05  9.854E-01  2.756E-06  7.451E-06  1.018E+00  383   23.1432  9.34E-03 9.4610E+00 1.3988E+01    6.29E+02 0.00E+00 1.32E+02  0.309268  0.271650 6.29E+02 0.00E+00 1.32E+02  0.309041  0.271662  0.0000000E+00  0.0000000E+00  3.0651021E-04  2.4126259E+00  3.4913963E-01  2.5240363E-04 -9.2206543E-01  2.9117463E-01  3.5340420E-01 0.000 0.576 1.000 1.000 1.000 1.000 1.000 1.000 1.000 1.000 1.000 1.000 1.000 1.000 1.000 1.000 1.000 1.000 1.000 1.000 1.000 1.000 1.000 1.000 1.000 1.000 1.000 1.000 1.000 1.000 1.000 1.000 1.000 1.000 1.000 1.000 1.000 1.000 1.000 1.000  4.0699927477E-01   0.41063   1.00000   0.00000   0.00000   0.3889765E-02
  3549  3.616423689606966E+06  40.121622  5.649402  4.615962  0.5932413E+00  0.3930100E+00  3.6762586E-06  2.5091268E-04  2.3044343E-05  7.9637056E-03  1.2092691E-03  1.8758500E-06  1.0613937E-06  2.0723753E-03  1.5479597E-05  0.5733    4.615962  -5.633  0.504085  7.643749  0.2933169E+00  0.6930352E+00  3.4791370E-09  8.4792738E-05  2.3300319E-05  9.0951503E-03  1.3994312E-04  2.4854556E-07  3.9871735E-10  2.0237833E-03  2.9878557E-06  6.843E-11  3.748E-17  5.921E+10  3.550E+12  1.409E+01  3.834E+06  0.30750994  1.429E-05  1.432E-05  9.856E-01  2.730E-06  7.386E-06  1.018E+00  384   23.1432  9.34E-03 9.3455E+00 1.3818E+01    6.28E+02 0.00E+00 1.31E+02  0.307745  0.272278 6.28E+02 0.00E+00 1.31E+02  0.307510  0.272291  0.0000000E+00  0.0000000E+00  3.0655697E-04  2.4130427E+00  3.4529011E-01  2.4687745E-04 -9.2086077E-01  2.9044265E-01  3.5361438E-01 0.000 0.575 1.000 1.000 1.000 1.000 1.000 1.000 1.000 1.000 1.000 1.000 1.000 1.000 1.000 1.000 1.000 1.000 1.000 1.000 1.000 1.000 1.000 1.000 1.000 1.000 1.000 1.000 1.000 1.000 1.000 1.000 1.000 1.000 1.000 1.000 1.000 1.000 1.000 1.000  4.0270689740E-01   0.40738   1.00000   0.00000   0.00000   0.3839650E-02
  3564  3.628929760798927E+06  40.092448  5.650209  4.615281  0.5929646E+00  0.3932870E+00  3.6690934E-06  2.5043957E-04  2.3054188E-05  7.9664379E-03  1.2067713E-03  1.8723166E-06  1.0586390E-06  2.0723312E-03  1.5445131E-05  0.5722    4.615281  -5.631  0.504890  7.644073  0.2908105E+00  0.6955416E+00  3.4016395E-09  8.4879412E-05  2.3324661E-05  9.0952444E-03  1.3969091E-04  2.4763686E-07  3.9780763E-10  2.0233569E-03  3.0019451E-06  6.769E-11  3.707E-17  5.870E+10  3.514E+12  1.397E+01  3.795E+06  0.30582194  1.412E-05  1.414E-05  9.857E-01  2.702E-06  7.317E-06  1.018E+00  386   23.1432  9.34E-03 9.2228E+00 1.3638E+01    6.26E+02 0.00E+00 1.30E+02  0.306125  0.272935 6.26E+02 0.00E+00 1.30E+02  0.305822  0.272948  0.0000000E+00  0.0000000E+00  3.0655494E-04  2.4135180E+00  3.4118745E-01  2.4092854E-04 -9.1955787E-01  2.8965387E-01  3.5383725E-01 0.000 0.575 1.000 1.000 1.000 1.000 1.000 1.000 1.000 1.000 1.000 1.000 1.000 1.000 1.000 1.000 1.000 1.000 1.000 1.000 1.000 1.000 1.000 1.000 1.000 1.000 1.000 1.000 1.000 1.000 1.000 1.000 1.000 1.000 1.000 1.000 1.000 1.000 1.000 1.000  3.9810891682E-01   0.40390   1.00000   0.00000   0.00000   0.3787547E-02
  3577  3.639268112984280E+06  40.068244  5.650967  4.614615  0.5927379E+00  0.3935139E+00  3.6632537E-06  2.5005340E-04  2.3062289E-05  7.9686684E-03  1.2047323E-03  1.8694313E-06  1.0563911E-06  2.0722951E-03  1.5417013E-05  0.5718    4.614615  -5.630  0.505531  7.644315  0.2887251E+00  0.6976270E+00  3.2033096E-09  8.5272247E-05  2.3434305E-05  9.0948515E-03  1.3948376E-04  2.4504821E-07  3.9627445E-10  2.0230019E-03  3.0146847E-06  6.463E-11  3.536E-17  5.633E+10  3.340E+12  1.341E+01  3.607E+06  0.30449140  1.397E-05  1.400E-05  9.859E-01  2.680E-06  7.260E-06  1.018E+00  386   23.1432  9.34E-03 9.1183E+00 1.3484E+01    6.25E+02 0.00E+00 1.29E+02  0.304723  0.273537 6.25E+02 0.00E+00 1.29E+02  0.304491  0.273551  0.0000000E+00  0.0000000E+00  2.7598996E-04  2.4148311E+00  3.3777398E-01  2.3601430E-04 -9.1836168E-01  2.8896203E-01  3.5397474E-01 0.000 0.574 1.000 1.000 1.000 1.000 1.000 1.000 1.000 1.000 1.000 1.000 1.000 1.000 1.000 1.000 1.000 1.000 1.000 1.000 1.000 1.000 1.000 1.000 1.000 1.000 1.000 1.000 1.000 1.000 1.000 1.000 1.000 1.000 1.000 1.000 1.000 1.000 1.000 1.000  3.9430786673E-01   0.40101   1.00000   0.00000   0.00000   0.3739603E-02
  3592  3.651348977755711E+06  40.039852  5.651799  4.613937  0.5924754E+00  0.3937766E+00  3.6565228E-06  2.4960761E-04  2.3071714E-05  7.9712431E-03  1.2023783E-03  1.8660993E-06  1.0537970E-06  2.0722532E-03  1.5384572E-05  0.5708    4.613937  -5.628  0.506447  7.644671  0.2862762E+00  0.7000758E+00  3.2443530E-09  8.5072275E-05  2.3378809E-05  9.0953527E-03  1.3924520E-04  2.4574067E-07  3.9579618E-10  2.0225845E-03  3.0290971E-06  6.613E-11  3.621E-17  5.749E+10  3.428E+12  1.368E+01  3.703E+06  0.30296903  1.381E-05  1.383E-05  9.860E-01  2.654E-06  7.193E-06  1.018E+00  390   23.0720  9.34E-03 8.9988E+00 1.3309E+01    6.23E+02 0.00E+00 1.28E+02  0.303120  0.274212 6.23E+02 0.00E+00 1.28E+02  0.302969  0.274225  0.0000000E+00  0.0000000E+00  3.0361680E-04  2.4150895E+00  3.3379504E-01  2.3052155E-04 -9.1715776E-01  2.8821408E-01  3.5421473E-01 0.000 0.573 1.000 1.000 1.000 1.000 1.000 1.000 1.000 1.000 1.000 1.000 1.000 1.000 1.000 1.000 1.000 1.000 1.000 1.000 1.000 1.000 1.000 1.000 1.000 1.000 1.000 1.000 1.000 1.000 1.000 1.000 1.000 1.000 1.000 1.000 1.000 1.000 1.000 1.000  3.8986308144E-01   0.39761   1.00000   0.00000   0.00000   0.3687796E-02
  3606  3.662904587537081E+06  40.012596  5.652549  4.613282  0.5922267E+00  0.3940255E+00  3.6501791E-06  2.4918682E-04  2.3080682E-05  7.9736737E-03  1.2001561E-03  1.8629529E-06  1.0513490E-06  2.0722136E-03  1.5353966E-05  0.5698    4.613282  -5.627  0.507221  7.644980  0.2839295E+00  0.7024225E+00  3.1764451E-09  8.5154247E-05  2.3401787E-05  9.0954278E-03  1.3902262E-04  2.4495709E-07  3.9511244E-10  2.0221840E-03  3.0426474E-06  6.577E-11  3.601E-17  5.703E+10  3.396E+12  1.357E+01  3.668E+06  0.30128034  1.365E-05  1.367E-05  9.862E-01  2.629E-06  7.130E-06  1.017E+00  391   23.0720  9.34E-03 8.8859E+00 1.3143E+01    6.22E+02 0.00E+00 1.27E+02  0.301586  0.274830 6.22E+02 0.00E+00 1.27E+02  0.301280  0.274843  0.0000000E+00  0.0000000E+00  3.0355159E-04  2.4156368E+00  3.3001420E-01  2.2532243E-04 -9.1593935E-01  2.8747691E-01  3.5442111E-01 0.000 0.573 1.000 1.000 1.000 1.000 1.000 1.000 1.000 1.000 1.000 1.000 1.000 1.000 1.000 1.000 1.000 1.000 1.000 1.000 1.000 1.000 1.000 1.000 1.000 1.000 1.000 1.000 1.000 1.000 1.000 1.000 1.000 1.000 1.000 1.000 1.000 1.000 1.000 1.000  3.8561328650E-01   0.39435   1.00000   0.00000   0.00000   0.3640126E-02
  3619  3.672974476060845E+06  39.988765  5.653290  4.612610  0.5920118E+00  0.3942405E+00  3.6447240E-06  2.4882444E-04  2.3088462E-05  7.9757669E-03  1.1982422E-03  1.8602423E-06  1.0492414E-06  2.0721794E-03  1.5327622E-05  0.5694    4.612610  -5.625  0.507865  7.645220  0.2818745E+00  0.7044776E+00  2.9890101E-09  8.5556884E-05  2.3514681E-05  9.0950070E-03  1.3883033E-04  2.4228627E-07  3.9365003E-10  2.0218329E-03  3.0558003E-06  6.271E-11  3.431E-17  5.470E+10  3.225E+12  1.302E+01  3.483E+06  0.29994210  1.350E-05  1.352E-05  9.863E-01  2.608E-06  7.076E-06  1.017E+00  393   23.0720  9.34E-03 8.7844E+00 1.2994E+01    6.20E+02 0.00E+00 1.26E+02  0.300186  0.275424 6.20E+02 0.00E+00 1.26E+02  0.299942  0.275439  0.0000000E+00  0.0000000E+00  2.7322188E-04  2.4170582E+00  3.2669772E-01  2.2068988E-04 -9.1475539E-01  2.8679424E-01  3.5455251E-01 0.000 0.572 1.000 1.000 1.000 1.000 1.000 1.000 1.000 1.000 1.000 1.000 1.000 1.000 1.000 1.000 1.000 1.000 1.000 1.000 1.000 1.000 1.000 1.000 1.000 1.000 1.000 1.000 1.000 1.000 1.000 1.000 1.000 1.000 1.000 1.000 1.000 1.000 1.000 1.000  3.8191073071E-01   0.39149   1.00000   0.00000   0.00000   0.3594062E-02
  3633  3.684265957618643E+06  39.961946  5.654085  4.611953  0.5917730E+00  0.3944796E+00  3.6386864E-06  2.4842280E-04  2.3097145E-05  7.9780870E-03  1.1961209E-03  1.8572370E-06  1.0469062E-06  2.0721413E-03  1.5298437E-05  0.5684    4.611953  -5.624  0.508766  7.645566  0.2795545E+00  0.7067975E+00  3.0323170E-09  8.5344398E-05  2.3455151E-05  9.0955054E-03  1.3861644E-04  2.4317856E-07  3.9336866E-10  2.0214362E-03  3.0695974E-06  6.424E-11  3.516E-17  5.587E+10  3.315E+12  1.330E+01  3.580E+06  0.29842035  1.335E-05  1.337E-05  9.864E-01  2.584E-06  7.015E-06  1.017E+00  395   23.0363  9.34E-03 8.6728E+00 1.2830E+01    6.19E+02 0.00E+00 1.25E+02  0.298670  0.276074 6.19E+02 0.00E+00 1.25E+02  0.298420  0.276088  0.0000000E+00  0.0000000E+00  3.0055031E-04  2.4173840E+00  3.2298647E-01  2.1557670E-04 -9.1362339E-01  2.8608932E-01  3.5478056E-01 0.000 0.570 1.000 1.000 1.000 1.000 1.000 1.000 1.000 1.000 1.000 1.000 1.000 1.000 1.000 1.000 1.000 1.000 1.000 1.000 1.000 1.000 1.000 1.000 1.000 1.000 1.000 1.000 1.000 1.000 1.000 1.000 1.000 1.000 1.000 1.000 1.000 1.000 1.000 1.000  3.7775673354E-01   0.38827   1.00000   0.00000   0.00000   0.3545897E-02
  3647  3.695706011302202E+06  39.934682  5.654834  4.611283  0.5915332E+00  0.3947195E+00  3.6326545E-06  2.4802094E-04  2.3105898E-05  7.9804083E-03  1.1939982E-03  1.8542291E-06  1.0445703E-06  2.0721031E-03  1.5269252E-05  0.5674    4.611283  -5.622  0.509565  7.645881  0.2772011E+00  0.7091509E+00  2.9666409E-09  8.5428302E-05  2.3478684E-05  9.0955682E-03  1.3840464E-04  2.4240197E-07  3.9266397E-10  2.0210332E-03  3.0835740E-06  6.386E-11  3.496E-17  5.540E+10  3.282E+12  1.318E+01  3.544E+06  0.29676826  1.319E-05  1.321E-05  9.866E-01  2.560E-06  6.953E-06  1.017E+00  396   23.0005  9.34E-03 8.5610E+00 1.2666E+01    6.18E+02 0.00E+00 1.24E+02  0.297008  0.276698 6.18E+02 0.00E+00 1.24E+02  0.296768  0.276711  0.0000000E+00  0.0000000E+00  3.0030711E-04  2.4180263E+00  3.1924127E-01  2.1058927E-04 -9.1240537E-01  2.8535223E-01  3.5498646E-01 0.000 0.571 1.000 1.000 1.000 1.000 1.000 1.000 1.000 1.000 1.000 1.000 1.000 1.000 1.000 1.000 1.000 1.000 1.000 1.000 1.000 1.000 1.000 1.000 1.000 1.000 1.000 1.000 1.000 1.000 1.000 1.000 1.000 1.000 1.000 1.000 1.000 1.000 1.000 1.000  3.7355078638E-01   0.38500   1.00000   0.00000   0.00000   0.3499520E-02
  3659  3.705511771602395E+06  39.911237  5.655546  4.610643  0.5913296E+00  0.3949234E+00  3.6275517E-06  2.4768050E-04  2.3113363E-05  7.9823749E-03  1.1921999E-03  1.8516801E-06  1.0425920E-06  2.0720706E-03  1.5244539E-05  0.5671    4.610643  -5.621  0.510331  7.646163  0.2751750E+00  0.7111769E+00  2.8949269E-09  8.5503553E-05  2.3499531E-05  9.0956155E-03  1.3822526E-04  2.4171033E-07  3.9164511E-10  2.0206859E-03  3.0957405E-06  6.310E-11  3.455E-17  5.476E+10  3.236E+12  1.303E+01  3.495E+06  0.29539867  1.305E-05  1.307E-05  9.867E-01  2.540E-06  6.900E-06  1.017E+00  393   23.0005  9.34E-03 8.4636E+00 1.2523E+01    6.16E+02 0.00E+00 1.23E+02  0.295652  0.277271 6.16E+02 0.00E+00 1.23E+02  0.295399  0.277293  0.0000000E+00  0.0000000E+00  3.0025976E-04  2.4189761E+00  3.1603182E-01  2.0629027E-04 -9.1133260E-01  2.8470988E-01  3.5515086E-01 0.000 0.569 1.000 1.000 1.000 1.000 1.000 1.000 1.000 1.000 1.000 1.000 1.000 1.000 1.000 1.000 1.000 1.000 1.000 1.000 1.000 1.000 1.000 1.000 1.000 1.000 1.000 1.000 1.000 1.000 1.000 1.000 1.000 1.000 1.000 1.000 1.000 1.000 1.000 1.000  3.6994739032E-01   0.38219   1.00000   0.00000   0.00000   0.3455880E-02
  3672  3.715309360435669E+06  39.887736  5.656263  4.609996  0.5911276E+00  0.3951254E+00  3.6225132E-06  2.4734392E-04  2.3120788E-05  7.9843192E-03  1.1904219E-03  1.8491593E-06  1.0406367E-06  2.0720384E-03  1.5220118E-05  0.5661    4.609996  -5.619  0.510970  7.646411  0.2731359E+00  0.7132160E+00  2.7935487E-09  8.5780094E-05  2.3581053E-05  9.0953641E-03  1.3804561E-04  2.3955017E-07  3.9053243E-10  2.0203361E-03  3.1095367E-06  6.234E-11  3.412E-17  5.363E+10  3.152E+12  1.276E+01  3.405E+06  0.29409053  1.291E-05  1.293E-05  9.868E-01  2.519E-06  6.848E-06  1.017E+00  392   22.9647  9.34E-03 8.3659E+00 1.2379E+01    6.15E+02 0.00E+00 1.22E+02  0.294338  0.277863 6.15E+02 0.00E+00 1.22E+02  0.294091  0.277879  0.0000000E+00  0.0000000E+00  2.9731294E-04  2.4201488E+00  3.1280960E-01  2.0200273E-04 -9.1020233E-01  2.8404863E-01  3.5529541E-01 0.000 0.569 1.000 1.000 1.000 1.000 1.000 1.000 1.000 1.000 1.000 1.000 1.000 1.000 1.000 1.000 1.000 1.000 1.000 1.000 1.000 1.000 1.000 1.000 1.000 1.000 1.000 1.000 1.000 1.000 1.000 1.000 1.000 1.000 1.000 1.000 1.000 1.000 1.000 1.000  3.6634601951E-01   0.37936   1.00000   0.00000   0.00000   0.3413112E-02
  3686  3.726635013582392E+06  39.860483  5.657012  4.609326  0.5908963E+00  0.3953570E+00  3.6167642E-06  2.4695936E-04  2.3129328E-05  7.9865408E-03  1.1883903E-03  1.8462783E-06  1.0384031E-06  2.0720016E-03  1.5192227E-05  0.5652    4.609326  -5.618  0.511872  7.646759  0.2707778E+00  0.7155741E+00  2.7751645E-09  8.5695043E-05  2.3553506E-05  9.0956699E-03  1.3784302E-04  2.4001381E-07  3.9046987E-10  2.0199310E-03  3.1238871E-06  6.197E-11  3.391E-17  5.386E+10  3.173E+12  1.282E+01  3.426E+06  0.29242159  1.275E-05  1.278E-05  9.870E-01  2.496E-06  6.788E-06  1.016E+00  390   22.9647  9.34E-03 8.2555E+00 1.2217E+01    6.13E+02 0.00E+00 1.21E+02  0.292676  0.278495 6.13E+02 0.00E+00 1.21E+02  0.292422  0.278509  0.0000000E+00  0.0000000E+00  2.9703445E-04  2.4205871E+00  3.0910978E-01  1.9724994E-04 -9.0904152E-01  2.8332957E-01  3.5552259E-01 0.000 0.568 1.000 1.000 1.000 1.000 1.000 1.000 1.000 1.000 1.000 1.000 1.000 1.000 1.000 1.000 1.000 1.000 1.000 1.000 1.000 1.000 1.000 1.000 1.000 1.000 1.000 1.000 1.000 1.000 1.000 1.000 1.000 1.000 1.000 1.000 1.000 1.000 1.000 1.000  3.6218563419E-01   0.37608   1.00000   0.00000   0.00000   0.3367958E-02
  3699  3.737151691504349E+06  39.835096  5.657766  4.608625  0.5906834E+00  0.3955701E+00  3.6114972E-06  2.4660655E-04  2.3137215E-05  7.9885789E-03  1.1865264E-03  1.8436344E-06  1.0363545E-06  2.0719676E-03  1.5166652E-05  0.5646    4.608625  -5.617  0.512698  7.647066  0.2685844E+00  0.7177674E+00  2.7210323E-09  8.5775591E-05  2.3576171E-05  9.0957140E-03  1.3765808E-04  2.3929379E-07  3.8991424E-10  2.0195538E-03  3.1374406E-06  6.164E-11  3.373E-17  5.346E+10  3.146E+12  1.272E+01  3.398E+06  0.29089166  1.260E-05  1.263E-05  9.871E-01  2.475E-06  6.733E-06  1.016E+00  391   22.9289  9.34E-03 8.1518E+00 1.2064E+01    6.12E+02 0.00E+00 1.20E+02  0.291158  0.279119 6.12E+02 0.00E+00 1.20E+02  0.290892  0.279133  0.0000000E+00  0.0000000E+00  2.9689191E-04  2.4215583E+00  3.0567513E-01  1.9278288E-04 -9.0788961E-01  2.8263740E-01  3.5570476E-01 0.000 0.568 1.000 1.000 1.000 1.000 1.000 1.000 1.000 1.000 1.000 1.000 1.000 1.000 1.000 1.000 1.000 1.000 1.000 1.000 1.000 1.000 1.000 1.000 1.000 1.000 1.000 1.000 1.000 1.000 1.000 1.000 1.000 1.000 1.000 1.000 1.000 1.000 1.000 1.000  3.5832583196E-01   0.37303   1.00000   0.00000   0.00000   0.3322605E-02
  3712  3.746851304449294E+06  39.811606  5.658496  4.607952  0.5904886E+00  0.3957650E+00  3.6066984E-06  2.4628467E-04  2.3144453E-05  7.9904384E-03  1.1848258E-03  1.8412216E-06  1.0344860E-06  2.0719366E-03  1.5143329E-05  0.5638    4.607952  -5.615  0.513378  7.647322  0.2665378E+00  0.7198140E+00  2.6065517E-09  8.6056556E-05  2.3658581E-05  9.0954502E-03  1.3748549E-04  2.3716884E-07  3.8840891E-10  2.0192015E-03  3.1516769E-06  6.046E-11  3.308E-17  5.206E+10  3.043E+12  1.239E+01  3.287E+06  0.28958581  1.247E-05  1.249E-05  9.873E-01  2.455E-06  6.682E-06  1.016E+00  391   22.9289  9.34E-03 8.0550E+00 1.1922E+01    6.10E+02 0.00E+00 1.19E+02  0.289823  0.279718 6.10E+02 0.00E+00 1.19E+02  0.289586  0.279734  0.0000000E+00  0.0000000E+00  2.9391695E-04  2.4230001E+00  3.0249162E-01  1.8876895E-04 -9.0674790E-01  2.8197217E-01  3.5584300E-01 0.000 0.567 1.000 1.000 1.000 1.000 1.000 1.000 1.000 1.000 1.000 1.000 1.000 1.000 1.000 1.000 1.000 1.000 1.000 1.000 1.000 1.000 1.000 1.000 1.000 1.000 1.000 1.000 1.000 1.000 1.000 1.000 1.000 1.000 1.000 1.000 1.000 1.000 1.000 1.000  3.5476587134E-01   0.37019   1.00000   0.00000   0.00000   0.3280521E-02
  3726  3.758063701064545E+06  39.784366  5.659245  4.607264  0.5902654E+00  0.3959884E+00  3.6012200E-06  2.4591672E-04  2.3152779E-05  7.9925639E-03  1.1828818E-03  1.8384628E-06  1.0323507E-06  2.0719010E-03  1.5116680E-05  0.5629    4.607264  -5.614  0.514304  7.647677  0.2641739E+00  0.7221778E+00  2.5890035E-09  8.5973270E-05  2.3631549E-05  9.0957465E-03  1.3729084E-04  2.3762061E-07  3.8838643E-10  2.0187941E-03  3.1665319E-06  6.009E-11  3.287E-17  5.229E+10  3.063E+12  1.244E+01  3.308E+06  0.28789443  1.231E-05  1.234E-05  9.874E-01  2.433E-06  6.623E-06  1.016E+00  391   22.8930  9.34E-03 7.9461E+00 1.1762E+01    6.09E+02 0.00E+00 1.18E+02  0.288139  0.280355 6.09E+02 0.00E+00 1.18E+02  0.287894  0.280369  0.0000000E+00  0.0000000E+00  2.9357443E-04  2.4235512E+00  2.9884017E-01  1.8418398E-04 -9.0558630E-01  2.8125287E-01  3.5606922E-01 0.000 0.565 1.000 1.000 1.000 1.000 1.000 1.000 1.000 1.000 1.000 1.000 1.000 1.000 1.000 1.000 1.000 1.000 1.000 1.000 1.000 1.000 1.000 1.000 1.000 1.000 1.000 1.000 1.000 1.000 1.000 1.000 1.000 1.000 1.000 1.000 1.000 1.000 1.000 1.000  3.5065331222E-01   0.36691   1.00000   0.00000   0.00000   0.3236424E-02
  3738  3.767674326734760E+06  39.760949  5.659902  4.606622  0.5900758E+00  0.3961782E+00  3.5965835E-06  2.4560491E-04  2.3159877E-05  7.9943652E-03  1.1812343E-03  1.8361243E-06  1.0305416E-06  2.0718708E-03  1.5094108E-05  0.5626    4.606622  -5.613  0.515087  7.647965  0.2621442E+00  0.7242075E+00  2.5394543E-09  8.6049010E-05  2.3652818E-05  9.0957797E-03  1.3712632E-04  2.3697074E-07  3.8785871E-10  2.0184439E-03  3.1794644E-06  5.974E-11  3.267E-17  5.170E+10  3.022E+12  1.231E+01  3.263E+06  0.28642567  1.218E-05  1.221E-05  9.875E-01  2.413E-06  6.573E-06  1.016E+00  391   22.8930  9.35E-03 7.8524E+00 1.1624E+01    6.08E+02 0.00E+00 1.18E+02  0.286751  0.280903 6.08E+02 0.00E+00 1.17E+02  0.286426  0.280925  0.0000000E+00  0.0000000E+00  2.9333185E-04  2.4244658E+00  2.9571986E-01  1.8023851E-04 -9.0452944E-01  2.8061601E-01  3.5623995E-01 0.000 0.566 1.000 1.000 1.000 1.000 1.000 1.000 1.000 1.000 1.000 1.000 1.000 1.000 1.000 1.000 1.000 1.000 1.000 1.000 1.000 1.000 1.000 1.000 1.000 1.000 1.000 1.000 1.000 1.000 1.000 1.000 1.000 1.000 1.000 1.000 1.000 1.000 1.000 1.000  3.4713239776E-01   0.36408   1.00000   0.00000   0.00000   0.3196971E-02
  3750  3.776564155479710E+06  39.739228  5.660609  4.605936  0.5899017E+00  0.3963524E+00  3.5923425E-06  2.4531936E-04  2.3166411E-05  7.9960148E-03  1.1797255E-03  1.8339823E-06  1.0288852E-06  2.0718430E-03  1.5073444E-05  0.5616    4.605936  -5.611  0.515704  7.648197  0.2602500E+00  0.7261018E+00  2.3949975E-09  8.6453033E-05  2.3766207E-05  9.0953225E-03  1.3697308E-04  2.3446844E-07  3.8697034E-10  2.0181167E-03  3.1930650E-06  5.704E-11  3.117E-17  4.989E+10  2.889E+12  1.187E+01  3.120E+06  0.28526572  1.205E-05  1.208E-05  9.876E-01  2.396E-06  6.527E-06  1.016E+00  391   22.8569  9.34E-03 7.7631E+00 1.1493E+01    6.06E+02 0.00E+00 1.17E+02  0.285504  0.281494 6.06E+02 0.00E+00 1.17E+02  0.285266  0.281506  0.0000000E+00  0.0000000E+00  2.6403033E-04  2.4260849E+00  2.9280239E-01  1.7651383E-04 -9.0344609E-01  2.7999240E-01  3.5635535E-01 0.000 0.564 1.000 1.000 1.000 1.000 1.000 1.000 1.000 1.000 1.000 1.000 1.000 1.000 1.000 1.000 1.000 1.000 1.000 1.000 1.000 1.000 1.000 1.000 1.000 1.000 1.000 1.000 1.000 1.000 1.000 1.000 1.000 1.000 1.000 1.000 1.000 1.000 1.000 1.000  3.4387637647E-01   0.36146   1.00000   0.00000   0.00000   0.3156842E-02
  3763  3.786799471818492E+06  39.714148  5.661307  4.605256  0.5897029E+00  0.3965514E+00  3.5875163E-06  2.4499402E-04  2.3173895E-05  7.9978942E-03  1.1780065E-03  1.8315412E-06  1.0269985E-06  2.0718114E-03  1.5049912E-05  0.5607    4.605256  -5.610  0.516620  7.648543  0.2580668E+00  0.7282849E+00  2.4240354E-09  8.6236744E-05  2.3705454E-05  9.0957913E-03  1.3679953E-04  2.3542878E-07  3.8653179E-10  2.0177392E-03  3.2073084E-06  5.825E-11  3.185E-17  5.083E+10  2.961E+12  1.210E+01  3.198E+06  0.28375156  1.191E-05  1.194E-05  9.878E-01  2.375E-06  6.475E-06  1.015E+00  391   22.8569  9.35E-03 7.6639E+00 1.1347E+01    6.05E+02 0.00E+00 1.16E+02  0.284011  0.282087 6.05E+02 0.00E+00 1.16E+02  0.283752  0.282102  0.0000000E+00  0.0000000E+00  2.9015462E-04  2.4265751E+00  2.8947069E-01  1.7258345E-04 -9.0240120E-01  2.7933718E-01  3.5657238E-01 0.000 0.563 1.000 1.000 1.000 1.000 1.000 1.000 1.000 1.000 1.000 1.000 1.000 1.000 1.000 1.000 1.000 1.000 1.000 1.000 1.000 1.000 1.000 1.000 1.000 1.000 1.000 1.000 1.000 1.000 1.000 1.000 1.000 1.000 1.000 1.000 1.000 1.000 1.000 1.000  3.4012884962E-01   0.35843   1.00000   0.00000   0.00000   0.3115564E-02
  3775  3.796313991232008E+06  39.690771  5.661947  4.604605  0.5895196E+00  0.3967348E+00  3.5830830E-06  2.4469480E-04  2.3180816E-05  7.9996227E-03  1.1764254E-03  1.8292956E-06  1.0252636E-06  2.0717821E-03  1.5028277E-05  0.5599    4.604605  -5.609  0.517376  7.648832  0.2560334E+00  0.7303183E+00  2.3763213E-09  8.6313531E-05  2.3726986E-05  9.0958188E-03  1.3663989E-04  2.3480673E-07  3.8603609E-10  2.0173872E-03  3.2206856E-06  5.788E-11  3.165E-17  5.044E+10  2.934E+12  1.200E+01  3.169E+06  0.28232328  1.178E-05  1.181E-05  9.879E-01  2.357E-06  6.426E-06  1.015E+00  391   22.8209  9.35E-03 7.5719E+00 1.1212E+01    6.04E+02 0.00E+00 1.15E+02  0.282634  0.282638 6.04E+02 0.00E+00 1.15E+02  0.282323  0.282652  0.0000000E+00  0.0000000E+00  2.8988899E-04  2.4274067E+00  2.8638059E-01  1.6880844E-04 -9.0135956E-01  2.7870567E-01  3.5674819E-01 0.000 0.563 1.000 1.000 1.000 1.000 1.000 1.000 1.000 1.000 1.000 1.000 1.000 1.000 1.000 1.000 1.000 1.000 1.000 1.000 1.000 1.000 1.000 1.000 1.000 1.000 1.000 1.000 1.000 1.000 1.000 1.000 1.000 1.000 1.000 1.000 1.000 1.000 1.000 1.000  3.3664917747E-01   0.35560   1.00000   0.00000   0.00000   0.3077592E-02
  3786  3.804639195718835E+06  39.670266  5.662606  4.603916  0.5893605E+00  0.3968940E+00  3.5792472E-06  2.4443562E-04  2.3186840E-05  8.0011199E-03  1.1750559E-03  1.8273502E-06  1.0237612E-06  2.0717568E-03  1.5009545E-05  0.5596    4.603916  -5.608  0.518024  7.649061  0.2542430E+00  0.7321087E+00  2.2422042E-09  8.6696248E-05  2.3833050E-05  9.0953823E-03  1.3650005E-04  2.3264686E-07  3.8556075E-10  2.0170769E-03  3.2334518E-06  5.526E-11  3.018E-17  4.852E+10  2.792E+12  1.155E+01  3.015E+06  0.28117544  1.166E-05  1.169E-05  9.880E-01  2.341E-06  6.384E-06  1.015E+00  390   22.8209  9.35E-03 7.4886E+00 1.1089E+01    6.02E+02 0.00E+00 1.14E+02  0.281469  0.283187 6.02E+02 0.00E+00 1.14E+02  0.281175  0.283198  0.0000000E+00  0.0000000E+00  2.6087719E-04  2.4291451E+00  2.8366518E-01  1.6555777E-04 -9.0032802E-01  2.7811427E-01  3.5685200E-01 0.000 0.562 0.658 0.659 1.000 1.000 1.000 1.000 1.000 1.000 1.000 1.000 1.000 1.000 1.000 1.000 1.000 1.000 1.000 1.000 1.000 1.000 1.000 1.000 1.000 1.000 1.000 1.000 1.000 1.000 1.000 1.000 1.000 1.000 1.000 1.000 1.000 1.000 1.000 1.000  3.3360659838E-01   0.35312   1.00000   0.00000   0.00000   0.3039590E-02
  3799  3.814486723311824E+06  39.645944  5.663322  4.603224  0.5891736E+00  0.3970811E+00  3.5747568E-06  2.4413186E-04  2.3193933E-05  8.0028745E-03  1.1734509E-03  1.8250697E-06  1.0220009E-06  2.0717270E-03  1.4987599E-05  0.5587    4.603224  -5.607  0.518931  7.649400  0.2521169E+00  0.7342347E+00  2.2715866E-09  8.6501492E-05  2.3779929E-05  9.0958100E-03  1.3633566E-04  2.3325340E-07  3.8473732E-10  2.0167081E-03  3.2483368E-06  5.679E-11  3.104E-17  4.945E+10  2.864E+12  1.177E+01  3.093E+06  0.27972438  1.153E-05  1.155E-05  9.881E-01  2.321E-06  6.334E-06  1.015E+00  391   22.7848  9.35E-03 7.3929E+00 1.0948E+01    6.01E+02 0.00E+00 1.13E+02  0.279974  0.283793 6.01E+02 0.00E+00 1.13E+02  0.279724  0.283806  0.0000000E+00  0.0000000E+00  2.8667488E-04  2.4298001E+00  2.8045577E-01  1.6174586E-04 -8.9930582E-01  2.7747410E-01  3.5706144E-01 0.000 0.560 1.000 1.000 1.000 1.000 1.000 1.000 1.000 1.000 1.000 1.000 1.000 1.000 1.000 1.000 1.000 1.000 1.000 1.000 1.000 1.000 1.000 1.000 1.000 1.000 1.000 1.000 1.000 1.000 1.000 1.000 1.000 1.000 1.000 1.000 1.000 1.000 1.000 1.000  3.3000820007E-01   0.35016   1.00000   0.00000   0.00000   0.2999105E-02
  3811  3.823906097531205E+06  39.622620  5.663960  4.602561  0.5889964E+00  0.3972584E+00  3.5705137E-06  2.4384450E-04  2.3200678E-05  8.0045344E-03  1.1719325E-03  1.8229118E-06  1.0203359E-06  2.0716988E-03  1.4966846E-05  0.5578    4.602561  -5.606  0.519708  7.649696  0.2500799E+00  0.7362717E+00  2.2245520E-09  8.6577170E-05  2.3800894E-05  9.0958358E-03  1.3618004E-04  2.3271408E-07  3.8433128E-10  2.0163543E-03  3.2621794E-06  5.605E-11  3.062E-17  4.904E+10  2.835E+12  1.167E+01  3.062E+06  0.27827580  1.140E-05  1.142E-05  9.883E-01  2.303E-06  6.286E-06  1.015E+00  391   22.7848  9.35E-03 7.3023E+00 1.0815E+01    5.99E+02 0.00E+00 1.13E+02  0.278525  0.284345 5.99E+02 0.00E+00 1.13E+02  0.278276  0.284359  0.0000000E+00  0.0000000E+00  2.8629250E-04  2.4307161E+00  2.7740936E-01  1.5813916E-04 -8.9826751E-01  2.7684388E-01  3.5723758E-01 0.000 0.561 1.000 1.000 1.000 1.000 1.000 1.000 1.000 1.000 1.000 1.000 1.000 1.000 1.000 1.000 1.000 1.000 1.000 1.000 1.000 1.000 1.000 1.000 1.000 1.000 1.000 1.000 1.000 1.000 1.000 1.000 1.000 1.000 1.000 1.000 1.000 1.000 1.000 1.000  3.2657038856E-01   0.34733   1.00000   0.00000   0.00000   0.2962073E-02
  3822  3.832462029113808E+06  39.601384  5.664590  4.601884  0.5888367E+00  0.3974183E+00  3.5667006E-06  2.4358598E-04  2.3206774E-05  8.0060278E-03  1.1705664E-03  1.8209702E-06  1.0188384E-06  2.0716733E-03  1.4948183E-05  0.5574    4.601884  -5.605  0.520441  7.649961  0.2482266E+00  0.7381250E+00  2.1456670E-09  8.6788605E-05  2.3856430E-05  9.0956530E-03  1.3603977E-04  2.3158559E-07  3.8431670E-10  2.0160321E-03  3.2750975E-06  5.346E-11  2.918E-17  4.801E+10  2.762E+12  1.143E+01  2.983E+06  0.27698437  1.127E-05  1.130E-05  9.884E-01  2.287E-06  6.243E-06  1.015E+00  392   22.7487  9.35E-03 7.2187E+00 1.0692E+01    5.98E+02 0.00E+00 1.12E+02  0.277296  0.284887 5.98E+02 0.00E+00 1.12E+02  0.276984  0.284896  0.0000000E+00  0.0000000E+00  2.5751184E-04  2.4319760E+00  2.7464520E-01  1.5497819E-04 -8.9727947E-01  2.7625628E-01  3.5737922E-01 0.000 0.561 1.000 1.000 1.000 1.000 1.000 1.000 1.000 1.000 1.000 1.000 1.000 1.000 1.000 1.000 1.000 1.000 1.000 1.000 1.000 1.000 1.000 1.000 1.000 1.000 1.000 1.000 1.000 1.000 1.000 1.000 1.000 1.000 1.000 1.000 1.000 1.000 1.000 1.000  3.2345148771E-01   0.34475   1.00000   0.00000   0.00000   0.2925480E-02
  3833  3.840374303458086E+06  39.581701  5.665221  4.601226  0.5886899E+00  0.3975651E+00  3.5632080E-06  2.4334895E-04  2.3212387E-05  8.0073969E-03  1.1693140E-03  1.8191897E-06  1.0174656E-06  2.0716499E-03  1.4931078E-05  0.5567    4.601226  -5.604  0.521129  7.650209  0.2464963E+00  0.7398553E+00  2.1145486E-09  8.6849431E-05  2.3880823E-05  9.0956711E-03  1.3590890E-04  2.3057053E-07  3.8262908E-10  2.0157310E-03  3.2883858E-06  5.498E-11  3.003E-17  4.779E+10  2.746E+12  1.137E+01  2.966E+06  0.27598852  1.117E-05  1.119E-05  9.885E-01  2.272E-06  6.203E-06  1.015E+00  392   22.7487  9.35E-03 7.1405E+00 1.0577E+01    5.97E+02 0.00E+00 1.11E+02  0.276158  0.285414 5.97E+02 0.00E+00 1.11E+02  0.275989  0.285426  0.0000000E+00  0.0000000E+00  2.8316098E-04  2.4333577E+00  2.7205968E-01  1.5202888E-04 -8.9635109E-01  2.7570680E-01  3.5750488E-01 0.000 0.559 1.000 1.000 1.000 1.000 1.000 1.000 1.000 1.000 1.000 1.000 1.000 1.000 1.000 1.000 1.000 1.000 1.000 1.000 1.000 1.000 1.000 1.000 1.000 1.000 1.000 1.000 1.000 1.000 1.000 1.000 1.000 1.000 1.000 1.000 1.000 1.000 1.000 1.000  3.2056834340E-01   0.34236   1.00000   0.00000   0.00000   0.2890477E-02
  3845  3.849699483935271E+06  39.558447  5.665861  4.600535  0.5885182E+00  0.3977370E+00  3.5591319E-06  2.4307204E-04  2.3218973E-05  8.0089964E-03  1.1678507E-03  1.8171093E-06  1.0158622E-06  2.0716225E-03  1.4911100E-05  0.5559    4.600535  -5.603  0.521978  7.650527  0.2444570E+00  0.7418946E+00  2.0872347E-09  8.6831316E-05  2.3872133E-05  9.0958349E-03  1.3575652E-04  2.3075296E-07  3.8276899E-10  2.0153757E-03  3.3026742E-06  5.458E-11  2.981E-17  4.771E+10  2.742E+12  1.135E+01  2.962E+06  0.27448879  1.104E-05  1.106E-05  9.886E-01  2.254E-06  6.157E-06  1.015E+00  390   22.7487  9.35E-03 7.0511E+00 1.0445E+01    5.95E+02 0.00E+00 1.10E+02  0.274743  0.285970 5.95E+02 0.00E+00 1.10E+02  0.274489  0.285984  0.0000000E+00  0.0000000E+00  2.8278280E-04  2.4341652E+00  2.6904929E-01  1.4858169E-04 -8.9535210E-01  2.7508907E-01  3.5769534E-01 0.000 0.558 1.000 1.000 1.000 1.000 1.000 1.000 1.000 1.000 1.000 1.000 1.000 1.000 1.000 1.000 1.000 1.000 1.000 1.000 1.000 1.000 1.000 1.000 1.000 1.000 1.000 1.000 1.000 1.000 1.000 1.000 1.000 1.000 1.000 1.000 1.000 1.000 1.000 1.000  3.1717251006E-01   0.33952   1.00000   0.00000   0.00000   0.2853516E-02
  3856  3.858247566039357E+06  39.537085  5.666448  4.599883  0.5883620E+00  0.3978933E+00  3.5554364E-06  2.4282071E-04  2.3224976E-05  8.0104480E-03  1.1665227E-03  1.8152207E-06  1.0144072E-06  2.0715977E-03  1.4892976E-05  0.5551    4.599883  -5.602  0.522715  7.650805  0.2425843E+00  0.7437672E+00  2.0476402E-09  8.6905166E-05  2.3892855E-05  9.0958483E-03  1.3561771E-04  2.3018491E-07  3.8231721E-10  2.0150490E-03  3.3159494E-06  5.393E-11  2.945E-17  4.735E+10  2.718E+12  1.127E+01  2.935E+06  0.27317518  1.092E-05  1.094E-05  9.887E-01  2.238E-06  6.115E-06  1.014E+00  391   22.7124  9.35E-03 6.9695E+00 1.0325E+01    5.94E+02 0.00E+00 1.10E+02  0.273431  0.286483 5.94E+02 0.00E+00 1.09E+02  0.273175  0.286497  0.0000000E+00  0.0000000E+00  2.8241059E-04  2.4351092E+00  2.6629634E-01  1.4555244E-04 -8.9440219E-01  2.7451156E-01  3.5785720E-01 0.000 0.558 1.000 1.000 1.000 1.000 1.000 1.000 1.000 1.000 1.000 1.000 1.000 1.000 1.000 1.000 1.000 1.000 1.000 1.000 1.000 1.000 1.000 1.000 1.000 1.000 1.000 1.000 1.000 1.000 1.000 1.000 1.000 1.000 1.000 1.000 1.000 1.000 1.000 1.000  3.1406393465E-01   0.33692   1.00000   0.00000   0.00000   0.2819597E-02
  3866  3.865630000583797E+06  39.518599  5.667008  4.599236  0.5882279E+00  0.3980275E+00  3.5522738E-06  2.4260542E-04  2.3230139E-05  8.0116915E-03  1.1653851E-03  1.8136027E-06  1.0131611E-06  2.0715763E-03  1.4877455E-05  0.5551    4.599236  -5.601  0.523317  7.651018  0.2409630E+00  0.7453886E+00  1.9375526E-09  8.7283724E-05  2.3997672E-05  9.0954003E-03  1.3549798E-04  2.2814720E-07  3.8204415E-10  2.0147660E-03  3.3284315E-06  5.170E-11  2.820E-17  4.563E+10  2.592E+12  1.086E+01  2.799E+06  0.27212566  1.081E-05  1.084E-05  9.888E-01  2.224E-06  6.078E-06  1.014E+00  390   22.7124  9.35E-03 6.8973E+00 1.0219E+01    5.93E+02 0.00E+00 1.09E+02  0.272363  0.286965 5.93E+02 0.00E+00 1.09E+02  0.272126  0.286977  0.0000000E+00  0.0000000E+00  2.5401780E-04  2.4367540E+00  2.6391024E-01  1.4276923E-04 -8.9347762E-01  2.7397963E-01  3.5795461E-01 0.000 0.557 1.000 1.000 1.000 1.000 1.000 1.000 1.000 1.000 1.000 1.000 1.000 1.000 1.000 1.000 1.000 1.000 1.000 1.000 1.000 1.000 1.000 1.000 1.000 1.000 1.000 1.000 1.000 1.000 1.000 1.000 1.000 1.000 1.000 1.000 1.000 1.000 1.000 1.000  3.1138199439E-01   0.33467   1.00000   0.00000   0.00000   0.2787716E-02
  3877  3.873742907598950E+06  39.498241  5.667660  4.598556  0.5880815E+00  0.3981740E+00  3.5488286E-06  2.4237068E-04  2.3235789E-05  8.0130473E-03  1.1641448E-03  1.8118384E-06  1.0118026E-06  2.0715530E-03  1.4860538E-05  0.5541    4.598556  -5.600  0.524163  7.651321  0.2391651E+00  0.7471864E+00  1.9623584E-09  8.7086694E-05  2.3944414E-05  9.0958027E-03  1.3536575E-04  2.2873364E-07  3.8110274E-10  2.0144518E-03  3.3420595E-06  5.316E-11  2.902E-17  4.644E+10  2.654E+12  1.105E+01  2.866E+06  0.27102604  1.070E-05  1.073E-05  9.889E-01  2.209E-06  6.038E-06  1.014E+00  390   22.6762  9.35E-03 6.8179E+00 1.0102E+01    5.92E+02 0.00E+00 1.08E+02  0.271204  0.287516 5.92E+02 0.00E+00 1.08E+02  0.271026  0.287530  0.0000000E+00  0.0000000E+00  2.7929199E-04  2.4377335E+00  2.6128583E-01  1.3993000E-04 -8.9260760E-01  2.7343850E-01  3.5812192E-01 0.000 0.557 1.000 1.000 1.000 1.000 1.000 1.000 1.000 1.000 1.000 1.000 1.000 1.000 1.000 1.000 1.000 1.000 1.000 1.000 1.000 1.000 1.000 1.000 1.000 1.000 1.000 1.000 1.000 1.000 1.000 1.000 1.000 1.000 1.000 1.000 1.000 1.000 1.000 1.000  3.0843564943E-01   0.33217   1.00000   0.00000   0.00000   0.2752297E-02
  3888  3.882205508881997E+06  39.476962  5.668243  4.597896  0.5879300E+00  0.3983257E+00  3.5452713E-06  2.4212807E-04  2.3241651E-05  8.0144486E-03  1.1628628E-03  1.8100146E-06  1.0103989E-06  2.0715288E-03  1.4843059E-05  0.5533    4.597896  -5.599  0.524923  7.651606  0.2372911E+00  0.7490603E+00  1.9250249E-09  8.7151784E-05  2.3961960E-05  9.0958279E-03  1.3522906E-04  2.2835191E-07  3.8090189E-10  2.0141239E-03  3.3557847E-06  5.278E-11  2.881E-17  4.610E+10  2.630E+12  1.097E+01  2.841E+06  0.26962000  1.059E-05  1.061E-05  9.890E-01  2.194E-06  5.997E-06  1.014E+00  390   22.6762  9.35E-03 6.7375E+00 9.9837E+00    5.90E+02 0.00E+00 1.07E+02  0.269887  0.288030 5.90E+02 0.00E+00 1.07E+02  0.269620  0.288044  0.0000000E+00  0.0000000E+00  2.7887824E-04  2.4387368E+00  2.5857185E-01  1.3702984E-04 -8.9166522E-01  2.7286378E-01  3.5828547E-01 0.000 0.556 1.000 1.000 1.000 1.000 1.000 1.000 1.000 1.000 1.000 1.000 1.000 1.000 1.000 1.000 1.000 1.000 1.000 1.000 1.000 1.000 1.000 1.000 1.000 1.000 1.000 1.000 1.000 1.000 1.000 1.000 1.000 1.000 1.000 1.000 1.000 1.000 1.000 1.000  3.0536580461E-01   0.32957   1.00000   0.00000   0.00000   0.2719324E-02
  3899  3.890668110165043E+06  39.455641  5.668831  4.597231  0.5877794E+00  0.3984764E+00  3.5417472E-06  2.4188749E-04  2.3247487E-05  8.0158380E-03  1.1615916E-03  1.8082058E-06  1.0090072E-06  2.0715048E-03  1.4825732E-05  0.5525    4.597231  -5.598  0.525684  7.651891  0.2354141E+00  0.7509374E+00  1.8874719E-09  8.7227893E-05  2.3983323E-05  9.0958356E-03  1.3509299E-04  2.2777657E-07  3.8044174E-10  2.0137952E-03  3.3696504E-06  5.241E-11  2.859E-17  4.574E+10  2.606E+12  1.089E+01  2.814E+06  0.26833987  1.047E-05  1.050E-05  9.891E-01  2.178E-06  5.956E-06  1.014E+00  390   22.6399  9.35E-03 6.6571E+00 9.8653E+00    5.89E+02 0.00E+00 1.07E+02  0.268522  0.288549 5.89E+02 0.00E+00 1.07E+02  0.268340  0.288562  0.0000000E+00  0.0000000E+00  2.7841039E-04  2.4397829E+00  2.5585240E-01  1.3403924E-04 -8.9071804E-01  2.7228707E-01  3.5844844E-01 0.000 0.556 1.000 1.000 1.000 1.000 1.000 1.000 1.000 1.000 1.000 1.000 1.000 1.000 1.000 1.000 1.000 1.000 1.000 1.000 1.000 1.000 1.000 1.000 1.000 1.000 1.000 1.000 1.000 1.000 1.000 1.000 1.000 1.000 1.000 1.000 1.000 1.000 1.000 1.000  3.0230086703E-01   0.32696   1.00000   0.00000   0.00000   0.2686684E-02
  3909  3.897745922147226E+06  39.437776  5.669394  4.596549  0.5876543E+00  0.3986015E+00  3.5388278E-06  2.4168800E-04  2.3252344E-05  8.0169902E-03  1.1605375E-03  1.8067057E-06  1.0078534E-06  2.0714849E-03  1.4811369E-05  0.5523    4.596549  -5.598  0.526293  7.652100  0.2338391E+00  0.7525124E+00  1.7815816E-09  8.7625229E-05  2.4094388E-05  9.0953542E-03  1.3497891E-04  2.2556903E-07  3.7993730E-10  2.0135191E-03  3.3827426E-06  4.994E-11  2.722E-17  4.400E+10  2.479E+12  1.047E+01  2.677E+06  0.26723280  1.037E-05  1.040E-05  9.892E-01  2.165E-06  5.921E-06  1.014E+00  393   22.6399  9.35E-03 6.5881E+00 9.7637E+00    5.88E+02 0.00E+00 1.06E+02  0.267483  0.289025 5.88E+02 0.00E+00 1.06E+02  0.267233  0.289045  0.0000000E+00  0.0000000E+00  2.5039360E-04  2.4416715E+00  2.5357675E-01  1.3158461E-04 -8.8980520E-01  2.7176592E-01  3.5853459E-01 0.000 0.554 0.673 0.675 0.682 0.688 1.000 1.000 1.000 1.000 1.000 1.000 1.000 1.000 1.000 1.000 1.000 1.000 1.000 1.000 1.000 1.000 1.000 1.000 1.000 1.000 1.000 1.000 1.000 1.000 1.000 1.000 1.000 1.000 1.000 1.000 1.000 1.000 1.000 1.000  2.9974042604E-01   0.32478   1.00000   0.00000   0.00000   0.2655449E-02
  3919  3.905223784371882E+06  39.418865  5.670005  4.595896  0.5875231E+00  0.3987329E+00  3.5357707E-06  2.4147894E-04  2.3257451E-05  8.0181975E-03  1.1594329E-03  1.8051335E-06  1.0066444E-06  2.0714640E-03  1.4796321E-05  0.5516    4.595896  -5.597  0.527119  7.652396  0.2321618E+00  0.7541896E+00  1.8106975E-09  8.7398541E-05  2.4031340E-05  9.0957915E-03  1.3485804E-04  2.2650104E-07  3.7943657E-10  2.0132248E-03  3.3956113E-06  5.135E-11  2.801E-17  4.489E+10  2.546E+12  1.068E+01  2.750E+06  0.26618369  1.027E-05  1.029E-05  9.893E-01  2.152E-06  5.885E-06  1.014E+00  392   22.6399  9.35E-03 6.5161E+00 9.6577E+00    5.87E+02 0.00E+00 1.05E+02  0.266441  0.289552 5.87E+02 0.00E+00 1.05E+02  0.266184  0.289567  0.0000000E+00  0.0000000E+00  2.7533497E-04  2.4425283E+00  2.5117333E-01  1.2908421E-04 -8.8901926E-01  2.7126941E-01  3.5869934E-01 0.000 0.555 0.662 0.669 1.000 1.000 1.000 1.000 1.000 1.000 1.000 1.000 1.000 1.000 1.000 1.000 1.000 1.000 1.000 1.000 1.000 1.000 1.000 1.000 1.000 1.000 1.000 1.000 1.000 1.000 1.000 1.000 1.000 1.000 1.000 1.000 1.000 1.000 1.000 1.000  2.9703579505E-01   0.32245   1.00000   0.00000   0.00000   0.2623344E-02
  3930  3.913601759642099E+06  39.397639  5.670579  4.595215  0.5873769E+00  0.3988791E+00  3.5323752E-06  2.4124652E-04  2.3263148E-05  8.0195398E-03  1.1582048E-03  1.8033854E-06  1.0053007E-06  2.0714407E-03  1.4779597E-05  0.5508    4.595215  -5.596  0.527899  7.652687  0.2302832E+00  0.7560681E+00  1.7747760E-09  8.7472270E-05  2.4051766E-05  9.0958018E-03  1.3472335E-04  2.2602519E-07  3.7911651E-10  2.0128947E-03  3.4099917E-06  5.098E-11  2.780E-17  4.455E+10  2.522E+12  1.060E+01  2.724E+06  0.26484936  1.015E-05  1.018E-05  9.894E-01  2.136E-06  5.845E-06  1.014E+00  391   22.6035  9.35E-03 6.4368E+00 9.5409E+00    5.85E+02 0.00E+00 1.05E+02  0.265107  0.290065 5.85E+02 0.00E+00 1.04E+02  0.264849  0.290079  0.0000000E+00  0.0000000E+00  2.7484728E-04  2.4435814E+00  2.4849767E-01  1.2622910E-04 -8.8808418E-01  2.7069633E-01  3.5886709E-01 0.000 0.553 1.000 1.000 1.000 1.000 1.000 1.000 1.000 1.000 1.000 1.000 1.000 1.000 1.000 1.000 1.000 1.000 1.000 1.000 1.000 1.000 1.000 1.000 1.000 1.000 1.000 1.000 1.000 1.000 1.000 1.000 1.000 1.000 1.000 1.000 1.000 1.000 1.000 1.000  2.9400990353E-01   0.31984   1.00000   0.00000   0.00000   0.2591559E-02
  3941  3.921979734912317E+06  39.376375  5.671165  4.594513  0.5872319E+00  0.3990243E+00  3.5290155E-06  2.4101634E-04  2.3268812E-05  8.0208690E-03  1.1569886E-03  1.8016539E-06  1.0039700E-06  2.0714175E-03  1.4763040E-05  0.5500    4.594513  -5.595  0.528687  7.652979  0.2284020E+00  0.7579494E+00  1.7392081E-09  8.7550090E-05  2.4073604E-05  9.0958054E-03  1.3458908E-04  2.2545470E-07  3.7866081E-10  2.0125639E-03  3.4245177E-06  4.825E-11  2.628E-17  4.419E+10  2.497E+12  1.052E+01  2.697E+06  0.26351194  1.004E-05  1.006E-05  9.895E-01  2.121E-06  5.805E-06  1.013E+00  390   22.6035  9.35E-03 6.3580E+00 9.4247E+00    5.84E+02 0.00E+00 1.04E+02  0.263827  0.290587 5.84E+02 0.00E+00 1.04E+02  0.263512  0.290601  0.0000000E+00  0.0000000E+00  2.7442590E-04  2.4447438E+00  2.4582814E-01  1.2351546E-04 -8.8714049E-01  2.7012034E-01  3.5903055E-01 0.000 0.554 1.000 1.000 1.000 1.000 1.000 1.000 1.000 1.000 1.000 1.000 1.000 1.000 1.000 1.000 1.000 1.000 1.000 1.000 1.000 1.000 1.000 1.000 1.000 1.000 1.000 1.000 1.000 1.000 1.000 1.000 1.000 1.000 1.000 1.000 1.000 1.000 1.000 1.000  2.9098942687E-01   0.31723   1.00000   0.00000   0.00000   0.2559308E-02
  3951  3.928834441951585E+06  39.358949  5.671726  4.593814  0.5871141E+00  0.3991422E+00  3.5262914E-06  2.4082954E-04  2.3273423E-05  8.0219478E-03  1.1560016E-03  1.8002486E-06  1.0028904E-06  2.0713988E-03  1.4749606E-05  0.5497    4.593814  -5.594  0.529309  7.653189  0.2268560E+00  0.7594954E+00  1.6408262E-09  8.7951420E-05  2.4185947E-05  9.0953149E-03  1.3447857E-04  2.2323128E-07  3.7811031E-10  2.0122917E-03  3.4382165E-06  4.957E-11  2.701E-17  4.250E+10  2.374E+12  1.012E+01  2.564E+06  0.26256264  9.941E-06  9.966E-06  9.896E-01  2.109E-06  5.772E-06  1.013E+00  394   22.5670  9.35E-03 6.2909E+00 9.3259E+00    5.83E+02 0.00E+00 1.03E+02  0.262743  0.291067 5.83E+02 0.00E+00 1.03E+02  0.262563  0.291084  0.0000000E+00  0.0000000E+00  2.4672681E-04  2.4468321E+00  2.4362691E-01  1.2122466E-04 -8.8623675E-01  2.6960719E-01  3.5910925E-01 0.000 0.552 1.000 1.000 1.000 1.000 1.000 1.000 1.000 1.000 1.000 1.000 1.000 1.000 1.000 1.000 1.000 1.000 1.000 1.000 1.000 1.000 1.000 1.000 1.000 1.000 1.000 1.000 1.000 1.000 1.000 1.000 1.000 1.000 1.000 1.000 1.000 1.000 1.000 1.000  2.8852147145E-01   0.31508   1.00000   0.00000   0.00000   0.2529198E-02
  3961  3.936374619694778E+06  39.339745  5.672324  4.593149  0.5869852E+00  0.3992711E+00  3.5233200E-06  2.4062562E-04  2.3278472E-05  8.0231253E-03  1.1549242E-03  1.7987144E-06  1.0017120E-06  2.0713782E-03  1.4734947E-05  0.5490    4.593149  -5.594  0.530166  7.653496  0.2251446E+00  0.7612067E+00  1.6671430E-09  8.7722224E-05  2.4121860E-05  9.0957568E-03  1.3435700E-04  2.2423401E-07  3.7774840E-10  2.0119901E-03  3.4516421E-06  4.920E-11  2.681E-17  4.335E+10  2.439E+12  1.032E+01  2.634E+06  0.26138262  9.837E-06  9.864E-06  9.897E-01  2.096E-06  5.736E-06  1.013E+00  396   22.5670  9.35E-03 6.2191E+00 9.2202E+00    5.81E+02 0.00E+00 1.02E+02  0.261697  0.291590 5.81E+02 0.00E+00 1.02E+02  0.261383  0.291604  0.0000000E+00  0.0000000E+00  2.7123259E-04  2.4477302E+00  2.4122330E-01  1.1882756E-04 -8.8544537E-01  2.6910413E-01  3.5928155E-01 0.000 0.552 1.000 1.000 1.000 1.000 1.000 1.000 1.000 1.000 1.000 1.000 1.000 1.000 1.000 1.000 1.000 1.000 1.000 1.000 1.000 1.000 1.000 1.000 1.000 1.000 1.000 1.000 1.000 1.000 1.000 1.000 1.000 1.000 1.000 1.000 1.000 1.000 1.000 1.000  2.8580789803E-01   0.31270   1.00000   0.00000   0.00000   0.2498293E-02
  3971  3.943914797437971E+06  39.320511  5.672857  4.592506  0.5868572E+00  0.3993993E+00  3.5203735E-06  2.4042324E-04  2.3283500E-05  8.0242940E-03  1.1538550E-03  1.7971915E-06  1.0005427E-06  2.0713578E-03  1.4720401E-05  0.5483    4.592506  -5.593  0.530901  7.653767  0.2234332E+00  0.7629181E+00  1.6359348E-09  8.7793412E-05  2.4141738E-05  9.0957588E-03  1.3423575E-04  2.2375815E-07  3.7739961E-10  2.0116882E-03  3.4653203E-06  4.883E-11  2.660E-17  4.303E+10  2.417E+12  1.024E+01  2.610E+06  0.26014029  9.735E-06  9.762E-06  9.898E-01  2.082E-06  5.701E-06  1.013E+00  397   22.5670  9.35E-03 6.1485E+00 9.1162E+00    5.80E+02 0.00E+00 1.02E+02  0.260402  0.292067 5.80E+02 0.00E+00 1.02E+02  0.260140  0.292081  0.0000000E+00  0.0000000E+00  2.7067518E-04  2.4488605E+00  2.3882618E-01  1.1634811E-04 -8.8459269E-01  2.6858267E-01  3.5943126E-01 0.000 0.551 1.000 1.000 1.000 1.000 1.000 1.000 1.000 1.000 1.000 1.000 1.000 1.000 1.000 1.000 1.000 1.000 1.000 1.000 1.000 1.000 1.000 1.000 1.000 1.000 1.000 1.000 1.000 1.000 1.000 1.000 1.000 1.000 1.000 1.000 1.000 1.000 1.000 1.000  2.8309883171E-01   0.31032   1.00000   0.00000   0.00000   0.2469924E-02
  3981  3.951454975181164E+06  39.301248  5.673392  4.591854  0.5867300E+00  0.3995266E+00  3.5174526E-06  2.4022245E-04  2.3288504E-05  8.0254534E-03  1.1527941E-03  1.7956805E-06  9.9938278E-07  2.0713375E-03  1.4705975E-05  0.5476    4.591854  -5.592  0.531642  7.654040  0.2217196E+00  0.7646317E+00  1.6052018E-09  8.7866104E-05  2.4162135E-05  9.0957584E-03  1.3411469E-04  2.2323902E-07  3.7698545E-10  2.0113856E-03  3.4791327E-06  4.679E-11  2.546E-17  4.271E+10  2.395E+12  1.016E+01  2.586E+06  0.25889977  9.633E-06  9.660E-06  9.899E-01  2.069E-06  5.665E-06  1.013E+00  401   22.5305  9.35E-03 6.0783E+00 9.0127E+00    5.79E+02 0.00E+00 1.01E+02  0.259163  0.292546 5.79E+02 0.00E+00 1.01E+02  0.258900  0.292561  0.0000000E+00  0.0000000E+00  2.7017315E-04  2.4500182E+00  2.3644266E-01  1.1400861E-04 -8.8373882E-01  2.6806022E-01  3.5958111E-01 0.000 0.551 1.000 1.000 1.000 1.000 1.000 1.000 1.000 1.000 1.000 1.000 1.000 1.000 1.000 1.000 1.000 1.000 1.000 1.000 1.000 1.000 1.000 1.000 1.000 1.000 1.000 1.000 1.000 1.000 1.000 1.000 1.000 1.000 1.000 1.000 1.000 1.000 1.000 1.000  2.8039469511E-01   0.30794   1.00000   0.00000   0.00000   0.2441463E-02
  3991  3.958241135150038E+06  39.283888  5.673925  4.591171  0.5866162E+00  0.3996404E+00  3.5148467E-06  2.4004318E-04  2.3292984E-05  8.0264885E-03  1.1518470E-03  1.7943312E-06  9.9834730E-07  2.0713194E-03  1.4693097E-05  0.5476    4.591171  -5.592  0.532267  7.654254  0.2201748E+00  0.7661765E+00  1.5166383E-09  8.8268020E-05  2.4274643E-05  9.0952660E-03  1.3400531E-04  2.2105626E-07  3.7647264E-10  2.0111125E-03  3.4933675E-06  4.779E-11  2.602E-17  4.113E+10  2.280E+12  9.789E+00  2.463E+06  0.25787697  9.538E-06  9.565E-06  9.899E-01  2.057E-06  5.633E-06  1.013E+00  404   22.5305  9.35E-03 6.0135E+00 8.9173E+00    5.78E+02 0.00E+00 1.00E+02  0.258125  0.293017 5.78E+02 0.00E+00 1.00E+02  0.257877  0.293029  0.0000000E+00  0.0000000E+00  2.4288307E-04  2.4520029E+00  2.3429063E-01  1.1186466E-04 -8.8285547E-01  2.6755398E-01  3.5966784E-01 0.000 0.549 1.000 1.000 1.000 1.000 1.000 1.000 1.000 1.000 1.000 1.000 1.000 1.000 1.000 1.000 1.000 1.000 1.000 1.000 1.000 1.000 1.000 1.000 1.000 1.000 1.000 1.000 1.000 1.000 1.000 1.000 1.000 1.000 1.000 1.000 1.000 1.000 1.000 1.000  2.7796492695E-01   0.30580   1.00000   0.00000   0.00000   0.2413357E-02
  4000  3.964959433519225E+06  39.266673  5.674499  4.590525  0.5865043E+00  0.3997525E+00  3.5122872E-06  2.3986696E-04  2.3297401E-05  8.0275060E-03  1.1509160E-03  1.7930049E-06  9.9732965E-07  2.0713016E-03  1.4680442E-05  0.5466    4.590525  -5.591  0.533095  7.654543  0.2186298E+00  0.7677214E+00  1.5394494E-09  8.8034835E-05  2.4209458E-05  9.0957027E-03  1.3389641E-04  2.2206730E-07  3.7610845E-10  2.0108391E-03  3.5060185E-06  4.779E-11  2.602E-17  4.189E+10  2.338E+12  9.970E+00  2.525E+06  0.25687294  9.446E-06  9.473E-06  9.900E-01  2.045E-06  5.602E-06  1.013E+00  405   22.4939  9.35E-03 5.9493E+00 8.8226E+00    5.77E+02 0.00E+00 9.99E+01  0.257188  0.293510 5.77E+02 0.00E+00 9.97E+01  0.256873  0.293524  0.0000000E+00  0.0000000E+00  2.6702939E-04  2.4531009E+00  2.3216207E-01  1.0980289E-04 -8.8213647E-01  2.6709854E-01  3.5981912E-01 0.000 0.550 1.000 1.000 1.000 1.000 1.000 1.000 1.000 1.000 1.000 1.000 1.000 1.000 1.000 1.000 1.000 1.000 1.000 1.000 1.000 1.000 1.000 1.000 1.000 1.000 1.000 1.000 1.000 1.000 1.000 1.000 1.000 1.000 1.000 1.000 1.000 1.000 1.000 1.000  2.7556097587E-01   0.30365   1.00000   0.00000   0.00000   0.2384995E-02
  4010  3.972424209484988E+06  39.247518  5.675034  4.589864  0.5863806E+00  0.3998762E+00  3.5094668E-06  2.3967264E-04  2.3302285E-05  8.0286280E-03  1.1498894E-03  1.7915421E-06  9.9620758E-07  2.0712819E-03  1.4666491E-05  0.5460    4.589864  -5.590  0.533857  7.654821  0.2169154E+00  0.7694358E+00  1.5103871E-09  8.8106591E-05  2.4229441E-05  9.0957035E-03  1.3377569E-04  2.2161319E-07  3.7579011E-10  2.0105354E-03  3.5203450E-06  4.743E-11  2.582E-17  4.159E+10  2.317E+12  9.898E+00  2.502E+06  0.25561699  9.345E-06  9.373E-06  9.901E-01  2.032E-06  5.567E-06  1.013E+00  407   22.4939  9.35E-03 5.8801E+00 8.7206E+00    5.75E+02 0.00E+00 9.91E+01  0.255880  0.293992 5.75E+02 0.00E+00 9.90E+01  0.255617  0.294006  0.0000000E+00  0.0000000E+00  2.6642245E-04  2.4543341E+00  2.2980827E-01  1.0755685E-04 -8.8128905E-01  2.6657857E-01  3.5997016E-01 0.000 0.548 1.000 1.000 1.000 1.000 1.000 1.000 1.000 1.000 1.000 1.000 1.000 1.000 1.000 1.000 1.000 1.000 1.000 1.000 1.000 1.000 1.000 1.000 1.000 1.000 1.000 1.000 1.000 1.000 1.000 1.000 1.000 1.000 1.000 1.000 1.000 1.000 1.000 1.000  2.7289416904E-01   0.30127   1.00000   0.00000   0.00000   0.2357232E-02
  4020  3.979888985450752E+06  39.228336  5.675569  4.589201  0.5862578E+00  0.3999992E+00  3.5066691E-06  2.3947972E-04  2.3307148E-05  8.0297418E-03  1.1488702E-03  1.7900898E-06  9.9509385E-07  2.0712623E-03  1.4652645E-05  0.5452    4.589201  -5.590  0.534622  7.655101  0.2151985E+00  0.7711527E+00  1.4812116E-09  8.8181058E-05  2.4250331E-05  9.0957001E-03  1.3365497E-04  2.2109727E-07  3.7537979E-10  2.0102310E-03  3.5348265E-06  4.707E-11  2.561E-17  4.127E+10  2.295E+12  9.822E+00  2.479E+06  0.25437272  9.246E-06  9.273E-06  9.902E-01  2.020E-06  5.533E-06  1.013E+00  407   22.4939  9.35E-03 5.8114E+00 8.6194E+00    5.74E+02 0.00E+00 9.84E+01  0.254635  0.294476 5.74E+02 0.00E+00 9.83E+01  0.254373  0.294490  0.0000000E+00  0.0000000E+00  2.6587530E-04  2.4555837E+00  2.2747081E-01  1.0525412E-04 -8.8044121E-01  2.6605806E-01  3.6012227E-01 0.000 0.548 1.000 1.000 1.000 1.000 1.000 1.000 1.000 1.000 1.000 1.000 1.000 1.000 1.000 1.000 1.000 1.000 1.000 1.000 1.000 1.000 1.000 1.000 1.000 1.000 1.000 1.000 1.000 1.000 1.000 1.000 1.000 1.000 1.000 1.000 1.000 1.000 1.000 1.000  2.7023278678E-01   0.29889   1.00000   0.00000   0.00000   0.2329695E-02
  4030  3.986681931579595E+06  39.210859  5.676105  4.588494  0.5861466E+00  0.4001104E+00  3.5041438E-06  2.3930546E-04  2.3311554E-05  8.0307479E-03  1.1479496E-03  1.7887778E-06  9.9408795E-07  2.0712446E-03  1.4640140E-05  0.5450    4.588494  -5.589  0.535267  7.655323  0.2136355E+00  0.7727158E+00  1.4052722E-09  8.8582779E-05  2.4362942E-05  9.0952084E-03  1.3354479E-04  2.1896660E-07  3.7491824E-10  2.0099535E-03  3.5496659E-06  4.513E-11  2.453E-17  3.988E+10  2.195E+12  9.492E+00  2.371E+06  0.25331827  9.151E-06  9.178E-06  9.903E-01  2.008E-06  5.501E-06  1.012E+00  409   22.4573  9.35E-03 5.7473E+00 8.5250E+00    5.73E+02 0.00E+00 9.78E+01  0.253504  0.294957 5.73E+02 0.00E+00 9.77E+01  0.253318  0.294965  0.0000000E+00  0.0000000E+00  2.3890175E-04  2.4575761E+00  2.2533629E-01  1.0321518E-04 -8.7956038E-01  2.6555030E-01  3.6021471E-01 0.000 0.549 1.000 1.000 1.000 1.000 1.000 1.000 1.000 1.000 1.000 1.000 1.000 1.000 1.000 1.000 1.000 1.000 1.000 1.000 1.000 1.000 1.000 1.000 1.000 1.000 1.000 1.000 1.000 1.000 1.000 1.000 1.000 1.000 1.000 1.000 1.000 1.000 1.000 1.000  2.6781590598E-01   0.29671   1.00000   0.00000   0.00000   0.2301883E-02
  4039  3.993265863981395E+06  39.193895  5.676674  4.587844  0.5860394E+00  0.4002177E+00  3.5017139E-06  2.3913767E-04  2.3315806E-05  8.0317166E-03  1.1470632E-03  1.7875144E-06  9.9311954E-07  2.0712275E-03  1.4628103E-05  0.5443    4.587844  -5.589  0.536117  7.655615  0.2121039E+00  0.7742473E+00  1.4184714E-09  8.8355274E-05  2.4299261E-05  9.0956358E-03  1.3343718E-04  2.1990060E-07  3.7447514E-10  2.0096814E-03  3.5629251E-06  4.602E-11  2.503E-17  4.045E+10  2.238E+12  9.627E+00  2.417E+06  0.25235231  9.064E-06  9.089E-06  9.904E-01  1.997E-06  5.471E-06  1.012E+00  411   22.4573  9.35E-03 5.6849E+00 8.4330E+00    5.72E+02 0.00E+00 9.72E+01  0.252551  0.295446 5.72E+02 0.00E+00 9.71E+01  0.252352  0.295459  0.0000000E+00  0.0000000E+00  2.6257754E-04  2.4588956E+00  2.2325988E-01  1.0127557E-04 -8.7884269E-01  2.6509748E-01  3.6036119E-01 0.000 0.547 1.000 1.000 1.000 1.000 1.000 1.000 1.000 1.000 1.000 1.000 1.000 1.000 1.000 1.000 1.000 1.000 1.000 1.000 1.000 1.000 1.000 1.000 1.000 1.000 1.000 1.000 1.000 1.000 1.000 1.000 1.000 1.000 1.000 1.000 1.000 1.000 1.000 1.000  2.6547544630E-01   0.29459   1.00000   0.00000   0.00000   0.2274909E-02
  4049  4.000655992187499E+06  39.174829  5.677214  4.587164  0.5859199E+00  0.4003373E+00  3.4990096E-06  2.3895079E-04  2.3320556E-05  8.0327955E-03  1.1460760E-03  1.7861071E-06  9.9204106E-07  2.0712084E-03  1.4614699E-05  0.5436    4.587164  -5.588  0.536904  7.655901  0.2103859E+00  0.7759653E+00  1.3917042E-09  8.8427687E-05  2.4319350E-05  9.0956357E-03  1.3331647E-04  2.1946514E-07  3.7418742E-10  2.0093758E-03  3.5779381E-06  4.568E-11  2.484E-17  4.016E+10  2.219E+12  9.559E+00  2.396E+06  0.25104089  8.963E-06  8.991E-06  9.905E-01  1.984E-06  5.437E-06  1.012E+00  414   22.4206  9.35E-03 5.6173E+00 8.3334E+00    5.70E+02 0.00E+00 9.65E+01  0.251307  0.295934 5.70E+02 0.00E+00 9.64E+01  0.251041  0.295948  0.0000000E+00  0.0000000E+00  2.6200632E-04  2.4602468E+00  2.2096068E-01  9.9165558E-05 -8.7799945E-01  2.6457869E-01  3.6051343E-01 0.000 0.546 1.000 1.000 1.000 1.000 1.000 1.000 1.000 1.000 1.000 1.000 1.000 1.000 1.000 1.000 1.000 1.000 1.000 1.000 1.000 1.000 1.000 1.000 1.000 1.000 1.000 1.000 1.000 1.000 1.000 1.000 1.000 1.000 1.000 1.000 1.000 1.000 1.000 1.000  2.6285254709E-01   0.29220   1.00000   0.00000   0.00000   0.2247683E-02
  4059  4.007454910137115E+06  39.157267  5.677700  4.586515  0.5858107E+00  0.4004466E+00  3.4965420E-06  2.3878014E-04  2.3324904E-05  8.0337806E-03  1.1451745E-03  1.7848220E-06  9.9105645E-07  2.0711910E-03  1.4602464E-05  0.5429    4.586515  -5.588  0.537512  7.656125  0.2088047E+00  0.7775465E+00  1.3177054E-09  8.8829812E-05  2.4431812E-05  9.0951447E-03  1.3320506E-04  2.1738916E-07  3.7378095E-10  2.0090942E-03  3.5932617E-06  4.372E-11  2.374E-17  3.878E+10  2.118E+12  9.231E+00  2.287E+06  0.24988172  8.872E-06  8.899E-06  9.906E-01  1.973E-06  5.406E-06  1.012E+00  418   22.4206  9.35E-03 5.5553E+00 8.2420E+00    5.69E+02 0.00E+00 9.59E+01  0.250171  0.296380 5.69E+02 0.00E+00 9.57E+01  0.249882  0.296392  0.0000000E+00  0.0000000E+00  2.3532072E-04  2.4619349E+00  2.1885185E-01  9.7225814E-05 -8.7714484E-01  2.6407747E-01  3.6062160E-01 0.000 0.546 1.000 1.000 1.000 1.000 1.000 1.000 1.000 1.000 1.000 1.000 1.000 1.000 1.000 1.000 1.000 1.000 1.000 1.000 1.000 1.000 1.000 1.000 1.000 1.000 1.000 1.000 1.000 1.000 1.000 1.000 1.000 1.000 1.000 1.000 1.000 1.000 1.000 1.000  2.6044513858E-01   0.29001   1.00000   0.00000   0.00000   0.2222810E-02
  4069  4.014638114753448E+06  39.138691  5.678237  4.585829  0.5856960E+00  0.4005614E+00  3.4939561E-06  2.3860118E-04  2.3329476E-05  8.0348137E-03  1.1442292E-03  1.7834742E-06  9.9002401E-07  2.0711727E-03  1.4589635E-05  0.5428    4.585829  -5.587  0.538452  7.656446  0.2071322E+00  0.7792189E+00  1.3353280E-09  8.8608219E-05  2.4370269E-05  9.0955715E-03  1.3308764E-04  2.1823834E-07  3.7326027E-10  2.0087961E-03  3.6082728E-06  4.484E-11  2.436E-17  3.932E+10  2.160E+12  9.358E+00  2.332E+06  0.24868328  8.776E-06  8.804E-06  9.907E-01  1.961E-06  5.374E-06  1.012E+00  421   22.4206  9.35E-03 5.4894E+00 8.1447E+00    5.68E+02 0.00E+00 9.52E+01  0.248899  0.296859 5.68E+02 0.00E+00 9.51E+01  0.248683  0.296878  0.0000000E+00  0.0000000E+00  2.5822571E-04  2.4631277E+00  2.1661524E-01  9.5218257E-05 -8.7637826E-01  2.6358786E-01  3.6079244E-01 0.000 0.546 1.000 1.000 1.000 1.000 1.000 1.000 1.000 1.000 1.000 1.000 1.000 1.000 1.000 1.000 1.000 1.000 1.000 1.000 1.000 1.000 1.000 1.000 1.000 1.000 1.000 1.000 1.000 1.000 1.000 1.000 1.000 1.000 1.000 1.000 1.000 1.000 1.000 1.000  2.5790720992E-01   0.28768   1.00000   0.00000   0.00000   0.2195794E-02
  4078  4.021222718985087E+06  39.121642  5.678827  4.585119  0.5855914E+00  0.4006660E+00  3.4916033E-06  2.3843824E-04  2.3333650E-05  8.0357543E-03  1.1433685E-03  1.7822469E-06  9.8908414E-07  2.0711561E-03  1.4577957E-05  0.5419    4.585119  -5.587  0.539228  7.656713  0.2055865E+00  0.7807645E+00  1.3042740E-09  8.8677177E-05  2.4389067E-05  9.0955663E-03  1.3297893E-04  2.1785425E-07  3.7301392E-10  2.0085202E-03  3.6222417E-06  4.427E-11  2.405E-17  3.902E+10  2.140E+12  9.287E+00  2.311E+06  0.24764578  8.685E-06  8.714E-06  9.907E-01  1.950E-06  5.344E-06  1.012E+00  421   22.3864  9.35E-03 5.4275E+00 8.0535E+00    5.67E+02 0.00E+00 9.46E+01  0.247922  0.297379 5.67E+02 0.00E+00 9.45E+01  0.247646  0.297392  0.0000000E+00  0.0000000E+00  2.5798789E-04  2.4650512E+00  2.1456512E-01  9.3359065E-05 -8.7558107E-01  2.6310883E-01  3.6090963E-01 0.000 0.544 1.000 1.000 1.000 1.000 1.000 1.000 1.000 1.000 1.000 1.000 1.000 1.000 1.000 1.000 1.000 1.000 1.000 1.000 1.000 1.000 1.000 1.000 1.000 1.000 1.000 1.000 1.000 1.000 1.000 1.000 1.000 1.000 1.000 1.000 1.000 1.000 1.000 1.000  2.5558419021E-01   0.28554   1.00000   0.00000   0.00000   0.2168687E-02
  4087  4.027807323216726E+06  39.104571  5.679341  4.584475  0.5854874E+00  0.4007701E+00  3.4892677E-06  2.3827638E-04  2.3337805E-05  8.0366887E-03  1.1425135E-03  1.7810277E-06  9.8815062E-07  2.0711395E-03  1.4566360E-05  0.5412    4.584475  -5.586  0.539968  7.656978  0.2040365E+00  0.7823145E+00  1.2824324E-09  8.8746900E-05  2.4408700E-05  9.0955597E-03  1.3286979E-04  2.1739125E-07  3.7264644E-10  2.0082433E-03  3.6364482E-06  4.394E-11  2.386E-17  3.879E+10  2.124E+12  9.233E+00  2.294E+06  0.24656280  8.599E-06  8.627E-06  9.908E-01  1.939E-06  5.314E-06  1.012E+00  420   22.3864  9.35E-03 5.3675E+00 7.9650E+00    5.66E+02 0.00E+00 9.40E+01  0.246878  0.297840 5.66E+02 0.00E+00 9.38E+01  0.246563  0.297854  0.0000000E+00  0.0000000E+00  2.5755903E-04  2.4664385E+00  2.1253054E-01  9.1552342E-05 -8.7482332E-01  2.6264199E-01  3.6104638E-01 0.000 0.543 1.000 1.000 1.000 1.000 1.000 1.000 1.000 1.000 1.000 1.000 1.000 1.000 1.000 1.000 1.000 1.000 1.000 1.000 1.000 1.000 1.000 1.000 1.000 1.000 1.000 1.000 1.000 1.000 1.000 1.000 1.000 1.000 1.000 1.000 1.000 1.000 1.000 1.000  2.5326446093E-01   0.28338   1.00000   0.00000   0.00000   0.2144186E-02
  4097  4.034684576525327E+06  39.086724  5.679838  4.583806  0.5853794E+00  0.4008783E+00  3.4868453E-06  2.3810839E-04  2.3342129E-05  8.0376583E-03  1.1416262E-03  1.7797622E-06  9.8718190E-07  2.0711223E-03  1.4554326E-05  0.5406    4.583806  -5.586  0.540621  7.657217  0.2024177E+00  0.7839334E+00  1.2134411E-09  8.9144160E-05  2.4519174E-05  9.0950790E-03  1.3275544E-04  2.1543727E-07  3.7237715E-10  2.0079538E-03  3.6525347E-06  4.205E-11  2.280E-17  3.746E+10  2.027E+12  8.917E+00  2.189E+06  0.24533682  8.507E-06  8.534E-06  9.909E-01  1.927E-06  5.284E-06  1.012E+00  419   22.3521  9.35E-03 5.3054E+00 7.8735E+00    5.64E+02 0.00E+00 9.33E+01  0.245588  0.298297 5.64E+02 0.00E+00 9.32E+01  0.245337  0.298311  0.0000000E+00  0.0000000E+00  2.3114394E-04  2.4682227E+00  2.1040759E-01  8.9594259E-05 -8.7396264E-01  2.6213382E-01  3.6116206E-01 0.000 0.543 1.000 1.000 1.000 1.000 1.000 1.000 1.000 1.000 1.000 1.000 1.000 1.000 1.000 1.000 1.000 1.000 1.000 1.000 1.000 1.000 1.000 1.000 1.000 1.000 1.000 1.000 1.000 1.000 1.000 1.000 1.000 1.000 1.000 1.000 1.000 1.000 1.000 1.000  2.5084744417E-01   0.28114   1.00000   0.00000   0.00000   0.2120031E-02
  4107  4.041664257010866E+06  39.068593  5.680361  4.583131  0.5852703E+00  0.4009874E+00  3.4844052E-06  2.3793905E-04  2.3346498E-05  8.0386358E-03  1.1407317E-03  1.7784865E-06  9.8620551E-07  2.0711049E-03  1.4542198E-05  0.5398    4.583131  -5.585  0.541504  7.657532  0.2007732E+00  0.7855778E+00  1.2283878E-09  8.8938702E-05  2.4463218E-05  9.0954799E-03  1.3263949E-04  2.1607685E-07  3.7160426E-10  2.0076594E-03  3.6683280E-06  4.311E-11  2.338E-17  3.809E+10  2.075E+12  9.065E+00  2.241E+06  0.24413255  8.415E-06  8.444E-06  9.910E-01  1.916E-06  5.252E-06  1.012E+00  418   22.3521  9.35E-03 5.2427E+00 7.7810E+00    5.63E+02 0.00E+00 9.26E+01  0.244395  0.298775 5.63E+02 0.00E+00 9.25E+01  0.244133  0.298789  0.0000000E+00  0.0000000E+00  2.5367148E-04  2.4693158E+00  2.0825591E-01  8.7744270E-05 -8.7322638E-01  2.6165854E-01  3.6133611E-01 0.000 0.543 1.000 1.000 1.000 1.000 1.000 1.000 1.000 1.000 1.000 1.000 1.000 1.000 1.000 1.000 1.000 1.000 1.000 1.000 1.000 1.000 1.000 1.000 1.000 1.000 1.000 1.000 1.000 1.000 1.000 1.000 1.000 1.000 1.000 1.000 1.000 1.000 1.000 1.000  2.4840040636E-01   0.27885   1.00000   0.00000   0.00000   0.2095000E-02
  4115  4.047458708734710E+06  39.053527  5.680846  4.582467  0.5851803E+00  0.4010774E+00  3.4823954E-06  2.3779948E-04  2.3350106E-05  8.0394413E-03  1.1399946E-03  1.7774350E-06  9.8540092E-07  2.0710906E-03  1.4532205E-05  0.5397    4.582467  -5.585  0.542235  7.657776  0.1994058E+00  0.7869452E+00  1.2088497E-09  8.8991956E-05  2.4477444E-05  9.0954871E-03  1.3254297E-04  2.1582123E-07  3.7149557E-10  2.0074143E-03  3.6812026E-06  4.252E-11  2.307E-17  3.784E+10  2.059E+12  9.007E+00  2.224E+06  0.24321985  8.336E-06  8.367E-06  9.911E-01  1.906E-06  5.227E-06  1.012E+00  424   22.3521  9.35E-03 5.1902E+00 7.7035E+00    5.62E+02 0.00E+00 9.21E+01  0.243502  0.299211 5.62E+02 0.00E+00 9.20E+01  0.243220  0.299221  0.0000000E+00  0.0000000E+00  2.5333016E-04  2.4709361E+00  2.0647107E-01  8.6185669E-05 -8.7253557E-01  2.6123990E-01  3.6144485E-01 0.000 0.543 0.672 0.678 0.692 0.696 1.000 1.000 1.000 1.000 1.000 1.000 1.000 1.000 1.000 1.000 1.000 1.000 1.000 1.000 1.000 1.000 1.000 1.000 1.000 1.000 1.000 1.000 1.000 1.000 1.000 1.000 1.000 1.000 1.000 1.000 1.000 1.000 1.000 1.000  2.4637275585E-01   0.27695   1.00000   0.00000   0.00000   0.2071552E-02
  4123  4.053253160458554E+06  39.038448  5.681352  4.581807  0.5850907E+00  0.4011671E+00  3.4803972E-06  2.3766065E-04  2.3353704E-05  8.0402427E-03  1.1392613E-03  1.7763890E-06  9.8460060E-07  2.0710763E-03  1.4522266E-05  0.5390    4.581807  -5.584  0.542957  7.658021  0.1980226E+00  0.7883283E+00  1.1828636E-09  8.9058874E-05  2.4495956E-05  9.0954751E-03  1.3244510E-04  2.1540815E-07  3.7117814E-10  2.0071661E-03  3.6944514E-06  4.222E-11  2.289E-17  3.748E+10  2.032E+12  8.919E+00  2.195E+06  0.24233141  8.259E-06  8.287E-06  9.911E-01  1.897E-06  5.201E-06  1.011E+00  415   22.3178  9.35E-03 5.1356E+00 7.6230E+00    5.61E+02 0.00E+00 9.16E+01  0.242608  0.299656 5.61E+02 0.00E+00 9.14E+01  0.242331  0.299669  0.0000000E+00  0.0000000E+00  2.5301420E-04  2.4727461E+00  2.0467806E-01  8.4628847E-05 -8.7183105E-01  2.6081453E-01  3.6155182E-01 0.000 0.542 1.000 1.000 1.000 1.000 1.000 1.000 1.000 1.000 1.000 1.000 1.000 1.000 1.000 1.000 1.000 1.000 1.000 1.000 1.000 1.000 1.000 1.000 1.000 1.000 1.000 1.000 1.000 1.000 1.000 1.000 1.000 1.000 1.000 1.000 1.000 1.000 1.000 1.000  2.4434756780E-01   0.27503   1.00000   0.00000   0.00000   0.2048444E-02
  4132  4.059699488001330E+06  39.021658  5.681831  4.581142  0.5849917E+00  0.4012662E+00  3.4781907E-06  2.3750725E-04  2.3357686E-05  8.0411280E-03  1.1384511E-03  1.7752331E-06  9.8371648E-07  2.0710605E-03  1.4511287E-05  0.5383    4.581142  -5.584  0.543676  7.658280  0.1964866E+00  0.7898644E+00  1.1389955E-09  8.9271508E-05  2.4551460E-05  9.0952634E-03  1.3233621E-04  2.1445856E-07  3.7125880E-10  2.0068903E-03  3.7095350E-06  4.039E-11  2.187E-17  3.668E+10  1.975E+12  8.731E+00  2.133E+06  0.24121228  8.174E-06  8.202E-06  9.912E-01  1.886E-06  5.173E-06  1.011E+00  414   22.3178  9.35E-03 5.0778E+00 7.5378E+00    5.60E+02 0.00E+00 9.09E+01  0.241462  0.300099 5.60E+02 0.00E+00 9.08E+01  0.241212  0.300109  0.0000000E+00  0.0000000E+00  2.2714525E-04  2.4742730E+00  2.0269992E-01  8.2953287E-05 -8.7107141E-01  2.6034971E-01  3.6168312E-01 0.000 0.540 1.000 1.000 1.000 1.000 1.000 1.000 1.000 1.000 1.000 1.000 1.000 1.000 1.000 1.000 1.000 1.000 1.000 1.000 1.000 1.000 1.000 1.000 1.000 1.000 1.000 1.000 1.000 1.000 1.000 1.000 1.000 1.000 1.000 1.000 1.000 1.000 1.000 1.000  2.4209865461E-01   0.27290   1.00000   0.00000   0.00000   0.2025461E-02
  4142  4.066283433772548E+06  39.004499  5.682321  4.580450  0.5848910E+00  0.4013669E+00  3.4759535E-06  2.3735162E-04  2.3361736E-05  8.0420262E-03  1.1376291E-03  1.7740604E-06  9.8281957E-07  2.0710444E-03  1.4500150E-05  0.5377    4.580450  -5.584  0.544393  7.658537  0.1949177E+00  0.7914333E+00  1.1190658E-09  8.9408461E-05  2.4597588E-05  9.0951526E-03  1.3222457E-04  2.1332538E-07  3.6992600E-10  2.0066082E-03  3.7263324E-06  4.138E-11  2.242E-17  3.644E+10  1.958E+12  8.673E+00  2.115E+06  0.24007771  8.087E-06  8.116E-06  9.913E-01  1.876E-06  5.144E-06  1.011E+00  414   22.3178  9.35E-03 5.0195E+00 7.4518E+00    5.59E+02 0.00E+00 9.03E+01  0.240340  0.300545 5.59E+02 0.00E+00 9.02E+01  0.240078  0.300562  0.0000000E+00  0.0000000E+00  2.4924594E-04  2.4759653E+00  2.0069423E-01  8.1269973E-05 -8.7027796E-01  2.5986950E-01  3.6181009E-01 0.000 0.541 1.000 1.000 1.000 1.000 1.000 1.000 1.000 1.000 1.000 1.000 1.000 1.000 1.000 1.000 1.000 1.000 1.000 1.000 1.000 1.000 1.000 1.000 1.000 1.000 1.000 1.000 1.000 1.000 1.000 1.000 1.000 1.000 1.000 1.000 1.000 1.000 1.000 1.000  2.3980763575E-01   0.27072   1.00000   0.00000   0.00000   0.2001995E-02
  4151  4.072737004379977E+06  38.987665  5.682803  4.579796  0.5847930E+00  0.4014650E+00  3.4737781E-06  2.3720019E-04  2.3365685E-05  8.0429002E-03  1.1368294E-03  1.7729192E-06  9.8194698E-07  2.0710288E-03  1.4489316E-05  0.5372    4.579796  -5.583  0.545248  7.658837  0.1933751E+00  0.7929758E+00  1.1096002E-09  8.9310862E-05  2.4566481E-05  9.0953955E-03  1.3211498E-04  2.1381405E-07  3.6998504E-10  2.0063306E-03  3.7414111E-06  4.081E-11  2.210E-17  3.649E+10  1.963E+12  8.685E+00  2.121E+06  0.23894856  8.004E-06  8.033E-06  9.914E-01  1.865E-06  5.116E-06  1.011E+00  414   22.2834  9.35E-03 4.9622E+00 7.3672E+00    5.58E+02 0.00E+00 8.97E+01  0.239217  0.300992 5.58E+02 0.00E+00 8.96E+01  0.238949  0.301007  0.0000000E+00  0.0000000E+00  2.4863710E-04  2.4772895E+00  1.9872818E-01  7.9646469E-05 -8.6957867E-01  2.5942138E-01  3.6196822E-01 0.000 0.539 1.000 1.000 1.000 1.000 1.000 1.000 1.000 1.000 1.000 1.000 1.000 1.000 1.000 1.000 1.000 1.000 1.000 1.000 1.000 1.000 1.000 1.000 1.000 1.000 1.000 1.000 1.000 1.000 1.000 1.000 1.000 1.000 1.000 1.000 1.000 1.000 1.000 1.000  2.3756730582E-01   0.26858   1.00000   0.00000   0.00000   0.1979600E-02
  4159  4.078473511586581E+06  38.972692  5.683303  4.579068  0.5847063E+00  0.4015518E+00  3.4718563E-06  2.3706633E-04  2.3369183E-05  8.0436727E-03  1.1361225E-03  1.7719104E-06  9.8117576E-07  2.0710150E-03  1.4479742E-05  0.5369    4.579068  -5.583  0.546017  7.659090  0.1920017E+00  0.7943491E+00  1.0893591E-09  8.9376260E-05  2.4584666E-05  9.0953856E-03  1.3201711E-04  2.1343441E-07  3.6971120E-10  2.0060832E-03  3.7551260E-06  4.081E-11  2.210E-17  3.618E+10  1.943E+12  8.612E+00  2.099E+06  0.23806841  7.925E-06  7.956E-06  9.915E-01  1.856E-06  5.090E-06  1.011E+00  413   22.2834  9.35E-03 4.9095E+00 7.2895E+00    5.56E+02 0.00E+00 8.92E+01  0.238353  0.301433 5.56E+02 0.00E+00 8.91E+01  0.238068  0.301452  0.0000000E+00  0.0000000E+00  2.4828656E-04  2.4791761E+00  1.9696914E-01  7.8177974E-05 -8.6888169E-01  2.5899911E-01  3.6207663E-01 0.000 0.539 1.000 1.000 1.000 1.000 1.000 1.000 1.000 1.000 1.000 1.000 1.000 1.000 1.000 1.000 1.000 1.000 1.000 1.000 1.000 1.000 1.000 1.000 1.000 1.000 1.000 1.000 1.000 1.000 1.000 1.000 1.000 1.000 1.000 1.000 1.000 1.000 1.000 1.000  2.3557954550E-01   0.26667   1.00000   0.00000   0.00000   0.1955860E-02
  4167  4.083779780752690E+06  38.958834  5.683771  4.578400  0.5846265E+00  0.4016317E+00  3.4700909E-06  2.3694330E-04  2.3372404E-05  8.0443826E-03  1.1354727E-03  1.7709832E-06  9.8046701E-07  2.0710023E-03  1.4470944E-05  0.5362    4.578400  -5.583  0.546577  7.659285  0.1907211E+00  0.7956298E+00  1.0347537E-09  8.9761769E-05  2.4691808E-05  9.0949023E-03  1.3192528E-04  2.1163469E-07  3.6953927E-10  2.0058522E-03  3.7692605E-06  3.909E-11  2.114E-17  3.502E+10  1.859E+12  8.335E+00  2.007E+06  0.23727770  7.854E-06  7.883E-06  9.915E-01  1.848E-06  5.067E-06  1.011E+00  413   22.2490  9.35E-03 4.8614E+00 7.2185E+00    5.55E+02 0.00E+00 8.87E+01  0.237526  0.301857 5.55E+02 0.00E+00 8.86E+01  0.237278  0.301870  0.0000000E+00  0.0000000E+00  2.2315174E-04  2.4811687E+00  1.9534984E-01  7.6825196E-05 -8.6817773E-01  2.5859039E-01  3.6215362E-01 0.000 0.539 1.000 1.000 1.000 1.000 1.000 1.000 1.000 1.000 1.000 1.000 1.000 1.000 1.000 1.000 1.000 1.000 1.000 1.000 1.000 1.000 1.000 1.000 1.000 1.000 1.000 1.000 1.000 1.000 1.000 1.000 1.000 1.000 1.000 1.000 1.000 1.000 1.000 1.000  2.3374333268E-01   0.26489   1.00000   0.00000   0.00000   0.1934414E-02
  4176  4.089910672829750E+06  38.942814  5.684247  4.577734  0.5845347E+00  0.4017236E+00  3.4680610E-06  2.3680177E-04  2.3376116E-05  8.0451994E-03  1.1347253E-03  1.7699165E-06  9.7965171E-07  2.0709876E-03  1.4460824E-05  0.5356    4.577734  -5.583  0.547421  7.659582  0.1892430E+00  0.7971078E+00  1.0487248E-09  8.9559216E-05  2.4637218E-05  9.0952896E-03  1.3181941E-04  2.1221856E-07  3.6872327E-10  2.0055854E-03  3.7848511E-06  4.004E-11  2.166E-17  3.562E+10  1.903E+12  8.477E+00  2.056E+06  0.23624698  7.776E-06  7.805E-06  9.916E-01  1.838E-06  5.041E-06  1.011E+00  413   22.2490  9.35E-03 4.8073E+00 7.1386E+00    5.54E+02 0.00E+00 8.81E+01  0.236512  0.302294 5.54E+02 0.00E+00 8.80E+01  0.236247  0.302308  0.0000000E+00  0.0000000E+00  2.4493388E-04  2.4823287E+00  1.9348715E-01  7.5331433E-05 -8.6753318E-01  2.5816906E-01  3.6231479E-01 0.000 0.538 1.000 1.000 1.000 1.000 1.000 1.000 1.000 1.000 1.000 1.000 1.000 1.000 1.000 1.000 1.000 1.000 1.000 1.000 1.000 1.000 1.000 1.000 1.000 1.000 1.000 1.000 1.000 1.000 1.000 1.000 1.000 1.000 1.000 1.000 1.000 1.000 1.000 1.000  2.3162590443E-01   0.26284   1.00000   0.00000   0.00000   0.1912333E-02
  4185  4.096299707731107E+06  38.926110  5.684724  4.577032  0.5844394E+00  0.4018189E+00  3.4659593E-06  2.3665514E-04  2.3379969E-05  8.0460455E-03  1.1339510E-03  1.7688113E-06  9.7880719E-07  2.0709725E-03  1.4450342E-05  0.5350    4.577032  -5.583  0.548216  7.659865  0.1877000E+00  0.7986508E+00  1.0286637E-09  8.9616029E-05  2.4651981E-05  9.0953045E-03  1.3170868E-04  2.1196749E-07  3.6863604E-10  2.0053066E-03  3.8007135E-06  3.968E-11  2.146E-17  3.536E+10  1.886E+12  8.416E+00  2.036E+06  0.23513397  7.693E-06  7.722E-06  9.917E-01  1.828E-06  5.013E-06  1.011E+00  411   22.2490  9.35E-03 4.7514E+00 7.0561E+00    5.53E+02 0.00E+00 8.75E+01  0.235405  0.302737 5.53E+02 0.00E+00 8.74E+01  0.235134  0.302752  0.0000000E+00  0.0000000E+00  2.4428633E-04  2.4838186E+00  1.9155454E-01  7.3791904E-05 -8.6680929E-01  2.5771401E-01  3.6246241E-01 0.000 0.538 1.000 1.000 1.000 1.000 1.000 1.000 1.000 1.000 1.000 1.000 1.000 1.000 1.000 1.000 1.000 1.000 1.000 1.000 1.000 1.000 1.000 1.000 1.000 1.000 1.000 1.000 1.000 1.000 1.000 1.000 1.000 1.000 1.000 1.000 1.000 1.000 1.000 1.000  2.2942464870E-01   0.26069   1.00000   0.00000   0.00000   0.1889850E-02
  4193  4.101978849865647E+06  38.911256  5.685151  4.576386  0.5843552E+00  0.4019032E+00  3.4641029E-06  2.3652555E-04  2.3383381E-05  8.0467933E-03  1.1332667E-03  1.7678345E-06  9.7806091E-07  2.0709590E-03  1.4441080E-05  0.5344    4.576386  -5.582  0.548920  7.660116  0.1863272E+00  0.8000236E+00  1.0107729E-09  8.9682817E-05  2.4670702E-05  9.0952932E-03  1.3160993E-04  2.1155797E-07  3.6831382E-10  2.0050582E-03  3.8149719E-06  3.933E-11  2.126E-17  3.512E+10  1.869E+12  8.358E+00  2.019E+06  0.23417921  7.620E-06  7.649E-06  9.917E-01  1.819E-06  4.989E-06  1.011E+00  419   22.2145  9.35E-03 4.7020E+00 6.9831E+00    5.52E+02 0.00E+00 8.70E+01  0.234458  0.303134 5.52E+02 0.00E+00 8.69E+01  0.234179  0.303149  0.0000000E+00  0.0000000E+00  2.4374097E-04  2.4852129E+00  1.8984624E-01  7.2434891E-05 -8.6615932E-01  2.5730710E-01  3.6259108E-01 0.000 0.538 1.000 1.000 1.000 1.000 1.000 1.000 1.000 1.000 1.000 1.000 1.000 1.000 1.000 1.000 1.000 1.000 1.000 1.000 1.000 1.000 1.000 1.000 1.000 1.000 1.000 1.000 1.000 1.000 1.000 1.000 1.000 1.000 1.000 1.000 1.000 1.000 1.000 1.000  2.2747274948E-01   0.25879   1.00000   0.00000   0.00000   0.1869604E-02
  4200  4.106948099233369E+06  38.898255  5.685578  4.575725  0.5842818E+00  0.4019766E+00  3.4624889E-06  2.3641283E-04  2.3386354E-05  8.0474437E-03  1.1326714E-03  1.7669848E-06  9.7741182E-07  2.0709473E-03  1.4433025E-05  0.5344    4.575725  -5.582  0.549611  7.660343  0.1851243E+00  0.8012265E+00  9.9508339E-10  8.9742188E-05  2.4687338E-05  9.0952822E-03  1.3152318E-04  2.1119278E-07  3.6802018E-10  2.0048403E-03  3.8276233E-06  3.933E-11  2.126E-17  3.489E+10  1.855E+12  8.304E+00  2.003E+06  0.23342259  7.554E-06  7.583E-06  9.918E-01  1.811E-06  4.968E-06  1.011E+00  419   22.2145  9.35E-03 4.6572E+00 6.9170E+00    5.51E+02 0.00E+00 8.65E+01  0.233745  0.303521 5.51E+02 0.00E+00 8.64E+01  0.233423  0.303535  0.0000000E+00  0.0000000E+00  2.4342348E-04  2.4869017E+00  1.8833598E-01  7.1294929E-05 -8.6555963E-01  2.5694057E-01  3.6268979E-01 0.000 0.537 1.000 1.000 1.000 1.000 1.000 1.000 1.000 1.000 1.000 1.000 1.000 1.000 1.000 1.000 1.000 1.000 1.000 1.000 1.000 1.000 1.000 1.000 1.000 1.000 1.000 1.000 1.000 1.000 1.000 1.000 1.000 1.000 1.000 1.000 1.000 1.000 1.000 1.000  2.2576826272E-01   0.25712   1.00000   0.00000   0.00000   0.1849443E-02
  4208  4.112130316431134E+06  38.884693  5.686054  4.575012  0.5842056E+00  0.4020529E+00  3.4608133E-06  2.3629575E-04  2.3389447E-05  8.0481193E-03  1.1320532E-03  1.7661022E-06  9.7673769E-07  2.0709352E-03  1.4424659E-05  0.5338    4.575012  -5.582  0.550212  7.660543  0.1838573E+00  0.8024935E+00  9.3978885E-10  9.0136312E-05  2.4796835E-05  9.0947866E-03  1.3143114E-04  2.0936974E-07  3.6779076E-10  2.0046107E-03  3.8425266E-06  3.744E-11  2.021E-17  3.364E+10  1.764E+12  8.006E+00  1.905E+06  0.23262645  7.483E-06  7.513E-06  9.919E-01  1.803E-06  4.946E-06  1.011E+00  418   22.2145  9.35E-03 4.6103E+00 6.8478E+00    5.50E+02 0.00E+00 8.60E+01  0.232880  0.303947 5.50E+02 0.00E+00 8.59E+01  0.232626  0.303959  0.0000000E+00  0.0000000E+00  2.1870726E-04  2.4893472E+00  1.8676754E-01  7.0031730E-05 -8.6484267E-01  2.5653001E-01  3.6275512E-01 0.000 0.537 1.000 1.000 1.000 1.000 1.000 1.000 1.000 1.000 1.000 1.000 1.000 1.000 1.000 1.000 1.000 1.000 1.000 1.000 1.000 1.000 1.000 1.000 1.000 1.000 1.000 1.000 1.000 1.000 1.000 1.000 1.000 1.000 1.000 1.000 1.000 1.000 1.000 1.000  2.2399318366E-01   0.25536   1.00000   0.00000   0.00000   0.1828366E-02
  4217  4.118263789936436E+06  38.868635  5.686545  4.574301  0.5841158E+00  0.4021428E+00  3.4588439E-06  2.3615807E-04  2.3393090E-05  8.0489137E-03  1.1313262E-03  1.7650642E-06  9.7594503E-07  2.0709209E-03  1.4414824E-05  0.5331    4.574301  -5.582  0.551105  7.660855  0.1823598E+00  0.8039909E+00  9.5241472E-10  8.9923224E-05  2.4738566E-05  9.0951925E-03  1.3132247E-04  2.1005153E-07  3.6711824E-10  2.0043390E-03  3.8590170E-06  3.835E-11  2.071E-17  3.422E+10  1.807E+12  8.144E+00  1.952E+06  0.23162138  7.406E-06  7.436E-06  9.919E-01  1.793E-06  4.920E-06  1.010E+00  418   22.1799  9.35E-03 4.5570E+00 6.7691E+00    5.48E+02 0.00E+00 8.55E+01  0.231899  0.304397 5.48E+02 0.00E+00 8.54E+01  0.231621  0.304411  0.0000000E+00  0.0000000E+00  2.4004839E-04  2.4906338E+00  1.8493211E-01  6.8625830E-05 -8.6420286E-01  2.5610718E-01  3.6292267E-01 0.000 0.535 1.000 1.000 1.000 1.000 1.000 1.000 1.000 1.000 1.000 1.000 1.000 1.000 1.000 1.000 1.000 1.000 1.000 1.000 1.000 1.000 1.000 1.000 1.000 1.000 1.000 1.000 1.000 1.000 1.000 1.000 1.000 1.000 1.000 1.000 1.000 1.000 1.000 1.000  2.2189596744E-01   0.25328   1.00000   0.00000   0.00000   0.1806234E-02
  4225  4.123886140649629E+06  38.853910  5.686969  4.573650  0.5840340E+00  0.4022247E+00  3.4570503E-06  2.3603262E-04  2.3396416E-05  8.0496376E-03  1.1306638E-03  1.7641184E-06  9.7522287E-07  2.0709078E-03  1.4405864E-05  0.5325    4.573650  -5.582  0.551822  7.661113  0.1809853E+00  0.8053654E+00  9.3547186E-10  8.9981560E-05  2.4754209E-05  9.0951953E-03  1.3122244E-04  2.0977771E-07  3.6698606E-10  2.0040893E-03  3.8739314E-06  3.799E-11  2.050E-17  3.399E+10  1.791E+12  8.089E+00  1.934E+06  0.23064729  7.334E-06  7.364E-06  9.920E-01  1.785E-06  4.896E-06  1.010E+00  417   22.1799  9.35E-03 4.5085E+00 6.6975E+00    5.47E+02 0.00E+00 8.50E+01  0.230962  0.304794 5.47E+02 0.00E+00 8.48E+01  0.230647  0.304808  0.0000000E+00  0.0000000E+00  2.3948403E-04  2.4920605E+00  1.8325087E-01  6.7338435E-05 -8.6356820E-01  2.5570493E-01  3.6305677E-01 0.000 0.535 1.000 1.000 1.000 1.000 1.000 1.000 1.000 1.000 1.000 1.000 1.000 1.000 1.000 1.000 1.000 1.000 1.000 1.000 1.000 1.000 1.000 1.000 1.000 1.000 1.000 1.000 1.000 1.000 1.000 1.000 1.000 1.000 1.000 1.000 1.000 1.000 1.000 1.000  2.1997836977E-01   0.25137   1.00000   0.00000   0.00000   0.1786642E-02
  4233  4.129367932594993E+06  38.839551  5.687381  4.573000  0.5839546E+00  0.4023041E+00  3.4553130E-06  2.3591104E-04  2.3399644E-05  8.0503390E-03  1.1300218E-03  1.7632018E-06  9.7452305E-07  2.0708952E-03  1.4397182E-05  0.5320    4.573000  -5.582  0.552471  7.661345  0.1796439E+00  0.8067069E+00  8.9257188E-10  9.0271847E-05  2.4831175E-05  9.0948606E-03  1.3112440E-04  2.0859111E-07  3.6719535E-10  2.0038454E-03  3.8890970E-06  3.615E-11  1.948E-17  3.304E+10  1.723E+12  7.863E+00  1.861E+06  0.22967342  7.264E-06  7.294E-06  9.921E-01  1.776E-06  4.873E-06  1.010E+00  418   22.1799  9.35E-03 4.4615E+00 6.6281E+00    5.46E+02 0.00E+00 8.44E+01  0.229928  0.305182 5.46E+02 0.00E+00 8.43E+01  0.229673  0.305195  0.0000000E+00  0.0000000E+00  2.1491020E-04  2.4937288E+00  1.8161885E-01  6.6091995E-05 -8.6290365E-01  2.5529901E-01  3.6316950E-01 0.000 0.535 1.000 1.000 1.000 1.000 1.000 1.000 1.000 1.000 1.000 1.000 1.000 1.000 1.000 1.000 1.000 1.000 1.000 1.000 1.000 1.000 1.000 1.000 1.000 1.000 1.000 1.000 1.000 1.000 1.000 1.000 1.000 1.000 1.000 1.000 1.000 1.000 1.000 1.000  2.1811341911E-01   0.24951   1.00000   0.00000   0.00000   0.1767684E-02
  4241  4.134428048236866E+06  38.826295  5.687791  4.572353  0.5838817E+00  0.4023770E+00  3.4537194E-06  2.3579946E-04  2.3402611E-05  8.0509828E-03  1.1294327E-03  1.7623605E-06  9.7388088E-07  2.0708836E-03  1.4389215E-05  0.5313    4.572353  -5.582  0.553098  7.661560  0.1784038E+00  0.8079470E+00  8.6897373E-10  9.0447649E-05  2.4884255E-05  9.0946790E-03  1.3103332E-04  2.0750706E-07  3.6633190E-10  2.0036197E-03  3.9042576E-06  3.700E-11  1.995E-17  3.263E+10  1.695E+12  7.766E+00  1.830E+06  0.22887478  7.199E-06  7.229E-06  9.921E-01  1.768E-06  4.851E-06  1.010E+00  426   22.1453  9.35E-03 4.4183E+00 6.5643E+00    5.45E+02 0.00E+00 8.39E+01  0.229074  0.305546 5.45E+02 0.00E+00 8.39E+01  0.228875  0.305574  0.0000000E+00  0.0000000E+00  2.1440690E-04  2.4957396E+00  1.8011112E-01  6.4933938E-05 -8.6225640E-01  2.5491403E-01  3.6325739E-01 0.000 0.534 0.676 0.679 0.685 0.688 0.690 0.694 0.698 0.703 1.000 1.000 1.000 1.000 1.000 1.000 1.000 1.000 1.000 1.000 1.000 1.000 1.000 1.000 1.000 1.000 1.000 1.000 1.000 1.000 1.000 1.000 1.000 1.000 1.000 1.000 1.000 1.000 1.000 1.000  2.1639643321E-01   0.24779   1.00000   0.00000   0.00000   0.1749516E-02
  4248  4.139298409542169E+06  38.813534  5.688264  4.571664  0.5838120E+00  0.4024468E+00  3.4521976E-06  2.3569287E-04  2.3405451E-05  8.0515978E-03  1.1288699E-03  1.7615568E-06  9.7326742E-07  2.0708725E-03  1.4381605E-05  0.5314    4.571664  -5.582  0.553950  7.661833  0.1772037E+00  0.8091470E+00  8.8138370E-10  9.0213418E-05  2.4819278E-05  9.0950985E-03  1.3094526E-04  2.0837834E-07  3.6590732E-10  2.0034011E-03  3.9175688E-06  3.700E-11  1.995E-17  3.310E+10  1.730E+12  7.877E+00  1.869E+06  0.22807923  7.133E-06  7.166E-06  9.922E-01  1.761E-06  4.831E-06  1.010E+00  424   22.1453  9.35E-03 4.3745E+00 6.4996E+00    5.44E+02 0.00E+00 8.35E+01  0.228360  0.305980 5.44E+02 0.00E+00 8.34E+01  0.228079  0.305994  0.0000000E+00  0.0000000E+00  2.3559364E-04  2.4973625E+00  1.7865448E-01  6.3896666E-05 -8.6172459E-01  2.5456804E-01  3.6338124E-01 0.000 0.534 0.670 0.673 0.677 0.680 0.681 0.686 1.000 1.000 1.000 1.000 1.000 1.000 1.000 1.000 1.000 1.000 1.000 1.000 1.000 1.000 1.000 1.000 1.000 1.000 1.000 1.000 1.000 1.000 1.000 1.000 1.000 1.000 1.000 1.000 1.000 1.000 1.000 1.000  2.1474627135E-01   0.24612   1.00000   0.00000   0.00000   0.1729283E-02
  4256  4.144864536748230E+06  38.798946  5.688734  4.570969  0.5837325E+00  0.4025264E+00  3.4504626E-06  2.3557129E-04  2.3408694E-05  8.0522992E-03  1.1282280E-03  1.7606401E-06  9.7256781E-07  2.0708598E-03  1.4372927E-05  0.5308    4.570969  -5.582  0.554715  7.662099  0.1758264E+00  0.8105243E+00  8.6610388E-10  9.0278004E-05  2.4837031E-05  9.0950932E-03  1.3084372E-04  2.0805169E-07  3.6570749E-10  2.0031499E-03  3.9332061E-06  3.668E-11  1.977E-17  3.290E+10  1.716E+12  7.831E+00  1.853E+06  0.22715658  7.062E-06  7.095E-06  9.922E-01  1.752E-06  4.808E-06  1.010E+00  419   22.1453  9.35E-03 4.3266E+00 6.4289E+00    5.43E+02 0.00E+00 8.30E+01  0.227421  0.306410 5.43E+02 0.00E+00 8.29E+01  0.227157  0.306425  0.0000000E+00  0.0000000E+00  2.3504619E-04  2.4990187E+00  1.7700920E-01  6.2676749E-05 -8.6108650E-01  2.5416486E-01  3.6351306E-01 0.000 0.534 1.000 1.000 1.000 1.000 1.000 1.000 1.000 1.000 1.000 1.000 1.000 1.000 1.000 1.000 1.000 1.000 1.000 1.000 1.000 1.000 1.000 1.000 1.000 1.000 1.000 1.000 1.000 1.000 1.000 1.000 1.000 1.000 1.000 1.000 1.000 1.000 1.000 1.000  2.1286352882E-01   0.24420   1.00000   0.00000   0.00000   0.1709386E-02
  4264  4.150221934184065E+06  38.784903  5.689135  4.570317  0.5836562E+00  0.4026027E+00  3.4488024E-06  2.3545489E-04  2.3411804E-05  8.0529707E-03  1.1276134E-03  1.7597623E-06  9.7189805E-07  2.0708476E-03  1.4364620E-05  0.5302    4.570317  -5.582  0.555351  7.662325  0.1745010E+00  0.8118497E+00  8.2294927E-10  9.0616978E-05  2.4928539E-05  9.0946864E-03  1.3074549E-04  2.0665326E-07  3.6584670E-10  2.0029079E-03  3.9490796E-06  3.506E-11  1.886E-17  3.190E+10  1.644E+12  7.592E+00  1.775E+06  0.22621907  6.995E-06  7.025E-06  9.923E-01  1.744E-06  4.785E-06  1.010E+00  419   22.1107  9.35E-03 4.2806E+00 6.3609E+00    5.42E+02 0.00E+00 8.25E+01  0.226482  0.306790 5.42E+02 0.00E+00 8.24E+01  0.226219  0.306804  0.0000000E+00  0.0000000E+00  2.1096990E-04  2.5008202E+00  1.7542248E-01  6.1504428E-05 -8.6042325E-01  2.5376220E-01  3.6362105E-01 0.000 0.532 1.000 1.000 1.000 1.000 1.000 1.000 1.000 1.000 1.000 1.000 1.000 1.000 1.000 1.000 1.000 1.000 1.000 1.000 1.000 1.000 1.000 1.000 1.000 1.000 1.000 1.000 1.000 1.000 1.000 1.000 1.000 1.000 1.000 1.000 1.000 1.000 1.000 1.000  2.1105626668E-01   0.24236   1.00000   0.00000   0.00000   0.1691544E-02
  4273  4.155982875842339E+06  38.769804  5.689589  4.569617  0.5835747E+00  0.4026843E+00  3.4470278E-06  2.3533041E-04  2.3415135E-05  8.0536888E-03  1.1269562E-03  1.7588236E-06  9.7118190E-07  2.0708346E-03  1.4355738E-05  0.5296    4.569617  -5.581  0.556164  7.662610  0.1730755E+00  0.8132752E+00  8.2633418E-10  9.0549931E-05  2.4916807E-05  9.0948701E-03  1.3063949E-04  2.0644233E-07  3.6450768E-10  2.0026474E-03  3.9667344E-06  3.588E-11  1.931E-17  3.220E+10  1.667E+12  7.664E+00  1.800E+06  0.22519868  6.923E-06  6.953E-06  9.924E-01  1.736E-06  4.762E-06  1.010E+00  420   22.1107  9.35E-03 4.2320E+00 6.2892E+00    5.41E+02 0.00E+00 8.19E+01  0.225464  0.307215 5.41E+02 0.00E+00 8.18E+01  0.225199  0.307229  0.0000000E+00  0.0000000E+00  2.3140990E-04  2.5024305E+00  1.7372642E-01  6.0276854E-05 -8.5978120E-01  2.5334996E-01  3.6376669E-01 0.000 0.532 1.000 1.000 1.000 1.000 1.000 1.000 1.000 1.000 1.000 1.000 1.000 1.000 1.000 1.000 1.000 1.000 1.000 1.000 1.000 1.000 1.000 1.000 1.000 1.000 1.000 1.000 1.000 1.000 1.000 1.000 1.000 1.000 1.000 1.000 1.000 1.000 1.000 1.000  2.0911848074E-01   0.24038   1.00000   0.00000   0.00000   0.1672064E-02
  4281  4.161493341776340E+06  38.755359  5.690016  4.568960  0.5834970E+00  0.4027621E+00  3.4453392E-06  2.3521190E-04  2.3418311E-05  8.0543724E-03  1.1263306E-03  1.7579300E-06  9.7050017E-07  2.0708222E-03  1.4347284E-05  0.5291    4.568960  -5.581  0.556970  7.662892  0.1717095E+00  0.8146412E+00  8.1545138E-10  9.0523528E-05  2.4905867E-05  9.0950016E-03  1.3053777E-04  2.0662119E-07  3.6462816E-10  2.0023974E-03  3.9826166E-06  3.555E-11  1.913E-17  3.211E+10  1.661E+12  7.641E+00  1.794E+06  0.22422763  6.855E-06  6.885E-06  9.924E-01  1.727E-06  4.739E-06  1.010E+00  419   22.1107  9.35E-03 4.1858E+00 6.2209E+00    5.40E+02 0.00E+00 8.14E+01  0.224541  0.307616 5.40E+02 0.00E+00 8.13E+01  0.224228  0.307630  0.0000000E+00  0.0000000E+00  2.3081788E-04  2.5038274E+00  1.7211824E-01  5.9125056E-05 -8.5918989E-01  2.5296195E-01  3.6391689E-01 0.000 0.532 1.000 1.000 1.000 1.000 1.000 1.000 1.000 1.000 1.000 1.000 1.000 1.000 1.000 1.000 1.000 1.000 1.000 1.000 1.000 1.000 1.000 1.000 1.000 1.000 1.000 1.000 1.000 1.000 1.000 1.000 1.000 1.000 1.000 1.000 1.000 1.000 1.000 1.000  2.0726994760E-01   0.23849   1.00000   0.00000   0.00000   0.1653863E-02
  4288  4.166314999468591E+06  38.742720  5.690438  4.568312  0.5834293E+00  0.4028298E+00  3.4438698E-06  2.3510874E-04  2.3421080E-05  8.0549676E-03  1.1257860E-03  1.7571519E-06  9.6990675E-07  2.0708115E-03  1.4339925E-05  0.5284    4.568312  -5.581  0.557672  7.663130  0.1705090E+00  0.8158416E+00  7.9967003E-10  9.0586545E-05  2.4923271E-05  9.0949882E-03  1.3044801E-04  2.0628368E-07  3.6438209E-10  2.0021776E-03  3.9967924E-06  3.555E-11  1.913E-17  3.190E+10  1.648E+12  7.592E+00  1.779E+06  0.22344138  6.794E-06  6.824E-06  9.925E-01  1.720E-06  4.719E-06  1.010E+00  419   22.0760  9.35E-03 4.1444E+00 6.1597E+00    5.39E+02 0.00E+00 8.09E+01  0.223672  0.308003 5.39E+02 0.00E+00 8.09E+01  0.223441  0.308016  0.0000000E+00  0.0000000E+00  2.3026604E-04  2.5057897E+00  1.7069994E-01  5.8095006E-05 -8.5860503E-01  2.5260125E-01  3.6401922E-01 0.000 0.531 1.000 1.000 1.000 1.000 1.000 1.000 1.000 1.000 1.000 1.000 1.000 1.000 1.000 1.000 1.000 1.000 1.000 1.000 1.000 1.000 1.000 1.000 1.000 1.000 1.000 1.000 1.000 1.000 1.000 1.000 1.000 1.000 1.000 1.000 1.000 1.000 1.000 1.000  2.0565678086E-01   0.23682   1.00000   0.00000   0.00000   0.1636666E-02
  4295  4.171136657160841E+06  38.730081  5.690866  4.567625  0.5833619E+00  0.4028973E+00  3.4424087E-06  2.3500612E-04  2.3423838E-05  8.0555596E-03  1.1252442E-03  1.7563780E-06  9.6931649E-07  2.0708007E-03  1.4332606E-05  0.5286    4.567625  -5.582  0.558436  7.663375  0.1693069E+00  0.8170437E+00  7.8442418E-10  9.0651390E-05  2.4941297E-05  9.0949724E-03  1.3035775E-04  2.0591506E-07  3.6408745E-10  2.0019572E-03  4.0112152E-06  3.501E-11  1.882E-17  3.156E+10  1.624E+12  7.511E+00  1.754E+06  0.22261723  6.730E-06  6.762E-06  9.925E-01  1.713E-06  4.699E-06  1.010E+00  420   22.0760  9.35E-03 4.1029E+00 6.0984E+00    5.38E+02 0.00E+00 8.05E+01  0.222905  0.308391 5.38E+02 0.00E+00 8.04E+01  0.222617  0.308408  0.0000000E+00  0.0000000E+00  2.2980495E-04  2.5078001E+00  1.6929009E-01  5.7079194E-05 -8.5801998E-01  2.5223975E-01  3.6412213E-01 0.000 0.531 1.000 1.000 1.000 1.000 1.000 1.000 1.000 1.000 1.000 1.000 1.000 1.000 1.000 1.000 1.000 1.000 1.000 1.000 1.000 1.000 1.000 1.000 1.000 1.000 1.000 1.000 1.000 1.000 1.000 1.000 1.000 1.000 1.000 1.000 1.000 1.000 1.000 1.000  2.0404666253E-01   0.23515   1.00000   0.00000   0.00000   0.1618592E-02
  4302  4.175889434028917E+06  38.717624  5.691289  4.566979  0.5832957E+00  0.4029635E+00  3.4409747E-06  2.3490535E-04  2.3426550E-05  8.0561408E-03  1.1247123E-03  1.7556180E-06  9.6873699E-07  2.0707902E-03  1.4325420E-05  0.5280    4.566979  -5.582  0.559096  7.663602  0.1681153E+00  0.8182354E+00  7.5651846E-10  9.0855665E-05  2.4994288E-05  9.0947564E-03  1.3026785E-04  2.0510053E-07  3.6423193E-10  2.0017385E-03  4.0259370E-06  3.346E-11  1.796E-17  3.093E+10  1.579E+12  7.360E+00  1.705E+06  0.22184796  6.671E-06  6.701E-06  9.926E-01  1.706E-06  4.680E-06  1.010E+00  420   22.0760  9.35E-03 4.0624E+00 6.0386E+00    5.37E+02 0.00E+00 8.01E+01  0.222143  0.308785 5.37E+02 0.00E+00 8.00E+01  0.221848  0.308795  0.0000000E+00  0.0000000E+00  2.0643374E-04  2.5095860E+00  1.6790202E-01  5.6150850E-05 -8.5744872E-01  2.5188493E-01  3.6422695E-01 0.000 0.531 1.000 1.000 1.000 1.000 1.000 1.000 1.000 1.000 1.000 1.000 1.000 1.000 1.000 1.000 1.000 1.000 1.000 1.000 1.000 1.000 1.000 1.000 1.000 1.000 1.000 1.000 1.000 1.000 1.000 1.000 1.000 1.000 1.000 1.000 1.000 1.000 1.000 1.000  2.0246263651E-01   0.23349   1.00000   0.00000   0.00000   0.1601410E-02
  4311  4.181468780787091E+06  38.703002  5.691728  4.566264  0.5832182E+00  0.4030410E+00  3.4392996E-06  2.3478760E-04  2.3429723E-05  8.0568200E-03  1.1240907E-03  1.7547299E-06  9.6805981E-07  2.0707778E-03  1.4317024E-05  0.5275    4.566264  -5.582  0.559810  7.663853  0.1667177E+00  0.8196330E+00  7.3011422E-10  9.1123932E-05  2.5073283E-05  9.0944524E-03  1.3016171E-04  2.0368896E-07  3.6342237E-10  2.0014817E-03  4.0448274E-06  3.423E-11  1.838E-17  3.034E+10  1.537E+12  7.221E+00  1.660E+06  0.22082755  6.601E-06  6.632E-06  9.927E-01  1.697E-06  4.657E-06  1.010E+00  422   22.0413  9.35E-03 4.0162E+00 5.9703E+00    5.35E+02 0.00E+00 7.95E+01  0.221077  0.309196 5.35E+02 0.00E+00 7.94E+01  0.220828  0.309209  0.0000000E+00  0.0000000E+00  2.0572710E-04  2.5116615E+00  1.6628480E-01  5.5021922E-05 -8.5676040E-01  2.5146385E-01  3.6434390E-01 0.000 0.530 1.000 1.000 1.000 1.000 1.000 1.000 1.000 1.000 1.000 1.000 1.000 1.000 1.000 1.000 1.000 1.000 1.000 1.000 1.000 1.000 1.000 1.000 1.000 1.000 1.000 1.000 1.000 1.000 1.000 1.000 1.000 1.000 1.000 1.000 1.000 1.000 1.000 1.000  2.0060842302E-01   0.23155   1.00000   0.00000   0.00000   0.1583313E-02
  4319  4.186924142061751E+06  38.688706  5.692163  4.565600  0.5831429E+00  0.4031164E+00  3.4376713E-06  2.3467308E-04  2.3432814E-05  8.0574806E-03  1.1234861E-03  1.7538662E-06  9.6740131E-07  2.0707658E-03  1.4308860E-05  0.5269    4.565600  -5.582  0.560701  7.664162  0.1653491E+00  0.8210015E+00  7.3962392E-10  9.0897997E-05  2.5010683E-05  9.0948736E-03  1.3005787E-04  2.0448291E-07  3.6297126E-10  2.0012300E-03  4.0615805E-06  3.423E-11  1.838E-17  3.083E+10  1.574E+12  7.338E+00  1.700E+06  0.21984328  6.535E-06  6.566E-06  9.927E-01  1.689E-06  4.635E-06  1.009E+00  421   22.0413  9.35E-03 3.9713E+00 5.9040E+00    5.34E+02 0.00E+00 7.90E+01  0.220116  0.309604 5.34E+02 0.00E+00 7.89E+01  0.219843  0.309618  0.0000000E+00  0.0000000E+00  2.2564682E-04  2.5129885E+00  1.6471100E-01  5.3948471E-05 -8.5621192E-01  2.5108822E-01  3.6451225E-01 0.000 0.530 1.000 1.000 1.000 1.000 1.000 1.000 1.000 1.000 1.000 1.000 1.000 1.000 1.000 1.000 1.000 1.000 1.000 1.000 1.000 1.000 1.000 1.000 1.000 1.000 1.000 1.000 1.000 1.000 1.000 1.000 1.000 1.000 1.000 1.000 1.000 1.000 1.000 1.000  1.9880076477E-01   0.22965   1.00000   0.00000   0.00000   0.1565410E-02
  4327  4.192379503336411E+06  38.674411  5.692590  4.564917  0.5830679E+00  0.4031914E+00  3.4360539E-06  2.3455928E-04  2.3435890E-05  8.0581370E-03  1.1228854E-03  1.7530078E-06  9.6674698E-07  2.0707539E-03  1.4300749E-05  0.5264    4.564917  -5.582  0.561495  7.664440  0.1639787E+00  0.8223719E+00  7.2489653E-10  9.0968898E-05  2.5030266E-05  9.0948616E-03  1.2995335E-04  2.0411918E-07  3.6271951E-10  2.0009777E-03  4.0786791E-06  3.377E-11  1.812E-17  3.059E+10  1.558E+12  7.281E+00  1.682E+06  0.21884013  6.468E-06  6.499E-06  9.928E-01  1.681E-06  4.613E-06  1.009E+00  421   22.0064  9.35E-03 3.9267E+00 5.8380E+00    5.33E+02 0.00E+00 7.85E+01  0.219114  0.310009 5.33E+02 0.00E+00 7.84E+01  0.218840  0.310023  0.0000000E+00  0.0000000E+00  2.2492338E-04  2.5146988E+00  1.6314286E-01  5.2882191E-05 -8.5559964E-01  2.5069348E-01  3.6465432E-01 0.000 0.529 1.000 1.000 1.000 1.000 1.000 1.000 1.000 1.000 1.000 1.000 1.000 1.000 1.000 1.000 1.000 1.000 1.000 1.000 1.000 1.000 1.000 1.000 1.000 1.000 1.000 1.000 1.000 1.000 1.000 1.000 1.000 1.000 1.000 1.000 1.000 1.000 1.000 1.000  1.9699875599E-01   0.22775   1.00000   0.00000   0.00000   0.1547905E-02
  4334  4.196948368403940E+06  38.662443  5.692989  4.564262  0.5830056E+00  0.4032538E+00  3.4347098E-06  2.3446466E-04  2.3438451E-05  8.0586827E-03  1.1223860E-03  1.7522941E-06  9.6620303E-07  2.0707439E-03  1.4294006E-05  0.5256    4.564262  -5.582  0.562116  7.664649  0.1628260E+00  0.8235246E+00  6.8745049E-10  9.1303524E-05  2.5120247E-05  9.0944529E-03  1.2986485E-04  2.0280946E-07  3.6290080E-10  2.0007652E-03  4.0939577E-06  3.221E-11  1.726E-17  2.968E+10  1.493E+12  7.063E+00  1.613E+06  0.21805052  6.410E-06  6.441E-06  9.929E-01  1.675E-06  4.594E-06  1.009E+00  421   22.0064  9.35E-03 3.8884E+00 5.7814E+00    5.32E+02 0.00E+00 7.81E+01  0.218361  0.310377 5.32E+02 0.00E+00 7.79E+01  0.218051  0.310391  0.0000000E+00  0.0000000E+00  2.0198027E-04  2.5170409E+00  1.6183793E-01  5.1975284E-05 -8.5499201E-01  2.5033387E-01  3.6473231E-01 0.000 0.528 1.000 1.000 1.000 1.000 1.000 1.000 1.000 1.000 1.000 1.000 1.000 1.000 1.000 1.000 1.000 1.000 1.000 1.000 1.000 1.000 1.000 1.000 1.000 1.000 1.000 1.000 1.000 1.000 1.000 1.000 1.000 1.000 1.000 1.000 1.000 1.000 1.000 1.000  1.9549392347E-01   0.22615   1.00000   0.00000   0.00000   0.1532010E-02
  4342  4.201919566365476E+06  38.649425  5.693436  4.563533  0.5829380E+00  0.4033214E+00  3.4332547E-06  2.3436220E-04  2.3441228E-05  8.0592737E-03  1.1218451E-03  1.7515212E-06  9.6561399E-07  2.0707332E-03  1.4286704E-05  0.5258    4.563533  -5.582  0.562936  7.664911  0.1615726E+00  0.8247780E+00  6.8478594E-10  9.1307140E-05  2.5128182E-05  9.0945251E-03  1.2976815E-04  2.0237371E-07  3.6170323E-10  2.0005339E-03  4.1113118E-06  3.295E-11  1.766E-17  2.969E+10  1.495E+12  7.065E+00  1.615E+06  0.21726634  6.348E-06  6.379E-06  9.929E-01  1.667E-06  4.574E-06  1.009E+00  422   22.0064  9.35E-03 3.8466E+00 5.7197E+00    5.31E+02 0.00E+00 7.76E+01  0.217491  0.310783 5.31E+02 0.00E+00 7.75E+01  0.217266  0.310802  0.0000000E+00  0.0000000E+00  2.2158261E-04  2.5192807E+00  1.6040108E-01  5.1053215E-05 -8.5438990E-01  2.4995924E-01  3.6484230E-01 0.000 0.528 1.000 1.000 1.000 1.000 1.000 1.000 1.000 1.000 1.000 1.000 1.000 1.000 1.000 1.000 1.000 1.000 1.000 1.000 1.000 1.000 1.000 1.000 1.000 1.000 1.000 1.000 1.000 1.000 1.000 1.000 1.000 1.000 1.000 1.000 1.000 1.000 1.000 1.000  1.9386061563E-01   0.22441   1.00000   0.00000   0.00000   0.1513999E-02
  4349  4.206645273069650E+06  38.637051  5.693877  4.562889  0.5828740E+00  0.4033855E+00  3.4318763E-06  2.3426509E-04  2.3443863E-05  8.0598337E-03  1.1213326E-03  1.7507887E-06  9.6505583E-07  2.0707229E-03  1.4279786E-05  0.5253    4.562889  -5.582  0.563743  7.665186  0.1603726E+00  0.8259780E+00  6.8236628E-10  9.1203993E-05  2.5096104E-05  9.0947607E-03  1.2967545E-04  2.0280284E-07  3.6170171E-10  2.0003122E-03  4.1267681E-06  3.295E-11  1.766E-17  2.980E+10  1.504E+12  7.092E+00  1.625E+06  0.21644075  6.290E-06  6.321E-06  9.930E-01  1.661E-06  4.555E-06  1.009E+00  421   22.0064  9.35E-03 3.8076E+00 5.6620E+00    5.30E+02 0.00E+00 7.71E+01  0.216722  0.311192 5.30E+02 0.00E+00 7.70E+01  0.216441  0.311206  0.0000000E+00  0.0000000E+00  2.2112942E-04  2.5208289E+00  1.5905639E-01  5.0155932E-05 -8.5389352E-01  2.4962515E-01  3.6498117E-01 0.000 0.529 1.000 1.000 1.000 1.000 1.000 1.000 1.000 1.000 1.000 1.000 1.000 1.000 1.000 1.000 1.000 1.000 1.000 1.000 1.000 1.000 1.000 1.000 1.000 1.000 1.000 1.000 1.000 1.000 1.000 1.000 1.000 1.000 1.000 1.000 1.000 1.000 1.000 1.000  1.9231101505E-01   0.22274   1.00000   0.00000   0.00000   0.1497463E-02
  4357  4.212046080731563E+06  38.622913  5.694310  4.562198  0.5828011E+00  0.4034584E+00  3.4303104E-06  2.3415473E-04  2.3446861E-05  8.0604702E-03  1.1207501E-03  1.7499562E-06  9.6442151E-07  2.0707113E-03  1.4271924E-05  0.5247    4.562198  -5.582  0.564564  7.665471  0.1590008E+00  0.8273497E+00  6.6870017E-10  9.1276520E-05  2.5116159E-05  9.0947480E-03  1.2956895E-04  2.0243636E-07  3.6144327E-10  2.0000586E-03  4.1447318E-06  3.260E-11  1.746E-17  2.958E+10  1.489E+12  7.039E+00  1.608E+06  0.21542653  6.224E-06  6.256E-06  9.930E-01  1.653E-06  4.534E-06  1.009E+00  422   21.9716  9.35E-03 3.7639E+00 5.5974E+00    5.29E+02 0.00E+00 7.66E+01  0.215700  0.311601 5.29E+02 0.00E+00 7.65E+01  0.215427  0.311615  0.0000000E+00  0.0000000E+00  2.2036726E-04  2.5226455E+00  1.5751801E-01  4.9146318E-05 -8.5329000E-01  2.4923314E-01  3.6512625E-01 0.000 0.527 1.000 1.000 1.000 1.000 1.000 1.000 1.000 1.000 1.000 1.000 1.000 1.000 1.000 1.000 1.000 1.000 1.000 1.000 1.000 1.000 1.000 1.000 1.000 1.000 1.000 1.000 1.000 1.000 1.000 1.000 1.000 1.000 1.000 1.000 1.000 1.000 1.000 1.000  1.9054541020E-01   0.22083   1.00000   0.00000   0.00000   0.1480436E-02
  4365  4.217176848010380E+06  38.609485  5.694710  4.561526  0.5827322E+00  0.4035274E+00  3.4288309E-06  2.3405042E-04  2.3449699E-05  8.0610718E-03  1.1201995E-03  1.7491693E-06  9.6382201E-07  2.0707003E-03  1.4264494E-05  0.5242    4.561526  -5.582  0.565248  7.665711  0.1576969E+00  0.8286537E+00  6.3329308E-10  9.1647090E-05  2.5217286E-05  9.0942973E-03  1.2946699E-04  2.0095173E-07  3.6148123E-10  1.9998171E-03  4.1629418E-06  3.113E-11  1.664E-17  2.863E+10  1.422E+12  6.814E+00  1.535E+06  0.21446799  6.162E-06  6.193E-06  9.931E-01  1.645E-06  4.513E-06  1.009E+00  422   21.9716  9.35E-03 3.7229E+00 5.5368E+00    5.28E+02 0.00E+00 7.61E+01  0.214728  0.311984 5.28E+02 0.00E+00 7.60E+01  0.214468  0.311998  0.0000000E+00  0.0000000E+00  1.9765333E-04  2.5247321E+00  1.5607652E-01  4.8200596E-05 -8.5265586E-01  2.4884279E-01  3.6523871E-01 0.000 0.527 1.000 1.000 1.000 1.000 1.000 1.000 1.000 1.000 1.000 1.000 1.000 1.000 1.000 1.000 1.000 1.000 1.000 1.000 1.000 1.000 1.000 1.000 1.000 1.000 1.000 1.000 1.000 1.000 1.000 1.000 1.000 1.000 1.000 1.000 1.000 1.000 1.000 1.000  1.8887368730E-01   0.21902   1.00000   0.00000   0.00000   0.1464430E-02
  4373  4.222159093078494E+06  38.596452  5.695117  4.560878  0.5826658E+00  0.4035939E+00  3.4274056E-06  2.3394990E-04  2.3452438E-05  8.0616515E-03  1.1196689E-03  1.7484109E-06  9.6324431E-07  2.0706898E-03  1.4257335E-05  0.5237    4.560878  -5.582  0.566054  7.665989  0.1564302E+00  0.8299203E+00  6.3749752E-10  9.1550885E-05  2.5196530E-05  9.0945189E-03  1.2936760E-04  2.0091917E-07  3.6030253E-10  1.9995824E-03  4.1809348E-06  3.182E-11  1.701E-17  2.894E+10  1.445E+12  6.888E+00  1.560E+06  0.21353742  6.102E-06  6.134E-06  9.932E-01  1.638E-06  4.494E-06  1.009E+00  423   21.9367  9.35E-03 3.6830E+00 5.4779E+00    5.27E+02 0.00E+00 7.56E+01  0.213804  0.312369 5.27E+02 0.00E+00 7.55E+01  0.213537  0.312383  0.0000000E+00  0.0000000E+00  2.1673689E-04  2.5263567E+00  1.5466831E-01  4.7343808E-05 -8.5212131E-01  2.4848698E-01  3.6538251E-01 0.000 0.526 1.000 1.000 1.000 1.000 1.000 1.000 1.000 1.000 1.000 1.000 1.000 1.000 1.000 1.000 1.000 1.000 1.000 1.000 1.000 1.000 1.000 1.000 1.000 1.000 1.000 1.000 1.000 1.000 1.000 1.000 1.000 1.000 1.000 1.000 1.000 1.000 1.000 1.000  1.8725592278E-01   0.21726   1.00000   0.00000   0.00000   0.1448550E-02
  4380  4.226837542715630E+06  38.584217  5.695529  4.560228  0.5826032E+00  0.4036565E+00  3.4260663E-06  2.3385539E-04  2.3455015E-05  8.0621965E-03  1.1191702E-03  1.7476980E-06  9.6270127E-07  2.0706798E-03  1.4250605E-05  0.5230    4.560228  -5.582  0.566855  7.666259  0.1552356E+00  0.8311149E+00  6.2729406E-10  9.1523421E-05  2.5185180E-05  9.0946452E-03  1.2927364E-04  2.0108068E-07  3.6040076E-10  1.9993607E-03  4.1969951E-06  3.182E-11  1.701E-17  2.885E+10  1.440E+12  6.866E+00  1.555E+06  0.21267645  6.045E-06  6.079E-06  9.932E-01  1.631E-06  4.475E-06  1.009E+00  428   21.9367  9.35E-03 3.6461E+00 5.4233E+00    5.26E+02 0.00E+00 7.52E+01  0.212965  0.312757 5.26E+02 0.00E+00 7.51E+01  0.212676  0.312766  0.0000000E+00  0.0000000E+00  2.1615805E-04  2.5283508E+00  1.5336832E-01  4.6500635E-05 -8.5159213E-01  2.4814431E-01  3.6550527E-01 0.000 0.525 0.693 0.697 0.706 0.710 1.000 1.000 1.000 1.000 1.000 1.000 1.000 1.000 1.000 1.000 1.000 1.000 1.000 1.000 1.000 1.000 1.000 1.000 1.000 1.000 1.000 1.000 1.000 1.000 1.000 1.000 1.000 1.000 1.000 1.000 1.000 1.000 1.000 1.000  1.8574114893E-01   0.21560   1.00000   0.00000   0.00000   0.1433297E-02
  4387  4.231515992352765E+06  38.571987  5.695953  4.559529  0.5825409E+00  0.4037188E+00  3.4247321E-06  2.3376122E-04  2.3457587E-05  8.0627396E-03  1.1186731E-03  1.7469875E-06  9.6216014E-07  2.0706699E-03  1.4243900E-05  0.5232    4.559529  -5.583  0.567679  7.666522  0.1540399E+00  0.8323106E+00  6.1502559E-10  9.1591029E-05  2.5203876E-05  9.0946293E-03  1.2917909E-04  2.0074072E-07  3.6015187E-10  1.9991386E-03  4.2133734E-06  3.132E-11  1.674E-17  2.855E+10  1.420E+12  6.794E+00  1.533E+06  0.21187192  5.988E-06  6.022E-06  9.933E-01  1.625E-06  4.457E-06  1.009E+00  428   21.9367  9.35E-03 3.6075E+00 5.3663E+00    5.25E+02 0.00E+00 7.48E+01  0.212161  0.313138 5.25E+02 0.00E+00 7.47E+01  0.211872  0.313158  0.0000000E+00  0.0000000E+00  2.1555441E-04  2.5305434E+00  1.5204582E-01  4.5648740E-05 -8.5103736E-01  2.4779291E-01  3.6561859E-01 0.000 0.526 0.676 0.677 0.679 0.687 0.690 0.696 1.000 1.000 1.000 1.000 1.000 1.000 1.000 1.000 1.000 1.000 1.000 1.000 1.000 1.000 1.000 1.000 1.000 1.000 1.000 1.000 1.000 1.000 1.000 1.000 1.000 1.000 1.000 1.000 1.000 1.000 1.000 1.000  1.8423043492E-01   0.21394   1.00000   0.00000   0.00000   0.1417017E-02
  4394  4.235993937005452E+06  38.560286  5.696383  4.558857  0.5824816E+00  0.4037782E+00  3.4234633E-06  2.3367163E-04  2.3460036E-05  8.0632562E-03  1.1182003E-03  1.7463115E-06  9.6164540E-07  2.0706604E-03  1.4237522E-05  0.5227    4.558857  -5.583  0.568305  7.666743  0.1528879E+00  0.8334626E+00  5.8470153E-10  9.1927330E-05  2.5294415E-05  9.0942208E-03  1.2908733E-04  1.9946258E-07  3.6032224E-10  1.9989244E-03  4.2301197E-06  2.992E-11  1.596E-17  2.771E+10  1.360E+12  6.594E+00  1.469E+06  0.21113031  5.933E-06  5.967E-06  9.933E-01  1.618E-06  4.439E-06  1.009E+00  427   21.9367  9.35E-03 3.5713E+00 5.3128E+00    5.24E+02 0.00E+00 7.43E+01  0.211420  0.313541 5.24E+02 0.00E+00 7.42E+01  0.211130  0.313551  0.0000000E+00  0.0000000E+00  1.9356663E-04  2.5328197E+00  1.5079705E-01  4.4846101E-05 -8.5046503E-01  2.4744471E-01  3.6570975E-01 0.000 0.526 0.669 0.675 0.678 0.681 1.000 1.000 1.000 1.000 1.000 1.000 1.000 1.000 1.000 1.000 1.000 1.000 1.000 1.000 1.000 1.000 1.000 1.000 1.000 1.000 1.000 1.000 1.000 1.000 1.000 1.000 1.000 1.000 1.000 1.000 1.000 1.000 1.000 1.000  1.8278791114E-01   0.21234   1.00000   0.00000   0.00000   0.1401540E-02
  4402  4.240866208127555E+06  38.547560  5.696787  4.558205  0.5824173E+00  0.4038425E+00  3.4220898E-06  2.3357461E-04  2.3462691E-05  8.0638157E-03  1.1176883E-03  1.7455796E-06  9.6108804E-07  2.0706502E-03  1.4230616E-05  0.5221    4.558205  -5.583  0.569083  7.667013  0.1516355E+00  0.8347150E+00  5.8315361E-10  9.1933522E-05  2.5303238E-05  9.0942922E-03  1.2898707E-04  1.9903131E-07  3.5913659E-10  1.9986913E-03  4.2490523E-06  3.058E-11  1.631E-17  2.783E+10  1.369E+12  6.624E+00  1.478E+06  0.21022394  5.876E-06  5.908E-06  9.934E-01  1.612E-06  4.420E-06  1.009E+00  424   21.9017  9.35E-03 3.5324E+00 5.2552E+00    5.23E+02 0.00E+00 7.39E+01  0.210487  0.313919 5.23E+02 0.00E+00 7.38E+01  0.210224  0.313935  0.0000000E+00  0.0000000E+00  2.1219596E-04  2.5345727E+00  1.4943305E-01  4.4044212E-05 -8.4992819E-01  2.4708946E-01  3.6585057E-01 0.000 0.524 1.000 1.000 1.000 1.000 1.000 1.000 1.000 1.000 1.000 1.000 1.000 1.000 1.000 1.000 1.000 1.000 1.000 1.000 1.000 1.000 1.000 1.000 1.000 1.000 1.000 1.000 1.000 1.000 1.000 1.000 1.000 1.000 1.000 1.000 1.000 1.000 1.000 1.000  1.8122326348E-01   0.21061   1.00000   0.00000   0.00000   0.1386551E-02
  4410  4.246159539717000E+06  38.533739  5.697219  4.557518  0.5823475E+00  0.4039124E+00  3.4205997E-06  2.3346931E-04  2.3465576E-05  8.0644229E-03  1.1171326E-03  1.7447851E-06  9.6048317E-07  2.0706390E-03  1.4223122E-05  0.5216    4.557518  -5.583  0.570012  7.667333  0.1502729E+00  0.8360776E+00  5.7851513E-10  9.1841756E-05  2.5274245E-05  9.0945258E-03  1.2887782E-04  1.9938794E-07  3.5909298E-10  1.9984373E-03  4.2682394E-06  3.058E-11  1.631E-17  2.788E+10  1.373E+12  6.635E+00  1.483E+06  0.20927134  5.816E-06  5.846E-06  9.934E-01  1.604E-06  4.399E-06  1.009E+00  423   21.9017  9.35E-03 3.4911E+00 5.1940E+00    5.22E+02 0.00E+00 7.34E+01  0.209489  0.314331 5.22E+02 0.00E+00 7.33E+01  0.209271  0.314345  0.0000000E+00  0.0000000E+00  2.1143032E-04  2.5362298E+00  1.4796837E-01  4.3148073E-05 -8.4939285E-01  2.4671869E-01  3.6602226E-01 0.000 0.524 1.000 1.000 1.000 1.000 1.000 1.000 1.000 1.000 1.000 1.000 1.000 1.000 1.000 1.000 1.000 1.000 1.000 1.000 1.000 1.000 1.000 1.000 1.000 1.000 1.000 1.000 1.000 1.000 1.000 1.000 1.000 1.000 1.000 1.000 1.000 1.000 1.000 1.000  1.7952898672E-01   0.20871   1.00000   0.00000   0.00000   0.1370821E-02
  4418  4.251452871306445E+06  38.519926  5.697646  4.556809  0.5822780E+00  0.4039819E+00  3.4191170E-06  2.3336450E-04  2.3468452E-05  8.0650273E-03  1.1165794E-03  1.7439942E-06  9.5988109E-07  2.0706279E-03  1.4215663E-05  0.5210    4.556809  -5.584  0.570875  7.667631  0.1489087E+00  0.8374418E+00  5.6598466E-10  9.1919532E-05  2.5295836E-05  9.0945084E-03  1.2876780E-04  1.9899589E-07  3.5879504E-10  1.9981827E-03  4.2877726E-06  3.021E-11  1.610E-17  2.764E+10  1.357E+12  6.579E+00  1.466E+06  0.20820379  5.752E-06  5.784E-06  9.935E-01  1.597E-06  4.379E-06  1.009E+00  424   21.8667  9.35E-03 3.4500E+00 5.1332E+00    5.21E+02 0.00E+00 7.29E+01  0.208476  0.314740 5.21E+02 0.00E+00 7.28E+01  0.208204  0.314754  0.0000000E+00  0.0000000E+00  2.1062420E-04  2.5381831E+00  1.4650892E-01  4.2259614E-05 -8.4881248E-01  2.4633440E-01  3.6617522E-01 0.000 0.523 1.000 1.000 1.000 1.000 1.000 1.000 1.000 1.000 1.000 1.000 1.000 1.000 1.000 1.000 1.000 1.000 1.000 1.000 1.000 1.000 1.000 1.000 1.000 1.000 1.000 1.000 1.000 1.000 1.000 1.000 1.000 1.000 1.000 1.000 1.000 1.000 1.000 1.000  1.7784107727E-01   0.20682   1.00000   0.00000   0.00000   0.1355095E-02
  4425  4.256084536447210E+06  38.507847  5.698023  4.556145  0.5822174E+00  0.4040426E+00  3.4178259E-06  2.3327319E-04  2.3470960E-05  8.0655538E-03  1.1160976E-03  1.7433053E-06  9.5935666E-07  2.0706183E-03  1.4209166E-05  0.5208    4.556145  -5.584  0.571682  7.667899  0.1477108E+00  0.8386396E+00  5.5342915E-10  9.1991537E-05  2.5315776E-05  9.0944882E-03  1.2867070E-04  1.9861667E-07  3.5848426E-10  1.9979589E-03  4.3051455E-06  2.979E-11  1.586E-17  2.738E+10  1.339E+12  6.516E+00  1.446E+06  0.20734239  5.697E-06  5.730E-06  9.935E-01  1.590E-06  4.361E-06  1.008E+00  425   21.8667  9.35E-03 3.4138E+00 5.0797E+00    5.20E+02 0.00E+00 7.24E+01  0.207664  0.315094 5.20E+02 0.00E+00 7.23E+01  0.207342  0.315114  0.0000000E+00  0.0000000E+00  2.0996860E-04  2.5402738E+00  1.4524085E-01  4.1483541E-05 -8.4827920E-01  2.4598978E-01  3.6629836E-01 0.000 0.523 1.000 1.000 1.000 1.000 1.000 1.000 1.000 1.000 1.000 1.000 1.000 1.000 1.000 1.000 1.000 1.000 1.000 1.000 1.000 1.000 1.000 1.000 1.000 1.000 1.000 1.000 1.000 1.000 1.000 1.000 1.000 1.000 1.000 1.000 1.000 1.000 1.000 1.000  1.7636939266E-01   0.20515   1.00000   0.00000   0.00000   0.1340951E-02
  4432  4.260650034943107E+06  38.495949  5.698466  4.555424  0.5821583E+00  0.4041017E+00  3.4165675E-06  2.3318417E-04  2.3473408E-05  8.0660671E-03  1.1156278E-03  1.7426336E-06  9.5884538E-07  2.0706089E-03  1.4202833E-05  0.5202    4.555424  -5.584  0.572441  7.668153  0.1465256E+00  0.8398249E+00  5.3217570E-10  9.2202590E-05  2.5370482E-05  9.0942684E-03  1.2857404E-04  1.9782516E-07  3.5860475E-10  1.9977372E-03  4.3228575E-06  2.838E-11  1.508E-17  2.680E+10  1.299E+12  6.378E+00  1.403E+06  0.20655902  5.642E-06  5.675E-06  9.936E-01  1.584E-06  4.343E-06  1.008E+00  426   21.8667  9.35E-03 3.3774E+00 5.0259E+00    5.19E+02 0.00E+00 7.20E+01  0.206816  0.315512 5.19E+02 0.00E+00 7.19E+01  0.206559  0.315521  0.0000000E+00  0.0000000E+00  1.8840628E-04  2.5425890E+00  1.4397553E-01  4.0758392E-05 -8.4773143E-01  2.4564255E-01  3.6640964E-01 0.000 0.523 1.000 1.000 1.000 1.000 1.000 1.000 1.000 1.000 1.000 1.000 1.000 1.000 1.000 1.000 1.000 1.000 1.000 1.000 1.000 1.000 1.000 1.000 1.000 1.000 1.000 1.000 1.000 1.000 1.000 1.000 1.000 1.000 1.000 1.000 1.000 1.000 1.000 1.000  1.7492305979E-01   0.20351   1.00000   0.00000   0.00000   0.1325444E-02
  4440  4.265414033373605E+06  38.483544  5.698863  4.554715  0.5820965E+00  0.4041636E+00  3.4152533E-06  2.3309117E-04  2.3475968E-05  8.0666033E-03  1.1151371E-03  1.7419318E-06  9.5831130E-07  2.0705990E-03  1.4196217E-05  0.5199    4.554715  -5.585  0.573167  7.668401  0.1452890E+00  0.8410615E+00  5.1271768E-10  9.2469692E-05  2.5448769E-05  9.0939625E-03  1.2847236E-04  1.9655694E-07  3.5790132E-10  1.9975057E-03  4.3430250E-06  2.838E-11  1.508E-17  2.628E+10  1.263E+12  6.254E+00  1.364E+06  0.20570625  5.586E-06  5.619E-06  9.937E-01  1.577E-06  4.325E-06  1.008E+00  426   21.8317  9.35E-03 3.3407E+00 4.9716E+00    5.18E+02 0.00E+00 7.15E+01  0.205956  0.315887 5.18E+02 0.00E+00 7.14E+01  0.205706  0.315899  0.0000000E+00  0.0000000E+00  1.8776275E-04  2.5448933E+00  1.4267438E-01  3.9976279E-05 -8.4714832E-01  2.4527767E-01  3.6652253E-01 0.000 0.521 1.000 1.000 1.000 1.000 1.000 1.000 1.000 1.000 1.000 1.000 1.000 1.000 1.000 1.000 1.000 1.000 1.000 1.000 1.000 1.000 1.000 1.000 1.000 1.000 1.000 1.000 1.000 1.000 1.000 1.000 1.000 1.000 1.000 1.000 1.000 1.000 1.000 1.000  1.7341862877E-01   0.20179   1.00000   0.00000   0.00000   0.1310821E-02
  4447  4.269582532000290E+06  38.472698  5.699250  4.554027  0.5820426E+00  0.4042175E+00  3.4141087E-06  2.3301014E-04  2.3478200E-05  8.0670705E-03  1.1147095E-03  1.7413204E-06  9.5784600E-07  2.0705904E-03  1.4190454E-05  0.5196    4.554027  -5.585  0.573929  7.668649  0.1442040E+00  0.8421465E+00  5.0327281E-10  9.2538385E-05  2.5468143E-05  9.0939402E-03  1.2838276E-04  1.9616769E-07  3.5753413E-10  1.9973023E-03  4.3606979E-06  2.805E-11  1.490E-17  2.608E+10  1.249E+12  6.206E+00  1.349E+06  0.20499564  5.536E-06  5.569E-06  9.937E-01  1.571E-06  4.309E-06  1.008E+00  426   21.8317  9.35E-03 3.3077E+00 4.9228E+00    5.17E+02 0.00E+00 7.11E+01  0.205253  0.316246 5.17E+02 0.00E+00 7.11E+01  0.204996  0.316259  0.0000000E+00  0.0000000E+00  1.8725903E-04  2.5470866E+00  1.4152986E-01  3.9287476E-05 -8.4665568E-01  2.4496237E-01  3.6662859E-01 0.000 0.521 1.000 1.000 1.000 1.000 1.000 1.000 1.000 1.000 1.000 1.000 1.000 1.000 1.000 1.000 1.000 1.000 1.000 1.000 1.000 1.000 1.000 1.000 1.000 1.000 1.000 1.000 1.000 1.000 1.000 1.000 1.000 1.000 1.000 1.000 1.000 1.000 1.000 1.000  1.7210632388E-01   0.20028   1.00000   0.00000   0.00000   0.1296731E-02
  4454  4.273751030626976E+06  38.461861  5.699629  4.553382  0.5819894E+00  0.4042707E+00  3.4129786E-06  2.3293011E-04  2.3480408E-05  8.0675319E-03  1.1142872E-03  1.7407165E-06  9.5738649E-07  2.0705819E-03  1.4184762E-05  0.5191    4.553382  -5.585  0.574656  7.668896  0.1431162E+00  0.8432342E+00  4.9477738E-10  9.2603760E-05  2.5486486E-05  9.0939235E-03  1.2829252E-04  1.9582335E-07  3.5723323E-10  1.9970982E-03  4.3784726E-06  2.777E-11  1.473E-17  2.592E+10  1.239E+12  6.169E+00  1.338E+06  0.20428662  5.488E-06  5.520E-06  9.937E-01  1.566E-06  4.293E-06  1.008E+00  427   21.8317  9.35E-03 3.2754E+00 4.8750E+00    5.16E+02 0.00E+00 7.08E+01  0.204538  0.316602 5.16E+02 0.00E+00 7.07E+01  0.204287  0.316614  0.0000000E+00  0.0000000E+00  1.8675277E-04  2.5489078E+00  1.4039106E-01  3.8657654E-05 -8.4619445E-01  2.4465623E-01  3.6674910E-01 0.000 0.521 1.000 1.000 1.000 1.000 1.000 1.000 1.000 1.000 1.000 1.000 1.000 1.000 1.000 1.000 1.000 1.000 1.000 1.000 1.000 1.000 1.000 1.000 1.000 1.000 1.000 1.000 1.000 1.000 1.000 1.000 1.000 1.000 1.000 1.000 1.000 1.000 1.000 1.000  1.7079743071E-01   0.19877   1.00000   0.00000   0.00000   0.1283278E-02
  4462  4.278515029057474E+06  38.449485  5.700025  4.552684  0.5819285E+00  0.4043317E+00  3.4116861E-06  2.3283856E-04  2.3482935E-05  8.0680597E-03  1.1138041E-03  1.7400256E-06  9.5686083E-07  2.0705722E-03  1.4178252E-05  0.5186    4.552684  -5.586  0.575479  7.669179  0.1418730E+00  0.8444774E+00  4.8488053E-10  9.2678920E-05  2.5507521E-05  9.0939041E-03  1.2818888E-04  1.9543297E-07  3.5689675E-10  1.9968647E-03  4.3988517E-06  2.739E-11  1.452E-17  2.573E+10  1.226E+12  6.123E+00  1.324E+06  0.20340822  5.433E-06  5.466E-06  9.938E-01  1.559E-06  4.275E-06  1.008E+00  426   21.8317  9.35E-03 3.2393E+00 4.8216E+00    5.15E+02 0.00E+00 7.03E+01  0.203658  0.316980 5.15E+02 0.00E+00 7.02E+01  0.203408  0.316992  0.0000000E+00  0.0000000E+00  1.8608439E-04  2.5508173E+00  1.3910057E-01  3.7909739E-05 -8.4567972E-01  2.4431024E-01  3.6689368E-01 0.000 0.521 1.000 1.000 1.000 1.000 1.000 1.000 1.000 1.000 1.000 1.000 1.000 1.000 1.000 1.000 1.000 1.000 1.000 1.000 1.000 1.000 1.000 1.000 1.000 1.000 1.000 1.000 1.000 1.000 1.000 1.000 1.000 1.000 1.000 1.000 1.000 1.000 1.000 1.000  1.6930633025E-01   0.19705   1.00000   0.00000   0.00000   0.1269030E-02
  4469  4.282683527684160E+06  38.438666  5.700377  4.552010  0.5818754E+00  0.4043848E+00  3.4105617E-06  2.3275889E-04  2.3485137E-05  8.0685191E-03  1.1133837E-03  1.7394244E-06  9.5640340E-07  2.0705638E-03  1.4172587E-05  0.5183    4.552010  -5.586  0.576242  7.669432  0.1407837E+00  0.8455667E+00  4.7592820E-10  9.2745863E-05  2.5526209E-05  9.0938861E-03  1.2809760E-04  1.9508898E-07  3.5660181E-10  1.9966598E-03  4.4167887E-06  2.739E-11  1.452E-17  2.554E+10  1.214E+12  6.078E+00  1.311E+06  0.20271063  5.385E-06  5.418E-06  9.938E-01  1.553E-06  4.259E-06  1.008E+00  426   21.7966  9.35E-03 3.2073E+00 4.7743E+00    5.14E+02 0.00E+00 6.99E+01  0.202920  0.317322 5.14E+02 0.00E+00 6.98E+01  0.202711  0.317328  0.0000000E+00  0.0000000E+00  1.8552509E-04  2.5527678E+00  1.3797184E-01  3.7252731E-05 -8.4521198E-01  2.4400177E-01  3.6701276E-01 0.000 0.520 1.000 1.000 1.000 1.000 1.000 1.000 1.000 1.000 1.000 1.000 1.000 1.000 1.000 1.000 1.000 1.000 1.000 1.000 1.000 1.000 1.000 1.000 1.000 1.000 1.000 1.000 1.000 1.000 1.000 1.000 1.000 1.000 1.000 1.000 1.000 1.000 1.000 1.000  1.6800602415E-01   0.19553   1.00000   0.00000   0.00000   0.1255810E-02
  4476  4.286852026310845E+06  38.427859  5.700778  4.551294  0.5818227E+00  0.4044376E+00  3.4094434E-06  2.3267962E-04  2.3487330E-05  8.0689760E-03  1.1129655E-03  1.7388262E-06  9.5594836E-07  2.0705554E-03  1.4166951E-05  0.5179    4.551294  -5.586  0.577012  7.669686  0.1396879E+00  0.8466625E+00  4.6604030E-10  9.2814705E-05  2.5545314E-05  9.0938663E-03  1.2800532E-04  1.9474053E-07  3.5630615E-10  1.9964535E-03  4.4349544E-06  2.709E-11  1.435E-17  2.532E+10  1.199E+12  6.026E+00  1.295E+06  0.20200567  5.335E-06  5.369E-06  9.939E-01  1.548E-06  4.243E-06  1.008E+00  427   21.7966  9.35E-03 3.1750E+00 4.7264E+00    5.13E+02 0.00E+00 6.95E+01  0.202261  0.317689 5.13E+02 0.00E+00 6.95E+01  0.202006  0.317700  0.0000000E+00  0.0000000E+00  1.8502477E-04  2.5550050E+00  1.3683771E-01  3.6615955E-05 -8.4472987E-01  2.4368795E-01  3.6712543E-01 0.000 0.520 1.000 1.000 1.000 1.000 1.000 1.000 1.000 1.000 1.000 1.000 1.000 1.000 1.000 1.000 1.000 1.000 1.000 1.000 1.000 1.000 1.000 1.000 1.000 1.000 1.000 1.000 1.000 1.000 1.000 1.000 1.000 1.000 1.000 1.000 1.000 1.000 1.000 1.000  1.6670933865E-01   0.19401   1.00000   0.00000   0.00000   0.1241757E-02
  4483  4.291020524937531E+06  38.417062  5.701140  4.550634  0.5817702E+00  0.4044901E+00  3.4083329E-06  2.3260088E-04  2.3489510E-05  8.0694300E-03  1.1125500E-03  1.7382320E-06  9.5549636E-07  2.0705470E-03  1.4161354E-05  0.5174    4.550634  -5.587  0.577757  7.669941  0.1385927E+00  0.8477577E+00  4.5775517E-10  9.2882411E-05  2.5564279E-05  9.0938483E-03  1.2791264E-04  1.9439189E-07  3.5600458E-10  1.9962471E-03  4.4532066E-06  2.678E-11  1.417E-17  2.516E+10  1.188E+12  5.988E+00  1.283E+06  0.20133804  5.289E-06  5.321E-06  9.939E-01  1.542E-06  4.228E-06  1.008E+00  426   21.7966  9.35E-03 3.1435E+00 4.6798E+00    5.12E+02 0.00E+00 6.92E+01  0.201539  0.318032 5.12E+02 0.00E+00 6.91E+01  0.201338  0.318044  0.0000000E+00  0.0000000E+00  1.8446432E-04  2.5567991E+00  1.3571415E-01  3.5996808E-05 -8.4428016E-01  2.4338410E-01  3.6725361E-01 0.000 0.520 1.000 1.000 1.000 1.000 1.000 1.000 1.000 1.000 1.000 1.000 1.000 1.000 1.000 1.000 1.000 1.000 1.000 1.000 1.000 1.000 1.000 1.000 1.000 1.000 1.000 1.000 1.000 1.000 1.000 1.000 1.000 1.000 1.000 1.000 1.000 1.000 1.000 1.000  1.6541629973E-01   0.19249   1.00000   0.00000   0.00000   0.1228797E-02
  4490  4.295189023564217E+06  38.406276  5.701487  4.549988  0.5817176E+00  0.4045427E+00  3.4072211E-06  2.3252203E-04  2.3491695E-05  8.0698846E-03  1.1121340E-03  1.7376369E-06  9.5504373E-07  2.0705386E-03  1.4155749E-05  0.5170    4.549988  -5.587  0.578502  7.670196  0.1374972E+00  0.8488532E+00  4.4926102E-10  9.2950790E-05  2.5583389E-05  9.0938297E-03  1.2781949E-04  1.9404159E-07  3.5570245E-10  1.9960404E-03  4.4715586E-06  2.678E-11  1.417E-17  2.498E+10  1.176E+12  5.946E+00  1.270E+06  0.20053952  5.240E-06  5.274E-06  9.940E-01  1.536E-06  4.212E-06  1.008E+00  429   21.7614  9.35E-03 3.1124E+00 4.6337E+00    5.11E+02 0.00E+00 6.88E+01  0.200791  0.318365 5.11E+02 0.00E+00 6.87E+01  0.200540  0.318377  0.0000000E+00  0.0000000E+00  1.8386599E-04  2.5585451E+00  1.3459744E-01  3.5387844E-05 -8.4383547E-01  2.4308161E-01  3.6738468E-01 0.000 0.519 1.000 1.000 1.000 1.000 1.000 1.000 1.000 1.000 1.000 1.000 1.000 1.000 1.000 1.000 1.000 1.000 1.000 1.000 1.000 1.000 1.000 1.000 1.000 1.000 1.000 1.000 1.000 1.000 1.000 1.000 1.000 1.000 1.000 1.000 1.000 1.000 1.000 1.000  1.6412736004E-01   0.19097   1.00000   0.00000   0.00000   0.1216270E-02
  4497  4.299357522190902E+06  38.395502  5.701851  4.549294  0.5816654E+00  0.4045950E+00  3.4061180E-06  2.3244378E-04  2.3493866E-05  8.0703357E-03  1.1117211E-03  1.7370463E-06  9.5459456E-07  2.0705303E-03  1.4150187E-05  0.5169    4.549294  -5.588  0.579300  7.670458  0.1363989E+00  0.8499515E+00  4.3982320E-10  9.3021018E-05  2.5602876E-05  9.0938092E-03  1.2772564E-04  1.9368776E-07  3.5540096E-10  1.9958329E-03  4.4900853E-06  2.639E-11  1.395E-17  2.476E+10  1.161E+12  5.894E+00  1.254E+06  0.19986567  5.194E-06  5.226E-06  9.940E-01  1.531E-06  4.196E-06  1.008E+00  428   21.7614  9.35E-03 3.0809E+00 4.5871E+00    5.10E+02 0.00E+00 6.84E+01  0.200074  0.318707 5.10E+02 0.00E+00 6.83E+01  0.199866  0.318723  0.0000000E+00  0.0000000E+00  1.8327643E-04  2.5607242E+00  1.3348218E-01  3.4759065E-05 -8.4336311E-01  2.4277027E-01  3.6750399E-01 0.000 0.518 1.000 1.000 1.000 1.000 1.000 1.000 1.000 1.000 1.000 1.000 1.000 1.000 1.000 1.000 1.000 1.000 1.000 1.000 1.000 1.000 1.000 1.000 1.000 1.000 1.000 1.000 1.000 1.000 1.000 1.000 1.000 1.000 1.000 1.000 1.000 1.000 1.000 1.000  1.6284263785E-01   0.18944   1.00000   0.00000   0.00000   0.1203232E-02
  4504  4.303526020817588E+06  38.384741  5.702253  4.548566  0.5816132E+00  0.4046472E+00  3.4050157E-06  2.3236555E-04  2.3496038E-05  8.0707867E-03  1.1113084E-03  1.7364560E-06  9.5414558E-07  2.0705220E-03  1.4144628E-05  0.5163    4.548566  -5.588  0.580090  7.670720  0.1352956E+00  0.8510548E+00  4.3135579E-10  9.3091596E-05  2.5622610E-05  9.0937889E-03  1.2763087E-04  1.9333103E-07  3.5509315E-10  1.9956243E-03  4.5088544E-06  2.611E-11  1.379E-17  2.458E+10  1.149E+12  5.850E+00  1.241E+06  0.19913484  5.144E-06  5.178E-06  9.941E-01  1.525E-06  4.181E-06  1.008E+00  429   21.7614  9.35E-03 3.0492E+00 4.5402E+00    5.09E+02 0.00E+00 6.80E+01  0.199390  0.319085 5.09E+02 0.00E+00 6.79E+01  0.199135  0.319097  0.0000000E+00  0.0000000E+00  1.8276216E-04  2.5629449E+00  1.3236817E-01  3.4156327E-05 -8.4289369E-01  2.4245888E-01  3.6762430E-01 0.000 0.518 1.000 1.000 1.000 1.000 1.000 1.000 1.000 1.000 1.000 1.000 1.000 1.000 1.000 1.000 1.000 1.000 1.000 1.000 1.000 1.000 1.000 1.000 1.000 1.000 1.000 1.000 1.000 1.000 1.000 1.000 1.000 1.000 1.000 1.000 1.000 1.000 1.000 1.000  1.6156165418E-01   0.18791   1.00000   0.00000   0.00000   0.1189404E-02
  4511  4.307694519444274E+06  38.373992  5.702614  4.547899  0.5815613E+00  0.4046991E+00  3.4039204E-06  2.3228780E-04  2.3498199E-05  8.0712349E-03  1.1108982E-03  1.7358692E-06  9.5369936E-07  2.0705137E-03  1.4139103E-05  0.5158    4.547899  -5.589  0.580861  7.670984  0.1341927E+00  0.8521577E+00  4.2336602E-10  9.3161396E-05  2.5642155E-05  9.0937700E-03  1.2753564E-04  1.9297822E-07  3.5478407E-10  1.9954155E-03  4.5277590E-06  2.579E-11  1.361E-17  2.442E+10  1.138E+12  5.811E+00  1.229E+06  0.19840312  5.097E-06  5.131E-06  9.941E-01  1.520E-06  4.165E-06  1.008E+00  429   21.7261  9.35E-03 3.0184E+00 4.4946E+00    5.08E+02 0.00E+00 6.76E+01  0.198657  0.319429 5.08E+02 0.00E+00 6.75E+01  0.198403  0.319441  0.0000000E+00  0.0000000E+00  1.8216823E-04  2.5647919E+00  1.3126299E-01  3.3568835E-05 -8.4245205E-01  2.4215606E-01  3.6775836E-01 0.000 0.518 1.000 1.000 1.000 1.000 1.000 1.000 1.000 1.000 1.000 1.000 1.000 1.000 1.000 1.000 1.000 1.000 1.000 1.000 1.000 1.000 1.000 1.000 1.000 1.000 1.000 1.000 1.000 1.000 1.000 1.000 1.000 1.000 1.000 1.000 1.000 1.000 1.000 1.000  1.6028461075E-01   0.18638   1.00000   0.00000   0.00000   0.1176827E-02
  4518  4.311863018070959E+06  38.363254  5.702965  4.547240  0.5815096E+00  0.4047509E+00  3.4028304E-06  2.3221040E-04  2.3500351E-05  8.0716810E-03  1.1104898E-03  1.7352850E-06  9.5325519E-07  2.0705055E-03  1.4133603E-05  0.5154    4.547240  -5.589  0.581634  7.671248  0.1330889E+00  0.8532615E+00  4.1511304E-10  9.3231986E-05  2.5661868E-05  9.0937506E-03  1.2743986E-04  1.9262463E-07  3.5447600E-10  1.9952062E-03  4.5468202E-06  2.579E-11  1.361E-17  2.424E+10  1.126E+12  5.768E+00  1.216E+06  0.19764334  5.051E-06  5.085E-06  9.941E-01  1.514E-06  4.150E-06  1.008E+00  429   21.7261  9.35E-03 2.9882E+00 4.4499E+00    5.07E+02 0.00E+00 6.73E+01  0.197899  0.319765 5.07E+02 0.00E+00 6.72E+01  0.197643  0.319778  0.0000000E+00  0.0000000E+00  1.8154069E-04  2.5666234E+00  1.3016476E-01  3.2990374E-05 -8.4201335E-01  2.4185414E-01  3.6789401E-01 0.000 0.517 0.701 0.704 0.707 0.710 0.716 0.723 1.000 1.000 1.000 1.000 1.000 1.000 1.000 1.000 1.000 1.000 1.000 1.000 1.000 1.000 1.000 1.000 1.000 1.000 1.000 1.000 1.000 1.000 1.000 1.000 1.000 1.000 1.000 1.000 1.000 1.000 1.000 1.000  1.5901186784E-01   0.18485   1.00000   0.00000   0.00000   0.1164530E-02
  4525  4.316031516697645E+06  38.352530  5.703360  4.546498  0.5814578E+00  0.4048028E+00  3.4017375E-06  2.3213278E-04  2.3502512E-05  8.0721285E-03  1.1100803E-03  1.7346992E-06  9.5280978E-07  2.0704972E-03  1.4128089E-05  0.5151    4.546498  -5.590  0.582481  7.671521  0.1319796E+00  0.8543708E+00  4.0587537E-10  9.3305166E-05  2.5682160E-05  9.0937284E-03  1.2734306E-04  1.9226585E-07  3.5416792E-10  1.9949957E-03  4.5661757E-06  2.542E-11  1.340E-17  2.401E+10  1.111E+12  5.715E+00  1.200E+06  0.19691569  5.002E-06  5.040E-06  9.942E-01  1.508E-06  4.134E-06  1.008E+00  437   21.7261  9.35E-03 2.9579E+00 4.4051E+00    5.06E+02 0.00E+00 6.69E+01  0.197181  0.320135 5.06E+02 0.00E+00 6.68E+01  0.196916  0.320148  0.0000000E+00  0.0000000E+00  1.8095089E-04  2.5690830E+00  1.2906982E-01  3.2391924E-05 -8.4153614E-01  2.4153913E-01  3.6801391E-01 0.000 0.517 0.673 0.673 0.687 0.690 0.694 0.697 0.708 0.712 1.000 1.000 1.000 1.000 1.000 1.000 1.000 1.000 1.000 1.000 1.000 1.000 1.000 1.000 1.000 1.000 1.000 1.000 1.000 1.000 1.000 1.000 1.000 1.000 1.000 1.000 1.000 1.000 1.000 1.000  1.5774350828E-01   0.18331   1.00000   0.00000   0.00000   0.1151074E-02
  4532  4.320200015324331E+06  38.341821  5.703756  4.545783  0.5814063E+00  0.4048543E+00  3.4006534E-06  2.3205576E-04  2.3504658E-05  8.0725725E-03  1.1096740E-03  1.7341178E-06  9.5236780E-07  2.0704890E-03  1.4122617E-05  0.5146    4.545783  -5.590  0.583286  7.671792  0.1308693E+00  0.8554810E+00  3.9818256E-10  9.3377106E-05  2.5702314E-05  9.0937083E-03  1.2724563E-04  1.9190649E-07  3.5385232E-10  1.9947848E-03  4.5857394E-06  2.512E-11  1.323E-17  2.385E+10  1.100E+12  5.677E+00  1.188E+06  0.19622745  4.956E-06  4.993E-06  9.942E-01  1.503E-06  4.119E-06  1.008E+00  437   21.6909  9.35E-03 2.9269E+00 4.3592E+00    5.05E+02 0.00E+00 6.65E+01  0.196486  0.320506 5.05E+02 0.00E+00 6.64E+01  0.196227  0.320520  0.0000000E+00  0.0000000E+00  1.8039159E-04  2.5711695E+00  1.2797355E-01  3.1822489E-05 -8.4108853E-01  2.4123367E-01  3.6814557E-01 0.000 0.517 0.674 0.685 0.689 0.693 0.696 0.698 1.000 1.000 1.000 1.000 1.000 1.000 1.000 1.000 1.000 1.000 1.000 1.000 1.000 1.000 1.000 1.000 1.000 1.000 1.000 1.000 1.000 1.000 1.000 1.000 1.000 1.000 1.000 1.000 1.000 1.000 1.000 1.000  1.5647894328E-01   0.18176   1.00000   0.00000   0.00000   0.1137920E-02
  4539  4.324368513951017E+06  38.331124  5.704107  4.545118  0.5813547E+00  0.4049059E+00  3.3995685E-06  2.3197866E-04  2.3506809E-05  8.0730169E-03  1.1092672E-03  1.7335359E-06  9.5192541E-07  2.0704808E-03  1.4117140E-05  0.5142    4.545118  -5.591  0.584082  7.672063  0.1297588E+00  0.8565916E+00  3.9043475E-10  9.3449588E-05  2.5722593E-05  9.0936879E-03  1.2714767E-04  1.9154541E-07  3.5353564E-10  1.9945736E-03  4.6054780E-06  2.512E-11  1.323E-17  2.368E+10  1.089E+12  5.637E+00  1.176E+06  0.19548037  4.911E-06  4.946E-06  9.943E-01  1.497E-06  4.103E-06  1.008E+00  439   21.6909  9.35E-03 2.8965E+00 4.3142E+00    5.04E+02 0.00E+00 6.61E+01  0.195764  0.320844 5.04E+02 0.00E+00 6.60E+01  0.195480  0.320858  0.0000000E+00  0.0000000E+00  1.7978051E-04  2.5730480E+00  1.2688349E-01  3.1263949E-05 -8.4065492E-01  2.4093243E-01  3.6828498E-01 0.000 0.517 0.669 0.678 0.681 0.685 1.000 1.000 1.000 1.000 1.000 1.000 1.000 1.000 1.000 1.000 1.000 1.000 1.000 1.000 1.000 1.000 1.000 1.000 1.000 1.000 1.000 1.000 1.000 1.000 1.000 1.000 1.000 1.000 1.000 1.000 1.000 1.000 1.000 1.000  1.5521876230E-01   0.18022   1.00000   0.00000   0.00000   0.1126059E-02
  4546  4.328537012577702E+06  38.320440  5.704446  4.544440  0.5813035E+00  0.4049571E+00  3.3984915E-06  2.3190210E-04  2.3508945E-05  8.0734582E-03  1.1088633E-03  1.7329580E-06  9.5148616E-07  2.0704726E-03  1.4111703E-05  0.5141    4.544440  -5.592  0.584920  7.672340  0.1286452E+00  0.8577052E+00  3.8135879E-10  9.3524332E-05  2.5743278E-05  9.0936652E-03  1.2704891E-04  1.9118057E-07  3.5322174E-10  1.9943615E-03  4.6254441E-06  2.473E-11  1.301E-17  2.347E+10  1.075E+12  5.586E+00  1.161E+06  0.19467368  4.864E-06  4.903E-06  9.943E-01  1.492E-06  4.088E-06  1.008E+00  436   21.6909  9.35E-03 2.8679E+00 4.2718E+00    5.03E+02 0.00E+00 6.57E+01  0.194950  0.321176 5.03E+02 0.00E+00 6.56E+01  0.194674  0.321188  0.0000000E+00  0.0000000E+00  1.7907400E-04  2.5751720E+00  1.2580313E-01  3.0712558E-05 -8.4020632E-01  2.4062630E-01  3.6841826E-01 0.000 0.515 0.668 0.672 0.675 0.676 1.000 1.000 1.000 1.000 1.000 1.000 1.000 1.000 1.000 1.000 1.000 1.000 1.000 1.000 1.000 1.000 1.000 1.000 1.000 1.000 1.000 1.000 1.000 1.000 1.000 1.000 1.000 1.000 1.000 1.000 1.000 1.000 1.000 1.000  1.5396321285E-01   0.17867   1.00000   0.00000   0.00000   0.1114428E-02
  4552  4.332110011400576E+06  38.311296  5.704799  4.543788  0.5812597E+00  0.4050010E+00  3.3975709E-06  2.3183664E-04  2.3510774E-05  8.0738355E-03  1.1085180E-03  1.7324640E-06  9.5111060E-07  2.0704656E-03  1.4107054E-05  0.5135    4.543788  -5.592  0.585645  7.672579  0.1276886E+00  0.8586617E+00  3.7471716E-10  9.3588495E-05  2.5761221E-05  9.0936459E-03  1.2696363E-04  1.9086556E-07  3.5294600E-10  1.9941792E-03  4.6427788E-06  2.444E-11  1.284E-17  2.330E+10  1.064E+12  5.546E+00  1.149E+06  0.19411481  4.824E-06  4.859E-06  9.944E-01  1.487E-06  4.075E-06  1.007E+00  433   21.6909  9.35E-03 2.8393E+00 4.2294E+00    5.02E+02 0.00E+00 6.54E+01  0.194407  0.321504 5.02E+02 0.00E+00 6.53E+01  0.194115  0.321516  0.0000000E+00  0.0000000E+00  1.7861430E-04  2.5772850E+00  1.2486772E-01  3.0233377E-05 -8.3980860E-01  2.4035826E-01  3.6852810E-01 0.000 0.515 1.000 1.000 1.000 1.000 1.000 1.000 1.000 1.000 1.000 1.000 1.000 1.000 1.000 1.000 1.000 1.000 1.000 1.000 1.000 1.000 1.000 1.000 1.000 1.000 1.000 1.000 1.000 1.000 1.000 1.000 1.000 1.000 1.000 1.000 1.000 1.000 1.000 1.000  1.5289058614E-01   0.17735   1.00000   0.00000   0.00000   0.1103134E-02
  4559  4.336278510027261E+06  38.300641  5.705188  4.543078  0.5812086E+00  0.4050522E+00  3.3964968E-06  2.3176024E-04  2.3512910E-05  8.0742758E-03  1.1081150E-03  1.7318873E-06  9.5067236E-07  2.0704575E-03  1.4101629E-05  0.5130    4.543078  -5.593  0.586475  7.672860  0.1265704E+00  0.8597799E+00  3.6734520E-10  9.3663268E-05  2.5782168E-05  9.0936242E-03  1.2686340E-04  1.9049684E-07  3.5262044E-10  1.9939657E-03  4.6632424E-06  2.444E-11  1.284E-17  2.314E+10  1.053E+12  5.507E+00  1.137E+06  0.19339112  4.779E-06  4.813E-06  9.944E-01  1.482E-06  4.060E-06  1.007E+00  432   21.6555  9.35E-03 2.8092E+00 4.1849E+00    5.01E+02 0.00E+00 6.50E+01  0.193648  0.321871 5.01E+02 0.00E+00 6.49E+01  0.193391  0.321883  0.0000000E+00  0.0000000E+00  1.7797111E-04  2.5793818E+00  1.2378823E-01  2.9674887E-05 -8.3937334E-01  2.4005463E-01  3.6866909E-01 0.000 0.515 1.000 1.000 1.000 1.000 1.000 1.000 1.000 1.000 1.000 1.000 1.000 1.000 1.000 1.000 1.000 1.000 1.000 1.000 1.000 1.000 1.000 1.000 1.000 1.000 1.000 1.000 1.000 1.000 1.000 1.000 1.000 1.000 1.000 1.000 1.000 1.000 1.000 1.000  1.5164284337E-01   0.17579   1.00000   0.00000   0.00000   0.1090843E-02
  4566  4.340447008653947E+06  38.290000  5.705547  4.542397  0.5811576E+00  0.4051031E+00  3.3954278E-06  2.3168419E-04  2.3515038E-05  8.0747142E-03  1.1077138E-03  1.7313133E-06  9.5023609E-07  2.0704494E-03  1.4096229E-05  0.5125    4.542397  -5.593  0.587303  7.673141  0.1254518E+00  0.8608985E+00  3.5979830E-10  9.3738155E-05  2.5803094E-05  9.0936028E-03  1.2676257E-04  1.9013214E-07  3.5229627E-10  1.9937520E-03  4.6839203E-06  2.407E-11  1.263E-17  2.297E+10  1.041E+12  5.466E+00  1.124E+06  0.19263174  4.734E-06  4.768E-06  9.944E-01  1.476E-06  4.044E-06  1.007E+00  431   21.6555  9.35E-03 2.7796E+00 4.1410E+00    5.00E+02 0.00E+00 6.46E+01  0.192914  0.322217 5.00E+02 0.00E+00 6.45E+01  0.192632  0.322229  0.0000000E+00  0.0000000E+00  1.7733544E-04  2.5813398E+00  1.2271558E-01  2.9144342E-05 -8.3894936E-01  2.3975428E-01  3.6881598E-01 0.000 0.514 1.000 1.000 1.000 1.000 1.000 1.000 1.000 1.000 1.000 1.000 1.000 1.000 1.000 1.000 1.000 1.000 1.000 1.000 1.000 1.000 1.000 1.000 1.000 1.000 1.000 1.000 1.000 1.000 1.000 1.000 1.000 1.000 1.000 1.000 1.000 1.000 1.000 1.000  1.5039971789E-01   0.17424   1.00000   0.00000   0.00000   0.1079201E-02
  4573  4.344615507280633E+06  38.279375  5.705912  4.541674  0.5811068E+00  0.4051540E+00  3.3943626E-06  2.3160839E-04  2.3517160E-05  8.0751511E-03  1.1073140E-03  1.7307411E-06  9.4980129E-07  2.0704413E-03  1.4090848E-05  0.5123    4.541674  -5.594  0.588177  7.673429  0.1243316E+00  0.8620187E+00  3.5230308E-10  9.3814096E-05  2.5824312E-05  9.0935805E-03  1.2666101E-04  1.8976557E-07  3.5197110E-10  1.9935376E-03  4.7048626E-06  2.374E-11  1.245E-17  2.278E+10  1.029E+12  5.423E+00  1.112E+06  0.19184883  4.687E-06  4.723E-06  9.945E-01  1.471E-06  4.029E-06  1.007E+00  433   21.6555  9.35E-03 2.7499E+00 4.0971E+00    4.99E+02 0.00E+00 6.42E+01  0.192117  0.322573 4.99E+02 0.00E+00 6.42E+01  0.191849  0.322579  0.0000000E+00  0.0000000E+00  1.7663789E-04  2.5836178E+00  1.2165018E-01  2.8618676E-05 -8.3850599E-01  2.3944767E-01  3.6895470E-01 0.000 0.514 1.000 1.000 1.000 1.000 1.000 1.000 1.000 1.000 1.000 1.000 1.000 1.000 1.000 1.000 1.000 1.000 1.000 1.000 1.000 1.000 1.000 1.000 1.000 1.000 1.000 1.000 1.000 1.000 1.000 1.000 1.000 1.000 1.000 1.000 1.000 1.000 1.000 1.000  1.4916129803E-01   0.17268   1.00000   0.00000   0.00000   0.1067256E-02
  4579  4.348188506103506E+06  38.270282  5.706270  4.541015  0.5810634E+00  0.4051974E+00  3.3934525E-06  2.3154360E-04  2.3518976E-05  8.0755245E-03  1.1069722E-03  1.7302521E-06  9.4942968E-07  2.0704343E-03  1.4086248E-05  0.5118    4.541015  -5.595  0.588935  7.673677  0.1233662E+00  0.8629841E+00  3.4494856E-10  9.3881256E-05  2.5842921E-05  9.0935595E-03  1.2657296E-04  1.8944715E-07  3.5169278E-10  1.9933527E-03  4.7231326E-06  2.374E-11  1.245E-17  2.259E+10  1.016E+12  5.376E+00  1.097E+06  0.19130257  4.649E-06  4.683E-06  9.945E-01  1.466E-06  4.016E-06  1.007E+00  433   21.6202  9.35E-03 2.7241E+00 4.0587E+00    4.98E+02 0.00E+00 6.39E+01  0.191518  0.322901 4.98E+02 0.00E+00 6.38E+01  0.191303  0.322913  0.0000000E+00  0.0000000E+00  1.7609813E-04  2.5858757E+00  1.2072769E-01  2.8162312E-05 -8.3811083E-01  2.3917948E-01  3.6906691E-01 0.000 0.513 1.000 1.000 1.000 1.000 1.000 1.000 1.000 1.000 1.000 1.000 1.000 1.000 1.000 1.000 1.000 1.000 1.000 1.000 1.000 1.000 1.000 1.000 1.000 1.000 1.000 1.000 1.000 1.000 1.000 1.000 1.000 1.000 1.000 1.000 1.000 1.000 1.000 1.000  1.4810342408E-01   0.17134   1.00000   0.00000   0.00000   0.1056358E-02
  4586  4.352357004730192E+06  38.259688  5.706652  4.540302  0.5810131E+00  0.4052478E+00  3.3923986E-06  2.3146857E-04  2.3521080E-05  8.0759570E-03  1.1065764E-03  1.7296857E-06  9.4899931E-07  2.0704263E-03  1.4080922E-05  0.5113    4.540302  -5.595  0.589794  7.673967  0.1222401E+00  0.8641102E+00  3.3785932E-10  9.3958404E-05  2.5864519E-05  9.0935369E-03  1.2646969E-04  1.8907501E-07  3.5136063E-10  1.9931367E-03  4.7446684E-06  2.345E-11  1.228E-17  2.242E+10  1.005E+12  5.337E+00  1.086E+06  0.19052996  4.604E-06  4.638E-06  9.946E-01  1.461E-06  4.001E-06  1.007E+00  433   21.6202  9.35E-03 2.6948E+00 4.0154E+00    4.97E+02 0.00E+00 6.35E+01  0.190788  0.323264 4.97E+02 0.00E+00 6.35E+01  0.190530  0.323277  0.0000000E+00  0.0000000E+00  1.7545725E-04  2.5879938E+00  1.1967170E-01  2.7652526E-05 -8.3768781E-01  2.3887805E-01  3.6921587E-01 0.000 0.514 1.000 1.000 1.000 1.000 1.000 1.000 1.000 1.000 1.000 1.000 1.000 1.000 1.000 1.000 1.000 1.000 1.000 1.000 1.000 1.000 1.000 1.000 1.000 1.000 1.000 1.000 1.000 1.000 1.000 1.000 1.000 1.000 1.000 1.000 1.000 1.000 1.000 1.000  1.4687314958E-01   0.16978   1.00000   0.00000   0.00000   0.1044504E-02
  4593  4.356525503356878E+06  38.249110  5.707014  4.539610  0.5809629E+00  0.4052980E+00  3.3913487E-06  2.3139379E-04  2.3523179E-05  8.0763879E-03  1.1061820E-03  1.7291212E-06  9.4857047E-07  2.0704183E-03  1.4075615E-05  0.5108    4.539610  -5.596  0.590653  7.674259  0.1211134E+00  0.8652369E+00  3.3055818E-10  9.4036476E-05  2.5886318E-05  9.0935136E-03  1.2636575E-04  1.8870053E-07  3.5102757E-10  1.9929204E-03  4.7664521E-06  2.306E-11  1.206E-17  2.225E+10  9.932E+11  5.295E+00  1.073E+06  0.18974905  4.559E-06  4.594E-06  9.946E-01  1.455E-06  3.986E-06  1.007E+00  436   21.6202  9.35E-03 2.6658E+00 3.9725E+00    4.96E+02 0.00E+00 6.32E+01  0.190006  0.323612 4.96E+02 0.00E+00 6.31E+01  0.189749  0.323625  0.0000000E+00  0.0000000E+00  1.7475252E-04  2.5900217E+00  1.1861588E-01  2.7148761E-05 -8.3727295E-01  2.3857892E-01  3.6936933E-01 0.000 0.513 1.000 1.000 1.000 1.000 1.000 1.000 1.000 1.000 1.000 1.000 1.000 1.000 1.000 1.000 1.000 1.000 1.000 1.000 1.000 1.000 1.000 1.000 1.000 1.000 1.000 1.000 1.000 1.000 1.000 1.000 1.000 1.000 1.000 1.000 1.000 1.000 1.000 1.000  1.4564773713E-01   0.16821   1.00000   0.00000   0.00000   0.1033176E-02
  4600  4.360694001983563E+06  38.238549  5.707398  4.538858  0.5809130E+00  0.4053479E+00  3.3903053E-06  2.3131947E-04  2.3525267E-05  8.0768163E-03  1.1057899E-03  1.7285602E-06  9.4814422E-07  2.0704104E-03  1.4070340E-05  0.5106    4.538858  -5.597  0.591575  7.674559  0.1199837E+00  0.8663666E+00  3.2247686E-10  9.4116811E-05  2.5908595E-05  9.0934880E-03  1.2626089E-04  1.8832163E-07  3.5069453E-10  1.9927032E-03  4.7885735E-06  2.306E-11  1.206E-17  2.203E+10  9.788E+11  5.242E+00  1.057E+06  0.18898262  4.513E-06  4.551E-06  9.947E-01  1.450E-06  3.971E-06  1.007E+00  439   21.5847  9.35E-03 2.6371E+00 3.9300E+00    4.95E+02 0.00E+00 6.28E+01  0.189253  0.323979 4.95E+02 0.00E+00 6.27E+01  0.188983  0.323991  0.0000000E+00  0.0000000E+00  1.7406940E-04  2.5925893E+00  1.1756749E-01  2.6631542E-05 -8.3682507E-01  2.3826916E-01  3.6950863E-01 0.000 0.512 0.699 0.702 0.707 0.708 0.711 0.715 1.000 1.000 1.000 1.000 1.000 1.000 1.000 1.000 1.000 1.000 1.000 1.000 1.000 1.000 1.000 1.000 1.000 1.000 1.000 1.000 1.000 1.000 1.000 1.000 1.000 1.000 1.000 1.000 1.000 1.000 1.000 1.000  1.4442725330E-01   0.16664   1.00000   0.00000   0.00000   0.1021238E-02
  4606  4.364267000806437E+06  38.229512  5.707761  4.538188  0.5808706E+00  0.4053904E+00  3.3894175E-06  2.3125621E-04  2.3527045E-05  8.0771808E-03  1.1054563E-03  1.7280826E-06  9.4778146E-07  2.0704036E-03  1.4065850E-05  0.5101    4.538188  -5.597  0.592352  7.674815  0.1190117E+00  0.8673385E+00  3.1651186E-10  9.4185481E-05  2.5927816E-05  9.0934669E-03  1.2617014E-04  1.8799475E-07  3.5040230E-10  1.9925161E-03  4.8078296E-06  2.276E-11  1.189E-17  2.188E+10  9.691E+11  5.207E+00  1.047E+06  0.18839021  4.475E-06  4.513E-06  9.947E-01  1.446E-06  3.958E-06  1.007E+00  440   21.5847  9.35E-03 2.6123E+00 3.8932E+00    4.94E+02 0.00E+00 6.25E+01  0.188651  0.324317 4.94E+02 0.00E+00 6.24E+01  0.188390  0.324329  0.0000000E+00  0.0000000E+00  1.7352397E-04  2.5947876E+00  1.1666858E-01  2.6203915E-05 -8.3644638E-01  2.3800552E-01  3.6962872E-01 0.000 0.512 0.673 0.675 0.680 0.685 0.694 0.697 0.699 0.702 1.000 1.000 1.000 1.000 1.000 1.000 1.000 1.000 1.000 1.000 1.000 1.000 1.000 1.000 1.000 1.000 1.000 1.000 1.000 1.000 1.000 1.000 1.000 1.000 1.000 1.000 1.000 1.000 1.000 1.000  1.4338471170E-01   0.16529   1.00000   0.00000   0.00000   0.1010492E-02
  4613  4.368435499433123E+06  38.218985  5.708135  4.537479  0.5808212E+00  0.4054398E+00  3.3883869E-06  2.3118275E-04  2.3529111E-05  8.0776042E-03  1.1050688E-03  1.7275281E-06  9.4736024E-07  2.0703957E-03  1.4060638E-05  0.5096    4.537479  -5.598  0.593239  7.675115  0.1178778E+00  0.8684724E+00  3.0969112E-10  9.4265944E-05  2.5950331E-05  9.0934423E-03  1.2606365E-04  1.8761131E-07  3.5005901E-10  1.9922975E-03  4.8305440E-06  2.239E-11  1.168E-17  2.171E+10  9.579E+11  5.168E+00  1.035E+06  0.18766143  4.432E-06  4.468E-06  9.947E-01  1.440E-06  3.944E-06  1.007E+00  445   21.5847  9.35E-03 2.5834E+00 3.8503E+00    4.93E+02 0.00E+00 6.21E+01  0.187873  0.324677 4.93E+02 0.00E+00 6.20E+01  0.187661  0.324688  0.0000000E+00  0.0000000E+00  1.7281444E-04  2.5969072E+00  1.1562353E-01  2.5718472E-05 -8.3603658E-01  2.3770679E-01  3.6978592E-01 0.000 0.512 0.670 0.675 0.689 0.690 0.694 0.698 1.000 1.000 1.000 1.000 1.000 1.000 1.000 1.000 1.000 1.000 1.000 1.000 1.000 1.000 1.000 1.000 1.000 1.000 1.000 1.000 1.000 1.000 1.000 1.000 1.000 1.000 1.000 1.000 1.000 1.000 1.000 1.000  1.4217283841E-01   0.16372   1.00000   0.00000   0.00000   0.9991738E-03
  4620  4.372603998059808E+06  38.208475  5.708493  4.536758  0.5807723E+00  0.4054887E+00  3.3873663E-06  2.3111000E-04  2.3531160E-05  8.0780235E-03  1.1046850E-03  1.7269789E-06  9.4694306E-07  2.0703879E-03  1.4055476E-05  0.5096    4.536758  -5.599  0.594163  7.675421  0.1167430E+00  0.8696073E+00  3.0268171E-10  9.4347578E-05  2.5973116E-05  9.0934167E-03  1.2595641E-04  1.8722503E-07  3.4971435E-10  1.9920785E-03  4.8535448E-06  2.239E-11  1.168E-17  2.150E+10  9.438E+11  5.118E+00  1.019E+06  0.18685641  4.388E-06  4.425E-06  9.948E-01  1.435E-06  3.929E-06  1.007E+00  443   21.5492  9.35E-03 2.5550E+00 3.8082E+00    4.92E+02 0.00E+00 6.17E+01  0.187127  0.325026 4.92E+02 0.00E+00 6.16E+01  0.186856  0.325035  0.0000000E+00  0.0000000E+00  1.7211424E-04  2.5990807E+00  1.1459250E-01  2.5243466E-05 -8.3562667E-01  2.3740737E-01  3.6994441E-01 0.000 0.511 0.670 0.672 0.677 0.683 1.000 1.000 1.000 1.000 1.000 1.000 1.000 1.000 1.000 1.000 1.000 1.000 1.000 1.000 1.000 1.000 1.000 1.000 1.000 1.000 1.000 1.000 1.000 1.000 1.000 1.000 1.000 1.000 1.000 1.000 1.000 1.000 1.000 1.000  1.4096586487E-01   0.16214   1.00000   0.00000   0.00000   0.9879717E-03
  4626  4.376176996882682E+06  38.199482  5.708837  4.536081  0.5807305E+00  0.4055305E+00  3.3864942E-06  2.3104780E-04  2.3532912E-05  8.0783819E-03  1.1043570E-03  1.7265094E-06  9.4658647E-07  2.0703813E-03  1.4051063E-05  0.5089    4.536081  -5.599  0.594964  7.675685  0.1157668E+00  0.8705834E+00  2.9590317E-10  9.4419619E-05  2.5993074E-05  9.0933927E-03  1.2586360E-04  1.8689005E-07  3.4941914E-10  1.9918898E-03  4.8735859E-06  2.206E-11  1.149E-17  2.134E+10  9.331E+11  5.079E+00  1.008E+06  0.18618007  4.348E-06  4.388E-06  9.948E-01  1.430E-06  3.916E-06  1.007E+00  444   21.5492  9.35E-03 2.5311E+00 3.7728E+00    4.91E+02 0.00E+00 6.14E+01  0.186458  0.325345 4.91E+02 0.00E+00 6.13E+01  0.186180  0.325360  0.0000000E+00  0.0000000E+00  1.7146555E-04  2.6014273E+00  1.1370784E-01  2.4833107E-05 -8.3524600E-01  2.3714087E-01  3.7006802E-01 0.000 0.510 0.668 0.672 1.000 1.000 1.000 1.000 1.000 1.000 1.000 1.000 1.000 1.000 1.000 1.000 1.000 1.000 1.000 1.000 1.000 1.000 1.000 1.000 1.000 1.000 1.000 1.000 1.000 1.000 1.000 1.000 1.000 1.000 1.000 1.000 1.000 1.000 1.000 1.000  1.3993543115E-01   0.16079   1.00000   0.00000   0.00000   0.9777088E-03
  4632  4.379749995705555E+06  38.190505  5.709195  4.535399  0.5806886E+00  0.4055725E+00  3.3856204E-06  2.3098548E-04  2.3534669E-05  8.0787410E-03  1.1040283E-03  1.7260389E-06  9.4622915E-07  2.0703746E-03  1.4046642E-05  0.5084    4.535399  -5.600  0.595764  7.675951  0.1147882E+00  0.8715621E+00  2.9027726E-10  9.4490400E-05  2.6012895E-05  9.0933709E-03  1.2577003E-04  1.8655937E-07  3.4911754E-10  1.9917005E-03  4.8939014E-06  2.176E-11  1.132E-17  2.120E+10  9.236E+11  5.045E+00  9.975E+05  0.18565336  4.312E-06  4.348E-06  9.948E-01  1.426E-06  3.903E-06  1.007E+00  439   21.5492  9.35E-03 2.5051E+00 3.7344E+00    4.90E+02 0.00E+00 6.11E+01  0.185914  0.325685 4.90E+02 0.00E+00 6.10E+01  0.185653  0.325697  0.0000000E+00  0.0000000E+00  1.7096219E-04  2.6035701E+00  1.1281427E-01  2.4424312E-05 -8.3488626E-01  2.3688033E-01  3.7020081E-01 0.000 0.510 1.000 1.000 1.000 1.000 1.000 1.000 1.000 1.000 1.000 1.000 1.000 1.000 1.000 1.000 1.000 1.000 1.000 1.000 1.000 1.000 1.000 1.000 1.000 1.000 1.000 1.000 1.000 1.000 1.000 1.000 1.000 1.000 1.000 1.000 1.000 1.000 1.000 1.000  1.3890831865E-01   0.15943   1.00000   0.00000   0.00000   0.9671931E-03
  4639  4.383918494332241E+06  38.180050  5.709573  4.534658  0.5806404E+00  0.4056208E+00  3.3846144E-06  2.3091371E-04  2.3536694E-05  8.0791546E-03  1.1036498E-03  1.7254971E-06  9.4581768E-07  2.0703669E-03  1.4041551E-05  0.5079    4.534658  -5.601  0.596688  7.676263  0.1136464E+00  0.8727038E+00  2.8374331E-10  9.4573316E-05  2.6036088E-05  9.0933456E-03  1.2566019E-04  1.8617392E-07  3.4876643E-10  1.9914793E-03  4.9178875E-06  2.176E-11  1.132E-17  2.103E+10  9.124E+11  5.005E+00  9.854E+05  0.18490914  4.270E-06  4.305E-06  9.949E-01  1.421E-06  3.889E-06  1.007E+00  442   21.5137  9.35E-03 2.4771E+00 3.6929E+00    4.89E+02 0.00E+00 6.07E+01  0.185168  0.326047 4.89E+02 0.00E+00 6.06E+01  0.184909  0.326060  0.0000000E+00  0.0000000E+00  1.7025057E-04  2.6057829E+00  1.1179018E-01  2.3965133E-05 -8.3448712E-01  2.3658293E-01  3.7036547E-01 0.000 0.511 1.000 1.000 1.000 1.000 1.000 1.000 1.000 1.000 1.000 1.000 1.000 1.000 1.000 1.000 1.000 1.000 1.000 1.000 1.000 1.000 1.000 1.000 1.000 1.000 1.000 1.000 1.000 1.000 1.000 1.000 1.000 1.000 1.000 1.000 1.000 1.000 1.000 1.000  1.3771433106E-01   0.15784   1.00000   0.00000   0.00000   0.9559371E-03
  4645  4.387491493155114E+06  38.171105  5.709884  4.534009  0.5805990E+00  0.4056621E+00  3.3837532E-06  2.3085225E-04  2.3538429E-05  8.0795088E-03  1.1033257E-03  1.7250331E-06  9.4546536E-07  2.0703603E-03  1.4037192E-05  0.5077    4.534009  -5.602  0.597525  7.676536  0.1126665E+00  0.8736837E+00  2.7794864E-10  9.4645636E-05  2.6056260E-05  9.0933228E-03  1.2556533E-04  1.8584089E-07  3.4846454E-10  1.9912892E-03  4.9387248E-06  2.137E-11  1.110E-17  2.083E+10  8.993E+11  4.958E+00  9.713E+05  0.18427407  4.233E-06  4.268E-06  9.949E-01  1.416E-06  3.876E-06  1.007E+00  443   21.5137  9.35E-03 2.4531E+00 3.6573E+00    4.88E+02 0.00E+00 6.04E+01  0.184502  0.326352 4.88E+02 0.00E+00 6.03E+01  0.184274  0.326361  0.0000000E+00  0.0000000E+00  1.6960890E-04  2.6078555E+00  1.1091457E-01  2.3572428E-05 -8.3413512E-01  2.3632473E-01  3.7050287E-01 0.000 0.510 1.000 1.000 1.000 1.000 1.000 1.000 1.000 1.000 1.000 1.000 1.000 1.000 1.000 1.000 1.000 1.000 1.000 1.000 1.000 1.000 1.000 1.000 1.000 1.000 1.000 1.000 1.000 1.000 1.000 1.000 1.000 1.000 1.000 1.000 1.000 1.000 1.000 1.000  1.3669506679E-01   0.15648   1.00000   0.00000   0.00000   0.9463431E-03
  4651  4.391064491977988E+06  38.162176  5.710251  4.533291  0.5805577E+00  0.4057035E+00  3.3828935E-06  2.3079090E-04  2.3540162E-05  8.0798623E-03  1.1030021E-03  1.7245699E-06  9.4511364E-07  2.0703537E-03  1.4032840E-05  0.5072    4.533291  -5.603  0.598365  7.676811  0.1116814E+00  0.8746688E+00  2.7155926E-10  9.4719965E-05  2.6076873E-05  9.0932982E-03  1.2546940E-04  1.8550352E-07  3.4816180E-10  1.9910979E-03  4.9599419E-06  2.107E-11  1.093E-17  2.068E+10  8.895E+11  4.922E+00  9.607E+05  0.18366558  4.195E-06  4.231E-06  9.950E-01  1.412E-06  3.863E-06  1.007E+00  441   21.5137  9.35E-03 2.4288E+00 3.6212E+00    4.87E+02 0.00E+00 6.01E+01  0.183938  0.326693 4.87E+02 0.00E+00 6.00E+01  0.183666  0.326705  0.0000000E+00  0.0000000E+00  1.6903985E-04  2.6104314E+00  1.1004481E-01  2.3181350E-05 -8.3375524E-01  2.3605744E-01  3.7062751E-01 0.000 0.509 1.000 1.000 1.000 1.000 1.000 1.000 1.000 1.000 1.000 1.000 1.000 1.000 1.000 1.000 1.000 1.000 1.000 1.000 1.000 1.000 1.000 1.000 1.000 1.000 1.000 1.000 1.000 1.000 1.000 1.000 1.000 1.000 1.000 1.000 1.000 1.000 1.000 1.000  1.3567941760E-01   0.15511   1.00000   0.00000   0.00000   0.9358080E-03
  4657  4.394637490800861E+06  38.153264  5.710600  4.532622  0.5805166E+00  0.4057446E+00  3.3820379E-06  2.3072981E-04  2.3541889E-05  8.0802143E-03  1.1026799E-03  1.7241088E-06  9.4476348E-07  2.0703472E-03  1.4028508E-05  0.5067    4.532622  -5.603  0.599190  7.677087  0.1106963E+00  0.8756539E+00  2.6618050E-10  9.4793471E-05  2.6097444E-05  9.0932750E-03  1.2537289E-04  1.8516508E-07  3.4785253E-10  1.9909063E-03  4.9814113E-06  2.107E-11  1.093E-17  2.054E+10  8.801E+11  4.888E+00  9.505E+05  0.18304839  4.158E-06  4.194E-06  9.950E-01  1.407E-06  3.851E-06  1.007E+00  442   21.4781  9.35E-03 2.4049E+00 3.5858E+00    4.86E+02 0.00E+00 5.97E+01  0.183309  0.327024 4.86E+02 0.00E+00 5.96E+01  0.183048  0.327036  0.0000000E+00  0.0000000E+00  1.6843509E-04  2.6125064E+00  1.0917256E-01  2.2797135E-05 -8.3341339E-01  2.3580136E-01  3.7077011E-01 0.000 0.509 1.000 1.000 1.000 1.000 1.000 1.000 1.000 1.000 1.000 1.000 1.000 1.000 1.000 1.000 1.000 1.000 1.000 1.000 1.000 1.000 1.000 1.000 1.000 1.000 1.000 1.000 1.000 1.000 1.000 1.000 1.000 1.000 1.000 1.000 1.000 1.000 1.000 1.000  1.3466726647E-01   0.15375   1.00000   0.00000   0.00000   0.9258629E-03
  4664  4.398805989427547E+06  38.142885  5.710975  4.531877  0.5804687E+00  0.4057925E+00  3.3810429E-06  2.3065877E-04  2.3543899E-05  8.0806237E-03  1.1023052E-03  1.7235724E-06  9.4435624E-07  2.0703395E-03  1.4023470E-05  0.5061    4.531877  -5.604  0.600148  7.677410  0.1095467E+00  0.8768035E+00  2.5978153E-10  9.4880127E-05  2.6121645E-05  9.0932474E-03  1.2525954E-04  1.8476775E-07  3.4749029E-10  1.9906825E-03  5.0067711E-06  2.070E-11  1.072E-17  2.036E+10  8.684E+11  4.847E+00  9.379E+05  0.18229416  4.116E-06  4.152E-06  9.950E-01  1.402E-06  3.836E-06  1.007E+00  443   21.4781  9.35E-03 2.3775E+00 3.5452E+00    4.85E+02 0.00E+00 5.94E+01  0.182582  0.327385 4.85E+02 0.00E+00 5.93E+01  0.182294  0.327397  0.0000000E+00  0.0000000E+00  1.6771969E-04  2.6147615E+00  1.0816702E-01  2.2362058E-05 -8.3302726E-01  2.3550630E-01  3.7094321E-01 0.000 0.508 1.000 1.000 1.000 1.000 1.000 1.000 1.000 1.000 1.000 1.000 1.000 1.000 1.000 1.000 1.000 1.000 1.000 1.000 1.000 1.000 1.000 1.000 1.000 1.000 1.000 1.000 1.000 1.000 1.000 1.000 1.000 1.000 1.000 1.000 1.000 1.000 1.000 1.000  1.3349119104E-01   0.15215   1.00000   0.00000   0.00000   0.9149529E-03
  4670  4.402378988250420E+06  38.134007  5.711298  4.531223  0.5804278E+00  0.4058335E+00  3.3801926E-06  2.3059804E-04  2.3545618E-05  8.0809737E-03  1.1019849E-03  1.7231139E-06  9.4400815E-07  2.0703330E-03  1.4019164E-05  0.5056    4.531223  -5.605  0.600994  7.677690  0.1085590E+00  0.8777912E+00  2.5376414E-10  9.4956147E-05  2.6142745E-05  9.0932220E-03  1.2516154E-04  1.8442369E-07  3.4717976E-10  1.9904899E-03  5.0288311E-06  2.070E-11  1.072E-17  2.019E+10  8.565E+11  4.804E+00  9.251E+05  0.18164416  4.080E-06  4.116E-06  9.951E-01  1.397E-06  3.824E-06  1.007E+00  443   21.4781  9.35E-03 2.3541E+00 3.5105E+00    4.84E+02 0.00E+00 5.90E+01  0.181931  0.327685 4.84E+02 0.00E+00 5.90E+01  0.181644  0.327709  0.0000000E+00  0.0000000E+00  1.6703898E-04  2.6169876E+00  1.0730831E-01  2.1989492E-05 -8.3267875E-01  2.3524780E-01  3.7108426E-01 0.000 0.507 1.000 1.000 1.000 1.000 1.000 1.000 1.000 1.000 1.000 1.000 1.000 1.000 1.000 1.000 1.000 1.000 1.000 1.000 1.000 1.000 1.000 1.000 1.000 1.000 1.000 1.000 1.000 1.000 1.000 1.000 1.000 1.000 1.000 1.000 1.000 1.000 1.000 1.000  1.3248737271E-01   0.15078   1.00000   0.00000   0.00000   0.9057678E-03
  4676  4.405951987073294E+06  38.125146  5.711668  4.530478  0.5803870E+00  0.4058744E+00  3.3793437E-06  2.3053739E-04  2.3547336E-05  8.0813231E-03  1.1016651E-03  1.7226560E-06  9.4366059E-07  2.0703265E-03  1.4014864E-05  0.5054    4.530478  -5.606  0.601893  7.677978  0.1075672E+00  0.8787830E+00  2.4828113E-10  9.5033116E-05  2.6164226E-05  9.0931961E-03  1.2506250E-04  1.8407592E-07  3.4686313E-10  1.9902963E-03  5.0512807E-06  2.037E-11  1.053E-17  2.002E+10  8.460E+11  4.765E+00  9.137E+05  0.18102265  4.042E-06  4.079E-06  9.951E-01  1.393E-06  3.812E-06  1.007E+00  445   21.4424  9.35E-03 2.3301E+00 3.4749E+00    4.83E+02 0.00E+00 5.87E+01  0.181291  0.328044 4.83E+02 0.00E+00 5.86E+01  0.181023  0.328055  0.0000000E+00  0.0000000E+00  1.6641768E-04  2.6196167E+00  1.0644502E-01  2.1615335E-05 -8.3231094E-01  2.3498263E-01  3.7121657E-01 0.000 0.507 1.000 1.000 1.000 1.000 1.000 1.000 1.000 1.000 1.000 1.000 1.000 1.000 1.000 1.000 1.000 1.000 1.000 1.000 1.000 1.000 1.000 1.000 1.000 1.000 1.000 1.000 1.000 1.000 1.000 1.000 1.000 1.000 1.000 1.000 1.000 1.000 1.000 1.000  1.3148737481E-01   0.14940   1.00000   0.00000   0.00000   0.8954988E-03
  4682  4.409524985896167E+06  38.116303  5.712013  4.529806  0.5803462E+00  0.4059152E+00  3.3784976E-06  2.3047694E-04  2.3549050E-05  8.0816715E-03  1.1013463E-03  1.7221996E-06  9.4331410E-07  2.0703200E-03  1.4010578E-05  0.5049    4.529806  -5.607  0.602748  7.678265  0.1065753E+00  0.8797749E+00  2.4312801E-10  9.5109885E-05  2.6185703E-05  9.0931709E-03  1.2496284E-04  1.8372666E-07  3.4654291E-10  1.9901024E-03  5.0739979E-06  2.000E-11  1.032E-17  1.988E+10  8.365E+11  4.732E+00  9.035E+05  0.18039889  4.007E-06  4.043E-06  9.951E-01  1.389E-06  3.799E-06  1.007E+00  444   21.4424  9.35E-03 2.3068E+00 3.4404E+00    4.83E+02 0.00E+00 5.84E+01  0.180662  0.328372 4.83E+02 0.00E+00 5.83E+01  0.180399  0.328384  0.0000000E+00  0.0000000E+00  1.6579244E-04  2.6217176E+00  1.0559050E-01  2.1252449E-05 -8.3198166E-01  2.3472894E-01  3.7136715E-01 0.000 0.507 1.000 1.000 1.000 1.000 1.000 1.000 1.000 1.000 1.000 1.000 1.000 1.000 1.000 1.000 1.000 1.000 1.000 1.000 1.000 1.000 1.000 1.000 1.000 1.000 1.000 1.000 1.000 1.000 1.000 1.000 1.000 1.000 1.000 1.000 1.000 1.000 1.000 1.000  1.3049097358E-01   0.14802   1.00000   0.00000   0.00000   0.8860995E-03
  4688  4.413097984719041E+06  38.107477  5.712338  4.529151  0.5803055E+00  0.4059559E+00  3.3776538E-06  2.3041663E-04  2.3550760E-05  8.0820189E-03  1.1010283E-03  1.7217443E-06  9.4296849E-07  2.0703135E-03  1.4006303E-05  0.5044    4.529151  -5.608  0.603602  7.678552  0.1055828E+00  0.8807674E+00  2.3783425E-10  9.5187533E-05  2.6207375E-05  9.0931451E-03  1.2486252E-04  1.8337524E-07  3.4622152E-10  1.9899081E-03  5.0969886E-06  2.000E-11  1.032E-17  1.973E+10  8.263E+11  4.695E+00  8.925E+05  0.17974256  3.971E-06  4.008E-06  9.952E-01  1.384E-06  3.787E-06  1.006E+00  443   21.4424  9.35E-03 2.2839E+00 3.4064E+00    4.82E+02 0.00E+00 5.81E+01  0.180006  0.328685 4.82E+02 0.00E+00 5.80E+01  0.179743  0.328698  0.0000000E+00  0.0000000E+00  1.6512948E-04  2.6237046E+00  1.0474254E-01  2.0896439E-05 -8.3166177E-01  2.3447794E-01  3.7152277E-01 0.000 0.506 1.000 1.000 1.000 1.000 1.000 1.000 1.000 1.000 1.000 1.000 1.000 1.000 1.000 1.000 1.000 1.000 1.000 1.000 1.000 1.000 1.000 1.000 1.000 1.000 1.000 1.000 1.000 1.000 1.000 1.000 1.000 1.000 1.000 1.000 1.000 1.000 1.000 1.000  1.2949847796E-01   0.14664   1.00000   0.00000   0.00000   0.8771203E-03
  4694  4.416670983541914E+06  38.098669  5.712678  4.528418  0.5802650E+00  0.4059964E+00  3.3768133E-06  2.3035655E-04  2.3552465E-05  8.0823651E-03  1.1007114E-03  1.7212907E-06  9.4262416E-07  2.0703071E-03  1.4002044E-05  0.5042    4.528418  -5.609  0.604515  7.678848  0.1045883E+00  0.8817619E+00  2.3217292E-10  9.5266211E-05  2.6229234E-05  9.0931186E-03  1.2476134E-04  1.8302645E-07  3.4589973E-10  1.9897132E-03  5.1203291E-06  1.967E-11  1.013E-17  1.955E+10  8.147E+11  4.652E+00  8.799E+05  0.17912401  3.935E-06  3.974E-06  9.952E-01  1.380E-06  3.775E-06  1.006E+00  455   21.4067  9.35E-03 2.2615E+00 3.3731E+00    4.81E+02 0.00E+00 5.78E+01  0.179425  0.329010 4.81E+02 0.00E+00 5.77E+01  0.179124  0.329023  0.0000000E+00  0.0000000E+00  1.6449989E-04  2.6261925E+00  1.0389282E-01  2.0539009E-05 -8.3131222E-01  2.3421806E-01  3.7166435E-01 0.000 0.505 0.693 0.695 0.698 0.699 0.711 0.714 0.716 0.724 0.730 0.734 1.000 1.000 1.000 1.000 1.000 1.000 1.000 1.000 1.000 1.000 1.000 1.000 1.000 1.000 1.000 1.000 1.000 1.000 1.000 1.000 1.000 1.000 1.000 1.000 1.000 1.000 1.000 1.000  1.2851005177E-01   0.14526   1.00000   0.00000   0.00000   0.8675214E-03
  4699  4.419648482560975E+06  38.091345  5.712992  4.527775  0.5802312E+00  0.4060302E+00  3.3761131E-06  2.3030649E-04  2.3553887E-05  8.0826536E-03  1.1004474E-03  1.7209127E-06  9.4233731E-07  2.0703017E-03  1.3998496E-05  0.5036    4.527775  -5.609  0.605274  7.679094  0.1037560E+00  0.8825942E+00  2.2774478E-10  9.5332430E-05  2.6247701E-05  9.0930962E-03  1.2467616E-04  1.8273471E-07  3.4562959E-10  1.9895499E-03  5.1401076E-06  1.967E-11  1.013E-17  1.941E+10  8.059E+11  4.620E+00  8.703E+05  0.17862275  3.904E-06  3.945E-06  9.952E-01  1.376E-06  3.764E-06  1.006E+00  459   21.4067  9.35E-03 2.2426E+00 3.3451E+00    4.80E+02 0.00E+00 5.75E+01  0.178898  0.329305 4.80E+02 0.00E+00 5.74E+01  0.178623  0.329317  0.0000000E+00  0.0000000E+00  1.6394527E-04  2.6283639E+00  1.0318928E-01  2.0242699E-05 -8.3101890E-01  2.3400053E-01  3.7178107E-01 0.000 0.505 0.676 0.677 0.683 0.685 0.691 0.694 0.699 0.706 0.714 0.716 0.720 0.721 1.000 1.000 1.000 1.000 1.000 1.000 1.000 1.000 1.000 1.000 1.000 1.000 1.000 1.000 1.000 1.000 1.000 1.000 1.000 1.000 1.000 1.000 1.000 1.000 1.000 1.000  1.2768926033E-01   0.14411   1.00000   0.00000   0.00000   0.8590448E-03
  4705  4.423221481383849E+06  38.082574  5.713347  4.527065  0.5801908E+00  0.4060707E+00  3.3752751E-06  2.3024656E-04  2.3555589E-05  8.0829988E-03  1.1001314E-03  1.7204603E-06  9.4199391E-07  2.0702952E-03  1.3994249E-05  0.5031    4.527065  -5.610  0.606165  7.679393  0.1027572E+00  0.8835930E+00  2.2281685E-10  9.5411757E-05  2.6269890E-05  9.0930701E-03  1.2457330E-04  1.8238315E-07  3.4530157E-10  1.9893537E-03  5.1641283E-06  1.936E-11  9.957E-18  1.927E+10  7.964E+11  4.587E+00  8.601E+05  0.17800575  3.868E-06  3.911E-06  9.953E-01  1.372E-06  3.752E-06  1.006E+00  464   21.4067  9.35E-03 2.2204E+00 3.3122E+00    4.79E+02 0.00E+00 5.72E+01  0.178276  0.329643 4.79E+02 0.00E+00 5.71E+01  0.178006  0.329653  0.0000000E+00  0.0000000E+00  1.6329828E-04  2.6304580E+00  1.0234315E-01  1.9895896E-05 -8.3070725E-01  2.3375040E-01  3.7194208E-01 0.000 0.506 0.674 0.679 0.681 0.683 0.688 0.695 0.716 0.720 1.000 1.000 1.000 1.000 1.000 1.000 1.000 1.000 1.000 1.000 1.000 1.000 1.000 1.000 1.000 1.000 1.000 1.000 1.000 1.000 1.000 1.000 1.000 1.000 1.000 1.000 1.000 1.000 1.000 1.000  1.2670783348E-01   0.14272   1.00000   0.00000   0.00000   0.8495958E-03
  4711  4.426794480206722E+06  38.073821  5.713670  4.526392  0.5801504E+00  0.4061111E+00  3.3744398E-06  2.3018681E-04  2.3557288E-05  8.0833431E-03  1.0998163E-03  1.7200091E-06  9.4165155E-07  2.0702888E-03  1.3990014E-05  0.5026    4.526392  -5.611  0.607051  7.679692  0.1017579E+00  0.8845922E+00  2.1780189E-10  9.5491799E-05  2.6292238E-05  9.0930436E-03  1.2446975E-04  1.8202953E-07  3.4497217E-10  1.9891571E-03  5.1884517E-06  1.897E-11  9.738E-18  1.913E+10  7.864E+11  4.552E+00  8.493E+05  0.17738335  3.834E-06  3.874E-06  9.953E-01  1.367E-06  3.740E-06  1.006E+00  458   21.3710  9.35E-03 2.1969E+00 3.2773E+00    4.78E+02 0.00E+00 5.69E+01  0.177637  0.329955 4.78E+02 0.00E+00 5.68E+01  0.177383  0.329967  0.0000000E+00  0.0000000E+00  1.6262803E-04  2.6323992E+00  1.0150464E-01  1.9556353E-05 -8.3040507E-01  2.3350294E-01  3.7210879E-01 0.000 0.505 0.670 0.673 0.680 0.682 0.706 0.710 1.000 1.000 1.000 1.000 1.000 1.000 1.000 1.000 1.000 1.000 1.000 1.000 1.000 1.000 1.000 1.000 1.000 1.000 1.000 1.000 1.000 1.000 1.000 1.000 1.000 1.000 1.000 1.000 1.000 1.000 1.000 1.000  1.2573035958E-01   0.14133   1.00000   0.00000   0.00000   0.8407707E-03
  4717  4.430367479029596E+06  38.065088  5.714003  4.525652  0.5801100E+00  0.4061515E+00  3.3736041E-06  2.3012703E-04  2.3558989E-05  8.0836876E-03  1.0995011E-03  1.7195577E-06  9.4130899E-07  2.0702824E-03  1.3985777E-05  0.5023    4.525652  -5.612  0.608004  7.679998  0.1007559E+00  0.8855943E+00  2.1220914E-10  9.5574165E-05  2.6315071E-05  9.0930147E-03  1.2436518E-04  1.8167157E-07  3.4464271E-10  1.9889597E-03  5.2131786E-06  1.897E-11  9.738E-18  1.894E+10  7.742E+11  4.507E+00  8.361E+05  0.17676151  3.799E-06  3.841E-06  9.953E-01  1.363E-06  3.728E-06  1.006E+00  459   21.3710  9.35E-03 2.1752E+00 3.2452E+00    4.77E+02 0.00E+00 5.66E+01  0.177047  0.330274 4.77E+02 0.00E+00 5.65E+01  0.176762  0.330287  0.0000000E+00  0.0000000E+00  1.6197040E-04  2.6350128E+00  1.0066918E-01  1.9216218E-05 -8.3006092E-01  2.3324216E-01  3.7225730E-01 0.000 0.504 0.669 0.674 0.676 0.678 0.700 0.701 1.000 1.000 1.000 1.000 1.000 1.000 1.000 1.000 1.000 1.000 1.000 1.000 1.000 1.000 1.000 1.000 1.000 1.000 1.000 1.000 1.000 1.000 1.000 1.000 1.000 1.000 1.000 1.000 1.000 1.000 1.000 1.000  1.2475684136E-01   0.13994   1.00000   0.00000   0.00000   0.8315112E-03
  4722  4.433344978048657E+06  38.057828  5.714324  4.525002  0.5800765E+00  0.4061850E+00  3.3729106E-06  2.3007741E-04  2.3560401E-05  8.0839735E-03  1.0992394E-03  1.7191831E-06  9.4102469E-07  2.0702770E-03  1.3982261E-05  0.5018    4.525002  -5.613  0.608785  7.680254  0.9991802E-01  0.8864321E+00  2.0817862E-10  9.5642802E-05  2.6334260E-05  9.0929912E-03  1.2427722E-04  1.8137113E-07  3.4436208E-10  1.9887944E-03  5.2341050E-06  1.866E-11  9.561E-18  1.881E+10  7.660E+11  4.478E+00  8.273E+05  0.17633154  3.770E-06  3.808E-06  9.954E-01  1.360E-06  3.717E-06  1.006E+00  452   21.3710  9.35E-03 2.1541E+00 3.2139E+00    4.76E+02 0.00E+00 5.63E+01  0.176623  0.330577 4.76E+02 0.00E+00 5.62E+01  0.176332  0.330587  0.0000000E+00  0.0000000E+00  1.6149645E-04  2.6371657E+00  9.9970606E-02  1.8932571E-05 -8.2978411E-01  2.3302770E-01  3.7238445E-01 0.000 0.504 0.676 0.679 1.000 1.000 1.000 1.000 1.000 1.000 1.000 1.000 1.000 1.000 1.000 1.000 1.000 1.000 1.000 1.000 1.000 1.000 1.000 1.000 1.000 1.000 1.000 1.000 1.000 1.000 1.000 1.000 1.000 1.000 1.000 1.000 1.000 1.000 1.000 1.000  1.2394857226E-01   0.13878   1.00000   0.00000   0.00000   0.8231866E-03
  4728  4.436917976871531E+06  38.049135  5.714672  4.524289  0.5800363E+00  0.4062252E+00  3.3720802E-06  2.3001798E-04  2.3562093E-05  8.0843159E-03  1.0989260E-03  1.7187343E-06  9.4068420E-07  2.0702706E-03  1.3978050E-05  0.5013    4.524289  -5.614  0.609708  7.680562  0.9891248E-01  0.8874376E+00  2.0346707E-10  9.5725530E-05  2.6357396E-05  9.0929630E-03  1.2417099E-04  1.8100843E-07  3.4402246E-10  1.9885958E-03  5.2595172E-06  1.866E-11  9.561E-18  1.867E+10  7.566E+11  4.444E+00  8.171E+05  0.17572566  3.736E-06  3.773E-06  9.954E-01  1.355E-06  3.705E-06  1.006E+00  452   21.3710  9.35E-03 2.1318E+00 3.1807E+00    4.75E+02 0.00E+00 5.60E+01  0.175996  0.330907 4.75E+02 0.00E+00 5.59E+01  0.175726  0.330920  0.0000000E+00  0.0000000E+00  1.6082155E-04  2.6393303E+00  9.9143412E-02  1.8604802E-05 -8.2948189E-01  2.3277921E-01  3.7255195E-01 0.000 0.504 0.671 0.672 1.000 1.000 1.000 1.000 1.000 1.000 1.000 1.000 1.000 1.000 1.000 1.000 1.000 1.000 1.000 1.000 1.000 1.000 1.000 1.000 1.000 1.000 1.000 1.000 1.000 1.000 1.000 1.000 1.000 1.000 1.000 1.000 1.000 1.000 1.000 1.000  1.2298198542E-01   0.13738   1.00000   0.00000   0.00000   0.8140816E-03
  4734  4.440312325753259E+06  38.040894  5.714980  4.523622  0.5799984E+00  0.4062632E+00  3.3712955E-06  2.2996181E-04  2.3563694E-05  8.0846395E-03  1.0986299E-03  1.7183102E-06  9.4036240E-07  2.0702646E-03  1.3974070E-05  0.5009    4.523622  -5.615  0.610518  7.680833  0.9795598E-01  0.8883942E+00  1.9181194E-10  9.6070411E-05  2.6449281E-05  9.0925519E-03  1.2406898E-04  1.7996428E-07  3.4416784E-10  1.9884067E-03  5.2850376E-06  1.765E-11  9.021E-18  1.812E+10  7.199E+11  4.311E+00  7.775E+05  0.17510340  3.703E-06  3.741E-06  9.954E-01  1.351E-06  3.694E-06  1.006E+00  453   21.3351  9.35E-03 2.1107E+00 3.1495E+00    4.74E+02 0.00E+00 5.57E+01  0.175343  0.331206 4.74E+02 0.00E+00 5.56E+01  0.175103  0.331218  0.0000000E+00  0.0000000E+00  1.4410405E-04  2.6416882E+00  9.8358806E-02  1.8294082E-05 -8.2914872E-01  2.3253007E-01  3.7269119E-01 0.000 0.502 1.000 1.000 1.000 1.000 1.000 1.000 1.000 1.000 1.000 1.000 1.000 1.000 1.000 1.000 1.000 1.000 1.000 1.000 1.000 1.000 1.000 1.000 1.000 1.000 1.000 1.000 1.000 1.000 1.000 1.000 1.000 1.000 1.000 1.000 1.000 1.000 1.000 1.000  1.2206762089E-01   0.13605   1.00000   0.00000   0.00000   0.8058746E-03
  4740  4.443528024693844E+06  38.033107  5.715300  4.522902  0.5799623E+00  0.4062993E+00  3.3705503E-06  2.2990845E-04  2.3565215E-05  8.0849469E-03  1.0983485E-03  1.7179073E-06  9.4005673E-07  2.0702588E-03  1.3970290E-05  0.5005    4.522902  -5.616  0.611386  7.681109  0.9704834E-01  0.8893018E+00  1.8723490E-10  9.6210141E-05  2.6491198E-05  9.0924297E-03  1.2397141E-04  1.7935138E-07  3.4355561E-10  1.9882269E-03  5.3103244E-06  1.765E-11  9.021E-18  1.794E+10  7.092E+11  4.271E+00  7.660E+05  0.17456537  3.671E-06  3.709E-06  9.954E-01  1.347E-06  3.683E-06  1.006E+00  452   21.3351  9.35E-03 2.0905E+00 3.1194E+00    4.73E+02 0.00E+00 5.54E+01  0.174813  0.331510 4.73E+02 0.00E+00 5.54E+01  0.174565  0.331522  0.0000000E+00  0.0000000E+00  1.4354481E-04  2.6443721E+00  9.7620289E-02  1.8000390E-05 -8.2882185E-01  2.3228987E-01  3.7281751E-01 0.000 0.502 1.000 1.000 1.000 1.000 1.000 1.000 1.000 1.000 1.000 1.000 1.000 1.000 1.000 1.000 1.000 1.000 1.000 1.000 1.000 1.000 1.000 1.000 1.000 1.000 1.000 1.000 1.000 1.000 1.000 1.000 1.000 1.000 1.000 1.000 1.000 1.000 1.000 1.000  1.2120499267E-01   0.13479   1.00000   0.00000   0.00000   0.7972322E-03
  4746  4.447011698546147E+06  38.024691  5.715680  4.522160  0.5799234E+00  0.4063382E+00  3.3697479E-06  2.2985099E-04  2.3566854E-05  8.0852779E-03  1.0980456E-03  1.7174735E-06  9.3972758E-07  2.0702526E-03  1.3966220E-05  0.5000    4.522160  -5.617  0.612419  7.681449  0.9606198E-01  0.8902881E+00  1.8891320E-10  9.6016252E-05  2.6439524E-05  9.0928041E-03  1.2386515E-04  1.7974798E-07  3.4287941E-10  1.9880314E-03  5.3362323E-06  1.793E-11  9.152E-18  1.817E+10  7.238E+11  4.325E+00  7.817E+05  0.17402901  3.638E-06  3.676E-06  9.955E-01  1.343E-06  3.671E-06  1.006E+00  452   21.3351  9.35E-03 2.0688E+00 3.0873E+00    4.72E+02 0.00E+00 5.52E+01  0.174291  0.331867 4.72E+02 0.00E+00 5.51E+01  0.174029  0.331878  0.0000000E+00  0.0000000E+00  1.5732893E-04  2.6465139E+00  9.6822919E-02  1.7692380E-05 -8.2857238E-01  2.3205879E-01  3.7300191E-01 0.000 0.502 1.000 1.000 1.000 1.000 1.000 1.000 1.000 1.000 1.000 1.000 1.000 1.000 1.000 1.000 1.000 1.000 1.000 1.000 1.000 1.000 1.000 1.000 1.000 1.000 1.000 1.000 1.000 1.000 1.000 1.000 1.000 1.000 1.000 1.000 1.000 1.000 1.000 1.000  1.2027383722E-01   0.13342   1.00000   0.00000   0.00000   0.7878315E-03
  4752  4.450548967380794E+06  38.016166  5.716017  4.521462  0.5798839E+00  0.4063777E+00  3.3689331E-06  2.2979263E-04  2.3568520E-05  8.0856141E-03  1.0977378E-03  1.7170328E-06  9.3939328E-07  2.0702463E-03  1.3962086E-05  0.4994    4.521462  -5.618  0.613377  7.681770  0.9505985E-01  0.8912903E+00  1.8450443E-10  9.6083562E-05  2.6457217E-05  9.0928019E-03  1.2375641E-04  1.7949336E-07  3.4268980E-10  1.9878324E-03  5.3627347E-06  1.754E-11  8.938E-18  1.804E+10  7.146E+11  4.293E+00  7.718E+05  0.17340150  3.604E-06  3.643E-06  9.955E-01  1.339E-06  3.659E-06  1.006E+00  452   21.2992  9.35E-03 2.0473E+00 3.0553E+00    4.72E+02 0.00E+00 5.48E+01  0.173662  0.332189 4.72E+02 0.00E+00 5.48E+01  0.173402  0.332202  0.0000000E+00  0.0000000E+00  1.5664703E-04  2.6486023E+00  9.6016634E-02  1.7384472E-05 -8.2829683E-01  2.3181835E-01  3.7318062E-01 0.000 0.502 1.000 1.000 1.000 1.000 1.000 1.000 1.000 1.000 1.000 1.000 1.000 1.000 1.000 1.000 1.000 1.000 1.000 1.000 1.000 1.000 1.000 1.000 1.000 1.000 1.000 1.000 1.000 1.000 1.000 1.000 1.000 1.000 1.000 1.000 1.000 1.000 1.000 1.000  1.1933222728E-01   0.13203   1.00000   0.00000   0.00000   0.7792209E-03
  4758  4.454086236215441E+06  38.007662  5.716350  4.520747  0.5798446E+00  0.4064171E+00  3.3681209E-06  2.2973445E-04  2.3570182E-05  8.0859493E-03  1.0974311E-03  1.7165935E-06  9.3906002E-07  2.0702400E-03  1.3957965E-05  0.4989    4.520747  -5.620  0.614353  7.682092  0.9405581E-01  0.8922943E+00  1.7951558E-10  9.6169717E-05  2.6481065E-05  9.0927721E-03  1.2364667E-04  1.7913804E-07  3.4236305E-10  1.9876327E-03  5.3896750E-06  1.754E-11  8.938E-18  1.786E+10  7.030E+11  4.251E+00  7.592E+05  0.17278778  3.571E-06  3.610E-06  9.955E-01  1.335E-06  3.648E-06  1.006E+00  457   21.2992  9.35E-03 2.0258E+00 3.0235E+00    4.71E+02 0.00E+00 5.45E+01  0.173071  0.332498 4.71E+02 0.00E+00 5.45E+01  0.172788  0.332522  0.0000000E+00  0.0000000E+00  1.5595393E-04  2.6510236E+00  9.5217512E-02  1.7091207E-05 -8.2799851E-01  2.3157088E-01  3.7334951E-01 0.000 0.500 1.000 1.000 1.000 1.000 1.000 1.000 1.000 1.000 1.000 1.000 1.000 1.000 1.000 1.000 1.000 1.000 1.000 1.000 1.000 1.000 1.000 1.000 1.000 1.000 1.000 1.000 1.000 1.000 1.000 1.000 1.000 1.000 1.000 1.000 1.000 1.000 1.000 1.000  1.1839479287E-01   0.13063   1.00000   0.00000   0.00000   0.7706694E-03
  4763  4.456916051283156E+06  38.000876  5.716645  4.520085  0.5798130E+00  0.4064487E+00  3.3674707E-06  2.2968786E-04  2.3571513E-05  8.0862177E-03  1.0971854E-03  1.7162417E-06  9.3879316E-07  2.0702350E-03  1.3954665E-05  0.4986    4.520085  -5.621  0.615130  7.682338  0.9324909E-01  0.8931011E+00  1.7053265E-10  9.6457457E-05  2.6556223E-05  9.0924341E-03  1.2355768E-04  1.7831210E-07  3.4257790E-10  1.9874720E-03  5.4123801E-06  1.666E-11  8.461E-18  1.740E+10  6.733E+11  4.141E+00  7.272E+05  0.17232349  3.543E-06  3.582E-06  9.956E-01  1.331E-06  3.638E-06  1.006E+00  457   21.2992  9.35E-03 2.0083E+00 2.9975E+00    4.70E+02 0.00E+00 5.43E+01  0.172594  0.332790 4.70E+02 0.00E+00 5.42E+01  0.172323  0.332801  0.0000000E+00  0.0000000E+00  1.3987821E-04  2.6535830E+00  9.4581223E-02  1.6844448E-05 -8.2770464E-01  2.3135648E-01  3.7345983E-01 0.000 0.500 1.000 1.000 1.000 1.000 1.000 1.000 1.000 1.000 1.000 1.000 1.000 1.000 1.000 1.000 1.000 1.000 1.000 1.000 1.000 1.000 1.000 1.000 1.000 1.000 1.000 1.000 1.000 1.000 1.000 1.000 1.000 1.000 1.000 1.000 1.000 1.000 1.000 1.000  1.1764781072E-01   0.12951   1.00000   0.00000   0.00000   0.7630158E-03
  4769  4.460099593234334E+06  37.993260  5.716976  4.519398  0.5797777E+00  0.4064840E+00  3.3667435E-06  2.2963575E-04  2.3573003E-05  8.0865179E-03  1.0969106E-03  1.7158482E-06  9.3849466E-07  2.0702294E-03  1.3950974E-05  0.4981    4.519398  -5.622  0.615973  7.682617  0.9234187E-01  0.8940083E+00  1.6602061E-10  9.6643888E-05  2.6611924E-05  9.0922455E-03  1.2345676E-04  1.7757783E-07  3.4195748E-10  1.9872911E-03  5.4392608E-06  1.666E-11  8.461E-18  1.722E+10  6.617E+11  4.099E+00  7.146E+05  0.17179261  3.513E-06  3.552E-06  9.956E-01  1.327E-06  3.627E-06  1.006E+00  457   21.2633  9.35E-03 1.9891E+00 2.9690E+00    4.69E+02 0.00E+00 5.40E+01  0.172030  0.333104 4.69E+02 0.00E+00 5.39E+01  0.171793  0.333115  0.0000000E+00  0.0000000E+00  1.3931086E-04  2.6559334E+00  9.3864210E-02  1.6573464E-05 -8.2741879E-01  2.3112829E-01  3.7360458E-01 0.000 0.500 1.000 1.000 1.000 1.000 1.000 1.000 1.000 1.000 1.000 1.000 1.000 1.000 1.000 1.000 1.000 1.000 1.000 1.000 1.000 1.000 1.000 1.000 1.000 1.000 1.000 1.000 1.000 1.000 1.000 1.000 1.000 1.000 1.000 1.000 1.000 1.000 1.000 1.000  1.1681057252E-01   0.12825   1.00000   0.00000   0.00000   0.7548489E-03
  4775  4.463495371315593E+06  37.985155  5.717310  4.518726  0.5797402E+00  0.4065216E+00  3.3659708E-06  2.2958036E-04  2.3574587E-05  8.0868370E-03  1.0966186E-03  1.7154300E-06  9.3817745E-07  2.0702234E-03  1.3947052E-05  0.4975    4.518726  -5.623  0.617003  7.682961  0.9137394E-01  0.8949762E+00  1.6732361E-10  9.6467572E-05  2.6566006E-05  9.0925949E-03  1.2334880E-04  1.7788490E-07  3.4119870E-10  1.9870979E-03  5.4666031E-06  1.684E-11  8.545E-18  1.743E+10  6.746E+11  4.149E+00  7.286E+05  0.17119730  3.482E-06  3.521E-06  9.956E-01  1.323E-06  3.616E-06  1.006E+00  457   21.2633  9.35E-03 1.9689E+00 2.9390E+00    4.68E+02 0.00E+00 5.37E+01  0.171453  0.333422 4.68E+02 0.00E+00 5.37E+01  0.171197  0.333434  0.0000000E+00  0.0000000E+00  1.5261539E-04  2.6577522E+00  9.3105320E-02  1.6294256E-05 -8.2720924E-01  2.3091163E-01  3.7380296E-01 0.000 0.500 1.000 1.000 1.000 1.000 1.000 1.000 1.000 1.000 1.000 1.000 1.000 1.000 1.000 1.000 1.000 1.000 1.000 1.000 1.000 1.000 1.000 1.000 1.000 1.000 1.000 1.000 1.000 1.000 1.000 1.000 1.000 1.000 1.000 1.000 1.000 1.000 1.000 1.000  1.1592110208E-01   0.12691   1.00000   0.00000   0.00000   0.7467095E-03
  4781  4.466997267461892E+06  37.976817  5.717641  4.517992  0.5797017E+00  0.4065601E+00  3.3651778E-06  2.2952351E-04  2.3576214E-05  8.0871645E-03  1.0963189E-03  1.7150007E-06  9.3785186E-07  2.0702173E-03  1.3943026E-05  0.4973    4.517992  -5.624  0.618058  7.683301  0.9037229E-01  0.8959778E+00  1.6258037E-10  9.6527300E-05  2.6580716E-05  9.0926080E-03  1.2323631E-04  1.7766688E-07  3.4104687E-10  1.9868976E-03  5.4947763E-06  1.652E-11  8.363E-18  1.725E+10  6.631E+11  4.106E+00  7.161E+05  0.17059638  3.450E-06  3.489E-06  9.957E-01  1.319E-06  3.605E-06  1.006E+00  456   21.2633  9.35E-03 1.9481E+00 2.9081E+00    4.67E+02 0.00E+00 5.34E+01  0.170804  0.333749 4.67E+02 0.00E+00 5.34E+01  0.170596  0.333753  0.0000000E+00  0.0000000E+00  1.5191022E-04  2.6603047E+00  9.2328946E-02  1.6007345E-05 -8.2692708E-01  2.3066888E-01  3.7397849E-01 0.000 0.498 1.000 1.000 1.000 1.000 1.000 1.000 1.000 1.000 1.000 1.000 1.000 1.000 1.000 1.000 1.000 1.000 1.000 1.000 1.000 1.000 1.000 1.000 1.000 1.000 1.000 1.000 1.000 1.000 1.000 1.000 1.000 1.000 1.000 1.000 1.000 1.000 1.000 1.000  1.1500783707E-01   0.12552   1.00000   0.00000   0.00000   0.7383101E-03
  4786  4.469915514250475E+06  37.969888  5.717963  4.517323  0.5796700E+00  0.4065919E+00  3.3645244E-06  2.2947667E-04  2.3577556E-05  8.0874343E-03  1.0960719E-03  1.7146470E-06  9.3758356E-07  2.0702122E-03  1.3939709E-05  0.4967    4.517323  -5.625  0.618923  7.683582  0.8953490E-01  0.8968152E+00  1.5915601E-10  9.6601805E-05  2.6601454E-05  9.0925819E-03  1.2314159E-04  1.7736582E-07  3.4076917E-10  1.9867299E-03  5.5186871E-06  1.652E-11  8.363E-18  1.713E+10  6.553E+11  4.078E+00  7.077E+05  0.17012826  3.423E-06  3.462E-06  9.957E-01  1.316E-06  3.595E-06  1.006E+00  458   21.2274  9.35E-03 1.9305E+00 2.8820E+00    4.66E+02 0.00E+00 5.32E+01  0.170419  0.334043 4.66E+02 0.00E+00 5.31E+01  0.170128  0.334055  0.0000000E+00  0.0000000E+00  1.5141057E-04  2.6626716E+00  9.1685438E-02  1.5768417E-05 -8.2667984E-01  2.3046239E-01  3.7411910E-01 0.000 0.499 1.000 1.000 1.000 1.000 1.000 1.000 1.000 1.000 1.000 1.000 1.000 1.000 1.000 1.000 1.000 1.000 1.000 1.000 1.000 1.000 1.000 1.000 1.000 1.000 1.000 1.000 1.000 1.000 1.000 1.000 1.000 1.000 1.000 1.000 1.000 1.000 1.000 1.000  1.1424984462E-01   0.12435   1.00000   0.00000   0.00000   0.7306438E-03
  4792  4.473359045461003E+06  37.961733  5.718312  4.516583  0.5796327E+00  0.4066292E+00  3.3637576E-06  2.2942168E-04  2.3579131E-05  8.0877511E-03  1.0957820E-03  1.7142317E-06  9.3726865E-07  2.0702063E-03  1.3935816E-05  0.4962    4.516583  -5.626  0.619896  7.683905  0.8854652E-01  0.8978036E+00  1.5174171E-10  9.6827928E-05  2.6659814E-05  9.0923544E-03  1.2302891E-04  1.7668718E-07  3.4081243E-10  1.9865317E-03  5.5476943E-06  1.562E-11  7.881E-18  1.677E+10  6.316E+11  3.991E+00  6.822E+05  0.16953054  3.391E-06  3.430E-06  9.957E-01  1.312E-06  3.584E-06  1.006E+00  460   21.2274  9.35E-03 1.9102E+00 2.8519E+00    4.65E+02 0.00E+00 5.29E+01  0.169770  0.334379 4.65E+02 0.00E+00 5.28E+01  0.169531  0.334388  0.0000000E+00  0.0000000E+00  1.3562022E-04  2.6650626E+00  9.0922737E-02  1.5502508E-05 -8.2640747E-01  2.3022461E-01  3.7429467E-01 0.000 0.499 1.000 1.000 1.000 1.000 1.000 1.000 1.000 1.000 1.000 1.000 1.000 1.000 1.000 1.000 1.000 1.000 1.000 1.000 1.000 1.000 1.000 1.000 1.000 1.000 1.000 1.000 1.000 1.000 1.000 1.000 1.000 1.000 1.000 1.000 1.000 1.000 1.000 1.000  1.1335898087E-01   0.12298   1.00000   0.00000   0.00000   0.7223510E-03
  4798  4.476510751992673E+06  37.954288  5.718610  4.515922  0.5795989E+00  0.4066630E+00  3.3630619E-06  2.2937178E-04  2.3580561E-05  8.0880385E-03  1.0955189E-03  1.7138549E-06  9.3698291E-07  2.0702009E-03  1.3932283E-05  0.4956    4.515922  -5.627  0.620740  7.684187  0.8764181E-01  0.8987084E+00  1.4626090E-10  9.7094937E-05  2.6737314E-05  9.0920515E-03  1.2292463E-04  1.7577003E-07  3.4031330E-10  1.9863500E-03  5.5762774E-06  1.562E-11  7.881E-18  1.651E+10  6.147E+11  3.929E+00  6.639E+05  0.16896604  3.362E-06  3.402E-06  9.957E-01  1.308E-06  3.573E-06  1.006E+00  458   21.2274  9.35E-03 1.8918E+00 2.8247E+00    4.65E+02 0.00E+00 5.26E+01  0.169199  0.334664 4.64E+02 0.00E+00 5.25E+01  0.168966  0.334675  0.0000000E+00  0.0000000E+00  1.3502522E-04  2.6673132E+00  9.0227880E-02  1.5251635E-05 -8.2613854E-01  2.3000163E-01  3.7444714E-01 0.000 0.498 1.000 1.000 1.000 1.000 1.000 1.000 1.000 1.000 1.000 1.000 1.000 1.000 1.000 1.000 1.000 1.000 1.000 1.000 1.000 1.000 1.000 1.000 1.000 1.000 1.000 1.000 1.000 1.000 1.000 1.000 1.000 1.000 1.000 1.000 1.000 1.000 1.000 1.000  1.1254736079E-01   0.12173   1.00000   0.00000   0.00000   0.7151492E-03
  4804  4.479662458524343E+06  37.946863  5.718917  4.515213  0.5795652E+00  0.4066967E+00  3.3623707E-06  2.2932219E-04  2.3581983E-05  8.0883242E-03  1.0952575E-03  1.7134805E-06  9.3669896E-07  2.0701955E-03  1.3928772E-05  0.4954    4.515213  -5.628  0.621726  7.684501  0.8673404E-01  0.8996161E+00  1.4231943E-10  9.7187075E-05  2.6763399E-05  9.0920084E-03  1.2281934E-04  1.7537533E-07  3.3988731E-10  1.9861674E-03  5.6050407E-06  1.533E-11  7.721E-18  1.635E+10  6.045E+11  3.890E+00  6.528E+05  0.16843651  3.333E-06  3.373E-06  9.958E-01  1.304E-06  3.563E-06  1.006E+00  459   21.1913  9.35E-03 1.8734E+00 2.7972E+00    4.64E+02 0.00E+00 5.24E+01  0.168710  0.334953 4.64E+02 0.00E+00 5.23E+01  0.168437  0.334970  0.0000000E+00  0.0000000E+00  1.3446952E-04  2.6699575E+00  8.9543435E-02  1.5004375E-05 -8.2587273E-01  2.2977840E-01  3.7460130E-01 0.000 0.497 1.000 1.000 1.000 1.000 1.000 1.000 1.000 1.000 1.000 1.000 1.000 1.000 1.000 1.000 1.000 1.000 1.000 1.000 1.000 1.000 1.000 1.000 1.000 1.000 1.000 1.000 1.000 1.000 1.000 1.000 1.000 1.000 1.000 1.000 1.000 1.000 1.000 1.000  1.1173915377E-01   0.12046   1.00000   0.00000   0.00000   0.7076976E-03
  4810  4.482814165056013E+06  37.939460  5.719273  4.514472  0.5795318E+00  0.4067301E+00  3.3616839E-06  2.2927291E-04  2.3583397E-05  8.0886080E-03  1.0949977E-03  1.7131083E-06  9.3641676E-07  2.0701902E-03  1.3925283E-05  0.4948    4.514472  -5.630  0.622695  7.684817  0.8582411E-01  0.9005260E+00  1.3896613E-10  9.7271626E-05  2.6787055E-05  9.0919776E-03  1.2271304E-04  1.7503229E-07  3.3953931E-10  1.9859842E-03  5.6340743E-06  1.533E-11  7.721E-18  1.622E+10  5.965E+11  3.862E+00  6.443E+05  0.16794262  3.304E-06  3.344E-06  9.958E-01  1.301E-06  3.552E-06  1.006E+00  459   21.1913  9.35E-03 1.8547E+00 2.7696E+00    4.63E+02 0.00E+00 5.21E+01  0.168181  0.335294 4.63E+02 0.00E+00 5.20E+01  0.167943  0.335303  0.0000000E+00  0.0000000E+00  1.3391716E-04  2.6724892E+00  8.8851679E-02  1.4757503E-05 -8.2562703E-01  2.2956027E-01  3.7476453E-01 0.000 0.497 1.000 1.000 1.000 1.000 1.000 1.000 1.000 1.000 1.000 1.000 1.000 1.000 1.000 1.000 1.000 1.000 1.000 1.000 1.000 1.000 1.000 1.000 1.000 1.000 1.000 1.000 1.000 1.000 1.000 1.000 1.000 1.000 1.000 1.000 1.000 1.000 1.000 1.000  1.1093432036E-01   0.11920   1.00000   0.00000   0.00000   0.6996738E-03
  4816  4.485965871587683E+06  37.932076  5.719594  4.513796  0.5794986E+00  0.4067633E+00  3.3610029E-06  2.2922404E-04  2.3584800E-05  8.0888895E-03  1.0947401E-03  1.7127393E-06  9.3613696E-07  2.0701849E-03  1.3921824E-05  0.4943    4.513796  -5.631  0.623653  7.685135  0.8491395E-01  0.9014362E+00  1.3565355E-10  9.7356567E-05  2.6810786E-05  9.0919469E-03  1.2260596E-04  1.7469204E-07  3.3919886E-10  1.9858006E-03  5.6633246E-06  1.506E-11  7.568E-18  1.611E+10  5.886E+11  3.833E+00  6.357E+05  0.16740960  3.276E-06  3.316E-06  9.958E-01  1.297E-06  3.542E-06  1.006E+00  459   21.1913  9.35E-03 1.8365E+00 2.7426E+00    4.62E+02 0.00E+00 5.18E+01  0.167642  0.335599 4.62E+02 0.00E+00 5.18E+01  0.167410  0.335609  0.0000000E+00  0.0000000E+00  1.3335734E-04  2.6745748E+00  8.8165155E-02  1.4517055E-05 -8.2541227E-01  2.2935126E-01  3.7494290E-01 0.000 0.497 1.000 1.000 1.000 1.000 1.000 1.000 1.000 1.000 1.000 1.000 1.000 1.000 1.000 1.000 1.000 1.000 1.000 1.000 1.000 1.000 1.000 1.000 1.000 1.000 1.000 1.000 1.000 1.000 1.000 1.000 1.000 1.000 1.000 1.000 1.000 1.000 1.000 1.000  1.1013276339E-01   0.11794   1.00000   0.00000   0.00000   0.6923659E-03
  4822  4.489117578119352E+06  37.924712  5.719898  4.513144  0.5794657E+00  0.4067963E+00  3.3603266E-06  2.2917550E-04  2.3586194E-05  8.0891691E-03  1.0944841E-03  1.7123728E-06  9.3585902E-07  2.0701796E-03  1.3918388E-05  0.4939    4.513144  -5.632  0.624624  7.685457  0.8400250E-01  0.9023477E+00  1.3195239E-10  9.7443307E-05  2.6834847E-05  9.0919146E-03  1.2249796E-04  1.7434889E-07  3.3885996E-10  1.9856165E-03  5.6928396E-06  1.473E-11  7.383E-18  1.596E+10  5.788E+11  3.798E+00  6.252E+05  0.16685980  3.248E-06  3.288E-06  9.958E-01  1.293E-06  3.532E-06  1.006E+00  459   21.1552  9.35E-03 1.8187E+00 2.7161E+00    4.61E+02 0.00E+00 5.16E+01  0.167091  0.335891 4.61E+02 0.00E+00 5.15E+01  0.166860  0.335902  0.0000000E+00  0.0000000E+00  1.3278009E-04  2.6766842E+00  8.7488382E-02  1.4281767E-05 -8.2519834E-01  2.2914230E-01  3.7512247E-01 0.000 0.495 1.000 1.000 1.000 1.000 1.000 1.000 1.000 1.000 1.000 1.000 1.000 1.000 1.000 1.000 1.000 1.000 1.000 1.000 1.000 1.000 1.000 1.000 1.000 1.000 1.000 1.000 1.000 1.000 1.000 1.000 1.000 1.000 1.000 1.000 1.000 1.000 1.000 1.000  1.0933459451E-01   0.11667   1.00000   0.00000   0.00000   0.6853860E-03
  4828  4.492269284651022E+06  37.917368  5.720218  4.512381  0.5794326E+00  0.4068294E+00  3.3596484E-06  2.2912682E-04  2.3587593E-05  8.0894495E-03  1.0942275E-03  1.7120051E-06  9.3558029E-07  2.0701744E-03  1.3914943E-05  0.4934    4.512381  -5.633  0.625655  7.685784  0.8308918E-01  0.9032610E+00  1.2857354E-10  9.7531166E-05  2.6859331E-05  9.0918815E-03  1.2238894E-04  1.7400232E-07  3.3851498E-10  1.9854317E-03  5.7226961E-06  1.473E-11  7.383E-18  1.582E+10  5.703E+11  3.766E+00  6.159E+05  0.16633721  3.219E-06  3.260E-06  9.959E-01  1.290E-06  3.522E-06  1.006E+00  459   21.1552  9.35E-03 1.8005E+00 2.6891E+00    4.60E+02 0.00E+00 5.13E+01  0.166584  0.336196 4.60E+02 0.00E+00 5.12E+01  0.166337  0.336208  0.0000000E+00  0.0000000E+00  1.3219026E-04  2.6794026E+00  8.6811464E-02  1.4055007E-05 -8.2494900E-01  2.2892227E-01  3.7528566E-01 0.000 0.495 1.000 1.000 1.000 1.000 1.000 1.000 1.000 1.000 1.000 1.000 1.000 1.000 1.000 1.000 1.000 1.000 1.000 1.000 1.000 1.000 1.000 1.000 1.000 1.000 1.000 1.000 1.000 1.000 1.000 1.000 1.000 1.000 1.000 1.000 1.000 1.000 1.000 1.000  1.0853996256E-01   0.11540   1.00000   0.00000   0.00000   0.6776998E-03
  4833  4.494895706760747E+06  37.911267  5.720513  4.511737  0.5794053E+00  0.4068568E+00  3.3590866E-06  2.2908649E-04  2.3588752E-05  8.0896819E-03  1.0940149E-03  1.7117006E-06  9.3534936E-07  2.0701700E-03  1.3912088E-05  0.4929    4.511737  -5.634  0.626495  7.686059  0.8232577E-01  0.9040244E+00  1.2591452E-10  9.7604840E-05  2.6879917E-05  9.0918539E-03  1.2229719E-04  1.7371099E-07  3.3822337E-10  1.9852771E-03  5.7478683E-06  1.446E-11  7.230E-18  1.572E+10  5.637E+11  3.742E+00  6.088E+05  0.16595040  3.195E-06  3.236E-06  9.959E-01  1.287E-06  3.513E-06  1.006E+00  458   21.1552  9.35E-03 1.7853E+00 2.6665E+00    4.59E+02 0.00E+00 5.11E+01  0.166190  0.336475 4.59E+02 0.00E+00 5.10E+01  0.165950  0.336485  0.0000000E+00  0.0000000E+00  1.3173588E-04  2.6814828E+00  8.6242497E-02  1.3857486E-05 -8.2476183E-01  2.2874445E-01  3.7543128E-01 0.000 0.495 1.000 1.000 1.000 1.000 1.000 1.000 1.000 1.000 1.000 1.000 1.000 1.000 1.000 1.000 1.000 1.000 1.000 1.000 1.000 1.000 1.000 1.000 1.000 1.000 1.000 1.000 1.000 1.000 1.000 1.000 1.000 1.000 1.000 1.000 1.000 1.000 1.000 1.000  1.0788037815E-01   0.11434   1.00000   0.00000   0.00000   0.6710605E-03
  4839  4.498047413292417E+06  37.903966  5.720836  4.511025  0.5793726E+00  0.4068895E+00  3.3584162E-06  2.2903834E-04  2.3590136E-05  8.0899592E-03  1.0937611E-03  1.7113370E-06  9.3507373E-07  2.0701648E-03  1.3908681E-05  0.4924    4.511025  -5.636  0.627494  7.686390  0.8140945E-01  0.9049407E+00  1.2276941E-10  9.7693918E-05  2.6904803E-05  9.0918205E-03  1.2218632E-04  1.7335896E-07  3.3787083E-10  1.9850912E-03  5.7783475E-06  1.446E-11  7.230E-18  1.560E+10  5.558E+11  3.714E+00  6.002E+05  0.16545208  3.168E-06  3.209E-06  9.959E-01  1.283E-06  3.503E-06  1.006E+00  458   21.1552  9.35E-03 1.7675E+00 2.6400E+00    4.58E+02 0.00E+00 5.08E+01  0.165689  0.336783 4.58E+02 0.00E+00 5.08E+01  0.165452  0.336793  0.0000000E+00  0.0000000E+00  1.3117744E-04  2.6836065E+00  8.5569638E-02  1.3629363E-05 -8.2456308E-01  2.2853864E-01  3.7561883E-01 0.000 0.495 1.000 1.000 1.000 1.000 1.000 1.000 1.000 1.000 1.000 1.000 1.000 1.000 1.000 1.000 1.000 1.000 1.000 1.000 1.000 1.000 1.000 1.000 1.000 1.000 1.000 1.000 1.000 1.000 1.000 1.000 1.000 1.000 1.000 1.000 1.000 1.000 1.000 1.000  1.0709186315E-01   0.11307   1.00000   0.00000   0.00000   0.6637349E-03
  4845  4.501199119824087E+06  37.896685  5.721146  4.510331  0.5793402E+00  0.4069219E+00  3.3577530E-06  2.2899071E-04  2.3591506E-05  8.0902335E-03  1.0935100E-03  1.7109773E-06  9.3480104E-07  2.0701596E-03  1.3905310E-05  0.4919    4.510331  -5.637  0.628499  7.686725  0.8049190E-01  0.9058583E+00  1.1927635E-10  9.7784834E-05  2.6930033E-05  9.0917854E-03  1.2207449E-04  1.7300338E-07  3.3751862E-10  1.9849048E-03  5.8091679E-06  1.413E-11  7.048E-18  1.548E+10  5.474E+11  3.684E+00  5.912E+05  0.16492012  3.140E-06  3.182E-06  9.959E-01  1.280E-06  3.493E-06  1.006E+00  463   21.1191  9.35E-03 1.7505E+00 2.6149E+00    4.58E+02 0.00E+00 5.06E+01  0.165162  0.337080 4.58E+02 0.00E+00 5.05E+01  0.164920  0.337092  0.0000000E+00  0.0000000E+00  1.3059409E-04  2.6857742E+00  8.4903785E-02  1.3405339E-05 -8.2436419E-01  2.2833304E-01  3.7580627E-01 0.000 0.493 0.698 0.701 0.703 0.706 0.708 0.710 0.713 0.716 0.718 0.722 0.724 0.734 0.739 0.739 1.000 1.000 1.000 1.000 1.000 1.000 1.000 1.000 1.000 1.000 1.000 1.000 1.000 1.000 1.000 1.000 1.000 1.000 1.000 1.000 1.000 1.000 1.000 1.000  1.0630680670E-01   0.11180   1.00000   0.00000   0.00000   0.6567124E-03
  4850  4.503825541933812E+06  37.890636  5.721427  4.509675  0.5793131E+00  0.4069490E+00  3.3571975E-06  2.2895081E-04  2.3592655E-05  8.0904633E-03  1.0932996E-03  1.7106760E-06  9.3457263E-07  2.0701553E-03  1.3902486E-05  0.4917    4.509675  -5.638  0.629409  7.687013  0.7972620E-01  0.9066240E+00  1.1660761E-10  9.7861841E-05  2.6951492E-05  9.0917550E-03  1.2198048E-04  1.7270379E-07  3.3721985E-10  1.9847490E-03  5.8351786E-06  1.413E-11  7.048E-18  1.535E+10  5.391E+11  3.652E+00  5.822E+05  0.16446494  3.116E-06  3.162E-06  9.960E-01  1.277E-06  3.484E-06  1.005E+00  478   21.1191  9.35E-03 1.7372E+00 2.5951E+00    4.57E+02 0.00E+00 5.04E+01  0.164716  0.337348 4.57E+02 0.00E+00 5.03E+01  0.164465  0.337358  0.0000000E+00  0.0000000E+00  1.3008026E-04  2.6880009E+00  8.4350604E-02  1.3226297E-05 -8.2417770E-01  2.2815444E-01  3.7595416E-01 0.000 0.493 0.674 0.679 0.689 0.697 0.703 0.704 0.708 0.715 0.717 0.718 0.723 0.725 1.000 1.000 1.000 1.000 1.000 1.000 1.000 1.000 1.000 1.000 1.000 1.000 1.000 1.000 1.000 1.000 1.000 1.000 1.000 1.000 1.000 1.000 1.000 1.000 1.000 1.000  1.0565543387E-01   0.11073   1.00000   0.00000   0.00000   0.6502644E-03
  4855  4.506451964043537E+06  37.884604  5.721727  4.509021  0.5792861E+00  0.4069761E+00  3.3566435E-06  2.2891102E-04  2.3593800E-05  8.0906925E-03  1.0930898E-03  1.7103755E-06  9.3434481E-07  2.0701510E-03  1.3899670E-05  0.4911    4.509021  -5.639  0.630289  7.687299  0.7895770E-01  0.9073925E+00  1.1404981E-10  9.7938914E-05  2.6973021E-05  9.0917253E-03  1.2188552E-04  1.7240419E-07  3.3691635E-10  1.9845924E-03  5.8615290E-06  1.385E-11  6.893E-18  1.524E+10  5.324E+11  3.628E+00  5.750E+05  0.16411895  3.093E-06  3.138E-06  9.960E-01  1.274E-06  3.476E-06  1.005E+00  471   21.1191  9.35E-03 1.7220E+00 2.5725E+00    4.56E+02 0.00E+00 5.01E+01  0.164313  0.337629 4.56E+02 0.00E+00 5.01E+01  0.164119  0.337639  0.0000000E+00  0.0000000E+00  1.2960328E-04  2.6901393E+00  8.3793142E-02  1.3038496E-05 -8.2400227E-01  2.2797870E-01  3.7610669E-01 0.000 0.493 0.681 0.685 0.687 0.689 0.692 0.701 0.705 0.710 0.712 0.713 0.725 0.731 1.000 1.000 1.000 1.000 1.000 1.000 1.000 1.000 1.000 1.000 1.000 1.000 1.000 1.000 1.000 1.000 1.000 1.000 1.000 1.000 1.000 1.000 1.000 1.000 1.000 1.000  1.0500651106E-01   0.10966   1.00000   0.00000   0.00000   0.6437466E-03
  4861  4.509603670575207E+06  37.877386  5.722058  4.508303  0.5792538E+00  0.4070083E+00  3.3559837E-06  2.2886361E-04  2.3595166E-05  8.0909656E-03  1.0928400E-03  1.7100175E-06  9.3407344E-07  2.0701459E-03  1.3896316E-05  0.4906    4.508303  -5.641  0.631331  7.687644  0.7803526E-01  0.9083149E+00  1.1106434E-10  9.8031461E-05  2.6998885E-05  9.0916902E-03  1.2177072E-04  1.7204741E-07  3.3655020E-10  1.9844042E-03  5.8935074E-06  1.353E-11  6.717E-18  1.513E+10  5.245E+11  3.601E+00  5.665E+05  0.16358012  3.066E-06  3.112E-06  9.960E-01  1.270E-06  3.466E-06  1.005E+00  467   21.0829  9.35E-03 1.7049E+00 2.5472E+00    4.55E+02 0.00E+00 4.99E+01  0.163819  0.337945 4.55E+02 0.00E+00 4.98E+01  0.163580  0.337954  0.0000000E+00  0.0000000E+00  1.2904654E-04  2.6922399E+00  8.3134557E-02  1.2822430E-05 -8.2382385E-01  2.2777686E-01  3.7630653E-01 0.000 0.493 0.671 0.674 0.678 0.683 0.699 0.701 0.705 0.710 0.718 0.720 1.000 1.000 1.000 1.000 1.000 1.000 1.000 1.000 1.000 1.000 1.000 1.000 1.000 1.000 1.000 1.000 1.000 1.000 1.000 1.000 1.000 1.000 1.000 1.000 1.000 1.000 1.000 1.000  1.0423074353E-01   0.10838   1.00000   0.00000   0.00000   0.6365450E-03
  4867  4.512755377106877E+06  37.870189  5.722366  4.507613  0.5792218E+00  0.4070404E+00  3.3553271E-06  2.2881643E-04  2.3596525E-05  8.0912373E-03  1.0925912E-03  1.7096612E-06  9.3380336E-07  2.0701407E-03  1.3892978E-05  0.4900    4.507613  -5.642  0.632382  7.687995  0.7711173E-01  0.9092384E+00  1.0777928E-10  9.8125866E-05  2.7025102E-05  9.0916535E-03  1.2165489E-04  1.7168772E-07  3.3618535E-10  1.9842154E-03  5.9259064E-06  1.353E-11  6.717E-18  1.501E+10  5.163E+11  3.572E+00  5.576E+05  0.16306465  3.039E-06  3.085E-06  9.960E-01  1.266E-06  3.456E-06  1.005E+00  466   21.0829  9.35E-03 1.6876E+00 2.5214E+00    4.54E+02 0.00E+00 4.96E+01  0.163288  0.338241 4.54E+02 0.00E+00 4.96E+01  0.163065  0.338251  0.0000000E+00  0.0000000E+00  1.2845553E-04  2.6943083E+00  8.2479319E-02  1.2618221E-05 -8.2365193E-01  2.2757658E-01  3.7651043E-01 0.000 0.491 0.671 0.674 0.699 0.701 0.705 0.710 1.000 1.000 1.000 1.000 1.000 1.000 1.000 1.000 1.000 1.000 1.000 1.000 1.000 1.000 1.000 1.000 1.000 1.000 1.000 1.000 1.000 1.000 1.000 1.000 1.000 1.000 1.000 1.000 1.000 1.000 1.000 1.000  1.0345848851E-01   0.10710   1.00000   0.00000   0.00000   0.6297615E-03
  4872  4.515381799216602E+06  37.864210  5.722632  4.506960  0.5791950E+00  0.4070672E+00  3.3547795E-06  2.2877708E-04  2.3597660E-05  8.0914640E-03  1.0923838E-03  1.7093640E-06  9.3357809E-07  2.0701365E-03  1.3890194E-05  0.4898    4.506960  -5.643  0.633331  7.688293  0.7634029E-01  0.9100099E+00  1.0520848E-10  9.8205854E-05  2.7047378E-05  9.0916218E-03  1.2155740E-04  1.7138469E-07  3.3587651E-10  1.9840575E-03  5.9533133E-06  1.325E-11  6.557E-18  1.487E+10  5.079E+11  3.540E+00  5.485E+05  0.16265765  3.016E-06  3.061E-06  9.960E-01  1.263E-06  3.447E-06  1.005E+00  461   21.0829  9.35E-03 1.6720E+00 2.4982E+00    4.53E+02 0.00E+00 4.94E+01  0.162899  0.338493 4.53E+02 0.00E+00 4.94E+01  0.162658  0.338506  0.0000000E+00  0.0000000E+00  1.2796212E-04  2.6966693E+00  8.1929522E-02  1.2436548E-05 -8.2346989E-01  2.2739809E-01  3.7666270E-01 0.000 0.491 0.699 0.701 0.705 0.711 0.741 0.744 1.000 1.000 1.000 1.000 1.000 1.000 1.000 1.000 1.000 1.000 1.000 1.000 1.000 1.000 1.000 1.000 1.000 1.000 1.000 1.000 1.000 1.000 1.000 1.000 1.000 1.000 1.000 1.000 1.000 1.000 1.000 1.000  1.0281771859E-01   0.10603   1.00000   0.00000   0.00000   0.6236608E-03
  4877  4.518008221326327E+06  37.858249  5.722941  4.506290  0.5791684E+00  0.4070938E+00  3.3542360E-06  2.2873801E-04  2.3598787E-05  8.0916890E-03  1.0921778E-03  1.7090689E-06  9.3335445E-07  2.0701322E-03  1.3887429E-05  0.4893    4.506290  -5.645  0.634250  7.688592  0.7556677E-01  0.9107834E+00  1.0281733E-10  9.8286130E-05  2.7069813E-05  9.0915904E-03  1.2145898E-04  1.7107930E-07  3.3556304E-10  1.9838989E-03  5.9810927E-06  1.325E-11  6.557E-18  1.477E+10  5.014E+11  3.516E+00  5.415E+05  0.16228077  2.994E-06  3.038E-06  9.961E-01  1.260E-06  3.439E-06  1.005E+00  464   21.0466  9.35E-03 1.6576E+00 2.4768E+00    4.53E+02 0.00E+00 4.92E+01  0.162522  0.338786 4.53E+02 0.00E+00 4.92E+01  0.162281  0.338795  0.0000000E+00  0.0000000E+00  1.2750393E-04  2.6988710E+00  8.1383195E-02  1.2258178E-05 -8.2330892E-01  2.2722549E-01  3.7682342E-01 0.000 0.491 0.699 0.701 0.705 0.714 0.716 0.719 0.722 0.726 0.728 0.731 1.000 1.000 1.000 1.000 1.000 1.000 1.000 1.000 1.000 1.000 1.000 1.000 1.000 1.000 1.000 1.000 1.000 1.000 1.000 1.000 1.000 1.000 1.000 1.000 1.000 1.000 1.000 1.000  1.0217928427E-01   0.10495   1.00000   0.00000   0.00000   0.6171820E-03
  4883  4.521159927857997E+06  37.851117  5.723277  4.505559  0.5791366E+00  0.4071256E+00  3.3535859E-06  2.2869127E-04  2.3600135E-05  8.0919582E-03  1.0919315E-03  1.7087160E-06  9.3308695E-07  2.0701272E-03  1.3884123E-05  0.4887    4.505559  -5.646  0.635344  7.688954  0.7463830E-01  0.9117119E+00  9.9988214E-11  9.8383399E-05  2.7096990E-05  9.0915521E-03  1.2133996E-04  1.7070979E-07  3.3518372E-10  1.9837083E-03  6.0148460E-06  1.296E-11  6.396E-18  1.466E+10  4.936E+11  3.489E+00  5.331E+05  0.16180554  2.968E-06  3.012E-06  9.961E-01  1.257E-06  3.429E-06  1.005E+00  465   21.0466  9.35E-03 1.6405E+00 2.4515E+00    4.52E+02 0.00E+00 4.90E+01  0.162043  0.339103 4.52E+02 0.00E+00 4.89E+01  0.161806  0.339114  0.0000000E+00  0.0000000E+00  1.2693907E-04  2.7010214E+00  8.0735366E-02  1.2052173E-05 -8.2314993E-01  2.2702817E-01  3.7703361E-01 0.000 0.491 0.699 0.703 0.706 0.716 1.000 1.000 1.000 1.000 1.000 1.000 1.000 1.000 1.000 1.000 1.000 1.000 1.000 1.000 1.000 1.000 1.000 1.000 1.000 1.000 1.000 1.000 1.000 1.000 1.000 1.000 1.000 1.000 1.000 1.000 1.000 1.000 1.000 1.000  1.0141623030E-01   0.10366   1.00000   0.00000   0.00000   0.6101028E-03
  4889  4.524311634389667E+06  37.844007  5.723588  4.504844  0.5791047E+00  0.4071575E+00  3.3529337E-06  2.2864438E-04  2.3601488E-05  8.0922283E-03  1.0916843E-03  1.7083618E-06  9.3281856E-07  2.0701221E-03  1.3880806E-05  0.4887    4.504844  -5.647  0.636480  7.689323  0.7370931E-01  0.9126409E+00  9.7127620E-11  9.8482147E-05  2.7124536E-05  9.0915126E-03  1.2121990E-04  1.7033673E-07  3.3480156E-10  1.9835173E-03  6.0490731E-06  1.296E-11  6.396E-18  1.452E+10  4.843E+11  3.455E+00  5.230E+05  0.16125344  2.941E-06  2.986E-06  9.961E-01  1.253E-06  3.419E-06  1.005E+00  466   21.0466  9.35E-03 1.6241E+00 2.4271E+00    4.51E+02 0.00E+00 4.87E+01  0.161488  0.339407 4.51E+02 0.00E+00 4.86E+01  0.161253  0.339414  0.0000000E+00  0.0000000E+00  1.2632198E-04  2.7031643E+00  8.0092961E-02  1.1858126E-05 -8.2299323E-01  2.2683211E-01  3.7724454E-01 0.000 0.490 0.672 0.675 0.678 0.682 0.686 0.691 0.695 0.698 0.702 0.707 1.000 1.000 1.000 1.000 1.000 1.000 1.000 1.000 1.000 1.000 1.000 1.000 1.000 1.000 1.000 1.000 1.000 1.000 1.000 1.000 1.000 1.000 1.000 1.000 1.000 1.000 1.000 1.000  1.0065675390E-01   0.10237   1.00000   0.00000   0.00000   0.6033288E-03
  4894  4.526938056499392E+06  37.838101  5.723865  4.504196  0.5790782E+00  0.4071840E+00  3.3523921E-06  2.2860544E-04  2.3602613E-05  8.0924525E-03  1.0914790E-03  1.7080677E-06  9.3259568E-07  2.0701179E-03  1.3878051E-05  0.4879    4.504196  -5.649  0.637438  7.689632  0.7293213E-01  0.9134180E+00  9.4456662E-11  9.8566943E-05  2.7148032E-05  9.0914773E-03  1.2111867E-04  1.7002129E-07  3.3448255E-10  1.9833572E-03  6.0780990E-06  1.264E-11  6.220E-18  1.440E+10  4.771E+11  3.428E+00  5.153E+05  0.16084294  2.919E-06  2.965E-06  9.961E-01  1.250E-06  3.410E-06  1.005E+00  463   21.0466  9.35E-03 1.6103E+00 2.4066E+00    4.50E+02 0.00E+00 4.85E+01  0.161088  0.339665 4.50E+02 0.00E+00 4.84E+01  0.160843  0.339678  0.0000000E+00  0.0000000E+00  1.2581486E-04  2.7055186E+00  7.9561259E-02  1.1688114E-05 -8.2283060E-01  2.2665744E-01  3.7740779E-01 0.000 0.489 0.671 0.675 0.679 0.691 1.000 1.000 1.000 1.000 1.000 1.000 1.000 1.000 1.000 1.000 1.000 1.000 1.000 1.000 1.000 1.000 1.000 1.000 1.000 1.000 1.000 1.000 1.000 1.000 1.000 1.000 1.000 1.000 1.000 1.000 1.000 1.000 1.000 1.000  1.0002665750E-01   0.10130   1.00000   0.00000   0.00000   0.5973961E-03
  4899  4.529564478609117E+06  37.832213  5.724170  4.503536  0.5790520E+00  0.4072102E+00  3.3518575E-06  2.2856699E-04  2.3603723E-05  8.0926740E-03  1.0912763E-03  1.7077774E-06  9.3237561E-07  2.0701137E-03  1.3875332E-05  0.4874    4.503536  -5.650  0.638400  7.689945  0.7215348E-01  0.9141967E+00  9.2196290E-11  9.8651473E-05  2.7171653E-05  9.0914429E-03  1.2101652E-04  1.6970386E-07  3.3415614E-10  1.9831965E-03  6.1075264E-06  1.264E-11  6.220E-18  1.431E+10  4.706E+11  3.405E+00  5.083E+05  0.16044457  2.897E-06  2.942E-06  9.962E-01  1.247E-06  3.402E-06  1.005E+00  461   21.0103  9.35E-03 1.5956E+00 2.3848E+00    4.49E+02 0.00E+00 4.83E+01  0.160666  0.339953 4.49E+02 0.00E+00 4.82E+01  0.160445  0.339963  0.0000000E+00  0.0000000E+00  1.2531177E-04  2.7076599E+00  7.9029155E-02  1.1520176E-05 -8.2269040E-01  2.2648981E-01  3.7758015E-01 0.000 0.489 0.672 0.678 1.000 1.000 1.000 1.000 1.000 1.000 1.000 1.000 1.000 1.000 1.000 1.000 1.000 1.000 1.000 1.000 1.000 1.000 1.000 1.000 1.000 1.000 1.000 1.000 1.000 1.000 1.000 1.000 1.000 1.000 1.000 1.000 1.000 1.000 1.000 1.000  9.9399072375E-02   0.10021   1.00000   0.00000   0.00000   0.5912056E-03
  4905  4.532716185140787E+06  37.825169  5.724498  4.502809  0.5790203E+00  0.4072420E+00  3.3512099E-06  2.2852041E-04  2.3605069E-05  8.0929423E-03  1.0910308E-03  1.7074256E-06  9.3210902E-07  2.0701086E-03  1.3872037E-05  0.4868    4.502809  -5.651  0.639545  7.690324  0.7121886E-01  0.9151313E+00  8.9525102E-11  9.8753142E-05  2.7200073E-05  9.0914021E-03  1.2089296E-04  1.6932575E-07  3.3375909E-10  1.9830034E-03  6.1433214E-06  1.232E-11  6.045E-18  1.419E+10  4.629E+11  3.378E+00  4.999E+05  0.15996070  2.871E-06  2.915E-06  9.962E-01  1.244E-06  3.392E-06  1.005E+00  460   21.0103  9.35E-03 1.5784E+00 2.3592E+00    4.48E+02 0.00E+00 4.81E+01  0.160184  0.340267 4.48E+02 0.00E+00 4.80E+01  0.159961  0.340277  0.0000000E+00  0.0000000E+00  1.2474409E-04  2.7097872E+00  7.8388972E-02  1.1331428E-05 -8.2255386E-01  2.2629732E-01  3.7780339E-01 0.000 0.490 1.000 1.000 1.000 1.000 1.000 1.000 1.000 1.000 1.000 1.000 1.000 1.000 1.000 1.000 1.000 1.000 1.000 1.000 1.000 1.000 1.000 1.000 1.000 1.000 1.000 1.000 1.000 1.000 1.000 1.000 1.000 1.000 1.000 1.000 1.000 1.000 1.000 1.000  9.8649130752E-02   0.09892   1.00000   0.00000   0.00000   0.5844733E-03
  4911  4.535867891672457E+06  37.818149  5.724806  4.502080  0.5789888E+00  0.4072735E+00  3.3505673E-06  2.2847418E-04  2.3606406E-05  8.0932085E-03  1.0907871E-03  1.7070764E-06  9.3184446E-07  2.0701036E-03  1.3868767E-05  0.4865    4.502080  -5.653  0.640737  7.690710  0.7028352E-01  0.9160667E+00  8.6807154E-11  9.8856347E-05  2.7228860E-05  9.0913602E-03  1.2076821E-04  1.6894666E-07  3.3336138E-10  1.9828098E-03  6.1796827E-06  1.203E-11  5.885E-18  1.407E+10  4.547E+11  3.348E+00  4.911E+05  0.15942328  2.846E-06  2.889E-06  9.962E-01  1.240E-06  3.382E-06  1.005E+00  456   21.0103  9.35E-03 1.5616E+00 2.3342E+00    4.47E+02 0.00E+00 4.78E+01  0.159672  0.340571 4.47E+02 0.00E+00 4.77E+01  0.159423  0.340575  0.0000000E+00  0.0000000E+00  1.2414967E-04  2.7120279E+00  7.7753838E-02  1.1137412E-05 -8.2241401E-01  2.2610389E-01  3.7802559E-01 0.000 0.489 1.000 1.000 1.000 1.000 1.000 1.000 1.000 1.000 1.000 1.000 1.000 1.000 1.000 1.000 1.000 1.000 1.000 1.000 1.000 1.000 1.000 1.000 1.000 1.000 1.000 1.000 1.000 1.000 1.000 1.000 1.000 1.000 1.000 1.000 1.000 1.000 1.000 1.000  9.7902718681E-02   0.09761   1.00000   0.00000   0.00000   0.5780377E-03
  4916  4.538494313782182E+06  37.812318  5.725099  4.501379  0.5789626E+00  0.4072997E+00  3.3500325E-06  2.2843571E-04  2.3607518E-05  8.0934301E-03  1.0905844E-03  1.7067859E-06  9.3162429E-07  2.0700994E-03  1.3866047E-05  0.4859    4.501379  -5.654  0.641754  7.691035  0.6949998E-01  0.9168502E+00  8.4319081E-11  9.8944927E-05  2.7253430E-05  9.0913229E-03  1.2066285E-04  1.6862594E-07  3.3302865E-10  1.9826474E-03  6.2105948E-06  1.203E-11  5.885E-18  1.394E+10  4.466E+11  3.317E+00  4.823E+05  0.15904427  2.823E-06  2.867E-06  9.962E-01  1.237E-06  3.374E-06  1.005E+00  456   20.9740  9.35E-03 1.5476E+00 2.3135E+00    4.47E+02 0.00E+00 4.76E+01  0.159290  0.340841 4.47E+02 0.00E+00 4.75E+01  0.159044  0.340852  0.0000000E+00  0.0000000E+00  1.2362409E-04  2.7145349E+00  7.7226025E-02  1.0973627E-05 -8.2226340E-01  2.2593207E-01  3.7819506E-01 0.000 0.488 1.000 1.000 1.000 1.000 1.000 1.000 1.000 1.000 1.000 1.000 1.000 1.000 1.000 1.000 1.000 1.000 1.000 1.000 1.000 1.000 1.000 1.000 1.000 1.000 1.000 1.000 1.000 1.000 1.000 1.000 1.000 1.000 1.000 1.000 1.000 1.000 1.000 1.000  9.7283568724E-02   0.09653   1.00000   0.00000   0.00000   0.5720701E-03
  4921  4.541120735891907E+06  37.806508  5.725408  4.500679  0.5789366E+00  0.4073258E+00  3.3495004E-06  2.2839742E-04  2.3608626E-05  8.0936506E-03  1.0903825E-03  1.7064967E-06  9.3140517E-07  2.0700953E-03  1.3863339E-05  0.4854    4.500679  -5.656  0.642760  7.691364  0.6871628E-01  0.9176339E+00  8.2197203E-11  9.9033163E-05  2.7278096E-05  9.0912866E-03  1.2055666E-04  1.6830341E-07  3.3268875E-10  1.9824846E-03  6.2419233E-06  1.175E-11  5.730E-18  1.384E+10  4.402E+11  3.295E+00  4.754E+05  0.15870049  2.802E-06  2.846E-06  9.962E-01  1.235E-06  3.366E-06  1.005E+00  457   20.9740  9.35E-03 1.5338E+00 2.2928E+00    4.46E+02 0.00E+00 4.74E+01  0.158941  0.341131 4.46E+02 0.00E+00 4.73E+01  0.158700  0.341141  0.0000000E+00  0.0000000E+00  1.2314971E-04  2.7166178E+00  7.6698432E-02  1.0820701E-05 -8.2214932E-01  2.2577040E-01  3.7838139E-01 0.000 0.488 1.000 1.000 1.000 1.000 1.000 1.000 1.000 1.000 1.000 1.000 1.000 1.000 1.000 1.000 1.000 1.000 1.000 1.000 1.000 1.000 1.000 1.000 1.000 1.000 1.000 1.000 1.000 1.000 1.000 1.000 1.000 1.000 1.000 1.000 1.000 1.000 1.000 1.000  9.6666840950E-02   0.09544   1.00000   0.00000   0.00000   0.5660085E-03
  4926  4.543747158001631E+06  37.800716  5.725688  4.500036  0.5789104E+00  0.4073520E+00  3.3489672E-06  2.2835904E-04  2.3609736E-05  8.0938716E-03  1.0901803E-03  1.7062069E-06  9.3118558E-07  2.0700911E-03  1.3860625E-05  0.4849    4.500036  -5.657  0.643762  7.691695  0.6793236E-01  0.9184178E+00  8.0097184E-11  9.9122360E-05  2.7303023E-05  9.0912496E-03  1.2044965E-04  1.6797818E-07  3.3234625E-10  1.9823216E-03  6.2736713E-06  1.175E-11  5.730E-18  1.375E+10  4.338E+11  3.272E+00  4.685E+05  0.15830646  2.781E-06  2.825E-06  9.963E-01  1.232E-06  3.358E-06  1.005E+00  455   20.9740  9.35E-03 1.5201E+00 2.2726E+00    4.45E+02 0.00E+00 4.72E+01  0.158541  0.341398 4.45E+02 0.00E+00 4.71E+01  0.158306  0.341408  0.0000000E+00  0.0000000E+00  1.2265111E-04  2.7183823E+00  7.6172512E-02  1.0663030E-05 -8.2205695E-01  2.2561508E-01  3.7857880E-01 0.000 0.488 1.000 1.000 1.000 1.000 1.000 1.000 1.000 1.000 1.000 1.000 1.000 1.000 1.000 1.000 1.000 1.000 1.000 1.000 1.000 1.000 1.000 1.000 1.000 1.000 1.000 1.000 1.000 1.000 1.000 1.000 1.000 1.000 1.000 1.000 1.000 1.000 1.000 1.000  9.6052581115E-02   0.09435   1.00000   0.00000   0.00000   0.5604562E-03
  4932  4.546898864533301E+06  37.793789  5.726002  4.499266  0.5788794E+00  0.4073830E+00  3.3483343E-06  2.2831349E-04  2.3611055E-05  8.0941339E-03  1.0899402E-03  1.7058628E-06  9.3092489E-07  2.0700862E-03  1.3857404E-05  0.4846    4.499266  -5.659  0.645011  7.692101  0.6699094E-01  0.9193592E+00  7.7532508E-11  9.9231263E-05  2.7333398E-05  9.0912036E-03  1.2032006E-04  1.6758377E-07  3.3193217E-10  1.9821254E-03  6.3123577E-06  1.142E-11  5.549E-18  1.362E+10  4.257E+11  3.243E+00  4.598E+05  0.15778586  2.755E-06  2.800E-06  9.963E-01  1.228E-06  3.348E-06  1.005E+00  456   20.9375  9.35E-03 1.5040E+00 2.2487E+00    4.44E+02 0.00E+00 4.70E+01  0.158035  0.341707 4.44E+02 0.00E+00 4.69E+01  0.157786  0.341711  0.0000000E+00  0.0000000E+00  1.2203825E-04  2.7206079E+00  7.5547843E-02  1.0478334E-05 -8.2194214E-01  2.2542739E-01  3.7881456E-01 0.000 0.487 0.733 0.735 0.738 0.741 0.744 0.747 1.000 1.000 1.000 1.000 1.000 1.000 1.000 1.000 1.000 1.000 1.000 1.000 1.000 1.000 1.000 1.000 1.000 1.000 1.000 1.000 1.000 1.000 1.000 1.000 1.000 1.000 1.000 1.000 1.000 1.000 1.000 1.000  9.5318818228E-02   0.09304   1.00000   0.00000   0.00000   0.5540066E-03
  4937  4.549525286643026E+06  37.788039  5.726306  4.498546  0.5788534E+00  0.4074090E+00  3.3478058E-06  2.2827544E-04  2.3612157E-05  8.0943530E-03  1.0897396E-03  1.7055755E-06  9.3070720E-07  2.0700820E-03  1.3854714E-05  0.4840    4.498546  -5.660  0.646077  7.692442  0.6620291E-01  0.9201473E+00  7.5195967E-11  9.9324657E-05  2.7359309E-05  9.0911628E-03  1.2021063E-04  1.6725002E-07  3.3158532E-10  1.9819609E-03  6.3452500E-06  1.142E-11  5.549E-18  1.350E+10  4.177E+11  3.212E+00  4.511E+05  0.15742389  2.734E-06  2.781E-06  9.963E-01  1.225E-06  3.340E-06  1.005E+00  469   20.9375  9.35E-03 1.4916E+00 2.2301E+00    4.43E+02 0.00E+00 4.68E+01  0.157645  0.341984 4.43E+02 0.00E+00 4.67E+01  0.157424  0.341996  0.0000000E+00  0.0000000E+00  1.2148775E-04  2.7231006E+00  7.5034223E-02  1.0331493E-05 -8.2181416E-01  2.2526123E-01  3.7899490E-01 0.000 0.486 0.690 0.690 0.694 0.701 0.706 0.710 0.713 0.718 0.721 0.732 0.737 0.741 1.000 1.000 1.000 1.000 1.000 1.000 1.000 1.000 1.000 1.000 1.000 1.000 1.000 1.000 1.000 1.000 1.000 1.000 1.000 1.000 1.000 1.000 1.000 1.000 1.000 1.000  9.4710277844E-02   0.09195   1.00000   0.00000   0.00000   0.5480763E-03
  4942  4.552151708752751E+06  37.782308  5.726616  4.497847  0.5788275E+00  0.4074349E+00  3.3472777E-06  2.2823742E-04  2.3613259E-05  8.0945720E-03  1.0895392E-03  1.7052884E-06  9.3048963E-07  2.0700779E-03  1.3852025E-05  0.4835    4.497847  -5.662  0.647133  7.692786  0.6541402E-01  0.9209362E+00  7.3196307E-11  9.9417920E-05  2.7385379E-05  9.0911228E-03  1.2010023E-04  1.6691389E-07  3.3123078E-10  1.9817960E-03  6.3786324E-06  1.114E-11  5.395E-18  1.340E+10  4.114E+11  3.190E+00  4.443E+05  0.15704310  2.712E-06  2.760E-06  9.963E-01  1.222E-06  3.331E-06  1.005E+00  468   20.9375  9.35E-03 1.4779E+00 2.2098E+00    4.42E+02 0.00E+00 4.66E+01  0.157277  0.342276 4.42E+02 0.00E+00 4.65E+01  0.157043  0.342287  0.0000000E+00  0.0000000E+00  1.2099601E-04  2.7251478E+00  7.4517509E-02  1.0179191E-05 -8.2172235E-01  2.2510503E-01  3.7919300E-01 0.000 0.486 0.672 0.675 0.678 0.684 0.688 0.693 0.699 0.700 0.705 0.707 0.710 0.716 0.718 0.721 0.725 0.729 1.000 1.000 1.000 1.000 1.000 1.000 1.000 1.000 1.000 1.000 1.000 1.000 1.000 1.000 1.000 1.000 1.000 1.000 1.000 1.000 1.000 1.000  9.4104278300E-02   0.09085   1.00000   0.00000   0.00000   0.5422027E-03
  4947  4.554778130862476E+06  37.776597  5.726903  4.497199  0.5788019E+00  0.4074606E+00  3.3467562E-06  2.2819987E-04  2.3614347E-05  8.0947882E-03  1.0893413E-03  1.7050048E-06  9.3027479E-07  2.0700738E-03  1.3849370E-05  0.4830    4.497199  -5.663  0.648190  7.693135  0.6462495E-01  0.9217253E+00  7.1222318E-11  9.9511538E-05  2.7411556E-05  9.0910831E-03  1.1998892E-04  1.6658010E-07  3.3087082E-10  1.9816307E-03  6.4124889E-06  1.114E-11  5.395E-18  1.331E+10  4.050E+11  3.168E+00  4.374E+05  0.15663760  2.692E-06  2.742E-06  9.963E-01  1.219E-06  3.323E-06  1.005E+00  471   20.9375  9.35E-03 1.4663E+00 2.1925E+00    4.42E+02 0.00E+00 4.64E+01  0.156873  0.342548 4.42E+02 0.00E+00 4.63E+01  0.156638  0.342559  0.0000000E+00  0.0000000E+00  1.2048716E-04  2.7268948E+00  7.4004994E-02  1.0030424E-05 -8.2165283E-01  2.2495555E-01  3.7940153E-01 0.000 0.486 0.671 0.675 0.693 0.694 0.697 0.703 0.705 0.711 0.718 0.718 1.000 1.000 1.000 1.000 1.000 1.000 1.000 1.000 1.000 1.000 1.000 1.000 1.000 1.000 1.000 1.000 1.000 1.000 1.000 1.000 1.000 1.000 1.000 1.000 1.000 1.000 1.000 1.000  9.3500790128E-02   0.08976   1.00000   0.00000   0.00000   0.5367615E-03
  4952  4.557404552972201E+06  37.770903  5.727164  4.496559  0.5787759E+00  0.4074866E+00  3.3462260E-06  2.2816169E-04  2.3615454E-05  8.0950081E-03  1.0891401E-03  1.7047164E-06  9.3005633E-07  2.0700697E-03  1.3846671E-05  0.4828    4.496559  -5.665  0.649280  7.693490  0.6383543E-01  0.9225148E+00  6.9220202E-11  9.9606544E-05  2.7438073E-05  9.0910422E-03  1.1987664E-04  1.6624533E-07  3.3051011E-10  1.9814651E-03  6.4468596E-06  1.081E-11  5.216E-18  1.321E+10  3.984E+11  3.144E+00  4.303E+05  0.15618710  2.670E-06  2.721E-06  9.964E-01  1.217E-06  3.315E-06  1.005E+00  467   20.9011  9.35E-03 1.4527E+00 2.1723E+00    4.41E+02 0.00E+00 4.61E+01  0.156414  0.342806 4.41E+02 0.00E+00 4.61E+01  0.156187  0.342811  0.0000000E+00  0.0000000E+00  1.1994074E-04  2.7284963E+00  7.3497649E-02  9.8918699E-06 -8.2159607E-01  2.2480821E-01  3.7961927E-01 0.000 0.485 0.670 0.671 0.685 0.690 0.693 0.697 0.700 0.705 0.709 0.710 1.000 1.000 1.000 1.000 1.000 1.000 1.000 1.000 1.000 1.000 1.000 1.000 1.000 1.000 1.000 1.000 1.000 1.000 1.000 1.000 1.000 1.000 1.000 1.000 1.000 1.000 1.000 1.000  9.2900011595E-02   0.08866   1.00000   0.00000   0.00000   0.5315522E-03
  4957  4.560030975081926E+06  37.765229  5.727449  4.495844  0.5787506E+00  0.4075119E+00  3.3457116E-06  2.2812464E-04  2.3616528E-05  8.0952214E-03  1.0889448E-03  1.7044366E-06  9.2984436E-07  2.0700656E-03  1.3844052E-05  0.4822    4.495844  -5.666  0.650394  7.693847  0.6304294E-01  0.9233073E+00  6.7013780E-11  9.9704063E-05  2.7465132E-05  9.0909991E-03  1.1976300E-04  1.6590620E-07  3.3014899E-10  1.9812986E-03  6.4818786E-06  1.081E-11  5.216E-18  1.309E+10  3.904E+11  3.114E+00  4.216E+05  0.15587705  2.650E-06  2.699E-06  9.964E-01  1.214E-06  3.307E-06  1.005E+00  469   20.9011  9.35E-03 1.4388E+00 2.1517E+00    4.40E+02 0.00E+00 4.60E+01  0.156091  0.343070 4.40E+02 0.00E+00 4.59E+01  0.155877  0.343082  0.0000000E+00  0.0000000E+00  1.1944106E-04  2.7309020E+00  7.2981992E-02  9.7492349E-06 -8.2149182E-01  2.2464687E-01  3.7981428E-01 0.000 0.484 0.673 0.679 0.685 0.688 0.693 0.698 1.000 1.000 1.000 1.000 1.000 1.000 1.000 1.000 1.000 1.000 1.000 1.000 1.000 1.000 1.000 1.000 1.000 1.000 1.000 1.000 1.000 1.000 1.000 1.000 1.000 1.000 1.000 1.000 1.000 1.000 1.000 1.000  9.2301804746E-02   0.08756   1.00000   0.00000   0.00000   0.5259378E-03
  4962  4.562657397191651E+06  37.759577  5.727768  4.495113  0.5787247E+00  0.4075378E+00  3.3451853E-06  2.2808674E-04  2.3617628E-05  8.0954397E-03  1.0887451E-03  1.7041503E-06  9.2962750E-07  2.0700615E-03  1.3841372E-05  0.4816    4.495113  -5.668  0.651510  7.694210  0.6224893E-01  0.9241013E+00  6.5127038E-11  9.9801826E-05  2.7492464E-05  9.0909563E-03  1.1964818E-04  1.6556408E-07  3.2977939E-10  1.9811315E-03  6.5174879E-06  1.053E-11  5.061E-18  1.299E+10  3.841E+11  3.092E+00  4.149E+05  0.15552340  2.629E-06  2.679E-06  9.964E-01  1.211E-06  3.299E-06  1.005E+00  464   20.9011  9.35E-03 1.4257E+00 2.1323E+00    4.39E+02 0.00E+00 4.58E+01  0.155763  0.343372 4.39E+02 0.00E+00 4.57E+01  0.155523  0.343380  0.0000000E+00  0.0000000E+00  1.1896313E-04  2.7329816E+00  7.2473666E-02  9.5991111E-06 -8.2142259E-01  2.2449459E-01  3.8002670E-01 0.000 0.484 0.670 0.674 0.676 0.680 0.682 0.687 1.000 1.000 1.000 1.000 1.000 1.000 1.000 1.000 1.000 1.000 1.000 1.000 1.000 1.000 1.000 1.000 1.000 1.000 1.000 1.000 1.000 1.000 1.000 1.000 1.000 1.000 1.000 1.000 1.000 1.000 1.000 1.000  9.1706010355E-02   0.08646   1.00000   0.00000   0.00000   0.5200298E-03
  4967  4.565283819301376E+06  37.753945  5.728060  4.494443  0.5786989E+00  0.4075636E+00  3.3446609E-06  2.2804896E-04  2.3618724E-05  8.0956572E-03  1.0885459E-03  1.7038650E-06  9.2941135E-07  2.0700574E-03  1.3838701E-05  0.4811    4.494443  -5.669  0.652619  7.694577  0.6145471E-01  0.9248955E+00  6.3270080E-11  9.9900643E-05  2.7520088E-05  9.0909130E-03  1.1953237E-04  1.6521883E-07  3.2940639E-10  1.9809640E-03  6.5536333E-06  1.053E-11  5.061E-18  1.290E+10  3.778E+11  3.071E+00  4.081E+05  0.15517385  2.610E-06  2.658E-06  9.964E-01  1.208E-06  3.291E-06  1.005E+00  464   20.8645  9.35E-03 1.4123E+00 2.1123E+00    4.38E+02 0.00E+00 4.56E+01  0.155422  0.343646 4.38E+02 0.00E+00 4.55E+01  0.155174  0.343657  0.0000000E+00  0.0000000E+00  1.1848438E-04  2.7346475E+00  7.1969201E-02  9.4642868E-06 -8.2138297E-01  2.2435030E-01  3.8025434E-01 0.000 0.484 0.670 0.673 0.681 0.685 1.000 1.000 1.000 1.000 1.000 1.000 1.000 1.000 1.000 1.000 1.000 1.000 1.000 1.000 1.000 1.000 1.000 1.000 1.000 1.000 1.000 1.000 1.000 1.000 1.000 1.000 1.000 1.000 1.000 1.000 1.000 1.000 1.000 1.000  9.1112648920E-02   0.08535   1.00000   0.00000   0.00000   0.5145987E-03
  4972  4.567910241411101E+06  37.748331  5.728338  4.493789  0.5786736E+00  0.4075889E+00  3.3441461E-06  2.2801187E-04  2.3619801E-05  8.0958708E-03  1.0883505E-03  1.7035849E-06  9.2919917E-07  2.0700534E-03  1.3836080E-05  0.4807    4.493789  -5.671  0.653744  7.694946  0.6065944E-01  0.9256908E+00  6.1211856E-11  1.0000157E-04  2.7548128E-05  9.0908677E-03  1.1941543E-04  1.6486962E-07  3.2903318E-10  1.9807960E-03  6.5903595E-06  1.020E-11  4.883E-18  1.279E+10  3.702E+11  3.043E+00  3.998E+05  0.15480852  2.591E-06  2.636E-06  9.964E-01  1.205E-06  3.283E-06  1.005E+00  461   20.8645  9.35E-03 1.3981E+00 2.0912E+00    4.38E+02 0.00E+00 4.54E+01  0.155035  0.343912 4.38E+02 0.00E+00 4.53E+01  0.154809  0.343922  0.0000000E+00  0.0000000E+00  1.1797709E-04  2.7364135E+00  7.1463378E-02  9.3297207E-06 -8.2133879E-01  2.2420522E-01  3.8047920E-01 0.000 0.482 1.000 1.000 1.000 1.000 1.000 1.000 1.000 1.000 1.000 1.000 1.000 1.000 1.000 1.000 1.000 1.000 1.000 1.000 1.000 1.000 1.000 1.000 1.000 1.000 1.000 1.000 1.000 1.000 1.000 1.000 1.000 1.000 1.000 1.000 1.000 1.000 1.000 1.000  9.0521785539E-02   0.08425   1.00000   0.00000   0.00000   0.5093977E-03
  4977  4.570536663520826E+06  37.742739  5.728621  4.493056  0.5786478E+00  0.4076147E+00  3.3436217E-06  2.2797408E-04  2.3620898E-05  8.0960884E-03  1.0881513E-03  1.7032995E-06  9.2898299E-07  2.0700493E-03  1.3833409E-05  0.4803    4.493056  -5.672  0.654942  7.695325  0.5986219E-01  0.9264880E+00  5.9329050E-11  1.0010430E-04  2.7576769E-05  9.0908208E-03  1.1929717E-04  1.6451600E-07  3.2865313E-10  1.9806273E-03  6.6277589E-06  1.020E-11  4.883E-18  1.268E+10  3.634E+11  3.017E+00  3.925E+05  0.15443109  2.570E-06  2.615E-06  9.964E-01  1.202E-06  3.275E-06  1.005E+00  461   20.8645  9.35E-03 1.3850E+00 2.0716E+00    4.37E+02 0.00E+00 4.52E+01  0.154674  0.344179 4.37E+02 0.00E+00 4.51E+01  0.154431  0.344192  0.0000000E+00  0.0000000E+00  1.1744067E-04  2.7388150E+00  7.0962050E-02  9.1838935E-06 -8.2125986E-01  2.2405006E-01  3.8068763E-01 0.000 0.482 1.000 1.000 1.000 1.000 1.000 1.000 1.000 1.000 1.000 1.000 1.000 1.000 1.000 1.000 1.000 1.000 1.000 1.000 1.000 1.000 1.000 1.000 1.000 1.000 1.000 1.000 1.000 1.000 1.000 1.000 1.000 1.000 1.000 1.000 1.000 1.000 1.000 1.000  8.9933507177E-02   0.08314   1.00000   0.00000   0.00000   0.5038719E-03
  4982  4.573163085630551E+06  37.737169  5.728943  4.492308  0.5786226E+00  0.4076400E+00  3.3431085E-06  2.2793710E-04  2.3621973E-05  8.0963014E-03  1.0879564E-03  1.7030201E-06  9.2877140E-07  2.0700452E-03  1.3830795E-05  0.4797    4.492308  -5.674  0.656116  7.695707  0.5906314E-01  0.9272871E+00  5.7565405E-11  1.0020760E-04  2.7605662E-05  9.0907741E-03  1.1917761E-04  1.6415978E-07  3.2826566E-10  1.9804579E-03  6.6658213E-06  9.921E-12  4.729E-18  1.258E+10  3.572E+11  2.995E+00  3.858E+05  0.15410824  2.549E-06  2.595E-06  9.965E-01  1.199E-06  3.267E-06  1.005E+00  463   20.8645  9.35E-03 1.3719E+00 2.0522E+00    4.36E+02 0.00E+00 4.50E+01  0.154346  0.344483 4.36E+02 0.00E+00 4.49E+01  0.154108  0.344492  0.0000000E+00  0.0000000E+00  1.1694428E-04  2.7409556E+00  7.0461240E-02  9.0515847E-06 -8.2121136E-01  2.2390287E-01  3.8090992E-01 0.000 0.482 1.000 1.000 1.000 1.000 1.000 1.000 1.000 1.000 1.000 1.000 1.000 1.000 1.000 1.000 1.000 1.000 1.000 1.000 1.000 1.000 1.000 1.000 1.000 1.000 1.000 1.000 1.000 1.000 1.000 1.000 1.000 1.000 1.000 1.000 1.000 1.000 1.000 1.000  8.9347802002E-02   0.08203   1.00000   0.00000   0.00000   0.4980569E-03
  4987  4.575789507740276E+06  37.731619  5.729239  4.491626  0.5785977E+00  0.4076649E+00  3.3426032E-06  2.2790069E-04  2.3623031E-05  8.0965111E-03  1.0877645E-03  1.7027451E-06  9.2856309E-07  2.0700413E-03  1.3828221E-05  0.4791    4.491626  -5.676  0.657288  7.696092  0.5826389E-01  0.9280864E+00  5.5826662E-11  1.0031147E-04  2.7634718E-05  9.0907275E-03  1.1905695E-04  1.6380598E-07  3.2787294E-10  1.9802881E-03  6.7044901E-06  9.921E-12  4.729E-18  1.249E+10  3.510E+11  2.973E+00  3.791E+05  0.15374699  2.530E-06  2.575E-06  9.965E-01  1.197E-06  3.259E-06  1.005E+00  463   20.8279  9.35E-03 1.3592E+00 2.0333E+00    4.35E+02 0.00E+00 4.48E+01  0.153980  0.344763 4.35E+02 0.00E+00 4.48E+01  0.153747  0.344772  0.0000000E+00  0.0000000E+00  1.1644238E-04  2.7426718E+00  6.9965301E-02  8.9229046E-06 -8.2119335E-01  2.2376438E-01  3.8114732E-01 0.000 0.482 1.000 1.000 1.000 1.000 1.000 1.000 1.000 1.000 1.000 1.000 1.000 1.000 1.000 1.000 1.000 1.000 1.000 1.000 1.000 1.000 1.000 1.000 1.000 1.000 1.000 1.000 1.000 1.000 1.000 1.000 1.000 1.000 1.000 1.000 1.000 1.000 1.000 1.000  8.8764578356E-02   0.08092   1.00000   0.00000   0.00000   0.4927162E-03
  4992  4.578415929850001E+06  37.726089  5.729518  4.490980  0.5785719E+00  0.4076907E+00  3.3420787E-06  2.2786287E-04  2.3624130E-05  8.0967288E-03  1.0875652E-03  1.7024595E-06  9.2834678E-07  2.0700371E-03  1.3825548E-05  0.4788    4.490980  -5.677  0.658480  7.696484  0.5746356E-01  0.9288867E+00  5.3903953E-11  1.0041764E-04  2.7664233E-05  9.0906789E-03  1.1893504E-04  1.6344919E-07  3.2748154E-10  1.9801178E-03  6.7438227E-06  9.589E-12  4.552E-18  1.238E+10  3.435E+11  2.947E+00  3.709E+05  0.15335149  2.511E-06  2.556E-06  9.965E-01  1.194E-06  3.251E-06  1.005E+00  462   20.8279  9.35E-03 1.3467E+00 2.0147E+00    4.34E+02 0.00E+00 4.46E+01  0.153582  0.345030 4.34E+02 0.00E+00 4.46E+01  0.153351  0.345039  0.0000000E+00  0.0000000E+00  1.1592609E-04  2.7443653E+00  6.9474337E-02  8.7855981E-06 -8.2118003E-01  2.2362713E-01  3.8138802E-01 0.000 0.480 1.000 1.000 1.000 1.000 1.000 1.000 1.000 1.000 1.000 1.000 1.000 1.000 1.000 1.000 1.000 1.000 1.000 1.000 1.000 1.000 1.000 1.000 1.000 1.000 1.000 1.000 1.000 1.000 1.000 1.000 1.000 1.000 1.000 1.000 1.000 1.000 1.000 1.000  8.8183908838E-02   0.07981   1.00000   0.00000   0.00000   0.4877259E-03
  4997  4.581042351959726E+06  37.720579  5.729802  4.490241  0.5785468E+00  0.4077159E+00  3.3415684E-06  2.2782609E-04  2.3625200E-05  8.0969406E-03  1.0873713E-03  1.7021817E-06  9.2813636E-07  2.0700331E-03  1.3822949E-05  0.4783    4.490241  -5.679  0.659744  7.696883  0.5666084E-01  0.9296894E+00  5.2146217E-11  1.0052580E-04  2.7694405E-05  9.0906285E-03  1.1881162E-04  1.6308764E-07  3.2708296E-10  1.9799467E-03  6.7839337E-06  9.589E-12  4.552E-18  1.227E+10  3.368E+11  2.921E+00  3.638E+05  0.15298191  2.491E-06  2.537E-06  9.965E-01  1.191E-06  3.243E-06  1.005E+00  462   20.8279  9.35E-03 1.3340E+00 1.9959E+00    4.34E+02 0.00E+00 4.45E+01  0.153243  0.345298 4.34E+02 0.00E+00 4.44E+01  0.152982  0.345310  0.0000000E+00  0.0000000E+00  1.1539825E-04  2.7467191E+00  6.8987073E-02  8.6591220E-06 -8.2113090E-01  2.2347888E-01  3.8161216E-01 0.000 0.480 1.000 1.000 1.000 1.000 1.000 1.000 1.000 1.000 1.000 1.000 1.000 1.000 1.000 1.000 1.000 1.000 1.000 1.000 1.000 1.000 1.000 1.000 1.000 1.000 1.000 1.000 1.000 1.000 1.000 1.000 1.000 1.000 1.000 1.000 1.000 1.000 1.000 1.000  8.7605922233E-02   0.07870   1.00000   0.00000   0.00000   0.4823086E-03
  5002  4.583668774069451E+06  37.715092  5.730127  4.489492  0.5785221E+00  0.4077405E+00  3.3410681E-06  2.2779002E-04  2.3626249E-05  8.0971483E-03  1.0871813E-03  1.7019093E-06  9.2793004E-07  2.0700292E-03  1.3820400E-05  0.4777    4.489492  -5.681  0.660984  7.697286  0.5585666E-01  0.9304936E+00  5.0499319E-11  1.0063472E-04  2.7724877E-05  9.0905781E-03  1.1868683E-04  1.6272247E-07  3.2667765E-10  1.9797749E-03  6.8247744E-06  9.309E-12  4.399E-18  1.218E+10  3.307E+11  2.899E+00  3.571E+05  0.15265318  2.471E-06  2.517E-06  9.965E-01  1.188E-06  3.235E-06  1.005E+00  462   20.7913  9.35E-03 1.3214E+00 1.9771E+00    4.33E+02 0.00E+00 4.43E+01  0.152889  0.345604 4.33E+02 0.00E+00 4.42E+01  0.152653  0.345613  0.0000000E+00  0.0000000E+00  1.1487596E-04  2.7488018E+00  6.8498280E-02  8.5340737E-06 -8.2111354E-01  2.2333904E-01  3.8185104E-01 0.000 0.480 1.000 1.000 1.000 1.000 1.000 1.000 1.000 1.000 1.000 1.000 1.000 1.000 1.000 1.000 1.000 1.000 1.000 1.000 1.000 1.000 1.000 1.000 1.000 1.000 1.000 1.000 1.000 1.000 1.000 1.000 1.000 1.000 1.000 1.000 1.000 1.000 1.000 1.000  8.7030538617E-02   0.07758   1.00000   0.00000   0.00000   0.4766234E-03
  5007  4.586295196179176E+06  37.709626  5.730427  4.488816  0.5784960E+00  0.4077666E+00  3.3405387E-06  2.2775184E-04  2.3627360E-05  8.0973681E-03  1.0869801E-03  1.7016209E-06  9.2771167E-07  2.0700251E-03  1.3817702E-05  0.4772    4.488816  -5.682  0.662224  7.697694  0.5505227E-01  0.9312980E+00  4.8877177E-11  1.0074517E-04  2.7755767E-05  9.0905266E-03  1.1856083E-04  1.6235338E-07  3.2626838E-10  1.9796027E-03  6.8662946E-06  9.309E-12  4.399E-18  1.209E+10  3.245E+11  2.878E+00  3.505E+05  0.15229190  2.452E-06  2.498E-06  9.965E-01  1.185E-06  3.227E-06  1.005E+00  462   20.7913  9.35E-03 1.3090E+00 1.9587E+00    4.32E+02 0.00E+00 4.41E+01  0.152522  0.345887 4.32E+02 0.00E+00 4.40E+01  0.152292  0.345897  0.0000000E+00  0.0000000E+00  1.1437511E-04  2.7504322E+00  6.8013898E-02  8.4018850E-06 -8.2112822E-01  2.2320839E-01  3.8210604E-01 0.000 0.480 1.000 1.000 1.000 1.000 1.000 1.000 1.000 1.000 1.000 1.000 1.000 1.000 1.000 1.000 1.000 1.000 1.000 1.000 1.000 1.000 1.000 1.000 1.000 1.000 1.000 1.000 1.000 1.000 1.000 1.000 1.000 1.000 1.000 1.000 1.000 1.000 1.000 1.000  8.6457654397E-02   0.07646   1.00000   0.00000   0.00000   0.4714944E-03
  5012  4.588921618288901E+06  37.704179  5.730702  4.488139  0.5784714E+00  0.4077913E+00  3.3400386E-06  2.2771578E-04  2.3628410E-05  8.0975758E-03  1.0867900E-03  1.7013485E-06  9.2750537E-07  2.0700211E-03  1.3815153E-05  0.4770    4.488139  -5.684  0.663520  7.698110  0.5424762E-01  0.9321027E+00  4.7284151E-11  1.0085740E-04  2.7787154E-05  9.0904735E-03  1.1843360E-04  1.6198014E-07  3.2585448E-10  1.9794302E-03  6.9085169E-06  8.979E-12  4.224E-18  1.197E+10  3.168E+11  2.850E+00  3.421E+05  0.15187829  2.432E-06  2.479E-06  9.966E-01  1.182E-06  3.219E-06  1.005E+00  462   20.7913  9.35E-03 1.2968E+00 1.9405E+00    4.31E+02 0.00E+00 4.39E+01  0.152125  0.346157 4.31E+02 0.00E+00 4.38E+01  0.151878  0.346160  0.0000000E+00  0.0000000E+00  1.1385264E-04  2.7521685E+00  6.7533557E-02  8.2819683E-06 -8.2113954E-01  2.2307642E-01  3.8236015E-01 0.000 0.480 1.000 1.000 1.000 1.000 1.000 1.000 1.000 1.000 1.000 1.000 1.000 1.000 1.000 1.000 1.000 1.000 1.000 1.000 1.000 1.000 1.000 1.000 1.000 1.000 1.000 1.000 1.000 1.000 1.000 1.000 1.000 1.000 1.000 1.000 1.000 1.000 1.000 1.000  8.5887337846E-02   0.07534   1.00000   0.00000   0.00000   0.4665881E-03
  5017  4.591548040398626E+06  37.698755  5.731008  4.487395  0.5784469E+00  0.4078158E+00  3.3395413E-06  2.2767991E-04  2.3629454E-05  8.0977823E-03  1.0866010E-03  1.7010776E-06  9.2730023E-07  2.0700172E-03  1.3812619E-05  0.4763    4.487395  -5.686  0.664828  7.698531  0.5343856E-01  0.9329117E+00  4.5461738E-11  1.0097341E-04  2.7819354E-05  9.0904169E-03  1.1830441E-04  1.6160115E-07  3.2543823E-10  1.9792563E-03  6.9517057E-06  8.979E-12  4.224E-18  1.188E+10  3.106E+11  2.827E+00  3.354E+05  0.15153517  2.413E-06  2.460E-06  9.966E-01  1.180E-06  3.211E-06  1.005E+00  462   20.7913  9.35E-03 1.2844E+00 1.9221E+00    4.30E+02 0.00E+00 4.37E+01  0.151796  0.346437 4.30E+02 0.00E+00 4.36E+01  0.151535  0.346449  0.0000000E+00  0.0000000E+00  1.1331798E-04  2.7545301E+00  6.7052746E-02  8.1609729E-06 -8.2112142E-01  2.2293529E-01  3.8260068E-01 0.000 0.478 1.000 1.000 1.000 1.000 1.000 1.000 1.000 1.000 1.000 1.000 1.000 1.000 1.000 1.000 1.000 1.000 1.000 1.000 1.000 1.000 1.000 1.000 1.000 1.000 1.000 1.000 1.000 1.000 1.000 1.000 1.000 1.000 1.000 1.000 1.000 1.000 1.000 1.000  8.5319777673E-02   0.07422   1.00000   0.00000   0.00000   0.4613778E-03
  5022  4.594174462508351E+06  37.693353  5.731334  4.486666  0.5784212E+00  0.4078416E+00  3.3390198E-06  2.2764230E-04  2.3630550E-05  8.0979989E-03  1.0864028E-03  1.7007935E-06  9.2708509E-07  2.0700131E-03  1.3809961E-05  0.4757    4.486666  -5.687  0.666138  7.698958  0.5262930E-01  0.9337210E+00  4.3930692E-11  1.0108868E-04  2.7851625E-05  9.0903622E-03  1.1817391E-04  1.6122509E-07  3.2500935E-10  1.9790820E-03  6.9956528E-06  8.689E-12  4.051E-18  1.179E+10  3.045E+11  2.806E+00  3.289E+05  0.15119130  2.394E-06  2.442E-06  9.966E-01  1.177E-06  3.203E-06  1.005E+00  462   20.7546  9.35E-03 1.2721E+00 1.9038E+00    4.29E+02 0.00E+00 4.35E+01  0.151427  0.346744 4.29E+02 0.00E+00 4.34E+01  0.151191  0.346753  0.0000000E+00  0.0000000E+00  1.1279305E-04  2.7563943E+00  6.6572309E-02  8.0323711E-06 -8.2114788E-01  2.2280642E-01  3.8286252E-01 0.000 0.478 1.000 1.000 1.000 1.000 1.000 1.000 1.000 1.000 1.000 1.000 1.000 1.000 1.000 1.000 1.000 1.000 1.000 1.000 1.000 1.000 1.000 1.000 1.000 1.000 1.000 1.000 1.000 1.000 1.000 1.000 1.000 1.000 1.000 1.000 1.000 1.000 1.000 1.000  8.4754789926E-02   0.07310   1.00000   0.00000   0.00000   0.4561605E-03
  5027  4.596800884618076E+06  37.687971  5.731633  4.485996  0.5783961E+00  0.4078667E+00  3.3385115E-06  2.2760563E-04  2.3631619E-05  8.0982100E-03  1.0862095E-03  1.7005166E-06  9.2687535E-07  2.0700091E-03  1.3807370E-05  0.4751    4.485996  -5.689  0.667454  7.699391  0.5181985E-01  0.9345305E+00  4.2424437E-11  1.0120564E-04  2.7884353E-05  9.0903062E-03  1.1804209E-04  1.6084633E-07  3.2457723E-10  1.9789074E-03  7.0403645E-06  8.689E-12  4.051E-18  1.170E+10  2.985E+11  2.785E+00  3.223E+05  0.15081790  2.376E-06  2.423E-06  9.966E-01  1.174E-06  3.195E-06  1.005E+00  462   20.7546  9.35E-03 1.2600E+00 1.8858E+00    4.29E+02 0.00E+00 4.33E+01  0.151048  0.347026 4.29E+02 0.00E+00 4.32E+01  0.150818  0.347035  0.0000000E+00  0.0000000E+00  1.1227930E-04  2.7578723E+00  6.6095400E-02  7.9118409E-06 -8.2120332E-01  2.2268566E-01  3.8313873E-01 0.000 0.478 1.000 1.000 1.000 1.000 1.000 1.000 1.000 1.000 1.000 1.000 1.000 1.000 1.000 1.000 1.000 1.000 1.000 1.000 1.000 1.000 1.000 1.000 1.000 1.000 1.000 1.000 1.000 1.000 1.000 1.000 1.000 1.000 1.000 1.000 1.000 1.000 1.000 1.000  8.4192360485E-02   0.07197   1.00000   0.00000   0.00000   0.4513529E-03
  5032  4.599427306727801E+06  37.682608  5.731909  4.485325  0.5783711E+00  0.4078916E+00  3.3380056E-06  2.2756913E-04  2.3632682E-05  8.0984202E-03  1.0860172E-03  1.7002409E-06  9.2666661E-07  2.0700051E-03  1.3804792E-05  0.4748    4.485325  -5.691  0.668825  7.699834  0.5100975E-01  0.9353406E+00  4.0894563E-11  1.0132506E-04  2.7917710E-05  9.0902479E-03  1.1790882E-04  1.6046281E-07  3.2414133E-10  1.9787322E-03  7.0858899E-06  8.349E-12  3.854E-18  1.161E+10  2.921E+11  2.762E+00  3.155E+05  0.15040327  2.357E-06  2.405E-06  9.966E-01  1.171E-06  3.187E-06  1.005E+00  463   20.7546  9.35E-03 1.2481E+00 1.8680E+00    4.28E+02 0.00E+00 4.31E+01  0.150646  0.347297 4.28E+02 0.00E+00 4.31E+01  0.150403  0.347300  0.0000000E+00  0.0000000E+00  1.1175650E-04  2.7594483E+00  6.5623486E-02  7.7981376E-06 -8.2125692E-01  2.2256407E-01  3.8341485E-01 0.000 0.477 1.000 1.000 1.000 1.000 1.000 1.000 1.000 1.000 1.000 1.000 1.000 1.000 1.000 1.000 1.000 1.000 1.000 1.000 1.000 1.000 1.000 1.000 1.000 1.000 1.000 1.000 1.000 1.000 1.000 1.000 1.000 1.000 1.000 1.000 1.000 1.000 1.000 1.000  8.3632527474E-02   0.07085   1.00000   0.00000   0.00000   0.4467028E-03
  5037  4.602053728837525E+06  37.677267  5.732221  4.484593  0.5783464E+00  0.4079164E+00  3.3375054E-06  2.2753303E-04  2.3633735E-05  8.0986280E-03  1.0858270E-03  1.6999683E-06  9.2646017E-07  2.0700012E-03  1.3802242E-05  0.4742    4.484593  -5.693  0.670222  7.700281  0.5019558E-01  0.9361548E+00  3.9265795E-11  1.0144803E-04  2.7951918E-05  9.0901864E-03  1.1777351E-04  1.6007244E-07  3.2370160E-10  1.9785557E-03  7.1324692E-06  8.349E-12  3.854E-18  1.149E+10  2.848E+11  2.735E+00  3.075E+05  0.15003648  2.338E-06  2.387E-06  9.966E-01  1.169E-06  3.180E-06  1.005E+00  464   20.7178  9.35E-03 1.2364E+00 1.8506E+00    4.27E+02 0.00E+00 4.29E+01  0.150279  0.347581 4.27E+02 0.00E+00 4.29E+01  0.150036  0.347594  0.0000000E+00  0.0000000E+00  1.1120066E-04  2.7617328E+00  6.5152832E-02  7.6787258E-06 -8.2127733E-01  2.2243230E-01  3.8367543E-01 0.000 0.476 0.716 0.719 0.722 0.724 0.729 0.731 0.735 0.742 0.751 0.755 1.000 1.000 1.000 1.000 1.000 1.000 1.000 1.000 1.000 1.000 1.000 1.000 1.000 1.000 1.000 1.000 1.000 1.000 1.000 1.000 1.000 1.000 1.000 1.000 1.000 1.000 1.000 1.000  8.3075452076E-02   0.06972   1.00000   0.00000   0.00000   0.4417211E-03
  5042  4.604680150947250E+06  37.671949  5.732565  4.483861  0.5783216E+00  0.4079412E+00  3.3370032E-06  2.2749679E-04  2.3634792E-05  8.0988367E-03  1.0856360E-03  1.6996945E-06  9.2625291E-07  2.0699973E-03  1.3799681E-05  0.4736    4.483861  -5.694  0.671597  7.700736  0.4938122E-01  0.9369691E+00  3.7849808E-11  1.0157166E-04  2.7986523E-05  9.0901249E-03  1.1763675E-04  1.5967820E-07  3.2325150E-10  1.9783789E-03  7.1798946E-06  8.056E-12  3.680E-18  1.141E+10  2.788E+11  2.715E+00  3.011E+05  0.14966850  2.319E-06  2.371E-06  9.967E-01  1.166E-06  3.172E-06  1.005E+00  485   20.7178  9.35E-03 1.2255E+00 1.8345E+00    4.26E+02 0.00E+00 4.27E+01  0.149908  0.347906 4.26E+02 0.00E+00 4.27E+01  0.149669  0.347913  0.0000000E+00  0.0000000E+00  1.1067739E-04  2.7635194E+00  6.4688677E-02  7.5632804E-06 -8.2134348E-01  2.2231358E-01  3.8395613E-01 0.000 0.476 0.672 0.673 0.676 0.678 0.680 0.683 0.686 0.689 0.694 0.697 0.699 0.706 0.711 0.714 0.717 0.723 0.732 0.736 0.741 0.745 1.000 1.000 1.000 1.000 1.000 1.000 1.000 1.000 1.000 1.000 1.000 1.000 1.000 1.000 1.000 1.000 1.000 1.000  8.2521014260E-02   0.06859   1.00000   0.00000   0.00000   0.4365465E-03
  5047  4.607306573056975E+06  37.666650  5.732867  4.483213  0.5782968E+00  0.4079660E+00  3.3364999E-06  2.2746047E-04  2.3635852E-05  8.0990458E-03  1.0854446E-03  1.6994201E-06  9.2604515E-07  2.0699933E-03  1.3797115E-05  0.4731    4.483213  -5.696  0.673000  7.701198  0.4856666E-01  0.9377837E+00  3.6458133E-11  1.0169741E-04  2.8021714E-05  9.0900616E-03  1.1749854E-04  1.5927962E-07  3.2279529E-10  1.9782016E-03  7.2281719E-06  8.056E-12  3.680E-18  1.132E+10  2.728E+11  2.695E+00  2.946E+05  0.14928958  2.301E-06  2.353E-06  9.967E-01  1.163E-06  3.164E-06  1.005E+00  483   20.7178  9.35E-03 1.2139E+00 1.8172E+00    4.26E+02 0.00E+00 4.26E+01  0.149513  0.348191 4.26E+02 0.00E+00 4.25E+01  0.149290  0.348198  0.0000000E+00  0.0000000E+00  1.1017018E-04  2.7647462E+00  6.4224112E-02  7.4548734E-06 -8.2144960E-01  2.2220518E-01  3.8425871E-01 0.000 0.476 0.671 0.674 0.686 0.690 0.692 0.694 0.703 0.706 0.711 0.714 0.717 0.724 0.726 0.728 0.731 0.735 1.000 1.000 1.000 1.000 1.000 1.000 1.000 1.000 1.000 1.000 1.000 1.000 1.000 1.000 1.000 1.000 1.000 1.000 1.000 1.000 1.000 1.000  8.1969164912E-02   0.06745   1.00000   0.00000   0.00000   0.4319622E-03
  5052  4.609932995166700E+06  37.661370  5.733151  4.482558  0.5782721E+00  0.4079907E+00  3.3360008E-06  2.2742444E-04  2.3636903E-05  8.0992533E-03  1.0852547E-03  1.6991480E-06  9.2583913E-07  2.0699894E-03  1.3794570E-05  0.4728    4.482558  -5.697  0.674466  7.701671  0.4775166E-01  0.9385987E+00  3.5060805E-11  1.0182498E-04  2.8057397E-05  9.0899969E-03  1.1735880E-04  1.5888248E-07  3.2232858E-10  1.9780238E-03  7.2773472E-06  7.718E-12  3.488E-18  1.123E+10  2.666E+11  2.674E+00  2.880E+05  0.14887723  2.283E-06  2.337E-06  9.967E-01  1.160E-06  3.156E-06  1.005E+00  484   20.6811  9.35E-03 1.2027E+00 1.8005E+00    4.25E+02 0.00E+00 4.24E+01  0.149118  0.348452 4.25E+02 0.00E+00 4.23E+01  0.148877  0.348469  0.0000000E+00  0.0000000E+00  1.0962538E-04  2.7661668E+00  6.3763876E-02  7.3430826E-06 -8.2155106E-01  2.2209515E-01  3.8455993E-01 0.000 0.475 0.671 0.676 0.685 0.687 0.699 0.700 0.706 0.711 0.714 0.723 0.728 0.731 1.000 1.000 1.000 1.000 1.000 1.000 1.000 1.000 1.000 1.000 1.000 1.000 1.000 1.000 1.000 1.000 1.000 1.000 1.000 1.000 1.000 1.000 1.000 1.000 1.000 1.000  8.1419883522E-02   0.06632   1.00000   0.00000   0.00000   0.4274811E-03
  5057  4.612559417276425E+06  37.656111  5.733474  4.481838  0.5782478E+00  0.4080150E+00  3.3355092E-06  2.2738895E-04  2.3637939E-05  8.0994576E-03  1.0850677E-03  1.6988800E-06  9.2563619E-07  2.0699855E-03  1.3792063E-05  0.4721    4.481838  -5.699  0.675966  7.702152  0.4693238E-01  0.9394180E+00  3.3556620E-11  1.0195655E-04  2.8094011E-05  9.0899286E-03  1.1721680E-04  1.5848037E-07  3.2185974E-10  1.9778446E-03  7.3276984E-06  7.718E-12  3.488E-18  1.112E+10  2.594E+11  2.647E+00  2.801E+05  0.14846351  2.264E-06  2.320E-06  9.967E-01  1.158E-06  3.148E-06  1.005E+00  480   20.6811  9.35E-03 1.1918E+00 1.7843E+00    4.24E+02 0.00E+00 4.22E+01  0.148692  0.348760 4.24E+02 0.00E+00 4.21E+01  0.148464  0.348772  0.0000000E+00  0.0000000E+00  1.0906586E-04  2.7682063E+00  6.3310320E-02  7.2320971E-06 -8.2162619E-01  2.2197668E-01  3.8484893E-01 0.000 0.474 0.673 0.674 0.682 0.684 0.693 0.699 0.702 0.706 0.710 0.717 0.727 0.727 1.000 1.000 1.000 1.000 1.000 1.000 1.000 1.000 1.000 1.000 1.000 1.000 1.000 1.000 1.000 1.000 1.000 1.000 1.000 1.000 1.000 1.000 1.000 1.000 1.000 1.000  8.0873402737E-02   0.06518   1.00000   0.00000   0.00000   0.4226462E-03
  5062  4.615185839386150E+06  37.650874  5.733809  4.481135  0.5782235E+00  0.4080393E+00  3.3350176E-06  2.2735346E-04  2.3638976E-05  8.0996619E-03  1.0848807E-03  1.6986119E-06  9.2543322E-07  2.0699816E-03  1.3789556E-05  0.4715    4.481135  -5.701  0.677461  7.702641  0.4611292E-01  0.9402375E+00  3.2253438E-11  1.0208905E-04  2.8131115E-05  9.0898601E-03  1.1707324E-04  1.5807459E-07  3.2137937E-10  1.9776650E-03  7.3789803E-06  7.383E-12  3.299E-18  1.104E+10  2.535E+11  2.628E+00  2.738E+05  0.14814793  2.247E-06  2.303E-06  9.967E-01  1.155E-06  3.141E-06  1.005E+00  481   20.6811  9.35E-03 1.1800E+00 1.7668E+00    4.23E+02 0.00E+00 4.20E+01  0.148366  0.349077 4.23E+02 0.00E+00 4.19E+01  0.148148  0.349084  0.0000000E+00  0.0000000E+00  1.0859190E-04  2.7695886E+00  6.2850326E-02  7.1268253E-06 -8.2175767E-01  2.2187315E-01  3.8516580E-01 0.000 0.474 0.671 0.675 0.682 0.689 0.692 0.693 0.699 0.700 0.704 0.707 0.727 0.727 1.000 1.000 1.000 1.000 1.000 1.000 1.000 1.000 1.000 1.000 1.000 1.000 1.000 1.000 1.000 1.000 1.000 1.000 1.000 1.000 1.000 1.000 1.000 1.000 1.000 1.000  8.0329502766E-02   0.06405   1.00000   0.00000   0.00000   0.4177522E-03
  5068  4.618337545917820E+06  37.644614  5.734172  4.480381  0.5781940E+00  0.4080689E+00  3.3344195E-06  2.2731028E-04  2.3640238E-05  8.0999106E-03  1.0846531E-03  1.6982857E-06  9.2518628E-07  2.0699769E-03  1.3786506E-05  0.4708    4.480381  -5.703  0.679275  7.703238  0.4512935E-01  0.9412211E+00  3.0724035E-11  1.0225117E-04  2.8176505E-05  9.0897750E-03  1.1689890E-04  1.5758144E-07  3.2079466E-10  1.9774489E-03  7.4417577E-06  7.383E-12  3.299E-18  1.095E+10  2.465E+11  2.606E+00  2.662E+05  0.14767275  2.226E-06  2.283E-06  9.967E-01  1.152E-06  3.131E-06  1.004E+00  476   20.6442  9.35E-03 1.1668E+00 1.7470E+00    4.22E+02 0.00E+00 4.18E+01  0.147893  0.349418 4.22E+02 0.00E+00 4.17E+01  0.147673  0.349427  0.0000000E+00  0.0000000E+00  1.0798936E-04  2.7707190E+00  6.2305274E-02  6.9999060E-06 -8.2195721E-01  2.2176049E-01  3.8556700E-01 0.000 0.474 0.670 0.676 0.680 0.682 0.698 0.702 0.727 0.728 1.000 1.000 1.000 1.000 1.000 1.000 1.000 1.000 1.000 1.000 1.000 1.000 1.000 1.000 1.000 1.000 1.000 1.000 1.000 1.000 1.000 1.000 1.000 1.000 1.000 1.000 1.000 1.000 1.000 1.000  7.9680077037E-02   0.06268   1.00000   0.00000   0.00000   0.4125068E-03
  5073  4.620963968027545E+06  37.639418  5.734455  4.479704  0.5781696E+00  0.4080933E+00  3.3339273E-06  2.2727473E-04  2.3641277E-05  8.1001152E-03  1.0844658E-03  1.6980172E-06  9.2498300E-07  2.0699730E-03  1.3783995E-05  0.4704    4.479704  -5.704  0.680893  7.703752  0.4430528E-01  0.9420452E+00  2.9297478E-11  1.0239204E-04  2.8215668E-05  9.0896983E-03  1.1675107E-04  1.5716173E-07  3.2030207E-10  1.9772674E-03  7.4954332E-06  7.089E-12  3.131E-18  1.084E+10  2.392E+11  2.579E+00  2.583E+05  0.14729301  2.209E-06  2.262E-06  9.968E-01  1.149E-06  3.124E-06  1.004E+00  477   20.6442  9.35E-03 1.1535E+00 1.7273E+00    4.22E+02 0.00E+00 4.16E+01  0.147501  0.349687 4.22E+02 0.00E+00 4.15E+01  0.147293  0.349698  0.0000000E+00  0.0000000E+00  1.0744990E-04  2.7724953E+00  6.1852631E-02  6.8925301E-06 -8.2207746E-01  2.2165310E-01  3.8588070E-01 0.000 0.472 0.685 0.689 1.000 1.000 1.000 1.000 1.000 1.000 1.000 1.000 1.000 1.000 1.000 1.000 1.000 1.000 1.000 1.000 1.000 1.000 1.000 1.000 1.000 1.000 1.000 1.000 1.000 1.000 1.000 1.000 1.000 1.000 1.000 1.000 1.000 1.000 1.000 1.000  7.9141785972E-02   0.06154   1.00000   0.00000   0.00000   0.4081373E-03
  5078  4.623590390137270E+06  37.634244  5.734798  4.478974  0.5781454E+00  0.4081176E+00  3.3334369E-06  2.2723931E-04  2.3642312E-05  8.1003192E-03  1.0842792E-03  1.6977496E-06  9.2478047E-07  2.0699691E-03  1.3781494E-05  0.4698    4.478974  -5.706  0.682495  7.704272  0.4348107E-01  0.9428694E+00  2.8087424E-11  1.0253304E-04  2.8255182E-05  9.0896224E-03  1.1660159E-04  1.5674193E-07  3.1979233E-10  1.9770854E-03  7.5501201E-06  7.089E-12  3.131E-18  1.076E+10  2.334E+11  2.560E+00  2.520E+05  0.14698648  2.192E-06  2.244E-06  9.968E-01  1.146E-06  3.116E-06  1.004E+00  480   20.6073  9.35E-03 1.1415E+00 1.7094E+00    4.21E+02 0.00E+00 4.14E+01  0.147196  0.350011 4.21E+02 0.00E+00 4.14E+01  0.146986  0.350017  0.0000000E+00  0.0000000E+00  1.0696939E-04  2.7740392E+00  6.1396790E-02  6.7903527E-06 -8.2223722E-01  2.2155617E-01  3.8621160E-01 0.000 0.472 0.674 0.676 0.679 0.682 1.000 1.000 1.000 1.000 1.000 1.000 1.000 1.000 1.000 1.000 1.000 1.000 1.000 1.000 1.000 1.000 1.000 1.000 1.000 1.000 1.000 1.000 1.000 1.000 1.000 1.000 1.000 1.000 1.000 1.000 1.000 1.000 1.000 1.000  7.8605926448E-02   0.06039   1.00000   0.00000   0.00000   0.4032494E-03
  5083  4.626216812246995E+06  37.629091  5.735119  4.478317  0.5781212E+00  0.4081418E+00  3.3329484E-06  2.2720402E-04  2.3643344E-05  8.1005223E-03  1.0840932E-03  1.6974831E-06  9.2457871E-07  2.0699653E-03  1.3779002E-05  0.4692    4.478317  -5.708  0.684112  7.704802  0.4265670E-01  0.9436938E+00  2.6901503E-11  1.0267640E-04  2.8295348E-05  9.0895446E-03  1.1645041E-04  1.5632202E-07  3.1927417E-10  1.9769029E-03  7.6058555E-06  6.755E-12  2.947E-18  1.068E+10  2.276E+11  2.542E+00  2.458E+05  0.14664016  2.175E-06  2.228E-06  9.968E-01  1.143E-06  3.108E-06  1.004E+00  476   20.6073  9.35E-03 1.1306E+00 1.6933E+00    4.20E+02 0.00E+00 4.13E+01  0.146865  0.350310 4.20E+02 0.00E+00 4.12E+01  0.146640  0.350319  0.0000000E+00  0.0000000E+00  1.0650205E-04  2.7749842E+00  6.0949845E-02  6.6880602E-06 -8.2244441E-01  2.2147235E-01  3.8656611E-01 0.000 0.472 0.670 0.673 0.674 0.677 1.000 1.000 1.000 1.000 1.000 1.000 1.000 1.000 1.000 1.000 1.000 1.000 1.000 1.000 1.000 1.000 1.000 1.000 1.000 1.000 1.000 1.000 1.000 1.000 1.000 1.000 1.000 1.000 1.000 1.000 1.000 1.000 1.000 1.000  7.8072454790E-02   0.05925   1.00000   0.00000   0.00000   0.3987625E-03
  5089  4.629368518778665E+06  37.622931  5.735479  4.477566  0.5780920E+00  0.4081709E+00  3.3323593E-06  2.2716146E-04  2.3644589E-05  8.1007673E-03  1.0838690E-03  1.6971617E-06  9.2433538E-07  2.0699606E-03  1.3775996E-05  0.4685    4.477566  -5.710  0.686104  7.705452  0.4166593E-01  0.9446845E+00  2.5379850E-11  1.0285388E-04  2.8344850E-05  9.0894456E-03  1.1626645E-04  1.5581035E-07  3.1864748E-10  1.9766830E-03  7.6742626E-06  6.755E-12  2.947E-18  1.057E+10  2.195E+11  2.516E+00  2.371E+05  0.14617447  2.156E-06  2.207E-06  9.968E-01  1.140E-06  3.099E-06  1.004E+00  474   20.6073  9.35E-03 1.1168E+00 1.6727E+00    4.19E+02 0.00E+00 4.10E+01  0.146380  0.350644 4.19E+02 0.00E+00 4.10E+01  0.146174  0.350660  0.0000000E+00  0.0000000E+00  1.0587735E-04  2.7761388E+00  6.0419741E-02  6.5684716E-06 -8.2270206E-01  2.2137358E-01  3.8699752E-01 0.000 0.470 1.000 1.000 1.000 1.000 1.000 1.000 1.000 1.000 1.000 1.000 1.000 1.000 1.000 1.000 1.000 1.000 1.000 1.000 1.000 1.000 1.000 1.000 1.000 1.000 1.000 1.000 1.000 1.000 1.000 1.000 1.000 1.000 1.000 1.000 1.000 1.000 1.000 1.000  7.7435609592E-02   0.05787   1.00000   0.00000   0.00000   0.3937204E-03
  5094  4.631994940888390E+06  37.617821  5.735799  4.476828  0.5780681E+00  0.4081949E+00  3.3318759E-06  2.2712654E-04  2.3645611E-05  8.1009684E-03  1.0836850E-03  1.6968979E-06  9.2413569E-07  2.0699568E-03  1.3773530E-05  0.4680    4.476828  -5.712  0.687863  7.706012  0.4083681E-01  0.9455137E+00  2.4228235E-11  1.0300583E-04  2.8387350E-05  9.0893594E-03  1.1611057E-04  1.5537664E-07  3.1811088E-10  1.9764985E-03  7.7327418E-06  6.462E-12  2.784E-18  1.048E+10  2.136E+11  2.495E+00  2.306E+05  0.14579614  2.138E-06  2.190E-06  9.968E-01  1.137E-06  3.091E-06  1.004E+00  477   20.5703  9.35E-03 1.1053E+00 1.6555E+00    4.18E+02 0.00E+00 4.09E+01  0.146056  0.350950 4.18E+02 0.00E+00 4.08E+01  0.145796  0.350961  0.0000000E+00  0.0000000E+00  1.0537345E-04  2.7777650E+00  5.9978337E-02  6.4717504E-06 -8.2289481E-01  2.2128413E-01  3.8734635E-01 0.000 0.470 1.000 1.000 1.000 1.000 1.000 1.000 1.000 1.000 1.000 1.000 1.000 1.000 1.000 1.000 1.000 1.000 1.000 1.000 1.000 1.000 1.000 1.000 1.000 1.000 1.000 1.000 1.000 1.000 1.000 1.000 1.000 1.000 1.000 1.000 1.000 1.000 1.000 1.000  7.6907722668E-02   0.05672   1.00000   0.00000   0.00000   0.3890438E-03
  5099  4.634621362998115E+06  37.612732  5.736140  4.476124  0.5780443E+00  0.4082187E+00  3.3313947E-06  2.2709177E-04  2.3646629E-05  8.1011686E-03  1.0835017E-03  1.6966352E-06  9.2393689E-07  2.0699530E-03  1.3771075E-05  0.4674    4.476124  -5.713  0.689603  7.706580  0.4000758E-01  0.9463429E+00  2.3134129E-11  1.0316016E-04  2.8430588E-05  9.0892712E-03  1.1595289E-04  1.5493773E-07  3.1756458E-10  1.9763135E-03  7.7923736E-06  6.462E-12  2.784E-18  1.041E+10  2.079E+11  2.478E+00  2.245E+05  0.14548907  2.121E-06  2.173E-06  9.968E-01  1.135E-06  3.084E-06  1.004E+00  475   20.5703  9.35E-03 1.0941E+00 1.6389E+00    4.18E+02 0.00E+00 4.07E+01  0.145692  0.351271 4.18E+02 0.00E+00 4.06E+01  0.145489  0.351279  0.0000000E+00  0.0000000E+00  1.0486480E-04  2.7787215E+00  5.9534112E-02  6.3725053E-06 -8.2314789E-01  2.2121113E-01  3.8772391E-01 0.000 0.470 1.000 1.000 1.000 1.000 1.000 1.000 1.000 1.000 1.000 1.000 1.000 1.000 1.000 1.000 1.000 1.000 1.000 1.000 1.000 1.000 1.000 1.000 1.000 1.000 1.000 1.000 1.000 1.000 1.000 1.000 1.000 1.000 1.000 1.000 1.000 1.000 1.000 1.000  7.6382370716E-02   0.05557   1.00000   0.00000   0.00000   0.3844042E-03
  5105  4.637773069529785E+06  37.606652  5.736516  4.475362  0.5780161E+00  0.4082469E+00  3.3308267E-06  2.2705072E-04  2.3647831E-05  8.1014049E-03  1.0832855E-03  1.6963252E-06  9.2370221E-07  2.0699485E-03  1.3768176E-05  0.4668    4.475362  -5.715  0.691734  7.707277  0.3901148E-01  0.9473391E+00  2.1744200E-11  1.0335007E-04  2.8483627E-05  9.0891608E-03  1.1576106E-04  1.5441010E-07  3.1689334E-10  1.9760907E-03  7.8655712E-06  6.130E-12  2.606E-18  1.031E+10  2.001E+11  2.453E+00  2.161E+05  0.14506804  2.103E-06  2.154E-06  9.969E-01  1.131E-06  3.075E-06  1.004E+00  474   20.5333  9.35E-03 1.0810E+00 1.6194E+00    4.17E+02 0.00E+00 4.05E+01  0.145280  0.351625 4.17E+02 0.00E+00 4.04E+01  0.145068  0.351634  0.0000000E+00  0.0000000E+00  1.0430772E-04  2.7794515E+00  5.9011475E-02  6.2584782E-06 -8.2349081E-01  2.2113415E-01  3.8819702E-01 0.000 0.468 1.000 1.000 1.000 1.000 1.000 1.000 1.000 1.000 1.000 1.000 1.000 1.000 1.000 1.000 1.000 1.000 1.000 1.000 1.000 1.000 1.000 1.000 1.000 1.000 1.000 1.000 1.000 1.000 1.000 1.000 1.000 1.000 1.000 1.000 1.000 1.000 1.000 1.000  7.5755099025E-02   0.05418   1.00000   0.00000   0.00000   0.3793425E-03
  5110  4.640399491639510E+06  37.601606  5.736825  4.474650  0.5779926E+00  0.4082704E+00  3.3303525E-06  2.2701645E-04  2.3648834E-05  8.1016022E-03  1.0831049E-03  1.6960663E-06  9.2350629E-07  2.0699448E-03  1.3765757E-05  0.4663    4.474650  -5.717  0.693618  7.707878  0.3817930E-01  0.9481713E+00  2.0680121E-11  1.0351284E-04  2.8529166E-05  9.0890644E-03  1.1559869E-04  1.5396630E-07  3.1632049E-10  1.9759040E-03  7.9281171E-06  6.130E-12  2.606E-18  1.022E+10  1.942E+11  2.433E+00  2.097E+05  0.14470114  2.086E-06  2.138E-06  9.969E-01  1.129E-06  3.067E-06  1.004E+00  477   20.5333  9.35E-03 1.0701E+00 1.6032E+00    4.16E+02 0.00E+00 4.03E+01  0.144927  0.351914 4.16E+02 0.00E+00 4.02E+01  0.144701  0.351926  0.0000000E+00  0.0000000E+00  1.0377751E-04  2.7806805E+00  5.8579598E-02  6.1670414E-06 -8.2375360E-01  2.2106252E-01  3.8858119E-01 0.000 0.468 0.758 0.762 1.000 1.000 1.000 1.000 1.000 1.000 1.000 1.000 1.000 1.000 1.000 1.000 1.000 1.000 1.000 1.000 1.000 1.000 1.000 1.000 1.000 1.000 1.000 1.000 1.000 1.000 1.000 1.000 1.000 1.000 1.000 1.000 1.000 1.000 1.000 1.000  7.5235151600E-02   0.05303   1.00000   0.00000   0.00000   0.3749179E-03
  5115  4.643025913749235E+06  37.596583  5.737179  4.473918  0.5779690E+00  0.4082940E+00  3.3298767E-06  2.2698206E-04  2.3649842E-05  8.1018002E-03  1.0829237E-03  1.6958065E-06  9.2330966E-07  2.0699410E-03  1.3763328E-05  0.4656    4.473918  -5.719  0.695500  7.708490  0.3734534E-01  0.9490052E+00  1.9676337E-11  1.0367869E-04  2.8575667E-05  9.0889653E-03  1.1543403E-04  1.5351659E-07  3.1573542E-10  1.9757164E-03  7.9920927E-06  5.840E-12  2.449E-18  1.016E+10  1.886E+11  2.417E+00  2.037E+05  0.14433582  2.068E-06  2.123E-06  9.969E-01  1.126E-06  3.059E-06  1.004E+00  488   20.4962  9.35E-03 1.0596E+00 1.5875E+00    4.15E+02 0.00E+00 4.01E+01  0.144599  0.352246 4.15E+02 0.00E+00 4.01E+01  0.144336  0.352255  0.0000000E+00  0.0000000E+00  1.0328006E-04  2.7815385E+00  5.8147371E-02  6.0730189E-06 -8.2406484E-01  2.2100397E-01  3.8898757E-01 0.000 0.468 0.716 0.720 0.721 0.725 0.727 0.729 0.733 0.738 0.741 0.746 0.754 0.757 1.000 1.000 1.000 1.000 1.000 1.000 1.000 1.000 1.000 1.000 1.000 1.000 1.000 1.000 1.000 1.000 1.000 1.000 1.000 1.000 1.000 1.000 1.000 1.000 1.000 1.000  7.4717780381E-02   0.05187   1.00000   0.00000   0.00000   0.3702385E-03
  5120  4.645652335858960E+06  37.591581  5.737511  4.473242  0.5779458E+00  0.4083173E+00  3.3294085E-06  2.2694821E-04  2.3650834E-05  8.1019950E-03  1.0827453E-03  1.6955509E-06  9.2311616E-07  2.0699373E-03  1.3760939E-05  0.4650    4.473242  -5.721  0.697407  7.709115  0.3651129E-01  0.9498393E+00  1.8697771E-11  1.0384857E-04  2.8623286E-05  9.0888621E-03  1.1526738E-04  1.5306070E-07  3.1514066E-10  1.9755283E-03  8.0574103E-06  5.840E-12  2.449E-18  1.009E+10  1.830E+11  2.402E+00  1.977E+05  0.14402531  2.053E-06  2.108E-06  9.969E-01  1.123E-06  3.052E-06  1.004E+00  485   20.4962  9.35E-03 1.0490E+00 1.5717E+00    4.14E+02 0.00E+00 4.00E+01  0.144240  0.352558 4.14E+02 0.00E+00 3.99E+01  0.144025  0.352565  0.0000000E+00  0.0000000E+00  1.0278645E-04  2.7817303E+00  5.7713223E-02  5.9807575E-06 -8.2443021E-01  2.2096016E-01  3.8942094E-01 0.000 0.468 0.703 0.704 0.706 0.709 0.711 0.714 0.716 0.720 0.728 0.730 0.735 0.739 0.746 0.749 1.000 1.000 1.000 1.000 1.000 1.000 1.000 1.000 1.000 1.000 1.000 1.000 1.000 1.000 1.000 1.000 1.000 1.000 1.000 1.000 1.000 1.000 1.000 1.000  7.4202924782E-02   0.05071   1.00000   0.00000   0.00000   0.3659832E-03
  5125  4.648278757968685E+06  37.586598  5.737815  4.472579  0.5779227E+00  0.4083404E+00  3.3289416E-06  2.2691445E-04  2.3651824E-05  8.1021894E-03  1.0825675E-03  1.6952959E-06  9.2292317E-07  2.0699336E-03  1.3758555E-05  0.4646    4.472579  -5.723  0.699395  7.709759  0.3567713E-01  0.9506735E+00  1.7763108E-11  1.0402219E-04  2.8672024E-05  9.0887551E-03  1.1509866E-04  1.5260224E-07  3.1452792E-10  1.9753396E-03  8.1241302E-06  5.511E-12  2.278E-18  1.003E+10  1.777E+11  2.387E+00  1.919E+05  0.14366780  2.037E-06  2.092E-06  9.969E-01  1.121E-06  3.044E-06  1.004E+00  486   20.4590  9.35E-03 1.0383E+00 1.5558E+00    4.14E+02 0.00E+00 3.98E+01  0.143889  0.352847 4.14E+02 0.00E+00 3.97E+01  0.143668  0.352854  0.0000000E+00  0.0000000E+00  1.0229724E-04  2.7819154E+00  5.7283663E-02  5.8940828E-06 -8.2480830E-01  2.2091916E-01  3.8986197E-01 0.000 0.468 0.695 0.699 0.700 0.703 0.708 0.710 0.715 0.720 0.721 0.726 0.741 0.745 1.000 1.000 1.000 1.000 1.000 1.000 1.000 1.000 1.000 1.000 1.000 1.000 1.000 1.000 1.000 1.000 1.000 1.000 1.000 1.000 1.000 1.000 1.000 1.000 1.000 1.000  7.3690442840E-02   0.04955   1.00000   0.00000   0.00000   0.3619530E-03
  5130  4.650905180078410E+06  37.581636  5.738158  4.471852  0.5778996E+00  0.4083635E+00  3.3284764E-06  2.2688082E-04  2.3652810E-05  8.1023830E-03  1.0823902E-03  1.6950418E-06  9.2273089E-07  2.0699300E-03  1.3756181E-05  0.4639    4.471852  -5.725  0.701436  7.710417  0.3483860E-01  0.9515121E+00  1.6705254E-11  1.0420278E-04  2.8722352E-05  9.0886409E-03  1.1492693E-04  1.5213981E-07  3.1390696E-10  1.9751495E-03  8.1926872E-06  5.511E-12  2.278E-18  9.937E+09  1.709E+11  2.365E+00  1.846E+05  0.14334506  2.021E-06  2.078E-06  9.969E-01  1.118E-06  3.037E-06  1.004E+00  489   20.4590  9.35E-03 1.0280E+00 1.5405E+00    4.13E+02 0.00E+00 3.96E+01  0.143573  0.353164 4.13E+02 0.00E+00 3.96E+01  0.143345  0.353175  0.0000000E+00  0.0000000E+00  1.0179203E-04  2.7826151E+00  5.6856734E-02  5.8036209E-06 -8.2517926E-01  2.2087463E-01  3.9030035E-01 0.000 0.466 0.680 0.681 0.683 0.685 0.689 0.692 0.694 0.697 0.702 0.706 0.710 0.712 0.715 0.719 0.727 0.729 0.731 0.735 1.000 1.000 1.000 1.000 1.000 1.000 1.000 1.000 1.000 1.000 1.000 1.000 1.000 1.000 1.000 1.000 1.000 1.000 1.000 1.000  7.3180496414E-02   0.04839   1.00000   0.00000   0.00000   0.3576222E-03
  5135  4.653531602188135E+06  37.576697  5.738513  4.471153  0.5778767E+00  0.4083864E+00  3.3280152E-06  2.2684747E-04  2.3653789E-05  8.1025750E-03  1.0822145E-03  1.6947898E-06  9.2254022E-07  2.0699263E-03  1.3753826E-05  0.4633    4.471153  -5.726  0.703500  7.711092  0.3400004E-01  0.9523506E+00  1.5810579E-11  1.0438592E-04  2.8773729E-05  9.0885245E-03  1.1475302E-04  1.5167286E-07  3.1326777E-10  1.9749588E-03  8.2627642E-06  5.222E-12  2.127E-18  9.881E+09  1.655E+11  2.352E+00  1.787E+05  0.14301973  2.006E-06  2.063E-06  9.970E-01  1.115E-06  3.029E-06  1.004E+00  493   20.4218  9.35E-03 1.0174E+00 1.5246E+00    4.12E+02 0.00E+00 3.95E+01  0.143262  0.353498 4.12E+02 0.00E+00 3.94E+01  0.143020  0.353505  0.0000000E+00  0.0000000E+00  1.0132815E-04  2.7825561E+00  5.6426750E-02  5.7186254E-06 -8.2562163E-01  2.2084889E-01  3.9077373E-01 0.000 0.466 0.671 0.673 0.675 0.678 0.680 0.682 0.687 0.691 0.695 0.698 0.701 0.704 0.707 0.710 0.714 0.716 0.719 0.723 1.000 1.000 1.000 1.000 1.000 1.000 1.000 1.000 1.000 1.000 1.000 1.000 1.000 1.000 1.000 1.000 1.000 1.000 1.000 1.000  7.2672982074E-02   0.04722   1.00000   0.00000   0.00000   0.3533101E-03
  5141  4.656683308719805E+06  37.570794  5.738904  4.470406  0.5778490E+00  0.4084142E+00  3.3274567E-06  2.2680708E-04  2.3654974E-05  8.1028075E-03  1.0820017E-03  1.6944848E-06  9.2230934E-07  2.0699219E-03  1.3750975E-05  0.4625    4.470406  -5.728  0.706039  7.711925  0.3299291E-01  0.9533578E+00  1.4691740E-11  1.0461338E-04  2.8837323E-05  9.0883765E-03  1.1454122E-04  1.5110270E-07  3.1248882E-10  1.9747291E-03  8.3490163E-06  4.898E-12  1.963E-18  9.818E+09  1.590E+11  2.337E+00  1.717E+05  0.14263969  1.988E-06  2.045E-06  9.970E-01  1.112E-06  3.020E-06  1.004E+00  492   20.3846  9.35E-03 1.0051E+00 1.5063E+00    4.11E+02 0.00E+00 3.93E+01  0.142840  0.353851 4.11E+02 0.00E+00 3.92E+01  0.142640  0.353872  0.0000000E+00  0.0000000E+00  1.0075254E-04  2.7820961E+00  5.5917925E-02  5.6159273E-06 -8.2619511E-01  2.2083054E-01  3.9136229E-01 0.000 0.464 0.671 0.675 0.679 0.682 0.685 0.688 0.692 0.694 0.699 0.700 0.706 0.711 1.000 1.000 1.000 1.000 1.000 1.000 1.000 1.000 1.000 1.000 1.000 1.000 1.000 1.000 1.000 1.000 1.000 1.000 1.000 1.000 1.000 1.000 1.000 1.000 1.000 1.000  7.2066998698E-02   0.04583   1.00000   0.00000   0.00000   0.3486590E-03
  5146  4.659309730829529E+06  37.565896  5.739236  4.469708  0.5778263E+00  0.4084369E+00  3.3269992E-06  2.2677398E-04  2.3655946E-05  8.1029980E-03  1.0818274E-03  1.6942348E-06  9.2212018E-07  2.0699183E-03  1.3748639E-05  0.4621    4.469708  -5.730  0.708292  7.712647  0.3215014E-01  0.9542006E+00  1.3836503E-11  1.0480929E-04  2.8892233E-05  9.0882466E-03  1.1436141E-04  1.5062350E-07  3.1181136E-10  1.9745363E-03  8.4230567E-06  4.898E-12  1.963E-18  9.738E+09  1.526E+11  2.318E+00  1.648E+05  0.14224045  1.972E-06  2.032E-06  9.970E-01  1.110E-06  3.013E-06  1.004E+00  490   20.3473  9.35E-03 9.9517E-01 1.4916E+00    4.10E+02 0.00E+00 3.91E+01  0.142479  0.354173 4.10E+02 0.00E+00 3.90E+01  0.142240  0.354184  0.0000000E+00  0.0000000E+00  1.0025851E-04  2.7821277E+00  5.5502598E-02  5.5313240E-06 -8.2667519E-01  2.2081267E-01  3.9185791E-01 0.000 0.464 0.670 0.673 0.674 0.676 0.679 0.681 0.688 0.692 0.695 0.701 1.000 1.000 1.000 1.000 1.000 1.000 1.000 1.000 1.000 1.000 1.000 1.000 1.000 1.000 1.000 1.000 1.000 1.000 1.000 1.000 1.000 1.000 1.000 1.000 1.000 1.000 1.000 1.000  7.1564653045E-02   0.04465   1.00000   0.00000   0.00000   0.3445352E-03
  5151  4.661936152939254E+06  37.561018  5.739599  4.469022  0.5778036E+00  0.4084596E+00  3.3265427E-06  2.2674096E-04  2.3656915E-05  8.1031881E-03  1.0816534E-03  1.6939853E-06  9.2193142E-07  2.0699147E-03  1.3746308E-05  0.4614    4.469022  -5.732  0.710547  7.713383  0.3130742E-01  0.9550433E+00  1.3029628E-11  1.0500881E-04  2.8948254E-05  9.0881134E-03  1.1417921E-04  1.5014283E-07  3.1111823E-10  1.9743429E-03  8.4988413E-06  4.582E-12  1.807E-18  9.689E+09  1.473E+11  2.306E+00  1.591E+05  0.14196648  1.958E-06  2.018E-06  9.970E-01  1.107E-06  3.005E-06  1.004E+00  490   20.3473  9.35E-03 9.8514E-01 1.4766E+00    4.10E+02 0.00E+00 3.89E+01  0.142172  0.354513 4.10E+02 0.00E+00 3.89E+01  0.141966  0.354521  0.0000000E+00  0.0000000E+00  9.9804662E-05  2.7816770E+00  5.5079126E-02  5.4503705E-06 -8.2721360E-01  2.2081138E-01  3.9237878E-01 0.000 0.464 0.670 0.677 0.680 0.685 1.000 1.000 1.000 1.000 1.000 1.000 1.000 1.000 1.000 1.000 1.000 1.000 1.000 1.000 1.000 1.000 1.000 1.000 1.000 1.000 1.000 1.000 1.000 1.000 1.000 1.000 1.000 1.000 1.000 1.000 1.000 1.000 1.000 1.000  7.1064747236E-02   0.04348   1.00000   0.00000   0.00000   0.3403254E-03
  5157  4.665087859470924E+06  37.555189  5.740000  4.468306  0.5777761E+00  0.4084871E+00  3.3259901E-06  2.2670098E-04  2.3658090E-05  8.1034183E-03  1.0814427E-03  1.6936833E-06  9.2170287E-07  2.0699103E-03  1.3743486E-05  0.4607    4.468306  -5.734  0.713322  7.714294  0.3029535E-01  0.9560554E+00  1.2024918E-11  1.0525759E-04  2.9017866E-05  9.0879430E-03  1.1395715E-04  1.4955644E-07  3.1027099E-10  1.9741100E-03  8.5922523E-06  4.582E-12  1.807E-18  9.638E+09  1.410E+11  2.294E+00  1.522E+05  0.14156988  1.941E-06  2.000E-06  9.970E-01  1.104E-06  2.996E-06  1.004E+00  489   20.3099  9.35E-03 9.7204E-01 1.4571E+00    4.09E+02 0.00E+00 3.87E+01  0.141738  0.354889 4.09E+02 0.00E+00 3.87E+01  0.141570  0.354898  0.0000000E+00  0.0000000E+00  9.9265768E-05  2.7804189E+00  5.4578876E-02  5.3531922E-06 -8.2793119E-01  2.2082892E-01  3.9304029E-01 0.000 0.462 0.683 0.685 1.000 1.000 1.000 1.000 1.000 1.000 1.000 1.000 1.000 1.000 1.000 1.000 1.000 1.000 1.000 1.000 1.000 1.000 1.000 1.000 1.000 1.000 1.000 1.000 1.000 1.000 1.000 1.000 1.000 1.000 1.000 1.000 1.000 1.000 1.000 1.000  7.0467795833E-02   0.04208   1.00000   0.00000   0.00000   0.3358105E-03
  5162  4.667714281580649E+06  37.550352  5.740324  4.467612  0.5777537E+00  0.4085095E+00  3.3255394E-06  2.2666837E-04  2.3659048E-05  8.1036060E-03  1.0812709E-03  1.6934370E-06  9.2151649E-07  2.0699067E-03  1.3741185E-05  0.4603    4.467612  -5.736  0.715779  7.715082  0.2945073E-01  0.9569001E+00  1.1261990E-11  1.0547194E-04  2.9077971E-05  9.0877933E-03  1.1376898E-04  1.4906067E-07  3.0954114E-10  1.9739149E-03  8.6723631E-06  4.290E-12  1.662E-18  9.566E+09  1.348E+11  2.277E+00  1.456E+05  0.14127889  1.926E-06  1.984E-06  9.970E-01  1.101E-06  2.989E-06  1.004E+00  492   20.2724  9.35E-03 9.6114E-01 1.4409E+00    4.08E+02 0.00E+00 3.86E+01  0.141482  0.355191 4.08E+02 0.00E+00 3.85E+01  0.141279  0.355203  0.0000000E+00  0.0000000E+00  9.8822921E-05  2.7798957E+00  5.4158423E-02  5.2705661E-06 -8.2852180E-01  2.2084059E-01  3.9358809E-01 0.000 0.462 0.683 0.685 1.000 1.000 1.000 1.000 1.000 1.000 1.000 1.000 1.000 1.000 1.000 1.000 1.000 1.000 1.000 1.000 1.000 1.000 1.000 1.000 1.000 1.000 1.000 1.000 1.000 1.000 1.000 1.000 1.000 1.000 1.000 1.000 1.000 1.000 1.000 1.000  6.9972762978E-02   0.04091   1.00000   0.00000   0.00000   0.3318281E-03
  5167  4.670340703690374E+06  37.545537  5.740694  4.466892  0.5777314E+00  0.4085319E+00  3.3250890E-06  2.2663578E-04  2.3660006E-05  8.1037936E-03  1.0810992E-03  1.6931908E-06  9.2133021E-07  2.0699031E-03  1.3738884E-05  0.4596    4.466892  -5.738  0.718267  7.715893  0.2860393E-01  0.9577469E+00  1.0541220E-11  1.0569189E-04  2.9139771E-05  9.0876381E-03  1.1357766E-04  1.4856437E-07  3.0878376E-10  1.9737188E-03  8.7547028E-06  4.290E-12  1.662E-18  9.526E+09  1.296E+11  2.267E+00  1.400E+05  0.14104141  1.912E-06  1.970E-06  9.970E-01  1.098E-06  2.981E-06  1.004E+00  490   20.2724  9.35E-03 9.5072E-01 1.4254E+00    4.07E+02 0.00E+00 3.85E+01  0.141245  0.355538 4.07E+02 0.00E+00 3.84E+01  0.141041  0.355546  0.0000000E+00  0.0000000E+00  9.8397743E-05  2.7789621E+00  5.3743147E-02  5.1938831E-06 -8.2917831E-01  2.2086909E-01  3.9416738E-01 0.000 0.462 0.683 0.685 1.000 1.000 1.000 1.000 1.000 1.000 1.000 1.000 1.000 1.000 1.000 1.000 1.000 1.000 1.000 1.000 1.000 1.000 1.000 1.000 1.000 1.000 1.000 1.000 1.000 1.000 1.000 1.000 1.000 1.000 1.000 1.000 1.000 1.000 1.000 1.000  6.9479933676E-02   0.03973   1.00000   0.00000   0.00000   0.3275798E-03
  5173  4.673492410222044E+06  37.539784  5.741108  4.466125  0.5777044E+00  0.4085588E+00  3.3245477E-06  2.2659660E-04  2.3661157E-05  8.1040191E-03  1.0808928E-03  1.6928949E-06  9.2110629E-07  2.0698989E-03  1.3736119E-05  0.4592    4.466125  -5.739  0.721362  7.716902  0.2758792E-01  0.9587630E+00  9.7105245E-12  1.0596523E-04  2.9216549E-05  9.0874411E-03  1.1334444E-04  1.4795949E-07  3.0785367E-10  1.9734827E-03  8.8563337E-06  3.973E-12  1.512E-18  9.486E+09  1.235E+11  2.258E+00  1.334E+05  0.14068380  1.896E-06  1.954E-06  9.971E-01  1.095E-06  2.972E-06  1.004E+00  492   20.2350  9.35E-03 9.3853E-01 1.4072E+00    4.06E+02 0.00E+00 3.83E+01  0.140882  0.355931 4.06E+02 0.00E+00 3.82E+01  0.140684  0.355934  0.0000000E+00  0.0000000E+00  9.7893457E-05  2.7769470E+00  5.3245814E-02  5.1009161E-06 -8.3005578E-01  2.2092742E-01  3.9490703E-01 0.000 0.462 0.683 0.685 1.000 1.000 1.000 1.000 1.000 1.000 1.000 1.000 1.000 1.000 1.000 1.000 1.000 1.000 1.000 1.000 1.000 1.000 1.000 1.000 1.000 1.000 1.000 1.000 1.000 1.000 1.000 1.000 1.000 1.000 1.000 1.000 1.000 1.000 1.000 1.000  6.8891358895E-02   0.03832   1.00000   0.00000   0.00000   0.3229257E-03
  5178  4.676118832331769E+06  37.535010  5.741449  4.465483  0.5776822E+00  0.4085810E+00  3.3241009E-06  2.2656427E-04  2.3662108E-05  8.1042052E-03  1.0807224E-03  1.6926506E-06  9.2092149E-07  2.0698953E-03  1.3733838E-05  0.4584    4.465483  -5.741  0.724043  7.717769  0.2673883E-01  0.9596121E+00  8.9770195E-12  1.0620361E-04  2.9283236E-05  9.0872651E-03  1.1314631E-04  1.4744640E-07  3.0705840E-10  1.9732847E-03  8.9437816E-06  3.973E-12  1.512E-18  9.432E+09  1.176E+11  2.245E+00  1.270E+05  0.14037131  1.882E-06  1.941E-06  9.971E-01  1.093E-06  2.965E-06  1.004E+00  494   20.1975  9.35E-03 9.2848E-01 1.3922E+00    4.06E+02 0.00E+00 3.81E+01  0.140558  0.356243 4.06E+02 0.00E+00 3.81E+01  0.140371  0.356254  0.0000000E+00  0.0000000E+00  9.7433202E-05  2.7756399E+00  5.2837202E-02  5.0238914E-06 -8.3079282E-01  2.2097634E-01  3.9552765E-01 0.000 0.460 0.683 0.685 0.690 0.692 1.000 1.000 1.000 1.000 1.000 1.000 1.000 1.000 1.000 1.000 1.000 1.000 1.000 1.000 1.000 1.000 1.000 1.000 1.000 1.000 1.000 1.000 1.000 1.000 1.000 1.000 1.000 1.000 1.000 1.000 1.000 1.000 1.000 1.000  6.8403233089E-02   0.03714   1.00000   0.00000   0.00000   0.3191275E-03
  5183  4.678745254441494E+06  37.530256  5.741828  4.464799  0.5776599E+00  0.4086033E+00  3.3236526E-06  2.2653182E-04  2.3663063E-05  8.1043920E-03  1.0805515E-03  1.6924055E-06  9.2073602E-07  2.0698918E-03  1.3731547E-05  0.4577    4.464799  -5.743  0.726801  7.718668  0.2588830E-01  0.9604627E+00  8.3413057E-12  1.0644812E-04  2.9351984E-05  9.0870826E-03  1.1294482E-04  1.4693226E-07  3.0622774E-10  1.9730858E-03  9.0337757E-06  3.689E-12  1.376E-18  9.407E+09  1.126E+11  2.239E+00  1.216E+05  0.14012346  1.868E-06  1.928E-06  9.971E-01  1.090E-06  2.957E-06  1.004E+00  494   20.1975  9.35E-03 9.1841E-01 1.3772E+00    4.05E+02 0.00E+00 3.80E+01  0.140318  0.356597 4.05E+02 0.00E+00 3.79E+01  0.140123  0.356605  0.0000000E+00  0.0000000E+00  9.7030822E-05  2.7738574E+00  5.2428007E-02  4.9515436E-06 -8.3160632E-01  2.2104490E-01  3.9618488E-01 0.000 0.460 0.683 0.686 1.000 1.000 1.000 1.000 1.000 1.000 1.000 1.000 1.000 1.000 1.000 1.000 1.000 1.000 1.000 1.000 1.000 1.000 1.000 1.000 1.000 1.000 1.000 1.000 1.000 1.000 1.000 1.000 1.000 1.000 1.000 1.000 1.000 1.000 1.000 1.000  6.7917302867E-02   0.03596   1.00000   0.00000   0.00000   0.3150426E-03
  5189  4.681896960973164E+06  37.524573  5.742262  4.464100  0.5776333E+00  0.4086300E+00  3.3231180E-06  2.2649311E-04  2.3664202E-05  8.1046148E-03  1.0803476E-03  1.6921131E-06  9.2051480E-07  2.0698875E-03  1.3728816E-05  0.4570    4.464100  -5.745  0.730208  7.719787  0.2486799E-01  0.9614830E+00  7.6115801E-12  1.0675289E-04  2.9437660E-05  9.0868505E-03  1.1269894E-04  1.4630617E-07  3.0520297E-10  1.9728463E-03  9.1450701E-06  3.689E-12  1.376E-18  9.390E+09  1.067E+11  2.235E+00  1.152E+05  0.13977346  1.853E-06  1.912E-06  9.971E-01  1.087E-06  2.949E-06  1.004E+00  494   20.1599  9.35E-03 9.0653E-01 1.3595E+00    4.04E+02 0.00E+00 3.78E+01  0.139956  0.357001 4.04E+02 0.00E+00 3.78E+01  0.139773  0.357010  0.0000000E+00  0.0000000E+00  9.6567664E-05  2.7706127E+00  5.1940403E-02  4.8645625E-06 -8.3269552E-01  2.2115751E-01  3.9702923E-01 0.000 0.460 0.683 0.686 1.000 1.000 1.000 1.000 1.000 1.000 1.000 1.000 1.000 1.000 1.000 1.000 1.000 1.000 1.000 1.000 1.000 1.000 1.000 1.000 1.000 1.000 1.000 1.000 1.000 1.000 1.000 1.000 1.000 1.000 1.000 1.000 1.000 1.000 1.000 1.000  6.7336778236E-02   0.03454   1.00000   0.00000   0.00000   0.3105824E-03
  5195  4.685048667504834E+06  37.518913  5.742675  4.463393  0.5776070E+00  0.4086563E+00  3.3225889E-06  2.2645480E-04  2.3665329E-05  8.1048354E-03  1.0801457E-03  1.6918237E-06  9.2029586E-07  2.0698833E-03  1.3726113E-05  0.4565    4.463393  -5.746  0.733836  7.720960  0.2384542E-01  0.9625057E+00  6.8622736E-12  1.0707343E-04  2.9527523E-05  9.0866002E-03  1.1244767E-04  1.4567414E-07  3.0413395E-10  1.9726053E-03  9.2605360E-06  3.378E-12  1.234E-18  9.351E+09  1.000E+11  2.226E+00  1.080E+05  0.13938679  1.838E-06  1.898E-06  9.971E-01  1.084E-06  2.940E-06  1.004E+00  494   20.1599  9.35E-03 8.9472E-01 1.3419E+00    4.03E+02 0.00E+00 3.76E+01  0.139573  0.357386 4.03E+02 0.00E+00 3.76E+01  0.139387  0.357397  0.0000000E+00  0.0000000E+00  9.6075645E-05  2.7676465E+00  5.1457377E-02  4.7786195E-06 -8.3381738E-01  2.2127725E-01  3.9789136E-01 0.000 0.458 0.683 0.686 1.000 1.000 1.000 1.000 1.000 1.000 1.000 1.000 1.000 1.000 1.000 1.000 1.000 1.000 1.000 1.000 1.000 1.000 1.000 1.000 1.000 1.000 1.000 1.000 1.000 1.000 1.000 1.000 1.000 1.000 1.000 1.000 1.000 1.000 1.000 1.000  6.6759100977E-02   0.03312   1.00000   0.00000   0.00000   0.3062597E-03
  5201  4.688200374036504E+06  37.513277  5.743142  4.462660  0.5775807E+00  0.4086826E+00  3.3220607E-06  2.2641656E-04  2.3666456E-05  8.1050555E-03  1.0799443E-03  1.6915348E-06  9.2007731E-07  2.0698791E-03  1.3723414E-05  0.4556    4.462660  -5.748  0.737581  7.722183  0.2282086E-01  0.9635303E+00  6.2085979E-12  1.0740745E-04  2.9621496E-05  9.0863347E-03  1.1219083E-04  1.4503206E-07  3.0301987E-10  1.9723629E-03  9.3803858E-06  3.076E-12  1.099E-18  9.348E+09  9.431E+10  2.225E+00  1.019E+05  0.13907472  1.823E-06  1.883E-06  9.971E-01  1.081E-06  2.931E-06  1.004E+00  496   20.1222  9.35E-03 8.8291E-01 1.3243E+00    4.03E+02 0.00E+00 3.75E+01  0.139248  0.357821 4.03E+02 0.00E+00 3.74E+01  0.139075  0.357829  0.0000000E+00  0.0000000E+00  9.5627575E-05  2.7639567E+00  5.0975622E-02  4.6980717E-06 -8.3506189E-01  2.2142839E-01  3.9881268E-01 0.000 0.458 0.687 0.693 1.000 1.000 1.000 1.000 1.000 1.000 1.000 1.000 1.000 1.000 1.000 1.000 1.000 1.000 1.000 1.000 1.000 1.000 1.000 1.000 1.000 1.000 1.000 1.000 1.000 1.000 1.000 1.000 1.000 1.000 1.000 1.000 1.000 1.000 1.000 1.000  6.6184256268E-02   0.03170   1.00000   0.00000   0.00000   0.3016379E-03
  5207  4.691352080568174E+06  37.507662  5.743587  4.462056  0.5775545E+00  0.4087089E+00  3.3215337E-06  2.2637839E-04  2.3667580E-05  8.1052752E-03  1.0797432E-03  1.6912465E-06  9.1985919E-07  2.0698749E-03  1.3720721E-05  0.4550    4.462056  -5.750  0.741484  7.723463  0.2179605E-01  0.9645551E+00  5.5510832E-12  1.0775792E-04  2.9719932E-05  9.0860499E-03  1.1192854E-04  1.4438509E-07  3.0185725E-10  1.9721195E-03  9.5047307E-06  3.076E-12  1.099E-18  9.347E+09  8.805E+10  2.225E+00  9.509E+04  0.13872858  1.809E-06  1.869E-06  9.971E-01  1.078E-06  2.922E-06  1.004E+00  498   20.1222  9.35E-03 8.7127E-01 1.3069E+00    4.02E+02 0.00E+00 3.73E+01  0.138894  0.358236 4.02E+02 0.00E+00 3.73E+01  0.138729  0.358244  0.0000000E+00  0.0000000E+00  9.5235821E-05  2.7591226E+00  5.0498356E-02  4.6176277E-06 -8.3643955E-01  2.2161484E-01  3.9980000E-01 0.000 0.456 0.687 0.693 1.000 1.000 1.000 1.000 1.000 1.000 1.000 1.000 1.000 1.000 1.000 1.000 1.000 1.000 1.000 1.000 1.000 1.000 1.000 1.000 1.000 1.000 1.000 1.000 1.000 1.000 1.000 1.000 1.000 1.000 1.000 1.000 1.000 1.000 1.000 1.000  6.5611888888E-02   0.03028   1.00000   0.00000   0.00000   0.2975094E-03
  5213  4.694503787099844E+06  37.502064  5.744025  4.461417  0.5775286E+00  0.4087348E+00  3.3210139E-06  2.2634074E-04  2.3668689E-05  8.1054919E-03  1.0795448E-03  1.6909620E-06  9.1964402E-07  2.0698708E-03  1.3718065E-05  0.4544    4.461417  -5.751  0.745648  7.724812  0.2077012E-01  0.9655811E+00  4.9643822E-12  1.0812715E-04  2.9823794E-05  9.0857427E-03  1.1166023E-04  1.4372992E-07  3.0063566E-10  1.9718748E-03  9.6340211E-06  2.793E-12  9.746E-19  9.358E+09  8.241E+10  2.227E+00  8.900E+04  0.13833018  1.794E-06  1.856E-06  9.971E-01  1.075E-06  2.913E-06  1.004E+00  497   20.1222  9.35E-03 8.5975E-01 1.2898E+00    4.01E+02 0.00E+00 3.72E+01  0.138532  0.358643 4.01E+02 0.00E+00 3.71E+01  0.138330  0.358653  0.0000000E+00  0.0000000E+00  9.4813330E-05  2.7543581E+00  5.0025032E-02  4.5383505E-06 -8.3788683E-01  2.2181803E-01  4.0082259E-01 0.000 0.456 0.684 0.686 1.000 1.000 1.000 1.000 1.000 1.000 1.000 1.000 1.000 1.000 1.000 1.000 1.000 1.000 1.000 1.000 1.000 1.000 1.000 1.000 1.000 1.000 1.000 1.000 1.000 1.000 1.000 1.000 1.000 1.000 1.000 1.000 1.000 1.000 1.000 1.000  6.5042023590E-02   0.02885   1.00000   0.00000   0.00000   0.2933409E-03
  5219  4.697655493631514E+06  37.496485  5.744512  4.460800  0.5775026E+00  0.4087608E+00  3.3204924E-06  2.2630297E-04  2.3669802E-05  8.1057093E-03  1.0793458E-03  1.6906767E-06  9.1942818E-07  2.0698667E-03  1.3715400E-05  0.4536    4.460800  -5.753  0.749970  7.726228  0.1974255E-01  0.9666088E+00  4.4203182E-12  1.0851471E-04  2.9932979E-05  9.0854141E-03  1.1138538E-04  1.4306674E-07  2.9935628E-10  1.9716286E-03  9.7687078E-06  2.793E-12  9.746E-19  9.396E+09  7.699E+10  2.236E+00  8.315E+04  0.13803080  1.781E-06  1.843E-06  9.972E-01  1.072E-06  2.905E-06  1.004E+00  498   20.0833  9.35E-03 8.4806E-01 1.2723E+00    4.00E+02 0.00E+00 3.70E+01  0.138173  0.359095 4.00E+02 0.00E+00 3.70E+01  0.138031  0.359103  0.0000000E+00  0.0000000E+00  9.4425325E-05  2.7484502E+00  4.9548896E-02  4.4640673E-06 -8.3950132E-01  2.2206446E-01  4.0192652E-01 0.000 0.456 0.684 0.685 1.000 1.000 1.000 1.000 1.000 1.000 1.000 1.000 1.000 1.000 1.000 1.000 1.000 1.000 1.000 1.000 1.000 1.000 1.000 1.000 1.000 1.000 1.000 1.000 1.000 1.000 1.000 1.000 1.000 1.000 1.000 1.000 1.000 1.000 1.000 1.000  6.4474552809E-02   0.02742   1.00000   0.00000   0.00000   0.2890318E-03
  5225  4.700807200163184E+06  37.490920  5.744963  4.460319  0.5774765E+00  0.4087869E+00  3.3199701E-06  2.2626513E-04  2.3670918E-05  8.1059271E-03  1.0791465E-03  1.6903909E-06  9.1921196E-07  2.0698625E-03  1.3712730E-05  0.4533    4.460319  -5.753  0.754534  7.727723  0.1871598E-01  0.9676354E+00  3.9113142E-12  1.0892333E-04  3.0048165E-05  9.0850600E-03  1.1110426E-04  1.4239782E-07  2.9800934E-10  1.9713817E-03  9.9088532E-06  2.494E-12  8.481E-19  9.451E+09  7.168E+10  2.249E+00  7.741E+04  0.13763845  1.769E-06  1.830E-06  9.972E-01  1.068E-06  2.896E-06  1.004E+00  499   20.0833  9.35E-03 8.3670E-01 1.2554E+00    4.00E+02 0.00E+00 3.68E+01  0.137823  0.359521 4.00E+02 0.00E+00 3.68E+01  0.137638  0.359524  0.0000000E+00  0.0000000E+00  9.4130355E-05  2.7412215E+00  4.9080642E-02  4.3906833E-06 -8.4128289E-01  2.2235527E-01  4.0311252E-01 0.000 0.456 0.684 0.685 1.000 1.000 1.000 1.000 1.000 1.000 1.000 1.000 1.000 1.000 1.000 1.000 1.000 1.000 1.000 1.000 1.000 1.000 1.000 1.000 1.000 1.000 1.000 1.000 1.000 1.000 1.000 1.000 1.000 1.000 1.000 1.000 1.000 1.000 1.000 1.000  6.3909036356E-02   0.02600   1.00000   0.00000   0.00000   0.2852460E-03
  5230  4.703433622272909E+06  37.486289  5.745344  4.459919  0.5774551E+00  0.4088083E+00  3.3195407E-06  2.2623401E-04  2.3671836E-05  8.1061062E-03  1.0789826E-03  1.6901558E-06  9.1903417E-07  2.0698591E-03  1.3710536E-05  0.4526    4.459919  -5.754  0.758547  7.729030  0.1785874E-01  0.9684927E+00  3.4801867E-12  1.0928517E-04  3.0149834E-05  9.0847390E-03  1.1086415E-04  1.4183164E-07  2.9684316E-10  1.9711746E-03  1.0030516E-05  2.494E-12  8.481E-19  9.489E+09  6.672E+10  2.258E+00  7.205E+04  0.13730330  1.758E-06  1.821E-06  9.972E-01  1.066E-06  2.889E-06  1.004E+00  498   20.0833  9.35E-03 8.2731E-01 1.2414E+00    3.99E+02 0.00E+00 3.67E+01  0.137473  0.359868 3.99E+02 0.00E+00 3.67E+01  0.137303  0.359879  0.0000000E+00  0.0000000E+00  9.3828301E-05  2.7352577E+00  4.8691344E-02  4.3294250E-06 -8.4283624E-01  2.2261419E-01  4.0413561E-01 0.000 0.454 0.684 0.685 1.000 1.000 1.000 1.000 1.000 1.000 1.000 1.000 1.000 1.000 1.000 1.000 1.000 1.000 1.000 1.000 1.000 1.000 1.000 1.000 1.000 1.000 1.000 1.000 1.000 1.000 1.000 1.000 1.000 1.000 1.000 1.000 1.000 1.000 1.000 1.000  6.3439314286E-02   0.02481   1.00000   0.00000   0.00000   0.2821264E-03
  5235  4.706060044382634E+06  37.481668  5.745768  4.459497  0.5774335E+00  0.4088299E+00  3.3191080E-06  2.2620266E-04  2.3672761E-05  8.1062867E-03  1.0788174E-03  1.6899190E-06  9.1885500E-07  2.0698557E-03  1.3708323E-05  0.4520    4.459497  -5.755  0.762750  7.730405  0.1700079E-01  0.9693507E+00  3.1082088E-12  1.0966351E-04  3.0256565E-05  9.0843981E-03  1.1061864E-04  1.4126418E-07  2.9560553E-10  1.9709666E-03  1.0156796E-05  2.222E-12  7.347E-19  9.561E+09  6.247E+10  2.276E+00  6.747E+04  0.13705010  1.748E-06  1.811E-06  9.972E-01  1.063E-06  2.881E-06  1.004E+00  499   20.0444  9.35E-03 8.1783E-01 1.2273E+00    3.99E+02 0.00E+00 3.66E+01  0.137178  0.360261 3.99E+02 0.00E+00 3.65E+01  0.137050  0.360269  0.0000000E+00  0.0000000E+00  9.3575505E-05  2.7284566E+00  4.8300961E-02  4.2726053E-06 -8.4453774E-01  2.2291122E-01  4.0523016E-01 0.000 0.454 0.686 0.691 1.000 1.000 1.000 1.000 1.000 1.000 1.000 1.000 1.000 1.000 1.000 1.000 1.000 1.000 1.000 1.000 1.000 1.000 1.000 1.000 1.000 1.000 1.000 1.000 1.000 1.000 1.000 1.000 1.000 1.000 1.000 1.000 1.000 1.000 1.000 1.000  6.2970930019E-02   0.02361   1.00000   0.00000   0.00000   0.2788006E-03
  5240  4.708686466492359E+06  37.477051  5.746186  4.459190  0.5774121E+00  0.4088513E+00  3.3186785E-06  2.2617153E-04  2.3673679E-05  8.1064658E-03  1.0786535E-03  1.6896838E-06  9.1867716E-07  2.0698523E-03  1.3706128E-05  0.4514    4.459190  -5.755  0.767144  7.731850  0.1614394E-01  0.9702077E+00  2.7595519E-12  1.1006154E-04  3.0368896E-05  9.0840327E-03  1.1036790E-04  1.4069213E-07  2.9431007E-10  1.9707581E-03  1.0287766E-05  2.222E-12  7.347E-19  9.658E+09  5.832E+10  2.299E+00  6.299E+04  0.13671470  1.739E-06  1.802E-06  9.972E-01  1.061E-06  2.874E-06  1.004E+00  495   20.0444  9.35E-03 8.0842E-01 1.2132E+00    3.98E+02 0.00E+00 3.65E+01  0.136901  0.360648 3.98E+02 0.00E+00 3.64E+01  0.136715  0.360656  0.0000000E+00  0.0000000E+00  9.3409983E-05  2.7203020E+00  4.7913154E-02  4.2156005E-06 -8.4640898E-01  2.2325298E-01  4.0640832E-01 0.000 0.454 1.000 1.000 1.000 1.000 1.000 1.000 1.000 1.000 1.000 1.000 1.000 1.000 1.000 1.000 1.000 1.000 1.000 1.000 1.000 1.000 1.000 1.000 1.000 1.000 1.000 1.000 1.000 1.000 1.000 1.000 1.000 1.000 1.000 1.000 1.000 1.000 1.000 1.000  6.2503578289E-02   0.02242   1.00000   0.00000   0.00000   0.2757992E-03
  5245  4.711312888602084E+06  37.472434  5.746579  4.458957  0.5773908E+00  0.4088727E+00  3.3182501E-06  2.2614049E-04  2.3674595E-05  8.1066445E-03  1.0784899E-03  1.6894493E-06  9.1849976E-07  2.0698488E-03  1.3703938E-05  0.4512    4.458957  -5.755  0.771810  7.733375  0.1528833E-01  0.9710634E+00  2.4345769E-12  1.1048171E-04  3.0487503E-05  9.0836396E-03  1.1011160E-04  1.4011638E-07  2.9295265E-10  1.9705491E-03  1.0423759E-05  1.933E-12  6.200E-19  9.754E+09  5.376E+10  2.321E+00  5.806E+04  0.13641654  1.731E-06  1.794E-06  9.972E-01  1.058E-06  2.867E-06  1.004E+00  495   20.0444  9.35E-03 7.9916E-01 1.1994E+00    3.98E+02 0.00E+00 3.63E+01  0.136541  0.361021 3.98E+02 0.00E+00 3.63E+01  0.136417  0.361022  0.0000000E+00  0.0000000E+00  9.3243964E-05  2.7113393E+00  4.7526337E-02  4.1631803E-06 -8.4842122E-01  2.2363143E-01  4.0765576E-01 0.000 0.454 1.000 1.000 1.000 1.000 1.000 1.000 1.000 1.000 1.000 1.000 1.000 1.000 1.000 1.000 1.000 1.000 1.000 1.000 1.000 1.000 1.000 1.000 1.000 1.000 1.000 1.000 1.000 1.000 1.000 1.000 1.000 1.000 1.000 1.000 1.000 1.000 1.000 1.000  6.2037100819E-02   0.02123   1.00000   0.00000   0.00000   0.2730909E-03
  5249  4.713414026289864E+06  37.468741  5.746909  4.458780  0.5773736E+00  0.4088899E+00  3.3179069E-06  2.2611561E-04  2.3675330E-05  8.1067877E-03  1.0783588E-03  1.6892614E-06  9.1835761E-07  2.0698461E-03  1.3702183E-05  0.4508    4.458780  -5.755  0.775721  7.734656  0.1460267E-01  0.9717491E+00  2.1683197E-12  1.1083840E-04  3.0587910E-05  9.0832996E-03  1.0990162E-04  1.3965241E-07  2.9181501E-10  1.9703810E-03  1.0536806E-05  1.933E-12  6.200E-19  9.857E+09  5.061E+10  2.346E+00  5.466E+04  0.13610789  1.724E-06  1.788E-06  9.972E-01  1.056E-06  2.861E-06  1.004E+00  495   20.0444  9.35E-03 7.9185E-01 1.1885E+00    3.98E+02 0.00E+00 3.63E+01  0.136285  0.361321 3.98E+02 0.00E+00 3.62E+01  0.136108  0.361329  0.0000000E+00  0.0000000E+00  9.3119254E-05  2.7038892E+00  4.7218925E-02  4.1192351E-06 -8.5012483E-01  2.2395801E-01  4.0869987E-01 0.000 0.452 1.000 1.000 1.000 1.000 1.000 1.000 1.000 1.000 1.000 1.000 1.000 1.000 1.000 1.000 1.000 1.000 1.000 1.000 1.000 1.000 1.000 1.000 1.000 1.000 1.000 1.000 1.000 1.000 1.000 1.000 1.000 1.000 1.000 1.000 1.000 1.000 1.000 1.000  6.1664508964E-02   0.02028   1.00000   0.00000   0.00000   0.2709098E-03
  5253  4.715515163977643E+06  37.465048  5.747264  4.458592  0.5773566E+00  0.4089069E+00  3.3175654E-06  2.2609085E-04  2.3676061E-05  8.1069302E-03  1.0782284E-03  1.6890744E-06  9.1821617E-07  2.0698434E-03  1.3700437E-05  0.4503    4.458592  -5.755  0.779823  7.736000  0.1391676E-01  0.9724351E+00  1.9402859E-12  1.1121124E-04  3.0693236E-05  9.0829392E-03  1.0968722E-04  1.3918624E-07  2.9062129E-10  1.9702123E-03  1.0653740E-05  1.671E-12  5.177E-19  9.975E+09  4.753E+10  2.374E+00  5.133E+04  0.13590804  1.718E-06  1.783E-06  9.972E-01  1.054E-06  2.855E-06  1.004E+00  497   20.0054  9.35E-03 7.8444E-01 1.1775E+00    3.98E+02 0.00E+00 3.61E+01  0.135993  0.361646 3.98E+02 0.00E+00 3.61E+01  0.135908  0.361656  0.0000000E+00  0.0000000E+00  9.2976960E-05  2.6958779E+00  4.6909175E-02  4.0787646E-06 -8.5194922E-01  2.2431542E-01  4.0980267E-01 0.000 0.452 1.000 1.000 1.000 1.000 1.000 1.000 1.000 1.000 1.000 1.000 1.000 1.000 1.000 1.000 1.000 1.000 1.000 1.000 1.000 1.000 1.000 1.000 1.000 1.000 1.000 1.000 1.000 1.000 1.000 1.000 1.000 1.000 1.000 1.000 1.000 1.000 1.000 1.000  6.1292404501E-02   0.01933   1.00000   0.00000   0.00000   0.2685849E-03
  5257  4.717616301665423E+06  37.461352  5.747631  4.458470  0.5773396E+00  0.4089239E+00  3.3172260E-06  2.2606625E-04  2.3676787E-05  8.1070718E-03  1.0780989E-03  1.6888885E-06  9.1807563E-07  2.0698407E-03  1.3698702E-05  0.4499    4.458470  -5.755  0.784110  7.737409  0.1323205E-01  0.9731198E+00  1.7267696E-12  1.1160245E-04  3.0803807E-05  9.0825555E-03  1.0946857E-04  1.3872007E-07  2.8937150E-10  1.9700433E-03  1.0774583E-05  1.671E-12  5.177E-19  1.012E+10  4.452E+10  2.408E+00  4.808E+04  0.13563842  1.712E-06  1.777E-06  9.973E-01  1.052E-06  2.850E-06  1.004E+00  497   20.0054  9.35E-03 7.7707E-01 1.1665E+00    3.97E+02 0.00E+00 3.61E+01  0.135790  0.361985 3.97E+02 0.00E+00 3.60E+01  0.135638  0.361993  0.0000000E+00  0.0000000E+00  9.2958277E-05  2.6867917E+00  4.6602432E-02  4.0376430E-06 -8.5392826E-01  2.2471347E-01  4.1098094E-01 0.000 0.452 1.000 1.000 1.000 1.000 1.000 1.000 1.000 1.000 1.000 1.000 1.000 1.000 1.000 1.000 1.000 1.000 1.000 1.000 1.000 1.000 1.000 1.000 1.000 1.000 1.000 1.000 1.000 1.000 1.000 1.000 1.000 1.000 1.000 1.000 1.000 1.000 1.000 1.000  6.0920553381E-02   0.01838   1.00000   0.00000   0.00000   0.2663527E-03
  5261  4.719717439353203E+06  37.457652  5.747989  4.458434  0.5773225E+00  0.4089410E+00  3.3168826E-06  2.2604136E-04  2.3677523E-05  8.1072151E-03  1.0779677E-03  1.6887004E-06  9.1793338E-07  2.0698380E-03  1.3696946E-05  0.4496    4.458434  -5.754  0.788605  7.738890  0.1254868E-01  0.9738033E+00  1.5273978E-12  1.1201424E-04  3.0920262E-05  9.0821454E-03  1.0924543E-04  1.3825479E-07  2.8805494E-10  1.9698741E-03  1.0899579E-05  1.409E-12  4.201E-19  1.028E+10  4.160E+10  2.448E+00  4.492E+04  0.13540051  1.707E-06  1.773E-06  9.973E-01  1.050E-06  2.844E-06  1.004E+00  498   20.0054  9.35E-03 7.6977E-01 1.1556E+00    3.97E+02 0.00E+00 3.60E+01  0.135496  0.362315 3.97E+02 0.00E+00 3.60E+01  0.135401  0.362324  0.0000000E+00  0.0000000E+00  9.2923098E-05  2.6766613E+00  4.6294634E-02  4.0008516E-06 -8.5606395E-01  2.2515256E-01  4.1223566E-01 0.000 0.452 1.000 1.000 1.000 1.000 1.000 1.000 1.000 1.000 1.000 1.000 1.000 1.000 1.000 1.000 1.000 1.000 1.000 1.000 1.000 1.000 1.000 1.000 1.000 1.000 1.000 1.000 1.000 1.000 1.000 1.000 1.000 1.000 1.000 1.000 1.000 1.000 1.000 1.000  6.0548846625E-02   0.01743   1.00000   0.00000   0.00000   0.2643442E-03
  5265  4.721818577040983E+06  37.453944  5.748346  4.458476  0.5773055E+00  0.4089580E+00  3.3165428E-06  2.2601672E-04  2.3678251E-05  8.1073569E-03  1.0778379E-03  1.6885143E-06  9.1779263E-07  2.0698353E-03  1.3695208E-05  0.4493    4.458476  -5.753  0.793336  7.740449  0.1186661E-01  0.9744854E+00  1.3387537E-12  1.1244941E-04  3.1043288E-05  9.0817052E-03  1.0901746E-04  1.3778891E-07  2.8667651E-10  1.9697047E-03  1.1029038E-05  1.409E-12  4.201E-19  1.047E+10  3.867E+10  2.493E+00  4.177E+04  0.13514680  1.704E-06  1.769E-06  9.973E-01  1.048E-06  2.838E-06  1.004E+00  497   20.0054  9.35E-03 7.6257E-01 1.1448E+00    3.97E+02 0.00E+00 3.59E+01  0.135197  0.362645 3.97E+02 0.00E+00 3.59E+01  0.135147  0.362653  0.0000000E+00  0.0000000E+00  9.2938744E-05  2.6655326E+00  4.5988260E-02  3.9629946E-06 -8.5836401E-01  2.2563461E-01  4.1357103E-01 0.000 0.451 1.000 1.000 1.000 1.000 1.000 1.000 1.000 1.000 1.000 1.000 1.000 1.000 1.000 1.000 1.000 1.000 1.000 1.000 1.000 1.000 1.000 1.000 1.000 1.000 1.000 1.000 1.000 1.000 1.000 1.000 1.000 1.000 1.000 1.000 1.000 1.000 1.000 1.000  6.0177132509E-02   0.01648   1.00000   0.00000   0.00000   0.2625138E-03
  5269  4.723919714728763E+06  37.450226  5.748696  4.458558  0.5772882E+00  0.4089753E+00  3.3161963E-06  2.2599159E-04  2.3678993E-05  8.1075015E-03  1.0777056E-03  1.6883245E-06  9.1764907E-07  2.0698325E-03  1.3693436E-05  0.4493    4.458558  -5.752  0.798382  7.742102  0.1118561E-01  0.9751665E+00  1.1670447E-12  1.1291060E-04  3.1173762E-05  9.0812313E-03  1.0878419E-04  1.3732416E-07  2.8522204E-10  1.9695350E-03  1.1163359E-05  1.409E-12  4.201E-19  1.068E+10  3.564E+10  2.541E+00  3.849E+04  0.13483663  1.700E-06  1.765E-06  9.973E-01  1.046E-06  2.832E-06  1.004E+00  498   20.0054  9.35E-03 7.5537E-01 1.1341E+00    3.97E+02 0.00E+00 3.58E+01  0.134880  0.362977 3.97E+02 0.00E+00 3.58E+01  0.134837  0.362978  0.0000000E+00  0.0000000E+00  9.2976125E-05  2.6536635E+00  4.5683846E-02  3.9294759E-06 -8.6082431E-01  2.2615790E-01  4.1498485E-01 0.000 0.451 1.000 1.000 1.000 1.000 1.000 1.000 1.000 1.000 1.000 1.000 1.000 1.000 1.000 1.000 1.000 1.000 1.000 1.000 1.000 1.000 1.000 1.000 1.000 1.000 1.000 1.000 1.000 1.000 1.000 1.000 1.000 1.000 1.000 1.000 1.000 1.000 1.000 1.000  5.9805253456E-02   0.01554   1.00000   0.00000   0.00000   0.2607788E-03
  5272  4.725495567994598E+06  37.447431  5.748977  4.458637  0.5772756E+00  0.4089880E+00  3.3159432E-06  2.2597324E-04  2.3679536E-05  8.1076071E-03  1.0776089E-03  1.6881859E-06  9.1754421E-07  2.0698305E-03  1.3692142E-05  0.4491    4.458637  -5.751  0.802330  7.743402  0.1067610E-01  0.9756761E+00  1.0473679E-12  1.1327465E-04  3.1276841E-05  9.0808521E-03  1.0860568E-04  1.3697842E-07  2.8407246E-10  1.9694077E-03  1.1267415E-05  1.148E-12  3.276E-19  1.087E+10  3.394E+10  2.586E+00  3.665E+04  0.13459403  1.697E-06  1.763E-06  9.973E-01  1.045E-06  2.828E-06  1.004E+00  499   19.9663  9.35E-03 7.4997E-01 1.1260E+00    3.97E+02 0.00E+00 3.58E+01  0.134701  0.363220 3.97E+02 0.00E+00 3.57E+01  0.134594  0.363237  0.0000000E+00  0.0000000E+00  9.3025760E-05  2.6441841E+00  4.5455260E-02  3.9051575E-06 -8.6279143E-01  2.2658196E-01  4.1610447E-01 0.000 0.451 1.000 1.000 1.000 1.000 1.000 1.000 1.000 1.000 1.000 1.000 1.000 1.000 1.000 1.000 1.000 1.000 1.000 1.000 1.000 1.000 1.000 1.000 1.000 1.000 1.000 1.000 1.000 1.000 1.000 1.000 1.000 1.000 1.000 1.000 1.000 1.000 1.000 1.000  5.9526232230E-02   0.01483   1.00000   0.00000   0.00000   0.2594416E-03
  5275  4.727071421260433E+06  37.444629  5.749269  4.458752  0.5772627E+00  0.4090009E+00  3.3156854E-06  2.2595455E-04  2.3680089E-05  8.1077147E-03  1.0775104E-03  1.6880446E-06  9.1743741E-07  2.0698284E-03  1.3690824E-05  0.4489    4.458752  -5.750  0.806481  7.744764  0.1016646E-01  0.9761858E+00  9.2665913E-13  1.1365848E-04  3.1385259E-05  9.0804474E-03  1.0842350E-04  1.3663227E-07  2.8287890E-10  1.9692800E-03  1.1374756E-05  1.148E-12  3.276E-19  1.106E+10  3.175E+10  2.631E+00  3.429E+04  0.13440138  1.695E-06  1.762E-06  9.973E-01  1.043E-06  2.824E-06  1.004E+00  498   19.9663  9.35E-03 7.4463E-01 1.1181E+00    3.97E+02 0.00E+00 3.57E+01  0.134450  0.363499 3.97E+02 0.00E+00 3.57E+01  0.134401  0.363506  0.0000000E+00  0.0000000E+00  9.3101235E-05  2.6342470E+00  4.5225625E-02  3.8785868E-06 -8.6486723E-01  2.2703393E-01  4.1727739E-01 0.000 0.450 1.000 1.000 1.000 1.000 1.000 1.000 1.000 1.000 1.000 1.000 1.000 1.000 1.000 1.000 1.000 1.000 1.000 1.000 1.000 1.000 1.000 1.000 1.000 1.000 1.000 1.000 1.000 1.000 1.000 1.000 1.000 1.000 1.000 1.000 1.000 1.000 1.000 1.000  5.9247000619E-02   0.01412   1.00000   0.00000   0.00000   0.2581417E-03
  5278  4.728647274526268E+06  37.441819  5.749572  4.458878  0.5772498E+00  0.4090137E+00  3.3154284E-06  2.2593591E-04  2.3680640E-05  8.1078220E-03  1.0774122E-03  1.6879038E-06  9.1733093E-07  2.0698264E-03  1.3689509E-05  0.4487    4.458878  -5.748  0.810836  7.746194  0.9657517E-02  0.9766948E+00  8.2222731E-13  1.1406077E-04  3.1499177E-05  9.0800183E-03  1.0823771E-04  1.3628981E-07  2.8162311E-10  1.9691522E-03  1.1485404E-05  1.148E-12  3.276E-19  1.128E+10  2.989E+10  2.684E+00  3.228E+04  0.13422860  1.693E-06  1.761E-06  9.973E-01  1.042E-06  2.820E-06  1.004E+00  500   19.9663  9.35E-03 7.3919E-01 1.1100E+00    3.97E+02 0.00E+00 3.56E+01  0.134231  0.363773 3.97E+02 0.00E+00 3.56E+01  0.134229  0.363784  0.0000000E+00  0.0000000E+00  9.3188254E-05  2.6236557E+00  4.4995323E-02  3.8556401E-06 -8.6707903E-01  2.2752102E-01  4.1851626E-01 0.000 0.450 1.000 1.000 1.000 1.000 1.000 1.000 1.000 1.000 1.000 1.000 1.000 1.000 1.000 1.000 1.000 1.000 1.000 1.000 1.000 1.000 1.000 1.000 1.000 1.000 1.000 1.000 1.000 1.000 1.000 1.000 1.000 1.000 1.000 1.000 1.000 1.000 1.000 1.000  5.8967512127E-02   0.01342   1.00000   0.00000   0.00000   0.2568071E-03
  5281  4.730223127792103E+06  37.439001  5.749892  4.459049  0.5772372E+00  0.4090264E+00  3.3151747E-06  2.2591751E-04  2.3681184E-05  8.1079279E-03  1.0773153E-03  1.6877648E-06  9.1722582E-07  2.0698244E-03  1.3688212E-05  0.4486    4.459049  -5.747  0.815398  7.747696  0.9150083E-02  0.9772024E+00  7.2512486E-13  1.1448342E-04  3.1618973E-05  9.0795623E-03  1.0804837E-04  1.3595086E-07  2.8030752E-10  1.9690244E-03  1.1599405E-05  9.072E-13  2.458E-19  1.153E+10  2.810E+10  2.743E+00  3.035E+04  0.13402887  1.691E-06  1.760E-06  9.973E-01  1.040E-06  2.815E-06  1.004E+00  501   19.9663  9.35E-03 7.3374E-01 1.1018E+00    3.97E+02 0.00E+00 3.56E+01  0.134057  0.364067 3.97E+02 0.00E+00 3.56E+01  0.134029  0.364076  0.0000000E+00  0.0000000E+00  9.3350215E-05  2.6121583E+00  4.4766303E-02  3.8342416E-06 -8.6944869E-01  2.2804934E-01  4.1983193E-01 0.000 0.450 1.000 1.000 1.000 1.000 1.000 1.000 1.000 1.000 1.000 1.000 1.000 1.000 1.000 1.000 1.000 1.000 1.000 1.000 1.000 1.000 1.000 1.000 1.000 1.000 1.000 1.000 1.000 1.000 1.000 1.000 1.000 1.000 1.000 1.000 1.000 1.000 1.000 1.000  5.8687611625E-02   0.01271   1.00000   0.00000   0.00000   0.2554845E-03
  5284  4.731798981057938E+06  37.436172  5.750217  4.459293  0.5772242E+00  0.4090394E+00  3.3149151E-06  2.2589868E-04  2.3681741E-05  8.1080363E-03  1.0772161E-03  1.6876226E-06  9.1711826E-07  2.0698223E-03  1.3686884E-05  0.4485    4.459293  -5.745  0.820196  7.749277  0.8644329E-02  0.9777082E+00  6.3508512E-13  1.1492919E-04  3.1745326E-05  9.0790755E-03  1.0785528E-04  1.3561723E-07  2.7892379E-10  1.9688967E-03  1.1716944E-05  9.072E-13  2.458E-19  1.181E+10  2.639E+10  2.811E+00  2.850E+04  0.13383785  1.691E-06  1.759E-06  9.973E-01  1.039E-06  2.811E-06  1.004E+00  500   19.9663  9.35E-03 7.2830E-01 1.0937E+00    3.97E+02 0.00E+00 3.56E+01  0.133847  0.364364 3.97E+02 0.00E+00 3.56E+01  0.133838  0.364373  0.0000000E+00  0.0000000E+00  9.3537993E-05  2.5996527E+00  4.4536224E-02  3.8113986E-06 -8.7199148E-01  2.2862298E-01  4.2123196E-01 0.000 0.450 1.000 1.000 1.000 1.000 1.000 1.000 1.000 1.000 1.000 1.000 1.000 1.000 1.000 1.000 1.000 1.000 1.000 1.000 1.000 1.000 1.000 1.000 1.000 1.000 1.000 1.000 1.000 1.000 1.000 1.000 1.000 1.000 1.000 1.000 1.000 1.000 1.000 1.000  5.8407202485E-02   0.01201   1.00000   0.00000   0.00000   0.2542902E-03
  5287  4.733374834323773E+06  37.433331  5.750543  4.459606  0.5772112E+00  0.4090523E+00  3.3146562E-06  2.2587989E-04  2.3682296E-05  8.1081444E-03  1.0771172E-03  1.6874807E-06  9.1701094E-07  2.0698202E-03  1.3685559E-05  0.4484    4.459606  -5.743  0.825253  7.750945  0.8140457E-02  0.9782122E+00  5.5200576E-13  1.1540035E-04  3.1878909E-05  9.0785547E-03  1.0765822E-04  1.3528898E-07  2.7746986E-10  1.9687692E-03  1.1838228E-05  9.072E-13  2.458E-19  1.213E+10  2.476E+10  2.886E+00  2.674E+04  0.13363946  1.691E-06  1.760E-06  9.973E-01  1.037E-06  2.807E-06  1.004E+00  501   19.9663  9.35E-03 7.2289E-01 1.0856E+00    3.98E+02 0.00E+00 3.55E+01  0.133629  0.364663 3.98E+02 0.00E+00 3.55E+01  0.133639  0.364672  0.0000000E+00  0.0000000E+00  9.3767236E-05  2.5861357E+00  4.4306692E-02  3.7928787E-06 -8.7471841E-01  2.2924471E-01  4.2272170E-01 0.000 0.450 1.000 1.000 1.000 1.000 1.000 1.000 1.000 1.000 1.000 1.000 1.000 1.000 1.000 1.000 1.000 1.000 1.000 1.000 1.000 1.000 1.000 1.000 1.000 1.000 1.000 1.000 1.000 1.000 1.000 1.000 1.000 1.000 1.000 1.000 1.000 1.000 1.000 1.000  5.8126148007E-02   0.01131   1.00000   0.00000   0.00000   0.2532200E-03
  5290  4.734950687589608E+06  37.430474  5.750875  4.459992  0.5771985E+00  0.4090651E+00  3.3144006E-06  2.2586135E-04  2.3682845E-05  8.1082511E-03  1.0770195E-03  1.6873406E-06  9.1690501E-07  2.0698182E-03  1.3684252E-05  0.4484    4.459992  -5.741  0.830598  7.752708  0.7638706E-02  0.9787140E+00  4.7574984E-13  1.1589970E-04  3.2020528E-05  9.0779961E-03  1.0745699E-04  1.3496788E-07  2.7593802E-10  1.9686420E-03  1.1963473E-05  9.072E-13  2.458E-19  1.249E+10  2.322E+10  2.972E+00  2.508E+04  0.13338946  1.691E-06  1.761E-06  9.974E-01  1.036E-06  2.803E-06  1.004E+00  501   19.9663  9.35E-03 7.1750E-01 1.0776E+00    3.98E+02 0.00E+00 3.55E+01  0.133375  0.364965 3.98E+02 0.00E+00 3.55E+01  0.133389  0.364975  0.0000000E+00  0.0000000E+00  9.4019427E-05  2.5715595E+00  4.4076328E-02  3.7757715E-06 -8.7764717E-01  2.2991907E-01  4.2430962E-01 0.000 0.450 1.000 1.000 1.000 1.000 1.000 1.000 1.000 1.000 1.000 1.000 1.000 1.000 1.000 1.000 1.000 1.000 1.000 1.000 1.000 1.000 1.000 1.000 1.000 1.000 1.000 1.000 1.000 1.000 1.000 1.000 1.000 1.000 1.000 1.000 1.000 1.000 1.000 1.000  5.7844339542E-02   0.01061   1.00000   0.00000   0.00000   0.2522670E-03
  5293  4.736106313317887E+06  37.428370  5.751112  4.460308  0.5771889E+00  0.4090747E+00  3.3142088E-06  2.2584744E-04  2.3683257E-05  8.1083312E-03  1.0769462E-03  1.6872355E-06  9.1682554E-07  2.0698167E-03  1.3683271E-05  0.4484    4.460308  -5.739  0.834563  7.754019  0.7265626E-02  0.9790874E+00  3.7228675E-13  1.1743832E-04  3.2431197E-05  9.0758960E-03  1.0730126E-04  1.3428325E-07  2.7320859E-10  1.9685470E-03  1.2066454E-05  6.637E-13  1.720E-19  1.268E+10  2.001E+10  3.017E+00  2.161E+04  0.13323056  1.692E-06  1.762E-06  9.974E-01  1.035E-06  2.799E-06  1.004E+00  501   19.9272  9.35E-03 7.1355E-01 1.0717E+00    3.98E+02 0.00E+00 3.54E+01  0.133220  0.365188 3.98E+02 0.00E+00 3.55E+01  0.133231  0.365193  0.0000000E+00  0.0000000E+00  5.6551720E-05  2.5606106E+00  4.3907902E-02  3.7609761E-06 -8.7984111E-01  2.3042469E-01  4.2549929E-01 0.000 0.449 1.000 1.000 1.000 1.000 1.000 1.000 1.000 1.000 1.000 1.000 1.000 1.000 1.000 1.000 1.000 1.000 1.000 1.000 1.000 1.000 1.000 1.000 1.000 1.000 1.000 1.000 1.000 1.000 1.000 1.000 1.000 1.000 1.000 1.000 1.000 1.000 1.000 1.000  5.7637146335E-02   0.01009   1.00000   0.00000   0.00000   0.2516602E-03
  5297  4.737366995930556E+06  37.426064  5.751383  4.460695  0.5771783E+00  0.4090853E+00  3.3139979E-06  2.2583214E-04  2.3683709E-05  8.1084192E-03  1.0768657E-03  1.6871199E-06  9.1673815E-07  2.0698150E-03  1.3682192E-05  0.4484    4.460695  -5.737  0.839174  7.755541  0.6855076E-02  0.9794981E+00  3.2455472E-13  1.1855627E-04  3.2768215E-05  9.0743843E-03  1.0712419E-04  1.3379005E-07  2.7090275E-10  1.9684424E-03  1.2186843E-05  6.637E-13  1.720E-19  1.302E+10  1.899E+10  3.098E+00  2.050E+04  0.13304403  1.693E-06  1.763E-06  9.974E-01  1.033E-06  2.796E-06  1.004E+00  501   19.9272  9.35E-03 7.0924E-01 1.0653E+00    3.98E+02 0.00E+00 3.54E+01  0.133006  0.365434 3.98E+02 0.00E+00 3.54E+01  0.133044  0.365441  0.0000000E+00  0.0000000E+00  5.6698586E-05  2.5478370E+00  4.3723854E-02  3.7489749E-06 -8.8241382E-01  2.3102189E-01  4.2688594E-01 0.000 0.449 1.000 1.000 1.000 1.000 1.000 1.000 1.000 1.000 1.000 1.000 1.000 1.000 1.000 1.000 1.000 1.000 1.000 1.000 1.000 1.000 1.000 1.000 1.000 1.000 1.000 1.000 1.000 1.000 1.000 1.000 1.000 1.000 1.000 1.000 1.000 1.000 1.000 1.000  5.7410570557E-02   0.00952   1.00000   0.00000   0.00000   0.2510261E-03
  5300  4.738312507890058E+06  37.424326  5.751603  4.461028  0.5771706E+00  0.4090931E+00  3.3138424E-06  2.2582086E-04  2.3684043E-05  8.1084841E-03  1.0768062E-03  1.6870347E-06  9.1667370E-07  2.0698137E-03  1.3681396E-05  0.4484    4.461028  -5.735  0.842956  7.756788  0.6548291E-02  0.9798050E+00  2.9186483E-13  1.1902773E-04  3.2908346E-05  9.0738017E-03  1.0698923E-04  1.3360175E-07  2.6959316E-10  1.9683641E-03  1.2277768E-05  6.637E-13  1.720E-19  1.331E+10  1.832E+10  3.168E+00  1.979E+04  0.13291726  1.695E-06  1.766E-06  9.974E-01  1.033E-06  2.793E-06  1.004E+00  501   19.9272  9.35E-03 7.0600E-01 1.0604E+00    3.99E+02 0.00E+00 3.54E+01  0.132875  0.365635 3.99E+02 0.00E+00 3.54E+01  0.132917  0.365641  0.0000000E+00  0.0000000E+00  5.6846675E-05  2.5372908E+00  4.3585347E-02  3.7413234E-06 -8.8454881E-01  2.3152316E-01  4.2802552E-01 0.000 0.449 1.000 1.000 1.000 1.000 1.000 1.000 1.000 1.000 1.000 1.000 1.000 1.000 1.000 1.000 1.000 1.000 1.000 1.000 1.000 1.000 1.000 1.000 1.000 1.000 1.000 1.000 1.000 1.000 1.000 1.000 1.000 1.000 1.000 1.000 1.000 1.000 1.000 1.000  5.7240179231E-02   0.00910   1.00000   0.00000   0.00000   0.2505711E-03
  5304  4.739384088110825E+06  37.422348  5.751858  4.461437  0.5771618E+00  0.4091019E+00  3.3136668E-06  2.2580812E-04  2.3684421E-05  8.1085575E-03  1.0767391E-03  1.6869384E-06  9.1660090E-07  2.0698123E-03  1.3680498E-05  0.4485    4.461437  -5.733  0.847391  7.758252  0.6199012E-02  0.9801545E+00  2.4237224E-13  1.2009719E-04  3.3203571E-05  9.0723746E-03  1.0683145E-04  1.3331239E-07  2.6713291E-10  1.9682748E-03  1.2386173E-05  5.347E-13  1.336E-19  1.364E+10  1.693E+10  3.247E+00  1.828E+04  0.13275717  1.697E-06  1.768E-06  9.974E-01  1.032E-06  2.791E-06  1.004E+00  502   19.9272  9.35E-03 7.0230E-01 1.0549E+00    3.99E+02 0.00E+00 3.54E+01  0.132720  0.365868 3.99E+02 0.00E+00 3.54E+01  0.132757  0.365874  0.0000000E+00  0.0000000E+00  4.5620295E-05  2.5248261E+00  4.3427447E-02  3.7332591E-06 -8.8707647E-01  2.3211890E-01  4.2937075E-01 0.000 0.449 1.000 1.000 1.000 1.000 1.000 1.000 1.000 1.000 1.000 1.000 1.000 1.000 1.000 1.000 1.000 1.000 1.000 1.000 1.000 1.000 1.000 1.000 1.000 1.000 1.000 1.000 1.000 1.000 1.000 1.000 1.000 1.000 1.000 1.000 1.000 1.000 1.000 1.000  5.7046515916E-02   0.00861   1.00000   0.00000   0.00000   0.2501134E-03
  5308  4.740392634200959E+06  37.420476  5.752113  4.461869  0.5771532E+00  0.4091104E+00  3.3134965E-06  2.2579577E-04  2.3684786E-05  8.1086286E-03  1.0766740E-03  1.6868451E-06  9.1653034E-07  2.0698110E-03  1.3679627E-05  0.4486    4.461869  -5.731  0.851845  7.759721  0.5870330E-02  0.9804833E+00  2.1335277E-13  1.2075598E-04  3.3399074E-05  9.0715287E-03  1.0667949E-04  1.3315402E-07  2.6547001E-10  1.9681907E-03  1.2490471E-05  5.347E-13  1.336E-19  1.402E+10  1.636E+10  3.337E+00  1.767E+04  0.13260968  1.699E-06  1.771E-06  9.974E-01  1.031E-06  2.788E-06  1.004E+00  501   19.9272  9.35E-03 6.9880E-01 1.0497E+00    3.99E+02 0.00E+00 3.54E+01  0.132597  0.366100 3.99E+02 0.00E+00 3.54E+01  0.132610  0.366105  0.0000000E+00  0.0000000E+00  4.5781307E-05  2.5122297E+00  4.3278703E-02  3.7242310E-06 -8.8963977E-01  2.3272734E-01  4.3072685E-01 0.000 0.449 1.000 1.000 1.000 1.000 1.000 1.000 1.000 1.000 1.000 1.000 1.000 1.000 1.000 1.000 1.000 1.000 1.000 1.000 1.000 1.000 1.000 1.000 1.000 1.000 1.000 1.000 1.000 1.000 1.000 1.000 1.000 1.000 1.000 1.000 1.000 1.000 1.000 1.000  5.6863654588E-02   0.00815   1.00000   0.00000   0.00000   0.2497140E-03
  5312  4.741375966638839E+06  37.418640  5.752375  4.462337  0.5771449E+00  0.4091187E+00  3.3133296E-06  2.2578366E-04  2.3685145E-05  8.1086983E-03  1.0766102E-03  1.6867536E-06  9.1646116E-07  2.0698096E-03  1.3678773E-05  0.4486    4.462337  -5.728  0.856426  7.761236  0.5552729E-02  0.9808010E+00  1.8353042E-13  1.2139550E-04  3.3578492E-05  9.0707211E-03  1.0652922E-04  1.3304452E-07  2.6365699E-10  1.9681093E-03  1.2593215E-05  4.402E-13  1.060E-19  1.443E+10  1.569E+10  3.433E+00  1.695E+04  0.13248102  1.702E-06  1.775E-06  9.974E-01  1.030E-06  2.785E-06  1.004E+00  501   19.9272  9.35E-03 6.9536E-01 1.0445E+00    4.00E+02 0.00E+00 3.54E+01  0.132463  0.366338 4.00E+02 0.00E+00 3.54E+01  0.132481  0.366342  0.0000000E+00  0.0000000E+00  4.1356797E-05  2.4990661E+00  4.3132520E-02  3.7192074E-06 -8.9231889E-01  2.3336741E-01  4.3213644E-01 0.000 0.449 1.000 1.000 1.000 1.000 1.000 1.000 1.000 1.000 1.000 1.000 1.000 1.000 1.000 1.000 1.000 1.000 1.000 1.000 1.000 1.000 1.000 1.000 1.000 1.000 1.000 1.000 1.000 1.000 1.000 1.000 1.000 1.000 1.000 1.000 1.000 1.000 1.000 1.000  5.6684729257E-02   0.00771   1.00000   0.00000   0.00000   0.2493515E-03
  5316  4.742283658119960E+06  37.416937  5.752626  4.462812  0.5771373E+00  0.4091263E+00  3.3131781E-06  2.2577266E-04  2.3685470E-05  8.1087616E-03  1.0765523E-03  1.6866706E-06  9.1639834E-07  2.0698084E-03  1.3677998E-05  0.4487    4.462812  -5.726  0.860882  7.762708  0.5257517E-02  0.9810964E+00  1.6100845E-13  1.2208397E-04  3.3776509E-05  9.0698300E-03  1.0638624E-04  1.3295886E-07  2.6187988E-10  1.9680336E-03  1.2691464E-05  4.402E-13  1.060E-19  1.484E+10  1.529E+10  3.532E+00  1.651E+04  0.13236573  1.706E-06  1.779E-06  9.974E-01  1.029E-06  2.783E-06  1.004E+00  502   19.9272  9.35E-03 6.9217E-01 1.0398E+00    4.00E+02 0.00E+00 3.54E+01  0.132334  0.366564 4.00E+02 0.00E+00 3.54E+01  0.132366  0.366568  0.0000000E+00  0.0000000E+00  4.1510509E-05  2.4861924E+00  4.2996610E-02  3.7155077E-06 -8.9494535E-01  2.3399786E-01  4.3351289E-01 0.000 0.449 1.000 1.000 1.000 1.000 1.000 1.000 1.000 1.000 1.000 1.000 1.000 1.000 1.000 1.000 1.000 1.000 1.000 1.000 1.000 1.000 1.000 1.000 1.000 1.000 1.000 1.000 1.000 1.000 1.000 1.000 1.000 1.000 1.000 1.000 1.000 1.000 1.000 1.000  5.6518948142E-02   0.00730   1.00000   0.00000   0.00000   0.2490613E-03
  5320  4.743191349601081E+06  37.415223  5.752887  4.463339  0.5771298E+00  0.4091339E+00  3.3130274E-06  2.2576172E-04  2.3685794E-05  8.1088245E-03  1.0764947E-03  1.6865879E-06  9.1633587E-07  2.0698072E-03  1.3677226E-05  0.4489    4.463339  -5.723  0.865626  7.764274  0.4963276E-02  0.9813907E+00  1.4089963E-13  1.2262871E-04  3.3934074E-05  9.0691523E-03  1.0624066E-04  1.3291263E-07  2.6030409E-10  1.9679580E-03  1.2790931E-05  4.402E-13  1.060E-19  1.531E+10  1.500E+10  3.643E+00  1.620E+04  0.13225718  1.710E-06  1.783E-06  9.974E-01  1.028E-06  2.780E-06  1.004E+00  502   19.9272  9.35E-03 6.8895E-01 1.0350E+00    4.00E+02 0.00E+00 3.54E+01  0.132213  0.366799 4.00E+02 0.00E+00 3.54E+01  0.132257  0.366804  0.0000000E+00  0.0000000E+00  4.1684411E-05  2.4724368E+00  4.2860390E-02  3.7131113E-06 -8.9776443E-01  2.3467836E-01  4.3498303E-01 0.000 0.449 1.000 1.000 1.000 1.000 1.000 1.000 1.000 1.000 1.000 1.000 1.000 1.000 1.000 1.000 1.000 1.000 1.000 1.000 1.000 1.000 1.000 1.000 1.000 1.000 1.000 1.000 1.000 1.000 1.000 1.000 1.000 1.000 1.000 1.000 1.000 1.000 1.000 1.000  5.6352500714E-02   0.00689   1.00000   0.00000   0.00000   0.2488256E-03
  5324  4.744099041082202E+06  37.413497  5.753157  4.463924  0.5771222E+00  0.4091415E+00  3.3128757E-06  2.2575071E-04  2.3686120E-05  8.1088879E-03  1.0764367E-03  1.6865048E-06  9.1627299E-07  2.0698060E-03  1.3676450E-05  0.4490    4.463924  -5.720  0.870651  7.765933  0.4670043E-02  0.9816841E+00  1.2234090E-13  1.2316872E-04  3.4088361E-05  9.0684862E-03  1.0609225E-04  1.3289129E-07  2.5866422E-10  1.9678827E-03  1.2892016E-05  3.658E-13  8.455E-20  1.582E+10  1.478E+10  3.765E+00  1.596E+04  0.13216380  1.715E-06  1.789E-06  9.974E-01  1.027E-06  2.778E-06  1.004E+00  502   19.9272  9.35E-03 6.8569E-01 1.0301E+00    4.01E+02 0.00E+00 3.54E+01  0.132069  0.367043 4.01E+02 0.00E+00 3.54E+01  0.132164  0.367047  0.0000000E+00  0.0000000E+00  4.1870334E-05  2.4578151E+00  4.2722940E-02  3.7091631E-06 -9.0077642E-01  2.3540903E-01  4.3654742E-01 0.000 0.449 1.000 1.000 1.000 1.000 1.000 1.000 1.000 1.000 1.000 1.000 1.000 1.000 1.000 1.000 1.000 1.000 1.000 1.000 1.000 1.000 1.000 1.000 1.000 1.000 1.000 1.000 1.000 1.000 1.000 1.000 1.000 1.000 1.000 1.000 1.000 1.000 1.000 1.000  5.6185323811E-02   0.00649   1.00000   0.00000   0.00000   0.2486583E-03
  5327  4.744779809693042E+06  37.412195  5.753365  4.464421  0.5771162E+00  0.4091475E+00  3.3127558E-06  2.2574202E-04  2.3686378E-05  8.1089379E-03  1.0763909E-03  1.6864391E-06  9.1622332E-07  2.0698051E-03  1.3675837E-05  0.4491    4.464421  -5.718  0.874611  7.767240  0.4452507E-02  0.9819017E+00  1.0984761E-13  1.2358565E-04  3.4207259E-05  9.0679703E-03  1.0597972E-04  1.3289180E-07  2.5737717E-10  1.9678269E-03  1.2968592E-05  3.658E-13  8.455E-20  1.624E+10  1.470E+10  3.866E+00  1.588E+04  0.13205453  1.718E-06  1.793E-06  9.974E-01  1.027E-06  2.776E-06  1.004E+00  502   19.9272  9.35E-03 6.8325E-01 1.0265E+00    4.01E+02 0.00E+00 3.54E+01  0.131983  0.367229 4.01E+02 0.00E+00 3.54E+01  0.132055  0.367235  0.0000000E+00  0.0000000E+00  4.2033349E-05  2.4462907E+00  4.2620883E-02  3.7092842E-06 -9.0316325E-01  2.3599031E-01  4.3778283E-01 0.000 0.450 1.000 1.000 1.000 1.000 1.000 1.000 1.000 1.000 1.000 1.000 1.000 1.000 1.000 1.000 1.000 1.000 1.000 1.000 1.000 1.000 1.000 1.000 1.000 1.000 1.000 1.000 1.000 1.000 1.000 1.000 1.000 1.000 1.000 1.000 1.000 1.000 1.000 1.000  5.6059403728E-02   0.00618   1.00000   0.00000   0.00000   0.2486320E-03
  5330  4.745460578303883E+06  37.410886  5.753582  4.464951  0.5771104E+00  0.4091533E+00  3.3126392E-06  2.2573356E-04  2.3686628E-05  8.1089866E-03  1.0763464E-03  1.6863752E-06  9.1617498E-07  2.0698041E-03  1.3675241E-05  0.4492    4.464951  -5.715  0.878714  7.768595  0.4234073E-02  0.9821202E+00  9.7551288E-14  1.2402693E-04  3.4332588E-05  9.0674212E-03  1.0586474E-04  1.3290125E-07  2.5604833E-10  1.9677707E-03  1.3046844E-05  3.658E-13  8.455E-20  1.669E+10  1.461E+10  3.973E+00  1.578E+04  0.13195326  1.723E-06  1.798E-06  9.974E-01  1.026E-06  2.774E-06  1.004E+00  502   19.9272  9.35E-03 6.8077E-01 1.0227E+00    4.02E+02 0.00E+00 3.54E+01  0.131865  0.367424 4.02E+02 0.00E+00 3.54E+01  0.131953  0.367429  0.0000000E+00  0.0000000E+00  4.2198190E-05  2.4342357E+00  4.2518590E-02  3.7102152E-06 -9.0567063E-01  2.3660279E-01  4.3907678E-01 0.000 0.449 1.000 1.000 1.000 1.000 1.000 1.000 1.000 1.000 1.000 1.000 1.000 1.000 1.000 1.000 1.000 1.000 1.000 1.000 1.000 1.000 1.000 1.000 1.000 1.000 1.000 1.000 1.000 1.000 1.000 1.000 1.000 1.000 1.000 1.000 1.000 1.000 1.000 1.000  5.5932989152E-02   0.00588   1.00000   0.00000   0.00000   0.2486310E-03
  5333  4.746141346914724E+06  37.409568  5.753808  4.465518  0.5771044E+00  0.4091592E+00  3.3125213E-06  2.2572500E-04  2.3686882E-05  8.1090359E-03  1.0763013E-03  1.6863105E-06  9.1612609E-07  2.0698032E-03  1.3674637E-05  0.4494    4.465518  -5.712  0.883037  7.770022  0.4017207E-02  0.9823372E+00  8.6466029E-14  1.2448685E-04  3.4463398E-05  9.0668458E-03  1.0574829E-04  1.3292800E-07  2.5464948E-10  1.9677150E-03  1.3126181E-05  2.953E-13  6.516E-20  1.718E+10  1.463E+10  4.090E+00  1.580E+04  0.13186036  1.727E-06  1.803E-06  9.974E-01  1.025E-06  2.772E-06  1.004E+00  502   19.9272  9.35E-03 6.7831E-01 1.0191E+00    4.02E+02 0.00E+00 3.54E+01  0.131761  0.367628 4.02E+02 0.00E+00 3.54E+01  0.131860  0.367632  0.0000000E+00  0.0000000E+00  4.2380899E-05  2.4215829E+00  4.2416153E-02  3.7120891E-06 -9.0831812E-01  2.3725175E-01  4.4043905E-01 0.000 0.450 1.000 1.000 1.000 1.000 1.000 1.000 1.000 1.000 1.000 1.000 1.000 1.000 1.000 1.000 1.000 1.000 1.000 1.000 1.000 1.000 1.000 1.000 1.000 1.000 1.000 1.000 1.000 1.000 1.000 1.000 1.000 1.000 1.000 1.000 1.000 1.000 1.000 1.000  5.5806041989E-02   0.00558   1.00000   0.00000   0.00000   0.2486552E-03
  5336  4.746822115525564E+06  37.408241  5.754041  4.466120  0.5770985E+00  0.4091651E+00  3.3124034E-06  2.2571644E-04  2.3687135E-05  8.1090851E-03  1.0762562E-03  1.6862459E-06  9.1607722E-07  2.0698023E-03  1.3674034E-05  0.4496    4.466120  -5.709  0.887522  7.771503  0.3807390E-02  0.9825471E+00  7.7106100E-14  1.2495251E-04  3.4596374E-05  9.0662605E-03  1.0563273E-04  1.3297867E-07  2.5319371E-10  1.9676611E-03  1.3205100E-05  2.953E-13  6.516E-20  1.771E+10  1.466E+10  4.216E+00  1.584E+04  0.13176985  1.733E-06  1.809E-06  9.974E-01  1.025E-06  2.771E-06  1.004E+00  503   19.9272  9.35E-03 6.7581E-01 1.0153E+00    4.03E+02 0.00E+00 3.54E+01  0.131661  0.367839 4.03E+02 0.00E+00 3.55E+01  0.131770  0.367841  0.0000000E+00  0.0000000E+00  4.2577416E-05  2.4083373E+00  4.2313660E-02  3.7149295E-06 -9.1110344E-01  2.3793650E-01  4.4186827E-01 0.000 0.451 1.000 1.000 1.000 1.000 1.000 1.000 1.000 1.000 1.000 1.000 1.000 1.000 1.000 1.000 1.000 1.000 1.000 1.000 1.000 1.000 1.000 1.000 1.000 1.000 1.000 1.000 1.000 1.000 1.000 1.000 1.000 1.000 1.000 1.000 1.000 1.000 1.000 1.000  5.5678519907E-02   0.00528   1.00000   0.00000   0.00000   0.2487112E-03
  5339  4.747502884136405E+06  37.406906  5.754283  4.466761  0.5770928E+00  0.4091709E+00  3.3122885E-06  2.2570810E-04  2.3687382E-05  8.1091331E-03  1.0762123E-03  1.6861829E-06  9.1602958E-07  2.0698013E-03  1.3673446E-05  0.4497    4.466761  -5.706  0.892188  7.773046  0.3592694E-02  0.9827619E+00  6.6898076E-14  1.2546523E-04  3.4741400E-05  9.0656113E-03  1.0551262E-04  1.3303306E-07  2.5169354E-10  1.9676060E-03  1.3287273E-05  2.953E-13  6.516E-20  1.828E+10  1.481E+10  4.351E+00  1.600E+04  0.13168355  1.739E-06  1.815E-06  9.974E-01  1.024E-06  2.769E-06  1.004E+00  503   19.9272  9.35E-03 6.7327E-01 1.0115E+00    4.03E+02 0.00E+00 3.55E+01  0.131561  0.368052 4.03E+02 0.00E+00 3.55E+01  0.131684  0.368058  0.0000000E+00  0.0000000E+00  4.2783983E-05  2.3946317E+00  4.2211147E-02  3.7185527E-06 -9.1399646E-01  2.3864968E-01  4.4334950E-01 0.000 0.450 1.000 1.000 1.000 1.000 1.000 1.000 1.000 1.000 1.000 1.000 1.000 1.000 1.000 1.000 1.000 1.000 1.000 1.000 1.000 1.000 1.000 1.000 1.000 1.000 1.000 1.000 1.000 1.000 1.000 1.000 1.000 1.000 1.000 1.000 1.000 1.000 1.000 1.000  5.5550390123E-02   0.00499   1.00000   0.00000   0.00000   0.2488096E-03
  5342  4.748183652747246E+06  37.405560  5.754540  4.467459  0.5770872E+00  0.4091765E+00  3.3121770E-06  2.2570001E-04  2.3687622E-05  8.1091797E-03  1.0761696E-03  1.6861217E-06  9.1598334E-07  2.0698004E-03  1.3672875E-05  0.4499    4.467459  -5.703  0.897170  7.774692  0.3378018E-02  0.9829767E+00  5.7874847E-14  1.2600617E-04  3.4894848E-05  9.0649223E-03  1.0539003E-04  1.3310928E-07  2.5009320E-10  1.9675510E-03  1.3371358E-05  2.271E-13  4.705E-20  1.892E+10  1.500E+10  4.502E+00  1.620E+04  0.13162004  1.745E-06  1.822E-06  9.974E-01  1.023E-06  2.767E-06  1.004E+00  502   19.9272  9.35E-03 6.7072E-01 1.0077E+00    4.04E+02 0.00E+00 3.55E+01  0.131447  0.368281 4.04E+02 0.00E+00 3.55E+01  0.131620  0.368287  0.0000000E+00  0.0000000E+00  4.3007283E-05  2.3799479E+00  4.2107399E-02  3.7208459E-06 -9.1712468E-01  2.3942361E-01  4.4494586E-01 0.000 0.450 1.000 1.000 1.000 1.000 1.000 1.000 1.000 1.000 1.000 1.000 1.000 1.000 1.000 1.000 1.000 1.000 1.000 1.000 1.000 1.000 1.000 1.000 1.000 1.000 1.000 1.000 1.000 1.000 1.000 1.000 1.000 1.000 1.000 1.000 1.000 1.000 1.000 1.000  5.5421609769E-02   0.00469   1.00000   0.00000   0.00000   0.2489432E-03
  5345  4.748864421358086E+06  37.404204  5.754808  4.468206  0.5770810E+00  0.4091827E+00  3.3120523E-06  2.2569096E-04  2.3687890E-05  8.1092317E-03  1.0761220E-03  1.6860534E-06  9.1593167E-07  2.0697995E-03  1.3672237E-05  0.4501    4.468206  -5.700  0.902449  7.776435  0.3165495E-02  0.9831893E+00  4.9824153E-14  1.2657566E-04  3.5056500E-05  9.0641927E-03  1.0526574E-04  1.3321246E-07  2.4839807E-10  1.9674965E-03  1.3456890E-05  2.271E-13  4.705E-20  1.961E+10  1.532E+10  4.668E+00  1.654E+04  0.13150317  1.752E-06  1.830E-06  9.974E-01  1.023E-06  2.765E-06  1.004E+00  502   19.9272  9.35E-03 6.6818E-01 1.0039E+00    4.04E+02 0.00E+00 3.55E+01  0.131333  0.368522 4.04E+02 0.00E+00 3.55E+01  0.131503  0.368527  0.0000000E+00  0.0000000E+00  4.3249667E-05  2.3644467E+00  4.2004029E-02  3.7273300E-06 -9.2045461E-01  2.4024999E-01  4.4664012E-01 0.000 0.450 1.000 1.000 1.000 1.000 1.000 1.000 1.000 1.000 1.000 1.000 1.000 1.000 1.000 1.000 1.000 1.000 1.000 1.000 1.000 1.000 1.000 1.000 1.000 1.000 1.000 1.000 1.000 1.000 1.000 1.000 1.000 1.000 1.000 1.000 1.000 1.000 1.000 1.000  5.5292099051E-02   0.00440   1.00000   0.00000   0.00000   0.2491095E-03
  5348  4.749545189968927E+06  37.402837  5.755090  4.469009  0.5770749E+00  0.4091888E+00  3.3119310E-06  2.2568215E-04  2.3688151E-05  8.1092824E-03  1.0760756E-03  1.6859868E-06  9.1588135E-07  2.0697985E-03  1.3671616E-05  0.4503    4.469009  -5.696  0.908013  7.778272  0.2955173E-02  0.9833997E+00  4.2496985E-14  1.2717784E-04  3.5227359E-05  9.0634165E-03  1.0513963E-04  1.3334290E-07  2.4661389E-10  1.9674427E-03  1.3543991E-05  2.271E-13  4.705E-20  2.038E+10  1.571E+10  4.850E+00  1.697E+04  0.13143189  1.760E-06  1.838E-06  9.974E-01  1.022E-06  2.763E-06  1.004E+00  502   19.9272  9.35E-03 6.6559E-01 1.0001E+00    4.05E+02 0.00E+00 3.55E+01  0.131252  0.368772 4.05E+02 0.00E+00 3.56E+01  0.131432  0.368778  0.0000000E+00  0.0000000E+00  4.3520475E-05  2.3480977E+00  4.1899740E-02  3.7351262E-06 -9.2399632E-01  2.4113142E-01  4.4843716E-01 0.000 0.450 1.000 1.000 1.000 1.000 1.000 1.000 1.000 1.000 1.000 1.000 1.000 1.000 1.000 1.000 1.000 1.000 1.000 1.000 1.000 1.000 1.000 1.000 1.000 1.000 1.000 1.000 1.000 1.000 1.000 1.000 1.000 1.000 1.000 1.000 1.000 1.000 1.000 1.000  5.5161822551E-02   0.00411   1.00000   0.00000   0.00000   0.2493154E-03
  5350  4.749999035709487E+06  37.401918  5.755287  4.469579  0.5770708E+00  0.4091929E+00  3.3118497E-06  2.2567625E-04  2.3688326E-05  8.1093164E-03  1.0760445E-03  1.6859423E-06  9.1584767E-07  2.0697978E-03  1.3671201E-05  0.4504    4.469579  -5.693  0.911921  7.779562  0.2815650E-02  0.9835393E+00  3.8003792E-14  1.2760147E-04  3.5347443E-05  9.0628677E-03  1.0505424E-04  1.3344720E-07  2.4536191E-10  1.9674071E-03  1.3603158E-05  2.271E-13  4.705E-20  2.093E+10  1.605E+10  4.982E+00  1.734E+04  0.13140400  1.766E-06  1.844E-06  9.974E-01  1.022E-06  2.762E-06  1.004E+00  502   19.9272  9.35E-03 6.6386E-01 9.9749E-01    4.06E+02 0.00E+00 3.56E+01  0.131172  0.368948 4.06E+02 0.00E+00 3.56E+01  0.131404  0.368954  0.0000000E+00  0.0000000E+00  4.3705356E-05  2.3366517E+00  4.1829833E-02  3.7412172E-06 -9.2649604E-01  2.4175507E-01  4.4970262E-01 0.000 0.450 1.000 1.000 1.000 1.000 1.000 1.000 1.000 1.000 1.000 1.000 1.000 1.000 1.000 1.000 1.000 1.000 1.000 1.000 1.000 1.000 1.000 1.000 1.000 1.000 1.000 1.000 1.000 1.000 1.000 1.000 1.000 1.000 1.000 1.000 1.000 1.000 1.000 1.000  5.5074507450E-02   0.00391   1.00000   0.00000   0.00000   0.2494764E-03
  5352  4.750452881450048E+06  37.400994  5.755491  4.470174  0.5770670E+00  0.4091967E+00  3.3117726E-06  2.2567065E-04  2.3688492E-05  8.1093486E-03  1.0760150E-03  1.6859000E-06  9.1581567E-07  2.0697972E-03  1.3670806E-05  0.4506    4.470174  -5.690  0.915963  7.780897  0.2678527E-02  0.9836766E+00  3.3868533E-14  1.2803833E-04  3.5471326E-05  9.0622996E-03  1.0496857E-04  1.3356548E-07  2.4407880E-10  1.9673721E-03  1.3662687E-05  1.628E-13  3.053E-20  2.152E+10  1.646E+10  5.123E+00  1.777E+04  0.13134251  1.772E-06  1.851E-06  9.974E-01  1.021E-06  2.761E-06  1.004E+00  502   19.9272  9.35E-03 6.6210E-01 9.9487E-01    4.06E+02 0.00E+00 3.56E+01  0.131127  0.369128 4.06E+02 0.00E+00 3.56E+01  0.131343  0.369135  0.0000000E+00  0.0000000E+00  4.3909209E-05  2.3248180E+00  4.1760967E-02  3.7482013E-06 -9.2909531E-01  2.4240472E-01  4.5101638E-01 0.000 0.451 1.000 1.000 1.000 1.000 1.000 1.000 1.000 1.000 1.000 1.000 1.000 1.000 1.000 1.000 1.000 1.000 1.000 1.000 1.000 1.000 1.000 1.000 1.000 1.000 1.000 1.000 1.000 1.000 1.000 1.000 1.000 1.000 1.000 1.000 1.000 1.000 1.000 1.000  5.4986785217E-02   0.00372   1.00000   0.00000   0.00000   0.2496492E-03
  5354  4.750906727190608E+06  37.400064  5.755705  4.470805  0.5770630E+00  0.4092007E+00  3.3116942E-06  2.2566496E-04  2.3688661E-05  8.1093814E-03  1.0759851E-03  1.6858570E-06  9.1578317E-07  2.0697966E-03  1.3670404E-05  0.4507    4.470805  -5.688  0.920220  7.782302  0.2541028E-02  0.9838141E+00  3.0000935E-14  1.2849898E-04  3.5601809E-05  9.0616980E-03  1.0488130E-04  1.3370141E-07  2.4272297E-10  1.9673372E-03  1.3723461E-05  1.628E-13  3.053E-20  2.217E+10  1.693E+10  5.276E+00  1.829E+04  0.13130025  1.778E-06  1.858E-06  9.974E-01  1.021E-06  2.760E-06  1.004E+00  503   19.9272  9.35E-03 6.6037E-01 9.9228E-01    4.07E+02 0.00E+00 3.56E+01  0.131066  0.369319 4.07E+02 0.00E+00 3.57E+01  0.131300  0.369325  0.0000000E+00  0.0000000E+00  4.4122124E-05  2.3124028E+00  4.1691070E-02  3.7560378E-06 -9.3184570E-01  2.4309354E-01  4.5240353E-01 0.000 0.451 1.000 1.000 1.000 1.000 1.000 1.000 1.000 1.000 1.000 1.000 1.000 1.000 1.000 1.000 1.000 1.000 1.000 1.000 1.000 1.000 1.000 1.000 1.000 1.000 1.000 1.000 1.000 1.000 1.000 1.000 1.000 1.000 1.000 1.000 1.000 1.000 1.000 1.000  5.4898649455E-02   0.00353   1.00000   0.00000   0.00000   0.2498351E-03
  5356  4.751360572931169E+06  37.399127  5.755922  4.471461  0.5770589E+00  0.4092048E+00  3.3116107E-06  2.2565890E-04  2.3688840E-05  8.1094162E-03  1.0759531E-03  1.6858112E-06  9.1574855E-07  2.0697959E-03  1.3669977E-05  0.4509    4.471461  -5.685  0.924559  7.783735  0.2408196E-02  0.9839471E+00  2.6468238E-14  1.2896776E-04  3.5734686E-05  9.0610838E-03  1.0479470E-04  1.3385622E-07  2.4134386E-10  1.9673035E-03  1.3783969E-05  1.628E-13  3.053E-20  2.284E+10  1.750E+10  5.437E+00  1.890E+04  0.13124076  1.785E-06  1.865E-06  9.974E-01  1.020E-06  2.758E-06  1.004E+00  502   19.9663  9.35E-03 6.5853E-01 9.8954E-01    4.07E+02 0.00E+00 3.56E+01  0.130983  0.369508 4.07E+02 0.00E+00 3.57E+01  0.131241  0.369518  0.0000000E+00  0.0000000E+00  4.4333193E-05  2.2996962E+00  4.1619907E-02  3.7642286E-06 -9.3467364E-01  2.4380287E-01  4.5382807E-01 0.000 0.451 1.000 1.000 1.000 1.000 1.000 1.000 1.000 1.000 1.000 1.000 1.000 1.000 1.000 1.000 1.000 1.000 1.000 1.000 1.000 1.000 1.000 1.000 1.000 1.000 1.000 1.000 1.000 1.000 1.000 1.000 1.000 1.000 1.000 1.000 1.000 1.000 1.000 1.000  5.4810082535E-02   0.00335   1.00000   0.00000   0.00000   0.2500610E-03
  5358  4.751814418671729E+06  37.398184  5.756158  4.472164  0.5770550E+00  0.4092087E+00  3.3115345E-06  2.2565337E-04  2.3689004E-05  8.1094481E-03  1.0759240E-03  1.6857694E-06  9.1571697E-07  2.0697953E-03  1.3669587E-05  0.4510    4.472164  -5.681  0.929268  7.785288  0.2272054E-02  0.9840833E+00  2.3124265E-14  1.2947421E-04  3.5877881E-05  9.0604172E-03  1.0470503E-04  1.3403083E-07  2.3986478E-10  1.9672692E-03  1.3846691E-05  1.628E-13  3.053E-20  2.360E+10  1.812E+10  5.616E+00  1.957E+04  0.13120385  1.792E-06  1.873E-06  9.974E-01  1.020E-06  2.757E-06  1.004E+00  502   19.9663  9.35E-03 6.5672E-01 9.8683E-01    4.08E+02 0.00E+00 3.57E+01  0.130919  0.369720 4.08E+02 0.00E+00 3.58E+01  0.131204  0.369728  0.0000000E+00  0.0000000E+00  4.4571782E-05  2.2860920E+00  4.1548271E-02  3.7739309E-06 -9.3774061E-01  2.4457391E-01  4.5536933E-01 0.000 0.451 1.000 1.000 1.000 1.000 1.000 1.000 1.000 1.000 1.000 1.000 1.000 1.000 1.000 1.000 1.000 1.000 1.000 1.000 1.000 1.000 1.000 1.000 1.000 1.000 1.000 1.000 1.000 1.000 1.000 1.000 1.000 1.000 1.000 1.000 1.000 1.000 1.000 1.000  5.4721054772E-02   0.00316   1.00000   0.00000   0.00000   0.2502791E-03
  5360  4.752268264412289E+06  37.397233  5.756408  4.472911  0.5770512E+00  0.4092126E+00  3.3114569E-06  2.2564774E-04  2.3689171E-05  8.1094805E-03  1.0758943E-03  1.6857268E-06  9.1568479E-07  2.0697947E-03  1.3669190E-05  0.4511    4.472911  -5.678  0.934237  7.786927  0.2137091E-02  0.9842184E+00  2.0047876E-14  1.3000556E-04  3.6028135E-05  9.0597149E-03  1.0461427E-04  1.3423341E-07  2.3830092E-10  1.9672355E-03  1.3910316E-05  1.628E-13  3.053E-20  2.442E+10  1.888E+10  5.812E+00  2.039E+04  0.13119767  1.800E-06  1.882E-06  9.974E-01  1.020E-06  2.756E-06  1.004E+00  501   19.9663  9.35E-03 6.5486E-01 9.8405E-01    4.08E+02 0.00E+00 3.57E+01  0.130899  0.369940 4.08E+02 0.00E+00 3.58E+01  0.131198  0.369949  0.0000000E+00  0.0000000E+00  4.4839602E-05  2.2717870E+00  4.1477563E-02  3.7823185E-06 -9.4099604E-01  2.4539399E-01  4.5700220E-01 0.000 0.451 1.000 1.000 1.000 1.000 1.000 1.000 1.000 1.000 1.000 1.000 1.000 1.000 1.000 1.000 1.000 1.000 1.000 1.000 1.000 1.000 1.000 1.000 1.000 1.000 1.000 1.000 1.000 1.000 1.000 1.000 1.000 1.000 1.000 1.000 1.000 1.000 1.000 1.000  5.4631509912E-02   0.00297   1.00000   0.00000   0.00000   0.2505199E-03
  5362  4.752722110152850E+06  37.396275  5.756671  4.473703  0.5770469E+00  0.4092168E+00  3.3113727E-06  2.2564162E-04  2.3689352E-05  8.1095157E-03  1.0758621E-03  1.6856806E-06  9.1564985E-07  2.0697940E-03  1.3668759E-05  0.4513    4.473703  -5.674  0.939484  7.788656  0.2004114E-02  0.9843515E+00  1.7315828E-14  1.3056158E-04  3.6185388E-05  9.0589769E-03  1.0452270E-04  1.3446761E-07  2.3665686E-10  1.9672025E-03  1.3974649E-05  1.052E-13  1.739E-20  2.532E+10  1.978E+10  6.027E+00  2.136E+04  0.13114963  1.809E-06  1.892E-06  9.974E-01  1.019E-06  2.755E-06  1.004E+00  501   19.9663  9.35E-03 6.5305E-01 9.8135E-01    4.09E+02 0.00E+00 3.58E+01  0.130848  0.370175 4.09E+02 0.00E+00 3.59E+01  0.131150  0.370182  0.0000000E+00  0.0000000E+00  4.5116545E-05  2.2567640E+00  4.1406409E-02  3.7947793E-06 -9.4445104E-01  2.4626592E-01  4.5873183E-01 0.000 0.451 1.000 1.000 1.000 1.000 1.000 1.000 1.000 1.000 1.000 1.000 1.000 1.000 1.000 1.000 1.000 1.000 1.000 1.000 1.000 1.000 1.000 1.000 1.000 1.000 1.000 1.000 1.000 1.000 1.000 1.000 1.000 1.000 1.000 1.000 1.000 1.000 1.000 1.000  5.4541411506E-02   0.00278   1.00000   0.00000   0.00000   0.2507780E-03
  5364  4.753175955893410E+06  37.395308  5.756942  4.474532  0.5770426E+00  0.4092211E+00  3.3112861E-06  2.2563534E-04  2.3689539E-05  8.1095519E-03  1.0758290E-03  1.6856332E-06  9.1561396E-07  2.0697933E-03  1.3668316E-05  0.4514    4.474532  -5.671  0.944890  7.790440  0.1877539E-02  0.9844781E+00  1.5096721E-14  1.3112801E-04  3.6345796E-05  9.0582224E-03  1.0443227E-04  1.3473956E-07  2.3494953E-10  1.9671715E-03  1.4038390E-05  1.052E-13  1.739E-20  2.629E+10  2.082E+10  6.256E+00  2.248E+04  0.13113882  1.818E-06  1.902E-06  9.974E-01  1.019E-06  2.754E-06  1.004E+00  502   19.9663  9.35E-03 6.5111E-01 9.7845E-01    4.10E+02 0.00E+00 3.58E+01  0.130826  0.370420 4.10E+02 0.00E+00 3.59E+01  0.131139  0.370421  0.0000000E+00  0.0000000E+00  4.5418914E-05  2.2412675E+00  4.1334759E-02  3.8081379E-06 -9.4804128E-01  2.4717338E-01  4.6052657E-01 0.000 0.452 1.000 1.000 1.000 1.000 1.000 1.000 1.000 1.000 1.000 1.000 1.000 1.000 1.000 1.000 1.000 1.000 1.000 1.000 1.000 1.000 1.000 1.000 1.000 1.000 1.000 1.000 1.000 1.000 1.000 1.000 1.000 1.000 1.000 1.000 1.000 1.000 1.000 1.000  5.4450733447E-02   0.00260   1.00000   0.00000   0.00000   0.2510684E-03
  5366  4.753629801633971E+06  37.394333  5.757238  4.475419  0.5770385E+00  0.4092252E+00  3.3112037E-06  2.2562936E-04  2.3689716E-05  8.1095863E-03  1.0757975E-03  1.6855880E-06  9.1557981E-07  2.0697927E-03  1.3667894E-05  0.4516    4.475419  -5.667  0.950757  7.792372  0.1745710E-02  0.9846101E+00  1.2507342E-14  1.3174970E-04  3.6520981E-05  9.0573912E-03  1.0433761E-04  1.3503584E-07  2.3314189E-10  1.9671395E-03  1.4105059E-05  1.052E-13  1.739E-20  2.736E+10  2.198E+10  6.513E+00  2.373E+04  0.13113349  1.828E-06  1.914E-06  9.974E-01  1.018E-06  2.752E-06  1.004E+00  501   20.0054  9.35E-03 6.4910E-01 9.7545E-01    4.11E+02 0.00E+00 3.59E+01  0.130774  0.370671 4.11E+02 0.00E+00 3.60E+01  0.131133  0.370682  0.0000000E+00  0.0000000E+00  4.5722491E-05  2.2246776E+00  4.1261978E-02  3.8233807E-06 -9.5194287E-01  2.4816124E-01  4.6247327E-01 0.000 0.452 1.000 1.000 1.000 1.000 1.000 1.000 1.000 1.000 1.000 1.000 1.000 1.000 1.000 1.000 1.000 1.000 1.000 1.000 1.000 1.000 1.000 1.000 1.000 1.000 1.000 1.000 1.000 1.000 1.000 1.000 1.000 1.000 1.000 1.000 1.000 1.000 1.000 1.000  5.4359450220E-02   0.00243   1.00000   0.00000   0.00000   0.2513508E-03
  5368  4.754083647374531E+06  37.393348  5.757560  4.476374  0.5770343E+00  0.4092294E+00  3.3111211E-06  2.2562336E-04  2.3689894E-05  8.1096208E-03  1.0757659E-03  1.6855427E-06  9.1554553E-07  2.0697920E-03  1.3667471E-05  0.4516    4.476374  -5.663  0.957116  7.794466  0.1615233E-02  0.9847407E+00  1.0442855E-14  1.3240852E-04  3.6706715E-05  9.0565065E-03  1.0424160E-04  1.3538275E-07  2.3118304E-10  1.9671085E-03  1.4172743E-05  1.052E-13  1.739E-20  2.858E+10  2.341E+10  6.803E+00  2.528E+04  0.13115312  1.840E-06  1.926E-06  9.974E-01  1.018E-06  2.751E-06  1.004E+00  502   20.0054  9.35E-03 6.4708E-01 9.7244E-01    4.11E+02 0.00E+00 3.59E+01  0.130757  0.370956 4.11E+02 0.00E+00 3.61E+01  0.131153  0.370966  0.0000000E+00  0.0000000E+00  4.6072146E-05  2.2068841E+00  4.1188878E-02  3.8409139E-06 -9.5618987E-01  2.4923871E-01  4.6458779E-01 0.000 0.452 1.000 1.000 1.000 1.000 1.000 1.000 1.000 1.000 1.000 1.000 1.000 1.000 1.000 1.000 1.000 1.000 1.000 1.000 1.000 1.000 1.000 1.000 1.000 1.000 1.000 1.000 1.000 1.000 1.000 1.000 1.000 1.000 1.000 1.000 1.000 1.000 1.000 1.000  5.4267484940E-02   0.00225   1.00000   0.00000   0.00000   0.2516360E-03
  5370  4.754537493115092E+06  37.392354  5.757906  4.477396  0.5770302E+00  0.4092335E+00  3.3110381E-06  2.2561734E-04  2.3690072E-05  8.1096555E-03  1.0757342E-03  1.6854972E-06  9.1551113E-07  2.0697914E-03  1.3667047E-05  0.4517    4.477396  -5.658  0.963935  7.796710  0.1486946E-02  0.9848691E+00  8.6439405E-15  1.3310628E-04  3.6903328E-05  9.0555655E-03  1.0414449E-04  1.3578648E-07  2.2908547E-10  1.9670788E-03  1.4241256E-05  1.052E-13  1.739E-20  2.995E+10  2.511E+10  7.127E+00  2.712E+04  0.13116384  1.852E-06  1.940E-06  9.974E-01  1.017E-06  2.750E-06  1.004E+00  502   20.0054  9.35E-03 6.4500E-01 9.6934E-01    4.12E+02 0.00E+00 3.60E+01  0.130758  0.371261 4.12E+02 0.00E+00 3.61E+01  0.131164  0.371271  0.0000000E+00  0.0000000E+00  4.6454919E-05  2.1879747E+00  4.1115658E-02  3.8607059E-06 -9.6076862E-01  2.5040232E-01  4.6686330E-01 0.000 0.452 1.000 1.000 1.000 1.000 1.000 1.000 1.000 1.000 1.000 1.000 1.000 1.000 1.000 1.000 1.000 1.000 1.000 1.000 1.000 1.000 1.000 1.000 1.000 1.000 1.000 1.000 1.000 1.000 1.000 1.000 1.000 1.000 1.000 1.000 1.000 1.000 1.000 1.000  5.4174771009E-02   0.00207   1.00000   0.00000   0.00000   0.2519472E-03
  5372  4.754991338855652E+06  37.391348  5.758261  4.478456  0.5770255E+00  0.4092382E+00  3.3109448E-06  2.2561056E-04  2.3690273E-05  8.1096944E-03  1.0756985E-03  1.6854460E-06  9.1547244E-07  2.0697906E-03  1.3666569E-05  0.4518    4.478456  -5.653  0.971058  7.799057  0.1377261E-02  0.9849789E+00  7.7278614E-15  1.3378339E-04  3.7094845E-05  9.0546487E-03  1.0405361E-04  1.3626584E-07  2.2693362E-10  1.9670545E-03  1.4305781E-05  5.498E-14  7.680E-21  3.144E+10  2.717E+10  7.482E+00  2.935E+04  0.13119037  1.864E-06  1.954E-06  9.974E-01  1.017E-06  2.749E-06  1.004E+00  501   20.0444  9.35E-03 6.4274E-01 9.6597E-01    4.13E+02 0.00E+00 3.61E+01  0.130751  0.371585 4.13E+02 0.00E+00 3.62E+01  0.131190  0.371584  0.0000000E+00  0.0000000E+00  4.6856561E-05  2.1687079E+00  4.1040264E-02  3.8810897E-06 -9.6547249E-01  2.5159964E-01  4.6919804E-01 0.000 0.453 1.000 1.000 1.000 1.000 1.000 1.000 1.000 1.000 1.000 1.000 1.000 1.000 1.000 1.000 1.000 1.000 1.000 1.000 1.000 1.000 1.000 1.000 1.000 1.000 1.000 1.000 1.000 1.000 1.000 1.000 1.000 1.000 1.000 1.000 1.000 1.000 1.000 1.000  5.4081267157E-02   0.00189   1.00000   0.00000   0.00000   0.2524228E-03
  5374  4.755445184596213E+06  37.390332  5.758630  4.479562  0.5770216E+00  0.4092421E+00  3.3108679E-06  2.2560497E-04  2.3690439E-05  8.1097266E-03  1.0756691E-03  1.6854038E-06  9.1544052E-07  2.0697900E-03  1.3666175E-05  0.4520    4.479562  -5.649  0.978300  7.801441  0.1251074E-02  0.9851053E+00  5.7250601E-15  1.3456356E-04  3.7314026E-05  9.0535902E-03  1.0395314E-04  1.3675635E-07  2.2470140E-10  1.9670271E-03  1.4376617E-05  5.498E-14  7.680E-21  3.300E+10  2.922E+10  7.854E+00  3.156E+04  0.13121852  1.878E-06  1.970E-06  9.974E-01  1.017E-06  2.748E-06  1.004E+00  501   20.0833  9.35E-03 6.4061E-01 9.6279E-01    4.14E+02 0.00E+00 3.62E+01  0.130729  0.371879 4.14E+02 0.00E+00 3.63E+01  0.131219  0.371908  0.0000000E+00  0.0000000E+00  4.7237165E-05  2.1482756E+00  4.0961822E-02  3.9034164E-06 -9.7054643E-01  2.5289184E-01  4.7171332E-01 0.000 0.452 1.000 1.000 1.000 1.000 1.000 1.000 1.000 1.000 1.000 1.000 1.000 1.000 1.000 1.000 1.000 1.000 1.000 1.000 1.000 1.000 1.000 1.000 1.000 1.000 1.000 1.000 1.000 1.000 1.000 1.000 1.000 1.000 1.000 1.000 1.000 1.000 1.000 1.000  5.3986978195E-02   0.00174   1.00000   0.00000   0.00000   0.2528837E-03
  5375  4.755672107466493E+06  37.389819  5.758843  4.480169  0.5770196E+00  0.4092441E+00  3.3108276E-06  2.2560205E-04  2.3690526E-05  8.1097434E-03  1.0756537E-03  1.6853817E-06  9.1542381E-07  2.0697897E-03  1.3665969E-05  0.4519    4.480169  -5.646  0.982453  7.802805  0.1188911E-02  0.9851675E+00  5.0752997E-15  1.3497399E-04  3.7429253E-05  9.0530315E-03  1.0390249E-04  1.3703856E-07  2.2346175E-10  1.9670140E-03  1.4412313E-05  5.498E-14  7.680E-21  3.393E+10  3.056E+10  8.076E+00  3.300E+04  0.13124587  1.885E-06  1.979E-06  9.974E-01  1.016E-06  2.747E-06  1.004E+00  501   20.0833  9.35E-03 6.3948E-01 9.6110E-01    4.15E+02 0.00E+00 3.62E+01  0.130746  0.372078 4.15E+02 0.00E+00 3.64E+01  0.131246  0.372096  0.0000000E+00  0.0000000E+00  4.7481767E-05  2.1371013E+00  4.0922732E-02  3.9165345E-06 -9.7337430E-01  2.5361332E-01  4.7311254E-01 0.000 0.452 1.000 1.000 1.000 1.000 1.000 1.000 1.000 1.000 1.000 1.000 1.000 1.000 1.000 1.000 1.000 1.000 1.000 1.000 1.000 1.000 1.000 1.000 1.000 1.000 1.000 1.000 1.000 1.000 1.000 1.000 1.000 1.000 1.000 1.000 1.000 1.000 1.000 1.000  5.3939496429E-02   0.00165   1.00000   0.00000   0.00000   0.2530987E-03
  5376  4.755899030336773E+06  37.389303  5.759070  4.480810  0.5770176E+00  0.4092461E+00  3.3107876E-06  2.2559915E-04  2.3690612E-05  8.1097601E-03  1.0756384E-03  1.6853597E-06  9.1540724E-07  2.0697894E-03  1.3665765E-05  0.4519    4.480810  -5.643  0.986832  7.804243  0.1127375E-02  0.9852291E+00  4.4769720E-15  1.3540003E-04  3.7548759E-05  9.0524502E-03  1.0385152E-04  1.3734762E-07  2.2215258E-10  1.9670014E-03  1.4448219E-05  5.498E-14  7.680E-21  3.494E+10  3.205E+10  8.316E+00  3.461E+04  0.13129339  1.894E-06  1.988E-06  9.974E-01  1.016E-06  2.746E-06  1.004E+00  500   20.0833  9.35E-03 6.3832E-01 9.5937E-01    4.15E+02 0.00E+00 3.63E+01  0.130749  0.372278 4.15E+02 0.00E+00 3.64E+01  0.131293  0.372294  0.0000000E+00  0.0000000E+00  4.7725379E-05  2.1254071E+00  4.0882774E-02  3.9276697E-06 -9.7636430E-01  2.5437689E-01  4.7459065E-01 0.000 0.452 1.000 1.000 1.000 1.000 1.000 1.000 1.000 1.000 1.000 1.000 1.000 1.000 1.000 1.000 1.000 1.000 1.000 1.000 1.000 1.000 1.000 1.000 1.000 1.000 1.000 1.000 1.000 1.000 1.000 1.000 1.000 1.000 1.000 1.000 1.000 1.000 1.000 1.000  5.3891771049E-02   0.00157   1.00000   0.00000   0.00000   0.2533246E-03
  5377  4.756125953207053E+06  37.388784  5.759307  4.481473  0.5770152E+00  0.4092485E+00  3.3107391E-06  2.2559562E-04  2.3690716E-05  8.1097804E-03  1.0756198E-03  1.6853331E-06  9.1538711E-07  2.0697890E-03  1.3665516E-05  0.4519    4.481473  -5.640  0.991431  7.805753  0.1066458E-02  0.9852901E+00  3.9195979E-15  1.3584288E-04  3.7672877E-05  9.0518447E-03  1.0380021E-04  1.3768382E-07  2.2078430E-10  1.9669894E-03  1.4484354E-05  5.498E-14  7.680E-21  3.603E+10  3.370E+10  8.574E+00  3.640E+04  0.13132480  1.902E-06  1.999E-06  9.974E-01  1.016E-06  2.746E-06  1.004E+00  499   20.1222  9.35E-03 6.3712E-01 9.5758E-01    4.16E+02 0.00E+00 3.63E+01  0.130770  0.372488 4.16E+02 0.00E+00 3.65E+01  0.131325  0.372503  0.0000000E+00  0.0000000E+00  4.7989748E-05  2.1132346E+00  4.0842729E-02  3.9427604E-06 -9.7951180E-01  2.5518124E-01  4.7614510E-01 0.000 0.452 1.000 1.000 1.000 1.000 1.000 1.000 1.000 1.000 1.000 1.000 1.000 1.000 1.000 1.000 1.000 1.000 1.000 1.000 1.000 1.000 1.000 1.000 1.000 1.000 1.000 1.000 1.000 1.000 1.000 1.000 1.000 1.000 1.000 1.000 1.000 1.000 1.000 1.000  5.3843781301E-02   0.00148   1.00000   0.00000   0.00000   0.2535312E-03
  5378  4.756352876077333E+06  37.388260  5.759557  4.482167  0.5770130E+00  0.4092507E+00  3.3106961E-06  2.2559250E-04  2.3690809E-05  8.1097984E-03  1.0756034E-03  1.6853096E-06  9.1536929E-07  2.0697886E-03  1.3665296E-05  0.4519    4.482167  -5.637  0.996256  7.807336  0.1006240E-02  0.9853504E+00  3.4162250E-15  1.3630308E-04  3.7801756E-05  9.0512140E-03  1.0374857E-04  1.3804987E-07  2.1934718E-10  1.9669780E-03  1.4520692E-05  5.498E-14  7.680E-21  3.719E+10  3.554E+10  8.852E+00  3.839E+04  0.13140833  1.912E-06  2.010E-06  9.974E-01  1.016E-06  2.745E-06  1.004E+00  498   20.1599  9.35E-03 6.3588E-01 9.5574E-01    4.16E+02 0.00E+00 3.64E+01  0.130784  0.372706 4.16E+02 0.00E+00 3.66E+01  0.131408  0.372721  0.0000000E+00  0.0000000E+00  4.8257312E-05  2.1005570E+00  4.0801361E-02  3.9587286E-06 -9.8282587E-01  2.5602869E-01  4.7777990E-01 0.000 0.452 1.000 1.000 1.000 1.000 1.000 1.000 1.000 1.000 1.000 1.000 1.000 1.000 1.000 1.000 1.000 1.000 1.000 1.000 1.000 1.000 1.000 1.000 1.000 1.000 1.000 1.000 1.000 1.000 1.000 1.000 1.000 1.000 1.000 1.000 1.000 1.000 1.000 1.000  5.3795523989E-02   0.00140   1.00000   0.00000   0.00000   0.2537393E-03
  5379  4.756579798947614E+06  37.387734  5.759820  4.482893  0.5770109E+00  0.4092529E+00  3.3106529E-06  2.2558936E-04  2.3690902E-05  8.1098164E-03  1.0755869E-03  1.6852858E-06  9.1535137E-07  2.0697883E-03  1.3665075E-05  0.4518    4.482893  -5.634  1.001325  7.808999  0.9467651E-03  0.9854100E+00  2.9578682E-15  1.3678129E-04  3.7935587E-05  9.0505573E-03  1.0369662E-04  1.3844660E-07  2.1785035E-10  1.9669672E-03  1.4557221E-05  5.498E-14  7.680E-21  3.846E+10  3.759E+10  9.153E+00  4.059E+04  0.13149948  1.922E-06  2.021E-06  9.974E-01  1.016E-06  2.745E-06  1.004E+00  498   20.1599  9.35E-03 6.3460E-01 9.5383E-01    4.17E+02 0.00E+00 3.65E+01  0.130843  0.372935 4.17E+02 0.00E+00 3.67E+01  0.131499  0.372952  0.0000000E+00  0.0000000E+00  4.8556784E-05  2.0873534E+00  4.0760623E-02  3.9760230E-06 -9.8631666E-01  2.5692206E-01  4.7950105E-01 0.000 0.452 1.000 1.000 1.000 1.000 1.000 1.000 1.000 1.000 1.000 1.000 1.000 1.000 1.000 1.000 1.000 1.000 1.000 1.000 1.000 1.000 1.000 1.000 1.000 1.000 1.000 1.000 1.000 1.000 1.000 1.000 1.000 1.000 1.000 1.000 1.000 1.000 1.000 1.000  5.3746967205E-02   0.00132   1.00000   0.00000   0.00000   0.2539420E-03
  5380  4.756806721817894E+06  37.387203  5.760097  4.483638  0.5770087E+00  0.4092550E+00  3.3106095E-06  2.2558621E-04  2.3690995E-05  8.1098346E-03  1.0755703E-03  1.6852620E-06  9.1533336E-07  2.0697879E-03  1.3664853E-05  0.4518    4.483638  -5.631  1.006652  7.810746  0.8880898E-03  0.9854688E+00  2.5423784E-15  1.3727826E-04  3.8074567E-05  9.0498733E-03  1.0364437E-04  1.3887646E-07  2.1628906E-10  1.9669571E-03  1.4593923E-05  5.498E-14  7.680E-21  3.982E+10  3.987E+10  9.477E+00  4.306E+04  0.13154595  1.931E-06  2.033E-06  9.974E-01  1.015E-06  2.744E-06  1.004E+00  498   20.1975  9.35E-03 6.3327E-01 9.5184E-01    4.18E+02 0.00E+00 3.65E+01  0.130908  0.373178 4.18E+02 0.00E+00 3.67E+01  0.131546  0.373195  0.0000000E+00  0.0000000E+00  4.8872994E-05  2.0735944E+00  4.0720004E-02  3.9946442E-06 -9.8999821E-01  2.5786485E-01  4.8131470E-01 0.000 0.452 1.000 1.000 1.000 1.000 1.000 1.000 1.000 1.000 1.000 1.000 1.000 1.000 1.000 1.000 1.000 1.000 1.000 1.000 1.000 1.000 1.000 1.000 1.000 1.000 1.000 1.000 1.000 1.000 1.000 1.000 1.000 1.000 1.000 1.000 1.000 1.000 1.000 1.000  5.3698094211E-02   0.00124   1.00000   0.00000   0.00000   0.2541053E-03
  5381  4.757033644688174E+06  37.386668  5.760387  4.484389  0.5770065E+00  0.4092572E+00  3.3105659E-06  2.2558305E-04  2.3691089E-05  8.1098528E-03  1.0755536E-03  1.6852381E-06  9.1531527E-07  2.0697876E-03  1.3664629E-05  0.4516    4.484389  -5.627  1.012259  7.812584  0.8302758E-03  0.9855267E+00  2.1679546E-15  1.3779496E-04  3.8218929E-05  9.0491608E-03  1.0359185E-04  1.3934313E-07  2.1465072E-10  1.9669478E-03  1.4630776E-05  1.599E-14  1.656E-21  4.130E+10  4.242E+10  9.829E+00  4.582E+04  0.13168852  1.943E-06  2.046E-06  9.974E-01  1.015E-06  2.743E-06  1.004E+00  497   20.2350  9.35E-03 6.3189E-01 9.4978E-01    4.18E+02 0.00E+00 3.66E+01  0.130941  0.373432 4.18E+02 0.00E+00 3.68E+01  0.131689  0.373450  0.0000000E+00  0.0000000E+00  4.9182627E-05  2.0592476E+00  4.0676774E-02  4.0141555E-06 -9.9388638E-01  2.5886116E-01  4.8322846E-01 0.000 0.452 1.000 1.000 1.000 1.000 1.000 1.000 1.000 1.000 1.000 1.000 1.000 1.000 1.000 1.000 1.000 1.000 1.000 1.000 1.000 1.000 1.000 1.000 1.000 1.000 1.000 1.000 1.000 1.000 1.000 1.000 1.000 1.000 1.000 1.000 1.000 1.000 1.000 1.000  5.3648911584E-02   0.00116   1.00000   0.00000   0.00000   0.2541924E-03
  5382  4.757283259845482E+06  37.386074  5.760725  4.485252  0.5770041E+00  0.4092596E+00  3.3105183E-06  2.2557959E-04  2.3691192E-05  8.1098727E-03  1.0755354E-03  1.6852120E-06  9.1529555E-07  2.0697872E-03  1.3664386E-05  0.4515    4.485252  -5.624  1.018725  7.814704  0.7689556E-03  0.9855881E+00  1.8416957E-15  1.3820017E-04  3.8339591E-05  9.0486074E-03  1.0353529E-04  1.3972257E-07  2.1379329E-10  1.9669387E-03  1.4669963E-05  1.599E-14  1.656E-21  4.306E+10  4.558E+10  1.025E+01  4.922E+04  0.13181442  1.955E-06  2.062E-06  9.974E-01  1.015E-06  2.743E-06  1.004E+00  496   20.2724  9.35E-03 6.3030E-01 9.4743E-01    4.19E+02 0.00E+00 3.67E+01  0.131021  0.373724 4.19E+02 0.00E+00 3.69E+01  0.131814  0.373745  0.0000000E+00  0.0000000E+00  5.4496222E-05  2.0428343E+00  4.0629532E-02  4.0372573E-06 -9.9839176E-01  2.6001658E-01  4.8544390E-01 0.000 0.452 1.000 1.000 1.000 1.000 1.000 1.000 1.000 1.000 1.000 1.000 1.000 1.000 1.000 1.000 1.000 1.000 1.000 1.000 1.000 1.000 1.000 1.000 1.000 1.000 1.000 1.000 1.000 1.000 1.000 1.000 1.000 1.000 1.000 1.000 1.000 1.000 1.000 1.000  5.3594415362E-02   0.00107   1.00000   0.00000   0.00000   0.2542736E-03
  5383  4.757532875002790E+06  37.385475  5.761085  4.486162  0.5770017E+00  0.4092620E+00  3.3104704E-06  2.2557611E-04  2.3691295E-05  8.1098927E-03  1.0755171E-03  1.6851857E-06  9.1527569E-07  2.0697868E-03  1.3664141E-05  0.4513    4.486162  -5.620  1.025561  7.816944  0.7088384E-03  0.9856483E+00  1.5197713E-15  1.3867771E-04  3.8474834E-05  9.0479541E-03  1.0347851E-04  1.4019246E-07  2.1233226E-10  1.9669307E-03  1.4709298E-05  1.599E-14  1.656E-21  4.498E+10  4.915E+10  1.071E+01  5.308E+04  0.13198220  1.969E-06  2.078E-06  9.974E-01  1.015E-06  2.742E-06  1.004E+00  495   20.3099  9.35E-03 6.2866E-01 9.4498E-01    4.20E+02 0.00E+00 3.68E+01  0.131116  0.374036 4.20E+02 0.00E+00 3.70E+01  0.131982  0.374061  0.0000000E+00  0.0000000E+00  5.4928177E-05  2.0256604E+00  4.0580416E-02  4.0618976E-06 -1.0031756E+00  2.6124419E-01  4.8779446E-01 0.000 0.452 1.000 1.000 1.000 1.000 1.000 1.000 1.000 1.000 1.000 1.000 1.000 1.000 1.000 1.000 1.000 1.000 1.000 1.000 1.000 1.000 1.000 1.000 1.000 1.000 1.000 1.000 1.000 1.000 1.000 1.000 1.000 1.000 1.000 1.000 1.000 1.000 1.000 1.000  5.3539487185E-02   0.00099   1.00000   0.00000   0.00000   0.2543407E-03
  5384  4.757782490160098E+06  37.384870  5.761469  4.487111  0.5769993E+00  0.4092644E+00  3.3104223E-06  2.2557262E-04  2.3691398E-05  8.1099128E-03  1.0754987E-03  1.6851593E-06  9.1525572E-07  2.0697864E-03  1.3663894E-05  0.4511    4.487111  -5.616  1.032811  7.819319  0.6500379E-03  0.9857072E+00  1.2377160E-15  1.3921473E-04  3.8624013E-05  9.0472165E-03  1.0342157E-04  1.4074427E-07  2.1052620E-10  1.9669240E-03  1.4748719E-05  1.599E-14  1.656E-21  4.710E+10  5.323E+10  1.121E+01  5.749E+04  0.13212638  1.982E-06  2.095E-06  9.974E-01  1.014E-06  2.741E-06  1.004E+00  494   20.3473  9.35E-03 6.2694E-01 9.4241E-01    4.21E+02 0.00E+00 3.69E+01  0.131247  0.374370 4.21E+02 0.00E+00 3.72E+01  0.132126  0.374397  0.0000000E+00  0.0000000E+00  5.5401138E-05  2.0076450E+00  4.0530720E-02  4.0885725E-06 -1.0082728E+00  2.6255303E-01  4.9029708E-01 0.000 0.452 1.000 1.000 1.000 1.000 1.000 1.000 1.000 1.000 1.000 1.000 1.000 1.000 1.000 1.000 1.000 1.000 1.000 1.000 1.000 1.000 1.000 1.000 1.000 1.000 1.000 1.000 1.000 1.000 1.000 1.000 1.000 1.000 1.000 1.000 1.000 1.000 1.000 1.000  5.3484086047E-02   0.00091   1.00000   0.00000   0.00000   0.2543341E-03
  5385  4.758032105317406E+06  37.384260  5.761879  4.488117  0.5769969E+00  0.4092669E+00  3.3103739E-06  2.2556910E-04  2.3691503E-05  8.1099330E-03  1.0754802E-03  1.6851328E-06  9.1523565E-07  2.0697860E-03  1.3663647E-05  0.4509    4.488117  -5.611  1.040526  7.821845  0.5926762E-03  0.9857647E+00  9.9436869E-16  1.3980297E-04  3.8786251E-05  9.0464051E-03  1.0336458E-04  1.4137428E-07  2.0849628E-10  1.9669186E-03  1.4788156E-05  1.599E-14  1.656E-21  4.943E+10  5.792E+10  1.177E+01  6.256E+04  0.13238336  1.999E-06  2.114E-06  9.974E-01  1.014E-06  2.741E-06  1.004E+00  493   20.3846  9.35E-03 6.2512E-01 9.3971E-01    4.21E+02 0.00E+00 3.70E+01  0.131358  0.374727 4.22E+02 0.00E+00 3.73E+01  0.132383  0.374756  0.0000000E+00  0.0000000E+00  5.5886113E-05  1.9887033E+00  4.0478106E-02  4.1170696E-06 -1.0137221E+00  2.6395315E-01  4.9297059E-01 0.000 0.452 1.000 1.000 1.000 1.000 1.000 1.000 1.000 1.000 1.000 1.000 1.000 1.000 1.000 1.000 1.000 1.000 1.000 1.000 1.000 1.000 1.000 1.000 1.000 1.000 1.000 1.000 1.000 1.000 1.000 1.000 1.000 1.000 1.000 1.000 1.000 1.000 1.000 1.000  5.3428199934E-02   0.00083   1.00000   0.00000   0.00000   0.2543184E-03
  5386  4.758281720474714E+06  37.383643  5.762320  4.489183  0.5769945E+00  0.4092693E+00  3.3103252E-06  2.2556557E-04  2.3691607E-05  8.1099534E-03  1.0754615E-03  1.6851061E-06  9.1521547E-07  2.0697857E-03  1.3663398E-05  0.4505    4.489183  -5.607  1.048762  7.824541  0.5368879E-03  0.9858206E+00  7.8683570E-16  1.4043687E-04  3.8960641E-05  9.0455272E-03  1.0330762E-04  1.4208231E-07  2.0629884E-10  1.9669148E-03  1.4827531E-05  1.599E-14  1.656E-21  5.202E+10  6.337E+10  1.238E+01  6.843E+04  0.13260202  2.015E-06  2.134E-06  9.974E-01  1.014E-06  2.740E-06  1.004E+00  491   20.4590  9.35E-03 6.2321E-01 9.3687E-01    4.22E+02 0.00E+00 3.71E+01  0.131567  0.375110 4.22E+02 0.00E+00 3.74E+01  0.132602  0.375142  0.0000000E+00  0.0000000E+00  5.6446809E-05  1.9687420E+00  4.0426746E-02  4.1485349E-06 -1.0195679E+00  2.6545599E-01  4.9583649E-01 0.000 0.452 1.000 1.000 1.000 1.000 1.000 1.000 1.000 1.000 1.000 1.000 1.000 1.000 1.000 1.000 1.000 1.000 1.000 1.000 1.000 1.000 1.000 1.000 1.000 1.000 1.000 1.000 1.000 1.000 1.000 1.000 1.000 1.000 1.000 1.000 1.000 1.000 1.000 1.000  5.3371753124E-02   0.00075   1.00000   0.00000   0.00000   0.2542594E-03
  5387  4.758531335632022E+06  37.383018  5.762791  4.490305  0.5769920E+00  0.4092717E+00  3.3102762E-06  2.2556201E-04  2.3691713E-05  8.1099738E-03  1.0754428E-03  1.6850792E-06  9.1519515E-07  2.0697853E-03  1.3663147E-05  0.4508    4.490305  -5.602  1.057614  7.827432  0.4827049E-03  0.9858749E+00  6.0670055E-16  1.4111511E-04  3.9146970E-05  9.0445848E-03  1.0325069E-04  1.4287277E-07  2.0394371E-10  1.9669126E-03  1.4866835E-05  1.599E-14  1.656E-21  5.490E+10  6.968E+10  1.307E+01  7.526E+04  0.13287458  2.033E-06  2.157E-06  9.974E-01  1.014E-06  2.740E-06  1.004E+00  490   20.4962  9.35E-03 6.2130E-01 9.3402E-01    4.23E+02 0.00E+00 3.73E+01  0.131736  0.375522 4.23E+02 0.00E+00 3.76E+01  0.132875  0.375555  0.0000000E+00  0.0000000E+00  5.7022338E-05  1.9477334E+00  4.0373116E-02  4.1824482E-06 -1.0258534E+00  2.6707286E-01  4.9891542E-01 0.000 0.452 1.000 1.000 1.000 1.000 1.000 1.000 1.000 1.000 1.000 1.000 1.000 1.000 1.000 1.000 1.000 1.000 1.000 1.000 1.000 1.000 1.000 1.000 1.000 1.000 1.000 1.000 1.000 1.000 1.000 1.000 1.000 1.000 1.000 1.000 1.000 1.000 1.000 1.000  5.3314730786E-02   0.00068   1.00000   0.00000   0.00000   0.2541549E-03
  5388  4.758780950789331E+06  37.382387  5.763300  4.491501  0.5769895E+00  0.4092742E+00  3.3102269E-06  2.2555843E-04  2.3691819E-05  8.1099944E-03  1.0754239E-03  1.6850522E-06  9.1517469E-07  2.0697849E-03  1.3662894E-05  0.4500    4.491501  -5.597  1.067111  7.830535  0.4304191E-03  0.9859273E+00  4.6260295E-16  1.4183348E-04  3.9344187E-05  9.0435834E-03  1.0319408E-04  1.4374918E-07  2.0143944E-10  1.9669123E-03  1.4905869E-05  1.599E-14  1.656E-21  5.812E+10  7.713E+10  1.383E+01  8.330E+04  0.13316795  2.053E-06  2.181E-06  9.974E-01  1.014E-06  2.739E-06  1.004E+00  489   20.5333  9.35E-03 6.1918E-01 9.3087E-01    4.24E+02 0.00E+00 3.74E+01  0.131960  0.375962 4.24E+02 0.00E+00 3.78E+01  0.133168  0.376002  0.0000000E+00  0.0000000E+00  5.7651617E-05  1.9254693E+00  4.0318516E-02  4.2196686E-06 -1.0326471E+00  2.6882119E-01  5.0224145E-01 0.000 0.452 1.000 1.000 1.000 1.000 1.000 1.000 1.000 1.000 1.000 1.000 1.000 1.000 1.000 1.000 1.000 1.000 1.000 1.000 1.000 1.000 1.000 1.000 1.000 1.000 1.000 1.000 1.000 1.000 1.000 1.000 1.000 1.000 1.000 1.000 1.000 1.000 1.000 1.000  5.3257079170E-02   0.00060   1.00000   0.00000   0.00000   0.2539980E-03
  5389  4.759030565946639E+06  37.381748  5.763852  4.492775  0.5769870E+00  0.4092767E+00  3.3101771E-06  2.2555481E-04  2.3691927E-05  8.1100153E-03  1.0754049E-03  1.6850248E-06  9.1515403E-07  2.0697845E-03  1.3662639E-05  0.4493    4.492775  -5.591  1.077336  7.833876  0.3802106E-03  0.9859777E+00  3.4529400E-16  1.4259152E-04  3.9552020E-05  9.0425238E-03  1.0313796E-04  1.4471652E-07  1.9878384E-10  1.9669141E-03  1.4944505E-05  1.599E-14  1.656E-21  6.175E+10  8.596E+10  1.470E+01  9.283E+04  0.13352340  2.075E-06  2.207E-06  9.973E-01  1.013E-06  2.738E-06  1.004E+00  487   20.6073  9.35E-03 6.1692E-01 9.2750E-01    4.26E+02 0.00E+00 3.76E+01  0.132194  0.376443 4.26E+02 0.00E+00 3.80E+01  0.133523  0.376485  0.0000000E+00  0.0000000E+00  5.8332036E-05  1.9018659E+00  4.0262218E-02  4.2604221E-06 -1.0400078E+00  2.7071637E-01  5.0584265E-01 0.000 0.452 1.000 1.000 1.000 1.000 1.000 1.000 1.000 1.000 1.000 1.000 1.000 1.000 1.000 1.000 1.000 1.000 1.000 1.000 1.000 1.000 1.000 1.000 1.000 1.000 1.000 1.000 1.000 1.000 1.000 1.000 1.000 1.000 1.000 1.000 1.000 1.000 1.000 1.000  5.3198747134E-02   0.00053   1.00000   0.00000   0.00000   0.2537920E-03
  5390  4.759280181103947E+06  37.381100  5.764443  4.494203  0.5769846E+00  0.4092791E+00  3.3101293E-06  2.2555134E-04  2.3692029E-05  8.1100352E-03  1.0753866E-03  1.6849986E-06  9.1513421E-07  2.0697841E-03  1.3662395E-05  0.4492    4.494203  -5.586  1.088443  7.837498  0.3320711E-03  0.9860260E+00  2.4663881E-16  1.4339215E-04  3.9770996E-05  9.0414021E-03  1.0308231E-04  1.4578851E-07  1.9594542E-10  1.9669183E-03  1.4982759E-05  1.599E-14  1.656E-21  6.585E+10  9.651E+10  1.567E+01  1.042E+05  0.13389308  2.099E-06  2.237E-06  9.973E-01  1.013E-06  2.738E-06  1.004E+00  485   20.6442  9.35E-03 6.1474E-01 9.2426E-01    4.27E+02 0.00E+00 3.78E+01  0.132486  0.376963 4.27E+02 0.00E+00 3.82E+01  0.133893  0.377004  0.0000000E+00  0.0000000E+00  5.9082782E-05  1.8767941E+00  4.0205189E-02  4.3022592E-06 -1.0480272E+00  2.7278204E-01  5.0976386E-01 0.000 0.450 1.000 1.000 1.000 1.000 1.000 1.000 1.000 1.000 1.000 1.000 1.000 1.000 1.000 1.000 1.000 1.000 1.000 1.000 1.000 1.000 1.000 1.000 1.000 1.000 1.000 1.000 1.000 1.000 1.000 1.000 1.000 1.000 1.000 1.000 1.000 1.000 1.000 1.000  5.3139664351E-02   0.00047   1.00000   0.00000   0.00000   0.2537239E-03
  5391  4.759529796261255E+06  37.380442  5.765088  4.495749  0.5769820E+00  0.4092817E+00  3.3100775E-06  2.2554758E-04  2.3692141E-05  8.1100569E-03  1.0753668E-03  1.6849702E-06  9.1511272E-07  2.0697837E-03  1.3662130E-05  0.4479    4.495749  -5.579  1.100484  7.841426  0.2864542E-03  0.9860718E+00  1.7434437E-16  1.4423089E-04  3.9999801E-05  9.0402244E-03  1.0302766E-04  1.4696951E-07  1.9291956E-10  1.9669250E-03  1.5020268E-05  2.377E-15  1.410E-22  7.053E+10  1.093E+11  1.679E+01  1.180E+05  0.13422178  2.124E-06  2.269E-06  9.973E-01  1.013E-06  2.737E-06  1.004E+00  483   20.7178  9.35E-03 6.1220E-01 9.2049E-01    4.28E+02 0.00E+00 3.80E+01  0.132727  0.377518 4.28E+02 0.00E+00 3.84E+01  0.134222  0.377571  0.0000000E+00  0.0000000E+00  5.9897896E-05  1.8500891E+00  4.0148385E-02  4.3523761E-06 -1.0567889E+00  2.7503980E-01  5.1404514E-01 0.000 0.450 1.000 1.000 1.000 1.000 1.000 1.000 1.000 1.000 1.000 1.000 1.000 1.000 1.000 1.000 1.000 1.000 1.000 1.000 1.000 1.000 1.000 1.000 1.000 1.000 1.000 1.000 1.000 1.000 1.000 1.000 1.000 1.000 1.000 1.000 1.000 1.000 1.000 1.000  5.3079766455E-02   0.00040   1.00000   0.00000   0.00000   0.2538142E-03
  5392  4.759654603839909E+06  37.380110  5.765460  4.496582  0.5769804E+00  0.4092834E+00  3.3100446E-06  2.2554519E-04  2.3692212E-05  8.1100706E-03  1.0753542E-03  1.6849521E-06  9.1509906E-07  2.0697834E-03  1.3661961E-05  0.4476    4.496582  -5.575  1.107353  7.843660  0.2599535E-03  0.9860985E+00  1.2187249E-16  1.4574094E-04  4.0347907E-05  9.0381173E-03  1.0299321E-04  1.4949329E-07  1.8137208E-10  1.9669317E-03  1.5046162E-05  2.377E-15  1.410E-22  7.331E+10  1.172E+11  1.745E+01  1.266E+05  0.13441879  2.138E-06  2.287E-06  9.973E-01  1.013E-06  2.737E-06  1.004E+00  483   20.7546  9.35E-03 6.1073E-01 9.1830E-01    4.29E+02 0.00E+00 3.83E+01  0.133590  0.377851 4.29E+02 0.00E+00 3.85E+01  0.134419  0.377897  0.0000000E+00  0.0000000E+00  3.0350869E-05  1.8353091E+00  4.0118597E-02  4.3811045E-06 -1.0617741E+00  2.7632371E-01  5.1648135E-01 0.000 0.450 1.000 1.000 1.000 1.000 1.000 1.000 1.000 1.000 1.000 1.000 1.000 1.000 1.000 1.000 1.000 1.000 1.000 1.000 1.000 1.000 1.000 1.000 1.000 1.000 1.000 1.000 1.000 1.000 1.000 1.000 1.000 1.000 1.000 1.000 1.000 1.000 1.000 1.000  5.3049415586E-02   0.00036   1.00000   0.00000   0.00000   0.2537091E-03
  5393  4.759779411418563E+06  37.379775  5.765870  4.497481  0.5769790E+00  0.4092848E+00  3.3100169E-06  2.2554318E-04  2.3692272E-05  8.1100822E-03  1.0753436E-03  1.6849369E-06  9.1508758E-07  2.0697832E-03  1.3661819E-05  0.4467    4.497481  -5.572  1.114871  7.846105  0.2343622E-03  0.9861244E+00  9.3894911E-17  1.4707752E-04  4.0680982E-05  9.0362276E-03  1.0295921E-04  1.5174680E-07  1.7414443E-10  1.9669395E-03  1.5071490E-05  2.377E-15  1.410E-22  7.645E+10  1.266E+11  1.820E+01  1.368E+05  0.13469130  2.155E-06  2.308E-06  9.973E-01  1.013E-06  2.736E-06  1.004E+00  482   20.7913  9.35E-03 6.0924E-01 9.1610E-01    4.30E+02 0.00E+00 3.84E+01  0.133743  0.378221 4.30E+02 0.00E+00 3.87E+01  0.134691  0.378257  0.0000000E+00  0.0000000E+00  3.0598536E-05  1.8193854E+00  4.0087064E-02  4.4127103E-06 -1.0672519E+00  2.7773488E-01  5.1915688E-01 0.000 0.448 1.000 1.000 1.000 1.000 1.000 1.000 1.000 1.000 1.000 1.000 1.000 1.000 1.000 1.000 1.000 1.000 1.000 1.000 1.000 1.000 1.000 1.000 1.000 1.000 1.000 1.000 1.000 1.000 1.000 1.000 1.000 1.000 1.000 1.000 1.000 1.000 1.000 1.000  5.3018817050E-02   0.00033   1.00000   0.00000   0.00000   0.2535900E-03
  5394  4.759904218997217E+06  37.379437  5.766312  4.498430  0.5769774E+00  0.4092864E+00  3.3099842E-06  2.2554081E-04  2.3692342E-05  8.1100959E-03  1.0753311E-03  1.6849190E-06  9.1507402E-07  2.0697829E-03  1.3661652E-05  0.4464    4.498430  -5.567  1.123061  7.848763  0.2098223E-03  0.9861491E+00  7.2700600E-17  1.4827899E-04  4.0995712E-05  9.0345148E-03  1.0292584E-04  1.5381366E-07  1.6921610E-10  1.9669485E-03  1.5096153E-05  2.377E-15  1.410E-22  7.997E+10  1.376E+11  1.903E+01  1.486E+05  0.13497783  2.172E-06  2.331E-06  9.973E-01  1.013E-06  2.736E-06  1.004E+00  481   20.8279  9.35E-03 6.0753E-01 9.1355E-01    4.31E+02 0.00E+00 3.86E+01  0.133961  0.378614 4.31E+02 0.00E+00 3.88E+01  0.134978  0.378645  0.0000000E+00  0.0000000E+00  3.0877696E-05  1.8023688E+00  4.0055581E-02  4.4475970E-06 -1.0732223E+00  2.7927317E-01  5.2207095E-01 0.000 0.448 1.000 1.000 1.000 1.000 1.000 1.000 1.000 1.000 1.000 1.000 1.000 1.000 1.000 1.000 1.000 1.000 1.000 1.000 1.000 1.000 1.000 1.000 1.000 1.000 1.000 1.000 1.000 1.000 1.000 1.000 1.000 1.000 1.000 1.000 1.000 1.000 1.000 1.000  5.2987939353E-02   0.00029   1.00000   0.00000   0.00000   0.2533893E-03
  5395  4.760029026575871E+06  37.379096  5.766793  4.499446  0.5769760E+00  0.4092877E+00  3.3099577E-06  2.2553888E-04  2.3692399E-05  8.1101070E-03  1.0753209E-03  1.6849044E-06  9.1506300E-07  2.0697827E-03  1.3661516E-05  0.4448    4.499446  -5.563  1.131911  7.851637  0.1862732E-03  0.9861729E+00  5.4252470E-17  1.4938565E-04  4.1294357E-05  9.0329296E-03  1.0289303E-04  1.5577541E-07  1.6541747E-10  1.9669588E-03  1.5120241E-05  2.377E-15  1.410E-22  8.392E+10  1.504E+11  1.997E+01  1.624E+05  0.13531937  2.191E-06  2.356E-06  9.973E-01  1.012E-06  2.736E-06  1.004E+00  481   20.8645  9.35E-03 6.0581E-01 9.1101E-01    4.31E+02 0.00E+00 3.87E+01  0.134205  0.379030 4.31E+02 0.00E+00 3.90E+01  0.135319  0.379068  0.0000000E+00  0.0000000E+00  3.1174040E-05  1.7842798E+00  4.0022947E-02  4.4856058E-06 -1.0796990E+00  2.8094235E-01  5.2523149E-01 0.000 0.447 1.000 1.000 1.000 1.000 1.000 1.000 1.000 1.000 1.000 1.000 1.000 1.000 1.000 1.000 1.000 1.000 1.000 1.000 1.000 1.000 1.000 1.000 1.000 1.000 1.000 1.000 1.000 1.000 1.000 1.000 1.000 1.000 1.000 1.000 1.000 1.000 1.000 1.000  5.2956765313E-02   0.00026   1.00000   0.00000   0.00000   0.2531377E-03
  5396  4.760153834154525E+06  37.378751  5.767313  4.500519  0.5769744E+00  0.4092894E+00  3.3099252E-06  2.2553652E-04  2.3692469E-05  8.1101205E-03  1.0753085E-03  1.6848866E-06  9.1504953E-07  2.0697825E-03  1.3661350E-05  0.4433    4.500519  -5.559  1.141476  7.854739  0.1637823E-03  0.9861956E+00  3.9522633E-17  1.5042334E-04  4.1578843E-05  9.0314396E-03  1.0286087E-04  1.5768734E-07  1.6212787E-10  1.9669705E-03  1.5143710E-05  2.377E-15  1.410E-22  8.832E+10  1.654E+11  2.102E+01  1.786E+05  0.13564750  2.210E-06  2.383E-06  9.973E-01  1.012E-06  2.735E-06  1.004E+00  480   20.9011  9.35E-03 6.0384E-01 9.0808E-01    4.32E+02 0.00E+00 3.89E+01  0.134490  0.379488 4.32E+02 0.00E+00 3.92E+01  0.135647  0.379526  0.0000000E+00  0.0000000E+00  3.1502856E-05  1.7650547E+00  3.9990087E-02  4.5272745E-06 -1.0867317E+00  2.8275513E-01  5.2866214E-01 0.000 0.444 1.000 1.000 1.000 1.000 1.000 1.000 1.000 1.000 1.000 1.000 1.000 1.000 1.000 1.000 1.000 1.000 1.000 1.000 1.000 1.000 1.000 1.000 1.000 1.000 1.000 1.000 1.000 1.000 1.000 1.000 1.000 1.000 1.000 1.000 1.000 1.000 1.000 1.000  5.2925262458E-02   0.00023   1.00000   0.00000   0.00000   0.2527920E-03
  5397  4.760278641733179E+06  37.378402  5.767876  4.501669  0.5769731E+00  0.4092906E+00  3.3098996E-06  2.2553466E-04  2.3692524E-05  8.1101313E-03  1.0752987E-03  1.6848726E-06  9.1503891E-07  2.0697823E-03  1.3661219E-05  0.4421    4.501669  -5.554  1.151862  7.858104  0.1425406E-03  0.9862170E+00  2.8726826E-17  1.5140670E-04  4.1850098E-05  9.0300263E-03  1.0282967E-04  1.5958497E-07  1.5901186E-10  1.9669835E-03  1.5166374E-05  2.377E-15  1.410E-22  9.327E+10  1.831E+11  2.220E+01  1.978E+05  0.13605021  2.232E-06  2.412E-06  9.972E-01  1.012E-06  2.735E-06  1.004E+00  479   20.9375  9.35E-03 6.0180E-01 9.0507E-01    4.33E+02 0.00E+00 3.90E+01  0.134773  0.379980 4.33E+02 0.00E+00 3.94E+01  0.136050  0.380021  0.0000000E+00  0.0000000E+00  3.1847077E-05  1.7446154E+00  3.9954962E-02  4.5725499E-06 -1.0943782E+00  2.8472640E-01  5.3239088E-01 0.000 0.444 1.000 1.000 1.000 1.000 1.000 1.000 1.000 1.000 1.000 1.000 1.000 1.000 1.000 1.000 1.000 1.000 1.000 1.000 1.000 1.000 1.000 1.000 1.000 1.000 1.000 1.000 1.000 1.000 1.000 1.000 1.000 1.000 1.000 1.000 1.000 1.000 1.000 1.000  5.2893415381E-02   0.00020   1.00000   0.00000   0.00000   0.2523974E-03
  5398  4.760403449311833E+06  37.378050  5.768485  4.502890  0.5769718E+00  0.4092919E+00  3.3098738E-06  2.2553278E-04  2.3692580E-05  8.1101420E-03  1.0752889E-03  1.6848584E-06  9.1502820E-07  2.0697821E-03  1.3661086E-05  0.4410    4.502890  -5.549  1.163113  7.861745  0.1225171E-03  0.9862372E+00  1.9924108E-17  1.5235693E-04  4.2111934E-05  9.0286611E-03  1.0279942E-04  1.6151494E-07  1.5585493E-10  1.9669980E-03  1.5188274E-05  2.377E-15  1.410E-22  9.882E+10  2.041E+11  2.352E+01  2.205E+05  0.13648721  2.256E-06  2.445E-06  9.972E-01  1.012E-06  2.735E-06  1.004E+00  477   21.0103  9.35E-03 5.9951E-01 9.0167E-01    4.34E+02 0.00E+00 3.92E+01  0.135114  0.380513 4.34E+02 0.00E+00 3.96E+01  0.136487  0.380557  0.0000000E+00  0.0000000E+00  3.2229994E-05  1.7229031E+00  3.9919225E-02  4.6221939E-06 -1.1027038E+00  2.8687302E-01  5.3644954E-01 0.000 0.442 1.000 1.000 1.000 1.000 1.000 1.000 1.000 1.000 1.000 1.000 1.000 1.000 1.000 1.000 1.000 1.000 1.000 1.000 1.000 1.000 1.000 1.000 1.000 1.000 1.000 1.000 1.000 1.000 1.000 1.000 1.000 1.000 1.000 1.000 1.000 1.000 1.000 1.000  5.2861185387E-02   0.00017   1.00000   0.00000   0.00000   0.2518938E-03
  5399  4.760528256890487E+06  37.377692  5.769143  4.504194  0.5769701E+00  0.4092937E+00  3.3098396E-06  2.2553030E-04  2.3692654E-05  8.1101563E-03  1.0752758E-03  1.6848397E-06  9.1501404E-07  2.0697818E-03  1.3660912E-05  0.4394    4.504194  -5.543  1.175333  7.865689  0.1039091E-03  0.9862560E+00  1.3699793E-17  1.5327981E-04  4.2364885E-05  9.0273361E-03  1.0277049E-04  1.6349567E-07  1.5256677E-10  1.9670138E-03  1.5209187E-05  2.377E-15  1.410E-22  1.051E+11  2.291E+11  2.500E+01  2.475E+05  0.13699364  2.283E-06  2.480E-06  9.972E-01  1.012E-06  2.734E-06  1.004E+00  476   21.0466  9.35E-03 5.9697E-01 8.9790E-01    4.36E+02 0.00E+00 3.94E+01  0.135495  0.381091 4.36E+02 0.00E+00 3.99E+01  0.136994  0.381138  0.0000000E+00  0.0000000E+00  3.2644126E-05  1.6998288E+00  3.9882089E-02  4.6765470E-06 -1.1117794E+00  2.8921323E-01  5.4087221E-01 0.000 0.442 1.000 1.000 1.000 1.000 1.000 1.000 1.000 1.000 1.000 1.000 1.000 1.000 1.000 1.000 1.000 1.000 1.000 1.000 1.000 1.000 1.000 1.000 1.000 1.000 1.000 1.000 1.000 1.000 1.000 1.000 1.000 1.000 1.000 1.000 1.000 1.000 1.000 1.000  5.2828541261E-02   0.00015   1.00000   0.00000   0.00000   0.2513064E-03
  5400  4.760653064469141E+06  37.377330  5.769860  4.505593  0.5769685E+00  0.4092953E+00  3.3098066E-06  2.2552790E-04  2.3692725E-05  8.1101701E-03  1.0752631E-03  1.6848215E-06  9.1500033E-07  2.0697815E-03  1.3660742E-05  0.4366    4.505593  -5.537  1.188585  7.869974  0.8661375E-04  0.9862735E+00  8.7206318E-18  1.5419424E-04  4.2613218E-05  9.0260249E-03  1.0274278E-04  1.6557183E-07  1.4903924E-10  1.9670312E-03  1.5229220E-05  2.377E-15  1.410E-22  1.121E+11  2.593E+11  2.669E+01  2.800E+05  0.13752368  2.311E-06  2.519E-06  9.972E-01  1.012E-06  2.734E-06  1.004E+00  475   21.0829  9.35E-03 5.9418E-01 8.9376E-01    4.37E+02 0.00E+00 3.97E+01  0.135933  0.381715 4.37E+02 0.00E+00 4.02E+01  0.137524  0.381771  0.0000000E+00  0.0000000E+00  3.3099220E-05  1.6752995E+00  3.9844150E-02  4.7363468E-06 -1.1217034E+00  2.9177240E-01  5.4570732E-01 0.000 0.438 1.000 1.000 1.000 1.000 1.000 1.000 1.000 1.000 1.000 1.000 1.000 1.000 1.000 1.000 1.000 1.000 1.000 1.000 1.000 1.000 1.000 1.000 1.000 1.000 1.000 1.000 1.000 1.000 1.000 1.000 1.000 1.000 1.000 1.000 1.000 1.000 1.000 1.000  5.2795442040E-02   0.00012   1.00000   0.00000   0.00000   0.2506114E-03
  5401  4.760777872047795E+06  37.376963  5.770635  4.507086  0.5769668E+00  0.4092969E+00  3.3097740E-06  2.2552553E-04  2.3692795E-05  8.1101838E-03  1.0752507E-03  1.6848036E-06  9.1498680E-07  2.0697813E-03  1.3660575E-05  0.4350    4.507086  -5.531  1.203097  7.874645  0.7091988E-04  0.9862893E+00  5.5524898E-18  1.5509423E-04  4.2855068E-05  9.0247359E-03  1.0271683E-04  1.6773730E-07  1.4528855E-10  1.9670498E-03  1.5248014E-05  1.884E-18  7.849E-27  1.201E+11  2.956E+11  2.859E+01  3.193E+05  0.13814384  2.342E-06  2.562E-06  9.972E-01  1.012E-06  2.734E-06  1.004E+00  473   21.1552  9.35E-03 5.9110E-01 8.8920E-01    4.38E+02 0.00E+00 3.99E+01  0.136381  0.382401 4.38E+02 0.00E+00 4.05E+01  0.138144  0.382456  0.0000000E+00  0.0000000E+00  3.3588979E-05  1.6492082E+00  3.9804106E-02  4.8019986E-06 -1.1325791E+00  2.9457707E-01  5.5100426E-01 0.000 0.438 1.000 1.000 1.000 1.000 1.000 1.000 1.000 1.000 1.000 1.000 1.000 1.000 1.000 1.000 1.000 1.000 1.000 1.000 1.000 1.000 1.000 1.000 1.000 1.000 1.000 1.000 1.000 1.000 1.000 1.000 1.000 1.000 1.000 1.000 1.000 1.000 1.000 1.000  5.2761853061E-02   0.00010   1.00000   0.00000   0.00000   0.2497945E-03
  5402  4.760927641142180E+06  37.376514  5.771634  4.508986  0.5769655E+00  0.4092983E+00  3.3097477E-06  2.2552363E-04  2.3692852E-05  8.1101947E-03  1.0752406E-03  1.6847892E-06  9.1497590E-07  2.0697810E-03  1.3660441E-05  0.4313    4.508986  -5.523  1.221850  7.880687  0.5517570E-04  0.9863052E+00  3.1475316E-18  1.5589206E-04  4.3081090E-05  9.0235838E-03  1.0269026E-04  1.6966616E-07  1.4361829E-10  1.9670715E-03  1.5266847E-05  1.884E-18  7.849E-27  1.309E+11  3.486E+11  3.115E+01  3.765E+05  0.13893528  2.383E-06  2.618E-06  9.971E-01  1.012E-06  2.733E-06  1.004E+00  472   21.2274  9.35E-03 5.8698E-01 8.8309E-01    4.40E+02 0.00E+00 4.02E+01  0.136676  0.383274 4.40E+02 0.00E+00 4.09E+01  0.138935  0.383341  0.0000000E+00  0.0000000E+00  4.0973029E-05  1.6163405E+00  3.9754498E-02  4.8879483E-06 -1.1467666E+00  2.9823617E-01  5.5791251E-01 0.000 0.433 1.000 1.000 1.000 1.000 1.000 1.000 1.000 1.000 1.000 1.000 1.000 1.000 1.000 1.000 1.000 1.000 1.000 1.000 1.000 1.000 1.000 1.000 1.000 1.000 1.000 1.000 1.000 1.000 1.000 1.000 1.000 1.000 1.000 1.000 1.000 1.000 1.000 1.000  5.2720880032E-02   0.00008   1.00000   0.00000   0.00000   0.2486880E-03
  5403  4.761077410236565E+06  37.376057  5.772713  4.510973  0.5769634E+00  0.4093004E+00  3.3097056E-06  2.2552057E-04  2.3692943E-05  8.1102124E-03  1.0752245E-03  1.6847661E-06  9.1495842E-07  2.0697807E-03  1.3660225E-05  0.4277    4.510973  -5.515  1.242340  7.887264  0.4155639E-04  0.9863190E+00  1.6329193E-18  1.5671573E-04  4.3303758E-05  9.0224028E-03  1.0266634E-04  1.7182965E-07  1.4039717E-10  1.9670945E-03  1.5283963E-05  1.884E-18  7.849E-27  1.431E+11  4.143E+11  3.406E+01  4.475E+05  0.13986291  2.427E-06  2.680E-06  9.971E-01  1.012E-06  2.733E-06  1.004E+00  470   21.3351  9.35E-03 5.8241E-01 8.7631E-01    4.41E+02 0.00E+00 4.05E+01  0.137376  0.384223 4.42E+02 0.00E+00 4.13E+01  0.139863  0.384299  0.0000000E+00  0.0000000E+00  4.1810356E-05  1.5816536E+00  3.9701936E-02  4.9825055E-06 -1.1623687E+00  3.0225988E-01  5.6550743E-01 0.000 0.431 1.000 1.000 1.000 1.000 1.000 1.000 1.000 1.000 1.000 1.000 1.000 1.000 1.000 1.000 1.000 1.000 1.000 1.000 1.000 1.000 1.000 1.000 1.000 1.000 1.000 1.000 1.000 1.000 1.000 1.000 1.000 1.000 1.000 1.000 1.000 1.000 1.000 1.000  5.2679069676E-02   0.00006   1.00000   0.00000   0.00000   0.2473232E-03
  5404  4.761227179330951E+06  37.375590  5.773882  4.513110  0.5769621E+00  0.4093017E+00  3.3096792E-06  2.2551865E-04  2.3692999E-05  8.1102234E-03  1.0752144E-03  1.6847516E-06  9.1494749E-07  2.0697805E-03  1.3660090E-05  0.4230    4.513110  -5.506  1.264889  7.894469  0.3000475E-04  0.9863307E+00  7.4113991E-19  1.5755813E-04  4.3523048E-05  9.0212012E-03  1.0264521E-04  1.7421085E-07  1.3606174E-10  1.9671186E-03  1.5299303E-05  1.884E-18  7.849E-27  1.570E+11  4.967E+11  3.737E+01  5.365E+05  0.14079095  2.475E-06  2.748E-06  9.970E-01  1.011E-06  2.733E-06  1.004E+00  467   21.4424  9.35E-03 5.7731E-01 8.6875E-01    4.43E+02 0.00E+00 4.10E+01  0.138230  0.385254 4.43E+02 0.00E+00 4.17E+01  0.140791  0.385339  0.0000000E+00  0.0000000E+00  4.2737341E-05  1.5450645E+00  3.9646286E-02  5.0868441E-06 -1.1795961E+00  3.0670232E-01  5.7389151E-01 0.000 0.424 1.000 1.000 1.000 1.000 1.000 1.000 1.000 1.000 1.000 1.000 1.000 1.000 1.000 1.000 1.000 1.000 1.000 1.000 1.000 1.000 1.000 1.000 1.000 1.000 1.000 1.000 1.000 1.000 1.000 1.000 1.000 1.000 1.000 1.000 1.000 1.000 1.000 1.000  5.2636332335E-02   0.00004   1.00000   0.00000   0.00000   0.2460459E-03
  5405  4.761376948425336E+06  37.375113  5.775145  4.515399  0.5769599E+00  0.4093039E+00  3.3096350E-06  2.2551544E-04  2.3693095E-05  8.1102419E-03  1.0751975E-03  1.6847274E-06  9.1492913E-07  2.0697801E-03  1.3659864E-05  0.4171    4.515399  -5.497  1.289633  7.902395  0.2064219E-04  0.9863402E+00  3.1022041E-19  1.5839241E-04  4.3733099E-05  9.0200160E-03  1.0262733E-04  1.7673868E-07  1.3092389E-10  1.9671430E-03  1.5312543E-05  1.884E-18  7.849E-27  1.728E+11  6.005E+11  4.114E+01  6.485E+05  0.14184413  2.528E-06  2.825E-06  9.970E-01  1.011E-06  2.732E-06  1.004E+00  464   21.5492  9.35E-03 5.7155E-01 8.6020E-01    4.45E+02 0.00E+00 4.14E+01  0.139024  0.386378 4.45E+02 0.00E+00 4.22E+01  0.141844  0.386466  0.0000000E+00  0.0000000E+00  4.3717837E-05  1.5064548E+00  3.9584184E-02  5.2016318E-06 -1.1987161E+00  3.1163204E-01  5.8319656E-01 0.000 0.420 1.000 1.000 1.000 1.000 1.000 1.000 1.000 1.000 1.000 1.000 1.000 1.000 1.000 1.000 1.000 1.000 1.000 1.000 1.000 1.000 1.000 1.000 1.000 1.000 1.000 1.000 1.000 1.000 1.000 1.000 1.000 1.000 1.000 1.000 1.000 1.000 1.000 1.000  5.2592614498E-02   0.00003   1.00000   0.00000   0.00000   0.2446522E-03
  5406  4.761526717519721E+06  37.374626  5.776490  4.517816  0.5769577E+00  0.4093061E+00  3.3095925E-06  2.2551235E-04  2.3693186E-05  8.1102596E-03  1.0751812E-03  1.6847040E-06  9.1491149E-07  2.0697798E-03  1.3659646E-05  0.4099    4.517816  -5.487  1.316741  7.911049  0.1336891E-04  0.9863477E+00  1.1198247E-19  1.5919698E-04  4.3928697E-05  9.0188782E-03  1.0261279E-04  1.7934300E-07  1.2511839E-10  1.9671668E-03  1.5323596E-05  1.884E-18  7.849E-27  1.906E+11  7.297E+11  4.535E+01  7.881E+05  0.14304224  2.586E-06  2.911E-06  9.970E-01  1.011E-06  2.732E-06  1.004E+00  461   21.6555  9.35E-03 5.6500E-01 8.5052E-01    4.47E+02 0.00E+00 4.19E+01  0.139943  0.387591 4.48E+02 0.00E+00 4.28E+01  0.143042  0.387669  0.0000000E+00  0.0000000E+00  4.4801890E-05  1.4661672E+00  3.9516770E-02  5.3272304E-06 -1.2198160E+00  3.1707107E-01  5.9346474E-01 0.000 0.413 1.000 1.000 1.000 1.000 1.000 1.000 1.000 1.000 1.000 1.000 1.000 1.000 1.000 1.000 1.000 1.000 1.000 1.000 1.000 1.000 1.000 1.000 1.000 1.000 1.000 1.000 1.000 1.000 1.000 1.000 1.000 1.000 1.000 1.000 1.000 1.000 1.000 1.000  5.2547812608E-02   0.00002   1.00000   0.00000   0.00000   0.2430652E-03
  5407  4.761676486614106E+06  37.374126  5.777896  4.520371  0.5769556E+00  0.4093082E+00  3.3095507E-06  2.2550931E-04  2.3693277E-05  8.1102771E-03  1.0751652E-03  1.6846811E-06  9.1489413E-07  2.0697795E-03  1.3659432E-05  0.4007    4.520371  -5.477  1.346393  7.920472  0.8022763E-05  0.9863532E+00  3.3765516E-20  1.5994453E-04  4.4102971E-05  9.0178271E-03  1.0260159E-04  1.8192543E-07  1.1872135E-10  1.9671890E-03  1.5332435E-05  1.884E-18  7.849E-27  2.100E+11  8.890E+11  4.999E+01  9.601E+05  0.14435826  2.650E-06  3.005E-06  9.969E-01  1.011E-06  2.732E-06  1.004E+00  461   21.7614  9.35E-03 5.5753E-01 8.3948E-01    4.50E+02 0.00E+00 4.24E+01  0.141019  0.388871 4.50E+02 0.00E+00 4.34E+01  0.144358  0.388931  0.0000000E+00  0.0000000E+00  4.5986149E-05  1.4246950E+00  3.9444437E-02  5.4632197E-06 -1.2429377E+00  3.2302906E-01  6.0471540E-01 0.000 0.404 1.000 1.000 1.000 1.000 1.000 1.000 1.000 1.000 1.000 1.000 1.000 1.000 1.000 1.000 1.000 1.000 1.000 1.000 1.000 1.000 1.000 1.000 1.000 1.000 1.000 1.000 1.000 1.000 1.000 1.000 1.000 1.000 1.000 1.000 1.000 1.000 1.000 1.000  5.2501826459E-02   0.00001   1.00000   0.00000   0.00000   0.2413755E-03
  5408  4.761826255708491E+06  37.373615  5.779329  4.523138  0.5769543E+00  0.4093094E+00  3.3095250E-06  2.2550745E-04  2.3693332E-05  8.1102879E-03  1.0751554E-03  1.6846670E-06  9.1488349E-07  2.0697793E-03  1.3659300E-05  0.3885    4.523138  -5.467  1.378407  7.930585  0.4357291E-05  0.9863569E+00  8.0215318E-21  1.6060528E-04  4.4248560E-05  9.0169057E-03  1.0259350E-04  1.8435853E-07  1.1176789E-10  1.9672083E-03  1.5339133E-05  1.884E-18  7.849E-27  2.307E+11  1.078E+12  5.490E+01  1.164E+06  0.14575080  2.721E-06  3.106E-06  9.968E-01  1.011E-06  2.731E-06  1.004E+00  458   21.9017  9.35E-03 5.4899E-01 8.2685E-01    4.52E+02 0.00E+00 4.30E+01  0.142199  0.390191 4.52E+02 0.00E+00 4.41E+01  0.145751  0.390221  0.0000000E+00  0.0000000E+00  4.7255495E-05  1.3830026E+00  3.9367978E-02  5.6071678E-06 -1.2678625E+00  3.2944876E-01  6.1684473E-01 0.000 0.390 1.000 1.000 1.000 1.000 1.000 1.000 1.000 1.000 1.000 1.000 1.000 1.000 1.000 1.000 1.000 1.000 1.000 1.000 1.000 1.000 1.000 1.000 1.000 1.000 1.000 1.000 1.000 1.000 1.000 1.000 1.000 1.000 1.000 1.000 1.000 1.000 1.000 1.000  5.2454570964E-02   0.00001   1.00000   0.00000   0.00000   0.2399098E-03
  5409  4.761976024802877E+06  37.373090  5.780733  4.525740  0.5769528E+00  0.4093110E+00  3.3094940E-06  2.2550519E-04  2.3693399E-05  8.1103008E-03  1.0751435E-03  1.6846499E-06  9.1487060E-07  2.0697790E-03  1.3659141E-05  0.3741    4.525740  -5.456  1.412156  7.941156  0.2087158E-05  0.9863593E+00  1.4362381E-21  1.6114200E-04  4.4357659E-05  9.0161661E-03  1.0258821E-04  1.8646078E-07  1.0447520E-10  1.9672236E-03  1.5343818E-05  1.884E-18  7.849E-27  2.511E+11  1.287E+12  5.976E+01  1.390E+06  0.14714759  2.790E-06  3.211E-06  9.968E-01  1.011E-06  2.731E-06  1.005E+00  454   22.0413  9.35E-03 5.3921E-01 8.1241E-01    4.55E+02 0.00E+00 4.36E+01  0.143367  0.391510 4.55E+02 0.00E+00 4.48E+01  0.147148  0.391490  0.0000000E+00  0.0000000E+00  4.8585156E-05  1.3426891E+00  3.9291344E-02  5.7541114E-06 -1.2939432E+00  3.3616129E-01  6.2953681E-01 0.000 0.375 1.000 1.000 1.000 1.000 1.000 1.000 1.000 1.000 1.000 1.000 1.000 1.000 1.000 1.000 1.000 1.000 1.000 1.000 1.000 1.000 1.000 1.000 1.000 1.000 1.000 1.000 1.000 1.000 1.000 1.000 1.000 1.000 1.000 1.000 1.000 1.000 1.000 1.000  5.2405985808E-02   0.00000   1.00000   0.00000   0.00000   0.2381113E-03
  5410  4.762125793897262E+06  37.372554  5.782024  4.528056  0.5769511E+00  0.4093127E+00  3.3094603E-06  2.2550274E-04  2.3693471E-05  8.1103149E-03  1.0751306E-03  1.6846314E-06  9.1485663E-07  2.0697787E-03  1.3658969E-05  0.3567    4.528056  -5.446  1.446476  7.951785  0.8518361E-06  0.9863606E+00  1.6529804E-22  1.6152819E-04  4.4427232E-05  9.0156433E-03  1.0258516E-04  1.8805951E-07  9.7267988E-11  1.9672342E-03  1.5346778E-05  1.884E-18  7.849E-27  2.691E+11  1.492E+12  6.405E+01  1.612E+06  0.14854708  2.856E-06  3.313E-06  9.967E-01  1.011E-06  2.730E-06  1.005E+00  451   22.1799  9.35E-03 5.2813E-01 7.9604E-01    4.57E+02 0.00E+00 4.43E+01  0.144898  0.392758 4.57E+02 0.00E+00 4.54E+01  0.148547  0.392661  0.0000000E+00  0.0000000E+00  4.9934505E-05  1.3059174E+00  3.9207653E-02  5.8875548E-06 -1.3199759E+00  3.4285461E-01  6.4220864E-01 0.000 0.358 1.000 1.000 1.000 1.000 1.000 1.000 1.000 1.000 1.000 1.000 1.000 1.000 1.000 1.000 1.000 1.000 1.000 1.000 1.000 1.000 1.000 1.000 1.000 1.000 1.000 1.000 1.000 1.000 1.000 1.000 1.000 1.000 1.000 1.000 1.000 1.000 1.000 1.000  5.2356051303E-02   0.00000   1.00000   0.00000   0.00000   0.2362508E-03
  5411  4.762275562991647E+06  37.372008  5.783112  4.530016  0.5769486E+00  0.4093152E+00  3.3094099E-06  2.2549908E-04  2.3693580E-05  8.1103360E-03  1.0751113E-03  1.6846038E-06  9.1483572E-07  2.0697783E-03  1.3658711E-05  0.3388    4.530016  -5.438  1.479874  7.961973  0.2897661E-06  0.9863612E+00  1.0197723E-23  1.6175778E-04  4.4461539E-05  9.0153403E-03  1.0258369E-04  1.8905301E-07  9.0856645E-11  1.9672403E-03  1.5348389E-05  0.000E+00  0.000E+00  2.823E+11  1.658E+12  6.720E+01  1.790E+06  0.14981751  2.914E-06  3.402E-06  9.967E-01  1.010E-06  2.730E-06  1.005E+00  447   22.3178  9.35E-03 5.1574E-01 7.7775E-01    4.59E+02 0.00E+00 4.50E+01  0.146542  0.393829 4.59E+02 0.00E+00 4.60E+01  0.149818  0.393651  0.0000000E+00  0.0000000E+00  5.1211066E-05  1.2748813E+00  3.9116762E-02  6.0037766E-06 -1.3444315E+00  3.4913298E-01  6.5412040E-01 0.000 0.343 1.000 1.000 1.000 1.000 1.000 1.000 1.000 1.000 1.000 1.000 1.000 1.000 1.000 1.000 1.000 1.000 1.000 1.000 1.000 1.000 1.000 1.000 1.000 1.000 1.000 1.000 1.000 1.000 1.000 1.000 1.000 1.000 1.000 1.000 1.000 1.000 1.000 1.000  5.2304840237E-02   0.00000   1.00000   0.00000   0.00000   0.2348632E-03
  5412  4.762395378267155E+06  37.371567  5.783806  4.531268  0.5769469E+00  0.4093169E+00  3.3093762E-06  2.2549663E-04  2.3693653E-05  8.1103501E-03  1.0750984E-03  1.6845853E-06  9.1482171E-07  2.0697781E-03  1.3658538E-05  0.3214    4.531268  -5.434  1.505230  7.969589  0.9056955E-07  0.9863614E+00  3.8207403E-25  1.6186457E-04  4.4472446E-05  9.0152056E-03  1.0258314E-04  1.8952750E-07  8.5169729E-11  1.9672430E-03  1.5349118E-05  0.000E+00  0.000E+00  2.887E+11  1.743E+12  6.870E+01  1.882E+06  0.15073600  2.954E-06  3.457E-06  9.966E-01  1.010E-06  2.730E-06  1.005E+00  446   22.3864  9.35E-03 5.0447E-01 7.6109E-01    4.60E+02 0.00E+00 4.57E+01  0.148441  0.394440 4.60E+02 0.00E+00 4.64E+01  0.150736  0.394284  0.0000000E+00  0.0000000E+00  4.1840498E-05  1.2547539E+00  3.9038931E-02  6.0762055E-06 -1.3621974E+00  3.5368570E-01  6.6278121E-01 0.000 0.327 1.000 1.000 1.000 1.000 1.000 1.000 1.000 1.000 1.000 1.000 1.000 1.000 1.000 1.000 1.000 1.000 1.000 1.000 1.000 1.000 1.000 1.000 1.000 1.000 1.000 1.000 1.000 1.000 1.000 1.000 1.000 1.000 1.000 1.000 1.000 1.000 1.000 1.000  5.2262999738E-02   0.00000   1.00000   0.00000   0.00000   0.2339521E-03
  5413  4.762515193542663E+06  37.371123  5.784289  4.532168  0.5769448E+00  0.4093190E+00  3.3093350E-06  2.2549363E-04  2.3693742E-05  8.1103673E-03  1.0750826E-03  1.6845626E-06  9.1480460E-07  2.0697777E-03  1.3658327E-05  0.3092    4.532168  -5.430  1.528545  7.976445  0.2353973E-07  0.9863615E+00  0.0000000E+00  1.6190608E-04  4.4475394E-05  9.0151554E-03  1.0258294E-04  1.8971204E-07  8.1350770E-11  1.9672441E-03  1.5349406E-05  0.000E+00  0.000E+00  2.901E+11  1.775E+12  6.904E+01  1.917E+06  0.15155098  2.986E-06  3.540E-06  9.966E-01  1.010E-06  2.729E-06  1.005E+00  445   22.4939  9.35E-03 4.9882E-01 7.5292E-01    4.61E+02 0.00E+00 4.61E+01  0.149633  0.394914 4.61E+02 0.00E+00 4.67E+01  0.151551  0.394728  0.0000000E+00  0.0000000E+00  4.2440472E-05  1.2398296E+00  3.8959305E-02  6.1259301E-06 -1.3774555E+00  3.5759105E-01  6.7021521E-01 0.000 0.312 0.523 0.528 0.536 0.569 0.571 0.586 0.588 0.595 1.000 1.000 1.000 1.000 1.000 1.000 1.000 1.000 1.000 1.000 1.000 1.000 1.000 1.000 1.000 1.000 1.000 1.000 1.000 1.000 1.000 1.000 1.000 1.000 1.000 1.000 1.000 1.000 1.000 1.000  5.2220559266E-02   0.00000   1.00000   0.00000   0.00000   0.2333355E-03
  5414  4.762635008818171E+06  37.370676  5.784485  4.532582  0.5769428E+00  0.4093210E+00  3.3092945E-06  2.2549069E-04  2.3693829E-05  8.1103843E-03  1.0750672E-03  1.6845404E-06  9.1478780E-07  2.0697774E-03  1.3658119E-05  0.2975    4.532582  -5.428  1.547411  7.981663  0.0000000E+00  0.9863615E+00  8.5131974E-38  1.6191886E-04  4.4476033E-05  9.0151408E-03  1.0258289E-04  1.8976723E-07  7.9621534E-11  1.9672442E-03  1.5349460E-05  0.000E+00  0.000E+00  2.855E+11  1.801E+12  6.795E+01  1.945E+06  0.15209226  3.004E-06  3.533E-06  9.965E-01  1.010E-06  2.729E-06  1.005E+00  422   23.3554  9.35E-03 4.8413E-01 7.3117E-01    4.61E+02 0.00E+00 4.65E+01  0.150745  0.395167 4.61E+02 0.00E+00 4.69E+01  0.152092  0.394910  0.0000000E+00  0.0000000E+00  4.2906754E-05  1.2327337E+00  3.8881006E-02  6.1358286E-06 -1.3874076E+00  3.6020269E-01  6.7491592E-01 0.000 0.300 0.499 0.580 0.586 0.632 0.672 0.679 0.681 0.690 1.000 1.000 1.000 1.000 1.000 1.000 1.000 1.000 1.000 1.000 1.000 1.000 1.000 1.000 1.000 1.000 1.000 1.000 1.000 1.000 1.000 1.000 1.000 1.000 1.000 1.000 1.000 1.000 1.000 1.000  5.2177652512E-02   0.00000   1.00000   0.00000   0.00000   0.2331347E-03
  5415  4.762754824093679E+06  37.370229  5.784384  4.532493  0.5769408E+00  0.4093230E+00  3.3092551E-06  2.2548783E-04  2.3693914E-05  8.1104007E-03  1.0750521E-03  1.6845188E-06  9.1477145E-07  2.0697771E-03  1.3657918E-05  0.2893    4.532493  -5.429  1.558327  7.983944  0.0000000E+00  0.9863615E+00  1.8560615E-36  1.6192062E-04  4.4474630E-05  9.0151385E-03  1.0258468E-04  1.8977349E-07  7.9660687E-11  1.9672442E-03  1.5349460E-05  0.000E+00  0.000E+00  4.688E+11  6.747E+12  1.116E+02  7.287E+06  0.15241414  3.009E-06  3.436E-06  9.965E-01  1.010E-06  2.729E-06  1.005E+00  458   23.1432  9.35E-03 4.6335E-01 7.0029E-01    4.61E+02 0.00E+00 4.68E+01  0.151713  0.395087 4.61E+02 0.00E+00 4.70E+01  0.152414  0.394822  0.0000000E+00  0.0000000E+00  4.3155922E-05  1.2343135E+00  3.8807023E-02  6.1019443E-06 -1.3882219E+00  3.6081404E-01  6.7449286E-01 0.000 0.293 0.497 0.617 0.621 0.706 1.000 1.000 1.000 1.000 1.000 1.000 1.000 1.000 1.000 1.000 1.000 1.000 1.000 1.000 1.000 1.000 1.000 1.000 1.000 1.000 1.000 1.000 1.000 1.000 1.000 1.000 1.000 1.000 1.000 1.000 1.000 1.000 1.000 1.000  5.2134496589E-02   0.00000   1.00000   0.00000   0.00000   0.2332445E-03
  5416  4.762874639369187E+06  37.369785  5.784400  4.532442  0.5769388E+00  0.4093250E+00  3.3092152E-06  2.2548493E-04  2.3694000E-05  8.1104174E-03  1.0750368E-03  1.6844969E-06  9.1475490E-07  2.0697768E-03  1.3657713E-05  0.2800    4.532442  -5.431  1.558581  7.982267  0.0000000E+00  0.9863615E+00  1.9044657E-36  1.6192071E-04  4.4473098E-05  9.0151378E-03  1.0258657E-04  1.8977374E-07  7.9594697E-11  1.9672442E-03  1.5349460E-05  0.000E+00  0.000E+00  7.268E+11  4.723E+13  1.730E+02  5.101E+07  0.15276953  3.015E-06  3.367E-06  9.965E-01  1.010E-06  2.728E-06  1.005E+00  720   16.9053  9.33E-03 4.5063E-01 6.8163E-01    4.61E+02 0.00E+00 4.70E+01  0.152481  0.394731 4.61E+02 0.00E+00 4.71E+01  0.152770  0.394841  0.0000000E+00  0.0000000E+00  4.3196868E-05  1.2411787E+00  3.8735944E-02  6.0435839E-06 -1.3829443E+00  3.5969739E-01  6.7047514E-01 0.000 0.285 0.492 0.643 0.650 0.763 0.788 0.800 1.000 1.000 1.000 1.000 1.000 1.000 1.000 1.000 1.000 1.000 1.000 1.000 1.000 1.000 1.000 1.000 1.000 1.000 1.000 1.000 1.000 1.000 1.000 1.000 1.000 1.000 1.000 1.000 1.000 1.000 1.000 1.000  5.2091299722E-02   0.00000   1.00000   0.00000   0.00000   0.2333835E-03
  5417  4.762889616278625E+06  37.369730  5.784448  4.532468  0.5769386E+00  0.4093252E+00  3.3092109E-06  2.2548462E-04  2.3694009E-05  8.1104192E-03  1.0750352E-03  1.6844945E-06  9.1475312E-07  2.0697768E-03  1.3657691E-05  0.2828    4.532468  -5.431  1.576967  7.988872  0.0000000E+00  0.9863615E+00  1.9044678E-36  1.6192072E-04  4.4472812E-05  9.0151377E-03  1.0258692E-04  1.8977378E-07  7.9581418E-11  1.9672442E-03  1.5349460E-05  0.000E+00  0.000E+00  6.811E+11  4.205E+13  1.621E+02  4.541E+07  0.15276261  3.015E-06  3.404E-06  9.965E-01  1.010E-06  2.728E-06  1.005E+00  735   16.9053  9.33E-03 4.4711E-01 6.7622E-01    4.61E+02 0.00E+00 4.71E+01  0.152777  0.394843 4.61E+02 0.00E+00 4.71E+01  0.152763  0.394885  0.0000000E+00  0.0000000E+00  5.4145530E-06  1.2335539E+00  3.8732142E-02  6.0815647E-06 -1.3948847E+00  3.6281350E-01  6.7717715E-01 0.000 0.281 0.491 0.708 0.762 0.780 1.000 1.000 1.000 1.000 1.000 1.000 1.000 1.000 1.000 1.000 1.000 1.000 1.000 1.000 1.000 1.000 1.000 1.000 1.000 1.000 1.000 1.000 1.000 1.000 1.000 1.000 1.000 1.000 1.000 1.000 1.000 1.000 1.000 1.000  5.2086646348E-02   0.00000   1.00000   0.00000   0.00000   0.2329668E-03
  5418  4.762897104733344E+06  37.369702  5.784172  4.532132  0.5769385E+00  0.4093253E+00  3.3092086E-06  2.2548445E-04  2.3694014E-05  8.1104202E-03  1.0750343E-03  1.6844932E-06  9.1475215E-07  2.0697767E-03  1.3657679E-05  0.2591    4.532132  -5.430  1.560591  7.982690  0.0000000E+00  0.9863615E+00  1.9044678E-36  1.6192073E-04  4.4472702E-05  9.0151376E-03  1.0258706E-04  1.8977380E-07  7.9576464E-11  1.9672442E-03  1.5349460E-05  0.000E+00  0.000E+00  1.543E+12  1.528E+14  3.673E+02  1.650E+08  0.15258211  3.006E-06  3.309E-06  9.965E-01  1.010E-06  2.728E-06  1.005E+00  757   16.9053  9.33E-03 4.4578E-01 6.7447E-01    4.61E+02 0.00E+00 4.71E+01  0.152756  0.394907 4.61E+02 0.00E+00 4.70E+01  0.152582  0.394634  0.0000000E+00  0.0000000E+00  2.7083937E-06  1.2472262E+00  3.8727234E-02  6.0097240E-06 -1.3760742E+00  3.5863758E-01  6.6673277E-01 0.000 0.254 0.490 0.688 0.695 0.718 0.720 0.724 0.759 0.777 0.779 0.791 1.000 1.000 1.000 1.000 1.000 1.000 1.000 1.000 1.000 1.000 1.000 1.000 1.000 1.000 1.000 1.000 1.000 1.000 1.000 1.000 1.000 1.000 1.000 1.000 1.000 1.000 1.000 1.000  5.2083833660E-02   0.00000   1.00000   0.00000   0.00000   0.2336868E-03
  5419  4.762904593188063E+06  37.369674  5.784185  4.532141  0.5769383E+00  0.4093254E+00  3.3092063E-06  2.2548428E-04  2.3694019E-05  8.1104211E-03  1.0750334E-03  1.6844920E-06  9.1475120E-07  2.0697767E-03  1.3657668E-05  0.2835    4.532141  -5.433  1.561763  7.983015  0.0000000E+00  0.9863615E+00  1.9133331E-36  1.6192073E-04  4.4472618E-05  9.0151376E-03  1.0258716E-04  1.8977382E-07  7.9572795E-11  1.9672442E-03  1.5349460E-05  0.000E+00  0.000E+00  1.415E+12  1.401E+14  3.369E+02  1.514E+08  0.15260199  3.007E-06  3.295E-06  9.965E-01  1.010E-06  2.728E-06  1.005E+00  729   16.9053  9.33E-03 4.4314E-01 6.7049E-01    4.60E+02 0.00E+00 4.71E+01  0.152858  0.394383 4.61E+02 0.00E+00 4.70E+01  0.152602  0.394646  0.0000000E+00  0.0000000E+00  2.6952467E-06  1.2470223E+00  3.8723456E-02  6.0090665E-06 -1.3766429E+00  3.5879220E-01  6.6698373E-01 0.000 0.285 0.490 0.682 0.692 0.725 0.727 0.737 0.757 0.789 0.791 0.795 1.000 1.000 1.000 1.000 1.000 1.000 1.000 1.000 1.000 1.000 1.000 1.000 1.000 1.000 1.000 1.000 1.000 1.000 1.000 1.000 1.000 1.000 1.000 1.000 1.000 1.000 1.000 1.000  5.2081138414E-02   0.00000   1.00000   0.00000   0.00000   0.2336792E-03
