   231  2.768536000000009E+04  59.950193  5.689462  4.676144  0.7200000E+00  0.2659559E+00  4.4148136E-05  2.5481432E-03  3.0923260E-05  7.3521583E-04  6.3821817E-03  2.5285551E-06  1.4396930E-05  2.0947283E-03  1.6942776E-04  0.7118    4.676144  -5.753  0.401565  7.629580  0.7169948E+00  0.2686864E+00  4.1307799E-07  6.1153683E-05  1.5403373E-05  4.3509213E-03  5.5947466E-03  9.3933412E-06  9.2463345E-08  2.0936767E-03  9.9502659E-05  7.698E-10  6.224E-16  1.500E+12  1.432E+14  3.571E+02  1.546E+08  0.56409303  4.713E-05  4.732E-05  9.475E-01  0.000E+00  3.802E-06  1.065E+00  219   42.7105  1.00E-02 3.4933E+01 5.0777E+01    8.73E+02 0.00E+00 3.47E+02  0.565398  0.215709 8.73E+02 0.00E+00 3.46E+02  0.564093  0.215739  0.0000000E+00  0.0000000E+00  6.7099427E-05  4.5093371E+00  2.1313809E+00  5.0341029E-03 -1.7746010E+00  6.1348291E-01  5.7404774E-01 0.000 0.715 1.000 1.000 1.000 1.000 1.000 1.000 1.000 1.000 1.000 1.000 1.000 1.000 1.000 1.000 1.000 1.000 1.000 1.000 1.000 1.000 1.000 1.000 1.000 1.000 1.000 1.000 1.000 1.000 1.000 1.000 1.000 1.000 1.000 1.000 1.000 1.000 1.000 1.000  2.3837487362E+00   0.99583   1.00000   0.00000   0.00000   0.1547274E-01
   240  2.911238560000011E+04  59.947667  5.690830  4.676500  0.7200000E+00  0.2659559E+00  4.4148153E-05  2.5481432E-03  3.0923260E-05  7.3521583E-04  6.3821817E-03  2.5285551E-06  1.4396930E-05  2.0947283E-03  1.6942776E-04  0.7037    4.676500  -5.751  0.403250  7.630106  0.7168509E+00  0.2688324E+00  2.6469092E-07  4.8507459E-05  1.2735434E-05  4.4000084E-03  5.5586367E-03  9.6038685E-06  4.3223552E-08  2.0936262E-03  9.6938415E-05  7.698E-10  6.224E-16  9.785E+11  9.347E+13  2.329E+02  1.010E+08  0.56100323  4.684E-05  4.756E-05  9.481E-01  0.000E+00  3.981E-06  1.063E+00  223   42.1987  1.00E-02 3.5014E+01 5.0896E+01    8.72E+02 0.00E+00 3.44E+02  0.560885  0.216439 8.73E+02 0.00E+00 3.44E+02  0.561003  0.216428  0.0000000E+00  0.0000000E+00  9.3579659E-05  4.4998786E+00  2.1322926E+00  5.0494883E-03 -1.7764507E+00  6.1408467E-01  5.7467469E-01 0.000 0.706 1.000 1.000 1.000 1.000 1.000 1.000 1.000 1.000 1.000 1.000 1.000 1.000 1.000 1.000 1.000 1.000 1.000 1.000 1.000 1.000 1.000 1.000 1.000 1.000 1.000 1.000 1.000 1.000 1.000 1.000 1.000 1.000 1.000 1.000 1.000 1.000 1.000 1.000  2.3829061435E+00   0.99563   1.00000   0.00000   0.00000   0.1541077E-01
   280  4.443141028096005E+04  59.920464  5.691573  4.677046  0.7200000E+00  0.2659559E+00  4.4148286E-05  2.5481432E-03  3.0923261E-05  7.3521583E-04  6.3821817E-03  2.5285551E-06  1.4396930E-05  2.0947283E-03  1.6942776E-04  0.7048    4.677046  -5.750  0.404952  7.630747  0.7149842E+00  0.2707515E+00  5.5230415E-08  4.3460688E-05  1.1804202E-05  4.7881225E-03  5.1226533E-03  9.9504841E-06  1.8396632E-08  2.0929875E-03  7.0083432E-05  1.627E-10  1.334E-16  2.268E+11  2.006E+13  5.397E+01  2.167E+07  0.54957903  4.588E-05  4.788E-05  9.505E-01  0.000E+00  6.189E-06  1.061E+00  221   42.1987  9.98E-03 3.5161E+01 5.1111E+01    8.72E+02 0.00E+00 3.37E+02  0.550178  0.216902 8.72E+02 0.00E+00 3.36E+02  0.549579  0.216897  0.0000000E+00  0.0000000E+00  3.5122633E-04  4.4868373E+00  2.1291062E+00  5.0486165E-03 -1.7771305E+00  6.1392884E-01  5.7570896E-01 0.000 0.706 1.000 1.000 1.000 1.000 1.000 1.000 1.000 1.000 1.000 1.000 1.000 1.000 1.000 1.000 1.000 1.000 1.000 1.000 1.000 1.000 1.000 1.000 1.000 1.000 1.000 1.000 1.000 1.000 1.000 1.000 1.000 1.000 1.000 1.000 1.000 1.000 1.000 1.000  2.3740214524E+00   0.99303   1.00000   0.00000   0.00000   0.1544767E-01
   297  6.021974753044484E+04  59.892341  5.692201  4.676036  0.7200000E+00  0.2659559E+00  4.4148451E-05  2.5481432E-03  3.0923263E-05  7.3521583E-04  6.3821817E-03  2.5285551E-06  1.4396930E-05  2.0947283E-03  1.6942776E-04  0.7039    4.676036  -5.748  0.400236  7.629255  0.7130172E+00  0.2727659E+00  9.0094932E-08  4.6483462E-05  1.2417285E-05  5.1186972E-03  4.7402078E-03  9.7879550E-06  2.3699722E-08  2.0923812E-03  5.1717696E-05  2.303E-10  1.794E-16  3.467E+11  3.126E+13  8.251E+01  3.376E+07  0.54819296  4.537E-05  4.736E-05  9.507E-01  0.000E+00  8.188E-06  1.060E+00  222   42.1987  9.93E-03 3.5035E+01 5.0928E+01    8.70E+02 0.00E+00 3.34E+02  0.547934  0.217295 8.70E+02 0.00E+00 3.34E+02  0.548193  0.217313  0.0000000E+00  0.0000000E+00  6.4095175E-04  4.5189808E+00  2.1206250E+00  4.9740353E-03 -1.7689075E+00  6.1067752E-01  5.7393630E-01 0.000 0.707 1.000 1.000 1.000 1.000 1.000 1.000 1.000 1.000 1.000 1.000 1.000 1.000 1.000 1.000 1.000 1.000 1.000 1.000 1.000 1.000 1.000 1.000 1.000 1.000 1.000 1.000 1.000 1.000 1.000 1.000 1.000 1.000 1.000 1.000 1.000 1.000 1.000 1.000  2.3649057520E+00   0.99030   1.00000   0.00000   0.00000   0.1534296E-01
   311  7.574007288217600E+04  59.864556  5.692849  4.675194  0.7200000E+00  0.2659559E+00  4.4148651E-05  2.5481432E-03  3.0923273E-05  7.3521583E-04  6.3821817E-03  2.5285551E-06  1.4396930E-05  2.0947283E-03  1.6942776E-04  0.7031    4.675194  -5.746  0.396636  7.628130  0.7110863E+00  0.2747373E+00  8.3290740E-08  4.8450044E-05  1.3016292E-05  5.4012509E-03  4.4144770E-03  9.1992702E-06  2.1046784E-08  2.0918291E-03  3.9130325E-05  2.526E-10  1.883E-16  3.179E+11  2.795E+13  7.566E+01  3.019E+07  0.54695399  4.494E-05  4.693E-05  9.510E-01  9.123E-20  9.925E-06  1.060E+00  224   42.0804  9.89E-03 3.4907E+01 5.0744E+01    8.67E+02 0.00E+00 3.32E+02  0.546582  0.217720 8.67E+02 0.00E+00 3.33E+02  0.546954  0.217739  0.0000000E+00  0.0000000E+00  6.4356993E-04  4.5436856E+00  2.1122807E+00  4.9068784E-03 -1.7622372E+00  6.0796937E-01  5.7263690E-01 0.000 0.705 1.000 1.000 1.000 1.000 1.000 1.000 1.000 1.000 1.000 1.000 1.000 1.000 1.000 1.000 1.000 1.000 1.000 1.000 1.000 1.000 1.000 1.000 1.000 1.000 1.000 1.000 1.000 1.000 1.000 1.000 1.000 1.000 1.000 1.000 1.000 1.000 1.000 1.000  2.3559075993E+00   0.98762   1.00000   0.00000   0.00000   0.1523198E-01
   325  9.126039823390715E+04  59.836637  5.693494  4.674435  0.7200000E+00  0.2659559E+00  4.4148888E-05  2.5481432E-03  3.0923303E-05  7.3521583E-04  6.3821817E-03  2.5285551E-06  1.4396930E-05  2.0947283E-03  1.6942776E-04  0.7024    4.674435  -5.744  0.393500  7.627159  0.7091780E+00  0.2766811E+00  8.4785174E-08  5.0531265E-05  1.3581262E-05  5.6485837E-03  4.1288613E-03  8.6372487E-06  2.0466123E-08  2.0913142E-03  3.0147442E-05  2.292E-10  1.678E-16  3.197E+11  2.766E+13  7.608E+01  2.988E+07  0.54566854  4.452E-05  4.652E-05  9.513E-01  4.020E-17  1.147E-05  1.059E+00  227   42.0804  9.85E-03 3.4777E+01 5.0555E+01    8.65E+02 0.00E+00 3.31E+02  0.545513  0.218146 8.65E+02 0.00E+00 3.31E+02  0.545669  0.218164  0.0000000E+00  0.0000000E+00  6.4638845E-04  4.5651456E+00  2.1039414E+00  4.8463619E-03 -1.7562260E+00  6.0549316E-01  5.7153702E-01 0.000 0.705 1.000 1.000 1.000 1.000 1.000 1.000 1.000 1.000 1.000 1.000 1.000 1.000 1.000 1.000 1.000 1.000 1.000 1.000 1.000 1.000 1.000 1.000 1.000 1.000 1.000 1.000 1.000 1.000 1.000 1.000 1.000 1.000 1.000 1.000 1.000 1.000 1.000 1.000  2.3468722585E+00   0.98497   1.00000   0.00000   0.00000   0.1513302E-01
   339  1.067807235856383E+05  59.808585  5.694166  4.673787  0.7200000E+00  0.2659559E+00  4.4149159E-05  2.5481431E-03  3.0923383E-05  7.3521584E-04  6.3821817E-03  2.5285551E-06  1.4396930E-05  2.0947283E-03  1.6942776E-04  0.7016    4.673787  -5.742  0.390917  7.626371  0.7072649E+00  0.2786264E+00  8.0841040E-08  5.2219268E-05  1.4066520E-05  5.8716364E-03  3.8715723E-03  8.1247196E-06  1.8993944E-08  2.0908219E-03  2.3481738E-05  2.412E-10  1.736E-16  3.036E+11  2.581E+13  7.225E+01  2.787E+07  0.54458092  4.416E-05  4.617E-05  9.515E-01  2.156E-15  1.288E-05  1.059E+00  230   41.9612  9.82E-03 3.4650E+01 5.0373E+01    8.63E+02 0.00E+00 3.29E+02  0.544106  0.218587 8.63E+02 0.00E+00 3.29E+02  0.544581  0.218604  0.0000000E+00  0.0000000E+00  6.4849902E-04  4.5828939E+00  2.0955483E+00  4.7901945E-03 -1.7509581E+00  6.0327479E-01  5.7067293E-01 0.000 0.704 1.000 1.000 1.000 1.000 1.000 1.000 1.000 1.000 1.000 1.000 1.000 1.000 1.000 1.000 1.000 1.000 1.000 1.000 1.000 1.000 1.000 1.000 1.000 1.000 1.000 1.000 1.000 1.000 1.000 1.000 1.000 1.000 1.000 1.000 1.000 1.000 1.000 1.000  2.3378014872E+00   0.98231   1.00000   0.00000   0.00000   0.1501838E-01
   353  1.223010489373695E+05  59.780403  5.694835  4.673192  0.7200000E+00  0.2659559E+00  4.4149444E-05  2.5481429E-03  3.0923563E-05  7.3521588E-04  6.3821817E-03  2.5285552E-06  1.4396930E-05  2.0947283E-03  1.6942776E-04  0.7010    4.673192  -5.740  0.388698  7.625703  0.7053756E+00  0.2805444E+00  7.9738094E-08  5.3776700E-05  1.4513618E-05  6.0701285E-03  3.6425246E-03  7.6641513E-06  1.7897282E-08  2.0903559E-03  1.8643898E-05  2.226E-10  1.558E-16  2.647E+11  2.204E+13  6.299E+01  2.380E+07  0.54356930  4.383E-05  4.583E-05  9.517E-01  3.314E-14  1.415E-05  1.059E+00  232   41.9612  9.79E-03 3.4516E+01 5.0179E+01    8.62E+02 0.00E+00 3.28E+02  0.543395  0.219023 8.62E+02 0.00E+00 3.28E+02  0.543569  0.219044  0.0000000E+00  0.0000000E+00  6.5157462E-04  4.5977824E+00  2.0870998E+00  4.7348909E-03 -1.7462483E+00  6.0125160E-01  5.6997935E-01 0.000 0.704 1.000 1.000 1.000 1.000 1.000 1.000 1.000 1.000 1.000 1.000 1.000 1.000 1.000 1.000 1.000 1.000 1.000 1.000 1.000 1.000 1.000 1.000 1.000 1.000 1.000 1.000 1.000 1.000 1.000 1.000 1.000 1.000 1.000 1.000 1.000 1.000 1.000 1.000  2.3286943785E+00   0.97969   1.00000   0.00000   0.00000   0.1490924E-01
   367  1.378213742891006E+05  59.752089  5.695521  4.672659  0.7200000E+00  0.2659559E+00  4.4149735E-05  2.5481424E-03  3.0923954E-05  7.3521619E-04  6.3821817E-03  2.5285557E-06  1.4396928E-05  2.0947283E-03  1.6942775E-04  0.7003    4.672659  -5.738  0.386770  7.625133  0.7034759E+00  0.2824705E+00  7.6015776E-08  5.5154122E-05  1.4905912E-05  6.2522806E-03  3.4324272E-03  7.2382479E-06  1.6701013E-08  2.0899032E-03  1.4937607E-05  2.321E-10  1.603E-16  2.838E+11  2.349E+13  6.756E+01  2.537E+07  0.54253887  4.352E-05  4.552E-05  9.519E-01  2.838E-13  1.532E-05  1.059E+00  238   41.8413  9.76E-03 3.4389E+01 4.9997E+01    8.60E+02 0.00E+00 3.27E+02  0.542220  0.219476 8.60E+02 0.00E+00 3.27E+02  0.542539  0.219495  0.0000000E+00  0.0000000E+00  6.5381696E-04  4.6112023E+00  2.0787074E+00  4.6842029E-03 -1.7418290E+00  5.9933041E-01  5.6937571E-01 0.000 0.702 1.000 1.000 1.000 1.000 1.000 1.000 1.000 1.000 1.000 1.000 1.000 1.000 1.000 1.000 1.000 1.000 1.000 1.000 1.000 1.000 1.000 1.000 1.000 1.000 1.000 1.000 1.000 1.000 1.000 1.000 1.000 1.000 1.000 1.000 1.000 1.000 1.000 1.000  2.3195528810E+00   0.97705   1.00000   0.00000   0.00000   0.1480681E-01
   381  1.533416996408318E+05  59.723646  5.696204  4.672148  0.7200000E+00  0.2659559E+00  4.4149988E-05  2.5481406E-03  3.0924761E-05  7.3521777E-04  6.3821814E-03  2.5285587E-06  1.4396921E-05  2.0947283E-03  1.6942772E-04  0.6996    4.672148  -5.736  0.385045  7.624629  0.7015994E+00  0.2843707E+00  7.7361563E-08  5.6559702E-05  1.5284099E-05  6.4159207E-03  3.2434282E-03  6.8519086E-06  1.6436128E-08  2.0894704E-03  1.2227222E-05  2.214E-10  1.496E-16  2.878E+11  2.362E+13  6.849E+01  2.551E+07  0.54175381  4.323E-05  4.522E-05  9.520E-01  1.620E-12  1.638E-05  1.058E+00  243   41.8413  9.74E-03 3.4253E+01 4.9800E+01    8.58E+02 0.00E+00 3.25E+02  0.541128  0.219926 8.58E+02 0.00E+00 3.26E+02  0.541754  0.219945  0.0000000E+00  0.0000000E+00  6.5612590E-04  4.6228252E+00  2.0700796E+00  4.6322730E-03 -1.7377500E+00  5.9752962E-01  5.6887669E-01 0.000 0.703 1.000 1.000 1.000 1.000 1.000 1.000 1.000 1.000 1.000 1.000 1.000 1.000 1.000 1.000 1.000 1.000 1.000 1.000 1.000 1.000 1.000 1.000 1.000 1.000 1.000 1.000 1.000 1.000 1.000 1.000 1.000 1.000 1.000 1.000 1.000 1.000 1.000 1.000  2.3103770347E+00   0.97444   1.00000   0.00000   0.00000   0.1470522E-01
   395  1.688620249925629E+05  59.695070  5.696908  4.671673  0.7200000E+00  0.2659559E+00  4.4150113E-05  2.5481355E-03  3.0926228E-05  7.3522332E-04  6.3821802E-03  2.5285693E-06  1.4396895E-05  2.0947283E-03  1.6942762E-04  0.6990    4.671673  -5.734  0.383587  7.624213  0.6997046E+00  0.2862875E+00  7.3104640E-08  5.7653926E-05  1.5610986E-05  6.5686761E-03  3.0673256E-03  6.4905829E-06  1.5071971E-08  2.0890447E-03  1.0072117E-05  2.273E-10  1.521E-16  2.726E+11  2.211E+13  6.488E+01  2.388E+07  0.54057846  4.292E-05  4.495E-05  9.523E-01  6.395E-12  1.737E-05  1.058E+00  245   41.7205  9.72E-03 3.4126E+01 4.9616E+01    8.57E+02 0.00E+00 3.24E+02  0.540217  0.220390 8.57E+02 0.00E+00 3.24E+02  0.540578  0.220407  0.0000000E+00  0.0000000E+00  6.5870619E-04  4.6327304E+00  2.0616331E+00  4.5856581E-03 -1.7340060E+00  5.9584230E-01  5.6848432E-01 0.000 0.701 1.000 1.000 1.000 1.000 1.000 1.000 1.000 1.000 1.000 1.000 1.000 1.000 1.000 1.000 1.000 1.000 1.000 1.000 1.000 1.000 1.000 1.000 1.000 1.000 1.000 1.000 1.000 1.000 1.000 1.000 1.000 1.000 1.000 1.000 1.000 1.000 1.000 1.000  2.3011640930E+00   0.97181   1.00000   0.00000   0.00000   0.1459899E-01
   409  1.843823503442941E+05  59.666363  5.697603  4.671227  0.7200000E+00  0.2659559E+00  4.4149972E-05  2.5481219E-03  3.0928843E-05  7.3523957E-04  6.3821769E-03  2.5286004E-06  1.4396823E-05  2.0947283E-03  1.6942733E-04  0.6984    4.671227  -5.732  0.382240  7.623834  0.6978359E+00  0.2881762E+00  7.4332783E-08  5.8855816E-05  1.5930317E-05  6.7064705E-03  2.9081556E-03  6.1613160E-06  1.4936204E-08  2.0886358E-03  8.5068868E-06  2.291E-10  1.519E-16  2.767E+11  2.230E+13  6.586E+01  2.409E+07  0.53989467  4.267E-05  4.468E-05  9.524E-01  2.049E-11  1.827E-05  1.058E+00  247   41.7205  9.70E-03 3.3992E+01 4.9422E+01    8.55E+02 0.00E+00 3.23E+02  0.539337  0.220848 8.55E+02 0.00E+00 3.23E+02  0.539895  0.220866  0.0000000E+00  0.0000000E+00  6.6124278E-04  4.6416684E+00  2.0530205E+00  4.5395556E-03 -1.7304350E+00  5.9421844E-01  5.6814177E-01 0.000 0.701 1.000 1.000 1.000 1.000 1.000 1.000 1.000 1.000 1.000 1.000 1.000 1.000 1.000 1.000 1.000 1.000 1.000 1.000 1.000 1.000 1.000 1.000 1.000 1.000 1.000 1.000 1.000 1.000 1.000 1.000 1.000 1.000 1.000 1.000 1.000 1.000 1.000 1.000  2.2919164601E+00   0.96922   1.00000   0.00000   0.00000   0.1449573E-01
   423  1.999026756960252E+05  59.637523  5.698319  4.670812  0.7199999E+00  0.2659559E+00  4.4149339E-05  2.5480911E-03  3.0933134E-05  7.3527877E-04  6.3821685E-03  2.5286752E-06  1.4396652E-05  2.0947283E-03  1.6942659E-04  0.6979    4.670812  -5.730  0.381094  7.623521  0.6959465E+00  0.2900845E+00  7.0601929E-08  5.9784946E-05  1.6210574E-05  6.8363651E-03  2.7584095E-03  5.8510697E-06  1.3739447E-08  2.0882306E-03  7.2192559E-06  2.230E-10  1.455E-16  2.638E+11  2.106E+13  6.279E+01  2.275E+07  0.53897671  4.241E-05  4.443E-05  9.526E-01  5.477E-11  1.912E-05  1.058E+00  275   41.5990  9.68E-03 3.3861E+01 4.9234E+01    8.54E+02 0.00E+00 3.22E+02  0.538457  0.221319 8.54E+02 0.00E+00 3.22E+02  0.538977  0.221338  0.0000000E+00  0.0000000E+00  6.6379525E-04  4.6493360E+00  2.0444380E+00  4.4927411E-03 -1.7271091E+00  5.9267724E-01  5.6788002E-01 0.000 0.700 1.000 1.000 1.000 1.000 1.000 1.000 1.000 1.000 1.000 1.000 1.000 1.000 1.000 1.000 1.000 1.000 1.000 1.000 1.000 1.000 1.000 1.000 1.000 1.000 1.000 1.000 1.000 1.000 1.000 1.000 1.000 1.000 1.000 1.000 1.000 1.000 1.000 1.000  2.2826333929E+00   0.96659   1.00000   0.00000   0.00000   0.1439213E-01
   437  2.154230010477564E+05  59.608552  5.699024  4.670419  0.7199999E+00  0.2659560E+00  4.4147888E-05  2.5480287E-03  3.0939753E-05  7.3536096E-04  6.3821505E-03  2.5288318E-06  1.4396300E-05  2.0947283E-03  1.6942502E-04  0.6973    4.670419  -5.728  0.380028  7.623236  0.6940817E+00  0.2919664E+00  7.1358383E-08  6.0805999E-05  1.6483034E-05  6.9542425E-03  2.6222589E-03  5.5669293E-06  1.3568739E-08  2.0878394E-03  6.2903511E-06  2.241E-10  1.452E-16  2.667E+11  2.118E+13  6.347E+01  2.288E+07  0.53815282  4.216E-05  4.418E-05  9.527E-01  1.275E-10  1.989E-05  1.058E+00  274   41.5990  9.66E-03 3.3727E+01 4.9039E+01    8.52E+02 0.00E+00 3.21E+02  0.537581  0.221787 8.53E+02 0.00E+00 3.21E+02  0.538153  0.221805  0.0000000E+00  0.0000000E+00  6.6625205E-04  4.6562565E+00  2.0357970E+00  4.4490565E-03 -1.7239110E+00  5.9118319E-01  5.6765357E-01 0.000 0.700 1.000 1.000 1.000 1.000 1.000 1.000 1.000 1.000 1.000 1.000 1.000 1.000 1.000 1.000 1.000 1.000 1.000 1.000 1.000 1.000 1.000 1.000 1.000 1.000 1.000 1.000 1.000 1.000 1.000 1.000 1.000 1.000 1.000 1.000 1.000 1.000 1.000 1.000  2.2733155129E+00   0.96400   1.00000   0.00000   0.00000   0.1429076E-01
   451  2.309433263994875E+05  59.579447  5.699758  4.670054  0.7199997E+00  0.2659561E+00  4.4145266E-05  2.5479181E-03  3.0949126E-05  7.3551058E-04  6.3821168E-03  2.5291157E-06  1.4395672E-05  2.0947282E-03  1.6942211E-04  0.6968    4.670054  -5.726  0.379157  7.623013  0.6922046E+00  0.2938595E+00  6.5838292E-08  6.1494887E-05  1.6711742E-05  7.0654045E-03  2.4942652E-03  5.3001258E-06  1.1967643E-08  2.0874522E-03  5.5206025E-06  2.160E-10  1.381E-16  2.476E+11  1.949E+13  5.893E+01  2.105E+07  0.53720363  4.191E-05  4.394E-05  9.529E-01  2.618E-10  2.061E-05  1.058E+00  274   41.4766  9.64E-03 3.3593E+01 4.8847E+01    8.51E+02 0.00E+00 3.20E+02  0.536728  0.222271 8.51E+02 0.00E+00 3.20E+02  0.537204  0.222289  0.0000000E+00  0.0000000E+00  6.6879940E-04  4.6619217E+00  2.0271326E+00  4.4067347E-03 -1.7209505E+00  5.8976973E-01  5.6750435E-01 0.000 0.698 1.000 1.000 1.000 1.000 1.000 1.000 1.000 1.000 1.000 1.000 1.000 1.000 1.000 1.000 1.000 1.000 1.000 1.000 1.000 1.000 1.000 1.000 1.000 1.000 1.000 1.000 1.000 1.000 1.000 1.000 1.000 1.000 1.000 1.000 1.000 1.000 1.000 1.000  2.2639609769E+00   0.96139   1.00000   0.00000   0.00000   0.1418852E-01
   465  2.464636517512187E+05  59.550210  5.700465  4.669679  0.7199995E+00  0.2659563E+00  4.4141062E-05  2.5477388E-03  3.0961704E-05  7.3575841E-04  6.3820592E-03  2.5295834E-06  1.4394647E-05  2.0947282E-03  1.6941720E-04  0.6962    4.669679  -5.724  0.378260  7.622784  0.6903356E+00  0.2957434E+00  6.8226370E-08  6.2478830E-05  1.6960012E-05  7.1678499E-03  2.3757979E-03  5.0507032E-06  1.2304168E-08  2.0870732E-03  4.9363838E-06  2.193E-10  1.394E-16  2.566E+11  2.014E+13  6.108E+01  2.175E+07  0.53633534  4.166E-05  4.370E-05  9.531E-01  4.883E-10  2.128E-05  1.057E+00  272   41.4766  9.63E-03 3.3460E+01 4.8654E+01    8.50E+02 0.00E+00 3.19E+02  0.536039  0.222741 8.50E+02 0.00E+00 3.19E+02  0.536335  0.222760  0.0000000E+00  0.0000000E+00  6.7155158E-04  4.6676244E+00  2.0184774E+00  4.3622247E-03 -1.7179712E+00  5.8835128E-01  5.6734639E-01 0.000 0.699 1.000 1.000 1.000 1.000 1.000 1.000 1.000 1.000 1.000 1.000 1.000 1.000 1.000 1.000 1.000 1.000 1.000 1.000 1.000 1.000 1.000 1.000 1.000 1.000 1.000 1.000 1.000 1.000 1.000 1.000 1.000 1.000 1.000 1.000 1.000 1.000 1.000 1.000  2.2545726402E+00   0.95880   1.00000   0.00000   0.00000   0.1408565E-01
   479  2.619839771029498E+05  59.520838  5.701211  4.669338  0.7199991E+00  0.2659566E+00  4.4134651E-05  2.5474599E-03  3.0978242E-05  7.3615121E-04  6.3819645E-03  2.5303187E-06  1.4393050E-05  2.0947280E-03  1.6940925E-04  0.6957    4.669338  -5.722  0.377573  7.622622  0.6884619E+00  0.2976311E+00  6.2806809E-08  6.3038786E-05  1.7154658E-05  7.2643999E-03  2.2646858E-03  4.8179575E-06  1.0687563E-08  2.0866987E-03  4.4576814E-06  2.037E-10  1.288E-16  2.380E+11  1.853E+13  5.663E+01  2.001E+07  0.53562953  4.144E-05  4.348E-05  9.532E-01  8.558E-10  2.190E-05  1.057E+00  272   41.3535  9.61E-03 3.3327E+01 4.8462E+01    8.48E+02 0.00E+00 3.18E+02  0.535114  0.223236 8.49E+02 0.00E+00 3.18E+02  0.535630  0.223253  0.0000000E+00  0.0000000E+00  6.7401978E-04  4.6719219E+00  2.0097250E+00  4.3212810E-03 -1.7152525E+00  5.8702240E-01  5.6727345E-01 0.000 0.697 1.000 1.000 1.000 1.000 1.000 1.000 1.000 1.000 1.000 1.000 1.000 1.000 1.000 1.000 1.000 1.000 1.000 1.000 1.000 1.000 1.000 1.000 1.000 1.000 1.000 1.000 1.000 1.000 1.000 1.000 1.000 1.000 1.000 1.000 1.000 1.000 1.000 1.000  2.2451481346E+00   0.95620   1.00000   0.00000   0.00000   0.1398287E-01
   493  2.775043024546810E+05  59.491329  5.701925  4.668986  0.7199986E+00  0.2659572E+00  4.4125623E-05  2.5470585E-03  3.0998685E-05  7.3672690E-04  6.3818202E-03  2.5313850E-06  1.4390747E-05  2.0947278E-03  1.6939735E-04  0.6952    4.668986  -5.720  0.376832  7.622444  0.6865918E+00  0.2995143E+00  6.5795083E-08  6.3959659E-05  1.7379565E-05  7.3538807E-03  2.1611202E-03  4.5983216E-06  1.1284094E-08  2.0863301E-03  4.0882100E-06  2.158E-10  1.350E-16  2.494E+11  1.939E+13  5.936E+01  2.094E+07  0.53469133  4.120E-05  4.325E-05  9.534E-01  1.409E-09  2.247E-05  1.057E+00  271   41.3535  9.60E-03 3.3191E+01 4.8265E+01    8.47E+02 0.00E+00 3.16E+02  0.534296  0.223713 8.47E+02 0.00E+00 3.17E+02  0.534691  0.223732  0.0000000E+00  0.0000000E+00  6.7649476E-04  4.6764943E+00  2.0009735E+00  4.2802941E-03 -1.7124723E+00  5.8567263E-01  5.6717760E-01 0.000 0.697 1.000 1.000 1.000 1.000 1.000 1.000 1.000 1.000 1.000 1.000 1.000 1.000 1.000 1.000 1.000 1.000 1.000 1.000 1.000 1.000 1.000 1.000 1.000 1.000 1.000 1.000 1.000 1.000 1.000 1.000 1.000 1.000 1.000 1.000 1.000 1.000 1.000 1.000  2.2356882568E+00   0.95360   1.00000   0.00000   0.00000   0.1388139E-01
   507  2.930246278064122E+05  59.461686  5.702654  4.668663  0.7199977E+00  0.2659580E+00  4.4113235E-05  2.5464961E-03  3.1023573E-05  7.3754811E-04  6.3816057E-03  2.5328859E-06  1.4387517E-05  2.0947275E-03  1.6938001E-04  0.6947    4.668663  -5.718  0.376208  7.622304  0.6847353E+00  0.3013828E+00  6.6325812E-08  6.4698912E-05  1.7574043E-05  7.4368102E-03  2.0653066E-03  4.3952112E-06  1.1232604E-08  2.0859693E-03  3.8211052E-06  2.171E-10  1.352E-16  2.521E+11  1.954E+13  6.001E+01  2.111E+07  0.53405299  4.099E-05  4.303E-05  9.535E-01  2.223E-09  2.300E-05  1.057E+00  269   41.3535  9.59E-03 3.3054E+01 4.8068E+01    8.46E+02 0.00E+00 3.15E+02  0.533450  0.224200 8.46E+02 0.00E+00 3.16E+02  0.534053  0.224219  0.0000000E+00  0.0000000E+00  6.7895589E-04  4.6801451E+00  1.9921441E+00  4.2375643E-03 -1.7098521E+00  5.8437978E-01  5.6713111E-01 0.000 0.698 1.000 1.000 1.000 1.000 1.000 1.000 1.000 1.000 1.000 1.000 1.000 1.000 1.000 1.000 1.000 1.000 1.000 1.000 1.000 1.000 1.000 1.000 1.000 1.000 1.000 1.000 1.000 1.000 1.000 1.000 1.000 1.000 1.000 1.000 1.000 1.000 1.000 1.000  2.2261927226E+00   0.95102   1.00000   0.00000   0.00000   0.1378120E-01
   521  3.085449531581433E+05  59.431904  5.703407  4.668346  0.7199965E+00  0.2659592E+00  4.4097495E-05  2.5457676E-03  3.1051879E-05  7.3863082E-04  6.3813105E-03  2.5348332E-06  1.4383332E-05  2.0947271E-03  1.6935665E-04  0.6943    4.668346  -5.716  0.375705  7.622203  0.6828590E+00  0.3032706E+00  6.2085241E-08  6.5200109E-05  1.7739606E-05  7.5163790E-03  1.9736789E-03  4.2016972E-06  1.0086062E-08  2.0856082E-03  3.5635751E-06  2.110E-10  1.303E-16  2.377E+11  1.832E+13  5.658E+01  1.979E+07  0.53316906  4.076E-05  4.282E-05  9.537E-01  3.330E-09  2.350E-05  1.057E+00  269   41.2295  9.58E-03 3.2919E+01 4.7873E+01    8.45E+02 0.00E+00 3.15E+02  0.532766  0.224700 8.45E+02 0.00E+00 3.15E+02  0.533169  0.224720  0.0000000E+00  0.0000000E+00  6.8177736E-04  4.6831080E+00  1.9833413E+00  4.1982468E-03 -1.7073618E+00  5.8312915E-01  5.6712853E-01 0.000 0.696 1.000 1.000 1.000 1.000 1.000 1.000 1.000 1.000 1.000 1.000 1.000 1.000 1.000 1.000 1.000 1.000 1.000 1.000 1.000 1.000 1.000 1.000 1.000 1.000 1.000 1.000 1.000 1.000 1.000 1.000 1.000 1.000 1.000 1.000 1.000 1.000 1.000 1.000  2.2166593787E+00   0.94841   1.00000   0.00000   0.00000   0.1367780E-01
   535  3.240652785098745E+05  59.401985  5.704139  4.668039  0.7199947E+00  0.2659609E+00  4.4076504E-05  2.5447792E-03  3.1085826E-05  7.4012679E-04  6.3808842E-03  2.5374731E-06  1.4377653E-05  2.0947265E-03  1.6932371E-04  0.6938    4.668039  -5.714  0.375173  7.622094  0.6809948E+00  0.3051455E+00  6.3668647E-08  6.5908462E-05  1.7920343E-05  7.5899201E-03  1.8886326E-03  4.0203987E-06  1.0283293E-08  2.0852537E-03  3.3808937E-06  2.132E-10  1.311E-16  2.444E+11  1.881E+13  5.818E+01  2.031E+07  0.53243396  4.055E-05  4.260E-05  9.538E-01  4.916E-09  2.396E-05  1.056E+00  268   41.2295  9.57E-03 3.2783E+01 4.7676E+01    8.44E+02 0.00E+00 3.13E+02  0.531822  0.225194 8.44E+02 0.00E+00 3.14E+02  0.532434  0.225213  0.0000000E+00  0.0000000E+00  6.8405250E-04  4.6860859E+00  1.9745024E+00  4.1589597E-03 -1.7048522E+00  5.8187391E-01  5.6711813E-01 0.000 0.696 1.000 1.000 1.000 1.000 1.000 1.000 1.000 1.000 1.000 1.000 1.000 1.000 1.000 1.000 1.000 1.000 1.000 1.000 1.000 1.000 1.000 1.000 1.000 1.000 1.000 1.000 1.000 1.000 1.000 1.000 1.000 1.000 1.000 1.000 1.000 1.000 1.000 1.000  2.2070923399E+00   0.94582   1.00000   0.00000   0.00000   0.1357947E-01
   549  3.395856038616056E+05  59.371928  5.704895  4.667750  0.7199922E+00  0.2659632E+00  4.4050388E-05  2.5435299E-03  3.1123913E-05  7.4205336E-04  6.3803100E-03  2.5407988E-06  1.4370474E-05  2.0947257E-03  1.6928041E-04  0.6934    4.667750  -5.712  0.374771  7.622029  0.6791418E+00  0.3070085E+00  6.3961662E-08  6.6522977E-05  1.8083258E-05  7.6583734E-03  1.8095363E-03  3.8515788E-06  1.0220331E-08  2.0849051E-03  3.2529132E-06  2.052E-10  1.258E-16  2.454E+11  1.885E+13  5.840E+01  2.036E+07  0.53165481  4.034E-05  4.239E-05  9.540E-01  7.033E-09  2.438E-05  1.056E+00  267   41.2295  9.56E-03 3.2645E+01 4.7476E+01    8.42E+02 0.00E+00 3.13E+02  0.531030  0.225704 8.42E+02 0.00E+00 3.13E+02  0.531655  0.225719  0.0000000E+00  0.0000000E+00  6.8668341E-04  4.6882881E+00  1.9655994E+00  4.1202740E-03 -1.7024786E+00  5.8066639E-01  5.6714996E-01 0.000 0.697 1.000 1.000 1.000 1.000 1.000 1.000 1.000 1.000 1.000 1.000 1.000 1.000 1.000 1.000 1.000 1.000 1.000 1.000 1.000 1.000 1.000 1.000 1.000 1.000 1.000 1.000 1.000 1.000 1.000 1.000 1.000 1.000 1.000 1.000 1.000 1.000 1.000 1.000  2.1974892462E+00   0.94325   1.00000   0.00000   0.00000   0.1348002E-01
   563  3.551059292133368E+05  59.341730  5.705643  4.667458  0.7199889E+00  0.2659664E+00  4.4019223E-05  2.5420185E-03  3.1165125E-05  7.4442805E-04  6.3795708E-03  2.5448004E-06  1.4361790E-05  2.0947246E-03  1.6922605E-04  0.6929    4.667458  -5.710  0.374345  7.621953  0.6772578E+00  0.3089021E+00  6.0817075E-08  6.6970002E-05  1.8226041E-05  7.7250809E-03  1.7326793E-03  3.6884380E-06  9.3758664E-09  2.0845531E-03  3.0950899E-06  2.094E-10  1.274E-16  2.361E+11  1.805E+13  5.619E+01  1.949E+07  0.53078065  4.013E-05  4.219E-05  9.542E-01  9.733E-09  2.479E-05  1.056E+00  266   41.1047  9.55E-03 3.2511E+01 4.7282E+01    8.41E+02 0.00E+00 3.12E+02  0.530235  0.226200 8.41E+02 0.00E+00 3.12E+02  0.530781  0.226223  0.0000000E+00  0.0000000E+00  6.8925758E-04  4.6904278E+00  1.9566994E+00  4.0793529E-03 -1.7001138E+00  5.7945888E-01  5.6718789E-01 0.000 0.695 1.000 1.000 1.000 1.000 1.000 1.000 1.000 1.000 1.000 1.000 1.000 1.000 1.000 1.000 1.000 1.000 1.000 1.000 1.000 1.000 1.000 1.000 1.000 1.000 1.000 1.000 1.000 1.000 1.000 1.000 1.000 1.000 1.000 1.000 1.000 1.000 1.000 1.000  2.1878499357E+00   0.94063   1.00000   0.00000   0.00000   0.1338048E-01
   578  3.709588329654622E+05  59.310742  5.706389  4.667123  0.7199844E+00  0.2659707E+00  4.3980012E-05  2.5400933E-03  3.1212232E-05  7.4751128E-04  6.3785688E-03  2.5498586E-06  1.4350729E-05  2.0947232E-03  1.6915422E-04  0.6924    4.667123  -5.708  0.373865  7.621861  0.6753606E+00  0.3108084E+00  5.9209790E-08  6.7736389E-05  1.8443611E-05  7.7871394E-03  1.6606358E-03  3.5053161E-06  9.0503837E-09  2.0842024E-03  3.0064375E-06  2.026E-10  1.228E-16  2.310E+11  1.760E+13  5.498E+01  1.901E+07  0.52913782  3.984E-05  4.199E-05  9.545E-01  1.336E-08  2.516E-05  1.056E+00  265   41.1047  9.54E-03 3.2378E+01 4.7090E+01    8.40E+02 0.00E+00 3.11E+02  0.529895  0.226732 8.40E+02 0.00E+00 3.10E+02  0.529138  0.226729  0.0000000E+00  0.0000000E+00  6.2330885E-04  4.6929334E+00  1.9479798E+00  4.0416194E-03 -1.6976257E+00  5.7820263E-01  5.6719289E-01 0.000 0.695 1.000 1.000 1.000 1.000 1.000 1.000 1.000 1.000 1.000 1.000 1.000 1.000 1.000 1.000 1.000 1.000 1.000 1.000 1.000 1.000 1.000 1.000 1.000 1.000 1.000 1.000 1.000 1.000 1.000 1.000 1.000 1.000 1.000 1.000 1.000 1.000 1.000 1.000  2.1779682393E+00   0.93800   1.00000   0.00000   0.00000   0.1327261E-01
   592  3.860246345033211E+05  59.281155  5.707140  4.666867  0.7199790E+00  0.2659760E+00  4.3936663E-05  2.5379416E-03  3.1259748E-05  7.5102245E-04  6.3773801E-03  2.5554575E-06  1.4338367E-05  2.0947214E-03  1.6907114E-04  0.6921    4.666867  -5.706  0.373678  7.621862  0.6735367E+00  0.3126405E+00  5.7357334E-08  6.7908010E-05  1.8502176E-05  7.8447538E-03  1.5945975E-03  3.3890812E-06  8.3831145E-09  2.0838674E-03  2.9036418E-06  2.043E-10  1.232E-16  2.254E+11  1.713E+13  5.365E+01  1.850E+07  0.52844909  3.965E-05  4.180E-05  9.546E-01  1.763E-08  2.549E-05  1.056E+00  265   40.9790  9.53E-03 3.2245E+01 4.6898E+01    8.39E+02 0.00E+00 3.10E+02  0.529230  0.227240 8.39E+02 0.00E+00 3.10E+02  0.528449  0.227234  0.0000000E+00  0.0000000E+00  6.8830472E-04  4.6935602E+00  1.9392521E+00  4.0054716E-03 -1.6955814E+00  5.7711676E-01  5.6731010E-01 0.000 0.693 1.000 1.000 1.000 1.000 1.000 1.000 1.000 1.000 1.000 1.000 1.000 1.000 1.000 1.000 1.000 1.000 1.000 1.000 1.000 1.000 1.000 1.000 1.000 1.000 1.000 1.000 1.000 1.000 1.000 1.000 1.000 1.000 1.000 1.000 1.000 1.000 1.000 1.000  2.1685426704E+00   0.93547   1.00000   0.00000   0.00000   0.1317451E-01
   606  4.013897566015349E+05  59.250842  5.707880  4.666603  0.7199718E+00  0.2659830E+00  4.3884601E-05  2.5353328E-03  3.1312020E-05  7.5535927E-04  6.3758541E-03  2.5621699E-06  1.4323381E-05  2.0947191E-03  1.6896710E-04  0.6916    4.666603  -5.704  0.373357  7.621822  0.6716879E+00  0.3144972E+00  5.9096545E-08  6.8466423E-05  1.8641694E-05  7.8989744E-03  1.5318379E-03  3.2556873E-06  8.6699454E-09  2.0835306E-03  2.8387015E-06  2.071E-10  1.245E-16  2.331E+11  1.771E+13  5.547E+01  1.913E+07  0.52751236  3.944E-05  4.160E-05  9.548E-01  2.307E-08  2.580E-05  1.056E+00  264   40.9790  9.52E-03 3.2109E+01 4.6702E+01    8.38E+02 0.00E+00 3.09E+02  0.528302  0.227743 8.38E+02 0.00E+00 3.09E+02  0.527512  0.227737  0.0000000E+00  0.0000000E+00  6.9056938E-04  4.6949157E+00  1.9303924E+00  3.9683784E-03 -1.6933480E+00  5.7596040E-01  5.6737991E-01 0.000 0.694 1.000 1.000 1.000 1.000 1.000 1.000 1.000 1.000 1.000 1.000 1.000 1.000 1.000 1.000 1.000 1.000 1.000 1.000 1.000 1.000 1.000 1.000 1.000 1.000 1.000 1.000 1.000 1.000 1.000 1.000 1.000 1.000 1.000 1.000 1.000 1.000 1.000 1.000  2.1588969303E+00   0.93290   1.00000   0.00000   0.00000   0.1308032E-01
   620  4.167548786997487E+05  59.220391  5.708629  4.666347  0.7199627E+00  0.2659919E+00  4.3823759E-05  2.5322573E-03  3.1367985E-05  7.6056908E-04  6.3739505E-03  2.5699783E-06  1.4305716E-05  2.0947163E-03  1.6884054E-04  0.6912    4.666347  -5.702  0.373094  7.621802  0.6698514E+00  0.3163411E+00  5.9422213E-08  6.8936683E-05  1.8765610E-05  7.9495709E-03  1.4733496E-03  3.1301893E-06  8.6631959E-09  2.0831987E-03  2.8030873E-06  2.083E-10  1.249E-16  2.354E+11  1.788E+13  5.603E+01  1.931E+07  0.52670300  3.924E-05  4.140E-05  9.549E-01  2.981E-08  2.609E-05  1.056E+00  263   40.9790  9.51E-03 3.1971E+01 4.6503E+01    8.37E+02 0.00E+00 3.08E+02  0.527514  0.228251 8.37E+02 0.00E+00 3.08E+02  0.526703  0.228247  0.0000000E+00  0.0000000E+00  6.9308879E-04  4.6957777E+00  1.9214595E+00  3.9315565E-03 -1.6911937E+00  5.7483222E-01  5.6747269E-01 0.000 0.694 1.000 1.000 1.000 1.000 1.000 1.000 1.000 1.000 1.000 1.000 1.000 1.000 1.000 1.000 1.000 1.000 1.000 1.000 1.000 1.000 1.000 1.000 1.000 1.000 1.000 1.000 1.000 1.000 1.000 1.000 1.000 1.000 1.000 1.000 1.000 1.000 1.000 1.000  2.1492175416E+00   0.93035   1.00000   0.00000   0.00000   0.1298519E-01
   635  4.320761004491105E+05  59.189884  5.709426  4.666133  0.7199518E+00  0.2660026E+00  4.3757449E-05  2.5288791E-03  3.1424013E-05  7.6639915E-04  6.3717432E-03  2.5784288E-06  1.4286312E-05  2.0947129E-03  1.6869737E-04  0.6909    4.666133  -5.700  0.372907  7.621804  0.6680041E+00  0.3181954E+00  5.4557525E-08  6.9234353E-05  1.8879324E-05  7.9985535E-03  1.4169552E-03  2.9989490E-06  7.5163166E-09  2.0828666E-03  2.7468446E-06  1.981E-10  1.183E-16  2.181E+11  1.649E+13  5.192E+01  1.781E+07  0.52664469  3.911E-05  4.120E-05  9.549E-01  3.754E-08  2.635E-05  1.055E+00  262   40.8526  9.51E-03 3.1826E+01 4.6293E+01    8.35E+02 0.00E+00 3.07E+02  0.526029  0.228764 8.36E+02 0.00E+00 3.07E+02  0.526645  0.228782  0.0000000E+00  0.0000000E+00  6.8771375E-04  4.6962634E+00  1.9121141E+00  3.8909770E-03 -1.6891140E+00  5.7373081E-01  5.6759423E-01 0.000 0.692 1.000 1.000 1.000 1.000 1.000 1.000 1.000 1.000 1.000 1.000 1.000 1.000 1.000 1.000 1.000 1.000 1.000 1.000 1.000 1.000 1.000 1.000 1.000 1.000 1.000 1.000 1.000 1.000 1.000 1.000 1.000 1.000 1.000 1.000 1.000 1.000 1.000 1.000  2.1395294198E+00   0.92778   1.00000   0.00000   0.00000   0.1289705E-01
   649  4.472875713263425E+05  59.159456  5.710160  4.665892  0.7199384E+00  0.2660157E+00  4.3682187E-05  2.5250183E-03  3.1482604E-05  7.7318387E-04  6.3690877E-03  2.5879313E-06  1.4264137E-05  2.0947088E-03  1.6852918E-04  0.6905    4.665892  -5.698  0.372689  7.621798  0.6661697E+00  0.3200365E+00  5.6979318E-08  6.9726242E-05  1.8991441E-05  8.0441965E-03  1.3640950E-03  2.8931959E-06  8.0306732E-09  2.0825387E-03  2.7053048E-06  2.030E-10  1.209E-16  2.286E+11  1.730E+13  5.441E+01  1.868E+07  0.52571980  3.891E-05  4.101E-05  9.551E-01  4.676E-08  2.660E-05  1.055E+00  261   40.8526  9.50E-03 3.1691E+01 4.6097E+01    8.34E+02 0.00E+00 3.06E+02  0.525075  0.229266 8.34E+02 0.00E+00 3.06E+02  0.525720  0.229285  0.0000000E+00  0.0000000E+00  6.8983456E-04  4.6968029E+00  1.9032629E+00  3.8550643E-03 -1.6870220E+00  5.7262649E-01  5.6770257E-01 0.000 0.693 1.000 1.000 1.000 1.000 1.000 1.000 1.000 1.000 1.000 1.000 1.000 1.000 1.000 1.000 1.000 1.000 1.000 1.000 1.000 1.000 1.000 1.000 1.000 1.000 1.000 1.000 1.000 1.000 1.000 1.000 1.000 1.000 1.000 1.000 1.000 1.000 1.000 1.000  2.1298786674E+00   0.92523   1.00000   0.00000   0.00000   0.1280707E-01
   663  4.624990422035746E+05  59.128889  5.710910  4.665651  0.7199224E+00  0.2660315E+00  4.3598741E-05  2.5207104E-03  3.1542505E-05  7.8089209E-04  6.3659735E-03  2.5983474E-06  1.4239395E-05  2.0947039E-03  1.6833656E-04  0.6901    4.665651  -5.696  0.372514  7.621805  0.6643479E+00  0.3218644E+00  5.6931206E-08  7.0110834E-05  1.9096793E-05  8.0868481E-03  1.3148054E-03  2.7874941E-06  7.9259855E-09  2.0822153E-03  2.6877127E-06  2.053E-10  1.218E-16  2.296E+11  1.737E+13  5.465E+01  1.876E+07  0.52482948  3.871E-05  4.081E-05  9.553E-01  5.749E-08  2.681E-05  1.055E+00  260   40.8526  9.49E-03 3.1551E+01 4.5894E+01    8.33E+02 0.00E+00 3.05E+02  0.524379  0.229778 8.33E+02 0.00E+00 3.05E+02  0.524829  0.229798  0.0000000E+00  0.0000000E+00  6.9247061E-04  4.6969864E+00  1.8943081E+00  3.8191604E-03 -1.6849849E+00  5.7154198E-01  5.6782582E-01 0.000 0.693 1.000 1.000 1.000 1.000 1.000 1.000 1.000 1.000 1.000 1.000 1.000 1.000 1.000 1.000 1.000 1.000 1.000 1.000 1.000 1.000 1.000 1.000 1.000 1.000 1.000 1.000 1.000 1.000 1.000 1.000 1.000 1.000 1.000 1.000 1.000 1.000 1.000 1.000  2.1201946175E+00   0.92270   1.00000   0.00000   0.00000   0.1271270E-01
   677  4.777105130808066E+05  59.098180  5.711696  4.665423  0.7199031E+00  0.2660505E+00  4.3505880E-05  2.5158887E-03  3.1604027E-05  7.8967531E-04  6.3623166E-03  2.6097832E-06  1.4211701E-05  2.0946982E-03  1.6811559E-04  0.6898    4.665423  -5.694  0.372415  7.621836  0.6625065E+00  0.3237119E+00  5.3500472E-08  7.0341589E-05  1.9181652E-05  8.1284633E-03  1.2669280E-03  2.6854666E-06  7.0785622E-09  2.0818896E-03  2.6483184E-06  1.961E-10  1.161E-16  2.177E+11  1.641E+13  5.180E+01  1.772E+07  0.52403347  3.853E-05  4.063E-05  9.554E-01  6.999E-08  2.702E-05  1.055E+00  260   40.7253  9.49E-03 3.1416E+01 4.5701E+01    8.32E+02 0.00E+00 3.04E+02  0.523429  0.230310 8.32E+02 0.00E+00 3.04E+02  0.524033  0.230332  0.0000000E+00  0.0000000E+00  6.9479714E-04  4.6967972E+00  1.8853490E+00  3.7837266E-03 -1.6830165E+00  5.7047886E-01  5.6797484E-01 0.000 0.691 1.000 1.000 1.000 1.000 1.000 1.000 1.000 1.000 1.000 1.000 1.000 1.000 1.000 1.000 1.000 1.000 1.000 1.000 1.000 1.000 1.000 1.000 1.000 1.000 1.000 1.000 1.000 1.000 1.000 1.000 1.000 1.000 1.000 1.000 1.000 1.000 1.000 1.000  2.1104758450E+00   0.92015   1.00000   0.00000   0.00000   0.1261988E-01
   692  4.929111186216976E+05  59.067350  5.712428  4.665146  0.7198808E+00  0.2660725E+00  4.3406359E-05  2.5106937E-03  3.1664937E-05  7.9930697E-04  6.3581906E-03  2.6218523E-06  1.4181861E-05  2.0946916E-03  1.6787189E-04  0.6894    4.665146  -5.692  0.372177  7.621822  0.6606726E+00  0.3255515E+00  5.3213683E-08  7.0907384E-05  1.9334079E-05  8.1672484E-03  1.2217673E-03  2.5697105E-06  7.1715619E-09  2.0815669E-03  2.6226709E-06  2.013E-10  1.188E-16  2.176E+11  1.639E+13  5.180E+01  1.770E+07  0.52226116  3.825E-05  4.045E-05  9.558E-01  8.395E-08  2.720E-05  1.055E+00  259   40.7253  9.48E-03 3.1286E+01 4.5512E+01    8.31E+02 0.00E+00 3.03E+02  0.523220  0.230839 8.31E+02 0.00E+00 3.03E+02  0.522261  0.230838  0.0000000E+00  0.0000000E+00  6.9113797E-04  4.6974556E+00  1.8767990E+00  3.7493894E-03 -1.6808815E+00  5.6935911E-01  5.6806179E-01 0.000 0.692 1.000 1.000 1.000 1.000 1.000 1.000 1.000 1.000 1.000 1.000 1.000 1.000 1.000 1.000 1.000 1.000 1.000 1.000 1.000 1.000 1.000 1.000 1.000 1.000 1.000 1.000 1.000 1.000 1.000 1.000 1.000 1.000 1.000 1.000 1.000 1.000 1.000 1.000  2.1007313963E+00   0.91761   1.00000   0.00000   0.00000   0.1252055E-01
   706  5.079704747901569E+05  59.036669  5.713181  4.664954  0.7198544E+00  0.2660987E+00  4.3296410E-05  2.5049269E-03  3.1727189E-05  8.1018466E-04  6.3534044E-03  2.6349608E-06  1.4148735E-05  2.0946838E-03  1.6759544E-04  0.6891    4.664954  -5.690  0.372134  7.621872  0.6588666E+00  0.3273626E+00  5.4651400E-08  7.1131833E-05  1.9384358E-05  8.2034912E-03  1.1800538E-03  2.4953487E-06  7.3124939E-09  2.0812510E-03  2.6168570E-06  2.029E-10  1.195E-16  2.246E+11  1.693E+13  5.344E+01  1.829E+07  0.52135574  3.807E-05  4.027E-05  9.559E-01  1.000E-07  2.737E-05  1.055E+00  258   40.7253  9.48E-03 3.1150E+01 4.5315E+01    8.30E+02 0.00E+00 3.02E+02  0.522178  0.231358 8.30E+02 0.00E+00 3.02E+02  0.521356  0.231355  0.0000000E+00  0.0000000E+00  6.9309147E-04  4.6966037E+00  1.8679394E+00  3.7151244E-03 -1.6790223E+00  5.6833898E-01  5.6823689E-01 0.000 0.692 1.000 1.000 1.000 1.000 1.000 1.000 1.000 1.000 1.000 1.000 1.000 1.000 1.000 1.000 1.000 1.000 1.000 1.000 1.000 1.000 1.000 1.000 1.000 1.000 1.000 1.000 1.000 1.000 1.000 1.000 1.000 1.000 1.000 1.000 1.000 1.000 1.000 1.000  2.0910473577E+00   0.91509   1.00000   0.00000   0.00000   0.1243457E-01
   720  5.230298309586162E+05  59.005846  5.713959  4.664745  0.7198247E+00  0.2661281E+00  4.3181342E-05  2.4988647E-03  3.1787513E-05  8.2181392E-04  6.3481569E-03  2.6484269E-06  1.4113910E-05  2.0946752E-03  1.6729884E-04  0.6888    4.664745  -5.688  0.372087  7.621920  0.6570330E+00  0.3292014E+00  5.1749804E-08  7.1345424E-05  1.9458774E-05  8.2391899E-03  1.1389600E-03  2.4081494E-06  6.6513618E-09  2.0809309E-03  2.5815379E-06  1.925E-10  1.133E-16  2.145E+11  1.613E+13  5.105E+01  1.742E+07  0.52050885  3.789E-05  4.009E-05  9.561E-01  1.175E-07  2.752E-05  1.054E+00  257   40.5971  9.47E-03 3.1016E+01 4.5122E+01    8.29E+02 0.00E+00 3.02E+02  0.521317  0.231892 8.29E+02 0.00E+00 3.01E+02  0.520509  0.231887  0.0000000E+00  0.0000000E+00  6.9547529E-04  4.6960111E+00  1.8590312E+00  3.6780394E-03 -1.6771211E+00  5.6730172E-01  5.6840173E-01 0.000 0.690 1.000 1.000 1.000 1.000 1.000 1.000 1.000 1.000 1.000 1.000 1.000 1.000 1.000 1.000 1.000 1.000 1.000 1.000 1.000 1.000 1.000 1.000 1.000 1.000 1.000 1.000 1.000 1.000 1.000 1.000 1.000 1.000 1.000 1.000 1.000 1.000 1.000 1.000  2.0813317935E+00   0.91255   1.00000   0.00000   0.00000   0.1234462E-01
   734  5.380891871270762E+05  58.974881  5.714711  4.664543  0.7197897E+00  0.2661629E+00  4.3054322E-05  2.4921455E-03  3.1849179E-05  8.3491990E-04  6.3420998E-03  2.6629933E-06  1.4075306E-05  2.0946651E-03  1.6696371E-04  0.6884    4.664543  -5.686  0.371994  7.621954  0.6552128E+00  0.3310264E+00  5.2802233E-08  7.1704513E-05  1.9549612E-05  8.2722629E-03  1.1006478E-03  2.3253520E-06  6.8363450E-09  2.0806148E-03  2.5693091E-06  1.998E-10  1.171E-16  2.199E+11  1.655E+13  5.234E+01  1.788E+07  0.51944053  3.769E-05  3.990E-05  9.563E-01  1.375E-07  2.766E-05  1.054E+00  256   40.5971  9.47E-03 3.0878E+01 4.4922E+01    8.28E+02 0.00E+00 3.00E+02  0.520277  0.232409 8.28E+02 0.00E+00 3.00E+02  0.519441  0.232406  0.0000000E+00  0.0000000E+00  6.9745687E-04  4.6955277E+00  1.8501023E+00  3.6434891E-03 -1.6751805E+00  5.6625259E-01  5.6855238E-01 0.000 0.691 1.000 1.000 1.000 1.000 1.000 1.000 1.000 1.000 1.000 1.000 1.000 1.000 1.000 1.000 1.000 1.000 1.000 1.000 1.000 1.000 1.000 1.000 1.000 1.000 1.000 1.000 1.000 1.000 1.000 1.000 1.000 1.000 1.000 1.000 1.000 1.000 1.000 1.000  2.0715866138E+00   0.91002   1.00000   0.00000   0.00000   0.1225951E-01
   749  5.533636769550854E+05  58.943331  5.715489  4.664353  0.7197509E+00  0.2662015E+00  4.2922417E-05  2.4851413E-03  3.1908482E-05  8.4880724E-04  6.3355342E-03  2.6777927E-06  1.4035060E-05  2.0946541E-03  1.6660796E-04  0.6882    4.664353  -5.684  0.371845  7.621971  0.6533810E+00  0.3328628E+00  5.1041309E-08  7.2242518E-05  1.9703037E-05  8.3032783E-03  1.0643855E-03  2.2282562E-06  6.6182190E-09  2.0802982E-03  2.5736765E-06  1.929E-10  1.129E-16  2.140E+11  1.608E+13  5.093E+01  1.737E+07  0.51927295  3.756E-05  3.970E-05  9.563E-01  1.589E-07  2.778E-05  1.054E+00  255   40.5971  9.46E-03 3.0730E+01 4.4708E+01    8.27E+02 0.00E+00 2.99E+02  0.518926  0.232922 8.27E+02 0.00E+00 2.99E+02  0.519273  0.232942  0.0000000E+00  0.0000000E+00  6.2920457E-04  4.6953115E+00  1.8406239E+00  3.6067470E-03 -1.6731498E+00  5.6517025E-01  5.6868427E-01 0.000 0.691 1.000 1.000 1.000 1.000 1.000 1.000 1.000 1.000 1.000 1.000 1.000 1.000 1.000 1.000 1.000 1.000 1.000 1.000 1.000 1.000 1.000 1.000 1.000 1.000 1.000 1.000 1.000 1.000 1.000 1.000 1.000 1.000 1.000 1.000 1.000 1.000 1.000 1.000  2.0616713364E+00   0.90747   1.00000   0.00000   0.00000   0.1217833E-01
   764  5.691437308830350E+05  58.910580  5.716304  4.664136  0.7197022E+00  0.2662499E+00  4.2767788E-05  2.4769006E-03  3.1972682E-05  8.6542056E-04  6.3275027E-03  2.6947247E-06  1.3987703E-05  2.0946404E-03  1.6618193E-04  0.6880    4.664136  -5.682  0.371915  7.622061  0.6514917E+00  0.3347564E+00  5.2472129E-08  7.2326145E-05  1.9716398E-05  8.3341402E-03  1.0290414E-03  2.1682221E-06  6.7582453E-09  2.0799729E-03  2.5820950E-06  1.893E-10  1.106E-16  2.213E+11  1.667E+13  5.266E+01  1.800E+07  0.51759511  3.731E-05  3.952E-05  9.566E-01  1.850E-07  2.788E-05  1.054E+00  254   40.5971  9.46E-03 3.0591E+01 4.4507E+01    8.26E+02 0.00E+00 2.99E+02  0.518432  0.233507 8.26E+02 0.00E+00 2.98E+02  0.517595  0.233502  0.0000000E+00  0.0000000E+00  6.9517392E-04  4.6936248E+00  1.8315444E+00  3.5729776E-03 -1.6713090E+00  5.6413666E-01  5.6889865E-01 0.000 0.691 1.000 1.000 1.000 1.000 1.000 1.000 1.000 1.000 1.000 1.000 1.000 1.000 1.000 1.000 1.000 1.000 1.000 1.000 1.000 1.000 1.000 1.000 1.000 1.000 1.000 1.000 1.000 1.000 1.000 1.000 1.000 1.000 1.000 1.000 1.000 1.000 1.000 1.000  2.0513926341E+00   0.90485   1.00000   0.00000   0.00000   0.1208013E-01
   778  5.840524934898095E+05  58.879489  5.717067  4.663947  0.7196529E+00  0.2662991E+00  4.2620629E-05  2.4690314E-03  3.2029109E-05  8.8154490E-04  6.3195423E-03  2.7104289E-06  1.3942473E-05  2.0946267E-03  1.6576831E-04  0.6876    4.663947  -5.680  0.371896  7.622117  0.6496629E+00  0.3365895E+00  5.0334177E-08  7.2519642E-05  1.9780977E-05  8.3634983E-03  9.9521828E-04  2.0966895E-06  6.2800618E-09  2.0796581E-03  2.5477420E-06  1.950E-10  1.138E-16  2.139E+11  1.608E+13  5.090E+01  1.737E+07  0.51651291  3.712E-05  3.935E-05  9.568E-01  2.105E-07  2.798E-05  1.054E+00  254   40.4681  9.45E-03 3.0460E+01 4.4317E+01    8.25E+02 0.00E+00 2.98E+02  0.517362  0.234032 8.25E+02 0.00E+00 2.97E+02  0.516513  0.234030  0.0000000E+00  0.0000000E+00  6.9709943E-04  4.6926395E+00  1.8227097E+00  3.5396115E-03 -1.6694591E+00  5.6311911E-01  5.6907466E-01 0.000 0.689 1.000 1.000 1.000 1.000 1.000 1.000 1.000 1.000 1.000 1.000 1.000 1.000 1.000 1.000 1.000 1.000 1.000 1.000 1.000 1.000 1.000 1.000 1.000 1.000 1.000 1.000 1.000 1.000 1.000 1.000 1.000 1.000 1.000 1.000 1.000 1.000 1.000 1.000  2.0416502445E+00   0.90231   1.00000   0.00000   0.00000   0.1199647E-01
   792  5.989612560965839E+05  58.848259  5.717823  4.663753  0.7195970E+00  0.2663548E+00  4.2463661E-05  2.4606124E-03  3.2084885E-05  8.9905925E-04  6.3107302E-03  2.7267492E-06  1.3894077E-05  2.0946113E-03  1.6531917E-04  0.6873    4.663753  -5.678  0.371877  7.622174  0.6478651E+00  0.3383911E+00  5.0752882E-08  7.2797675E-05  1.9853678E-05  8.3900137E-03  9.6451568E-04  2.0303615E-06  6.3412977E-09  2.0793504E-03  2.5501197E-06  1.985E-10  1.155E-16  2.168E+11  1.631E+13  5.161E+01  1.762E+07  0.51561685  3.694E-05  3.916E-05  9.570E-01  2.385E-07  2.806E-05  1.053E+00  253   40.4681  9.45E-03 3.0320E+01 4.4115E+01    8.24E+02 0.00E+00 2.97E+02  0.516592  0.234558 8.24E+02 0.00E+00 2.96E+02  0.515617  0.234555  0.0000000E+00  0.0000000E+00  6.9950225E-04  4.6914950E+00  1.8137104E+00  3.5058315E-03 -1.6676178E+00  5.6210774E-01  5.6924886E-01 0.000 0.690 1.000 1.000 1.000 1.000 1.000 1.000 1.000 1.000 1.000 1.000 1.000 1.000 1.000 1.000 1.000 1.000 1.000 1.000 1.000 1.000 1.000 1.000 1.000 1.000 1.000 1.000 1.000 1.000 1.000 1.000 1.000 1.000 1.000 1.000 1.000 1.000 1.000 1.000  2.0318813086E+00   0.89982   1.00000   0.00000   0.00000   0.1191142E-01
   806  6.138700187033584E+05  58.816886  5.718592  4.663577  0.7195341E+00  0.2664177E+00  4.2296846E-05  2.4516398E-03  3.2139714E-05  9.1800954E-04  6.3010196E-03  2.7436156E-06  1.3842489E-05  2.0945941E-03  1.6483363E-04  0.6870    4.663577  -5.676  0.371881  7.622240  0.6460743E+00  0.3401855E+00  5.0686040E-08  7.3047261E-05  1.9919262E-05  8.4149913E-03  9.3561348E-04  1.9680027E-06  6.3364758E-09  2.0790448E-03  2.5597224E-06  1.991E-10  1.158E-16  2.178E+11  1.639E+13  5.183E+01  1.770E+07  0.51474483  3.677E-05  3.899E-05  9.572E-01  2.691E-07  2.813E-05  1.053E+00  252   40.4681  9.45E-03 3.0183E+01 4.3917E+01    8.23E+02 0.00E+00 2.96E+02  0.515578  0.235090 8.23E+02 0.00E+00 2.95E+02  0.514745  0.235087  0.0000000E+00  0.0000000E+00  7.0153981E-04  4.6901066E+00  1.8047356E+00  3.4724771E-03 -1.6658082E+00  5.6110792E-01  5.6943271E-01 0.000 0.690 1.000 1.000 1.000 1.000 1.000 1.000 1.000 1.000 1.000 1.000 1.000 1.000 1.000 1.000 1.000 1.000 1.000 1.000 1.000 1.000 1.000 1.000 1.000 1.000 1.000 1.000 1.000 1.000 1.000 1.000 1.000 1.000 1.000 1.000 1.000 1.000 1.000 1.000  2.0220821416E+00   0.89733   1.00000   0.00000   0.00000   0.1182903E-01
   821  6.287787813101331E+05  58.785365  5.719397  4.663417  0.7194664E+00  0.2664852E+00  4.2127601E-05  2.4425122E-03  3.2191151E-05  9.3757287E-04  6.2908202E-03  2.7602349E-06  1.3790000E-05  2.0945758E-03  1.6433307E-04  0.6868    4.663417  -5.674  0.371847  7.622291  0.6442545E+00  0.3420089E+00  4.6105112E-08  7.3420865E-05  2.0047314E-05  8.4397816E-03  9.0669948E-04  1.8895148E-06  5.5031085E-09  2.0787345E-03  2.5406887E-06  1.927E-10  1.119E-16  2.002E+11  1.500E+13  4.764E+01  1.620E+07  0.51439299  3.664E-05  3.879E-05  9.572E-01  3.009E-07  2.819E-05  1.053E+00  252   40.3382  9.44E-03 3.0038E+01 4.3707E+01    8.22E+02 0.00E+00 2.94E+02  0.513841  0.235621 8.22E+02 0.00E+00 2.95E+02  0.514393  0.235640  0.0000000E+00  0.0000000E+00  6.3230586E-04  4.6892293E+00  1.7953497E+00  3.4373032E-03 -1.6639114E+00  5.6007732E-01  5.6959568E-01 0.000 0.688 1.000 1.000 1.000 1.000 1.000 1.000 1.000 1.000 1.000 1.000 1.000 1.000 1.000 1.000 1.000 1.000 1.000 1.000 1.000 1.000 1.000 1.000 1.000 1.000 1.000 1.000 1.000 1.000 1.000 1.000 1.000 1.000 1.000 1.000 1.000 1.000 1.000 1.000  2.0122519125E+00   0.89480   1.00000   0.00000   0.00000   0.1175266E-01
   836  6.445927187894622E+05  58.751773  5.720197  4.663205  0.7193849E+00  0.2665666E+00  4.1934878E-05  2.4320919E-03  3.2245135E-05  9.6024008E-04  6.2788016E-03  2.7785709E-06  1.3730065E-05  2.0945540E-03  1.6375419E-04  0.6864    4.663205  -5.672  0.371940  7.622390  0.6423355E+00  0.3439315E+00  4.8661512E-08  7.3496356E-05  2.0051053E-05  8.4647288E-03  8.7812549E-04  1.8424758E-06  5.9096106E-09  2.0784085E-03  2.5378594E-06  1.951E-10  1.132E-16  2.122E+11  1.596E+13  5.051E+01  1.724E+07  0.51259306  3.639E-05  3.862E-05  9.575E-01  3.381E-07  2.824E-05  1.053E+00  251   40.3382  9.44E-03 2.9902E+01 4.3511E+01    8.21E+02 0.00E+00 2.94E+02  0.513417  0.236203 8.21E+02 0.00E+00 2.93E+02  0.512593  0.236198  0.0000000E+00  0.0000000E+00  6.9863803E-04  4.6871542E+00  1.7862249E+00  3.4043523E-03 -1.6620828E+00  5.5904385E-01  5.6982049E-01 0.000 0.689 1.000 1.000 1.000 1.000 1.000 1.000 1.000 1.000 1.000 1.000 1.000 1.000 1.000 1.000 1.000 1.000 1.000 1.000 1.000 1.000 1.000 1.000 1.000 1.000 1.000 1.000 1.000 1.000 1.000 1.000 1.000 1.000 1.000 1.000 1.000 1.000 1.000 1.000  2.0017949349E+00   0.89213   1.00000   0.00000   0.00000   0.1165821E-01
   851  6.604066562687914E+05  58.718018  5.721028  4.663048  0.7192956E+00  0.2666559E+00  4.1735662E-05  2.4212934E-03  3.2296317E-05  9.8408662E-04  6.2659453E-03  2.7968804E-06  1.3667943E-05  2.0945304E-03  1.6314664E-04  0.6862    4.663048  -5.670  0.371984  7.622473  0.6404307E+00  0.3458396E+00  4.8877963E-08  7.3744411E-05  2.0114556E-05  8.4876164E-03  8.5161150E-04  1.7854727E-06  5.9754478E-09  2.0780859E-03  2.5497632E-06  1.944E-10  1.126E-16  2.145E+11  1.615E+13  5.104E+01  1.744E+07  0.51230385  3.626E-05  3.842E-05  9.576E-01  3.774E-07  2.827E-05  1.052E+00  249   40.3382  9.44E-03 2.9744E+01 4.3281E+01    8.20E+02 0.00E+00 2.92E+02  0.511664  0.236754 8.20E+02 0.00E+00 2.92E+02  0.512304  0.236775  0.0000000E+00  0.0000000E+00  6.9975277E-04  4.6852921E+00  1.7761750E+00  3.3651912E-03 -1.6601995E+00  5.5799627E-01  5.7003354E-01 0.000 0.689 1.000 1.000 1.000 1.000 1.000 1.000 1.000 1.000 1.000 1.000 1.000 1.000 1.000 1.000 1.000 1.000 1.000 1.000 1.000 1.000 1.000 1.000 1.000 1.000 1.000 1.000 1.000 1.000 1.000 1.000 1.000 1.000 1.000 1.000 1.000 1.000 1.000 1.000  1.9913065651E+00   0.88949   1.00000   0.00000   0.00000   0.1157873E-01
   866  6.762205937481206E+05  58.684094  5.721875  4.662810  0.7191972E+00  0.2667544E+00  4.1528009E-05  2.4100111E-03  3.2345164E-05  1.0093707E-03  6.2520970E-03  2.8152846E-06  1.3603023E-05  2.0945045E-03  1.6250429E-04  0.6860    4.662810  -5.667  0.372083  7.622570  0.6385037E+00  0.3477698E+00  4.5753063E-08  7.3829665E-05  2.0162215E-05  8.5103508E-03  8.2550863E-04  1.7299918E-06  5.1795793E-09  2.0777600E-03  2.5418539E-06  1.881E-10  1.089E-16  2.027E+11  1.523E+13  4.825E+01  1.645E+07  0.51052419  3.600E-05  3.825E-05  9.579E-01  4.194E-07  2.830E-05  1.052E+00  249   40.2075  9.43E-03 2.9609E+01 4.3086E+01    8.19E+02 0.00E+00 2.92E+02  0.511386  0.237366 8.19E+02 0.00E+00 2.91E+02  0.510524  0.237361  0.0000000E+00  0.0000000E+00  7.0338745E-04  4.6833245E+00  1.7669721E+00  3.3321643E-03 -1.6583415E+00  5.5695156E-01  5.7024764E-01 0.000 0.687 1.000 1.000 1.000 1.000 1.000 1.000 1.000 1.000 1.000 1.000 1.000 1.000 1.000 1.000 1.000 1.000 1.000 1.000 1.000 1.000 1.000 1.000 1.000 1.000 1.000 1.000 1.000 1.000 1.000 1.000 1.000 1.000 1.000 1.000 1.000 1.000 1.000 1.000  1.9807814328E+00   0.88681   1.00000   0.00000   0.00000   0.1147874E-01
   881  6.920345312274498E+05  58.650001  5.722700  4.662656  0.7190898E+00  0.2668619E+00  4.1313726E-05  2.3983429E-03  3.2391215E-05  1.0358984E-03  6.2373479E-03  2.8335655E-06  1.3535868E-05  2.0944766E-03  1.6183248E-04  0.6857    4.662656  -5.665  0.372127  7.622654  0.6365744E+00  0.3497022E+00  4.7092863E-08  7.4130614E-05  2.0227724E-05  8.5317430E-03  8.0062761E-04  1.6759959E-06  5.6030000E-09  2.0774343E-03  2.5370140E-06  1.864E-10  1.076E-16  2.098E+11  1.579E+13  4.993E+01  1.706E+07  0.51008778  3.587E-05  3.804E-05  9.580E-01  4.637E-07  2.832E-05  1.052E+00  250   40.2075  9.43E-03 2.9452E+01 4.2859E+01    8.18E+02 0.00E+00 2.90E+02  0.509447  0.237914 8.18E+02 0.00E+00 2.90E+02  0.510088  0.237935  0.0000000E+00  0.0000000E+00  7.0411638E-04  4.6814762E+00  1.7569123E+00  3.2959170E-03 -1.6564365E+00  5.5589400E-01  5.7045844E-01 0.000 0.688 1.000 1.000 1.000 1.000 1.000 1.000 1.000 1.000 1.000 1.000 1.000 1.000 1.000 1.000 1.000 1.000 1.000 1.000 1.000 1.000 1.000 1.000 1.000 1.000 1.000 1.000 1.000 1.000 1.000 1.000 1.000 1.000 1.000 1.000 1.000 1.000 1.000 1.000  1.9702250252E+00   0.88413   1.00000   0.00000   0.00000   0.1140189E-01
   897  7.077852129568615E+05  58.615879  5.723527  4.662463  0.7189748E+00  0.2669770E+00  4.1096092E-05  2.3864677E-03  3.2433865E-05  1.0632755E-03  6.2219098E-03  2.8514096E-06  1.3467505E-05  2.0944470E-03  1.6114158E-04  0.6855    4.662463  -5.663  0.372183  7.622740  0.6346714E+00  0.3516081E+00  4.6679912E-08  7.4375642E-05  2.0295008E-05  8.5514699E-03  7.7772240E-04  1.6223236E-06  5.5707456E-09  2.0771141E-03  2.5479343E-06  1.939E-10  1.120E-16  2.093E+11  1.577E+13  4.982E+01  1.703E+07  0.50898493  3.567E-05  3.786E-05  9.582E-01  5.095E-07  2.832E-05  1.052E+00  251   40.2075  9.43E-03 2.9306E+01 4.2647E+01    8.17E+02 0.00E+00 2.89E+02  0.508455  0.238490 8.17E+02 0.00E+00 2.89E+02  0.508985  0.238511  0.0000000E+00  0.0000000E+00  6.9939202E-04  4.6794795E+00  1.7473148E+00  3.2616793E-03 -1.6545548E+00  5.5484638E-01  5.7066364E-01 0.000 0.688 1.000 1.000 1.000 1.000 1.000 1.000 1.000 1.000 1.000 1.000 1.000 1.000 1.000 1.000 1.000 1.000 1.000 1.000 1.000 1.000 1.000 1.000 1.000 1.000 1.000 1.000 1.000 1.000 1.000 1.000 1.000 1.000 1.000 1.000 1.000 1.000 1.000 1.000  1.9596770273E+00   0.88149   1.00000   0.00000   0.00000   0.1131484E-01
   912  7.234410110613967E+05  58.581795  5.724341  4.662248  0.7188467E+00  0.2671054E+00  4.0865972E-05  2.3738868E-03  3.2474853E-05  1.0926777E-03  6.2051048E-03  2.8695062E-06  1.3395063E-05  2.0944143E-03  1.6040236E-04  0.6853    4.662248  -5.661  0.372281  7.622836  0.6327765E+00  0.3535056E+00  4.5035335E-08  7.4464282E-05  2.0341854E-05  8.5703283E-03  7.5603447E-04  1.5785523E-06  5.0031004E-09  2.0767959E-03  2.5570160E-06  1.870E-10  1.078E-16  1.925E+11  1.445E+13  4.581E+01  1.561E+07  0.50721803  3.542E-05  3.768E-05  9.585E-01  5.591E-07  2.832E-05  1.052E+00  251   40.0759  9.42E-03 2.9164E+01 4.2442E+01    8.16E+02 0.00E+00 2.88E+02  0.508064  0.239082 8.16E+02 0.00E+00 2.88E+02  0.507218  0.239080  0.0000000E+00  0.0000000E+00  7.0262929E-04  4.6771440E+00  1.7380324E+00  3.2289826E-03 -1.6527413E+00  5.5382092E-01  5.7088455E-01 0.000 0.686 1.000 1.000 1.000 1.000 1.000 1.000 1.000 1.000 1.000 1.000 1.000 1.000 1.000 1.000 1.000 1.000 1.000 1.000 1.000 1.000 1.000 1.000 1.000 1.000 1.000 1.000 1.000 1.000 1.000 1.000 1.000 1.000 1.000 1.000 1.000 1.000 1.000 1.000  1.9491607139E+00   0.87887   1.00000   0.00000   0.00000   0.1122178E-01
   927  7.390968091659319E+05  58.547541  5.725199  4.662096  0.7187133E+00  0.2672390E+00  4.0638307E-05  2.3614171E-03  3.2511584E-05  1.1222094E-03  6.1880083E-03  2.8866449E-06  1.3323244E-05  2.0943805E-03  1.5966285E-04  0.6850    4.662096  -5.659  0.372395  7.622942  0.6308420E+00  0.3554430E+00  4.5068828E-08  7.4698739E-05  2.0390202E-05  8.5893844E-03  7.3392744E-04  1.5310323E-06  5.2211584E-09  2.0764708E-03  2.5384417E-06  1.905E-10  1.098E-16  2.052E+11  1.546E+13  4.885E+01  1.670E+07  0.50681889  3.529E-05  3.749E-05  9.586E-01  6.087E-07  2.831E-05  1.051E+00  249   40.0759  9.42E-03 2.9014E+01 4.2225E+01    8.15E+02 0.00E+00 2.87E+02  0.506168  0.239651 8.15E+02 0.00E+00 2.87E+02  0.506819  0.239674  0.0000000E+00  0.0000000E+00  7.0357370E-04  4.6750161E+00  1.7280420E+00  3.1936717E-03 -1.6508836E+00  5.5278203E-01  5.7110602E-01 0.000 0.687 1.000 1.000 1.000 1.000 1.000 1.000 1.000 1.000 1.000 1.000 1.000 1.000 1.000 1.000 1.000 1.000 1.000 1.000 1.000 1.000 1.000 1.000 1.000 1.000 1.000 1.000 1.000 1.000 1.000 1.000 1.000 1.000 1.000 1.000 1.000 1.000 1.000 1.000  1.9386118162E+00   0.87617   1.00000   0.00000   0.00000   0.1114438E-01
   942  7.546482352831035E+05  58.513349  5.726005  4.661864  0.7185653E+00  0.2673874E+00  4.0397857E-05  2.3482246E-03  3.2546601E-05  1.1538574E-03  6.1694639E-03  2.9039422E-06  1.3247243E-05  2.0943434E-03  1.5887367E-04  0.6848    4.661864  -5.657  0.372463  7.623031  0.6289535E+00  0.3573338E+00  4.4713565E-08  7.4989339E-05  2.0469751E-05  8.6062031E-03  7.1426261E-04  1.4852429E-06  5.1809703E-09  2.0761546E-03  2.5491468E-06  1.853E-10  1.066E-16  2.050E+11  1.545E+13  4.878E+01  1.669E+07  0.50497235  3.504E-05  3.731E-05  9.589E-01  6.623E-07  2.829E-05  1.051E+00  246   40.0759  9.42E-03 2.8873E+01 4.2021E+01    8.14E+02 0.00E+00 2.86E+02  0.505745  0.240243 8.14E+02 0.00E+00 2.86E+02  0.504972  0.240239  0.0000000E+00  0.0000000E+00  6.3609060E-04  4.6728783E+00  1.7187830E+00  3.1598736E-03 -1.6490227E+00  5.5174426E-01  5.7130694E-01 0.000 0.687 1.000 1.000 1.000 1.000 1.000 1.000 1.000 1.000 1.000 1.000 1.000 1.000 1.000 1.000 1.000 1.000 1.000 1.000 1.000 1.000 1.000 1.000 1.000 1.000 1.000 1.000 1.000 1.000 1.000 1.000 1.000 1.000 1.000 1.000 1.000 1.000 1.000 1.000  1.9281029587E+00   0.87355   1.00000   0.00000   0.00000   0.1105164E-01
   958  7.703353449838479E+05  58.478688  5.726848  4.661678  0.7184074E+00  0.2675457E+00  4.0153641E-05  2.3348032E-03  3.2578489E-05  1.1864670E-03  6.1501313E-03  2.9206807E-06  1.3169905E-05  2.0943042E-03  1.5806410E-04  0.6846    4.661678  -5.655  0.372584  7.623138  0.6270586E+00  0.3592310E+00  4.4832704E-08  7.5104967E-05  2.0498454E-05  8.6223318E-03  6.9567678E-04  1.4451370E-06  5.2547391E-09  2.0758380E-03  2.5658046E-06  1.926E-10  1.108E-16  2.068E+11  1.562E+13  4.922E+01  1.686E+07  0.50377444  3.484E-05  3.712E-05  9.591E-01  7.174E-07  2.826E-05  1.051E+00  244   40.0759  9.42E-03 2.8726E+01 4.1809E+01    8.13E+02 0.00E+00 2.85E+02  0.504650  0.240829 8.13E+02 0.00E+00 2.85E+02  0.503774  0.240826  0.0000000E+00  0.0000000E+00  7.0189407E-04  4.6702611E+00  1.7091330E+00  3.1264475E-03 -1.6472123E+00  5.5072208E-01  5.7153355E-01 0.000 0.688 1.000 1.000 1.000 1.000 1.000 1.000 1.000 1.000 1.000 1.000 1.000 1.000 1.000 1.000 1.000 1.000 1.000 1.000 1.000 1.000 1.000 1.000 1.000 1.000 1.000 1.000 1.000 1.000 1.000 1.000 1.000 1.000 1.000 1.000 1.000 1.000 1.000 1.000  1.9174685691E+00   0.87092   1.00000   0.00000   0.00000   0.1096661E-01
   973  7.858345851073378E+05  58.444272  5.727714  4.661522  0.7182418E+00  0.2677117E+00  3.9909338E-05  2.3213562E-03  3.2606962E-05  1.2195409E-03  6.1303070E-03  2.9366081E-06  1.3092400E-05  2.0942633E-03  1.5724673E-04  0.6844    4.661522  -5.653  0.372758  7.623261  0.6251498E+00  0.3611421E+00  4.2394659E-08  7.5170365E-05  2.0529238E-05  8.6386039E-03  6.7698998E-04  1.4073857E-06  4.7248324E-09  2.0755189E-03  2.5558881E-06  1.872E-10  1.076E-16  1.975E+11  1.489E+13  4.700E+01  1.608E+07  0.50365034  3.473E-05  3.693E-05  9.592E-01  7.733E-07  2.823E-05  1.051E+00  244   39.9434  9.41E-03 2.8570E+01 4.1583E+01    8.12E+02 0.00E+00 2.84E+02  0.503023  0.241404 8.12E+02 0.00E+00 2.84E+02  0.503650  0.241426  0.0000000E+00  0.0000000E+00  7.0332147E-04  4.6675460E+00  1.6990439E+00  3.0929097E-03 -1.6454500E+00  5.4971813E-01  5.7177751E-01 0.000 0.686 1.000 1.000 1.000 1.000 1.000 1.000 1.000 1.000 1.000 1.000 1.000 1.000 1.000 1.000 1.000 1.000 1.000 1.000 1.000 1.000 1.000 1.000 1.000 1.000 1.000 1.000 1.000 1.000 1.000 1.000 1.000 1.000 1.000 1.000 1.000 1.000 1.000 1.000  1.9069294290E+00   0.86826   1.00000   0.00000   0.00000   0.1088676E-01
   988  8.013338252308277E+05  58.409684  5.728526  4.661307  0.7180627E+00  0.2678913E+00  3.9657096E-05  2.3074521E-03  3.2633025E-05  1.2541473E-03  6.1093469E-03  2.9522152E-06  1.3012240E-05  2.0942195E-03  1.5639543E-04  0.6842    4.661307  -5.650  0.372860  7.623361  0.6232522E+00  0.3630419E+00  4.3380282E-08  7.5386988E-05  2.0581592E-05  8.6535464E-03  6.5959374E-04  1.3695732E-06  4.9624885E-09  2.0752023E-03  2.5591367E-06  1.896E-10  1.089E-16  2.032E+11  1.535E+13  4.836E+01  1.658E+07  0.50152628  3.446E-05  3.676E-05  9.595E-01  8.319E-07  2.819E-05  1.051E+00  242   39.9434  9.41E-03 2.8435E+01 4.1387E+01    8.11E+02 0.00E+00 2.83E+02  0.502389  0.242000 8.11E+02 0.00E+00 2.82E+02  0.501526  0.241996  0.0000000E+00  0.0000000E+00  7.0611356E-04  4.6651167E+00  1.6898387E+00  3.0598734E-03 -1.6436149E+00  5.4868864E-01  5.7198803E-01 0.000 0.686 1.000 1.000 1.000 1.000 1.000 1.000 1.000 1.000 1.000 1.000 1.000 1.000 1.000 1.000 1.000 1.000 1.000 1.000 1.000 1.000 1.000 1.000 1.000 1.000 1.000 1.000 1.000 1.000 1.000 1.000 1.000 1.000 1.000 1.000 1.000 1.000 1.000 1.000  1.8963585727E+00   0.86563   1.00000   0.00000   0.00000   0.1079837E-01
  1003  8.168330653543175E+05  58.374927  5.729371  4.661168  0.7178721E+00  0.2680825E+00  3.9400461E-05  2.2932861E-03  3.2656302E-05  1.2898188E-03  6.0875244E-03  2.9672387E-06  1.2930551E-05  2.0941733E-03  1.5552212E-04  0.6839    4.661168  -5.648  0.372998  7.623474  0.6213678E+00  0.3649284E+00  4.3349094E-08  7.5550175E-05  2.0624782E-05  8.6674363E-03  6.4348049E-04  1.3347259E-06  4.9813194E-09  2.0748885E-03  2.5728001E-06  1.914E-10  1.099E-16  2.044E+11  1.546E+13  4.865E+01  1.670E+07  0.50113977  3.434E-05  3.656E-05  9.596E-01  8.922E-07  2.813E-05  1.050E+00  241   39.9434  9.41E-03 2.8276E+01 4.1157E+01    8.10E+02 0.00E+00 2.82E+02  0.500631  0.242562 8.10E+02 0.00E+00 2.82E+02  0.501140  0.242585  0.0000000E+00  0.0000000E+00  7.0719511E-04  4.6622925E+00  1.6797323E+00  3.0259464E-03 -1.6418328E+00  5.4768052E-01  5.7222276E-01 0.000 0.687 1.000 1.000 1.000 1.000 1.000 1.000 1.000 1.000 1.000 1.000 1.000 1.000 1.000 1.000 1.000 1.000 1.000 1.000 1.000 1.000 1.000 1.000 1.000 1.000 1.000 1.000 1.000 1.000 1.000 1.000 1.000 1.000 1.000 1.000 1.000 1.000 1.000 1.000  1.8857591142E+00   0.86301   1.00000   0.00000   0.00000   0.1072428E-01
  1019  8.325389620127875E+05  58.339531  5.730221  4.660981  0.7176666E+00  0.2682887E+00  3.9136008E-05  2.2786691E-03  3.2677095E-05  1.3270490E-03  6.0645279E-03  2.9818363E-06  1.2846239E-05  2.0941238E-03  1.5461510E-04  0.6838    4.660981  -5.646  0.373047  7.623558  0.6194660E+00  0.3668321E+00  4.1477073E-08  7.5947659E-05  2.0742343E-05  8.6803103E-03  6.2813319E-04  1.2908399E-06  4.7500668E-09  2.0745724E-03  2.5905047E-06  1.840E-10  1.055E-16  1.971E+11  1.490E+13  4.691E+01  1.609E+07  0.49994728  3.415E-05  3.636E-05  9.598E-01  9.551E-07  2.807E-05  1.050E+00  239   39.9434  9.41E-03 2.8127E+01 4.0941E+01    8.09E+02 0.00E+00 2.80E+02  0.499446  0.243158 8.09E+02 0.00E+00 2.81E+02  0.499947  0.243178  0.0000000E+00  0.0000000E+00  6.3833508E-04  4.6600165E+00  1.6699310E+00  2.9909582E-03 -1.6399105E+00  5.4661995E-01  5.7241407E-01 0.000 0.687 1.000 1.000 1.000 1.000 1.000 1.000 1.000 1.000 1.000 1.000 1.000 1.000 1.000 1.000 1.000 1.000 1.000 1.000 1.000 1.000 1.000 1.000 1.000 1.000 1.000 1.000 1.000 1.000 1.000 1.000 1.000 1.000 1.000 1.000 1.000 1.000 1.000 1.000  1.8749855963E+00   0.86037   1.00000   0.00000   0.00000   0.1064205E-01
  1034  8.476972188535611E+05  58.305198  5.731074  4.660795  0.7174505E+00  0.2685055E+00  3.8869821E-05  2.2639378E-03  3.2694968E-05  1.3649915E-03  6.0408748E-03  2.9956442E-06  1.2761246E-05  2.0940722E-03  1.5369532E-04  0.6837    4.660795  -5.644  0.373321  7.623710  0.6176099E+00  0.3686899E+00  4.0487997E-08  7.5758300E-05  2.0703490E-05  8.6934931E-03  6.1338752E-04  1.2688061E-06  4.3085538E-09  2.0742638E-03  2.5927707E-06  1.831E-10  1.051E-16  1.940E+11  1.468E+13  4.618E+01  1.585E+07  0.49803692  3.390E-05  3.620E-05  9.601E-01  1.020E-06  2.801E-05  1.050E+00  239   39.8100  9.40E-03 2.7990E+01 4.0743E+01    8.08E+02 0.00E+00 2.80E+02  0.498947  0.243775 8.08E+02 0.00E+00 2.79E+02  0.498037  0.243769  0.0000000E+00  0.0000000E+00  7.0532974E-04  4.6564887E+00  1.6607895E+00  2.9612270E-03 -1.6382955E+00  5.4567265E-01  5.7268046E-01 0.000 0.685 1.000 1.000 1.000 1.000 1.000 1.000 1.000 1.000 1.000 1.000 1.000 1.000 1.000 1.000 1.000 1.000 1.000 1.000 1.000 1.000 1.000 1.000 1.000 1.000 1.000 1.000 1.000 1.000 1.000 1.000 1.000 1.000 1.000 1.000 1.000 1.000 1.000 1.000  1.8645569957E+00   0.85779   1.00000   0.00000   0.00000   0.1055405E-01
  1049  8.630414665758166E+05  58.270272  5.731908  4.660672  0.7172241E+00  0.2687327E+00  3.8602701E-05  2.2491370E-03  3.2710011E-05  1.4035254E-03  6.0166428E-03  3.0086261E-06  1.2675832E-05  2.0940186E-03  1.5276585E-04  0.6835    4.660672  -5.642  0.373464  7.623825  0.6157145E+00  0.3705872E+00  4.1301792E-08  7.5965065E-05  2.0745278E-05  8.7061224E-03  5.9865532E-04  1.2372226E-06  4.6487715E-09  2.0739486E-03  2.5878994E-06  1.867E-10  1.071E-16  1.991E+11  1.509E+13  4.739E+01  1.630E+07  0.49759625  3.378E-05  3.601E-05  9.602E-01  1.084E-06  2.795E-05  1.050E+00  238   39.8100  9.40E-03 2.7838E+01 4.0523E+01    8.07E+02 0.00E+00 2.78E+02  0.496897  0.244330 8.07E+02 0.00E+00 2.79E+02  0.497596  0.244352  0.0000000E+00  0.0000000E+00  7.0575203E-04  4.6536309E+00  1.6507761E+00  2.9281210E-03 -1.6365096E+00  5.4466434E-01  5.7291218E-01 0.000 0.685 1.000 1.000 1.000 1.000 1.000 1.000 1.000 1.000 1.000 1.000 1.000 1.000 1.000 1.000 1.000 1.000 1.000 1.000 1.000 1.000 1.000 1.000 1.000 1.000 1.000 1.000 1.000 1.000 1.000 1.000 1.000 1.000 1.000 1.000 1.000 1.000 1.000 1.000  1.8539731073E+00   0.85516   1.00000   0.00000   0.00000   0.1048530E-01
  1064  8.783857142980722E+05  58.235175  5.732732  4.660477  0.7169842E+00  0.2689735E+00  3.8331179E-05  2.2340754E-03  3.2722500E-05  1.4431519E-03  5.9915152E-03  3.0209402E-06  1.2588890E-05  2.0939621E-03  1.5181481E-04  0.6833    4.660477  -5.640  0.373616  7.623941  0.6138395E+00  0.3724638E+00  4.1310861E-08  7.6109940E-05  2.0783603E-05  8.7176616E-03  5.8525352E-04  1.2082170E-06  4.6760315E-09  2.0736375E-03  2.5987324E-06  1.894E-10  1.086E-16  2.005E+11  1.521E+13  4.771E+01  1.643E+07  0.49549393  3.352E-05  3.583E-05  9.606E-01  1.151E-06  2.787E-05  1.049E+00  237   39.8100  9.40E-03 2.7698E+01 4.0320E+01    8.06E+02 0.00E+00 2.78E+02  0.496396  0.244932 8.06E+02 0.00E+00 2.77E+02  0.495494  0.244929  0.0000000E+00  0.0000000E+00  7.0880595E-04  4.6506478E+00  1.6415232E+00  2.8979312E-03 -1.6347346E+00  5.4365891E-01  5.7313483E-01 0.000 0.686 1.000 1.000 1.000 1.000 1.000 1.000 1.000 1.000 1.000 1.000 1.000 1.000 1.000 1.000 1.000 1.000 1.000 1.000 1.000 1.000 1.000 1.000 1.000 1.000 1.000 1.000 1.000 1.000 1.000 1.000 1.000 1.000 1.000 1.000 1.000 1.000 1.000 1.000  1.8433608457E+00   0.85255   1.00000   0.00000   0.00000   0.1040043E-01
  1079  8.937299620203277E+05  58.199907  5.733588  4.660366  0.7167323E+00  0.2692263E+00  3.8057632E-05  2.2188852E-03  3.2732396E-05  1.4835265E-03  5.9657087E-03  3.0324672E-06  1.2501183E-05  2.0939033E-03  1.5085069E-04  0.6831    4.660366  -5.638  0.373785  7.624064  0.6119737E+00  0.3743311E+00  4.1304082E-08  7.6251088E-05  2.0819509E-05  8.7284117E-03  5.7275972E-04  1.1811448E-06  4.7255222E-09  2.0733284E-03  2.6154132E-06  1.898E-10  1.088E-16  2.017E+11  1.534E+13  4.801E+01  1.656E+07  0.49517116  3.341E-05  3.564E-05  9.606E-01  1.219E-06  2.779E-05  1.049E+00  235   39.8100  9.40E-03 2.7542E+01 4.0095E+01    8.05E+02 0.00E+00 2.76E+02  0.494456  0.245503 8.05E+02 0.00E+00 2.77E+02  0.495171  0.245525  0.0000000E+00  0.0000000E+00  7.0950294E-04  4.6473895E+00  1.6314210E+00  2.8630281E-03 -1.6329894E+00  5.4266712E-01  5.7337530E-01 0.000 0.686 1.000 1.000 1.000 1.000 1.000 1.000 1.000 1.000 1.000 1.000 1.000 1.000 1.000 1.000 1.000 1.000 1.000 1.000 1.000 1.000 1.000 1.000 1.000 1.000 1.000 1.000 1.000 1.000 1.000 1.000 1.000 1.000 1.000 1.000 1.000 1.000 1.000 1.000  1.8327227056E+00   0.84996   1.00000   0.00000   0.00000   0.1033191E-01
  1095  9.090332917486570E+05  58.164557  5.734461  4.660203  0.7164685E+00  0.2694911E+00  3.7782494E-05  2.2035908E-03  3.2739768E-05  1.5245833E-03  5.9392657E-03  3.0431860E-06  1.2412854E-05  2.0938421E-03  1.4987522E-04  0.6831    4.660203  -5.635  0.373971  7.624189  0.6100722E+00  0.3762342E+00  3.8392128E-08  7.6346434E-05  2.0862564E-05  8.7397895E-03  5.5960606E-04  1.1493036E-06  4.1719806E-09  2.0730128E-03  2.6049843E-06  1.825E-10  1.046E-16  1.894E+11  1.437E+13  4.509E+01  1.552E+07  0.49390340  3.322E-05  3.546E-05  9.609E-01  1.287E-06  2.771E-05  1.049E+00  235   39.6758  9.40E-03 2.7396E+01 3.9883E+01    8.04E+02 0.00E+00 2.75E+02  0.493238  0.246108 8.04E+02 0.00E+00 2.75E+02  0.493903  0.246131  0.0000000E+00  0.0000000E+00  7.0443798E-04  4.6444025E+00  1.6217161E+00  2.8315440E-03 -1.6312131E+00  5.4166048E-01  5.7360394E-01 0.000 0.684 1.000 1.000 1.000 1.000 1.000 1.000 1.000 1.000 1.000 1.000 1.000 1.000 1.000 1.000 1.000 1.000 1.000 1.000 1.000 1.000 1.000 1.000 1.000 1.000 1.000 1.000 1.000 1.000 1.000 1.000 1.000 1.000 1.000 1.000 1.000 1.000 1.000 1.000  1.8220823379E+00   0.84732   1.00000   0.00000   0.00000   0.1025321E-01
  1110  9.242240969936901E+05  58.129292  5.735276  4.660031  0.7161852E+00  0.2697755E+00  3.7498487E-05  2.1877881E-03  3.2744822E-05  1.5674184E-03  5.9114749E-03  3.0533531E-06  1.2321565E-05  2.0937769E-03  1.4886265E-04  0.6829    4.660031  -5.633  0.374142  7.624310  0.6081982E+00  0.3781097E+00  3.9620510E-08  7.6489788E-05  2.0892539E-05  8.7500992E-03  5.4761602E-04  1.1261653E-06  4.4331136E-09  2.0727023E-03  2.6089595E-06  1.852E-10  1.061E-16  1.966E+11  1.495E+13  4.678E+01  1.615E+07  0.49152931  3.295E-05  3.529E-05  9.613E-01  1.359E-06  2.763E-05  1.049E+00  234   39.6758  9.40E-03 2.7261E+01 3.9687E+01    8.03E+02 0.00E+00 2.74E+02  0.492435  0.246705 8.03E+02 0.00E+00 2.74E+02  0.491529  0.246702  0.0000000E+00  0.0000000E+00  7.0683573E-04  4.6412311E+00  1.6125850E+00  2.8023029E-03 -1.6294590E+00  5.4066440E-01  5.7383047E-01 0.000 0.685 1.000 1.000 1.000 1.000 1.000 1.000 1.000 1.000 1.000 1.000 1.000 1.000 1.000 1.000 1.000 1.000 1.000 1.000 1.000 1.000 1.000 1.000 1.000 1.000 1.000 1.000 1.000 1.000 1.000 1.000 1.000 1.000 1.000 1.000 1.000 1.000 1.000 1.000  1.8114954027E+00   0.84472   1.00000   0.00000   0.00000   0.1017451E-01
  1125  9.394149022387232E+05  58.093857  5.736126  4.659927  0.7159007E+00  0.2700611E+00  3.7224143E-05  2.1725088E-03  3.2747360E-05  1.6092243E-03  5.8841626E-03  3.0623241E-06  1.2233279E-05  2.0937118E-03  1.4787936E-04  0.6827    4.659927  -5.631  0.374323  7.624437  0.6063372E+00  0.3799721E+00  3.9546786E-08  7.6615015E-05  2.0925825E-05  8.7596096E-03  5.3656054E-04  1.1022891E-06  4.4500657E-09  2.0723944E-03  2.6220575E-06  1.871E-10  1.072E-16  1.975E+11  1.505E+13  4.700E+01  1.625E+07  0.49125372  3.285E-05  3.509E-05  9.613E-01  1.428E-06  2.753E-05  1.048E+00  232   39.6758  9.39E-03 2.7103E+01 3.9459E+01    8.02E+02 0.00E+00 2.73E+02  0.490566  0.247272 8.02E+02 0.00E+00 2.73E+02  0.491254  0.247295  0.0000000E+00  0.0000000E+00  7.0761079E-04  4.6378272E+00  1.6024925E+00  2.7679437E-03 -1.6277290E+00  5.3967965E-01  5.7407007E-01 0.000 0.685 1.000 1.000 1.000 1.000 1.000 1.000 1.000 1.000 1.000 1.000 1.000 1.000 1.000 1.000 1.000 1.000 1.000 1.000 1.000 1.000 1.000 1.000 1.000 1.000 1.000 1.000 1.000 1.000 1.000 1.000 1.000 1.000 1.000 1.000 1.000 1.000 1.000 1.000  1.8008855177E+00   0.84213   1.00000   0.00000   0.00000   0.1010840E-01
  1140  9.546057074837564E+05  58.058247  5.736962  4.659759  0.7155887E+00  0.2703743E+00  3.6934548E-05  2.1563659E-03  3.2747660E-05  1.6537992E-03  5.8548461E-03  3.0709043E-06  1.2139979E-05  2.0936409E-03  1.4683618E-04  0.6826    4.659759  -5.629  0.374503  7.624562  0.6044829E+00  0.3818276E+00  3.9494797E-08  7.6738546E-05  2.0957500E-05  8.7685110E-03  5.2620394E-04  1.0798347E-06  4.4903498E-09  2.0720878E-03  2.6388173E-06  1.878E-10  1.076E-16  1.985E+11  1.515E+13  4.724E+01  1.636E+07  0.48904133  3.260E-05  3.492E-05  9.617E-01  1.502E-06  2.743E-05  1.048E+00  231   39.6758  9.39E-03 2.6966E+01 3.9260E+01    8.01E+02 0.00E+00 2.72E+02  0.489938  0.247882 8.01E+02 0.00E+00 2.71E+02  0.489041  0.247879  0.0000000E+00  0.0000000E+00  7.1039848E-04  4.6344273E+00  1.5932526E+00  2.7387312E-03 -1.6259873E+00  5.3868942E-01  5.7429673E-01 0.000 0.686 1.000 1.000 1.000 1.000 1.000 1.000 1.000 1.000 1.000 1.000 1.000 1.000 1.000 1.000 1.000 1.000 1.000 1.000 1.000 1.000 1.000 1.000 1.000 1.000 1.000 1.000 1.000 1.000 1.000 1.000 1.000 1.000 1.000 1.000 1.000 1.000 1.000 1.000  1.7902494874E+00   0.83956   1.00000   0.00000   0.00000   0.1002920E-01
  1155  9.697965127287895E+05  58.022461  5.737839  4.659663  0.7152693E+00  0.2706950E+00  3.6649135E-05  2.1404424E-03  3.2745676E-05  1.6981672E-03  5.8254755E-03  3.0784827E-06  1.2047925E-05  2.0935688E-03  1.4580309E-04  0.6826    4.659663  -5.627  0.374749  7.624708  0.6026062E+00  0.3837056E+00  3.7647990E-08  7.6775492E-05  2.0983930E-05  8.7776413E-03  5.1570803E-04  1.0576054E-06  4.0409986E-09  2.0717773E-03  2.6417362E-06  1.796E-10  1.029E-16  1.900E+11  1.449E+13  4.521E+01  1.565E+07  0.48850189  3.248E-05  3.473E-05  9.618E-01  1.575E-06  2.734E-05  1.048E+00  231   39.5406  9.39E-03 2.6809E+01 3.9034E+01    8.00E+02 0.00E+00 2.70E+02  0.487922  0.248462 8.00E+02 0.00E+00 2.71E+02  0.488502  0.248487  0.0000000E+00  0.0000000E+00  7.1098099E-04  4.6308067E+00  1.5831544E+00  2.7068024E-03 -1.6242842E+00  5.3771196E-01  5.7455017E-01 0.000 0.684 1.000 1.000 1.000 1.000 1.000 1.000 1.000 1.000 1.000 1.000 1.000 1.000 1.000 1.000 1.000 1.000 1.000 1.000 1.000 1.000 1.000 1.000 1.000 1.000 1.000 1.000 1.000 1.000 1.000 1.000 1.000 1.000 1.000 1.000 1.000 1.000 1.000 1.000  1.7795879251E+00   0.83697   1.00000   0.00000   0.00000   0.9963553E-02
  1171  9.849873179738229E+05  57.986495  5.738690  4.659510  0.7149413E+00  0.2710243E+00  3.6366596E-05  2.1246666E-03  3.2741590E-05  1.7425037E-03  5.7959462E-03  3.0851452E-06  1.1956702E-05  2.0934952E-03  1.4477581E-04  0.6824    4.659510  -5.625  0.374825  7.624798  0.6007135E+00  0.3855997E+00  3.6296663E-08  7.7174981E-05  2.1094595E-05  8.7862614E-03  5.0521668E-04  1.0259438E-06  3.9835324E-09  2.0714641E-03  2.6382088E-06  1.838E-10  1.053E-16  1.856E+11  1.414E+13  4.417E+01  1.527E+07  0.48713052  3.229E-05  3.454E-05  9.620E-01  1.647E-06  2.723E-05  1.047E+00  229   39.5406  9.39E-03 2.6663E+01 3.8821E+01    7.99E+02 0.00E+00 2.69E+02  0.486582  0.249059 7.99E+02 0.00E+00 2.70E+02  0.487131  0.249081  0.0000000E+00  0.0000000E+00  6.4142285E-04  4.6281733E+00  1.5734920E+00  2.6739500E-03 -1.6223902E+00  5.3666867E-01  5.7473412E-01 0.000 0.684 1.000 1.000 1.000 1.000 1.000 1.000 1.000 1.000 1.000 1.000 1.000 1.000 1.000 1.000 1.000 1.000 1.000 1.000 1.000 1.000 1.000 1.000 1.000 1.000 1.000 1.000 1.000 1.000 1.000 1.000 1.000 1.000 1.000 1.000 1.000 1.000 1.000 1.000  1.7689015721E+00   0.83432   1.00000   0.00000   0.00000   0.9891781E-02
  1186  1.000026215166405E+06  57.950715  5.739524  4.659375  0.7145874E+00  0.2713796E+00  3.6072611E-05  2.1082392E-03  3.2735197E-05  1.7890635E-03  5.7647526E-03  3.0912083E-06  1.1861689E-05  2.0934163E-03  1.4370232E-04  0.6823    4.659375  -5.623  0.375107  7.624956  0.5988612E+00  0.3874530E+00  3.7774518E-08  7.7063046E-05  2.1052860E-05  8.7945774E-03  4.9592369E-04  1.0136286E-06  4.2334506E-09  2.0711581E-03  2.6494068E-06  1.850E-10  1.059E-16  1.941E+11  1.485E+13  4.621E+01  1.604E+07  0.48487556  3.204E-05  3.438E-05  9.624E-01  1.724E-06  2.713E-05  1.047E+00  228   39.5406  9.39E-03 2.6527E+01 3.8625E+01    7.98E+02 0.00E+00 2.69E+02  0.485787  0.249667 7.98E+02 0.00E+00 2.68E+02  0.484876  0.249662  0.0000000E+00  0.0000000E+00  7.0797079E-04  4.6240154E+00  1.5642981E+00  2.6457244E-03 -1.6207704E+00  5.3572109E-01  5.7499981E-01 0.000 0.685 1.000 1.000 1.000 1.000 1.000 1.000 1.000 1.000 1.000 1.000 1.000 1.000 1.000 1.000 1.000 1.000 1.000 1.000 1.000 1.000 1.000 1.000 1.000 1.000 1.000 1.000 1.000 1.000 1.000 1.000 1.000 1.000 1.000 1.000 1.000 1.000 1.000 1.000  1.7583017184E+00   0.83175   1.00000   0.00000   0.00000   0.9817612E-02
  1201  1.015065112358987E+06  57.914761  5.740384  4.659292  0.7142250E+00  0.2717434E+00  3.5782280E-05  2.0920038E-03  3.2726828E-05  1.8354632E-03  5.7334875E-03  3.0963406E-06  1.1767764E-05  2.0933360E-03  1.4263778E-04  0.6822    4.659292  -5.621  0.375316  7.625091  0.5970167E+00  0.3892986E+00  3.7701443E-08  7.7172537E-05  2.1081266E-05  8.8020126E-03  4.8726197E-04  9.9498022E-07  4.2650482E-09  2.0708535E-03  2.6651246E-06  1.861E-10  1.065E-16  1.950E+11  1.494E+13  4.642E+01  1.614E+07  0.48432271  3.192E-05  3.419E-05  9.625E-01  1.799E-06  2.701E-05  1.047E+00  227   39.5406  9.39E-03 2.6370E+01 3.8397E+01    7.97E+02 0.00E+00 2.67E+02  0.483601  0.250237 7.97E+02 0.00E+00 2.67E+02  0.484323  0.250259  0.0000000E+00  0.0000000E+00  7.0813256E-04  4.6202476E+00  1.5542286E+00  2.6143916E-03 -1.6190653E+00  5.3474831E-01  5.7524246E-01 0.000 0.685 1.000 1.000 1.000 1.000 1.000 1.000 1.000 1.000 1.000 1.000 1.000 1.000 1.000 1.000 1.000 1.000 1.000 1.000 1.000 1.000 1.000 1.000 1.000 1.000 1.000 1.000 1.000 1.000 1.000 1.000 1.000 1.000 1.000 1.000 1.000 1.000 1.000 1.000  1.7476806907E+00   0.82919   1.00000   0.00000   0.00000   0.9756271E-02
  1216  1.030104009551568E+06  57.878628  5.741229  4.659119  0.7138403E+00  0.2721297E+00  3.5484762E-05  2.0753547E-03  3.2716220E-05  1.8834318E-03  5.7009871E-03  3.1007360E-06  1.1671422E-05  2.0932513E-03  1.4154262E-04  0.6821    4.659119  -5.618  0.375522  7.625223  0.5951758E+00  0.3911404E+00  3.7458026E-08  7.7270498E-05  2.1107953E-05  8.8090406E-03  4.7908229E-04  9.7724631E-07  4.2534503E-09  2.0705497E-03  2.6820165E-06  1.845E-10  1.056E-16  1.950E+11  1.496E+13  4.640E+01  1.616E+07  0.48217847  3.168E-05  3.402E-05  9.628E-01  1.877E-06  2.690E-05  1.047E+00  226   39.5406  9.39E-03 2.6233E+01 3.8198E+01    7.96E+02 0.00E+00 2.66E+02  0.483111  0.250850 7.96E+02 0.00E+00 2.66E+02  0.482178  0.250847  0.0000000E+00  0.0000000E+00  7.1121659E-04  4.6164930E+00  1.5449934E+00  2.5860441E-03 -1.6173479E+00  5.3376904E-01  5.7547067E-01 0.000 0.685 1.000 1.000 1.000 1.000 1.000 1.000 1.000 1.000 1.000 1.000 1.000 1.000 1.000 1.000 1.000 1.000 1.000 1.000 1.000 1.000 1.000 1.000 1.000 1.000 1.000 1.000 1.000 1.000 1.000 1.000 1.000 1.000 1.000 1.000 1.000 1.000 1.000 1.000  1.7370339680E+00   0.82663   1.00000   0.00000   0.00000   0.9678162E-02
  1232  1.045132880812689E+06  57.842337  5.742113  4.658967  0.7134493E+00  0.2725222E+00  3.5192798E-05  2.0590053E-03  3.2703886E-05  1.9309103E-03  5.6686479E-03  3.1042128E-06  1.1576792E-05  2.0931657E-03  1.4046389E-04  0.6821    4.658967  -5.616  0.375692  7.625341  0.5932912E+00  0.3930262E+00  3.4603347E-08  7.7473967E-05  2.1182160E-05  8.8165936E-03  4.7011127E-04  9.5183869E-07  3.7523613E-09  2.0702381E-03  2.6747270E-06  1.802E-10  1.032E-16  1.821E+11  1.394E+13  4.333E+01  1.505E+07  0.48073958  3.148E-05  3.383E-05  9.631E-01  1.953E-06  2.678E-05  1.047E+00  225   39.4046  9.39E-03 2.6086E+01 3.7986E+01    7.95E+02 0.00E+00 2.65E+02  0.481683  0.251458 7.95E+02 0.00E+00 2.65E+02  0.480740  0.251458  0.0000000E+00  0.0000000E+00  7.0573405E-04  4.6133374E+00  1.5352986E+00  2.5539504E-03 -1.6155338E+00  5.3275523E-01  5.7567604E-01 0.000 0.684 1.000 1.000 1.000 1.000 1.000 1.000 1.000 1.000 1.000 1.000 1.000 1.000 1.000 1.000 1.000 1.000 1.000 1.000 1.000 1.000 1.000 1.000 1.000 1.000 1.000 1.000 1.000 1.000 1.000 1.000 1.000 1.000 1.000 1.000 1.000 1.000 1.000 1.000  1.7263694098E+00   0.82402   1.00000   0.00000   0.00000   0.9606379E-02
  1248  1.061013956248056E+06  57.803793  5.743006  4.658854  0.7130091E+00  0.2729642E+00  3.4875508E-05  2.0412260E-03  3.2688413E-05  1.9829496E-03  5.6330169E-03  3.1070736E-06  1.1473860E-05  2.0930699E-03  1.3928733E-04  0.6819    4.658854  -5.614  0.375978  7.625506  0.5913170E+00  0.3950013E+00  3.5968363E-08  7.7466884E-05  2.1168321E-05  8.8241232E-03  4.6154373E-04  9.3870195E-07  4.0158354E-09  2.0699120E-03  2.6804327E-06  1.822E-10  1.043E-16  1.903E+11  1.462E+13  4.530E+01  1.579E+07  0.47899847  3.128E-05  3.365E-05  9.634E-01  2.037E-06  2.666E-05  1.046E+00  224   39.4046  9.39E-03 2.5934E+01 3.7766E+01    7.94E+02 0.00E+00 2.64E+02  0.479944  0.252082 7.94E+02 0.00E+00 2.63E+02  0.478998  0.252079  0.0000000E+00  0.0000000E+00  7.0677474E-04  4.6088754E+00  1.5251238E+00  2.5232892E-03 -1.6137822E+00  5.3173985E-01  5.7595112E-01 0.000 0.684 1.000 1.000 1.000 1.000 1.000 1.000 1.000 1.000 1.000 1.000 1.000 1.000 1.000 1.000 1.000 1.000 1.000 1.000 1.000 1.000 1.000 1.000 1.000 1.000 1.000 1.000 1.000 1.000 1.000 1.000 1.000 1.000 1.000 1.000 1.000 1.000 1.000 1.000  1.7150776074E+00   0.82127   1.00000   0.00000   0.00000   0.9537175E-02
  1264  1.076895031683422E+06  57.765048  5.743913  4.658725  0.7125587E+00  0.2734163E+00  3.4562424E-05  2.0236708E-03  3.2671106E-05  2.0347413E-03  5.5973716E-03  3.1089756E-06  1.1372200E-05  2.0929725E-03  1.3812223E-04  0.6818    4.658725  -5.612  0.376210  7.625651  0.5893581E+00  0.3969612E+00  3.5907876E-08  7.7573048E-05  2.1196271E-05  8.8307928E-03  4.5376031E-04  9.2184168E-07  4.0459467E-09  2.0695887E-03  2.6951725E-06  1.839E-10  1.053E-16  1.913E+11  1.473E+13  4.554E+01  1.591E+07  0.47756177  3.109E-05  3.345E-05  9.636E-01  2.119E-06  2.653E-05  1.046E+00  224   39.4046  9.38E-03 2.5777E+01 3.7538E+01    7.93E+02 0.00E+00 2.63E+02  0.478511  0.252712 7.93E+02 0.00E+00 2.62E+02  0.477562  0.252709  0.0000000E+00  0.0000000E+00  7.0845374E-04  4.6047054E+00  1.5148680E+00  2.4913338E-03 -1.6119637E+00  5.3070369E-01  5.7619934E-01 0.000 0.685 1.000 1.000 1.000 1.000 1.000 1.000 1.000 1.000 1.000 1.000 1.000 1.000 1.000 1.000 1.000 1.000 1.000 1.000 1.000 1.000 1.000 1.000 1.000 1.000 1.000 1.000 1.000 1.000 1.000 1.000 1.000 1.000 1.000 1.000 1.000 1.000 1.000 1.000  1.7037626622E+00   0.81855   1.00000   0.00000   0.00000   0.9465800E-02
  1280  1.092776107118789E+06  57.726100  5.744827  4.658605  0.7120831E+00  0.2738938E+00  3.4243270E-05  2.0057641E-03  3.2651461E-05  2.0879770E-03  5.5605503E-03  3.1099935E-06  1.1268480E-05  2.0928702E-03  1.3693053E-04  0.6818    4.658605  -5.609  0.376446  7.625798  0.5874058E+00  0.3989144E+00  3.5807443E-08  7.7675453E-05  2.1222618E-05  8.8370050E-03  4.4650568E-04  9.0602972E-07  4.0806480E-09  2.0692667E-03  2.7128257E-06  1.842E-10  1.055E-16  1.921E+11  1.482E+13  4.572E+01  1.600E+07  0.47592834  3.089E-05  3.326E-05  9.639E-01  2.203E-06  2.639E-05  1.046E+00  225   39.4046  9.38E-03 2.5622E+01 3.7314E+01    7.92E+02 0.00E+00 2.61E+02  0.477016  0.253346 7.92E+02 0.00E+00 2.61E+02  0.475928  0.253342  0.0000000E+00  0.0000000E+00  7.1001606E-04  4.6004038E+00  1.5046081E+00  2.4605996E-03 -1.6101512E+00  5.2967019E-01  5.7644834E-01 0.000 0.685 1.000 1.000 1.000 1.000 1.000 1.000 1.000 1.000 1.000 1.000 1.000 1.000 1.000 1.000 1.000 1.000 1.000 1.000 1.000 1.000 1.000 1.000 1.000 1.000 1.000 1.000 1.000 1.000 1.000 1.000 1.000 1.000 1.000 1.000 1.000 1.000 1.000 1.000  1.6924245869E+00   0.81584   1.00000   0.00000   0.00000   0.9395689E-02
  1296  1.108160898946800E+06  57.688172  5.745726  4.658472  0.7116171E+00  0.2743617E+00  3.3941114E-05  1.9888012E-03  3.2631055E-05  2.1387793E-03  5.5252470E-03  3.1101133E-06  1.1170203E-05  2.0927705E-03  1.3579874E-04  0.6819    4.658472  -5.607  0.376617  7.625922  0.5855049E+00  0.4008162E+00  3.4498144E-08  7.8024802E-05  2.1320253E-05  8.8425916E-03  4.3955421E-04  8.8488940E-07  3.9982896E-09  2.0689529E-03  2.7242880E-06  1.726E-10  9.874E-17  1.870E+11  1.442E+13  4.450E+01  1.557E+07  0.47465850  3.071E-05  3.307E-05  9.641E-01  2.282E-06  2.626E-05  1.045E+00  224   39.4046  9.38E-03 2.5468E+01 3.7091E+01    7.91E+02 0.00E+00 2.60E+02  0.475515  0.253967 7.91E+02 0.00E+00 2.60E+02  0.474658  0.253965  0.0000000E+00  0.0000000E+00  6.4037698E-04  4.5968177E+00  1.4945618E+00  2.4292561E-03 -1.6082866E+00  5.2863273E-01  5.7665463E-01 0.000 0.685 1.000 1.000 1.000 1.000 1.000 1.000 1.000 1.000 1.000 1.000 1.000 1.000 1.000 1.000 1.000 1.000 1.000 1.000 1.000 1.000 1.000 1.000 1.000 1.000 1.000 1.000 1.000 1.000 1.000 1.000 1.000 1.000 1.000 1.000 1.000 1.000 1.000 1.000  1.6814166829E+00   0.81320   1.00000   0.00000   0.00000   0.9327131E-02
  1312  1.123436508381195E+06  57.650314  5.746628  4.658376  0.7111241E+00  0.2748566E+00  3.3631875E-05  1.9714312E-03  3.2608417E-05  2.1911660E-03  5.4886817E-03  3.1094057E-06  1.1069544E-05  2.0926657E-03  1.3463702E-04  0.6817    4.658376  -5.605  0.376940  7.626092  0.5835828E+00  0.4027391E+00  3.3891300E-08  7.7829871E-05  2.1275170E-05  8.8493273E-03  4.3218105E-04  8.7422900E-07  3.7393830E-09  2.0686353E-03  2.7195549E-06  1.795E-10  1.028E-16  1.849E+11  1.427E+13  4.400E+01  1.541E+07  0.47295903  3.052E-05  3.289E-05  9.644E-01  2.364E-06  2.613E-05  1.045E+00  226   39.2677  9.38E-03 2.5321E+01 3.6877E+01    7.91E+02 0.00E+00 2.59E+02  0.473900  0.254588 7.90E+02 0.00E+00 2.58E+02  0.472959  0.254586  0.0000000E+00  0.0000000E+00  7.0563159E-04  4.5921301E+00  1.4847017E+00  2.4002408E-03 -1.6066281E+00  5.2766135E-01  5.7692984E-01 0.000 0.684 1.000 1.000 1.000 1.000 1.000 1.000 1.000 1.000 1.000 1.000 1.000 1.000 1.000 1.000 1.000 1.000 1.000 1.000 1.000 1.000 1.000 1.000 1.000 1.000 1.000 1.000 1.000 1.000 1.000 1.000 1.000 1.000 1.000 1.000 1.000 1.000 1.000 1.000  1.6704639926E+00   0.81054   1.00000   0.00000   0.00000   0.9265832E-02
  1328  1.139158773062211E+06  57.611152  5.747532  4.658274  0.7106020E+00  0.2753807E+00  3.3315134E-05  1.9536304E-03  3.2583450E-05  2.2452268E-03  5.4507841E-03  3.1078278E-06  1.0966364E-05  2.0925552E-03  1.3344374E-04  0.6816    4.658274  -5.603  0.377182  7.626241  0.5816239E+00  0.4046988E+00  3.4126360E-08  7.7941159E-05  2.1302055E-05  8.8551128E-03  4.2540029E-04  8.5975255E-07  3.8428057E-09  2.0683119E-03  2.7276568E-06  1.807E-10  1.035E-16  1.874E+11  1.449E+13  4.460E+01  1.565E+07  0.47120853  3.031E-05  3.271E-05  9.647E-01  2.448E-06  2.599E-05  1.045E+00  225   39.2677  9.38E-03 2.5169E+01 3.6657E+01    7.90E+02 0.00E+00 2.58E+02  0.472181  0.255215 7.89E+02 0.00E+00 2.57E+02  0.471209  0.255212  0.0000000E+00  0.0000000E+00  7.0671337E-04  4.5877733E+00  1.4745809E+00  2.3694488E-03 -1.6048121E+00  5.2662823E-01  5.7717541E-01 0.000 0.684 1.000 1.000 1.000 1.000 1.000 1.000 1.000 1.000 1.000 1.000 1.000 1.000 1.000 1.000 1.000 1.000 1.000 1.000 1.000 1.000 1.000 1.000 1.000 1.000 1.000 1.000 1.000 1.000 1.000 1.000 1.000 1.000 1.000 1.000 1.000 1.000 1.000 1.000  1.6591738600E+00   0.80781   1.00000   0.00000   0.00000   0.9196065E-02
  1344  1.154881037743226E+06  57.571786  5.748447  4.658175  0.7100601E+00  0.2759247E+00  3.2997178E-05  1.9357521E-03  3.2556627E-05  2.2998963E-03  5.4122976E-03  3.1053911E-06  1.0862711E-05  2.0924412E-03  1.3224259E-04  0.6816    4.658175  -5.600  0.377433  7.626392  0.5796766E+00  0.4066468E+00  3.4044359E-08  7.8035778E-05  2.1326831E-05  8.8604141E-03  4.1919685E-04  8.4620057E-07  3.8733768E-09  2.0679905E-03  2.7419515E-06  1.822E-10  1.044E-16  1.882E+11  1.459E+13  4.480E+01  1.575E+07  0.46959217  3.012E-05  3.251E-05  9.649E-01  2.531E-06  2.585E-05  1.044E+00  226   39.2677  9.38E-03 2.5012E+01 3.6430E+01    7.89E+02 0.00E+00 2.56E+02  0.470562  0.255847 7.88E+02 0.00E+00 2.56E+02  0.469592  0.255843  0.0000000E+00  0.0000000E+00  7.0798412E-04  4.5832580E+00  1.4643277E+00  2.3394334E-03 -1.6030076E+00  5.2559990E-01  5.7742300E-01 0.000 0.684 1.000 1.000 1.000 1.000 1.000 1.000 1.000 1.000 1.000 1.000 1.000 1.000 1.000 1.000 1.000 1.000 1.000 1.000 1.000 1.000 1.000 1.000 1.000 1.000 1.000 1.000 1.000 1.000 1.000 1.000 1.000 1.000 1.000 1.000 1.000 1.000 1.000 1.000  1.6478653840E+00   0.80511   1.00000   0.00000   0.00000   0.9130665E-02
  1360  1.170603302424241E+06  57.532212  5.749371  4.658090  0.7094919E+00  0.2764951E+00  3.2674642E-05  1.9176074E-03  3.2527670E-05  2.3557543E-03  5.3728128E-03  3.1020639E-06  1.0757488E-05  2.0923223E-03  1.3102095E-04  0.6815    4.658090  -5.598  0.377689  7.626546  0.5777357E+00  0.4085884E+00  3.3936619E-08  7.8127154E-05  2.1350328E-05  8.8653442E-03  4.1342272E-04  8.3355262E-07  3.9066060E-09  2.0676703E-03  2.7588326E-06  1.826E-10  1.046E-16  1.889E+11  1.467E+13  4.496E+01  1.584E+07  0.46783457  2.993E-05  3.232E-05  9.652E-01  2.617E-06  2.570E-05  1.044E+00  225   39.2677  9.38E-03 2.4858E+01 3.6207E+01    7.88E+02 0.00E+00 2.55E+02  0.468800  0.256484 7.88E+02 0.00E+00 2.54E+02  0.467835  0.256480  0.0000000E+00  0.0000000E+00  7.0899701E-04  4.5786098E+00  1.4541093E+00  2.3087858E-03 -1.6012090E+00  5.2457429E-01  5.7767181E-01 0.000 0.685 1.000 1.000 1.000 1.000 1.000 1.000 1.000 1.000 1.000 1.000 1.000 1.000 1.000 1.000 1.000 1.000 1.000 1.000 1.000 1.000 1.000 1.000 1.000 1.000 1.000 1.000 1.000 1.000 1.000 1.000 1.000 1.000 1.000 1.000 1.000 1.000 1.000 1.000  1.6365373812E+00   0.80241   1.00000   0.00000   0.00000   0.9067085E-02
  1377  1.186266608612702E+06  57.492575  5.750347  4.658020  0.7089264E+00  0.2770628E+00  3.2363871E-05  1.9001163E-03  3.2498145E-05  2.4099496E-03  5.3343538E-03  3.0980575E-06  1.0656032E-05  2.0922045E-03  1.2984096E-04  0.6817    4.658020  -5.596  0.377979  7.626707  0.5757832E+00  0.4105416E+00  3.1493403E-08  7.8150457E-05  2.1379194E-05  8.8704850E-03  4.0749433E-04  8.1910218E-07  3.3091703E-09  2.0673478E-03  2.7656540E-06  1.722E-10  9.872E-17  1.772E+11  1.374E+13  4.217E+01  1.484E+07  0.46715973  2.981E-05  3.212E-05  9.653E-01  2.698E-06  2.555E-05  1.044E+00  226   39.1298  9.38E-03 2.4695E+01 3.5970E+01    7.87E+02 0.00E+00 2.53E+02  0.466581  0.257128 7.87E+02 0.00E+00 2.54E+02  0.467160  0.257150  0.0000000E+00  0.0000000E+00  7.0240057E-04  4.5739963E+00  1.4434836E+00  2.2779396E-03 -1.5994167E+00  5.2355127E-01  5.7792399E-01 0.000 0.683 1.000 1.000 1.000 1.000 1.000 1.000 1.000 1.000 1.000 1.000 1.000 1.000 1.000 1.000 1.000 1.000 1.000 1.000 1.000 1.000 1.000 1.000 1.000 1.000 1.000 1.000 1.000 1.000 1.000 1.000 1.000 1.000 1.000 1.000 1.000 1.000 1.000 1.000  1.6252296854E+00   0.79970   1.00000   0.00000   0.00000   0.9005187E-02
  1393  1.201831650646908E+06  57.452976  5.751242  4.657938  0.7083307E+00  0.2776607E+00  3.2046725E-05  1.8822587E-03  3.2466424E-05  2.4656243E-03  5.2946985E-03  3.0931796E-06  1.0552427E-05  2.0920811E-03  1.2863398E-04  0.6815    4.657938  -5.593  0.378235  7.626860  0.5738133E+00  0.4125123E+00  3.2239854E-08  7.8275612E-05  2.1400532E-05  8.8757544E-03  4.0128956E-04  8.0679422E-07  3.6058216E-09  2.0670222E-03  2.7621336E-06  1.780E-10  1.021E-16  1.825E+11  1.419E+13  4.344E+01  1.532E+07  0.46549211  2.962E-05  3.193E-05  9.656E-01  2.781E-06  2.541E-05  1.043E+00  226   39.1298  9.38E-03 2.4542E+01 3.5749E+01    7.86E+02 0.00E+00 2.52E+02  0.464784  0.257743 7.86E+02 0.00E+00 2.53E+02  0.465492  0.257768  0.0000000E+00  0.0000000E+00  7.0318709E-04  4.5694860E+00  1.4333448E+00  2.2477801E-03 -1.5975989E+00  5.2251858E-01  5.7816791E-01 0.000 0.683 1.000 1.000 1.000 1.000 1.000 1.000 1.000 1.000 1.000 1.000 1.000 1.000 1.000 1.000 1.000 1.000 1.000 1.000 1.000 1.000 1.000 1.000 1.000 1.000 1.000 1.000 1.000 1.000 1.000 1.000 1.000 1.000 1.000 1.000 1.000 1.000 1.000 1.000  1.6139766072E+00   0.79696   1.00000   0.00000   0.00000   0.8945070E-02
  1409  1.217396692681113E+06  57.413174  5.752156  4.657867  0.7077142E+00  0.2782795E+00  3.1728703E-05  1.8643442E-03  3.2433036E-05  2.5218183E-03  5.2545284E-03  3.0875011E-06  1.0448469E-05  2.0919540E-03  1.2742097E-04  0.6815    4.657867  -5.591  0.378492  7.627013  0.5718677E+00  0.4144584E+00  3.2352025E-08  7.8374251E-05  2.1424593E-05  8.8803570E-03  3.9587867E-04  7.9491123E-07  3.6886872E-09  2.0667008E-03  2.7720184E-06  1.791E-10  1.027E-16  1.844E+11  1.436E+13  4.388E+01  1.551E+07  0.46360435  2.942E-05  3.175E-05  9.659E-01  2.865E-06  2.526E-05  1.043E+00  226   39.1298  9.38E-03 2.4391E+01 3.5529E+01    7.85E+02 0.00E+00 2.51E+02  0.462868  0.258371 7.85E+02 0.00E+00 2.51E+02  0.463604  0.258397  0.0000000E+00  0.0000000E+00  7.0381964E-04  4.5647987E+00  1.4232233E+00  2.2188948E-03 -1.5957928E+00  5.2149207E-01  5.7841107E-01 0.000 0.684 1.000 1.000 1.000 1.000 1.000 1.000 1.000 1.000 1.000 1.000 1.000 1.000 1.000 1.000 1.000 1.000 1.000 1.000 1.000 1.000 1.000 1.000 1.000 1.000 1.000 1.000 1.000 1.000 1.000 1.000 1.000 1.000 1.000 1.000 1.000 1.000 1.000 1.000  1.6027103084E+00   0.79426   1.00000   0.00000   0.00000   0.8885628E-02
  1425  1.232961734715318E+06  57.373163  5.753078  4.657793  0.7070833E+00  0.2789127E+00  3.1413219E-05  1.8465656E-03  3.2398388E-05  2.5779182E-03  5.2142861E-03  3.0811039E-06  1.0345276E-05  2.0918245E-03  1.2621510E-04  0.6815    4.657793  -5.589  0.378759  7.627170  0.5699302E+00  0.4163966E+00  3.2168459E-08  7.8455362E-05  2.1446601E-05  8.8846187E-03  3.9088239E-04  7.8395228E-07  3.6933654E-09  2.0663807E-03  2.7857922E-06  1.801E-10  1.033E-16  1.846E+11  1.441E+13  4.394E+01  1.556E+07  0.46180109  2.922E-05  3.156E-05  9.662E-01  2.947E-06  2.511E-05  1.043E+00  226   39.1298  9.38E-03 2.4235E+01 3.5303E+01    7.84E+02 0.00E+00 2.49E+02  0.461186  0.259006 7.84E+02 0.00E+00 2.50E+02  0.461801  0.259031  0.0000000E+00  0.0000000E+00  7.0490865E-04  4.5599734E+00  1.4130635E+00  2.1891174E-03 -1.5939953E+00  5.2046894E-01  5.7865577E-01 0.000 0.684 1.000 1.000 1.000 1.000 1.000 1.000 1.000 1.000 1.000 1.000 1.000 1.000 1.000 1.000 1.000 1.000 1.000 1.000 1.000 1.000 1.000 1.000 1.000 1.000 1.000 1.000 1.000 1.000 1.000 1.000 1.000 1.000 1.000 1.000 1.000 1.000 1.000 1.000  1.5914283359E+00   0.79157   1.00000   0.00000   0.00000   0.8825051E-02
  1442  1.248517048598251E+06  57.332966  5.753995  4.657675  0.7064270E+00  0.2795714E+00  3.1094937E-05  1.8286225E-03  3.2361928E-05  2.6348640E-03  5.1733001E-03  3.0738955E-06  1.0241105E-05  2.0916904E-03  1.2499609E-04  0.6815    4.657675  -5.587  0.378941  7.627297  0.5680022E+00  0.4183251E+00  3.1108252E-08  7.8711841E-05  2.1523242E-05  8.8883079E-03  3.8624369E-04  7.6851116E-07  3.6033692E-09  2.0660623E-03  2.8024376E-06  1.779E-10  1.021E-16  1.799E+11  1.404E+13  4.281E+01  1.517E+07  0.45932905  2.898E-05  3.137E-05  9.665E-01  3.030E-06  2.496E-05  1.042E+00  226   39.1298  9.38E-03 2.4088E+01 3.5090E+01    7.83E+02 0.00E+00 2.49E+02  0.460282  0.259661 7.83E+02 0.00E+00 2.48E+02  0.459329  0.259661  0.0000000E+00  0.0000000E+00  7.0030385E-04  4.5556670E+00  1.4032651E+00  2.1613477E-03 -1.5920933E+00  5.1941193E-01  5.7885623E-01 0.000 0.685 1.000 1.000 1.000 1.000 1.000 1.000 1.000 1.000 1.000 1.000 1.000 1.000 1.000 1.000 1.000 1.000 1.000 1.000 1.000 1.000 1.000 1.000 1.000 1.000 1.000 1.000 1.000 1.000 1.000 1.000 1.000 1.000 1.000 1.000 1.000 1.000 1.000 1.000  1.5801376901E+00   0.78890   1.00000   0.00000   0.00000   0.8758693E-02
  1458  1.263926440212111E+06  57.292933  5.754957  4.657623  0.7057528E+00  0.2802480E+00  3.0777841E-05  1.8107398E-03  3.2324132E-05  2.6919378E-03  5.1320891E-03  3.0659755E-06  1.0137263E-05  2.0915534E-03  1.2377929E-04  0.6816    4.657623  -5.584  0.379328  7.627489  0.5660531E+00  0.4202748E+00  3.0105694E-08  7.8564361E-05  2.1490928E-05  8.8930001E-03  3.8112307E-04  7.6224187E-07  3.2656909E-09  2.0657399E-03  2.8021936E-06  1.714E-10  9.838E-17  1.757E+11  1.373E+13  4.182E+01  1.483E+07  0.45735562  2.877E-05  3.119E-05  9.668E-01  3.113E-06  2.481E-05  1.042E+00  227   38.9910  9.38E-03 2.3939E+01 3.4874E+01    7.82E+02 0.00E+00 2.47E+02  0.458357  0.260320 7.82E+02 0.00E+00 2.47E+02  0.457356  0.260314  0.0000000E+00  0.0000000E+00  7.0108791E-04  4.5502976E+00  1.3932490E+00  2.1335406E-03 -1.5904068E+00  5.1842604E-01  5.7913650E-01 0.000 0.683 1.000 1.000 1.000 1.000 1.000 1.000 1.000 1.000 1.000 1.000 1.000 1.000 1.000 1.000 1.000 1.000 1.000 1.000 1.000 1.000 1.000 1.000 1.000 1.000 1.000 1.000 1.000 1.000 1.000 1.000 1.000 1.000 1.000 1.000 1.000 1.000 1.000 1.000  1.5689380843E+00   0.78618   1.00000   0.00000   0.00000   0.8698901E-02
  1474  1.279335831825971E+06  57.252687  5.755860  4.657569  0.7050655E+00  0.2809378E+00  3.0464088E-05  1.7930395E-03  3.2285319E-05  2.7487359E-03  5.0909503E-03  3.0574297E-06  1.0034458E-05  2.0914142E-03  1.2257315E-04  0.6815    4.657569  -5.582  0.379590  7.627644  0.5640973E+00  0.4222312E+00  3.0587871E-08  7.8682522E-05  2.1515169E-05  8.8972322E-03  3.7610837E-04  7.5127001E-07  3.4797831E-09  2.0654163E-03  2.8024829E-06  1.762E-10  1.012E-16  1.797E+11  1.407E+13  4.277E+01  1.520E+07  0.45543203  2.858E-05  3.101E-05  9.671E-01  3.194E-06  2.466E-05  1.042E+00  227   38.9910  9.37E-03 2.3787E+01 3.4654E+01    7.81E+02 0.00E+00 2.46E+02  0.456429  0.260938 7.81E+02 0.00E+00 2.45E+02  0.455432  0.260935  0.0000000E+00  0.0000000E+00  7.0157441E-04  4.5454948E+00  1.3831794E+00  2.1044938E-03 -1.5885918E+00  5.1739742E-01  5.7937445E-01 0.000 0.683 1.000 1.000 1.000 1.000 1.000 1.000 1.000 1.000 1.000 1.000 1.000 1.000 1.000 1.000 1.000 1.000 1.000 1.000 1.000 1.000 1.000 1.000 1.000 1.000 1.000 1.000 1.000 1.000 1.000 1.000 1.000 1.000 1.000 1.000 1.000 1.000 1.000 1.000  1.5577264079E+00   0.78347   1.00000   0.00000   0.00000   0.8643755E-02
  1490  1.294745223439830E+06  57.212234  5.756780  4.657522  0.7043586E+00  0.2816472E+00  3.0150733E-05  1.7753560E-03  3.2245173E-05  2.8057790E-03  5.0495114E-03  3.0482034E-06  9.9317277E-06  2.0912718E-03  1.2136647E-04  0.6815    4.657522  -5.580  0.379865  7.627803  0.5621617E+00  0.4241673E+00  3.0635441E-08  7.8770866E-05  2.1537062E-05  8.9009601E-03  3.7171146E-04  7.4154811E-07  3.5462165E-09  2.0650961E-03  2.8130223E-06  1.770E-10  1.016E-16  1.812E+11  1.422E+13  4.312E+01  1.535E+07  0.45350103  2.838E-05  3.082E-05  9.674E-01  3.275E-06  2.451E-05  1.041E+00  227   38.9910  9.37E-03 2.3636E+01 3.4436E+01    7.81E+02 0.00E+00 2.44E+02  0.454503  0.261567 7.80E+02 0.00E+00 2.44E+02  0.453501  0.261564  0.0000000E+00  0.0000000E+00  7.0212234E-04  4.5404901E+00  1.3731636E+00  2.0768079E-03 -1.5867936E+00  5.1637635E-01  5.7961482E-01 0.000 0.684 1.000 1.000 1.000 1.000 1.000 1.000 1.000 1.000 1.000 1.000 1.000 1.000 1.000 1.000 1.000 1.000 1.000 1.000 1.000 1.000 1.000 1.000 1.000 1.000 1.000 1.000 1.000 1.000 1.000 1.000 1.000 1.000 1.000 1.000 1.000 1.000 1.000 1.000  1.5465058239E+00   0.78078   1.00000   0.00000   0.00000   0.8588720E-02
  1506  1.309673071565758E+06  57.172843  5.757676  4.657466  0.7036559E+00  0.2823523E+00  2.9848080E-05  1.7582713E-03  3.2205111E-05  2.8611675E-03  5.0091610E-03  3.0386497E-06  9.8324561E-06  2.0911307E-03  1.2019914E-04  0.6815    4.657466  -5.578  0.380048  7.627929  0.5602942E+00  0.4260353E+00  2.9319225E-08  7.9088566E-05  2.1631251E-05  8.9039466E-03  3.6777118E-04  7.2792731E-07  3.3750624E-09  2.0647872E-03  2.8265517E-06  1.702E-10  9.768E-17  1.748E+11  1.371E+13  4.159E+01  1.481E+07  0.45180216  2.821E-05  3.063E-05  9.677E-01  3.352E-06  2.435E-05  1.041E+00  226   38.9910  9.37E-03 2.3486E+01 3.4217E+01    7.80E+02 0.00E+00 2.43E+02  0.452725  0.262179 7.80E+02 0.00E+00 2.43E+02  0.451802  0.262178  0.0000000E+00  0.0000000E+00  6.3257854E-04  4.5361275E+00  1.3633204E+00  2.0484640E-03 -1.5849504E+00  5.1535523E-01  5.7980984E-01 0.000 0.684 1.000 1.000 1.000 1.000 1.000 1.000 1.000 1.000 1.000 1.000 1.000 1.000 1.000 1.000 1.000 1.000 1.000 1.000 1.000 1.000 1.000 1.000 1.000 1.000 1.000 1.000 1.000 1.000 1.000 1.000 1.000 1.000 1.000 1.000 1.000 1.000 1.000 1.000  1.5356261324E+00   0.77819   1.00000   0.00000   0.00000   0.8535310E-02
  1523  1.325448436230449E+06  57.130995  5.758649  4.657476  0.7028896E+00  0.2831212E+00  2.9527327E-05  1.7401596E-03  3.2161292E-05  2.9201766E-03  4.9660546E-03  3.0278492E-06  9.7271954E-06  2.0909776E-03  1.1896009E-04  0.6815    4.657476  -5.575  0.380422  7.628122  0.5583256E+00  0.4280043E+00  3.0129807E-08  7.8944440E-05  2.1585350E-05  8.9075777E-03  3.6387329E-04  7.2332907E-07  3.5366791E-09  2.0644615E-03  2.8419341E-06  1.778E-10  1.022E-16  1.807E+11  1.423E+13  4.301E+01  1.537E+07  0.45072507  2.808E-05  3.043E-05  9.679E-01  3.434E-06  2.419E-05  1.041E+00  227   38.9910  9.37E-03 2.3320E+01 3.3977E+01    7.79E+02 0.00E+00 2.41E+02  0.450127  0.262815 7.79E+02 0.00E+00 2.42E+02  0.450725  0.262840  0.0000000E+00  0.0000000E+00  6.9532889E-04  4.5301775E+00  1.3525895E+00  2.0193943E-03 -1.5832196E+00  5.1434800E-01  5.8009688E-01 0.000 0.685 1.000 1.000 1.000 1.000 1.000 1.000 1.000 1.000 1.000 1.000 1.000 1.000 1.000 1.000 1.000 1.000 1.000 1.000 1.000 1.000 1.000 1.000 1.000 1.000 1.000 1.000 1.000 1.000 1.000 1.000 1.000 1.000 1.000 1.000 1.000 1.000 1.000 1.000  1.5241181699E+00   0.77545   1.00000   0.00000   0.00000   0.8488092E-02
  1539  1.340703733928172E+06  57.090310  5.759589  4.657435  0.7021294E+00  0.2838840E+00  2.9218172E-05  1.7226979E-03  3.2117754E-05  2.9773452E-03  4.9241805E-03  3.0167951E-06  9.6256915E-06  2.0908263E-03  1.1776407E-04  0.6818    4.657435  -5.573  0.380732  7.628290  0.5564061E+00  0.4299242E+00  3.0957687E-08  7.9078492E-05  2.1606028E-05  8.9107852E-03  3.6001032E-04  7.1486609E-07  3.9063670E-09  2.0641437E-03  2.8510170E-06  1.852E-10  1.065E-16  1.778E+11  1.401E+13  4.232E+01  1.513E+07  0.44877410  2.789E-05  3.025E-05  9.682E-01  3.512E-06  2.404E-05  1.040E+00  228   38.9910  9.37E-03 2.3171E+01 3.3760E+01    7.78E+02 0.00E+00 2.40E+02  0.448205  0.263451 7.78E+02 0.00E+00 2.40E+02  0.448774  0.263480  0.0000000E+00  0.0000000E+00  6.9589254E-04  4.5250462E+00  1.3426546E+00  1.9924435E-03 -1.5814340E+00  5.1333353E-01  5.8033666E-01 0.000 0.685 1.000 1.000 1.000 1.000 1.000 1.000 1.000 1.000 1.000 1.000 1.000 1.000 1.000 1.000 1.000 1.000 1.000 1.000 1.000 1.000 1.000 1.000 1.000 1.000 1.000 1.000 1.000 1.000 1.000 1.000 1.000 1.000 1.000 1.000 1.000 1.000 1.000 1.000  1.5129783693E+00   0.77278   1.00000   0.00000   0.00000   0.8430552E-02
  1555  1.355959031625895E+06  57.049404  5.760537  4.657400  0.7013485E+00  0.2846675E+00  2.8909310E-05  1.7052483E-03  3.2072998E-05  3.0347398E-03  4.8820336E-03  3.0051337E-06  9.5242374E-06  2.0906714E-03  1.1656753E-04  0.6816    4.657400  -5.571  0.381029  7.628454  0.5544517E+00  0.4318791E+00  2.8729332E-08  7.9043745E-05  2.1619989E-05  8.9145831E-03  3.5570726E-04  7.0597887E-07  3.2900185E-09  2.0638197E-03  2.8477613E-06  1.733E-10  9.969E-17  1.752E+11  1.381E+13  4.169E+01  1.492E+07  0.44682478  2.769E-05  3.006E-05  9.685E-01  3.590E-06  2.388E-05  1.040E+00  228   38.8514  9.37E-03 2.3021E+01 3.3543E+01    7.77E+02 0.00E+00 2.39E+02  0.446205  0.264099 7.77E+02 0.00E+00 2.39E+02  0.446825  0.264123  0.0000000E+00  0.0000000E+00  6.9637071E-04  4.5198751E+00  1.3326463E+00  1.9645058E-03 -1.5796432E+00  5.1231619E-01  5.8057466E-01 0.000 0.683 1.000 1.000 1.000 1.000 1.000 1.000 1.000 1.000 1.000 1.000 1.000 1.000 1.000 1.000 1.000 1.000 1.000 1.000 1.000 1.000 1.000 1.000 1.000 1.000 1.000 1.000 1.000 1.000 1.000 1.000 1.000 1.000 1.000 1.000 1.000 1.000 1.000 1.000  1.5018283683E+00   0.77007   1.00000   0.00000   0.00000   0.8376936E-02
  1572  1.371204794762558E+06  57.008312  5.761447  4.657299  0.7005373E+00  0.2854814E+00  2.8597306E-05  1.6876169E-03  3.2026526E-05  3.0929966E-03  4.8391478E-03  2.9927394E-06  9.4217057E-06  2.0905112E-03  1.1535721E-04  0.6816    4.657299  -5.568  0.381224  7.628585  0.5525226E+00  0.4338087E+00  2.8046234E-08  7.9310981E-05  2.1697371E-05  8.9174605E-03  3.5197882E-04  6.9298028E-07  3.2781981E-09  2.0635000E-03  2.8560365E-06  1.742E-10  1.002E-16  1.723E+11  1.359E+13  4.100E+01  1.468E+07  0.44396752  2.743E-05  2.988E-05  9.689E-01  3.669E-06  2.373E-05  1.040E+00  228   38.8514  9.37E-03 2.2878E+01 3.3336E+01    7.76E+02 0.00E+00 2.38E+02  0.445092  0.264740 7.76E+02 0.00E+00 2.37E+02  0.443968  0.264742  0.0000000E+00  0.0000000E+00  6.9133989E-04  4.5152691E+00  1.3230198E+00  1.9385396E-03 -1.5777314E+00  5.1126009E-01  5.8076380E-01 0.000 0.684 1.000 1.000 1.000 1.000 1.000 1.000 1.000 1.000 1.000 1.000 1.000 1.000 1.000 1.000 1.000 1.000 1.000 1.000 1.000 1.000 1.000 1.000 1.000 1.000 1.000 1.000 1.000 1.000 1.000 1.000 1.000 1.000 1.000 1.000 1.000 1.000 1.000 1.000  1.4906790439E+00   0.76740   1.00000   0.00000   0.00000   0.8317440E-02
  1588  1.386307539483304E+06  56.967390  5.762373  4.657276  0.6997133E+00  0.2863080E+00  2.8288977E-05  1.6701891E-03  3.1979371E-05  3.1508355E-03  4.7964678E-03  2.9798973E-06  9.3203378E-06  2.0903490E-03  1.1415964E-04  0.6817    4.657276  -5.566  0.381586  7.628771  0.5506196E+00  0.4357121E+00  2.8683747E-08  7.9233403E-05  2.1668569E-05  8.9205227E-03  3.4862046E-04  6.8948679E-07  3.3985007E-09  2.0631846E-03  2.8679416E-06  1.749E-10  1.007E-16  1.773E+11  1.403E+13  4.219E+01  1.516E+07  0.44196881  2.724E-05  2.971E-05  9.692E-01  3.746E-06  2.357E-05  1.039E+00  228   38.8514  9.37E-03 2.2730E+01 3.3121E+01    7.75E+02 0.00E+00 2.36E+02  0.442978  0.265371 7.75E+02 0.00E+00 2.36E+02  0.441969  0.265368  0.0000000E+00  0.0000000E+00  6.9146859E-04  4.5094161E+00  1.3131637E+00  1.9125447E-03 -1.5760440E+00  5.1028240E-01  5.8102912E-01 0.000 0.684 1.000 1.000 1.000 1.000 1.000 1.000 1.000 1.000 1.000 1.000 1.000 1.000 1.000 1.000 1.000 1.000 1.000 1.000 1.000 1.000 1.000 1.000 1.000 1.000 1.000 1.000 1.000 1.000 1.000 1.000 1.000 1.000 1.000 1.000 1.000 1.000 1.000 1.000  1.4796271774E+00   0.76475   1.00000   0.00000   0.00000   0.8266201E-02
  1604  1.401410284204050E+06  56.926254  5.763305  4.657236  0.6988788E+00  0.2871452E+00  2.7985040E-05  1.6530058E-03  3.1931707E-05  3.2081058E-03  4.7541109E-03  2.9666723E-06  9.2203727E-06  2.0901854E-03  1.1297773E-04  0.6818    4.657236  -5.564  0.381882  7.628935  0.5487219E+00  0.4376100E+00  2.8513330E-08  7.9300786E-05  2.1686953E-05  8.9231559E-03  3.4550443E-04  6.8258909E-07  3.4040465E-09  2.0628700E-03  2.8818645E-06  1.755E-10  1.011E-16  1.774E+11  1.407E+13  4.222E+01  1.520E+07  0.44009605  2.706E-05  2.952E-05  9.695E-01  3.821E-06  2.341E-05  1.039E+00  227   38.8514  9.37E-03 2.2578E+01 3.2901E+01    7.75E+02 0.00E+00 2.35E+02  0.441239  0.266002 7.74E+02 0.00E+00 2.34E+02  0.440096  0.266001  0.0000000E+00  0.0000000E+00  6.9232577E-04  4.5039494E+00  1.3032012E+00  1.8852829E-03 -1.5742730E+00  5.0927804E-01  5.8126300E-01 0.000 0.685 1.000 1.000 1.000 1.000 1.000 1.000 1.000 1.000 1.000 1.000 1.000 1.000 1.000 1.000 1.000 1.000 1.000 1.000 1.000 1.000 1.000 1.000 1.000 1.000 1.000 1.000 1.000 1.000 1.000 1.000 1.000 1.000 1.000 1.000 1.000 1.000 1.000 1.000  1.4685676867E+00   0.76211   1.00000   0.00000   0.00000   0.8213163E-02
  1620  1.416513028924795E+06  56.884899  5.764245  4.657213  0.6980093E+00  0.2880175E+00  2.7676740E-05  1.6355724E-03  3.1882170E-05  3.2664513E-03  4.7108633E-03  2.9526945E-06  9.1189327E-06  2.0900156E-03  1.1177750E-04  0.6818    4.657213  -5.561  0.382178  7.629100  0.5468283E+00  0.4395040E+00  2.8403836E-08  7.9370613E-05  2.1705031E-05  8.9256099E-03  3.4258989E-04  6.7603452E-07  3.4317340E-09  2.0625560E-03  2.8967917E-06  1.759E-10  1.013E-16  1.778E+11  1.413E+13  4.231E+01  1.526E+07  0.43810940  2.687E-05  2.934E-05  9.698E-01  3.898E-06  2.325E-05  1.039E+00  227   38.8514  9.37E-03 2.2429E+01 3.2685E+01    7.74E+02 0.00E+00 2.34E+02  0.439140  0.266635 7.74E+02 0.00E+00 2.33E+02  0.438109  0.266634  0.0000000E+00  0.0000000E+00  6.9250903E-04  4.4983850E+00  1.2933144E+00  1.8593610E-03 -1.5725013E+00  5.0827394E-01  5.8149604E-01 0.000 0.685 1.000 1.000 1.000 1.000 1.000 1.000 1.000 1.000 1.000 1.000 1.000 1.000 1.000 1.000 1.000 1.000 1.000 1.000 1.000 1.000 1.000 1.000 1.000 1.000 1.000 1.000 1.000 1.000 1.000 1.000 1.000 1.000 1.000 1.000 1.000 1.000 1.000 1.000  1.4575004646E+00   0.75948   1.00000   0.00000   0.00000   0.8162770E-02
  1637  1.431993342263559E+06  56.842277  5.765248  4.657185  0.6971165E+00  0.2889130E+00  2.7368590E-05  1.6181440E-03  3.1831473E-05  3.3250179E-03  4.6673579E-03  2.9381679E-06  9.0175025E-06  2.0898418E-03  1.1057655E-04  0.6820    4.657185  -5.559  0.382434  7.629250  0.5448337E+00  0.4414991E+00  2.5780463E-08  7.9639595E-05  2.1796936E-05  8.9285042E-03  3.3882218E-04  6.6331775E-07  2.9259632E-09  2.0622246E-03  2.8927729E-06  1.620E-10  9.326E-17  1.633E+11  1.294E+13  3.887E+01  1.398E+07  0.43712484  2.674E-05  2.913E-05  9.699E-01  3.972E-06  2.310E-05  1.038E+00  228   38.7107  9.37E-03 2.2268E+01 3.2451E+01    7.73E+02 0.00E+00 2.32E+02  0.436419  0.267288 7.73E+02 0.00E+00 2.32E+02  0.437125  0.267310  0.0000000E+00  0.0000000E+00  6.2270368E-04  4.4934354E+00  1.2827047E+00  1.8313129E-03 -1.5705627E+00  5.0720010E-01  5.8170086E-01 0.000 0.683 1.000 1.000 1.000 1.000 1.000 1.000 1.000 1.000 1.000 1.000 1.000 1.000 1.000 1.000 1.000 1.000 1.000 1.000 1.000 1.000 1.000 1.000 1.000 1.000 1.000 1.000 1.000 1.000 1.000 1.000 1.000 1.000 1.000 1.000 1.000 1.000 1.000 1.000  1.4461471027E+00   0.75671   1.00000   0.00000   0.00000   0.8112626E-02
  1654  1.447539730110475E+06  56.799238  5.766190  4.657141  0.6961909E+00  0.2898415E+00  2.7057541E-05  1.6005486E-03  3.1779110E-05  3.3843819E-03  4.6231678E-03  2.9229543E-06  8.9150801E-06  2.0896623E-03  1.0936305E-04  0.6819    4.657141  -5.557  0.382818  7.629445  0.5428436E+00  0.4434895E+00  2.7060552E-08  7.9502291E-05  2.1748667E-05  8.9316939E-03  3.3542158E-04  6.5979325E-07  3.2063685E-09  2.0618940E-03  2.8963500E-06  1.716E-10  9.895E-17  1.724E+11  1.372E+13  4.103E+01  1.482E+07  0.43398434  2.648E-05  2.896E-05  9.704E-01  4.047E-06  2.294E-05  1.038E+00  229   38.7107  9.37E-03 2.2122E+01 3.2240E+01    7.72E+02 0.00E+00 2.31E+02  0.435105  0.267949 7.72E+02 0.00E+00 2.30E+02  0.433984  0.267947  0.0000000E+00  0.0000000E+00  6.8652729E-04  4.4872726E+00  1.2729286E+00  1.8063222E-03 -1.5687922E+00  5.0617814E-01  5.8196598E-01 0.000 0.684 1.000 1.000 1.000 1.000 1.000 1.000 1.000 1.000 1.000 1.000 1.000 1.000 1.000 1.000 1.000 1.000 1.000 1.000 1.000 1.000 1.000 1.000 1.000 1.000 1.000 1.000 1.000 1.000 1.000 1.000 1.000 1.000 1.000 1.000 1.000 1.000 1.000 1.000  1.4347387288E+00   0.75395   1.00000   0.00000   0.00000   0.8057176E-02
  1670  1.462491447384012E+06  56.757626  5.767118  4.657135  0.6952737E+00  0.2907614E+00  2.6757349E-05  1.5835644E-03  3.1727451E-05  3.4419037E-03  4.5802630E-03  2.9077579E-06  8.8161969E-06  2.0894849E-03  1.0819076E-04  0.6820    4.657135  -5.554  0.383116  7.629610  0.5409437E+00  0.4453898E+00  2.7071311E-08  7.9576771E-05  2.1767201E-05  8.9341129E-03  3.3254009E-04  6.5346609E-07  3.2605868E-09  2.0615783E-03  2.9063532E-06  1.723E-10  9.936E-17  1.736E+11  1.385E+13  4.132E+01  1.496E+07  0.43181560  2.629E-05  2.878E-05  9.707E-01  4.120E-06  2.278E-05  1.037E+00  228   38.7107  9.37E-03 2.1976E+01 3.2027E+01    7.71E+02 0.00E+00 2.29E+02  0.432933  0.268574 7.71E+02 0.00E+00 2.29E+02  0.431816  0.268573  0.0000000E+00  0.0000000E+00  6.8645116E-04  4.4816682E+00  1.2631388E+00  1.7802267E-03 -1.5670116E+00  5.0517269E-01  5.8219358E-01 0.000 0.685 1.000 1.000 1.000 1.000 1.000 1.000 1.000 1.000 1.000 1.000 1.000 1.000 1.000 1.000 1.000 1.000 1.000 1.000 1.000 1.000 1.000 1.000 1.000 1.000 1.000 1.000 1.000 1.000 1.000 1.000 1.000 1.000 1.000 1.000 1.000 1.000 1.000 1.000  1.4237666555E+00   0.75131   1.00000   0.00000   0.00000   0.8010312E-02
  1686  1.477443164657549E+06  56.715794  5.768056  4.657125  0.6943428E+00  0.2916950E+00  2.6460346E-05  1.5667581E-03  3.1675263E-05  3.4990311E-03  4.5375714E-03  2.8922365E-06  8.7183317E-06  2.0893056E-03  1.0702988E-04  0.6821    4.657125  -5.552  0.383421  7.629777  0.5390495E+00  0.4472842E+00  2.6914288E-08  7.9641983E-05  2.1784869E-05  8.9363524E-03  3.2987694E-04  6.4747465E-07  3.2692394E-09  2.0612635E-03  2.9185823E-06  1.730E-10  9.985E-17  1.738E+11  1.389E+13  4.136E+01  1.500E+07  0.42993820  2.611E-05  2.859E-05  9.710E-01  4.190E-06  2.262E-05  1.037E+00  228   38.7107  9.37E-03 2.1826E+01 3.1809E+01    7.70E+02 0.00E+00 2.28E+02  0.430936  0.269205 7.70E+02 0.00E+00 2.27E+02  0.429938  0.269204  0.0000000E+00  0.0000000E+00  6.8673997E-04  4.4759601E+00  1.2532875E+00  1.7550231E-03 -1.5652336E+00  5.0416828E-01  5.8242076E-01 0.000 0.685 1.000 1.000 1.000 1.000 1.000 1.000 1.000 1.000 1.000 1.000 1.000 1.000 1.000 1.000 1.000 1.000 1.000 1.000 1.000 1.000 1.000 1.000 1.000 1.000 1.000 1.000 1.000 1.000 1.000 1.000 1.000 1.000 1.000 1.000 1.000 1.000 1.000 1.000  1.4127908579E+00   0.74868   1.00000   0.00000   0.00000   0.7962532E-02
  1703  1.493142467794764E+06  56.671631  5.769051  4.657140  0.6933683E+00  0.2926724E+00  2.6157269E-05  1.5496056E-03  3.1620909E-05  3.5575447E-03  4.4937628E-03  2.8759088E-06  8.6184317E-06  2.0891184E-03  1.0584423E-04  0.6822    4.657140  -5.550  0.383699  7.629938  0.5370656E+00  0.4492685E+00  2.6054976E-08  7.9876199E-05  2.1852544E-05  8.9382924E-03  3.2727150E-04  6.3916827E-07  3.1497581E-09  2.0609336E-03  2.9328682E-06  1.659E-10  9.569E-17  1.696E+11  1.356E+13  4.035E+01  1.465E+07  0.42886576  2.599E-05  2.839E-05  9.711E-01  4.260E-06  2.246E-05  1.037E+00  228   38.7107  9.37E-03 2.1660E+01 3.1568E+01    7.69E+02 0.00E+00 2.26E+02  0.428118  0.269853 7.70E+02 0.00E+00 2.27E+02  0.428866  0.269876  0.0000000E+00  0.0000000E+00  6.1722437E-04  4.4701358E+00  1.2425291E+00  1.7275727E-03 -1.5633167E+00  5.0309889E-01  5.8264295E-01 0.000 0.686 1.000 1.000 1.000 1.000 1.000 1.000 1.000 1.000 1.000 1.000 1.000 1.000 1.000 1.000 1.000 1.000 1.000 1.000 1.000 1.000 1.000 1.000 1.000 1.000 1.000 1.000 1.000 1.000 1.000 1.000 1.000 1.000 1.000 1.000 1.000 1.000 1.000 1.000  1.4012633064E+00   0.74593   1.00000   0.00000   0.00000   0.7916185E-02
  1720  1.508196978124557E+06  56.629047  5.770006  4.657123  0.6923805E+00  0.2936630E+00  2.5857796E-05  1.5326548E-03  3.1566121E-05  3.6155729E-03  4.4502393E-03  2.8593011E-06  8.5196886E-06  2.0889292E-03  1.0467172E-04  0.6824    4.657123  -5.547  0.384045  7.630119  0.5351683E+00  0.4511659E+00  2.6427320E-08  7.9801885E-05  2.1829365E-05  8.9404521E-03  3.2493373E-04  6.3524874E-07  3.2658582E-09  2.0606181E-03  2.9473724E-06  1.727E-10  9.976E-17  1.731E+11  1.389E+13  4.119E+01  1.500E+07  0.42569338  2.573E-05  2.822E-05  9.716E-01  4.330E-06  2.230E-05  1.036E+00  227   38.7107  9.37E-03 2.1520E+01 3.1366E+01    7.69E+02 0.00E+00 2.25E+02  0.426815  0.270515 7.69E+02 0.00E+00 2.25E+02  0.425693  0.270516  0.0000000E+00  0.0000000E+00  6.8044675E-04  4.4639739E+00  1.2331035E+00  1.7031739E-03 -1.5615648E+00  5.0210025E-01  5.8288060E-01 0.000 0.686 1.000 1.000 1.000 1.000 1.000 1.000 1.000 1.000 1.000 1.000 1.000 1.000 1.000 1.000 1.000 1.000 1.000 1.000 1.000 1.000 1.000 1.000 1.000 1.000 1.000 1.000 1.000 1.000 1.000 1.000 1.000 1.000 1.000 1.000 1.000 1.000 1.000 1.000  1.3902034954E+00   0.74329   1.00000   0.00000   0.00000   0.7882323E-02
  1737  1.523924315731659E+06  56.584310  5.771027  4.657142  0.6913504E+00  0.2946961E+00  2.5553301E-05  1.5154176E-03  3.1509320E-05  3.6747835E-03  4.4057513E-03  2.8419428E-06  8.4192587E-06  2.0887326E-03  1.0347860E-04  0.6824    4.657142  -5.545  0.384416  7.630308  0.5330940E+00  0.4532407E+00  2.5372028E-08  7.9830316E-05  2.1844277E-05  8.9436647E-03  3.2121248E-04  6.2788141E-07  3.0394276E-09  2.0602722E-03  2.9336713E-06  1.682E-10  9.718E-17  1.678E+11  1.346E+13  3.994E+01  1.454E+07  0.42437204  2.559E-05  2.802E-05  9.717E-01  4.399E-06  2.214E-05  1.036E+00  228   38.5692  9.37E-03 2.1358E+01 3.1130E+01    7.68E+02 0.00E+00 2.23E+02  0.423680  0.271178 7.68E+02 0.00E+00 2.24E+02  0.424372  0.271202  0.0000000E+00  0.0000000E+00  6.7898161E-04  4.4580624E+00  1.2223997E+00  1.6762634E-03 -1.5596575E+00  5.0102369E-01  5.8312452E-01 0.000 0.684 1.000 1.000 1.000 1.000 1.000 1.000 1.000 1.000 1.000 1.000 1.000 1.000 1.000 1.000 1.000 1.000 1.000 1.000 1.000 1.000 1.000 1.000 1.000 1.000 1.000 1.000 1.000 1.000 1.000 1.000 1.000 1.000 1.000 1.000 1.000 1.000 1.000 1.000  1.3786482356E+00   0.74041   1.00000   0.00000   0.00000   0.7819096E-02
  1754  1.539651653338761E+06  56.539324  5.772008  4.657126  0.6902725E+00  0.2957770E+00  2.5242813E-05  1.4978391E-03  3.1450274E-05  3.7353715E-03  4.3601498E-03  2.8237634E-06  8.3168214E-06  2.0885275E-03  1.0226108E-04  0.6825    4.657126  -5.542  0.384742  7.630485  0.5310751E+00  0.4552598E+00  2.5427022E-08  7.9909768E-05  2.1863983E-05  8.9459278E-03  3.1850093E-04  6.2174110E-07  3.1045943E-09  2.0599358E-03  2.9417917E-06  1.697E-10  9.816E-17  1.693E+11  1.361E+13  4.030E+01  1.470E+07  0.42102570  2.532E-05  2.783E-05  9.722E-01  4.470E-06  2.197E-05  1.036E+00  229   38.5692  9.37E-03 2.1209E+01 3.0915E+01    7.67E+02 0.00E+00 2.22E+02  0.422165  0.271858 7.67E+02 0.00E+00 2.21E+02  0.421026  0.271858  0.0000000E+00  0.0000000E+00  6.8020220E-04  4.4519050E+00  1.2124861E+00  1.6517830E-03 -1.5577498E+00  4.9995109E-01  5.8335361E-01 0.000 0.685 1.000 1.000 1.000 1.000 1.000 1.000 1.000 1.000 1.000 1.000 1.000 1.000 1.000 1.000 1.000 1.000 1.000 1.000 1.000 1.000 1.000 1.000 1.000 1.000 1.000 1.000 1.000 1.000 1.000 1.000 1.000 1.000 1.000 1.000 1.000 1.000 1.000 1.000  1.3670957499E+00   0.73760   1.00000   0.00000   0.00000   0.7770138E-02
  1772  1.555369739570801E+06  56.494112  5.773006  4.657136  0.6891711E+00  0.2968815E+00  2.4933587E-05  1.4803302E-03  3.1390342E-05  3.7959209E-03  4.3145005E-03  2.8051871E-06  8.2147705E-06  2.0883185E-03  1.0104763E-04  0.6826    4.657136  -5.540  0.384992  7.630637  0.5290681E+00  0.4572671E+00  2.4552255E-08  8.0160655E-05  2.1939261E-05  8.9477129E-03  3.1604214E-04  6.1207703E-07  3.0252508E-09  2.0596013E-03  2.9538928E-06  1.696E-10  9.811E-17  1.648E+11  1.326E+13  3.923E+01  1.432E+07  0.41877983  2.513E-05  2.764E-05  9.725E-01  4.540E-06  2.181E-05  1.035E+00  231   38.5692  9.37E-03 2.1053E+01 3.0688E+01    7.66E+02 0.00E+00 2.21E+02  0.419910  0.272520 7.66E+02 0.00E+00 2.20E+02  0.418780  0.272524  0.0000000E+00  0.0000000E+00  6.7334371E-04  4.4461319E+00  1.2021934E+00  1.6262586E-03 -1.5557551E+00  4.9885309E-01  5.8354991E-01 0.000 0.685 1.000 1.000 1.000 1.000 1.000 1.000 1.000 1.000 1.000 1.000 1.000 1.000 1.000 1.000 1.000 1.000 1.000 1.000 1.000 1.000 1.000 1.000 1.000 1.000 1.000 1.000 1.000 1.000 1.000 1.000 1.000 1.000 1.000 1.000 1.000 1.000 1.000 1.000  1.3555535881E+00   0.73482   1.00000   0.00000   0.00000   0.7724113E-02
  1789  1.570939803801834E+06  56.449073  5.774015  4.657219  0.6880531E+00  0.2980024E+00  2.4627663E-05  1.4630067E-03  3.1329947E-05  3.8560227E-03  4.2691152E-03  2.7863568E-06  8.1137817E-06  2.0881070E-03  9.9846334E-05  0.6828    4.657219  -5.538  0.385404  7.630843  0.5270835E+00  0.4592520E+00  2.5038207E-08  8.0071051E-05  2.1908199E-05  8.9498251E-03  3.1378663E-04  6.1043193E-07  3.1185544E-09  2.0592704E-03  2.9667085E-06  1.701E-10  9.844E-17  1.692E+11  1.366E+13  4.026E+01  1.475E+07  0.41735880  2.500E-05  2.744E-05  9.727E-01  4.609E-06  2.164E-05  1.035E+00  232   38.5692  9.37E-03 2.0893E+01 3.0456E+01    7.65E+02 0.00E+00 2.19E+02  0.416747  0.273170 7.66E+02 0.00E+00 2.19E+02  0.417359  0.273195  0.0000000E+00  0.0000000E+00  6.7159955E-04  4.4391595E+00  1.1916697E+00  1.5998330E-03 -1.5539768E+00  4.9782981E-01  5.8382061E-01 0.000 0.686 1.000 1.000 1.000 1.000 1.000 1.000 1.000 1.000 1.000 1.000 1.000 1.000 1.000 1.000 1.000 1.000 1.000 1.000 1.000 1.000 1.000 1.000 1.000 1.000 1.000 1.000 1.000 1.000 1.000 1.000 1.000 1.000 1.000 1.000 1.000 1.000 1.000 1.000  1.3441244618E+00   0.73206   1.00000   0.00000   0.00000   0.7685428E-02
  1806  1.586509868032868E+06  56.403780  5.775015  4.657230  0.6868928E+00  0.2991658E+00  2.4318114E-05  1.4454765E-03  3.1267726E-05  3.9170333E-03  4.2229709E-03  2.7668555E-06  8.0115687E-06  2.0878882E-03  9.8630017E-05  0.6829    4.657230  -5.535  0.385721  7.631026  0.5251034E+00  0.4612323E+00  2.4877731E-08  8.0134781E-05  2.1925342E-05  8.9515663E-03  3.1169435E-04  6.0565813E-07  3.1283150E-09  2.0589400E-03  2.9807081E-06  1.704E-10  9.866E-17  1.693E+11  1.369E+13  4.029E+01  1.479E+07  0.41413883  2.474E-05  2.726E-05  9.732E-01  4.679E-06  2.148E-05  1.034E+00  234   38.5692  9.37E-03 2.0745E+01 3.0242E+01    7.65E+02 0.00E+00 2.18E+02  0.415197  0.273856 7.65E+02 0.00E+00 2.17E+02  0.414139  0.273855  0.0000000E+00  0.0000000E+00  6.7274743E-04  4.4327131E+00  1.1818518E+00  1.5761295E-03 -1.5520917E+00  4.9677117E-01  5.8404633E-01 0.000 0.686 1.000 1.000 1.000 1.000 1.000 1.000 1.000 1.000 1.000 1.000 1.000 1.000 1.000 1.000 1.000 1.000 1.000 1.000 1.000 1.000 1.000 1.000 1.000 1.000 1.000 1.000 1.000 1.000 1.000 1.000 1.000 1.000 1.000 1.000 1.000 1.000 1.000 1.000  1.3326977109E+00   0.72931   1.00000   0.00000   0.00000   0.7637250E-02
  1823  1.602079932263901E+06  56.358229  5.776037  4.657310  0.6857250E+00  0.3003366E+00  2.4014346E-05  1.4282724E-03  3.1205585E-05  3.9770917E-03  4.1774778E-03  2.7472905E-06  7.9112392E-06  2.0876686E-03  9.7435699E-05  0.6832    4.657310  -5.533  0.386083  7.631210  0.5231125E+00  0.4632234E+00  2.3730063E-08  8.0144756E-05  2.1941597E-05  8.9534342E-03  3.0953038E-04  6.0093181E-07  2.8197286E-09  2.0586076E-03  2.9905681E-06  1.627E-10  9.431E-17  1.498E+11  1.208E+13  3.566E+01  1.304E+07  0.41279004  2.462E-05  2.706E-05  9.734E-01  4.746E-06  2.131E-05  1.034E+00  237   38.4267  9.37E-03 2.0583E+01 3.0006E+01    7.64E+02 0.00E+00 2.16E+02  0.412138  0.274508 7.64E+02 0.00E+00 2.16E+02  0.412790  0.274533  0.0000000E+00  0.0000000E+00  6.7120349E-04  4.4260530E+00  1.1712497E+00  1.5505348E-03 -1.5502323E+00  4.9571840E-01  5.8428969E-01 0.000 0.684 1.000 1.000 1.000 1.000 1.000 1.000 1.000 1.000 1.000 1.000 1.000 1.000 1.000 1.000 1.000 1.000 1.000 1.000 1.000 1.000 1.000 1.000 1.000 1.000 1.000 1.000 1.000 1.000 1.000 1.000 1.000 1.000 1.000 1.000 1.000 1.000 1.000 1.000  1.3212759485E+00   0.72656   1.00000   0.00000   0.00000   0.7598977E-02
  1841  1.617649996494933E+06  56.312414  5.777056  4.657325  0.6845364E+00  0.3015283E+00  2.3712738E-05  1.4111895E-03  3.1142831E-05  4.0369021E-03  4.1321066E-03  2.7274550E-06  7.8115987E-06  2.0874456E-03  9.6249205E-05  0.6832    4.657325  -5.530  0.386336  7.631364  0.5210515E+00  0.4652848E+00  2.2659738E-08  8.0511237E-05  2.2043074E-05  8.9556085E-03  3.0644252E-04  5.8920342E-07  2.7674240E-09  2.0582628E-03  2.9812443E-06  1.655E-10  9.597E-17  1.570E+11  1.270E+13  3.738E+01  1.371E+07  0.41036480  2.442E-05  2.687E-05  9.737E-01  4.811E-06  2.115E-05  1.033E+00  238   38.4267  9.37E-03 2.0430E+01 2.9784E+01    7.63E+02 0.00E+00 2.14E+02  0.409604  0.275184 7.63E+02 0.00E+00 2.14E+02  0.410365  0.275208  0.0000000E+00  0.0000000E+00  6.0356741E-04  4.4205667E+00  1.1611181E+00  1.5251151E-03 -1.5481640E+00  4.9459604E-01  5.8446290E-01 0.000 0.685 1.000 1.000 1.000 1.000 1.000 1.000 1.000 1.000 1.000 1.000 1.000 1.000 1.000 1.000 1.000 1.000 1.000 1.000 1.000 1.000 1.000 1.000 1.000 1.000 1.000 1.000 1.000 1.000 1.000 1.000 1.000 1.000 1.000 1.000 1.000 1.000 1.000 1.000  1.3098567493E+00   0.72368   1.00000   0.00000   0.00000   0.7555511E-02
  1858  1.633064360083653E+06  56.266803  5.778042  4.657371  0.6833144E+00  0.3027534E+00  2.3410183E-05  1.3940520E-03  3.1078831E-05  4.0970741E-03  4.0863969E-03  2.7071580E-06  7.7116223E-06  2.0872170E-03  9.5058362E-05  0.6833    4.657371  -5.528  0.386770  7.631576  0.5190567E+00  0.4672798E+00  2.3615930E-08  8.0331591E-05  2.1985088E-05  8.9578600E-03  3.0418013E-04  5.8848356E-07  2.9615151E-09  2.0579293E-03  2.9884821E-06  1.662E-10  9.643E-17  1.646E+11  1.337E+13  3.918E+01  1.444E+07  0.40698127  2.416E-05  2.670E-05  9.741E-01  4.877E-06  2.099E-05  1.033E+00  240   38.4267  9.37E-03 2.0289E+01 2.9580E+01    7.63E+02 0.00E+00 2.13E+02  0.408027  0.275855 7.62E+02 0.00E+00 2.12E+02  0.406981  0.275857  0.0000000E+00  0.0000000E+00  6.6484016E-04  4.4134335E+00  1.1515259E+00  1.5026799E-03 -1.5463809E+00  4.9357042E-01  5.8472484E-01 0.000 0.685 1.000 1.000 1.000 1.000 1.000 1.000 1.000 1.000 1.000 1.000 1.000 1.000 1.000 1.000 1.000 1.000 1.000 1.000 1.000 1.000 1.000 1.000 1.000 1.000 1.000 1.000 1.000 1.000 1.000 1.000 1.000 1.000 1.000 1.000 1.000 1.000 1.000 1.000  1.2985622556E+00   0.72091   1.00000   0.00000   0.00000   0.7511419E-02
  1875  1.648478723672373E+06  56.220938  5.779053  4.657464  0.6820918E+00  0.3039790E+00  2.3114757E-05  1.3773176E-03  3.1015327E-05  4.1559924E-03  4.0415794E-03  2.6869620E-06  7.6139800E-06  2.0869889E-03  9.3895008E-05  0.6834    4.657464  -5.525  0.387121  7.631761  0.5170700E+00  0.4692667E+00  2.3468872E-08  8.0395547E-05  2.2002729E-05  8.9595639E-03  3.0212949E-04  5.8383876E-07  2.9679025E-09  2.0575969E-03  2.9989347E-06  1.673E-10  9.708E-17  1.648E+11  1.341E+13  3.922E+01  1.448E+07  0.40547308  2.403E-05  2.650E-05  9.743E-01  4.940E-06  2.083E-05  1.033E+00  242   38.4267  9.36E-03 2.0128E+01 2.9346E+01    7.62E+02 0.00E+00 2.11E+02  0.404857  0.276500 7.62E+02 0.00E+00 2.11E+02  0.405473  0.276524  0.0000000E+00  0.0000000E+00  6.6297613E-04  4.4067310E+00  1.1411092E+00  1.4780473E-03 -1.5445003E+00  4.9251601E-01  5.8495473E-01 0.000 0.686 1.000 1.000 1.000 1.000 1.000 1.000 1.000 1.000 1.000 1.000 1.000 1.000 1.000 1.000 1.000 1.000 1.000 1.000 1.000 1.000 1.000 1.000 1.000 1.000 1.000 1.000 1.000 1.000 1.000 1.000 1.000 1.000 1.000 1.000 1.000 1.000 1.000 1.000  1.2872788981E+00   0.71815   1.00000   0.00000   0.00000   0.7475749E-02
  1892  1.663802414534101E+06  56.175083  5.780048  4.657502  0.6808381E+00  0.3052358E+00  2.2818949E-05  1.3605610E-03  3.0950744E-05  4.2151450E-03  3.9965254E-03  2.6663751E-06  7.5161911E-06  2.0867556E-03  9.2729620E-05  0.6837    4.657502  -5.523  0.387441  7.631935  0.5151024E+00  0.4712345E+00  2.3003580E-08  8.0566745E-05  2.2049873E-05  8.9609420E-03  3.0027290E-04  5.7829729E-07  2.9230754E-09  2.0572676E-03  3.0115260E-06  1.599E-10  9.276E-17  1.627E+11  1.326E+13  3.872E+01  1.432E+07  0.40225820  2.378E-05  2.632E-05  9.748E-01  5.002E-06  2.067E-05  1.032E+00  244   38.4267  9.36E-03 1.9983E+01 2.9136E+01    7.61E+02 0.00E+00 2.10E+02  0.403311  0.277176 7.61E+02 0.00E+00 2.09E+02  0.402258  0.277178  0.0000000E+00  0.0000000E+00  5.9758025E-04  4.4001842E+00  1.1314698E+00  1.4555345E-03 -1.5425922E+00  4.9145471E-01  5.8516196E-01 0.000 0.687 1.000 1.000 1.000 1.000 1.000 1.000 1.000 1.000 1.000 1.000 1.000 1.000 1.000 1.000 1.000 1.000 1.000 1.000 1.000 1.000 1.000 1.000 1.000 1.000 1.000 1.000 1.000 1.000 1.000 1.000 1.000 1.000 1.000 1.000 1.000 1.000 1.000 1.000  1.2760697284E+00   0.71542   1.00000   0.00000   0.00000   0.7432370E-02
  1910  1.679225845395523E+06  56.128667  5.781072  4.657556  0.6795402E+00  0.3065368E+00  2.2519999E-05  1.3436260E-03  3.0884463E-05  4.2750826E-03  3.9508159E-03  2.6452067E-06  7.4173438E-06  2.0865146E-03  9.1551351E-05  0.6838    4.657556  -5.520  0.387807  7.632124  0.5131251E+00  0.4732119E+00  2.3070399E-08  8.0553024E-05  2.2046047E-05  8.9625230E-03  2.9849181E-04  5.7450547E-07  2.9793547E-09  2.0569365E-03  3.0244460E-06  1.667E-10  9.682E-17  1.643E+11  1.342E+13  3.910E+01  1.450E+07  0.39966331  2.358E-05  2.614E-05  9.751E-01  5.065E-06  2.051E-05  1.032E+00  246   38.4267  9.36E-03 1.9834E+01 2.8920E+01    7.60E+02 0.00E+00 2.08E+02  0.400721  0.277846 7.60E+02 0.00E+00 2.08E+02  0.399663  0.277846  0.0000000E+00  0.0000000E+00  6.5656491E-04  4.3932238E+00  1.1215282E+00  1.4325408E-03 -1.5407170E+00  4.9040204E-01  5.8538802E-01 0.000 0.687 1.000 1.000 1.000 1.000 1.000 1.000 1.000 1.000 1.000 1.000 1.000 1.000 1.000 1.000 1.000 1.000 1.000 1.000 1.000 1.000 1.000 1.000 1.000 1.000 1.000 1.000 1.000 1.000 1.000 1.000 1.000 1.000 1.000 1.000 1.000 1.000 1.000 1.000  1.2647945307E+00   0.71267   1.00000   0.00000   0.00000   0.7391206E-02
  1927  1.694486065348356E+06  56.082478  5.782096  4.657641  0.6782533E+00  0.3078267E+00  2.2230509E-05  1.3272265E-03  3.0819313E-05  4.3332699E-03  3.9063873E-03  2.6243688E-06  7.3216061E-06  2.0862762E-03  9.0409912E-05  0.6840    4.657641  -5.518  0.388166  7.632311  0.5111680E+00  0.4751692E+00  2.2843886E-08  8.0605202E-05  2.2061099E-05  8.9639217E-03  2.9680791E-04  5.7096608E-07  2.9593724E-09  2.0566085E-03  3.0366001E-06  1.670E-10  9.707E-17  1.639E+11  1.342E+13  3.900E+01  1.449E+07  0.39838773  2.346E-05  2.594E-05  9.753E-01  5.124E-06  2.035E-05  1.032E+00  246   38.4267  9.36E-03 1.9675E+01 2.8688E+01    7.60E+02 0.00E+00 2.06E+02  0.397577  0.278493 7.60E+02 0.00E+00 2.07E+02  0.398388  0.278518  0.0000000E+00  0.0000000E+00  6.5474950E-04  4.3862456E+00  1.1111868E+00  1.4078248E-03 -1.5388568E+00  4.8935937E-01  5.8561347E-01 0.000 0.688 1.000 1.000 1.000 1.000 1.000 1.000 1.000 1.000 1.000 1.000 1.000 1.000 1.000 1.000 1.000 1.000 1.000 1.000 1.000 1.000 1.000 1.000 1.000 1.000 1.000 1.000 1.000 1.000 1.000 1.000 1.000 1.000 1.000 1.000 1.000 1.000 1.000 1.000  1.2536472692E+00   0.70996   1.00000   0.00000   0.00000   0.7354819E-02
  1944  1.709746285301190E+06  56.036021  5.783130  4.657648  0.6769343E+00  0.3091487E+00  2.1940655E-05  1.3108062E-03  3.0753126E-05  4.3916718E-03  3.8617430E-03  2.6031764E-06  7.2257304E-06  2.0860325E-03  8.9266613E-05  0.6844    4.657648  -5.515  0.388552  7.632502  0.5091775E+00  0.4771599E+00  2.1639283E-08  8.0613613E-05  2.2076060E-05  8.9656899E-03  2.9476133E-04  5.6656882E-07  2.6446792E-09  2.0562746E-03  3.0394296E-06  1.595E-10  9.280E-17  1.567E+11  1.283E+13  3.729E+01  1.385E+07  0.39503827  2.321E-05  2.576E-05  9.757E-01  5.182E-06  2.019E-05  1.031E+00  248   38.2832  9.36E-03 1.9532E+01 2.8481E+01    7.59E+02 0.00E+00 2.05E+02  0.396117  0.279184 7.59E+02 0.00E+00 2.05E+02  0.395038  0.279194  0.0000000E+00  0.0000000E+00  6.5603415E-04  4.3794866E+00  1.1016457E+00  1.3860620E-03 -1.5369646E+00  4.8830112E-01  5.8582628E-01 0.000 0.686 1.000 1.000 1.000 1.000 1.000 1.000 1.000 1.000 1.000 1.000 1.000 1.000 1.000 1.000 1.000 1.000 1.000 1.000 1.000 1.000 1.000 1.000 1.000 1.000 1.000 1.000 1.000 1.000 1.000 1.000 1.000 1.000 1.000 1.000 1.000 1.000 1.000 1.000  1.2425047471E+00   0.70720   1.00000   0.00000   0.00000   0.7307122E-02
  1961  1.725006505254023E+06  55.989292  5.784144  4.657743  0.6756011E+00  0.3104850E+00  2.1654377E-05  1.2945885E-03  3.0686819E-05  4.4494881E-03  3.8174965E-03  2.5819301E-06  7.1310216E-06  2.0857867E-03  8.8137038E-05  0.6844    4.657743  -5.513  0.388912  7.632690  0.5071575E+00  0.4791801E+00  2.1829369E-08  8.0701592E-05  2.2092947E-05  8.9676275E-03  2.9241296E-04  5.6133749E-07  2.7899163E-09  2.0559353E-03  3.0360989E-06  1.557E-10  9.056E-17  1.592E+11  1.306E+13  3.789E+01  1.411E+07  0.39359154  2.308E-05  2.557E-05  9.759E-01  5.238E-06  2.004E-05  1.031E+00  250   38.2832  9.36E-03 1.9376E+01 2.8254E+01    7.58E+02 0.00E+00 2.03E+02  0.392614  0.279832 7.58E+02 0.00E+00 2.04E+02  0.393592  0.279858  0.0000000E+00  0.0000000E+00  6.5348861E-04  4.3726783E+00  1.0913587E+00  1.3625728E-03 -1.5350506E+00  4.8723463E-01  5.8604552E-01 0.000 0.686 1.000 1.000 1.000 1.000 1.000 1.000 1.000 1.000 1.000 1.000 1.000 1.000 1.000 1.000 1.000 1.000 1.000 1.000 1.000 1.000 1.000 1.000 1.000 1.000 1.000 1.000 1.000 1.000 1.000 1.000 1.000 1.000 1.000 1.000 1.000 1.000 1.000 1.000  1.2313725037E+00   0.70439   1.00000   0.00000   0.00000   0.7273875E-02
  1979  1.740194912407079E+06  55.942521  5.785148  4.657809  0.6742387E+00  0.3118505E+00  2.1368507E-05  1.2783940E-03  3.0619677E-05  4.5073530E-03  3.7731647E-03  2.5604076E-06  7.0364327E-06  2.0855361E-03  8.7008719E-05  0.6846    4.657809  -5.510  0.389256  7.632871  0.5051773E+00  0.4811605E+00  2.1665597E-08  8.0803474E-05  2.2121374E-05  8.9691304E-03  2.9052900E-04  5.5602818E-07  2.8051739E-09  2.0556027E-03  3.0432976E-06  1.628E-10  9.480E-17  1.592E+11  1.308E+13  3.788E+01  1.413E+07  0.39084945  2.287E-05  2.539E-05  9.763E-01  5.294E-06  1.988E-05  1.030E+00  252   38.2832  9.36E-03 1.9230E+01 2.8042E+01    7.57E+02 0.00E+00 2.02E+02  0.390154  0.280487 7.57E+02 0.00E+00 2.02E+02  0.390849  0.280512  0.0000000E+00  0.0000000E+00  6.4624097E-04  4.3658243E+00  1.0816134E+00  1.3406108E-03 -1.5331356E+00  4.8617229E-01  5.8624984E-01 0.000 0.687 1.000 1.000 1.000 1.000 1.000 1.000 1.000 1.000 1.000 1.000 1.000 1.000 1.000 1.000 1.000 1.000 1.000 1.000 1.000 1.000 1.000 1.000 1.000 1.000 1.000 1.000 1.000 1.000 1.000 1.000 1.000 1.000 1.000 1.000 1.000 1.000 1.000 1.000  1.2203050061E+00   0.70164   1.00000   0.00000   0.00000   0.7235914E-02
  1996  1.755302530160385E+06  55.895734  5.786149  4.657853  0.6728685E+00  0.3132237E+00  2.1087496E-05  1.2624750E-03  3.0552770E-05  4.5643588E-03  3.7294451E-03  2.5389587E-06  6.9434371E-06  2.0852845E-03  8.5899255E-05  0.6847    4.657853  -5.508  0.389617  7.633058  0.5032143E+00  0.4831237E+00  2.1594312E-08  8.0861490E-05  2.2136155E-05  8.9705273E-03  2.8883955E-04  5.5257575E-07  2.8280691E-09  2.0552727E-03  3.0528314E-06  1.635E-10  9.527E-17  1.597E+11  1.316E+13  3.801E+01  1.421E+07  0.38751882  2.263E-05  2.522E-05  9.767E-01  5.348E-06  1.973E-05  1.030E+00  254   38.2832  9.36E-03 1.9089E+01 2.7837E+01    7.57E+02 0.00E+00 2.01E+02  0.388603  0.281161 7.57E+02 0.00E+00 2.00E+02  0.387519  0.281163  0.0000000E+00  0.0000000E+00  6.4717024E-04  4.3587929E+00  1.0722319E+00  1.3197199E-03 -1.5312493E+00  4.8512119E-01  5.8645731E-01 0.000 0.687 1.000 1.000 1.000 1.000 1.000 1.000 1.000 1.000 1.000 1.000 1.000 1.000 1.000 1.000 1.000 1.000 1.000 1.000 1.000 1.000 1.000 1.000 1.000 1.000 1.000 1.000 1.000 1.000 1.000 1.000 1.000 1.000 1.000 1.000 1.000 1.000 1.000 1.000  1.2093094023E+00   0.69891   1.00000   0.00000   0.00000   0.7193972E-02
  2013  1.770410147913691E+06  55.848680  5.787174  4.657965  0.6714770E+00  0.3146182E+00  2.0808473E-05  1.2466690E-03  3.0485446E-05  4.6210806E-03  3.6858993E-03  2.5173806E-06  6.8510861E-06  2.0850296E-03  8.4797349E-05  0.6850    4.657965  -5.505  0.389985  7.633247  0.5012543E+00  0.4850839E+00  2.1407399E-08  8.0920121E-05  2.2152849E-05  8.9718343E-03  2.8725005E-04  5.4887890E-07  2.8204928E-09  2.0549431E-03  3.0632148E-06  1.637E-10  9.547E-17  1.595E+11  1.316E+13  3.796E+01  1.422E+07  0.38602725  2.250E-05  2.502E-05  9.769E-01  5.401E-06  1.957E-05  1.030E+00  256   38.2832  9.36E-03 1.8932E+01 2.7610E+01    7.56E+02 0.00E+00 1.99E+02  0.385359  0.281807 7.56E+02 0.00E+00 1.99E+02  0.386027  0.281831  0.0000000E+00  0.0000000E+00  6.4501876E-04  4.3515971E+00  1.0620765E+00  1.2970981E-03 -1.5293693E+00  4.8407401E-01  5.8667221E-01 0.000 0.688 1.000 1.000 1.000 1.000 1.000 1.000 1.000 1.000 1.000 1.000 1.000 1.000 1.000 1.000 1.000 1.000 1.000 1.000 1.000 1.000 1.000 1.000 1.000 1.000 1.000 1.000 1.000 1.000 1.000 1.000 1.000 1.000 1.000 1.000 1.000 1.000 1.000 1.000  1.1983289523E+00   0.69619   1.00000   0.00000   0.00000   0.7161188E-02
  2031  1.785517765666997E+06  55.801354  5.788194  4.658035  0.6700665E+00  0.3160316E+00  2.0531942E-05  1.2310045E-03  3.0417844E-05  4.6774106E-03  3.6426118E-03  2.4957241E-06  6.7595473E-06  2.0847718E-03  8.3705014E-05  0.6852    4.658035  -5.503  0.390244  7.633399  0.4992980E+00  0.4870404E+00  2.0275281E-08  8.1263925E-05  2.2254768E-05  8.9726548E-03  2.8573577E-04  5.4076904E-07  2.6694360E-09  2.0546139E-03  3.0745779E-06  1.628E-10  9.503E-17  1.523E+11  1.257E+13  3.624E+01  1.357E+07  0.38361737  2.232E-05  2.483E-05  9.772E-01  5.451E-06  1.942E-05  1.029E+00  258   38.2832  9.36E-03 1.8783E+01 2.7394E+01    7.55E+02 0.00E+00 1.97E+02  0.382875  0.282473 7.55E+02 0.00E+00 1.98E+02  0.383617  0.282495  0.0000000E+00  0.0000000E+00  5.7982889E-04  4.3450523E+00  1.0523339E+00  1.2754488E-03 -1.5273555E+00  4.8298437E-01  5.8683210E-01 0.000 0.689 1.000 1.000 1.000 1.000 1.000 1.000 1.000 1.000 1.000 1.000 1.000 1.000 1.000 1.000 1.000 1.000 1.000 1.000 1.000 1.000 1.000 1.000 1.000 1.000 1.000 1.000 1.000 1.000 1.000 1.000 1.000 1.000 1.000 1.000 1.000 1.000 1.000 1.000  1.1873595267E+00   0.69347   1.00000   0.00000   0.00000   0.7124548E-02
  2048  1.800474307242770E+06  55.754230  5.789212  4.658129  0.6686148E+00  0.3174864E+00  2.0253625E-05  1.2152396E-03  3.0348922E-05  4.7342165E-03  3.5989171E-03  2.4736610E-06  6.6674060E-06  2.0845069E-03  8.2605388E-05  0.6855    4.658129  -5.500  0.390704  7.633618  0.4973605E+00  0.4889780E+00  2.0993816E-08  8.1066695E-05  2.2193452E-05  8.9742087E-03  2.8429682E-04  5.4141259E-07  2.8152592E-09  2.0542877E-03  3.0849669E-06  1.632E-10  9.531E-17  1.587E+11  1.315E+13  3.776E+01  1.420E+07  0.38004660  2.207E-05  2.467E-05  9.776E-01  5.503E-06  1.927E-05  1.029E+00  257   38.2832  9.36E-03 1.8647E+01 2.7196E+01    7.55E+02 0.00E+00 1.96E+02  0.381121  0.283148 7.55E+02 0.00E+00 1.96E+02  0.380047  0.283151  0.0000000E+00  0.0000000E+00  6.3826608E-04  4.3371711E+00  1.0431298E+00  1.2556359E-03 -1.5255906E+00  4.8197705E-01  5.8707613E-01 0.000 0.689 1.000 1.000 1.000 1.000 1.000 1.000 1.000 1.000 1.000 1.000 1.000 1.000 1.000 1.000 1.000 1.000 1.000 1.000 1.000 1.000 1.000 1.000 1.000 1.000 1.000 1.000 1.000 1.000 1.000 1.000 1.000 1.000 1.000 1.000 1.000 1.000 1.000 1.000  1.1765123549E+00   0.69078   1.00000   0.00000   0.00000   0.7086960E-02
  2065  1.815430848818542E+06  55.706832  5.790254  4.658242  0.6671898E+00  0.3189143E+00  1.9986429E-05  1.2001052E-03  3.0281915E-05  4.7888565E-03  3.5568498E-03  2.4522323E-06  6.5789357E-06  2.0842474E-03  8.1549486E-05  0.6859    4.658242  -5.498  0.391102  7.633819  0.4954125E+00  0.4909260E+00  2.1090333E-08  8.1141958E-05  2.2211938E-05  8.9754191E-03  2.8279313E-04  5.3786383E-07  2.8895494E-09  2.0539594E-03  3.0933008E-06  1.549E-10  9.053E-17  1.619E+11  1.346E+13  3.853E+01  1.454E+07  0.37861306  2.195E-05  2.447E-05  9.778E-01  5.550E-06  1.912E-05  1.028E+00  254   38.2832  9.36E-03 1.8492E+01 2.6970E+01    7.54E+02 0.00E+00 1.94E+02  0.377970  0.283805 7.54E+02 0.00E+00 1.95E+02  0.378613  0.283830  0.0000000E+00  0.0000000E+00  6.3629226E-04  4.3298699E+00  1.0331434E+00  1.2331165E-03 -1.5237117E+00  4.8093427E-01  5.8728470E-01 0.000 0.690 1.000 1.000 1.000 1.000 1.000 1.000 1.000 1.000 1.000 1.000 1.000 1.000 1.000 1.000 1.000 1.000 1.000 1.000 1.000 1.000 1.000 1.000 1.000 1.000 1.000 1.000 1.000 1.000 1.000 1.000 1.000 1.000 1.000 1.000 1.000 1.000 1.000 1.000  1.1656797522E+00   0.68807   1.00000   0.00000   0.00000   0.7052995E-02
  2083  1.831091227644940E+06  55.656903  5.791332  4.658333  0.6656577E+00  0.3204495E+00  1.9705458E-05  1.1841914E-03  3.0210565E-05  4.8464203E-03  3.5124917E-03  2.4294432E-06  6.4858940E-06  2.0839689E-03  8.0438947E-05  0.6860    4.658333  -5.495  0.391453  7.633998  0.4933108E+00  0.4930281E+00  1.9294773E-08  8.1327067E-05  2.2274568E-05  8.9771151E-03  2.8053703E-04  5.3121070E-07  2.4959924E-09  2.0536047E-03  3.0867682E-06  1.508E-10  8.814E-17  1.484E+11  1.231E+13  3.532E+01  1.329E+07  0.37591499  2.175E-05  2.429E-05  9.781E-01  5.599E-06  1.896E-05  1.028E+00  253   38.1388  9.36E-03 1.8342E+01 2.6752E+01    7.53E+02 0.00E+00 1.93E+02  0.375339  0.284507 7.53E+02 0.00E+00 1.93E+02  0.375915  0.284529  0.0000000E+00  0.0000000E+00  5.7184454E-04  4.3227022E+00  1.0231059E+00  1.2114599E-03 -1.5216545E+00  4.7980536E-01  5.8747373E-01 0.000 0.688 1.000 1.000 1.000 1.000 1.000 1.000 1.000 1.000 1.000 1.000 1.000 1.000 1.000 1.000 1.000 1.000 1.000 1.000 1.000 1.000 1.000 1.000 1.000 1.000 1.000 1.000 1.000 1.000 1.000 1.000 1.000 1.000 1.000 1.000 1.000 1.000 1.000 1.000  1.1543513639E+00   0.68515   1.00000   0.00000   0.00000   0.7015919E-02
  2101  1.846135748877042E+06  55.608658  5.792350  4.658462  0.6641666E+00  0.3219436E+00  1.9438050E-05  1.1690468E-03  3.0141808E-05  4.9013051E-03  3.4701609E-03  2.4075150E-06  6.3973341E-06  2.0836984E-03  7.9381843E-05  0.6862    4.658462  -5.493  0.391863  7.634202  0.4913203E+00  0.4950187E+00  1.9808562E-08  8.1256596E-05  2.2252162E-05  8.9787699E-03  2.7876931E-04  5.2839709E-07  2.6407501E-09  2.0532687E-03  3.0905317E-06  1.587E-10  9.285E-17  1.533E+11  1.276E+13  3.649E+01  1.378E+07  0.37339984  2.157E-05  2.411E-05  9.784E-01  5.644E-06  1.881E-05  1.028E+00  251   38.1388  9.36E-03 1.8196E+01 2.6541E+01    7.52E+02 0.00E+00 1.91E+02  0.372417  0.285164 7.53E+02 0.00E+00 1.91E+02  0.373400  0.285188  0.0000000E+00  0.0000000E+00  6.2725442E-04  4.3150897E+00  1.0134879E+00  1.1909948E-03 -1.5197713E+00  4.7875446E-01  5.8769014E-01 0.000 0.688 1.000 1.000 1.000 1.000 1.000 1.000 1.000 1.000 1.000 1.000 1.000 1.000 1.000 1.000 1.000 1.000 1.000 1.000 1.000 1.000 1.000 1.000 1.000 1.000 1.000 1.000 1.000 1.000 1.000 1.000 1.000 1.000 1.000 1.000 1.000 1.000 1.000 1.000  1.1434898813E+00   0.68239   1.00000   0.00000   0.00000   0.6984575E-02
  2119  1.861813723634706E+06  55.558085  5.793421  4.658588  0.6625835E+00  0.3235297E+00  1.9160423E-05  1.1533245E-03  3.0069538E-05  4.9583876E-03  3.4260975E-03  2.3845063E-06  6.3053811E-06  2.0834117E-03  7.8284187E-05  0.6864    4.658588  -5.490  0.392261  7.634403  0.4892546E+00  0.4970845E+00  1.9681102E-08  8.1318920E-05  2.2269111E-05  8.9801249E-03  2.7711944E-04  5.2484556E-07  2.6475693E-09  2.0529197E-03  3.0977836E-06  1.589E-10  9.304E-17  1.535E+11  1.280E+13  3.653E+01  1.382E+07  0.37044071  2.136E-05  2.392E-05  9.788E-01  5.690E-06  1.866E-05  1.027E+00  249   38.1388  9.36E-03 1.8047E+01 2.6324E+01    7.52E+02 0.00E+00 1.89E+02  0.369733  0.285857 7.52E+02 0.00E+00 1.90E+02  0.370441  0.285881  0.0000000E+00  0.0000000E+00  6.2610986E-04  4.3072459E+00  1.0035714E+00  1.1701066E-03 -1.5177706E+00  4.7764766E-01  5.8789872E-01 0.000 0.689 1.000 1.000 1.000 1.000 1.000 1.000 1.000 1.000 1.000 1.000 1.000 1.000 1.000 1.000 1.000 1.000 1.000 1.000 1.000 1.000 1.000 1.000 1.000 1.000 1.000 1.000 1.000 1.000 1.000 1.000 1.000 1.000 1.000 1.000 1.000 1.000 1.000 1.000  1.1321926798E+00   0.67952   1.00000   0.00000   0.00000   0.6950401E-02
  2137  1.877491698392370E+06  55.507205  5.794501  4.658716  0.6609923E+00  0.3251240E+00  1.8887642E-05  1.1378779E-03  2.9997644E-05  5.0145714E-03  3.3826911E-03  2.3616625E-06  6.2150248E-06  2.0831240E-03  7.7205554E-05  0.6867    4.658716  -5.488  0.392660  7.634605  0.4871956E+00  0.4991437E+00  1.9554183E-08  8.1383489E-05  2.2286672E-05  8.9813544E-03  2.7560935E-04  5.2131111E-07  2.6576904E-09  2.0525717E-03  3.1071830E-06  1.594E-10  9.341E-17  1.536E+11  1.284E+13  3.656E+01  1.387E+07  0.36779910  2.117E-05  2.373E-05  9.791E-01  5.734E-06  1.850E-05  1.027E+00  247   38.1388  9.36E-03 1.7894E+01 2.6103E+01    7.51E+02 0.00E+00 1.88E+02  0.367140  0.286557 7.51E+02 0.00E+00 1.88E+02  0.367799  0.286580  0.0000000E+00  0.0000000E+00  6.2514850E-04  4.2992876E+00  9.9360493E-01  1.1492625E-03 -1.5157670E+00  4.7654064E-01  5.8810487E-01 0.000 0.690 1.000 1.000 1.000 1.000 1.000 1.000 1.000 1.000 1.000 1.000 1.000 1.000 1.000 1.000 1.000 1.000 1.000 1.000 1.000 1.000 1.000 1.000 1.000 1.000 1.000 1.000 1.000 1.000 1.000 1.000 1.000 1.000 1.000 1.000 1.000 1.000 1.000 1.000  1.1209177474E+00   0.67666   1.00000   0.00000   0.00000   0.6915836E-02
  2155  1.892821273710974E+06  55.457154  5.795560  4.658839  0.6594085E+00  0.3267107E+00  1.8622123E-05  1.1228439E-03  2.9926815E-05  5.0693501E-03  3.3403361E-03  2.3392054E-06  6.1270672E-06  2.0828382E-03  7.6155531E-05  0.6869    4.658839  -5.485  0.392971  7.634775  0.4851859E+00  0.5011535E+00  1.8616971E-08  8.1686980E-05  2.2375206E-05  8.9821286E-03  2.7421648E-04  5.1499155E-07  2.5195609E-09  2.0522318E-03  3.1174602E-06  1.520E-10  8.902E-17  1.475E+11  1.233E+13  3.510E+01  1.331E+07  0.36513618  2.098E-05  2.355E-05  9.794E-01  5.775E-06  1.835E-05  1.026E+00  245   38.1388  9.36E-03 1.7745E+01 2.5886E+01    7.50E+02 0.00E+00 1.86E+02  0.364509  0.287244 7.51E+02 0.00E+00 1.87E+02  0.365136  0.287266  0.0000000E+00  0.0000000E+00  5.6161644E-04  4.2919231E+00  9.8385876E-01  1.1288799E-03 -1.5137110E+00  4.7542837E-01  5.8826829E-01 0.000 0.690 1.000 1.000 1.000 1.000 1.000 1.000 1.000 1.000 1.000 1.000 1.000 1.000 1.000 1.000 1.000 1.000 1.000 1.000 1.000 1.000 1.000 1.000 1.000 1.000 1.000 1.000 1.000 1.000 1.000 1.000 1.000 1.000 1.000 1.000 1.000 1.000 1.000 1.000  1.1099145260E+00   0.67387   1.00000   0.00000   0.00000   0.6883025E-02
  2173  1.907872129478330E+06  55.407718  5.796616  4.658999  0.6578219E+00  0.3283002E+00  1.8361907E-05  1.1081117E-03  2.9856581E-05  5.1231195E-03  3.2987293E-03  2.3169885E-06  6.0408606E-06  2.0825523E-03  7.5126398E-05  0.6873    4.658999  -5.482  0.393432  7.634995  0.4832140E+00  0.5031255E+00  1.9103774E-08  8.1530512E-05  2.2328586E-05  8.9835163E-03  2.7289645E-04  5.1431471E-07  2.6313856E-09  2.0518980E-03  3.1273994E-06  1.599E-10  9.379E-17  1.523E+11  1.278E+13  3.624E+01  1.380E+07  0.36253455  2.080E-05  2.337E-05  9.797E-01  5.816E-06  1.820E-05  1.026E+00  243   38.1388  9.36E-03 1.7600E+01 2.5675E+01    7.50E+02 0.00E+00 1.85E+02  0.361853  0.287921 7.50E+02 0.00E+00 1.85E+02  0.362535  0.287946  0.0000000E+00  0.0000000E+00  6.1650398E-04  4.2835853E+00  9.7431206E-01  1.1093230E-03 -1.5118669E+00  4.7439146E-01  5.8849547E-01 0.000 0.691 1.000 1.000 1.000 1.000 1.000 1.000 1.000 1.000 1.000 1.000 1.000 1.000 1.000 1.000 1.000 1.000 1.000 1.000 1.000 1.000 1.000 1.000 1.000 1.000 1.000 1.000 1.000 1.000 1.000 1.000 1.000 1.000 1.000 1.000 1.000 1.000 1.000 1.000  1.0991317687E+00   0.67113   1.00000   0.00000   0.00000   0.6852104E-02
  2191  1.923393324488416E+06  55.356429  5.797728  4.659159  0.6561645E+00  0.3299607E+00  1.8095986E-05  1.0930581E-03  2.9783966E-05  5.1781523E-03  3.2561126E-03  2.2940756E-06  5.9527585E-06  2.0822542E-03  7.4074633E-05  0.6876    4.659159  -5.480  0.393844  7.635202  0.4811499E+00  0.5051898E+00  1.6753158E-08  8.1471957E-05  2.2344208E-05  8.9849950E-03  2.7126837E-04  5.1118484E-07  1.9191584E-09  2.0515483E-03  3.1301634E-06  1.537E-10  9.024E-17  1.560E+11  1.313E+13  3.712E+01  1.418E+07  0.35992048  2.062E-05  2.318E-05  9.800E-01  5.856E-06  1.805E-05  1.026E+00  241   37.9935  9.36E-03 1.7451E+01 2.5458E+01    7.49E+02 0.00E+00 1.83E+02  0.359025  0.288647 7.49E+02 0.00E+00 1.83E+02  0.359920  0.288663  0.0000000E+00  0.0000000E+00  6.1515789E-04  4.2754386E+00  9.6449615E-01  1.0885820E-03 -1.5098702E+00  4.7329366E-01  5.8869144E-01 0.000 0.689 1.000 1.000 1.000 1.000 1.000 1.000 1.000 1.000 1.000 1.000 1.000 1.000 1.000 1.000 1.000 1.000 1.000 1.000 1.000 1.000 1.000 1.000 1.000 1.000 1.000 1.000 1.000 1.000 1.000 1.000 1.000 1.000 1.000 1.000 1.000 1.000 1.000 1.000  1.0880344784E+00   0.66832   1.00000   0.00000   0.00000   0.6820379E-02
  2209  1.938914519498502E+06  55.304820  5.798798  4.659317  0.6544781E+00  0.3316501E+00  1.7831380E-05  1.0780807E-03  2.9710860E-05  5.2329957E-03  3.2136108E-03  2.2710704E-06  5.8650870E-06  2.0819514E-03  7.3028019E-05  0.6878    4.659317  -5.477  0.394281  7.635411  0.4790400E+00  0.5072999E+00  1.8214180E-08  8.1631768E-05  2.2361536E-05  8.9865813E-03  2.6922452E-04  5.0640208E-07  2.4763126E-09  2.0511904E-03  3.1256636E-06  1.542E-10  9.057E-17  1.478E+11  1.243E+13  3.517E+01  1.342E+07  0.35697097  2.041E-05  2.300E-05  9.804E-01  5.895E-06  1.790E-05  1.025E+00  239   37.9935  9.36E-03 1.7305E+01 2.5247E+01    7.49E+02 0.00E+00 1.81E+02  0.356157  0.289327 7.49E+02 0.00E+00 1.82E+02  0.356971  0.289351  0.0000000E+00  0.0000000E+00  6.1341038E-04  4.2675860E+00  9.5481016E-01  1.0689447E-03 -1.5078237E+00  4.7216604E-01  5.8889282E-01 0.000 0.690 1.000 1.000 1.000 1.000 1.000 1.000 1.000 1.000 1.000 1.000 1.000 1.000 1.000 1.000 1.000 1.000 1.000 1.000 1.000 1.000 1.000 1.000 1.000 1.000 1.000 1.000 1.000 1.000 1.000 1.000 1.000 1.000 1.000 1.000 1.000 1.000 1.000 1.000  1.0769610253E+00   0.66533   1.00000   0.00000   0.00000   0.6790169E-02
  2228  1.954375354305771E+06  55.253103  5.799862  4.659478  0.6527743E+00  0.3333568E+00  1.7569888E-05  1.0632815E-03  2.9637784E-05  5.2872720E-03  3.1715182E-03  2.2481393E-06  5.7784439E-06  2.0816459E-03  7.1993697E-05  0.6881    4.659478  -5.474  0.394672  7.635609  0.4769757E+00  0.5093644E+00  1.8079531E-08  8.1740826E-05  2.2391607E-05  8.9878131E-03  2.6763806E-04  5.0175453E-07  2.4992130E-09  2.0508401E-03  3.1318788E-06  1.544E-10  9.074E-17  1.478E+11  1.245E+13  3.517E+01  1.345E+07  0.35303269  2.016E-05  2.283E-05  9.808E-01  5.933E-06  1.775E-05  1.025E+00  237   37.9935  9.36E-03 1.7166E+01 2.5044E+01    7.48E+02 0.00E+00 1.80E+02  0.354211  0.290027 7.48E+02 0.00E+00 1.80E+02  0.353033  0.290033  0.0000000E+00  0.0000000E+00  6.0724389E-04  4.2595525E+00  9.4549163E-01  1.0502916E-03 -1.5057798E+00  4.7104921E-01  5.8907549E-01 0.000 0.690 1.000 1.000 1.000 1.000 1.000 1.000 1.000 1.000 1.000 1.000 1.000 1.000 1.000 1.000 1.000 1.000 1.000 1.000 1.000 1.000 1.000 1.000 1.000 1.000 1.000 1.000 1.000 1.000 1.000 1.000 1.000 1.000 1.000 1.000 1.000 1.000 1.000 1.000  1.0659614105E+00   0.66246   1.00000   0.00000   0.00000   0.6759234E-02
  2246  1.969741337365758E+06  55.201392  5.800937  4.659645  0.6510455E+00  0.3350886E+00  1.7310278E-05  1.0485908E-03  2.9564416E-05  5.3412327E-03  3.1296413E-03  2.2251841E-06  5.6924212E-06  2.0813363E-03  7.0966808E-05  0.6883    4.659645  -5.472  0.395091  7.635816  0.4749286E+00  0.5114116E+00  1.7975345E-08  8.1794392E-05  2.2405654E-05  8.9890035E-03  2.6619100E-04  4.9894280E-07  2.5058573E-09  2.0504925E-03  3.1396239E-06  1.548E-10  9.110E-17  1.480E+11  1.250E+13  3.523E+01  1.350E+07  0.35027901  1.997E-05  2.265E-05  9.811E-01  5.970E-06  1.761E-05  1.025E+00  235   37.9935  9.36E-03 1.7019E+01 2.4831E+01    7.48E+02 0.00E+00 1.79E+02  0.351364  0.290714 7.47E+02 0.00E+00 1.78E+02  0.350279  0.290719  0.0000000E+00  0.0000000E+00  6.0558248E-04  4.2512591E+00  9.3588985E-01  1.0311831E-03 -1.5037795E+00  4.6994965E-01  5.8926997E-01 0.000 0.691 1.000 1.000 1.000 1.000 1.000 1.000 1.000 1.000 1.000 1.000 1.000 1.000 1.000 1.000 1.000 1.000 1.000 1.000 1.000 1.000 1.000 1.000 1.000 1.000 1.000 1.000 1.000 1.000 1.000 1.000 1.000 1.000 1.000 1.000 1.000 1.000 1.000 1.000  1.0550607191E+00   0.65962   1.00000   0.00000   0.00000   0.6730027E-02
  2264  1.985107320425744E+06  55.149365  5.802020  4.659815  0.6492924E+00  0.3368446E+00  1.7052685E-05  1.0340164E-03  2.9490814E-05  5.3948457E-03  3.0880062E-03  2.2022250E-06  5.6070646E-06  2.0810229E-03  6.9947905E-05  0.6886    4.659815  -5.469  0.395506  7.636022  0.4728855E+00  0.5134548E+00  1.7833372E-08  8.1856906E-05  2.2422936E-05  8.9900977E-03  2.6483829E-04  4.9578103E-07  2.5080521E-09  2.0501453E-03  3.1486129E-06  1.550E-10  9.125E-17  1.479E+11  1.252E+13  3.521E+01  1.352E+07  0.34761342  1.979E-05  2.246E-05  9.814E-01  6.006E-06  1.746E-05  1.024E+00  233   37.9935  9.36E-03 1.6872E+01 2.4618E+01    7.47E+02 0.00E+00 1.77E+02  0.348713  0.291403 7.47E+02 0.00E+00 1.76E+02  0.347613  0.291410  0.0000000E+00  0.0000000E+00  6.0429043E-04  4.2428750E+00  9.2628310E-01  1.0122225E-03 -1.5017713E+00  4.6884804E-01  5.8945965E-01 0.000 0.692 1.000 1.000 1.000 1.000 1.000 1.000 1.000 1.000 1.000 1.000 1.000 1.000 1.000 1.000 1.000 1.000 1.000 1.000 1.000 1.000 1.000 1.000 1.000 1.000 1.000 1.000 1.000 1.000 1.000 1.000 1.000 1.000 1.000 1.000 1.000 1.000 1.000 1.000  1.0441888491E+00   0.65678   1.00000   0.00000   0.00000   0.6700500E-02
  2283  2.000456230171218E+06  55.097076  5.803117  4.660005  0.6475065E+00  0.3386334E+00  1.6795881E-05  1.0194888E-03  2.9416642E-05  5.4483636E-03  3.0464177E-03  2.1791595E-06  5.5219677E-06  2.0807041E-03  6.8932144E-05  0.6890    4.660005  -5.466  0.395864  7.636208  0.4708476E+00  0.5154928E+00  1.7259930E-08  8.2046063E-05  2.2481151E-05  8.9909520E-03  2.6354287E-04  4.9022580E-07  2.4401528E-09  2.0497988E-03  3.1586065E-06  1.541E-10  9.082E-17  1.443E+11  1.223E+13  3.435E+01  1.320E+07  0.34571484  1.965E-05  2.227E-05  9.816E-01  6.042E-06  1.731E-05  1.024E+00  231   37.9935  9.36E-03 1.6718E+01 2.4395E+01    7.46E+02 0.00E+00 1.75E+02  0.345010  0.292086 7.46E+02 0.00E+00 1.75E+02  0.345715  0.292108  0.0000000E+00  0.0000000E+00  5.9502703E-04  4.2347773E+00  9.1637669E-01  9.9267450E-04 -1.4996921E+00  4.6772633E-01  5.8962209E-01 0.000 0.692 1.000 1.000 1.000 1.000 1.000 1.000 1.000 1.000 1.000 1.000 1.000 1.000 1.000 1.000 1.000 1.000 1.000 1.000 1.000 1.000 1.000 1.000 1.000 1.000 1.000 1.000 1.000 1.000 1.000 1.000 1.000 1.000 1.000 1.000 1.000 1.000 1.000 1.000  1.0333573658E+00   0.65396   1.00000   0.00000   0.00000   0.6674740E-02
  2301  2.015668553400604E+06  55.044932  5.804203  4.660200  0.6456921E+00  0.3404508E+00  1.6540507E-05  1.0050445E-03  2.9342097E-05  5.5016497E-03  3.0049831E-03  2.1560513E-06  5.4373438E-06  2.0803806E-03  6.7922078E-05  0.6893    4.660200  -5.464  0.396334  7.636432  0.4688284E+00  0.5175121E+00  1.7451850E-08  8.2008007E-05  2.2465494E-05  8.9920783E-03  2.6232583E-04  4.8939732E-07  2.4942539E-09  2.0494551E-03  3.1682799E-06  1.545E-10  9.110E-17  1.470E+11  1.249E+13  3.497E+01  1.349E+07  0.34308510  1.948E-05  2.209E-05  9.819E-01  6.077E-06  1.717E-05  1.023E+00  229   37.9935  9.36E-03 1.6574E+01 2.4184E+01    7.46E+02 0.00E+00 1.73E+02  0.342087  0.292769 7.46E+02 0.00E+00 1.74E+02  0.343085  0.292794  0.0000000E+00  0.0000000E+00  5.9312775E-04  4.2259072E+00  9.0690073E-01  9.7437616E-04 -1.4977569E+00  4.6665336E-01  5.8983118E-01 0.000 0.693 1.000 1.000 1.000 1.000 1.000 1.000 1.000 1.000 1.000 1.000 1.000 1.000 1.000 1.000 1.000 1.000 1.000 1.000 1.000 1.000 1.000 1.000 1.000 1.000 1.000 1.000 1.000 1.000 1.000 1.000 1.000 1.000 1.000 1.000 1.000 1.000 1.000 1.000  1.0226502392E+00   0.65115   1.00000   0.00000   0.00000   0.6647729E-02
  2319  2.030880876629989E+06  54.992464  5.805300  4.660383  0.6438504E+00  0.3422954E+00  1.6286793E-05  9.9069649E-04  2.9267264E-05  5.5546530E-03  2.9637429E-03  2.1329279E-06  5.3532695E-06  2.0800527E-03  6.6918628E-05  0.6897    4.660383  -5.461  0.396755  7.636639  0.4668099E+00  0.5195307E+00  1.7236839E-08  8.2065055E-05  2.2482106E-05  8.9930192E-03  2.6115603E-04  4.8663318E-07  2.4735427E-09  2.0491113E-03  3.1781120E-06  1.544E-10  9.109E-17  1.463E+11  1.246E+13  3.481E+01  1.345E+07  0.34009745  1.928E-05  2.191E-05  9.822E-01  6.111E-06  1.703E-05  1.023E+00  227   37.9935  9.36E-03 1.6432E+01 2.3978E+01    7.45E+02 0.00E+00 1.72E+02  0.339379  0.293461 7.45E+02 0.00E+00 1.72E+02  0.340097  0.293486  0.0000000E+00  0.0000000E+00  5.9166707E-04  4.2172813E+00  8.9754132E-01  9.5641295E-04 -1.4957565E+00  4.6555998E-01  5.9001359E-01 0.000 0.694 1.000 1.000 1.000 1.000 1.000 1.000 1.000 1.000 1.000 1.000 1.000 1.000 1.000 1.000 1.000 1.000 1.000 1.000 1.000 1.000 1.000 1.000 1.000 1.000 1.000 1.000 1.000 1.000 1.000 1.000 1.000 1.000 1.000 1.000 1.000 1.000 1.000 1.000  1.0119696967E+00   0.64835   1.00000   0.00000   0.00000   0.6619405E-02
  2338  2.046346738579865E+06  54.938787  5.806410  4.660507  0.6419519E+00  0.3441969E+00  1.6030779E-05  9.7622099E-04  2.9190975E-05  5.6081992E-03  2.9220550E-03  2.1094308E-06  5.2684331E-06  2.0797151E-03  6.5906145E-05  0.6900    4.660507  -5.458  0.397116  7.636823  0.4646652E+00  0.5216756E+00  1.5773093E-08  8.2390778E-05  2.2581834E-05  8.9943482E-03  2.5908747E-04  4.7871380E-07  2.2057102E-09  2.0487455E-03  3.1693927E-06  1.424E-10  8.401E-17  1.353E+11  1.150E+13  3.221E+01  1.242E+07  0.33641269  1.904E-05  2.174E-05  9.826E-01  6.145E-06  1.689E-05  1.023E+00  226   37.8527  9.36E-03 1.6293E+01 2.3777E+01    7.45E+02 0.00E+00 1.70E+02  0.337399  0.294179 7.44E+02 0.00E+00 1.70E+02  0.336413  0.294184  0.0000000E+00  0.0000000E+00  5.3250972E-04  4.2095996E+00  8.8831059E-01  9.3867033E-04 -1.4935452E+00  4.6438263E-01  5.9014512E-01 0.000 0.692 1.000 1.000 1.000 1.000 1.000 1.000 1.000 1.000 1.000 1.000 1.000 1.000 1.000 1.000 1.000 1.000 1.000 1.000 1.000 1.000 1.000 1.000 1.000 1.000 1.000 1.000 1.000 1.000 1.000 1.000 1.000 1.000 1.000 1.000 1.000 1.000 1.000 1.000  1.0011392400E+00   0.64537   1.00000   0.00000   0.00000   0.6586509E-02
  2357  2.062015431506134E+06  54.884062  5.807528  4.660762  0.6399941E+00  0.3461577E+00  1.5772410E-05  9.6161513E-04  2.9113202E-05  5.6622994E-03  2.8799109E-03  2.0855549E-06  5.1828176E-06  2.0793674E-03  6.4884433E-05  0.6903    4.660762  -5.456  0.397648  7.637070  0.4625385E+00  0.5238024E+00  1.6395259E-08  8.2206199E-05  2.2526121E-05  8.9959789E-03  2.5753814E-04  4.7828495E-07  2.3310393E-09  2.0483827E-03  3.1737749E-06  1.499E-10  8.856E-17  1.416E+11  1.208E+13  3.371E+01  1.305E+07  0.33434931  1.890E-05  2.155E-05  9.829E-01  6.178E-06  1.674E-05  1.022E+00  223   37.8527  9.36E-03 1.6141E+01 2.3555E+01    7.44E+02 0.00E+00 1.68E+02  0.333546  0.294859 7.44E+02 0.00E+00 1.69E+02  0.334349  0.294884  0.0000000E+00  0.0000000E+00  5.8209252E-04  4.2001149E+00  8.7838139E-01  9.1936777E-04 -1.4915525E+00  4.6327328E-01  5.9037298E-01 0.000 0.692 1.000 1.000 1.000 1.000 1.000 1.000 1.000 1.000 1.000 1.000 1.000 1.000 1.000 1.000 1.000 1.000 1.000 1.000 1.000 1.000 1.000 1.000 1.000 1.000 1.000 1.000 1.000 1.000 1.000 1.000 1.000 1.000 1.000 1.000 1.000 1.000 1.000 1.000  9.9020448116E-01   0.64242   1.00000   0.00000   0.00000   0.6565019E-02
  2375  2.077075631503228E+06  54.831137  5.808604  4.660969  0.6380869E+00  0.3480677E+00  1.5525997E-05  9.4768775E-04  2.9038302E-05  5.7139523E-03  2.8396500E-03  2.0626340E-06  5.1011647E-06  2.0790290E-03  6.3910083E-05  0.6906    4.660969  -5.453  0.398071  7.637277  0.4605035E+00  0.5258376E+00  1.6300659E-08  8.2271224E-05  2.2543793E-05  8.9970531E-03  2.5620440E-04  4.7522970E-07  2.3426783E-09  2.0480352E-03  3.1810125E-06  1.504E-10  8.894E-17  1.419E+11  1.213E+13  3.376E+01  1.310E+07  0.33144488  1.872E-05  2.138E-05  9.832E-01  6.209E-06  1.660E-05  1.022E+00  221   37.8527  9.36E-03 1.6000E+01 2.3350E+01    7.43E+02 0.00E+00 1.67E+02  0.330742  0.295534 7.43E+02 0.00E+00 1.67E+02  0.331445  0.295557  0.0000000E+00  0.0000000E+00  5.8025611E-04  4.1914684E+00  8.6917246E-01  9.0211058E-04 -1.4895304E+00  4.6217411E-01  5.9054624E-01 0.000 0.693 1.000 1.000 1.000 1.000 1.000 1.000 1.000 1.000 1.000 1.000 1.000 1.000 1.000 1.000 1.000 1.000 1.000 1.000 1.000 1.000 1.000 1.000 1.000 1.000 1.000 1.000 1.000 1.000 1.000 1.000 1.000 1.000 1.000 1.000 1.000 1.000 1.000 1.000  9.7972985149E-01   0.63959   1.00000   0.00000   0.00000   0.6540603E-02
  2394  2.092721505944652E+06  54.775810  5.809724  4.661168  0.6360609E+00  0.3500968E+00  1.5269694E-05  9.3320434E-04  2.8959652E-05  5.7677346E-03  2.7977061E-03  2.0386411E-06  5.0162368E-06  2.0786701E-03  6.2896733E-05  0.6910    4.661168  -5.450  0.398442  7.637469  0.4583978E+00  0.5279434E+00  1.5660846E-08  8.2561720E-05  2.2625697E-05  8.9977292E-03  2.5494819E-04  4.6993427E-07  2.2625727E-09  2.0476754E-03  3.1909687E-06  1.436E-10  8.492E-17  1.374E+11  1.176E+13  3.271E+01  1.270E+07  0.32761595  1.847E-05  2.120E-05  9.836E-01  6.241E-06  1.646E-05  1.021E+00  219   37.8527  9.36E-03 1.5860E+01 2.3146E+01    7.43E+02 0.00E+00 1.65E+02  0.328621  0.296245 7.43E+02 0.00E+00 1.65E+02  0.327616  0.296253  0.0000000E+00  0.0000000E+00  5.2184791E-04  4.1828053E+00  8.5992438E-01  8.8496132E-04 -1.4873464E+00  4.6100714E-01  5.9068988E-01 0.000 0.694 1.000 1.000 1.000 1.000 1.000 1.000 1.000 1.000 1.000 1.000 1.000 1.000 1.000 1.000 1.000 1.000 1.000 1.000 1.000 1.000 1.000 1.000 1.000 1.000 1.000 1.000 1.000 1.000 1.000 1.000 1.000 1.000 1.000 1.000 1.000 1.000 1.000 1.000  9.6888424128E-01   0.63666   1.00000   0.00000   0.00000   0.6513757E-02
  2413  2.107932307941714E+06  54.721681  5.810843  4.661434  0.6340614E+00  0.3520991E+00  1.5022052E-05  9.1921327E-04  2.8882948E-05  5.8197527E-03  2.7571158E-03  2.0153144E-06  4.9341812E-06  2.0783162E-03  6.1917736E-05  0.6914    4.661434  -5.447  0.398939  7.637702  0.4563532E+00  0.5299880E+00  1.5971018E-08  8.2429803E-05  2.2588210E-05  8.9989449E-03  2.5378106E-04  4.6895363E-07  2.3384606E-09  2.0473258E-03  3.2009753E-06  1.501E-10  8.889E-17  1.411E+11  1.212E+13  3.359E+01  1.309E+07  0.32564275  1.835E-05  2.102E-05  9.838E-01  6.271E-06  1.632E-05  1.021E+00  217   37.8527  9.36E-03 1.5711E+01 2.2931E+01    7.42E+02 0.00E+00 1.63E+02  0.324954  0.296925 7.42E+02 0.00E+00 1.64E+02  0.325643  0.296947  0.0000000E+00  0.0000000E+00  5.7060510E-04  4.1734135E+00  8.5037817E-01  8.6743258E-04 -1.4853709E+00  4.5992002E-01  5.9089031E-01 0.000 0.694 1.000 1.000 1.000 1.000 1.000 1.000 1.000 1.000 1.000 1.000 1.000 1.000 1.000 1.000 1.000 1.000 1.000 1.000 1.000 1.000 1.000 1.000 1.000 1.000 1.000 1.000 1.000 1.000 1.000 1.000 1.000 1.000 1.000 1.000 1.000 1.000 1.000 1.000  9.5837668912E-01   0.63383   1.00000   0.00000   0.00000   0.6493400E-02
  2431  2.122841905938835E+06  54.668292  5.811935  4.661681  0.6320723E+00  0.3540910E+00  1.4780721E-05  9.0558161E-04  2.8807535E-05  5.8704941E-03  2.7175010E-03  1.9924476E-06  4.8542194E-06  2.0779645E-03  6.0963804E-05  0.6918    4.661681  -5.445  0.399371  7.637911  0.4543482E+00  0.5319931E+00  1.5842090E-08  8.2489965E-05  2.2604643E-05  8.9998221E-03  2.5267994E-04  4.6645717E-07  2.3408210E-09  2.0469826E-03  3.2105251E-06  1.500E-10  8.889E-17  1.410E+11  1.213E+13  3.357E+01  1.310E+07  0.32289711  1.817E-05  2.084E-05  9.840E-01  6.300E-06  1.619E-05  1.021E+00  215   37.8527  9.36E-03 1.5572E+01 2.2728E+01    7.42E+02 0.00E+00 1.62E+02  0.322048  0.297599 7.42E+02 0.00E+00 1.62E+02  0.322897  0.297623  0.0000000E+00  0.0000000E+00  5.6848317E-04  4.1644692E+00  8.4134114E-01  8.5095627E-04 -1.4833642E+00  4.5883211E-01  5.9105813E-01 0.000 0.695 1.000 1.000 1.000 1.000 1.000 1.000 1.000 1.000 1.000 1.000 1.000 1.000 1.000 1.000 1.000 1.000 1.000 1.000 1.000 1.000 1.000 1.000 1.000 1.000 1.000 1.000 1.000 1.000 1.000 1.000 1.000 1.000 1.000 1.000 1.000 1.000 1.000 1.000  9.4811284729E-01   0.63104   1.00000   0.00000   0.00000   0.6472359E-02
  2449  2.137751503935955E+06  54.614573  5.813036  4.661938  0.6300324E+00  0.3561337E+00  1.4538233E-05  8.9188758E-04  2.8731107E-05  5.9215262E-03  2.6776389E-03  1.9693395E-06  4.7738776E-06  2.0776042E-03  6.0005425E-05  0.6922    4.661938  -5.442  0.399809  7.638123  0.4523417E+00  0.5339997E+00  1.5656162E-08  8.2548112E-05  2.2621372E-05  9.0006839E-03  2.5159884E-04  4.6389313E-07  2.3252383E-09  2.0466389E-03  3.2197585E-06  1.499E-10  8.887E-17  1.404E+11  1.211E+13  3.342E+01  1.308E+07  0.31988740  1.799E-05  2.067E-05  9.844E-01  6.329E-06  1.605E-05  1.020E+00  213   37.8527  9.36E-03 1.5436E+01 2.2531E+01    7.41E+02 0.00E+00 1.60E+02  0.319167  0.298276 7.41E+02 0.00E+00 1.61E+02  0.319887  0.298299  0.0000000E+00  0.0000000E+00  5.6638379E-04  4.1554080E+00  8.3239202E-01  8.3481794E-04 -1.4813553E+00  4.5774339E-01  5.9122464E-01 0.000 0.696 1.000 1.000 1.000 1.000 1.000 1.000 1.000 1.000 1.000 1.000 1.000 1.000 1.000 1.000 1.000 1.000 1.000 1.000 1.000 1.000 1.000 1.000 1.000 1.000 1.000 1.000 1.000 1.000 1.000 1.000 1.000 1.000 1.000 1.000 1.000 1.000 1.000 1.000  9.3788436543E-01   0.62825   1.00000   0.00000   0.00000   0.6451727E-02
  2469  2.153423148052932E+06  54.557748  5.814206  4.662220  0.6278597E+00  0.3583095E+00  1.4285312E-05  8.7760769E-04  2.8650701E-05  5.9748033E-03  2.6360018E-03  1.9450984E-06  4.6900832E-06  2.0772208E-03  5.9005960E-05  0.6927    4.662220  -5.439  0.400244  7.638336  0.4502544E+00  0.5360871E+00  1.5799477E-08  8.2665919E-05  2.2651996E-05  9.0013192E-03  2.5068037E-04  4.6072098E-07  2.4138819E-09  2.0462812E-03  3.2342338E-06  1.518E-10  9.006E-17  1.427E+11  1.234E+13  3.397E+01  1.332E+07  0.31696776  1.781E-05  2.049E-05  9.846E-01  6.358E-06  1.591E-05  1.020E+00  213   37.8527  9.36E-03 1.5291E+01 2.2320E+01    7.41E+02 0.00E+00 1.59E+02  0.316149  0.298991 7.41E+02 0.00E+00 1.59E+02  0.316968  0.299016  0.0000000E+00  0.0000000E+00  5.5853597E-04  4.1458369E+00  8.2296925E-01  8.1800829E-04 -1.4792190E+00  4.5659476E-01  5.9138489E-01 0.000 0.696 1.000 1.000 1.000 1.000 1.000 1.000 1.000 1.000 1.000 1.000 1.000 1.000 1.000 1.000 1.000 1.000 1.000 1.000 1.000 1.000 1.000 1.000 1.000 1.000 1.000 1.000 1.000 1.000 1.000 1.000 1.000 1.000 1.000 1.000 1.000 1.000 1.000 1.000  9.2717206861E-01   0.62535   1.00000   0.00000   0.00000   0.6430924E-02
  2488  2.169003677959924E+06  54.500878  5.815385  4.662464  0.6256666E+00  0.3605055E+00  1.4035440E-05  8.6350339E-04  2.8570582E-05  6.0274866E-03  2.5948076E-03  1.9210123E-06  4.6073036E-06  2.0768342E-03  5.8018703E-05  0.6932    4.662464  -5.436  0.400768  7.638575  0.4480981E+00  0.5382435E+00  1.4448851E-08  8.2662733E-05  2.2659792E-05  9.0027110E-03  2.4908689E-04  4.5790253E-07  2.0884598E-09  2.0459111E-03  3.2318282E-06  1.422E-10  8.449E-17  1.320E+11  1.140E+13  3.142E+01  1.231E+07  0.31299927  1.756E-05  2.032E-05  9.850E-01  6.387E-06  1.577E-05  1.020E+00  214   37.7111  9.36E-03 1.5155E+01 2.2123E+01    7.40E+02 0.00E+00 1.57E+02  0.314094  0.299735 7.40E+02 0.00E+00 1.57E+02  0.312999  0.299737  0.0000000E+00  0.0000000E+00  5.5824873E-04  4.1363638E+00  8.1397737E-01  8.0216653E-04 -1.4771023E+00  4.5544479E-01  5.9156132E-01 0.000 0.695 1.000 1.000 1.000 1.000 1.000 1.000 1.000 1.000 1.000 1.000 1.000 1.000 1.000 1.000 1.000 1.000 1.000 1.000 1.000 1.000 1.000 1.000 1.000 1.000 1.000 1.000 1.000 1.000 1.000 1.000 1.000 1.000 1.000 1.000 1.000 1.000 1.000 1.000  9.1656047202E-01   0.62237   1.00000   0.00000   0.00000   0.6405465E-02
  2507  2.184584207866916E+06  54.443633  5.816525  4.662778  0.6234500E+00  0.3627250E+00  1.3788177E-05  8.4954987E-04  2.8490645E-05  6.0796659E-03  2.5539870E-03  1.8970453E-06  4.5253935E-06  2.0764439E-03  5.7041923E-05  0.6935    4.662778  -5.434  0.401229  7.638798  0.4459386E+00  0.5404033E+00  1.4661690E-08  8.2749939E-05  2.2682721E-05  9.0039468E-03  2.4753276E-04  4.5432070E-07  2.1699154E-09  2.0455401E-03  3.2321851E-06  1.448E-10  8.612E-17  1.350E+11  1.169E+13  3.213E+01  1.262E+07  0.31084189  1.743E-05  2.014E-05  9.853E-01  6.414E-06  1.564E-05  1.019E+00  213   37.7111  9.36E-03 1.5007E+01 2.1907E+01    7.40E+02 0.00E+00 1.55E+02  0.310141  0.300407 7.40E+02 0.00E+00 1.56E+02  0.310842  0.300431  0.0000000E+00  0.0000000E+00  5.5407256E-04  4.1269195E+00  8.0440320E-01  7.8529446E-04 -1.4749360E+00  4.5428044E-01  5.9172555E-01 0.000 0.695 1.000 1.000 1.000 1.000 1.000 1.000 1.000 1.000 1.000 1.000 1.000 1.000 1.000 1.000 1.000 1.000 1.000 1.000 1.000 1.000 1.000 1.000 1.000 1.000 1.000 1.000 1.000 1.000 1.000 1.000 1.000 1.000 1.000 1.000 1.000 1.000 1.000 1.000  9.0599466706E-01   0.61936   1.00000   0.00000   0.00000   0.6390401E-02
  2527  2.200115536100519E+06  54.386204  5.817666  4.663088  0.6211831E+00  0.3649948E+00  1.3540604E-05  8.3558247E-04  2.8409967E-05  6.1319554E-03  2.5130599E-03  1.8729180E-06  4.4433863E-06  2.0760450E-03  5.6064096E-05  0.6939    4.663088  -5.431  0.401675  7.639015  0.4438048E+00  0.5425372E+00  1.4482585E-08  8.2865549E-05  2.2715927E-05  9.0049554E-03  2.4618843E-04  4.5021547E-07  2.1705654E-09  2.0451734E-03  3.2381314E-06  1.447E-10  8.607E-17  1.344E+11  1.166E+13  3.199E+01  1.259E+07  0.30780416  1.725E-05  1.996E-05  9.855E-01  6.441E-06  1.550E-05  1.019E+00  214   37.7111  9.36E-03 1.4866E+01 2.1702E+01    7.40E+02 0.00E+00 1.54E+02  0.307003  0.301095 7.40E+02 0.00E+00 1.54E+02  0.307804  0.301119  0.0000000E+00  0.0000000E+00  5.4589483E-04  4.1174054E+00  7.9521635E-01  7.6904592E-04 -1.4727649E+00  4.5311823E-01  5.9187834E-01 0.000 0.696 1.000 1.000 1.000 1.000 1.000 1.000 1.000 1.000 1.000 1.000 1.000 1.000 1.000 1.000 1.000 1.000 1.000 1.000 1.000 1.000 1.000 1.000 1.000 1.000 1.000 1.000 1.000 1.000 1.000 1.000 1.000 1.000 1.000 1.000 1.000 1.000 1.000 1.000  8.9551077255E-01   0.61640   1.00000   0.00000   0.00000   0.6374272E-02
  2546  2.215540260708445E+06  54.328802  5.818805  4.663388  0.6188933E+00  0.3672876E+00  1.3295737E-05  8.2177139E-04  2.8329554E-05  6.1837166E-03  2.4725268E-03  1.8489279E-06  4.3622814E-06  2.0756425E-03  5.5097142E-05  0.6943    4.663388  -5.428  0.402151  7.639241  0.4416910E+00  0.5446511E+00  1.4438411E-08  8.2917709E-05  2.2728685E-05  9.0059509E-03  2.4496707E-04  4.4798524E-07  2.1895425E-09  2.0448097E-03  3.2455468E-06  1.450E-10  8.633E-17  1.350E+11  1.174E+13  3.214E+01  1.268E+07  0.30378462  1.701E-05  1.979E-05  9.859E-01  6.467E-06  1.537E-05  1.018E+00  214   37.7111  9.36E-03 1.4733E+01 2.1508E+01    7.39E+02 0.00E+00 1.52E+02  0.304846  0.301793 7.39E+02 0.00E+00 1.52E+02  0.303785  0.301801  0.0000000E+00  0.0000000E+00  5.4506633E-04  4.1076646E+00  7.8645719E-01  7.5406095E-04 -1.4706362E+00  4.5197230E-01  5.9203901E-01 0.000 0.697 1.000 1.000 1.000 1.000 1.000 1.000 1.000 1.000 1.000 1.000 1.000 1.000 1.000 1.000 1.000 1.000 1.000 1.000 1.000 1.000 1.000 1.000 1.000 1.000 1.000 1.000 1.000 1.000 1.000 1.000 1.000 1.000 1.000 1.000 1.000 1.000 1.000 1.000  8.8514658557E-01   0.61346   1.00000   0.00000   0.00000   0.6355774E-02
  2565  2.230964985316371E+06  54.271028  5.819971  4.663742  0.6165726E+00  0.3696112E+00  1.3052716E-05  8.0806821E-04  2.8249152E-05  6.2351287E-03  2.4322478E-03  1.8249958E-06  4.2817946E-06  2.0752349E-03  5.4137673E-05  0.6947    4.663742  -5.425  0.402627  7.639468  0.4395814E+00  0.5467607E+00  1.4290095E-08  8.2982295E-05  2.2747062E-05  9.0068572E-03  2.4382455E-04  4.4530195E-07  2.1820016E-09  2.0444465E-03  3.2542295E-06  1.452E-10  8.656E-17  1.347E+11  1.174E+13  3.206E+01  1.268E+07  0.30163863  1.689E-05  1.961E-05  9.861E-01  6.493E-06  1.524E-05  1.018E+00  214   37.7111  9.36E-03 1.4586E+01 2.1295E+01    7.39E+02 0.00E+00 1.50E+02  0.300938  0.302476 7.39E+02 0.00E+00 1.51E+02  0.301639  0.302500  0.0000000E+00  0.0000000E+00  5.4092132E-04  4.0978055E+00  7.7708844E-01  7.3804084E-04 -1.4685007E+00  4.5082598E-01  5.9219948E-01 0.000 0.697 1.000 1.000 1.000 1.000 1.000 1.000 1.000 1.000 1.000 1.000 1.000 1.000 1.000 1.000 1.000 1.000 1.000 1.000 1.000 1.000 1.000 1.000 1.000 1.000 1.000 1.000 1.000 1.000 1.000 1.000 1.000 1.000 1.000 1.000 1.000 1.000 1.000 1.000  8.7483220664E-01   0.61053   1.00000   0.00000   0.00000   0.6343047E-02
  2585  2.246357236819857E+06  54.212998  5.821136  4.664031  0.6142182E+00  0.3719684E+00  1.2811278E-05  7.9445802E-04  2.8168693E-05  6.2862463E-03  2.3921809E-03  1.8010992E-06  4.2018384E-06  2.0748217E-03  5.3184650E-05  0.6952    4.664031  -5.422  0.403070  7.639682  0.4374793E+00  0.5488629E+00  1.3970009E-08  8.3116438E-05  2.2787546E-05  9.0076203E-03  2.4272711E-04  4.4128052E-07  2.1494157E-09  2.0440843E-03  3.2639825E-06  1.443E-10  8.606E-17  1.328E+11  1.159E+13  3.160E+01  1.251E+07  0.29865282  1.671E-05  1.943E-05  9.864E-01  6.518E-06  1.511E-05  1.018E+00  215   37.7111  9.36E-03 1.4447E+01 2.1093E+01    7.38E+02 0.00E+00 1.49E+02  0.297947  0.303173 7.38E+02 0.00E+00 1.49E+02  0.298653  0.303195  0.0000000E+00  0.0000000E+00  5.3317429E-04  4.0880957E+00  7.6809469E-01  7.2283856E-04 -1.4663222E+00  4.4966740E-01  5.9233602E-01 0.000 0.698 1.000 1.000 1.000 1.000 1.000 1.000 1.000 1.000 1.000 1.000 1.000 1.000 1.000 1.000 1.000 1.000 1.000 1.000 1.000 1.000 1.000 1.000 1.000 1.000 1.000 1.000 1.000 1.000 1.000 1.000 1.000 1.000 1.000 1.000 1.000 1.000 1.000 1.000  8.6458404144E-01   0.60761   1.00000   0.00000   0.00000   0.6324489E-02
  2604  2.261627714181703E+06  54.155047  5.822289  4.664326  0.6118363E+00  0.3743531E+00  1.2572059E-05  7.8097687E-04  2.8088415E-05  6.3369324E-03  2.3524339E-03  1.7773049E-06  4.1226247E-06  2.0744040E-03  5.2240602E-05  0.6957    4.664326  -5.419  0.403571  7.639916  0.4353923E+00  0.5509500E+00  1.3947887E-08  8.3140054E-05  2.2791456E-05  9.0085105E-03  2.4167434E-04  4.3982951E-07  2.1656161E-09  2.0437243E-03  3.2730770E-06  1.442E-10  8.607E-17  1.336E+11  1.169E+13  3.179E+01  1.262E+07  0.29481956  1.648E-05  1.927E-05  9.868E-01  6.542E-06  1.498E-05  1.017E+00  216   37.7111  9.36E-03 1.4316E+01 2.0903E+01    7.38E+02 0.00E+00 1.48E+02  0.295880  0.303868 7.38E+02 0.00E+00 1.47E+02  0.294820  0.303877  0.0000000E+00  0.0000000E+00  5.3249040E-04  4.0779893E+00  7.5951493E-01  7.0859369E-04 -1.4642196E+00  4.4853539E-01  5.9249468E-01 0.000 0.699 1.000 1.000 1.000 1.000 1.000 1.000 1.000 1.000 1.000 1.000 1.000 1.000 1.000 1.000 1.000 1.000 1.000 1.000 1.000 1.000 1.000 1.000 1.000 1.000 1.000 1.000 1.000 1.000 1.000 1.000 1.000 1.000 1.000 1.000 1.000 1.000 1.000 1.000  8.5446194287E-01   0.60471   1.00000   0.00000   0.00000   0.6305223E-02
  2623  2.276898191543549E+06  54.096715  5.823461  4.664662  0.6094374E+00  0.3767548E+00  1.2336093E-05  7.6768284E-04  2.8008690E-05  6.3869666E-03  2.3131803E-03  1.7537201E-06  4.0444949E-06  2.0739836E-03  5.1309601E-05  0.6962    4.664662  -5.417  0.404057  7.640145  0.4333028E+00  0.5530396E+00  1.3763654E-08  8.3201606E-05  2.2809345E-05  9.0093339E-03  2.4063108E-04  4.3737369E-07  2.1468378E-09  2.0433636E-03  3.2818958E-06  1.439E-10  8.598E-17  1.329E+11  1.165E+13  3.163E+01  1.258E+07  0.29280237  1.636E-05  1.909E-05  9.870E-01  6.565E-06  1.485E-05  1.017E+00  215   37.7111  9.36E-03 1.4173E+01 2.0694E+01    7.37E+02 0.00E+00 1.46E+02  0.292150  0.304551 7.37E+02 0.00E+00 1.46E+02  0.292802  0.304574  0.0000000E+00  0.0000000E+00  5.2863914E-04  4.0678804E+00  7.5035378E-01  6.9311163E-04 -1.4620904E+00  4.4739614E-01  5.9264622E-01 0.000 0.700 1.000 1.000 1.000 1.000 1.000 1.000 1.000 1.000 1.000 1.000 1.000 1.000 1.000 1.000 1.000 1.000 1.000 1.000 1.000 1.000 1.000 1.000 1.000 1.000 1.000 1.000 1.000 1.000 1.000 1.000 1.000 1.000 1.000 1.000 1.000 1.000 1.000 1.000  8.4438689724E-01   0.60181   1.00000   0.00000   0.00000   0.6290804E-02
  2643  2.292152594718699E+06  54.038059  5.824638  4.664982  0.6069940E+00  0.3792011E+00  1.2100688E-05  7.5442447E-04  2.7928633E-05  6.4369176E-03  2.2739744E-03  1.7300792E-06  3.9665590E-06  2.0735557E-03  5.0381043E-05  0.6967    4.664982  -5.414  0.404479  7.640351  0.4312172E+00  0.5551253E+00  1.3340004E-08  8.3400906E-05  2.2869675E-05  9.0099293E-03  2.3961443E-04  4.3278855E-07  2.0994773E-09  2.0430033E-03  3.2916338E-06  1.430E-10  8.554E-17  1.298E+11  1.140E+13  3.090E+01  1.231E+07  0.28987724  1.618E-05  1.892E-05  9.872E-01  6.588E-06  1.472E-05  1.017E+00  215   37.7111  9.36E-03 1.4036E+01 2.0495E+01    7.37E+02 0.00E+00 1.44E+02  0.289087  0.305245 7.37E+02 0.00E+00 1.44E+02  0.289877  0.305267  0.0000000E+00  0.0000000E+00  5.2076616E-04  4.0581068E+00  7.4154778E-01  6.7862334E-04 -1.4598796E+00  4.4623261E-01  5.9276120E-01 0.000 0.700 1.000 1.000 1.000 1.000 1.000 1.000 1.000 1.000 1.000 1.000 1.000 1.000 1.000 1.000 1.000 1.000 1.000 1.000 1.000 1.000 1.000 1.000 1.000 1.000 1.000 1.000 1.000 1.000 1.000 1.000 1.000 1.000 1.000 1.000 1.000 1.000 1.000 1.000  8.3436700385E-01   0.59891   1.00000   0.00000   0.00000   0.6275077E-02
  2662  2.307270367306927E+06  53.979543  5.825817  4.665303  0.6045369E+00  0.3816610E+00  1.1868848E-05  7.4137090E-04  2.7849291E-05  6.4861469E-03  2.2353178E-03  1.7066870E-06  3.8898113E-06  2.0731257E-03  4.9466780E-05  0.6973    4.665303  -5.411  0.405052  7.640611  0.4291449E+00  0.5571977E+00  1.3322606E-08  8.3353819E-05  2.2853309E-05  9.0108853E-03  2.3860486E-04  4.3219866E-07  2.0980931E-09  2.0426449E-03  3.2999176E-06  1.384E-10  8.283E-17  1.327E+11  1.169E+13  3.158E+01  1.262E+07  0.28600626  1.596E-05  1.876E-05  9.876E-01  6.609E-06  1.459E-05  1.016E+00  216   37.7111  9.36E-03 1.3909E+01 2.0310E+01    7.37E+02 0.00E+00 1.43E+02  0.287045  0.305937 7.37E+02 0.00E+00 1.42E+02  0.286006  0.305961  0.0000000E+00  0.0000000E+00  5.2000720E-04  4.0476355E+00  7.3316911E-01  6.6513853E-04 -1.4578140E+00  4.4511786E-01  5.9292852E-01 0.000 0.701 1.000 1.000 1.000 1.000 1.000 1.000 1.000 1.000 1.000 1.000 1.000 1.000 1.000 1.000 1.000 1.000 1.000 1.000 1.000 1.000 1.000 1.000 1.000 1.000 1.000 1.000 1.000 1.000 1.000 1.000 1.000 1.000 1.000 1.000 1.000 1.000 1.000 1.000  8.2448265765E-01   0.59602   1.00000   0.00000   0.00000   0.6256934E-02
  2681  2.322388139895155E+06  53.920638  5.826971  4.665652  0.6020740E+00  0.3841266E+00  1.1641215E-05  7.2855827E-04  2.7770921E-05  6.5345158E-03  2.1973202E-03  1.6836136E-06  3.8144648E-06  2.0726949E-03  4.8569347E-05  0.6977    4.665652  -5.408  0.405546  7.640835  0.4269649E+00  0.5593778E+00  1.2903075E-08  8.3409795E-05  2.2871727E-05  9.0123742E-03  2.3680914E-04  4.2845979E-07  2.0126289E-09  2.0422675E-03  3.2925434E-06  1.391E-10  8.333E-17  1.279E+11  1.126E+13  3.043E+01  1.216E+07  0.28390387  1.583E-05  1.858E-05  9.878E-01  6.629E-06  1.447E-05  1.016E+00  217   37.5685  9.36E-03 1.3769E+01 2.0107E+01    7.36E+02 0.00E+00 1.41E+02  0.283072  0.306612 7.36E+02 0.00E+00 1.41E+02  0.283904  0.306638  0.0000000E+00  0.0000000E+00  5.1557596E-04  4.0378458E+00  7.2424922E-01  6.5067362E-04 -1.4556213E+00  4.4395117E-01  5.9306386E-01 0.000 0.699 1.000 1.000 1.000 1.000 1.000 1.000 1.000 1.000 1.000 1.000 1.000 1.000 1.000 1.000 1.000 1.000 1.000 1.000 1.000 1.000 1.000 1.000 1.000 1.000 1.000 1.000 1.000 1.000 1.000 1.000 1.000 1.000 1.000 1.000 1.000 1.000 1.000 1.000  8.1464626058E-01   0.59301   1.00000   0.00000   0.00000   0.6245612E-02
  2701  2.337505912483382E+06  53.861351  5.828119  4.665987  0.5995657E+00  0.3866377E+00  1.1414105E-05  7.1577914E-04  2.7692282E-05  6.5828059E-03  2.1593681E-03  1.6604891E-06  3.7392996E-06  2.0722565E-03  4.7674215E-05  0.6981    4.665987  -5.405  0.405928  7.641029  0.4248486E+00  0.5614943E+00  1.2186095E-08  8.3780053E-05  2.2979332E-05  9.0129338E-03  2.3554923E-04  4.2215694E-07  1.9110941E-09  2.0419009E-03  3.2984219E-06  1.386E-10  8.310E-17  1.218E+11  1.073E+13  2.900E+01  1.159E+07  0.28087566  1.566E-05  1.842E-05  9.880E-01  6.648E-06  1.435E-05  1.016E+00  219   37.5685  9.36E-03 1.3637E+01 1.9915E+01    7.36E+02 0.00E+00 1.39E+02  0.279994  0.307284 7.36E+02 0.00E+00 1.39E+02  0.280876  0.307306  0.0000000E+00  0.0000000E+00  4.6145572E-04  4.0283613E+00  7.1568668E-01  6.3692400E-04 -1.4533275E+00  4.4276149E-01  5.9314747E-01 0.000 0.700 1.000 1.000 1.000 1.000 1.000 1.000 1.000 1.000 1.000 1.000 1.000 1.000 1.000 1.000 1.000 1.000 1.000 1.000 1.000 1.000 1.000 1.000 1.000 1.000 1.000 1.000 1.000 1.000 1.000 1.000 1.000 1.000 1.000 1.000 1.000 1.000 1.000 1.000  8.0486187834E-01   0.59007   1.00000   0.00000   0.00000   0.6233281E-02
  2720  2.352472507345724E+06  53.802276  5.829271  4.666353  0.5970327E+00  0.3891733E+00  1.1189461E-05  7.0314300E-04  2.7614068E-05  6.6306027E-03  2.1217875E-03  1.6375132E-06  3.6649599E-06  2.0718140E-03  4.6789058E-05  0.6987    4.666353  -5.402  0.406519  7.641291  0.4227585E+00  0.5635844E+00  1.2649621E-08  8.3576028E-05  2.2917941E-05  9.0142459E-03  2.3439627E-04  4.2256575E-07  2.0134951E-09  2.0415385E-03  3.3051501E-06  1.387E-10  8.321E-17  1.274E+11  1.126E+13  3.031E+01  1.216E+07  0.27677620  1.542E-05  1.826E-05  9.884E-01  6.667E-06  1.423E-05  1.015E+00  223   37.5685  9.36E-03 1.3514E+01 1.9737E+01    7.36E+02 0.00E+00 1.38E+02  0.277800  0.307962 7.36E+02 0.00E+00 1.37E+02  0.276776  0.307971  0.0000000E+00  0.0000000E+00  5.0636353E-04  4.0175641E+00  7.0760858E-01  6.2434900E-04 -1.4512849E+00  4.4165345E-01  5.9332075E-01 0.000 0.701 1.000 1.000 1.000 1.000 1.000 1.000 1.000 1.000 1.000 1.000 1.000 1.000 1.000 1.000 1.000 1.000 1.000 1.000 1.000 1.000 1.000 1.000 1.000 1.000 1.000 1.000 1.000 1.000 1.000 1.000 1.000 1.000 1.000 1.000 1.000 1.000 1.000 1.000  7.9522709127E-01   0.58716   1.00000   0.00000   0.00000   0.6220014E-02
  2739  2.367439102208066E+06  53.742815  5.830441  4.666739  0.5944997E+00  0.3917090E+00  1.0969388E-05  6.9076809E-04  2.7537041E-05  6.6774571E-03  2.0849322E-03  1.6149056E-06  3.5921416E-06  2.0713717E-03  4.5922162E-05  0.6992    4.666739  -5.400  0.407019  7.641522  0.4206732E+00  0.5656698E+00  1.2503410E-08  8.3640643E-05  2.2936458E-05  9.0150960E-03  2.3331768E-04  4.2007829E-07  2.0020958E-09  2.0411765E-03  3.3133375E-06  1.389E-10  8.337E-17  1.269E+11  1.124E+13  3.020E+01  1.214E+07  0.27471778  1.531E-05  1.809E-05  9.886E-01  6.684E-06  1.411E-05  1.015E+00  224   37.5685  9.36E-03 1.3377E+01 1.9537E+01    7.35E+02 0.00E+00 1.36E+02  0.274021  0.308632 7.35E+02 0.00E+00 1.36E+02  0.274718  0.308655  0.0000000E+00  0.0000000E+00  5.0212730E-04  4.0072181E+00  6.9892352E-01  6.1071443E-04 -1.4491333E+00  4.4051357E-01  5.9345131E-01 0.000 0.702 1.000 1.000 1.000 1.000 1.000 1.000 1.000 1.000 1.000 1.000 1.000 1.000 1.000 1.000 1.000 1.000 1.000 1.000 1.000 1.000 1.000 1.000 1.000 1.000 1.000 1.000 1.000 1.000 1.000 1.000 1.000 1.000 1.000 1.000 1.000 1.000 1.000 1.000  7.8564603527E-01   0.58427   1.00000   0.00000   0.00000   0.6210268E-02
  2759  2.382563240174222E+06  53.682332  5.831622  4.667126  0.5919025E+00  0.3943089E+00  1.0748351E-05  6.7834330E-04  2.7459283E-05  6.7245461E-03  2.0478766E-03  1.5920999E-06  3.5190139E-06  2.0709185E-03  4.5051734E-05  0.6997    4.667126  -5.397  0.407421  7.641722  0.4185658E+00  0.5677774E+00  1.1756249E-08  8.4002444E-05  2.3041889E-05  9.0155025E-03  2.3224598E-04  4.1441216E-07  1.8858657E-09  2.0408105E-03  3.3223934E-06  1.318E-10  7.911E-17  1.204E+11  1.067E+13  2.865E+01  1.152E+07  0.27175159  1.514E-05  1.792E-05  9.888E-01  6.701E-06  1.399E-05  1.015E+00  228   37.5685  9.36E-03 1.3246E+01 1.9346E+01    7.35E+02 0.00E+00 1.34E+02  0.271034  0.309319 7.35E+02 0.00E+00 1.35E+02  0.271752  0.309339  0.0000000E+00  0.0000000E+00  4.4943194E-04  3.9973188E+00  6.9049061E-01  5.9758116E-04 -1.4468327E+00  4.3932321E-01  5.9352978E-01 0.000 0.702 1.000 1.000 1.000 1.000 1.000 1.000 1.000 1.000 1.000 1.000 1.000 1.000 1.000 1.000 1.000 1.000 1.000 1.000 1.000 1.000 1.000 1.000 1.000 1.000 1.000 1.000 1.000 1.000 1.000 1.000 1.000 1.000 1.000 1.000 1.000 1.000 1.000 1.000  7.7601664768E-01   0.58134   1.00000   0.00000   0.00000   0.6200592E-02
  2779  2.398018218658386E+06  53.620111  5.832843  4.667574  0.5892230E+00  0.3969911E+00  1.0525045E-05  6.6579548E-04  2.7380338E-05  6.7721482E-03  2.0104011E-03  1.5689588E-06  3.4451455E-06  2.0704511E-03  4.4172653E-05  0.7003    4.667574  -5.394  0.408046  7.641997  0.4164098E+00  0.5699333E+00  1.2136555E-08  8.3801518E-05  2.2982476E-05  9.0167417E-03  2.3116990E-04  4.1473291E-07  1.9684055E-09  2.0404356E-03  3.3308888E-06  1.376E-10  8.272E-17  1.252E+11  1.114E+13  2.980E+01  1.203E+07  0.26860611  1.497E-05  1.776E-05  9.891E-01  6.717E-06  1.386E-05  1.014E+00  230   37.5685  9.36E-03 1.3112E+01 1.9151E+01    7.35E+02 0.00E+00 1.33E+02  0.267915  0.310025 7.35E+02 0.00E+00 1.33E+02  0.268606  0.310047  0.0000000E+00  0.0000000E+00  4.9136508E-04  3.9858258E+00  6.8194318E-01  5.8461731E-04 -1.4447045E+00  4.3817429E-01  5.9370172E-01 0.000 0.703 1.000 1.000 1.000 1.000 1.000 1.000 1.000 1.000 1.000 1.000 1.000 1.000 1.000 1.000 1.000 1.000 1.000 1.000 1.000 1.000 1.000 1.000 1.000 1.000 1.000 1.000 1.000 1.000 1.000 1.000 1.000 1.000 1.000 1.000 1.000 1.000 1.000 1.000  7.6623339192E-01   0.57835   1.00000   0.00000   0.00000   0.6192038E-02
  2799  2.413614985935982E+06  53.556888  5.834079  4.668015  0.5864917E+00  0.3997251E+00  1.0302244E-05  6.5328076E-04  2.7301194E-05  6.8196721E-03  1.9729708E-03  1.5457680E-06  3.3714550E-06  2.0699750E-03  4.3295859E-05  0.7009    4.668015  -5.391  0.408582  7.642242  0.4142301E+00  0.5721131E+00  1.1977623E-08  8.3868584E-05  2.3001546E-05  9.0175903E-03  2.3008899E-04  4.1225400E-07  1.9553322E-09  2.0400563E-03  3.3392545E-06  1.372E-10  8.258E-17  1.246E+11  1.111E+13  2.966E+01  1.200E+07  0.26547349  1.479E-05  1.759E-05  9.893E-01  6.731E-06  1.374E-05  1.014E+00  233   37.5685  9.36E-03 1.2978E+01 1.8956E+01    7.34E+02 0.00E+00 1.31E+02  0.264781  0.310740 7.34E+02 0.00E+00 1.31E+02  0.265473  0.310763  0.0000000E+00  0.0000000E+00  4.8833914E-04  3.9747308E+00  6.7335387E-01  5.7164109E-04 -1.4424378E+00  4.3697831E-01  5.9382757E-01 0.000 0.704 1.000 1.000 1.000 1.000 1.000 1.000 1.000 1.000 1.000 1.000 1.000 1.000 1.000 1.000 1.000 1.000 1.000 1.000 1.000 1.000 1.000 1.000 1.000 1.000 1.000 1.000 1.000 1.000 1.000 1.000 1.000 1.000 1.000 1.000 1.000 1.000 1.000 1.000  7.5641967751E-01   0.57532   1.00000   0.00000   0.00000   0.6183516E-02
  2820  2.429141567760833E+06  53.493514  5.835314  4.668446  0.5837461E+00  0.4024733E+00  1.0083031E-05  6.4097233E-04  2.7222971E-05  6.8664594E-03  1.9361046E-03  1.5228502E-06  3.2989620E-06  2.0694965E-03  4.2433487E-05  0.7016    4.668446  -5.388  0.409104  7.642483  0.4120630E+00  0.5742804E+00  1.1804778E-08  8.3972357E-05  2.3031004E-05  9.0183535E-03  2.2904464E-04  4.0922811E-07  1.9465538E-09  2.0396788E-03  3.3487946E-06  1.362E-10  8.206E-17  1.238E+11  1.106E+13  2.948E+01  1.195E+07  0.26152546  1.457E-05  1.743E-05  9.897E-01  6.745E-06  1.362E-05  1.014E+00  235   37.5685  9.35E-03 1.2851E+01 1.8771E+01    7.34E+02 0.00E+00 1.30E+02  0.262524  0.311464 7.34E+02 0.00E+00 1.29E+02  0.261525  0.311476  0.0000000E+00  0.0000000E+00  4.8208981E-04  3.9636681E+00  6.6515499E-01  5.5942566E-04 -1.4401557E+00  4.3578032E-01  5.9393964E-01 0.000 0.705 1.000 1.000 1.000 1.000 1.000 1.000 1.000 1.000 1.000 1.000 1.000 1.000 1.000 1.000 1.000 1.000 1.000 1.000 1.000 1.000 1.000 1.000 1.000 1.000 1.000 1.000 1.000 1.000 1.000 1.000 1.000 1.000 1.000 1.000 1.000 1.000 1.000 1.000  7.4670756614E-01   0.57231   1.00000   0.00000   0.00000   0.6174866E-02
  2840  2.444582367365655E+06  53.430054  5.836551  4.668900  0.5810030E+00  0.4052190E+00  9.8686441E-06  6.2893956E-04  2.7146147E-05  6.9122442E-03  1.9000127E-03  1.5003395E-06  3.2280757E-06  2.0690187E-03  4.1590401E-05  0.7022    4.668900  -5.385  0.409646  7.642730  0.4099006E+00  0.5764428E+00  1.1643460E-08  8.4034087E-05  2.3048416E-05  9.0191818E-03  2.2799590E-04  4.0704289E-07  1.9303220E-09  2.0393017E-03  3.3569879E-06  1.358E-10  8.186E-17  1.232E+11  1.103E+13  2.932E+01  1.191E+07  0.25852076  1.441E-05  1.726E-05  9.899E-01  6.757E-06  1.350E-05  1.013E+00  234   37.5685  9.35E-03 1.2719E+01 1.8579E+01    7.34E+02 0.00E+00 1.28E+02  0.259523  0.312181 7.34E+02 0.00E+00 1.28E+02  0.258521  0.312194  0.0000000E+00  0.0000000E+00  4.7924833E-04  3.9524552E+00  6.5675682E-01  5.4698967E-04 -1.4378966E+00  4.3459161E-01  5.9405846E-01 0.000 0.706 1.000 1.000 1.000 1.000 1.000 1.000 1.000 1.000 1.000 1.000 1.000 1.000 1.000 1.000 1.000 1.000 1.000 1.000 1.000 1.000 1.000 1.000 1.000 1.000 1.000 1.000 1.000 1.000 1.000 1.000 1.000 1.000 1.000 1.000 1.000 1.000 1.000 1.000  7.3711009833E-01   0.56930   1.00000   0.00000   0.00000   0.6165786E-02
  2860  2.460023166970477E+06  53.366156  5.837795  4.669362  0.5782286E+00  0.4079960E+00  9.6563894E-06  6.1703123E-04  2.7069791E-05  6.9576006E-03  1.8642430E-03  1.4779566E-06  3.1579056E-06  2.0685356E-03  4.0756007E-05  0.7028    4.669362  -5.382  0.410191  7.642977  0.4077329E+00  0.5786105E+00  1.1477009E-08  8.4101075E-05  2.3067620E-05  9.0200118E-03  2.2693619E-04  4.0460008E-07  1.9133698E-09  2.0389234E-03  3.3648089E-06  1.352E-10  8.161E-17  1.225E+11  1.099E+13  2.914E+01  1.187E+07  0.25540781  1.424E-05  1.710E-05  9.901E-01  6.768E-06  1.338E-05  1.013E+00  234   37.5685  9.35E-03 1.2588E+01 1.8389E+01    7.34E+02 0.00E+00 1.27E+02  0.256402  0.312903 7.34E+02 0.00E+00 1.26E+02  0.255408  0.312915  0.0000000E+00  0.0000000E+00  4.7613411E-04  3.9411688E+00  6.4842182E-01  5.3477316E-04 -1.4356233E+00  4.3339817E-01  5.9417248E-01 0.000 0.707 1.000 1.000 1.000 1.000 1.000 1.000 1.000 1.000 1.000 1.000 1.000 1.000 1.000 1.000 1.000 1.000 1.000 1.000 1.000 1.000 1.000 1.000 1.000 1.000 1.000 1.000 1.000 1.000 1.000 1.000 1.000 1.000 1.000 1.000 1.000 1.000 1.000 1.000  7.2757206857E-01   0.56629   1.00000   0.00000   0.00000   0.6158426E-02
  2881  2.475386762577273E+06  53.302134  5.839053  4.669848  0.5754575E+00  0.4107697E+00  9.4488495E-06  6.0539219E-04  2.6994863E-05  7.0019753E-03  1.8292323E-03  1.4559770E-06  3.0893056E-06  2.0680532E-03  3.9940454E-05  0.7036    4.669848  -5.379  0.410725  7.643221  0.4055888E+00  0.5807548E+00  1.1228264E-08  8.4198511E-05  2.3096397E-05  9.0207044E-03  2.2598150E-04  4.0183640E-07  1.8779054E-09  2.0385488E-03  3.3752717E-06  1.366E-10  8.260E-17  1.208E+11  1.086E+13  2.875E+01  1.173E+07  0.25336090  1.413E-05  1.692E-05  9.903E-01  6.777E-06  1.326E-05  1.013E+00  235   37.5685  9.35E-03 1.2450E+01 1.8188E+01    7.33E+02 0.00E+00 1.25E+02  0.252514  0.313623 7.33E+02 0.00E+00 1.25E+02  0.253361  0.313648  0.0000000E+00  0.0000000E+00  4.6677834E-04  3.9298148E+00  6.3984695E-01  5.2226293E-04 -1.4333499E+00  4.3220975E-01  5.9427852E-01 0.000 0.707 1.000 1.000 1.000 1.000 1.000 1.000 1.000 1.000 1.000 1.000 1.000 1.000 1.000 1.000 1.000 1.000 1.000 1.000 1.000 1.000 1.000 1.000 1.000 1.000 1.000 1.000 1.000 1.000 1.000 1.000 1.000 1.000 1.000 1.000 1.000 1.000 1.000 1.000  7.1814157422E-01   0.56332   1.00000   0.00000   0.00000   0.6153088E-02
  2900  2.489908834605605E+06  53.241201  5.840276  4.670282  0.5727849E+00  0.4134447E+00  9.2528104E-06  5.9440264E-04  2.6923859E-05  7.0439144E-03  1.7961292E-03  1.4351290E-06  3.0245178E-06  2.0675881E-03  3.9170387E-05  0.7044    4.670282  -5.376  0.411236  7.643453  0.4035965E+00  0.5827471E+00  1.1478957E-08  8.4278065E-05  2.3115726E-05  9.0211371E-03  2.2535802E-04  4.0027404E-07  1.9735055E-09  2.0382003E-03  3.3901527E-06  1.379E-10  8.340E-17  1.243E+11  1.121E+13  2.959E+01  1.211E+07  0.24954011  1.391E-05  1.678E-05  9.906E-01  6.786E-06  1.315E-05  1.012E+00  234   37.5685  9.35E-03 1.2337E+01 1.8023E+01    7.33E+02 0.00E+00 1.24E+02  0.250516  0.314345 7.33E+02 0.00E+00 1.23E+02  0.249540  0.314359  0.0000000E+00  0.0000000E+00  4.6571576E-04  3.9187918E+00  6.3243248E-01  5.1167440E-04 -1.4312169E+00  4.3109479E-01  5.9437381E-01 0.000 0.708 1.000 1.000 1.000 1.000 1.000 1.000 1.000 1.000 1.000 1.000 1.000 1.000 1.000 1.000 1.000 1.000 1.000 1.000 1.000 1.000 1.000 1.000 1.000 1.000 1.000 1.000 1.000 1.000 1.000 1.000 1.000 1.000 1.000 1.000 1.000 1.000 1.000 1.000  7.0927972885E-01   0.56055   1.00000   0.00000   0.00000   0.6142736E-02
  2921  2.505195226214375E+06  53.176623  5.841503  4.670682  0.5699693E+00  0.4162627E+00  9.0505377E-06  5.8306842E-04  2.6850381E-05  7.0872112E-03  1.7619399E-03  1.4135286E-06  2.9576815E-06  2.0670983E-03  3.8376144E-05  0.7049    4.670682  -5.373  0.411726  7.643678  0.4013330E+00  0.5850108E+00  1.0125235E-08  8.4621322E-05  2.3221347E-05  9.0221844E-03  2.2357981E-04  3.9362951E-07  1.6802557E-09  2.0378042E-03  3.3825050E-06  1.286E-10  7.787E-17  1.110E+11  9.989E+12  2.643E+01  1.079E+07  0.24752560  1.380E-05  1.661E-05  9.908E-01  6.794E-06  1.304E-05  1.012E+00  235   37.4251  9.35E-03 1.2202E+01 1.7827E+01    7.33E+02 0.00E+00 1.22E+02  0.246767  0.315045 7.33E+02 0.00E+00 1.22E+02  0.247526  0.315066  0.0000000E+00  0.0000000E+00  4.1522251E-04  3.9084444E+00  6.2399963E-01  4.9948012E-04 -1.4287715E+00  4.2984241E-01  5.9442862E-01 0.000 0.706 1.000 1.000 1.000 1.000 1.000 1.000 1.000 1.000 1.000 1.000 1.000 1.000 1.000 1.000 1.000 1.000 1.000 1.000 1.000 1.000 1.000 1.000 1.000 1.000 1.000 1.000 1.000 1.000 1.000 1.000 1.000 1.000 1.000 1.000 1.000 1.000 1.000 1.000  7.0000966255E-01   0.55741   1.00000   0.00000   0.00000   0.6133806E-02
  2941  2.520328753907062E+06  53.112254  5.842706  4.671148  0.5671264E+00  0.4191081E+00  8.8506071E-06  5.7187043E-04  2.6777551E-05  7.1300304E-03  1.7281129E-03  1.3920879E-06  2.8916314E-06  2.0666039E-03  3.7591424E-05  0.7054    4.671148  -5.370  0.412384  7.643962  0.3991407E+00  0.5872032E+00  1.0475244E-08  8.4417443E-05  2.3161386E-05  9.0236780E-03  2.2221809E-04  3.9346015E-07  1.7525812E-09  2.0374202E-03  3.3844243E-06  1.289E-10  7.809E-17  1.158E+11  1.046E+13  2.756E+01  1.129E+07  0.24453433  1.364E-05  1.645E-05  9.910E-01  6.802E-06  1.293E-05  1.012E+00  235   37.4251  9.35E-03 1.2077E+01 1.7646E+01    7.33E+02 0.00E+00 1.20E+02  0.243628  0.315726 7.33E+02 0.00E+00 1.21E+02  0.244534  0.315750  0.0000000E+00  0.0000000E+00  4.5334026E-04  3.8966206E+00  6.1603397E-01  4.8826018E-04 -1.4265846E+00  4.2867820E-01  5.9457187E-01 0.000 0.707 1.000 1.000 1.000 1.000 1.000 1.000 1.000 1.000 1.000 1.000 1.000 1.000 1.000 1.000 1.000 1.000 1.000 1.000 1.000 1.000 1.000 1.000 1.000 1.000 1.000 1.000 1.000 1.000 1.000 1.000 1.000 1.000 1.000 1.000 1.000 1.000 1.000 1.000  6.9089333249E-01   0.55436   1.00000   0.00000   0.00000   0.6128102E-02
  2961  2.535462281599749E+06  53.047449  5.843921  4.671600  0.5642588E+00  0.4219781E+00  8.6532102E-06  5.6081943E-04  2.6705460E-05  7.1723301E-03  1.6946815E-03  1.3708293E-06  2.8264311E-06  2.0661052E-03  3.6816985E-05  0.7060    4.671600  -5.367  0.412945  7.644213  0.3969544E+00  0.5893896E+00  1.0372657E-08  8.4490251E-05  2.3181667E-05  9.0246870E-03  2.2094507E-04  3.9066851E-07  1.7512105E-09  2.0370368E-03  3.3889559E-06  1.289E-10  7.815E-17  1.157E+11  1.046E+13  2.753E+01  1.130E+07  0.24145185  1.347E-05  1.630E-05  9.912E-01  6.809E-06  1.282E-05  1.012E+00  236   37.4251  9.35E-03 1.1953E+01 1.7465E+01    7.32E+02 0.00E+00 1.19E+02  0.240620  0.316417 7.32E+02 0.00E+00 1.19E+02  0.241452  0.316441  0.0000000E+00  0.0000000E+00  4.5020740E-04  3.8852727E+00  6.0812996E-01  4.7733089E-04 -1.4242821E+00  4.2747976E-01  5.9466499E-01 0.000 0.708 1.000 1.000 1.000 1.000 1.000 1.000 1.000 1.000 1.000 1.000 1.000 1.000 1.000 1.000 1.000 1.000 1.000 1.000 1.000 1.000 1.000 1.000 1.000 1.000 1.000 1.000 1.000 1.000 1.000 1.000 1.000 1.000 1.000 1.000 1.000 1.000 1.000 1.000  6.8184019436E-01   0.55133   1.00000   0.00000   0.00000   0.6121602E-02
  2982  2.550588242528589E+06  52.982233  5.845146  4.672037  0.5613571E+00  0.4248822E+00  8.4577015E-06  5.4987934E-04  2.6633887E-05  7.2142479E-03  1.6615373E-03  1.3496851E-06  2.7618675E-06  2.0656008E-03  3.6050300E-05  0.7066    4.672037  -5.364  0.413418  7.644435  0.3947772E+00  0.5915669E+00  9.9673028E-09  8.4767982E-05  2.3263809E-05  9.0253205E-03  2.1975411E-04  3.8562504E-07  1.7023387E-09  2.0366547E-03  3.3963830E-06  1.281E-10  7.778E-17  1.121E+11  1.015E+13  2.668E+01  1.096E+07  0.23763011  1.326E-05  1.615E-05  9.915E-01  6.815E-06  1.271E-05  1.011E+00  235   37.4251  9.35E-03 1.1834E+01 1.7292E+01    7.32E+02 0.00E+00 1.17E+02  0.238586  0.317114 7.32E+02 0.00E+00 1.17E+02  0.237630  0.317136  0.0000000E+00  0.0000000E+00  4.4447741E-04  3.8743302E+00  6.0054446E-01  4.6671591E-04 -1.4218771E+00  4.2625211E-01  5.9471177E-01 0.000 0.709 1.000 1.000 1.000 1.000 1.000 1.000 1.000 1.000 1.000 1.000 1.000 1.000 1.000 1.000 1.000 1.000 1.000 1.000 1.000 1.000 1.000 1.000 1.000 1.000 1.000 1.000 1.000 1.000 1.000 1.000 1.000 1.000 1.000 1.000 1.000 1.000 1.000 1.000  6.7285242353E-01   0.54831   1.00000   0.00000   0.00000   0.6113948E-02
  3002  2.565570434944352E+06  52.917194  5.846357  4.672522  0.5584504E+00  0.4277912E+00  8.2660181E-06  5.3915852E-04  2.6563560E-05  7.2553674E-03  1.6290099E-03  1.3288674E-06  2.6985804E-06  2.0650956E-03  3.5298969E-05  0.7072    4.672522  -5.361  0.414046  7.644703  0.3926194E+00  0.5937248E+00  1.0107586E-08  8.4661781E-05  2.3229960E-05  9.0264791E-03  2.1861327E-04  3.8514969E-07  1.7362263E-09  2.0362756E-03  3.4033972E-06  1.278E-10  7.766E-17  1.146E+11  1.041E+13  2.728E+01  1.124E+07  0.23466874  1.310E-05  1.599E-05  9.917E-01  6.821E-06  1.260E-05  1.011E+00  236   37.4251  9.35E-03 1.1712E+01 1.7114E+01    7.32E+02 0.00E+00 1.16E+02  0.235715  0.317784 7.32E+02 0.00E+00 1.15E+02  0.234669  0.317820  0.0000000E+00  0.0000000E+00  4.4149946E-04  3.8624617E+00  5.9280800E-01  4.5627969E-04 -1.4196559E+00  4.2510141E-01  5.9479260E-01 0.000 0.710 1.000 1.000 1.000 1.000 1.000 1.000 1.000 1.000 1.000 1.000 1.000 1.000 1.000 1.000 1.000 1.000 1.000 1.000 1.000 1.000 1.000 1.000 1.000 1.000 1.000 1.000 1.000 1.000 1.000 1.000 1.000 1.000 1.000 1.000 1.000 1.000 1.000 1.000  6.6401295965E-01   0.54531   1.00000   0.00000   0.00000   0.6109448E-02
  3022  2.580552627360115E+06  52.851720  5.847578  4.673013  0.5555151E+00  0.4307289E+00  8.0765398E-06  5.2856629E-04  2.6493906E-05  7.2960351E-03  1.5968255E-03  1.3082031E-06  2.6360346E-06  2.0645854E-03  3.4556641E-05  0.7079    4.673013  -5.358  0.414639  7.644964  0.3904584E+00  0.5958859E+00  9.9653039E-09  8.4732872E-05  2.3250174E-05  9.0273605E-03  2.1748825E-04  3.8264267E-07  1.7223374E-09  2.0358956E-03  3.4107819E-06  1.274E-10  7.745E-17  1.140E+11  1.038E+13  2.713E+01  1.121E+07  0.23176695  1.294E-05  1.584E-05  9.919E-01  6.825E-06  1.249E-05  1.011E+00  236   37.4251  9.35E-03 1.1590E+01 1.6937E+01    7.32E+02 0.00E+00 1.14E+02  0.232720  0.318487 7.32E+02 0.00E+00 1.14E+02  0.231767  0.318509  0.0000000E+00  0.0000000E+00  4.3823986E-04  3.8507036E+00  5.8513546E-01  4.4601351E-04 -1.4173837E+00  4.2391858E-01  5.9488679E-01 0.000 0.711 1.000 1.000 1.000 1.000 1.000 1.000 1.000 1.000 1.000 1.000 1.000 1.000 1.000 1.000 1.000 1.000 1.000 1.000 1.000 1.000 1.000 1.000 1.000 1.000 1.000 1.000 1.000 1.000 1.000 1.000 1.000 1.000 1.000 1.000 1.000 1.000 1.000 1.000  6.5523660437E-01   0.54231   1.00000   0.00000   0.00000   0.6105364E-02
  3043  2.595519837583458E+06  52.785860  5.848821  4.673496  0.5525585E+00  0.4336878E+00  7.8897220E-06  5.1812804E-04  2.6425119E-05  7.3361526E-03  1.5650623E-03  1.2877439E-06  2.5743804E-06  2.0640717E-03  3.3825099E-05  0.7086    4.673496  -5.355  0.415150  7.645197  0.3882969E+00  0.5980475E+00  9.5790421E-09  8.4941781E-05  2.3313912E-05  9.0280316E-03  2.1636810E-04  3.7832164E-07  1.6623237E-09  2.0355151E-03  3.4191058E-06  1.262E-10  7.680E-17  1.106E+11  1.007E+13  2.631E+01  1.088E+07  0.22966484  1.283E-05  1.568E-05  9.921E-01  6.829E-06  1.238E-05  1.010E+00  237   37.4251  9.35E-03 1.1464E+01 1.6753E+01    7.31E+02 0.00E+00 1.13E+02  0.229010  0.319193 7.31E+02 0.00E+00 1.13E+02  0.229665  0.319212  0.0000000E+00  0.0000000E+00  4.2927876E-04  3.8394009E+00  5.7728083E-01  4.3529265E-04 -1.4150061E+00  4.2270518E-01  5.9493590E-01 0.000 0.712 1.000 1.000 1.000 1.000 1.000 1.000 1.000 1.000 1.000 1.000 1.000 1.000 1.000 1.000 1.000 1.000 1.000 1.000 1.000 1.000 1.000 1.000 1.000 1.000 1.000 1.000 1.000 1.000 1.000 1.000 1.000 1.000 1.000 1.000 1.000 1.000 1.000 1.000  6.4653049116E-01   0.53930   1.00000   0.00000   0.00000   0.6100959E-02
  3063  2.610352208075063E+06  52.720145  5.850058  4.674008  0.5495897E+00  0.4366588E+00  7.7060787E-06  5.0787239E-04  2.6357416E-05  7.3756088E-03  1.5338088E-03  1.2675489E-06  2.5137870E-06  2.0635558E-03  3.3106350E-05  0.7093    4.674008  -5.352  0.415782  7.645470  0.3861530E+00  0.6001915E+00  9.6226071E-09  8.4901466E-05  2.3298791E-05  9.0290387E-03  2.1528987E-04  3.7742255E-07  1.6802465E-09  2.0351373E-03  3.4269654E-06  1.259E-10  7.670E-17  1.120E+11  1.023E+13  2.666E+01  1.105E+07  0.22685667  1.268E-05  1.553E-05  9.923E-01  6.833E-06  1.228E-05  1.010E+00  237   37.4251  9.35E-03 1.1344E+01 1.6579E+01    7.31E+02 0.00E+00 1.11E+02  0.226145  0.319889 7.31E+02 0.00E+00 1.11E+02  0.226857  0.319909  0.0000000E+00  0.0000000E+00  4.2621100E-04  3.8273665E+00  5.6978288E-01  4.2549133E-04 -1.4127743E+00  4.2153952E-01  5.9503678E-01 0.000 0.713 1.000 1.000 1.000 1.000 1.000 1.000 1.000 1.000 1.000 1.000 1.000 1.000 1.000 1.000 1.000 1.000 1.000 1.000 1.000 1.000 1.000 1.000 1.000 1.000 1.000 1.000 1.000 1.000 1.000 1.000 1.000 1.000 1.000 1.000 1.000 1.000 1.000 1.000  6.3796417011E-01   0.53633   1.00000   0.00000   0.00000   0.6097596E-02
  3083  2.625036254861753E+06  52.654642  5.851285  4.674502  0.5466367E+00  0.4396141E+00  7.5272156E-06  4.9788877E-04  2.6291422E-05  7.4140578E-03  1.5033393E-03  1.2477981E-06  2.4547837E-06  2.0630428E-03  3.2406661E-05  0.7100    4.674502  -5.349  0.416310  7.645707  0.3840257E+00  0.6023189E+00  9.1717858E-09  8.5153470E-05  2.3368807E-05  9.0296072E-03  2.1422129E-04  3.7372410E-07  1.6048351E-09  2.0347621E-03  3.4349708E-06  1.190E-10  7.249E-17  1.077E+11  9.852E+12  2.564E+01  1.064E+07  0.22397114  1.252E-05  1.538E-05  9.925E-01  6.836E-06  1.218E-05  1.010E+00  238   37.4251  9.35E-03 1.1226E+01 1.6408E+01    7.31E+02 0.00E+00 1.10E+02  0.223411  0.320582 7.31E+02 0.00E+00 1.10E+02  0.223971  0.320600  0.0000000E+00  0.0000000E+00  3.8102627E-04  3.8159684E+00  5.6242363E-01  4.1589879E-04 -1.4104419E+00  4.2034849E-01  5.9508558E-01 0.000 0.713 1.000 1.000 1.000 1.000 1.000 1.000 1.000 1.000 1.000 1.000 1.000 1.000 1.000 1.000 1.000 1.000 1.000 1.000 1.000 1.000 1.000 1.000 1.000 1.000 1.000 1.000 1.000 1.000 1.000 1.000 1.000 1.000 1.000 1.000 1.000 1.000 1.000 1.000  6.2954313237E-01   0.53337   1.00000   0.00000   0.00000   0.6094024E-02
  3104  2.639920538650078E+06  52.587790  5.852540  4.675032  0.5435934E+00  0.4426596E+00  7.3467440E-06  4.8782061E-04  2.6224809E-05  7.4528728E-03  1.4725658E-03  1.2277862E-06  2.3952629E-06  2.0625141E-03  3.1701039E-05  0.7107    4.675032  -5.346  0.416938  7.645978  0.3818656E+00  0.6044790E+00  9.3006579E-09  8.5071663E-05  2.3347406E-05  9.0306753E-03  2.1313687E-04  3.7226787E-07  1.6444027E-09  2.0343808E-03  3.4433558E-06  1.241E-10  7.573E-17  1.101E+11  1.010E+13  2.621E+01  1.091E+07  0.22028044  1.232E-05  1.524E-05  9.927E-01  6.838E-06  1.207E-05  1.010E+00  237   37.4251  9.35E-03 1.1113E+01 1.6243E+01    7.31E+02 0.00E+00 1.09E+02  0.221215  0.321286 7.31E+02 0.00E+00 1.08E+02  0.220280  0.321304  0.0000000E+00  0.0000000E+00  4.1732553E-04  3.8038122E+00  5.5525678E-01  4.0656453E-04 -1.4081612E+00  4.1916628E-01  5.9517040E-01 0.000 0.714 1.000 1.000 1.000 1.000 1.000 1.000 1.000 1.000 1.000 1.000 1.000 1.000 1.000 1.000 1.000 1.000 1.000 1.000 1.000 1.000 1.000 1.000 1.000 1.000 1.000 1.000 1.000 1.000 1.000 1.000 1.000 1.000 1.000 1.000 1.000 1.000 1.000 1.000  6.2106783847E-01   0.53037   1.00000   0.00000   0.00000   0.6091380E-02
  3124  2.654604585436766E+06  52.521383  5.853781  4.675557  0.5405796E+00  0.4456756E+00  7.1717733E-06  4.7806449E-04  2.6160231E-05  7.4905249E-03  1.4427003E-03  1.2083020E-06  2.3375694E-06  2.0619905E-03  3.1017277E-05  0.7115    4.675557  -5.343  0.417526  7.646236  0.3797269E+00  0.6066178E+00  9.1557574E-09  8.5139995E-05  2.3366939E-05  9.0315164E-03  2.1206227E-04  3.6996162E-07  1.6271625E-09  2.0340029E-03  3.4509245E-06  1.235E-10  7.543E-17  1.094E+11  1.005E+13  2.603E+01  1.085E+07  0.21748675  1.218E-05  1.509E-05  9.929E-01  6.839E-06  1.197E-05  1.010E+00  239   37.4251  9.35E-03 1.0997E+01 1.6074E+01    7.31E+02 0.00E+00 1.07E+02  0.218423  0.321982 7.31E+02 0.00E+00 1.07E+02  0.217487  0.322001  0.0000000E+00  0.0000000E+00  4.1429500E-04  3.7919451E+00  5.4800394E-01  3.9733643E-04 -1.4058602E+00  4.1798398E-01  5.9523451E-01 0.000 0.715 1.000 1.000 1.000 1.000 1.000 1.000 1.000 1.000 1.000 1.000 1.000 1.000 1.000 1.000 1.000 1.000 1.000 1.000 1.000 1.000 1.000 1.000 1.000 1.000 1.000 1.000 1.000 1.000 1.000 1.000 1.000 1.000 1.000 1.000 1.000 1.000 1.000 1.000  6.1276942744E-01   0.52740   1.00000   0.00000   0.00000   0.6089491E-02
  3144  2.669068371521653E+06  52.455528  5.855005  4.676072  0.5375899E+00  0.4486674E+00  7.0018072E-06  4.6859246E-04  2.6097530E-05  7.5271197E-03  1.4136599E-03  1.1892951E-06  2.2815387E-06  2.0614711E-03  3.0353412E-05  0.7122    4.676072  -5.340  0.418039  7.646467  0.3776172E+00  0.6087276E+00  8.6824379E-09  8.5440038E-05  2.3450959E-05  9.0319972E-03  2.1101298E-04  3.6591121E-07  1.5501329E-09  2.0336297E-03  3.4589963E-06  1.169E-10  7.142E-17  1.047E+11  9.631E+12  2.492E+01  1.040E+07  0.21482336  1.203E-05  1.494E-05  9.931E-01  6.840E-06  1.187E-05  1.009E+00  239   37.4251  9.35E-03 1.0882E+01 1.5907E+01    7.31E+02 0.00E+00 1.06E+02  0.215681  0.322668 7.31E+02 0.00E+00 1.05E+02  0.214823  0.322687  0.0000000E+00  0.0000000E+00  3.7016659E-04  3.7805689E+00  5.4088681E-01  3.8832133E-04 -1.4035072E+00  4.1679382E-01  5.9526154E-01 0.000 0.716 1.000 1.000 1.000 1.000 1.000 1.000 1.000 1.000 1.000 1.000 1.000 1.000 1.000 1.000 1.000 1.000 1.000 1.000 1.000 1.000 1.000 1.000 1.000 1.000 1.000 1.000 1.000 1.000 1.000 1.000 1.000 1.000 1.000 1.000 1.000 1.000 1.000 1.000  6.0465623769E-01   0.52447   1.00000   0.00000   0.00000   0.6088176E-02
  3164  2.683143030366689E+06  52.391012  5.856250  4.676594  0.5346329E+00  0.4516264E+00  6.8371539E-06  4.5942146E-04  2.6036843E-05  7.5625894E-03  1.3854990E-03  1.1708046E-06  2.2272720E-06  2.0609573E-03  2.9710632E-05  0.7129    4.676594  -5.337  0.418750  7.646758  0.3755091E+00  0.6108358E+00  7.8007112E-09  8.5252162E-05  2.3409586E-05  9.0333953E-03  2.0971754E-04  3.6475911E-07  1.2803596E-09  2.0332566E-03  3.4611007E-06  1.184E-10  7.248E-17  9.531E+10  8.766E+12  2.268E+01  9.467E+06  0.21208737  1.189E-05  1.481E-05  9.932E-01  6.840E-06  1.178E-05  1.009E+00  241   37.2807  9.35E-03 1.0774E+01 1.5749E+01    7.31E+02 0.00E+00 1.04E+02  0.213025  0.323368 7.30E+02 0.00E+00 1.04E+02  0.212087  0.323389  0.0000000E+00  0.0000000E+00  4.0435989E-04  3.7687056E+00  5.3404438E-01  3.7981219E-04 -1.4013664E+00  4.1567461E-01  5.9535912E-01 0.000 0.714 1.000 1.000 1.000 1.000 1.000 1.000 1.000 1.000 1.000 1.000 1.000 1.000 1.000 1.000 1.000 1.000 1.000 1.000 1.000 1.000 1.000 1.000 1.000 1.000 1.000 1.000 1.000 1.000 1.000 1.000 1.000 1.000 1.000 1.000 1.000 1.000 1.000 1.000  5.9681799395E-01   0.52156   1.00000   0.00000   0.00000   0.6085114E-02
  3185  2.698407097001445E+06  52.320564  5.857505  4.677177  0.5314103E+00  0.4548512E+00  6.6615205E-06  4.4964446E-04  2.5972194E-05  7.6004456E-03  1.3554286E-03  1.1509943E-06  2.1694005E-06  2.0603974E-03  2.9025362E-05  0.7135    4.677177  -5.334  0.419338  7.647018  0.3732169E+00  0.6131281E+00  8.4477283E-09  8.5373073E-05  2.3436426E-05  9.0344314E-03  2.0834150E-04  3.6173143E-07  1.4968661E-09  2.0328505E-03  3.4648700E-06  1.182E-10  7.242E-17  1.038E+11  9.578E+12  2.470E+01  1.034E+07  0.20986937  1.178E-05  1.465E-05  9.934E-01  6.840E-06  1.167E-05  1.009E+00  240   37.2807  9.35E-03 1.0651E+01 1.5571E+01    7.30E+02 0.00E+00 1.03E+02  0.209260  0.324058 7.30E+02 0.00E+00 1.03E+02  0.209869  0.324079  0.0000000E+00  0.0000000E+00  3.9925660E-04  3.7565500E+00  5.2645943E-01  3.7022609E-04 -1.3988657E+00  4.1440659E-01  5.9539710E-01 0.000 0.715 1.000 1.000 1.000 1.000 1.000 1.000 1.000 1.000 1.000 1.000 1.000 1.000 1.000 1.000 1.000 1.000 1.000 1.000 1.000 1.000 1.000 1.000 1.000 1.000 1.000 1.000 1.000 1.000 1.000 1.000 1.000 1.000 1.000 1.000 1.000 1.000 1.000 1.000  5.8838446144E-01   0.51836   1.00000   0.00000   0.00000   0.6089377E-02
  3207  2.713627552017249E+06  52.249830  5.858775  4.677756  0.5281581E+00  0.4581055E+00  6.4882183E-06  4.4000315E-04  2.5908521E-05  7.6378211E-03  1.3257243E-03  1.1313560E-06  2.1123122E-06  2.0598324E-03  2.8349588E-05  0.7142    4.677756  -5.331  0.419952  7.647285  0.3709341E+00  0.6154110E+00  8.2944188E-09  8.5501195E-05  2.3473671E-05  9.0353962E-03  2.0702520E-04  3.5816493E-07  1.4844340E-09  2.0324456E-03  3.4712225E-06  1.176E-10  7.208E-17  1.029E+11  9.509E+12  2.448E+01  1.027E+07  0.20692089  1.162E-05  1.450E-05  9.936E-01  6.839E-06  1.157E-05  1.008E+00  241   37.2807  9.35E-03 1.0535E+01 1.5401E+01    7.30E+02 0.00E+00 1.01E+02  0.206230  0.324756 7.30E+02 0.00E+00 1.01E+02  0.206921  0.324777  0.0000000E+00  0.0000000E+00  3.9162857E-04  3.7441973E+00  5.1918839E-01  3.6137038E-04 -1.3963861E+00  4.1314699E-01  5.9543774E-01 0.000 0.716 1.000 1.000 1.000 1.000 1.000 1.000 1.000 1.000 1.000 1.000 1.000 1.000 1.000 1.000 1.000 1.000 1.000 1.000 1.000 1.000 1.000 1.000 1.000 1.000 1.000 1.000 1.000 1.000 1.000 1.000 1.000 1.000 1.000 1.000 1.000 1.000 1.000 1.000  5.8004818743E-01   0.51519   1.00000   0.00000   0.00000   0.6092183E-02
  3228  2.728738977985665E+06  52.179114  5.860046  4.678362  0.5249084E+00  0.4613573E+00  6.3188964E-06  4.3058918E-04  2.5846450E-05  7.6743598E-03  1.2966695E-03  1.1120789E-06  2.0565501E-06  2.0592676E-03  2.7689738E-05  0.7149    4.678362  -5.328  0.420598  7.647563  0.3686727E+00  0.6176726E+00  8.2433175E-09  8.5561534E-05  2.3488977E-05  9.0363784E-03  2.0580517E-04  3.5598590E-07  1.4920222E-09  2.0320441E-03  3.4786230E-06  1.176E-10  7.213E-17  1.032E+11  9.557E+12  2.455E+01  1.032E+07  0.20319098  1.143E-05  1.436E-05  9.938E-01  6.838E-06  1.147E-05  1.008E+00  240   37.2807  9.35E-03 1.0424E+01 1.5240E+01    7.30E+02 0.00E+00 1.00E+02  0.204078  0.325459 7.30E+02 0.00E+00 9.95E+01  0.203191  0.325478  0.0000000E+00  0.0000000E+00  3.8963409E-04  3.7316226E+00  5.1226422E-01  3.5290578E-04 -1.3939511E+00  4.1190476E-01  5.9548796E-01 0.000 0.717 1.000 1.000 1.000 1.000 1.000 1.000 1.000 1.000 1.000 1.000 1.000 1.000 1.000 1.000 1.000 1.000 1.000 1.000 1.000 1.000 1.000 1.000 1.000 1.000 1.000 1.000 1.000 1.000 1.000 1.000 1.000 1.000 1.000 1.000 1.000 1.000 1.000 1.000  5.7184394643E-01   0.51204   1.00000   0.00000   0.00000   0.6096197E-02
  3249  2.743274730583853E+06  52.110626  5.861279  4.678894  0.5217437E+00  0.4645240E+00  6.1576085E-06  4.2162754E-04  2.5787480E-05  7.7091851E-03  1.2689624E-03  1.0936314E-06  2.0034481E-06  2.0587176E-03  2.7061584E-05  0.7155    4.678894  -5.325  0.421110  7.647793  0.3664953E+00  0.6198500E+00  7.6970773E-09  8.5940286E-05  2.3598053E-05  9.0368305E-03  2.0465382E-04  3.5091627E-07  1.4003907E-09  2.0316572E-03  3.4871330E-06  1.113E-10  6.826E-17  9.725E+10  9.011E+12  2.315E+01  9.732E+06  0.20120580  1.132E-05  1.421E-05  9.939E-01  6.836E-06  1.138E-05  1.008E+00  241   37.2807  9.35E-03 1.0309E+01 1.5072E+01    7.30E+02 0.00E+00 9.83E+01  0.200642  0.326137 7.30E+02 0.00E+00 9.85E+01  0.201206  0.326154  0.0000000E+00  0.0000000E+00  3.4658254E-04  3.7200959E+00  5.0519709E-01  3.4437181E-04 -1.3914741E+00  4.1067043E-01  5.9547737E-01 0.000 0.718 1.000 1.000 1.000 1.000 1.000 1.000 1.000 1.000 1.000 1.000 1.000 1.000 1.000 1.000 1.000 1.000 1.000 1.000 1.000 1.000 1.000 1.000 1.000 1.000 1.000 1.000 1.000 1.000 1.000 1.000 1.000 1.000 1.000 1.000 1.000 1.000 1.000 1.000  5.6402060248E-01   0.50902   1.00000   0.00000   0.00000   0.6097423E-02
  3270  2.758105515784278E+06  52.040269  5.862547  4.679484  0.5184759E+00  0.4677939E+00  5.9946989E-06  4.1258160E-04  2.5728104E-05  7.7443814E-03  1.2409450E-03  1.0749114E-06  1.9498270E-06  2.0581496E-03  2.6427517E-05  0.7162    4.679484  -5.322  0.421846  7.648098  0.3642715E+00  0.6220739E+00  7.9584869E-09  8.5740493E-05  2.3539968E-05  9.0381248E-03  2.0351230E-04  3.5073612E-07  1.4597415E-09  2.0312616E-03  3.4955730E-06  1.160E-10  7.131E-17  1.014E+11  9.431E+12  2.414E+01  1.019E+07  0.19768240  1.114E-05  1.408E-05  9.941E-01  6.834E-06  1.128E-05  1.008E+00  240   37.2807  9.35E-03 1.0202E+01 1.4916E+01    7.30E+02 0.00E+00 9.72E+01  0.198560  0.326826 7.30E+02 0.00E+00 9.68E+01  0.197682  0.326846  0.0000000E+00  0.0000000E+00  3.7933954E-04  3.7070423E+00  4.9849815E-01  3.3656724E-04 -1.3891590E+00  4.0947350E-01  5.9555697E-01 0.000 0.719 1.000 1.000 1.000 1.000 1.000 1.000 1.000 1.000 1.000 1.000 1.000 1.000 1.000 1.000 1.000 1.000 1.000 1.000 1.000 1.000 1.000 1.000 1.000 1.000 1.000 1.000 1.000 1.000 1.000 1.000 1.000 1.000 1.000 1.000 1.000 1.000 1.000 1.000  5.5610370990E-01   0.50593   1.00000   0.00000   0.00000   0.6099605E-02
  3290  2.772353431697349E+06  51.972217  5.863771  4.680033  0.5153275E+00  0.4709442E+00  5.8411443E-06  4.0406061E-04  2.5672345E-05  7.7775763E-03  1.2145063E-03  1.0571838E-06  1.8992988E-06  2.0576023E-03  2.5830243E-05  0.7169    4.680033  -5.320  0.422464  7.648362  0.3621308E+00  0.6242147E+00  7.8498760E-09  8.5813330E-05  2.3560550E-05  9.0389614E-03  2.0243554E-04  3.4841160E-07  1.4501620E-09  2.0308803E-03  3.5040279E-06  1.157E-10  7.117E-17  1.010E+11  9.402E+12  2.403E+01  1.015E+07  0.19507659  1.100E-05  1.394E-05  9.943E-01  6.831E-06  1.119E-05  1.008E+00  237   37.2807  9.35E-03 1.0094E+01 1.4760E+01    7.30E+02 0.00E+00 9.59E+01  0.195952  0.327497 7.30E+02 0.00E+00 9.55E+01  0.195077  0.327517  0.0000000E+00  0.0000000E+00  3.7631526E-04  3.6949357E+00  4.9189134E-01  3.2883756E-04 -1.3868251E+00  4.0829118E-01  5.9558737E-01 0.000 0.720 1.000 1.000 1.000 1.000 1.000 1.000 1.000 1.000 1.000 1.000 1.000 1.000 1.000 1.000 1.000 1.000 1.000 1.000 1.000 1.000 1.000 1.000 1.000 1.000 1.000 1.000 1.000 1.000 1.000 1.000 1.000 1.000 1.000 1.000 1.000 1.000 1.000 1.000  5.4856163516E-01   0.50296   1.00000   0.00000   0.00000   0.6100922E-02
  3311  2.786601347610421E+06  51.903707  5.865003  4.680581  0.5121647E+00  0.4741089E+00  5.6901570E-06  3.9568744E-04  2.5617751E-05  7.8102359E-03  1.1884797E-03  1.0396715E-06  1.8496287E-06  2.0570523E-03  2.5243327E-05  0.7177    4.680581  -5.317  0.422976  7.648591  0.3599919E+00  0.6263538E+00  7.3481653E-09  8.6199460E-05  2.3671619E-05  9.0393069E-03  2.0139374E-04  3.4347992E-07  1.3688546E-09  2.0304990E-03  3.5142148E-06  1.146E-10  7.057E-17  9.539E+10  8.886E+12  2.270E+01  9.597E+06  0.19338185  1.091E-05  1.380E-05  9.944E-01  6.827E-06  1.109E-05  1.007E+00  233   37.2807  9.35E-03 9.9809E+00 1.4595E+01    7.30E+02 0.00E+00 9.42E+01  0.192627  0.328174 7.30E+02 0.00E+00 9.46E+01  0.193382  0.328195  0.0000000E+00  0.0000000E+00  3.3466851E-04  3.6833307E+00  4.8507192E-01  3.2067847E-04 -1.3843666E+00  4.0707347E-01  5.9556391E-01 0.000 0.721 1.000 1.000 1.000 1.000 1.000 1.000 1.000 1.000 1.000 1.000 1.000 1.000 1.000 1.000 1.000 1.000 1.000 1.000 1.000 1.000 1.000 1.000 1.000 1.000 1.000 1.000 1.000 1.000 1.000 1.000 1.000 1.000 1.000 1.000 1.000 1.000 1.000 1.000  5.4108099017E-01   0.49999   1.00000   0.00000   0.00000   0.6103408E-02
  3331  2.800706784364368E+06  51.835427  5.866235  4.681170  0.5089979E+00  0.4772776E+00  5.5421990E-06  3.8748761E-04  2.5564518E-05  7.8422599E-03  1.1629454E-03  1.0224293E-06  1.8009686E-06  2.0565015E-03  2.4668556E-05  0.7184    4.681170  -5.314  0.423700  7.648889  0.3578702E+00  0.6284755E+00  7.5867085E-09  8.5989218E-05  2.3610708E-05  9.0405016E-03  2.0038304E-04  3.4363844E-07  1.4204492E-09  2.0301204E-03  3.5233345E-06  1.142E-10  7.041E-17  9.934E+10  9.284E+12  2.364E+01  1.003E+07  0.19078943  1.078E-05  1.367E-05  9.945E-01  6.823E-06  1.100E-05  1.007E+00  230   37.2807  9.35E-03 9.8757E+00 1.4441E+01    7.30E+02 0.00E+00 9.30E+01  0.190036  0.328846 7.30E+02 0.00E+00 9.33E+01  0.190789  0.328870  0.0000000E+00  0.0000000E+00  3.6503216E-04  3.6705613E+00  4.7863731E-01  3.1336331E-04 -1.3821462E+00  4.0593027E-01  5.9563224E-01 0.000 0.722 1.000 1.000 1.000 1.000 1.000 1.000 1.000 1.000 1.000 1.000 1.000 1.000 1.000 1.000 1.000 1.000 1.000 1.000 1.000 1.000 1.000 1.000 1.000 1.000 1.000 1.000 1.000 1.000 1.000 1.000 1.000 1.000 1.000 1.000 1.000 1.000 1.000 1.000  5.3373485445E-01   0.49704   1.00000   0.00000   0.00000   0.6106400E-02
  3351  2.814812221118315E+06  51.766692  5.867469  4.681755  0.5057989E+00  0.4804784E+00  5.3959276E-06  3.7938666E-04  2.5512190E-05  7.8739391E-03  1.1376715E-03  1.0053014E-06  1.7528764E-06  2.0559450E-03  2.4100708E-05  0.7192    4.681755  -5.311  0.424331  7.649156  0.3557444E+00  0.6306014E+00  7.4755444E-09  8.6061385E-05  2.3631169E-05  9.0412706E-03  1.9938457E-04  3.4147203E-07  1.4091168E-09  2.0297407E-03  3.5327623E-06  1.080E-10  6.658E-17  9.877E+10  9.247E+12  2.351E+01  9.987E+06  0.18822816  1.065E-05  1.353E-05  9.947E-01  6.818E-06  1.091E-05  1.007E+00  227   37.2807  9.35E-03 9.7710E+00 1.4289E+01    7.30E+02 0.00E+00 9.17E+01  0.187473  0.329520 7.30E+02 0.00E+00 9.21E+01  0.188228  0.329544  0.0000000E+00  0.0000000E+00  3.6196226E-04  3.6582420E+00  4.7224739E-01  3.0612811E-04 -1.3798124E+00  4.0475379E-01  5.9565245E-01 0.000 0.723 1.000 1.000 1.000 1.000 1.000 1.000 1.000 1.000 1.000 1.000 1.000 1.000 1.000 1.000 1.000 1.000 1.000 1.000 1.000 1.000 1.000 1.000 1.000 1.000 1.000 1.000 1.000 1.000 1.000 1.000 1.000 1.000 1.000 1.000 1.000 1.000 1.000 1.000  5.2644915342E-01   0.49409   1.00000   0.00000   0.00000   0.6109954E-02
  3372  2.828840077970113E+06  51.697878  5.868702  4.682343  0.5025873E+00  0.4836918E+00  5.2522373E-06  3.7143409E-04  2.5461111E-05  7.9050797E-03  1.1128126E-03  9.8839297E-07  1.7056463E-06  2.0553861E-03  2.3543254E-05  0.7199    4.682343  -5.308  0.424951  7.649419  0.3536293E+00  0.6327165E+00  7.3433122E-09  8.6167436E-05  2.3661346E-05  9.0419726E-03  1.9840585E-04  3.3895274E-07  1.3959093E-09  2.0293625E-03  3.5432928E-06  1.133E-10  6.998E-17  9.789E+10  9.180E+12  2.330E+01  9.914E+06  0.18499537  1.047E-05  1.341E-05  9.949E-01  6.814E-06  1.082E-05  1.007E+00  224   37.2807  9.35E-03 9.6722E+00 1.4145E+01    7.30E+02 0.00E+00 9.09E+01  0.185836  0.330187 7.30E+02 0.00E+00 9.05E+01  0.184995  0.330215  0.0000000E+00  0.0000000E+00  3.5707856E-04  3.6459644E+00  4.6616489E-01  2.9934289E-04 -1.3774682E+00  4.0357739E-01  5.9566163E-01 0.000 0.724 1.000 1.000 1.000 1.000 1.000 1.000 1.000 1.000 1.000 1.000 1.000 1.000 1.000 1.000 1.000 1.000 1.000 1.000 1.000 1.000 1.000 1.000 1.000 1.000 1.000 1.000 1.000 1.000 1.000 1.000 1.000 1.000 1.000 1.000 1.000 1.000 1.000 1.000  5.1926183908E-01   0.49116   1.00000   0.00000   0.00000   0.6113901E-02
  3392  2.842804460356516E+06  51.628915  5.869974  4.682950  0.4993570E+00  0.4869239E+00  5.1108229E-06  3.6361293E-04  2.5411190E-05  7.9357477E-03  1.0883163E-03  9.7166916E-07  1.6591779E-06  2.0548239E-03  2.2995006E-05  0.7209    4.682950  -5.305  0.425587  7.649687  0.3515548E+00  0.6347911E+00  7.2103255E-09  8.6234330E-05  2.3680765E-05  9.0425653E-03  1.9761665E-04  3.3725059E-07  1.3755557E-09  2.0289910E-03  3.5563709E-06  1.118E-10  6.911E-17  9.697E+10  9.111E+12  2.308E+01  9.839E+06  0.18258308  1.035E-05  1.328E-05  9.950E-01  6.809E-06  1.073E-05  1.007E+00  221   37.2807  9.35E-03 9.5700E+00 1.3996E+01    7.30E+02 0.00E+00 8.96E+01  0.183359  0.330885 7.30E+02 0.00E+00 8.93E+01  0.182583  0.330913  0.0000000E+00  0.0000000E+00  3.5417640E-04  3.6334003E+00  4.5993807E-01  2.9244737E-04 -1.3751616E+00  4.0241856E-01  5.9567461E-01 0.000 0.725 1.000 1.000 1.000 1.000 1.000 1.000 1.000 1.000 1.000 1.000 1.000 1.000 1.000 1.000 1.000 1.000 1.000 1.000 1.000 1.000 1.000 1.000 1.000 1.000 1.000 1.000 1.000 1.000 1.000 1.000 1.000 1.000 1.000 1.000 1.000 1.000 1.000 1.000  5.1216763105E-01   0.48827   1.00000   0.00000   0.00000   0.6117418E-02
  3413  2.856754878360534E+06  51.559557  5.871247  4.683548  0.4961061E+00  0.4901766E+00  4.9715972E-06  3.5591835E-04  2.5362416E-05  7.9659618E-03  1.0641675E-03  9.5512045E-07  1.6134423E-06  2.0542579E-03  2.2455630E-05  0.7218    4.683548  -5.302  0.426146  7.649928  0.3494780E+00  0.6368679E+00  7.2885438E-09  8.6470800E-05  2.3748285E-05  9.0429204E-03  1.9681533E-04  3.3380059E-07  1.4382992E-09  2.0286188E-03  3.5699632E-06  1.103E-10  6.824E-17  9.880E+10  9.298E+12  2.351E+01  1.004E+07  0.18077153  1.026E-05  1.314E-05  9.951E-01  6.803E-06  1.065E-05  1.007E+00  218   37.2807  9.35E-03 9.4640E+00 1.3842E+01    7.30E+02 0.00E+00 8.81E+01  0.180182  0.331595 7.30E+02 0.00E+00 8.84E+01  0.180772  0.331610  0.0000000E+00  0.0000000E+00  3.4634965E-04  3.6212223E+00  4.5358081E-01  2.8541440E-04 -1.3727586E+00  4.0123231E-01  5.9564477E-01 0.000 0.726 1.000 1.000 1.000 1.000 1.000 1.000 1.000 1.000 1.000 1.000 1.000 1.000 1.000 1.000 1.000 1.000 1.000 1.000 1.000 1.000 1.000 1.000 1.000 1.000 1.000 1.000 1.000 1.000 1.000 1.000 1.000 1.000 1.000 1.000 1.000 1.000 1.000 1.000  5.0513902393E-01   0.48539   1.00000   0.00000   0.00000   0.6120949E-02
  3433  2.870579616923079E+06  51.490357  5.872497  4.684196  0.4928439E+00  0.4934404E+00  4.8349429E-06  3.4837150E-04  2.5314940E-05  7.9956384E-03  1.0404332E-03  9.3879358E-07  1.5685653E-06  2.0536897E-03  2.1926613E-05  0.7227    4.684196  -5.299  0.426855  7.650219  0.3473958E+00  0.6389502E+00  6.8918210E-09  8.6403628E-05  2.3729815E-05  9.0437901E-03  1.9593414E-04  3.3322313E-07  1.3253753E-09  2.0282452E-03  3.5800654E-06  1.127E-10  6.979E-17  9.447E+10  8.905E+12  2.248E+01  9.618E+06  0.17833408  1.014E-05  1.301E-05  9.952E-01  6.798E-06  1.056E-05  1.006E+00  215   37.2807  9.35E-03 9.3641E+00 1.3696E+01    7.30E+02 0.00E+00 8.69E+01  0.177756  0.332266 7.30E+02 0.00E+00 8.72E+01  0.178334  0.332287  0.0000000E+00  0.0000000E+00  3.4336621E-04  3.6082699E+00  4.4752127E-01  2.7887048E-04 -1.3705172E+00  4.0009568E-01  5.9568184E-01 0.000 0.727 1.000 1.000 1.000 1.000 1.000 1.000 1.000 1.000 1.000 1.000 1.000 1.000 1.000 1.000 1.000 1.000 1.000 1.000 1.000 1.000 1.000 1.000 1.000 1.000 1.000 1.000 1.000 1.000 1.000 1.000 1.000 1.000 1.000 1.000 1.000 1.000 1.000 1.000  4.9823143754E-01   0.48250   1.00000   0.00000   0.00000   0.6128246E-02
  3452  2.883713118557496E+06  51.424184  5.873733  4.684814  0.4896993E+00  0.4965866E+00  4.7060542E-06  3.4125887E-04  2.5270558E-05  8.0236480E-03  1.0180180E-03  9.2331557E-07  1.5262519E-06  2.0531419E-03  2.1428045E-05  0.7236    4.684814  -5.296  0.427450  7.650470  0.3454497E+00  0.6408963E+00  7.0159867E-09  8.6483316E-05  2.3750061E-05  9.0442650E-03  1.9526139E-04  3.3160935E-07  1.3828313E-09  2.0278956E-03  3.5929101E-06  1.109E-10  6.876E-17  9.693E+10  9.156E+12  2.307E+01  9.889E+06  0.17541180  9.983E-06  1.290E-05  9.954E-01  6.793E-06  1.048E-05  1.006E+00  214   37.2807  9.35E-03 9.2744E+00 1.3566E+01    7.30E+02 0.00E+00 8.61E+01  0.176223  0.332939 7.30E+02 0.00E+00 8.57E+01  0.175412  0.332960  0.0000000E+00  0.0000000E+00  3.4217983E-04  3.5961842E+00  4.4200576E-01  2.7296292E-04 -1.3683113E+00  3.9899790E-01  5.9567506E-01 0.000 0.728 1.000 1.000 1.000 1.000 1.000 1.000 1.000 1.000 1.000 1.000 1.000 1.000 1.000 1.000 1.000 1.000 1.000 1.000 1.000 1.000 1.000 1.000 1.000 1.000 1.000 1.000 1.000 1.000 1.000 1.000 1.000 1.000 1.000 1.000 1.000 1.000 1.000 1.000  4.9172244911E-01   0.47979   1.00000   0.00000   0.00000   0.6134476E-02
  3473  2.897524032381477E+06  51.354142  5.874993  4.685469  0.4863622E+00  0.4999255E+00  4.5722644E-06  3.3388161E-04  2.5224931E-05  8.0527429E-03  9.9471905E-04  9.0716503E-07  1.4823441E-06  2.0525603E-03  2.0910947E-05  0.7246    4.685469  -5.294  0.428068  7.650725  0.3433951E+00  0.6429510E+00  7.0572367E-09  8.6716222E-05  2.3814721E-05  9.0445767E-03  1.9451773E-04  3.2834237E-07  1.4411189E-09  2.0275261E-03  3.6065240E-06  1.172E-10  7.274E-17  7.746E+10  7.301E+12  1.844E+01  7.885E+06  0.17362815  9.897E-06  1.277E-05  9.955E-01  6.788E-06  1.039E-05  1.006E+00  214   37.1354  9.35E-03 9.1722E+00 1.3417E+01    7.30E+02 0.00E+00 8.46E+01  0.173051  0.333615 7.30E+02 0.00E+00 8.48E+01  0.173628  0.333633  0.0000000E+00  0.0000000E+00  3.3423270E-04  3.5837074E+00  4.3586663E-01  2.6639174E-04 -1.3659382E+00  3.9782023E-01  5.9565593E-01 0.000 0.726 1.000 1.000 1.000 1.000 1.000 1.000 1.000 1.000 1.000 1.000 1.000 1.000 1.000 1.000 1.000 1.000 1.000 1.000 1.000 1.000 1.000 1.000 1.000 1.000 1.000 1.000 1.000 1.000 1.000 1.000 1.000 1.000 1.000 1.000 1.000 1.000 1.000 1.000  4.8493607880E-01   0.47691   1.00000   0.00000   0.00000   0.6143622E-02
  3492  2.910526198999546E+06  51.287769  5.876216  4.686130  0.4831721E+00  0.5031172E+00  4.4471925E-06  3.2699071E-04  2.5182718E-05  8.0799607E-03  9.7290871E-04  8.9198724E-07  1.4413116E-06  2.0520041E-03  2.0427970E-05  0.7256    4.686130  -5.291  0.428716  7.650998  0.3414361E+00  0.6449100E+00  6.5683533E-09  8.6641096E-05  2.3797594E-05  9.0453784E-03  1.9372313E-04  3.2790753E-07  1.2888175E-09  2.0271735E-03  3.6161884E-06  1.056E-10  6.563E-17  9.230E+10  8.746E+12  2.197E+01  9.445E+06  0.17068815  9.746E-06  1.266E-05  9.956E-01  6.783E-06  1.031E-05  1.006E+00  212   37.2807  9.35E-03 9.0838E+00 1.3288E+01    7.30E+02 0.00E+00 8.38E+01  0.171484  0.334258 7.30E+02 0.00E+00 8.34E+01  0.170688  0.334289  0.0000000E+00  0.0000000E+00  3.3279688E-04  3.5711432E+00  4.3050252E-01  2.6079315E-04 -1.3638034E+00  3.9675232E-01  5.9567001E-01 0.000 0.730 1.000 1.000 1.000 1.000 1.000 1.000 1.000 1.000 1.000 1.000 1.000 1.000 1.000 1.000 1.000 1.000 1.000 1.000 1.000 1.000 1.000 1.000 1.000 1.000 1.000 1.000 1.000 1.000 1.000 1.000 1.000 1.000 1.000 1.000 1.000 1.000 1.000 1.000  4.7860141388E-01   0.47422   1.00000   0.00000   0.00000   0.6153601E-02
  3513  2.924760149823536E+06  51.214636  5.877482  4.686796  0.4796626E+00  0.5066284E+00  4.3127145E-06  3.1958799E-04  2.5137842E-05  8.1092460E-03  9.4942547E-04  8.7557959E-07  1.3972094E-06  2.0513919E-03  1.9909168E-05  0.7263    4.686796  -5.288  0.429389  7.651276  0.3391522E+00  0.6471941E+00  6.0431602E-09  8.6896549E-05  2.3868884E-05  9.0462704E-03  1.9227900E-04  3.2396474E-07  1.1771094E-09  2.0267625E-03  3.6160545E-06  9.885E-11  6.141E-17  8.589E+10  8.136E+12  2.044E+01  8.787E+06  0.16890003  9.659E-06  1.253E-05  9.957E-01  6.777E-06  1.023E-05  1.006E+00  213   37.1354  9.35E-03 8.9801E+00 1.3137E+01    7.30E+02 0.00E+00 8.23E+01  0.168403  0.334930 7.30E+02 0.00E+00 8.25E+01  0.168900  0.334949  0.0000000E+00  0.0000000E+00  2.9556063E-04  3.5586872E+00  4.2428298E-01  2.5424817E-04 -1.3612629E+00  3.9549935E-01  5.9563718E-01 0.000 0.728 1.000 1.000 1.000 1.000 1.000 1.000 1.000 1.000 1.000 1.000 1.000 1.000 1.000 1.000 1.000 1.000 1.000 1.000 1.000 1.000 1.000 1.000 1.000 1.000 1.000 1.000 1.000 1.000 1.000 1.000 1.000 1.000 1.000 1.000 1.000 1.000 1.000 1.000  4.7172977414E-01   0.47105   1.00000   0.00000   0.00000   0.6165135E-02
  3535  2.939172025032829E+06  51.140105  5.878741  4.687533  0.4760685E+00  0.5102242E+00  4.1782852E-06  3.1219487E-04  2.5093544E-05  8.1385421E-03  9.2591642E-04  8.5908446E-07  1.3531405E-06  2.0507648E-03  1.9391110E-05  0.7270    4.687533  -5.285  0.430129  7.651580  0.3368714E+00  0.6494750E+00  6.1631958E-09  8.6826389E-05  2.3851467E-05  9.0474894E-03  1.9100221E-04  3.2212626E-07  1.2119367E-09  2.0263515E-03  3.6215411E-06  1.041E-10  6.476E-17  8.847E+10  8.398E+12  2.106E+01  9.070E+06  0.16633238  9.532E-06  1.240E-05  9.959E-01  6.771E-06  1.014E-05  1.006E+00  211   37.1354  9.35E-03 8.8797E+00 1.2991E+01    7.30E+02 0.00E+00 8.10E+01  0.165781  0.335573 7.30E+02 0.00E+00 8.13E+01  0.166332  0.335593  0.0000000E+00  0.0000000E+00  3.2152775E-04  3.5453253E+00  4.1826367E-01  2.4793956E-04 -1.3587842E+00  3.9426196E-01  5.9564078E-01 0.000 0.729 1.000 1.000 1.000 1.000 1.000 1.000 1.000 1.000 1.000 1.000 1.000 1.000 1.000 1.000 1.000 1.000 1.000 1.000 1.000 1.000 1.000 1.000 1.000 1.000 1.000 1.000 1.000 1.000 1.000 1.000 1.000 1.000 1.000 1.000 1.000 1.000 1.000 1.000  4.6484167509E-01   0.46788   1.00000   0.00000   0.00000   0.6182166E-02
  3556  2.953399132611236E+06  51.066050  5.880007  4.688256  0.4725073E+00  0.5137871E+00  4.0482814E-06  3.0505198E-04  2.5051275E-05  8.1668942E-03  9.0314815E-04  8.4304168E-07  1.3105395E-06  2.0501430E-03  1.8890677E-05  0.7277    4.688256  -5.282  0.430830  7.651870  0.3346339E+00  0.6517126E+00  6.1231496E-09  8.6908998E-05  2.3874028E-05  9.0483726E-03  1.8985690E-04  3.1975999E-07  1.2197293E-09  2.0259478E-03  3.6291881E-06  1.040E-10  6.477E-17  8.875E+10  8.438E+12  2.112E+01  9.113E+06  0.16323522  9.372E-06  1.228E-05  9.960E-01  6.764E-06  1.006E-05  1.005E+00  211   37.1354  9.35E-03 8.7850E+00 1.2853E+01    7.30E+02 0.00E+00 8.01E+01  0.163957  0.336226 7.30E+02 0.00E+00 7.98E+01  0.163235  0.336249  0.0000000E+00  0.0000000E+00  3.1952120E-04  3.5321944E+00  4.1254853E-01  2.4215117E-04 -1.3562969E+00  3.9302982E-01  5.9562277E-01 0.000 0.730 1.000 1.000 1.000 1.000 1.000 1.000 1.000 1.000 1.000 1.000 1.000 1.000 1.000 1.000 1.000 1.000 1.000 1.000 1.000 1.000 1.000 1.000 1.000 1.000 1.000 1.000 1.000 1.000 1.000 1.000 1.000 1.000 1.000 1.000 1.000 1.000 1.000 1.000  4.5811241433E-01   0.46477   1.00000   0.00000   0.00000   0.6197676E-02
  3577  2.966908109997586E+06  50.995274  5.881228  4.688883  0.4690997E+00  0.5171962E+00  3.9267737E-06  2.9838210E-04  2.5012314E-05  8.1934118E-03  8.8183791E-04  8.2796530E-07  1.2707376E-06  2.0495478E-03  1.8423485E-05  0.7285    4.688883  -5.279  0.431482  7.652140  0.3325137E+00  0.6538329E+00  5.9773764E-09  8.7036011E-05  2.3911471E-05  9.0490967E-03  1.8881635E-04  3.1692987E-07  1.1987789E-09  2.0255649E-03  3.6387130E-06  1.032E-10  6.432E-17  8.749E+10  8.329E+12  2.082E+01  8.995E+06  0.16158153  9.291E-06  1.215E-05  9.961E-01  6.757E-06  9.980E-06  1.005E+00  210   37.1354  9.35E-03 8.6873E+00 1.2711E+01    7.30E+02 0.00E+00 7.87E+01  0.161027  0.336861 7.30E+02 0.00E+00 7.90E+01  0.161582  0.336881  0.0000000E+00  0.0000000E+00  3.1212464E-04  3.5197347E+00  4.0679978E-01  2.3630470E-04 -1.3539064E+00  3.9185275E-01  5.9558901E-01 0.000 0.731 1.000 1.000 1.000 1.000 1.000 1.000 1.000 1.000 1.000 1.000 1.000 1.000 1.000 1.000 1.000 1.000 1.000 1.000 1.000 1.000 1.000 1.000 1.000 1.000 1.000 1.000 1.000 1.000 1.000 1.000 1.000 1.000 1.000 1.000 1.000 1.000 1.000 1.000  4.5178430199E-01   0.46183   1.00000   0.00000   0.00000   0.6206875E-02
  3597  2.980322240000079E+06  50.924545  5.882450  4.689519  0.4657040E+00  0.5205934E+00  3.8084036E-06  2.9189032E-04  2.4974906E-05  8.2192620E-03  8.6104959E-04  8.1320061E-07  1.2319775E-06  2.0489544E-03  1.7968880E-05  0.7293    4.689519  -5.277  0.432169  7.652420  0.3304079E+00  0.6559386E+00  5.9000090E-09  8.7091510E-05  2.3926001E-05  9.0498874E-03  1.8782230E-04  3.1520811E-07  1.1916473E-09  2.0251842E-03  3.6480429E-06  1.028E-10  6.416E-17  8.718E+10  8.313E+12  2.075E+01  8.978E+06  0.15938663  9.178E-06  1.203E-05  9.962E-01  6.749E-06  9.901E-06  1.005E+00  210   37.1354  9.35E-03 8.5947E+00 1.2576E+01    7.30E+02 0.00E+00 7.76E+01  0.158837  0.337498 7.30E+02 0.00E+00 7.79E+01  0.159387  0.337518  0.0000000E+00  0.0000000E+00  3.0935407E-04  3.5070909E+00  4.0131825E-01  2.3082544E-04 -1.3515591E+00  3.9069137E-01  5.9556710E-01 0.000 0.732 1.000 1.000 1.000 1.000 1.000 1.000 1.000 1.000 1.000 1.000 1.000 1.000 1.000 1.000 1.000 1.000 1.000 1.000 1.000 1.000 1.000 1.000 1.000 1.000 1.000 1.000 1.000 1.000 1.000 1.000 1.000 1.000 1.000 1.000 1.000 1.000 1.000 1.000  4.4555692595E-01   0.45890   1.00000   0.00000   0.00000   0.6216143E-02
  3618  2.993937581952611E+06  50.852289  5.883695  4.690153  0.4622435E+00  0.5240554E+00  3.6904868E-06  2.8542924E-04  2.4938227E-05  8.2450312E-03  8.4031186E-04  7.9841378E-07  1.1933794E-06  2.0483494E-03  1.7516540E-05  0.7301    4.690153  -5.274  0.432756  7.652668  0.3282692E+00  0.6580776E+00  5.5375527E-09  8.7475535E-05  2.4034497E-05  9.0501926E-03  1.8683176E-04  3.1098832E-07  1.1356588E-09  2.0247970E-03  3.6588904E-06  9.704E-11  6.055E-17  8.259E+10  7.877E+12  1.966E+01  8.507E+06  0.15658209  9.029E-06  1.192E-05  9.963E-01  6.741E-06  9.822E-06  1.005E+00  211   37.1354  9.35E-03 8.5050E+00 1.2445E+01    7.30E+02 0.00E+00 7.68E+01  0.157269  0.338146 7.30E+02 0.00E+00 7.65E+01  0.156582  0.338168  0.0000000E+00  0.0000000E+00  2.7707459E-04  3.4947809E+00  3.9596580E-01  2.2552138E-04 -1.3490478E+00  3.8947567E-01  5.9548754E-01 0.000 0.733 1.000 1.000 1.000 1.000 1.000 1.000 1.000 1.000 1.000 1.000 1.000 1.000 1.000 1.000 1.000 1.000 1.000 1.000 1.000 1.000 1.000 1.000 1.000 1.000 1.000 1.000 1.000 1.000 1.000 1.000 1.000 1.000 1.000 1.000 1.000 1.000 1.000 1.000  4.3929192720E-01   0.45593   1.00000   0.00000   0.00000   0.6225493E-02
  3639  3.007700479335172E+06  50.778769  5.884970  4.690846  0.4586967E+00  0.5276038E+00  3.5723855E-06  2.7896401E-04  2.4902133E-05  8.2708600E-03  8.1951101E-04  7.8352175E-07  1.1547343E-06  2.0477290E-03  1.7064023E-05  0.7310    4.690846  -5.271  0.433563  7.652990  0.3260996E+00  0.6602471E+00  5.6701102E-09  8.7276961E-05  2.3978756E-05  9.0513590E-03  1.8583199E-04  3.1074446E-07  1.1613832E-09  2.0244039E-03  3.6692131E-06  1.011E-10  6.317E-17  8.542E+10  8.169E+12  2.033E+01  8.823E+06  0.15492918  8.950E-06  1.179E-05  9.964E-01  6.733E-06  9.742E-06  1.005E+00  211   37.1354  9.35E-03 8.4076E+00 1.2303E+01    7.30E+02 0.00E+00 7.54E+01  0.154380  0.338809 7.30E+02 0.00E+00 7.57E+01  0.154929  0.338829  0.0000000E+00  0.0000000E+00  3.0058427E-04  3.4811692E+00  3.9027348E-01  2.1996799E-04 -1.3467085E+00  3.8830432E-01  5.9549636E-01 0.000 0.734 1.000 1.000 1.000 1.000 1.000 1.000 1.000 1.000 1.000 1.000 1.000 1.000 1.000 1.000 1.000 1.000 1.000 1.000 1.000 1.000 1.000 1.000 1.000 1.000 1.000 1.000 1.000 1.000 1.000 1.000 1.000 1.000 1.000 1.000 1.000 1.000 1.000 1.000  4.3301839925E-01   0.45292   1.00000   0.00000   0.00000   0.6236753E-02
  3659  3.020980468037643E+06  50.707369  5.886200  4.691515  0.4552676E+00  0.5310342E+00  3.4608028E-06  2.7286125E-04  2.4868679E-05  8.2952824E-03  7.9982805E-04  7.6937206E-07  1.1182347E-06  2.0471288E-03  1.6636975E-05  0.7319    4.691515  -5.268  0.434255  7.653271  0.3239998E+00  0.6623470E+00  5.5695011E-09  8.7352092E-05  2.4000119E-05  9.0520888E-03  1.8487322E-04  3.0873617E-07  1.1479085E-09  2.0240230E-03  3.6792616E-06  1.004E-10  6.280E-17  8.471E+10  8.113E+12  2.016E+01  8.762E+06  0.15282459  8.843E-06  1.168E-05  9.965E-01  6.724E-06  9.666E-06  1.005E+00  211   37.1354  9.35E-03 8.3175E+00 1.2172E+01    7.30E+02 0.00E+00 7.44E+01  0.152278  0.339448 7.30E+02 0.00E+00 7.47E+01  0.152825  0.339469  0.0000000E+00  0.0000000E+00  2.9786928E-04  3.4684533E+00  3.8498886E-01  2.1484582E-04 -1.3443450E+00  3.8714269E-01  5.9545920E-01 0.000 0.735 1.000 1.000 1.000 1.000 1.000 1.000 1.000 1.000 1.000 1.000 1.000 1.000 1.000 1.000 1.000 1.000 1.000 1.000 1.000 1.000 1.000 1.000 1.000 1.000 1.000 1.000 1.000 1.000 1.000 1.000 1.000 1.000 1.000 1.000 1.000 1.000 1.000 1.000  4.2701978968E-01   0.45000   1.00000   0.00000   0.00000   0.6247927E-02
  3680  3.034200696790952E+06  50.635842  5.887426  4.692218  0.4518341E+00  0.5344692E+00  3.3515853E-06  2.6689335E-04  2.4836601E-05  8.3192067E-03  7.8053177E-04  7.5544291E-07  1.0825207E-06  2.0465275E-03  1.6219452E-05  0.7327    4.692218  -5.265  0.434936  7.653548  0.3219043E+00  0.6644426E+00  5.4543011E-09  8.7465469E-05  2.4032573E-05  9.0527589E-03  1.8391833E-04  3.0632309E-07  1.1335863E-09  2.0236426E-03  3.6904183E-06  9.904E-11  6.202E-17  8.372E+10  8.029E+12  1.993E+01  8.671E+06  0.15009887  8.702E-06  1.157E-05  9.966E-01  6.715E-06  9.590E-06  1.005E+00  213   37.1354  9.35E-03 8.2323E+00 1.2048E+01    7.30E+02 0.00E+00 7.37E+01  0.150824  0.340081 7.30E+02 0.00E+00 7.33E+01  0.150099  0.340105  0.0000000E+00  0.0000000E+00  2.9342546E-04  3.4558013E+00  3.7995458E-01  2.1003692E-04 -1.3419658E+00  3.8597871E-01  5.9541107E-01 0.000 0.736 1.000 1.000 1.000 1.000 1.000 1.000 1.000 1.000 1.000 1.000 1.000 1.000 1.000 1.000 1.000 1.000 1.000 1.000 1.000 1.000 1.000 1.000 1.000 1.000 1.000 1.000 1.000 1.000 1.000 1.000 1.000 1.000 1.000 1.000 1.000 1.000 1.000 1.000  4.2110211610E-01   0.44709   1.00000   0.00000   0.00000   0.6262379E-02
  3700  3.047347885606398E+06  50.564269  5.888651  4.692926  0.4483932E+00  0.5379115E+00  3.2446086E-06  2.6105341E-04  2.4805875E-05  8.3426603E-03  7.6160016E-04  7.4171913E-07  1.0475512E-06  2.0459246E-03  1.5810964E-05  0.7336    4.692926  -5.263  0.435638  7.653832  0.3198107E+00  0.6665363E+00  5.3593564E-09  8.7535458E-05  2.4052094E-05  9.0534889E-03  1.8296826E-04  3.0448451E-07  1.1209616E-09  2.0232621E-03  3.7005615E-06  9.842E-11  6.168E-17  8.306E+10  7.977E+12  1.977E+01  8.615E+06  0.14802853  8.599E-06  1.146E-05  9.967E-01  6.706E-06  9.515E-06  1.004E+00  213   37.1354  9.35E-03 8.1440E+00 1.1919E+01    7.31E+02 0.00E+00 7.27E+01  0.148746  0.340715 7.31E+02 0.00E+00 7.23E+01  0.148029  0.340739  0.0000000E+00  0.0000000E+00  2.9065481E-04  3.4430629E+00  3.7481176E-01  2.0515056E-04 -1.3396063E+00  3.8482226E-01  5.9536840E-01 0.000 0.737 1.000 1.000 1.000 1.000 1.000 1.000 1.000 1.000 1.000 1.000 1.000 1.000 1.000 1.000 1.000 1.000 1.000 1.000 1.000 1.000 1.000 1.000 1.000 1.000 1.000 1.000 1.000 1.000 1.000 1.000 1.000 1.000 1.000 1.000 1.000 1.000 1.000 1.000  4.1527334380E-01   0.44418   1.00000   0.00000   0.00000   0.6277223E-02
  3721  3.060495074421844E+06  50.492251  5.889876  4.693620  0.4449420E+00  0.5413641E+00  3.1397658E-06  2.5533552E-04  2.4776486E-05  8.3656668E-03  7.4301427E-04  7.2818753E-07  1.0132909E-06  2.0453196E-03  1.5411096E-05  0.7344    4.693620  -5.260  0.436231  7.654079  0.3177108E+00  0.6686363E+00  4.9861673E-09  8.7930792E-05  2.4164761E-05  9.0537432E-03  1.8201581E-04  3.0027086E-07  1.0569524E-09  2.0228800E-03  3.7120292E-06  9.683E-11  6.076E-17  7.804E+10  7.495E+12  1.857E+01  8.095E+06  0.14675483  8.541E-06  1.134E-05  9.968E-01  6.696E-06  9.441E-06  1.004E+00  213   37.1354  9.35E-03 8.0508E+00 1.1783E+01    7.31E+02 0.00E+00 7.14E+01  0.146109  0.341352 7.31E+02 0.00E+00 7.17E+01  0.146755  0.341374  0.0000000E+00  0.0000000E+00  2.5807666E-04  3.4308605E+00  3.6951294E-01  2.0009993E-04 -1.3371173E+00  3.8362866E-01  5.9526877E-01 0.000 0.738 1.000 1.000 1.000 1.000 1.000 1.000 1.000 1.000 1.000 1.000 1.000 1.000 1.000 1.000 1.000 1.000 1.000 1.000 1.000 1.000 1.000 1.000 1.000 1.000 1.000 1.000 1.000 1.000 1.000 1.000 1.000 1.000 1.000 1.000 1.000 1.000 1.000 1.000  4.0949938123E-01   0.44127   1.00000   0.00000   0.00000   0.6292110E-02
  3741  3.073510791349137E+06  50.420515  5.891102  4.694362  0.4414934E+00  0.5448140E+00  3.0374174E-06  2.4975925E-04  2.4748539E-05  8.3881468E-03  7.2483840E-04  7.1489604E-07  9.7985752E-07  2.0447146E-03  1.5021218E-05  0.7353    4.694362  -5.257  0.437038  7.654396  0.3156253E+00  0.6707218E+00  5.1312423E-09  8.7719146E-05  2.4104564E-05  9.0548707E-03  1.8108313E-04  3.0028266E-07  1.0867624E-09  2.0225002E-03  3.7223201E-06  9.628E-11  6.047E-17  8.110E+10  7.809E+12  1.930E+01  8.434E+06  0.14472766  8.442E-06  1.123E-05  9.969E-01  6.686E-06  9.368E-06  1.004E+00  213   37.1354  9.35E-03 7.9643E+00 1.1657E+01    7.31E+02 0.00E+00 7.04E+01  0.144076  0.341983 7.31E+02 0.00E+00 7.07E+01  0.144728  0.342007  0.0000000E+00  0.0000000E+00  2.8111431E-04  3.4175977E+00  3.6451972E-01  1.9548361E-04 -1.3348606E+00  3.8250583E-01  5.9526383E-01 0.000 0.739 1.000 1.000 1.000 1.000 1.000 1.000 1.000 1.000 1.000 1.000 1.000 1.000 1.000 1.000 1.000 1.000 1.000 1.000 1.000 1.000 1.000 1.000 1.000 1.000 1.000 1.000 1.000 1.000 1.000 1.000 1.000 1.000 1.000 1.000 1.000 1.000 1.000 1.000  4.0383658889E-01   0.43837   1.00000   0.00000   0.00000   0.6308759E-02
  3761  3.086526508276431E+06  50.348341  5.892331  4.695099  0.4380207E+00  0.5482879E+00  2.9367570E-06  2.4428064E-04  2.4721825E-05  8.4102772E-03  7.0692961E-04  7.0174082E-07  9.4698733E-07  2.0441051E-03  1.4638263E-05  0.7362    4.695099  -5.255  0.437752  7.654683  0.3135349E+00  0.6728123E+00  5.0394666E-09  8.7795550E-05  2.4126267E-05  9.0555667E-03  1.8016075E-04  2.9835618E-07  1.0744933E-09  2.0221190E-03  3.7331164E-06  9.082E-11  5.704E-17  8.042E+10  7.754E+12  1.914E+01  8.374E+06  0.14277839  8.346E-06  1.112E-05  9.970E-01  6.676E-06  9.295E-06  1.004E+00  214   37.1354  9.35E-03 7.8784E+00 1.1532E+01    7.31E+02 0.00E+00 6.95E+01  0.142078  0.342618 7.31E+02 0.00E+00 6.98E+01  0.142778  0.342641  0.0000000E+00  0.0000000E+00  2.7839351E-04  3.4047678E+00  3.5956611E-01  1.9093906E-04 -1.3324934E+00  3.8135131E-01  5.9521023E-01 0.000 0.740 1.000 1.000 1.000 1.000 1.000 1.000 1.000 1.000 1.000 1.000 1.000 1.000 1.000 1.000 1.000 1.000 1.000 1.000 1.000 1.000 1.000 1.000 1.000 1.000 1.000 1.000 1.000 1.000 1.000 1.000 1.000 1.000 1.000 1.000 1.000 1.000 1.000 1.000  3.9822803190E-01   0.43547   1.00000   0.00000   0.00000   0.6326401E-02
  3782  3.099470638760619E+06  50.276120  5.893577  4.695842  0.4345443E+00  0.5517656E+00  2.8383629E-06  2.3893110E-04  2.4696506E-05  8.4319308E-03  6.8939101E-04  6.8879842E-07  9.1486896E-07  2.0434944E-03  1.4264433E-05  0.7372    4.695842  -5.252  0.438458  7.654966  0.3114676E+00  0.6748796E+00  4.8751245E-09  8.7902596E-05  2.4157367E-05  9.0561620E-03  1.7930134E-04  2.9622708E-07  1.0428542E-09  2.0217416E-03  3.7461183E-06  9.838E-11  6.188E-17  7.855E+10  7.583E+12  1.869E+01  8.189E+06  0.14018850  8.213E-06  1.101E-05  9.971E-01  6.665E-06  9.223E-06  1.004E+00  214   37.1354  9.35E-03 7.7978E+00 1.1415E+01    7.31E+02 0.00E+00 6.89E+01  0.140887  0.343250 7.31E+02 0.00E+00 6.85E+01  0.140188  0.343287  0.0000000E+00  0.0000000E+00  2.7452810E-04  3.3919309E+00  3.5485257E-01  1.8671399E-04 -1.3301270E+00  3.8020152E-01  5.9514778E-01 0.000 0.742 1.000 1.000 1.000 1.000 1.000 1.000 1.000 1.000 1.000 1.000 1.000 1.000 1.000 1.000 1.000 1.000 1.000 1.000 1.000 1.000 1.000 1.000 1.000 1.000 1.000 1.000 1.000 1.000 1.000 1.000 1.000 1.000 1.000 1.000 1.000 1.000 1.000 1.000  3.9270140250E-01   0.43260   1.00000   0.00000   0.00000   0.6344053E-02
  3801  3.111711920530732E+06  50.207406  5.894807  4.696545  0.4312334E+00  0.5550777E+00  2.7468315E-06  2.3396007E-04  2.4673710E-05  8.4520939E-03  6.7304492E-04  6.7668108E-07  8.8500177E-07  2.0429125E-03  1.3917155E-05  0.7383    4.696545  -5.250  0.439084  7.655219  0.3095624E+00  0.6767848E+00  5.1569431E-09  8.7990925E-05  2.4178322E-05  9.0565804E-03  1.7868054E-04  2.9484132E-07  1.1453979E-09  2.0213932E-03  3.7610143E-06  9.200E-11  5.796E-17  8.383E+10  8.108E+12  1.995E+01  8.756E+06  0.13895633  8.157E-06  1.091E-05  9.971E-01  6.655E-06  9.154E-06  1.004E+00  214   37.1354  9.35E-03 7.7150E+00 1.1294E+01    7.31E+02 0.00E+00 6.76E+01  0.138310  0.343888 7.31E+02 0.00E+00 6.79E+01  0.138956  0.343936  0.0000000E+00  0.0000000E+00  2.7057363E-04  3.3797122E+00  3.5011897E-01  1.8245231E-04 -1.3278657E+00  3.7911433E-01  5.9506478E-01 0.000 0.743 1.000 1.000 1.000 1.000 1.000 1.000 1.000 1.000 1.000 1.000 1.000 1.000 1.000 1.000 1.000 1.000 1.000 1.000 1.000 1.000 1.000 1.000 1.000 1.000 1.000 1.000 1.000 1.000 1.000 1.000 1.000 1.000 1.000 1.000 1.000 1.000 1.000 1.000  3.8752420441E-01   0.42996   1.00000   0.00000   0.00000   0.6358029E-02
  3822  3.124591037508868E+06  50.134670  5.896060  4.697304  0.4277189E+00  0.5585935E+00  2.6519621E-06  2.2881356E-04  2.4650910E-05  8.4730135E-03  6.5606980E-04  6.6403885E-07  8.5405725E-07  2.0422944E-03  1.3557739E-05  0.7393    4.697304  -5.247  0.439781  7.655499  0.3074764E+00  0.6788709E+00  4.4242957E-09  8.8258447E-05  2.4263108E-05  9.0569849E-03  1.7776051E-04  2.9136914E-07  9.5186067E-10  2.0210116E-03  3.7726666E-06  9.110E-11  5.743E-17  7.267E+10  7.027E+12  1.729E+01  7.589E+06  0.13643568  8.027E-06  1.081E-05  9.972E-01  6.645E-06  9.084E-06  1.004E+00  213   37.1354  9.35E-03 7.6362E+00 1.1179E+01    7.32E+02 0.00E+00 6.71E+01  0.137112  0.344547 7.32E+02 0.00E+00 6.67E+01  0.136436  0.344581  0.0000000E+00  0.0000000E+00  2.6678019E-04  3.3669455E+00  3.4551745E-01  1.7832188E-04 -1.3254634E+00  3.7795461E-01  5.9498721E-01 0.000 0.744 1.000 1.000 1.000 1.000 1.000 1.000 1.000 1.000 1.000 1.000 1.000 1.000 1.000 1.000 1.000 1.000 1.000 1.000 1.000 1.000 1.000 1.000 1.000 1.000 1.000 1.000 1.000 1.000 1.000 1.000 1.000 1.000 1.000 1.000 1.000 1.000 1.000 1.000  3.8212611654E-01   0.42705   1.00000   0.00000   0.00000   0.6377356E-02
  3841  3.136709906461286E+06  50.065818  5.897298  4.698031  0.4243812E+00  0.5619323E+00  2.5640205E-06  2.2404848E-04  2.4630582E-05  8.4924256E-03  6.4030291E-04  6.5224071E-07  8.2538393E-07  2.0417069E-03  1.3225084E-05  0.7404    4.698031  -5.244  0.440476  7.655775  0.3055887E+00  0.6807587E+00  5.1140588E-09  8.8180271E-05  2.4231101E-05  9.0576294E-03  1.7716727E-04  2.9129847E-07  1.1645106E-09  2.0206656E-03  3.7877756E-06  8.966E-11  5.658E-17  8.470E+10  8.214E+12  2.016E+01  8.872E+06  0.13523844  7.973E-06  1.070E-05  9.973E-01  6.634E-06  9.016E-06  1.004E+00  213   37.1354  9.35E-03 7.5547E+00 1.1060E+01    7.32E+02 0.00E+00 6.58E+01  0.134590  0.345185 7.32E+02 0.00E+00 6.61E+01  0.135238  0.345232  0.0000000E+00  0.0000000E+00  2.6286076E-04  3.3543256E+00  3.4091821E-01  1.7428177E-04 -1.3232770E+00  3.7689457E-01  5.9492682E-01 0.000 0.745 1.000 1.000 1.000 1.000 1.000 1.000 1.000 1.000 1.000 1.000 1.000 1.000 1.000 1.000 1.000 1.000 1.000 1.000 1.000 1.000 1.000 1.000 1.000 1.000 1.000 1.000 1.000 1.000 1.000 1.000 1.000 1.000 1.000 1.000 1.000 1.000 1.000 1.000  3.7709629428E-01   0.42444   1.00000   0.00000   0.00000   0.6392339E-02
  3861  3.149466610621727E+06  49.992911  5.898532  4.698832  0.4208427E+00  0.5654720E+00  2.4730494E-06  2.1912534E-04  2.4610434E-05  8.5125274E-03  6.2395958E-04  6.3995195E-07  7.9573529E-07  2.0410837E-03  1.2881536E-05  0.7417    4.698832  -5.242  0.441192  7.656062  0.3035492E+00  0.6827982E+00  4.9871528E-09  8.8252698E-05  2.4251460E-05  9.0582083E-03  1.7638548E-04  2.8965183E-07  1.1412157E-09  2.0202916E-03  3.8006066E-06  8.928E-11  5.640E-17  8.336E+10  8.094E+12  1.984E+01  8.741E+06  0.13336572  7.883E-06  1.060E-05  9.974E-01  6.624E-06  8.946E-06  1.004E+00  213   37.1354  9.35E-03 7.4729E+00 1.0941E+01    7.32E+02 0.00E+00 6.49E+01  0.132725  0.345817 7.32E+02 0.00E+00 6.53E+01  0.133366  0.345858  0.0000000E+00  0.0000000E+00  2.6026632E-04  3.3411742E+00  3.3627868E-01  1.7027123E-04 -1.3209282E+00  3.7575992E-01  5.9485612E-01 0.000 0.746 1.000 1.000 1.000 1.000 1.000 1.000 1.000 1.000 1.000 1.000 1.000 1.000 1.000 1.000 1.000 1.000 1.000 1.000 1.000 1.000 1.000 1.000 1.000 1.000 1.000 1.000 1.000 1.000 1.000 1.000 1.000 1.000 1.000 1.000 1.000 1.000 1.000 1.000  3.7185109297E-01   0.42159   1.00000   0.00000   0.00000   0.6415923E-02
  3882  3.162216936430085E+06  49.919600  5.899803  4.699629  0.4172517E+00  0.5690642E+00  2.3830766E-06  2.1426275E-04  2.4591447E-05  8.5324304E-03  6.0776102E-04  6.2771012E-07  7.6642560E-07  2.0404508E-03  1.2542382E-05  0.7425    4.699629  -5.239  0.441916  7.656349  0.3014629E+00  0.6848846E+00  4.2057350E-09  8.8518675E-05  2.4336516E-05  9.0586183E-03  1.7546088E-04  2.8623498E-07  9.2979933E-10  2.0199088E-03  3.8120127E-06  8.899E-11  5.627E-17  7.109E+10  6.902E+12  1.692E+01  7.454E+06  0.13098405  7.762E-06  1.050E-05  9.974E-01  6.613E-06  8.878E-06  1.004E+00  213   37.1354  9.35E-03 7.3957E+00 1.0829E+01    7.32E+02 0.00E+00 6.44E+01  0.131642  0.346470 7.32E+02 0.00E+00 6.41E+01  0.130984  0.346503  0.0000000E+00  0.0000000E+00  2.5669709E-04  3.3282741E+00  3.3183110E-01  1.6639548E-04 -1.3185304E+00  3.7460587E-01  5.9477379E-01 0.000 0.747 1.000 1.000 1.000 1.000 1.000 1.000 1.000 1.000 1.000 1.000 1.000 1.000 1.000 1.000 1.000 1.000 1.000 1.000 1.000 1.000 1.000 1.000 1.000 1.000 1.000 1.000 1.000 1.000 1.000 1.000 1.000 1.000 1.000 1.000 1.000 1.000 1.000 1.000  3.6665784569E-01   0.41870   1.00000   0.00000   0.00000   0.6438894E-02
  3902  3.174846073548917E+06  49.846547  5.901063  4.700402  0.4136600E+00  0.5726571E+00  2.2954144E-06  2.0953179E-04  2.4573922E-05  8.5518434E-03  5.9194417E-04  6.1569467E-07  7.3788282E-07  2.0398172E-03  1.2212596E-05  0.7436    4.700402  -5.236  0.442732  7.656668  0.2994266E+00  0.6869209E+00  4.2657868E-09  8.8409165E-05  2.4301944E-05  9.0594811E-03  1.7466344E-04  2.8592782E-07  9.4769782E-10  2.0195345E-03  3.8243672E-06  8.991E-11  5.689E-17  7.282E+10  7.084E+12  1.733E+01  7.651E+06  0.12920201  7.675E-06  1.039E-05  9.975E-01  6.603E-06  8.810E-06  1.003E+00  213   37.1354  9.35E-03 7.3155E+00 1.0712E+01    7.32E+02 0.00E+00 6.36E+01  0.129859  0.347098 7.32E+02 0.00E+00 6.32E+01  0.129202  0.347137  0.0000000E+00  0.0000000E+00  2.5424950E-04  3.3147499E+00  3.2730617E-01  1.6257862E-04 -1.3162663E+00  3.7349829E-01  5.9473309E-01 0.000 0.748 1.000 1.000 1.000 1.000 1.000 1.000 1.000 1.000 1.000 1.000 1.000 1.000 1.000 1.000 1.000 1.000 1.000 1.000 1.000 1.000 1.000 1.000 1.000 1.000 1.000 1.000 1.000 1.000 1.000 1.000 1.000 1.000 1.000 1.000 1.000 1.000 1.000 1.000  3.6156354172E-01   0.41587   1.00000   0.00000   0.00000   0.6458640E-02
  3922  3.186837439243248E+06  49.776770  5.902297  4.701106  0.4102069E+00  0.5761113E+00  2.2132854E-06  2.0510584E-04  2.4558419E-05  8.5700503E-03  5.7709406E-04  6.0435620E-07  7.1115526E-07  2.0392075E-03  1.1904270E-05  0.7448    4.701106  -5.234  0.443327  7.656909  0.2975165E+00  0.6888311E+00  4.3006878E-09  8.8714811E-05  2.4388925E-05  9.0596254E-03  1.7398666E-04  2.8283829E-07  9.9004346E-10  2.0191830E-03  3.8391590E-06  8.617E-11  5.458E-17  7.407E+10  7.212E+12  1.763E+01  7.789E+06  0.12759937  7.594E-06  1.030E-05  9.976E-01  6.593E-06  8.745E-06  1.003E+00  213   37.1354  9.35E-03 7.2403E+00 1.0602E+01    7.33E+02 0.00E+00 6.28E+01  0.128252  0.347731 7.33E+02 0.00E+00 6.25E+01  0.127599  0.347761  0.0000000E+00  0.0000000E+00  2.4969921E-04  3.3026816E+00  3.2303871E-01  1.5896180E-04 -1.3139341E+00  3.7239863E-01  5.9460479E-01 0.000 0.749 1.000 1.000 1.000 1.000 1.000 1.000 1.000 1.000 1.000 1.000 1.000 1.000 1.000 1.000 1.000 1.000 1.000 1.000 1.000 1.000 1.000 1.000 1.000 1.000 1.000 1.000 1.000 1.000 1.000 1.000 1.000 1.000 1.000 1.000 1.000 1.000 1.000 1.000  3.5676900191E-01   0.41321   1.00000   0.00000   0.00000   0.6475683E-02
  3942  3.199340284990896E+06  49.703589  5.903518  4.701900  0.4065784E+00  0.5797408E+00  2.1291810E-06  2.0058002E-04  2.4543500E-05  8.5887148E-03  5.6185431E-04  5.9266158E-07  6.8379878E-07  2.0385664E-03  1.1589217E-05  0.7457    4.701900  -5.231  0.444174  7.657237  0.2954468E+00  0.6909008E+00  4.0997971E-09  8.8592586E-05  2.4353737E-05  9.0606124E-03  1.7306531E-04  2.8235691E-07  9.2605995E-10  2.0188020E-03  3.8492326E-06  8.831E-11  5.598E-17  7.136E+10  6.958E+12  1.698E+01  7.515E+06  0.12590877  7.513E-06  1.020E-05  9.976E-01  6.583E-06  8.679E-06  1.003E+00  212   37.1354  9.35E-03 7.1611E+00 1.0487E+01    7.33E+02 0.00E+00 6.20E+01  0.126514  0.348315 7.33E+02 0.00E+00 6.17E+01  0.125909  0.348355  0.0000000E+00  0.0000000E+00  2.4720520E-04  3.2892290E+00  3.1863097E-01  1.5523842E-04 -1.3116718E+00  3.7129051E-01  5.9456928E-01 0.000 0.750 1.000 1.000 1.000 1.000 1.000 1.000 1.000 1.000 1.000 1.000 1.000 1.000 1.000 1.000 1.000 1.000 1.000 1.000 1.000 1.000 1.000 1.000 1.000 1.000 1.000 1.000 1.000 1.000 1.000 1.000 1.000 1.000 1.000 1.000 1.000 1.000 1.000 1.000  3.5181567965E-01   0.41035   1.00000   0.00000   0.00000   0.6499397E-02
  3962  3.211780616509805E+06  49.630342  5.904757  4.702671  0.4029193E+00  0.5834010E+00  2.0465717E-06  1.9614143E-04  2.4529863E-05  8.6070674E-03  5.4685254E-04  5.8108994E-07  6.5694243E-07  2.0379194E-03  1.1280485E-05  0.7466    4.702671  -5.229  0.444882  7.657524  0.2933664E+00  0.6929813E+00  3.7858669E-09  8.8775889E-05  2.4403969E-05  9.0611809E-03  1.7211168E-04  2.7994189E-07  8.5338011E-10  2.0184187E-03  3.8591950E-06  8.291E-11  5.255E-17  5.744E+10  5.593E+12  1.367E+01  6.040E+06  0.12428033  7.434E-06  1.010E-05  9.977E-01  6.573E-06  8.614E-06  1.003E+00  213   36.9892  9.35E-03 7.0837E+00 1.0374E+01    7.33E+02 0.00E+00 6.12E+01  0.124862  0.348918 7.33E+02 0.00E+00 6.09E+01  0.124280  0.348956  0.0000000E+00  0.0000000E+00  2.2044988E-04  3.2765212E+00  3.1426114E-01  1.5161928E-04 -1.3092810E+00  3.7014173E-01  5.9447785E-01 0.000 0.748 1.000 1.000 1.000 1.000 1.000 1.000 1.000 1.000 1.000 1.000 1.000 1.000 1.000 1.000 1.000 1.000 1.000 1.000 1.000 1.000 1.000 1.000 1.000 1.000 1.000 1.000 1.000 1.000 1.000 1.000 1.000 1.000 1.000 1.000 1.000 1.000 1.000 1.000  3.4693216405E-01   0.40744   1.00000   0.00000   0.00000   0.6522971E-02
  3984  3.224889850276208E+06  49.552486  5.906006  4.703475  0.3990438E+00  0.5872777E+00  1.9614055E-06  1.9157274E-04  2.4516947E-05  8.6260093E-03  5.3135106E-04  5.6906875E-07  6.2926900E-07  2.0372334E-03  1.0962985E-05  0.7475    4.703475  -5.222  0.445713  7.657853  0.2911046E+00  0.6952432E+00  3.8550103E-09  8.8790020E-05  2.4410398E-05  9.0621849E-03  1.7093917E-04  2.7785914E-07  8.7967533E-10  2.0180020E-03  3.8682127E-06  8.315E-11  5.280E-17  6.858E+10  6.697E+12  1.632E+01  7.233E+06  0.12244607  7.342E-06  9.993E-06  9.978E-01  6.562E-06  8.547E-06  1.003E+00  213   36.9892  9.35E-03 7.0030E+00 1.0256E+01    7.33E+02 0.00E+00 6.03E+01  0.123048  0.349511 7.33E+02 0.00E+00 6.00E+01  0.122446  0.349543  0.0000000E+00  0.0000000E+00  2.4227747E-04  3.2631218E+00  3.0973862E-01  1.4793207E-04 -1.3067358E+00  3.6892468E-01  5.9437908E-01 0.000 0.749 1.000 1.000 1.000 1.000 1.000 1.000 1.000 1.000 1.000 1.000 1.000 1.000 1.000 1.000 1.000 1.000 1.000 1.000 1.000 1.000 1.000 1.000 1.000 1.000 1.000 1.000 1.000 1.000 1.000 1.000 1.000 1.000 1.000 1.000 1.000 1.000 1.000 1.000  3.4182176595E-01   0.40431   0.99026   0.00000   0.00974   0.6549174E-02
  4005  3.237886558430881E+06  49.474310  5.907243  4.704299  0.3951680E+00  0.5911546E+00  1.8785519E-06  1.8713550E-04  2.4505583E-05  8.6444586E-03  5.1623445E-04  5.5728102E-07  6.0236071E-07  2.0365468E-03  1.0654915E-05  0.7483    4.704299  -5.220  0.446528  7.658170  0.2888799E+00  0.6974680E+00  3.8020567E-09  8.8876942E-05  2.4434682E-05  9.0629882E-03  1.6987727E-04  2.7576339E-07  8.7678445E-10  2.0175914E-03  3.8787054E-06  8.313E-11  5.283E-17  6.839E+10  6.685E+12  1.628E+01  7.220E+06  0.12113080  7.283E-06  9.885E-06  9.978E-01  6.551E-06  8.481E-06  1.003E+00  212   36.9892  9.35E-03 6.9194E+00 1.0134E+01    7.34E+02 0.00E+00 5.91E+01  0.120675  0.350101 7.34E+02 0.00E+00 5.94E+01  0.121131  0.350121  0.0000000E+00  0.0000000E+00  2.3843147E-04  3.2496446E+00  3.0513010E-01  1.4412889E-04 -1.3041881E+00  3.6771002E-01  5.9426833E-01 0.000 0.751 1.000 1.000 1.000 1.000 1.000 1.000 1.000 1.000 1.000 1.000 1.000 1.000 1.000 1.000 1.000 1.000 1.000 1.000 1.000 1.000 1.000 1.000 1.000 1.000 1.000 1.000 1.000 1.000 1.000 1.000 1.000 1.000 1.000 1.000 1.000 1.000 1.000 1.000  3.3677792816E-01   0.40122   0.95198   0.00000   0.04802   0.6577708E-02
  4027  3.250846133133688E+06  49.395898  5.908506  4.705121  0.3912976E+00  0.5950261E+00  1.7980277E-06  1.8282985E-04  2.4495713E-05  8.6624115E-03  5.0150680E-04  5.4573420E-07  5.7622057E-07  2.0358606E-03  1.0356284E-05  0.7492    4.705121  -5.217  0.447330  7.658481  0.2866718E+00  0.6996762E+00  3.7112802E-09  8.9017570E-05  2.4475567E-05  9.0636574E-03  1.6887691E-04  2.7322437E-07  8.6523054E-10  2.0171834E-03  3.8918477E-06  8.231E-11  5.235E-17  6.750E+10  6.604E+12  1.606E+01  7.133E+06  0.11931356  7.193E-06  9.782E-06  9.979E-01  6.539E-06  8.414E-06  1.003E+00  213   36.9892  9.35E-03 6.8398E+00 1.0018E+01    7.34E+02 0.00E+00 5.83E+01  0.118852  0.350700 7.34E+02 0.00E+00 5.85E+01  0.119314  0.350722  0.0000000E+00  0.0000000E+00  2.3337100E-04  3.2362033E+00  3.0071904E-01  1.4060868E-04 -1.3016239E+00  3.6649336E-01  5.9414295E-01 0.000 0.752 1.000 1.000 1.000 1.000 1.000 1.000 1.000 1.000 1.000 1.000 1.000 1.000 1.000 1.000 1.000 1.000 1.000 1.000 1.000 1.000 1.000 1.000 1.000 1.000 1.000 1.000 1.000 1.000 1.000 1.000 1.000 1.000 1.000 1.000 1.000 1.000 1.000 1.000  3.3180318711E-01   0.39816   0.91323   0.00000   0.08677   0.6605094E-02
  4048  3.263712874206817E+06  49.317589  5.909774  4.705947  0.3874730E+00  0.5988517E+00  1.7205587E-06  1.7869387E-04  2.4487382E-05  8.6797066E-03  4.8730146E-04  5.3453643E-07  5.5108154E-07  2.0351818E-03  1.0069709E-05  0.7502    4.705947  -5.214  0.448170  7.658804  0.2844789E+00  0.7018691E+00  3.6603812E-09  8.9081955E-05  2.4492270E-05  9.0644037E-03  1.6791900E-04  2.7158854E-07  8.6181333E-10  2.0167776E-03  3.9046193E-06  8.180E-11  5.207E-17  6.731E+10  6.594E+12  1.602E+01  7.121E+06  0.11706407  7.076E-06  9.685E-06  9.980E-01  6.526E-06  8.348E-06  1.003E+00  212   36.9892  9.35E-03 6.7643E+00 9.9083E+00    7.34E+02 0.00E+00 5.77E+01  0.117673  0.351313 7.34E+02 0.00E+00 5.74E+01  0.117064  0.351337  0.0000000E+00  0.0000000E+00  2.3198863E-04  3.2225910E+00  2.9651331E-01  1.3724642E-04 -1.2991081E+00  3.6529360E-01  5.9403239E-01 0.000 0.753 1.000 1.000 1.000 1.000 1.000 1.000 1.000 1.000 1.000 1.000 1.000 1.000 1.000 1.000 1.000 1.000 1.000 1.000 1.000 1.000 1.000 1.000 1.000 1.000 1.000 1.000 1.000 1.000 1.000 1.000 1.000 1.000 1.000 1.000 1.000 1.000 1.000 1.000  3.2691750552E-01   0.39511   0.87476   0.00000   0.12524   0.6632419E-02
  4069  3.276089453715256E+06  49.241821  5.911007  4.706711  0.3837996E+00  0.6025260E+00  1.6480985E-06  1.7483103E-04  2.4480706E-05  8.6959073E-03  4.7397830E-04  5.2397654E-07  5.2757552E-07  2.0345294E-03  9.8023214E-06  0.7512    4.706711  -5.212  0.448868  7.659077  0.2823660E+00  0.7039822E+00  3.3992774E-09  8.9480952E-05  2.4604473E-05  9.0646140E-03  1.6701195E-04  2.6795877E-07  8.1818946E-10  2.0163862E-03  3.9185772E-06  7.715E-11  4.910E-17  6.317E+10  6.188E+12  1.503E+01  6.683E+06  0.11595664  7.026E-06  9.581E-06  9.980E-01  6.514E-06  8.285E-06  1.003E+00  212   36.9892  9.35E-03 6.6853E+00 9.7931E+00    7.34E+02 0.00E+00 5.67E+01  0.115537  0.351927 7.34E+02 0.00E+00 5.69E+01  0.115957  0.351944  0.0000000E+00  0.0000000E+00  2.0575980E-04  3.2100343E+00  2.9223622E-01  1.3385859E-04 -1.2965582E+00  3.6410302E-01  5.9386533E-01 0.000 0.754 1.000 1.000 1.000 1.000 1.000 1.000 1.000 1.000 1.000 1.000 1.000 1.000 1.000 1.000 1.000 1.000 1.000 1.000 1.000 1.000 1.000 1.000 1.000 1.000 1.000 1.000 1.000 1.000 1.000 1.000 1.000 1.000 1.000 1.000 1.000 1.000 1.000 1.000  3.2226687712E-01   0.39218   0.83830   0.00000   0.16170   0.6655491E-02
  4090  3.288717241025600E+06  49.164067  5.912280  4.707562  0.3800910E+00  0.6062356E+00  1.5768906E-06  1.7104074E-04  2.4475311E-05  8.7118540E-03  4.6084672E-04  5.1350907E-07  5.0448293E-07  2.0338700E-03  9.5402015E-06  0.7522    4.707562  -5.209  0.449798  7.659428  0.2802081E+00  0.7061401E+00  3.5005040E-09  8.9282364E-05  2.4548904E-05  9.0656949E-03  1.6610991E-04  2.6769411E-07  8.3939752E-10  2.0159861E-03  3.9323507E-06  8.021E-11  5.114E-17  6.576E+10  6.455E+12  1.565E+01  6.971E+06  0.11379841  6.914E-06  9.489E-06  9.981E-01  6.499E-06  8.221E-06  1.003E+00  212   36.9892  9.35E-03 6.6120E+00 9.6862E+00    7.35E+02 0.00E+00 5.61E+01  0.114394  0.352558 7.35E+02 0.00E+00 5.58E+01  0.113798  0.352588  0.0000000E+00  0.0000000E+00  2.2496691E-04  3.1961284E+00  2.8818647E-01  1.3076454E-04 -1.2941557E+00  3.6294372E-01  5.9378619E-01 0.000 0.755 1.000 1.000 1.000 1.000 1.000 1.000 1.000 1.000 1.000 1.000 1.000 1.000 1.000 1.000 1.000 1.000 1.000 1.000 1.000 1.000 1.000 1.000 1.000 1.000 1.000 1.000 1.000 1.000 1.000 1.000 1.000 1.000 1.000 1.000 1.000 1.000 1.000 1.000  3.1756914041E-01   0.38918   0.80072   0.00000   0.19928   0.6682571E-02
  4110  3.300848739751694E+06  49.088938  5.913512  4.708351  0.3765460E+00  0.6097815E+00  1.5106691E-06  1.6752149E-04  2.4471438E-05  8.7267101E-03  4.4859610E-04  5.0368575E-07  4.8301430E-07  2.0332392E-03  9.2970544E-06  0.7533    4.708351  -5.207  0.450607  7.659738  0.2781290E+00  0.7082192E+00  3.4276828E-09  8.9364703E-05  2.4572212E-05  9.0663243E-03  1.6525363E-04  2.6595056E-07  8.2853510E-10  2.0156000E-03  3.9459048E-06  7.952E-11  5.074E-17  6.509E+10  6.396E+12  1.549E+01  6.907E+06  0.11228269  6.839E-06  9.394E-06  9.981E-01  6.484E-06  8.160E-06  1.003E+00  211   36.9892  9.35E-03 6.5385E+00 9.5791E+00    7.35E+02 0.00E+00 5.54E+01  0.112878  0.353193 7.35E+02 0.00E+00 5.51E+01  0.112283  0.353221  0.0000000E+00  0.0000000E+00  2.2281349E-04  3.1831612E+00  2.8420252E-01  1.2764485E-04 -1.2917469E+00  3.6180124E-01  5.9366459E-01 0.000 0.756 1.000 1.000 1.000 1.000 1.000 1.000 1.000 1.000 1.000 1.000 1.000 1.000 1.000 1.000 1.000 1.000 1.000 1.000 1.000 1.000 1.000 1.000 1.000 1.000 1.000 1.000 1.000 1.000 1.000 1.000 1.000 1.000 1.000 1.000 1.000 1.000 1.000 1.000  3.1310139622E-01   0.38629   0.76537   0.00000   0.23463   0.6704596E-02
  4131  3.312919580984158E+06  49.013759  5.914745  4.709124  0.3730364E+00  0.6132919E+00  1.4469074E-06  1.6413863E-04  2.4468857E-05  8.7410405E-03  4.3676169E-04  4.9413840E-07  4.6235029E-07  2.0326140E-03  9.0635596E-06  0.7543    4.709124  -5.205  0.451407  7.660043  0.2760577E+00  0.7102905E+00  3.3341505E-09  8.9483147E-05  2.4606117E-05  9.0668876E-03  1.6441199E-04  2.6393924E-07  8.1332363E-10  2.0152150E-03  3.9609886E-06  7.823E-11  4.998E-17  6.398E+10  6.292E+12  1.523E+01  6.796E+06  0.11144464  6.804E-06  9.293E-06  9.982E-01  6.469E-06  8.099E-06  1.003E+00  211   36.9892  9.35E-03 6.4614E+00 9.4665E+00    7.35E+02 0.00E+00 5.44E+01  0.110890  0.353841 7.35E+02 0.00E+00 5.47E+01  0.111445  0.353865  0.0000000E+00  0.0000000E+00  2.1747131E-04  3.1702598E+00  2.8011367E-01  1.2451151E-04 -1.2893280E+00  3.6065840E-01  5.9353210E-01 0.000 0.758 1.000 1.000 1.000 1.000 1.000 1.000 1.000 1.000 1.000 1.000 1.000 1.000 1.000 1.000 1.000 1.000 1.000 1.000 1.000 1.000 1.000 1.000 1.000 1.000 1.000 1.000 1.000 1.000 1.000 1.000 1.000 1.000 1.000 1.000 1.000 1.000 1.000 1.000  3.0869842938E-01   0.38342   0.73052   0.00000   0.26948   0.6725953E-02
  4151  3.324929764722992E+06  48.938532  5.915987  4.709905  0.3695381E+00  0.6167911E+00  1.3851398E-06  1.6086750E-04  2.4467552E-05  8.7549492E-03  4.2525773E-04  4.8479862E-07  4.4234018E-07  2.0319903E-03  8.8380155E-06  0.7554    4.709905  -5.202  0.452229  7.660355  0.2739928E+00  0.7123555E+00  3.2679333E-09  8.9561249E-05  2.4627889E-05  9.0674927E-03  1.6359093E-04  2.6235766E-07  8.0408539E-10  2.0148308E-03  3.9752448E-06  7.363E-11  4.703E-17  6.338E+10  6.240E+12  1.508E+01  6.739E+06  0.10998680  6.732E-06  9.201E-06  9.982E-01  6.453E-06  8.038E-06  1.002E+00  210   36.9892  9.35E-03 6.3895E+00 9.3617E+00    7.35E+02 0.00E+00 5.37E+01  0.109417  0.354495 7.35E+02 0.00E+00 5.40E+01  0.109987  0.354518  0.0000000E+00  0.0000000E+00  2.1538573E-04  3.1572614E+00  2.7623318E-01  1.2159452E-04 -1.2869317E+00  3.5952388E-01  5.9340588E-01 0.000 0.759 1.000 1.000 1.000 1.000 1.000 1.000 1.000 1.000 1.000 1.000 1.000 1.000 1.000 1.000 1.000 1.000 1.000 1.000 1.000 1.000 1.000 1.000 1.000 1.000 1.000 1.000 1.000 1.000 1.000 1.000 1.000 1.000 1.000 1.000 1.000 1.000 1.000 1.000  3.0435862269E-01   0.38055   0.69553   0.00000   0.30447   0.6746286E-02
  4172  3.336873892451263E+06  48.863292  5.917232  4.710697  0.3660785E+00  0.6202515E+00  1.3258166E-06  1.5773186E-04  2.4467498E-05  8.7683341E-03  4.1416933E-04  4.7573753E-07  4.2313005E-07  2.0313728E-03  8.6220715E-06  0.7565    4.710697  -5.200  0.453041  7.660663  0.2719368E+00  0.7144116E+00  3.1906190E-09  8.9678953E-05  2.4661267E-05  9.0680278E-03  1.6278309E-04  2.6044282E-07  7.9336047E-10  2.0144477E-03  3.9910115E-06  7.641E-11  4.890E-17  6.254E+10  6.163E+12  1.488E+01  6.656E+06  0.10805917  6.630E-06  9.113E-06  9.983E-01  6.436E-06  7.978E-06  1.002E+00  209   36.9892  9.35E-03 6.3217E+00 9.2629E+00    7.36E+02 0.00E+00 5.34E+01  0.108631  0.355139 7.36E+02 0.00E+00 5.31E+01  0.108059  0.355184  0.0000000E+00  0.0000000E+00  2.1253148E-04  3.1443290E+00  2.7253844E-01  1.1885925E-04 -1.2845274E+00  3.5838980E-01  5.9327047E-01 0.000 0.760 1.000 1.000 1.000 1.000 1.000 1.000 1.000 1.000 1.000 1.000 1.000 1.000 1.000 1.000 1.000 1.000 1.000 1.000 1.000 1.000 1.000 1.000 1.000 1.000 1.000 1.000 1.000 1.000 1.000 1.000 1.000 1.000 1.000 1.000 1.000 1.000 1.000 1.000  3.0008086614E-01   0.37769   0.66022   0.00000   0.33978   0.6768171E-02
  4192  3.348763974352711E+06  48.787968  5.918479  4.711482  0.3626308E+00  0.6237000E+00  1.2684336E-06  1.5470508E-04  2.4468689E-05  8.7813072E-03  4.0340395E-04  4.6688124E-07  4.0455686E-07  2.0307568E-03  8.4138978E-06  0.7577    4.711482  -5.197  0.453871  7.660977  0.2698821E+00  0.7164663E+00  3.1225110E-09  8.9758828E-05  2.4683666E-05  9.0686105E-03  1.6198452E-04  2.5888018E-07  7.8306638E-10  2.0140644E-03  4.0057520E-06  7.568E-11  4.848E-17  6.187E+10  6.102E+12  1.472E+01  6.590E+06  0.10669905  6.563E-06  9.023E-06  9.983E-01  6.419E-06  7.919E-06  1.002E+00  207   36.9892  9.35E-03 6.2514E+00 9.1604E+00    7.36E+02 0.00E+00 5.27E+01  0.107270  0.355810 7.36E+02 0.00E+00 5.24E+01  0.106699  0.355855  0.0000000E+00  0.0000000E+00  2.1066948E-04  3.1313336E+00  2.6876314E-01  1.1607634E-04 -1.2821378E+00  3.5726114E-01  5.9313834E-01 0.000 0.761 1.000 1.000 1.000 1.000 1.000 1.000 1.000 1.000 1.000 1.000 1.000 1.000 1.000 1.000 1.000 1.000 1.000 1.000 1.000 1.000 1.000 1.000 1.000 1.000 1.000 1.000 1.000 1.000 1.000 1.000 1.000 1.000 1.000 1.000 1.000 1.000 1.000 1.000  2.9586270105E-01   0.37484   0.62573   0.00000   0.37427   0.6787192E-02
  4213  3.360642166172256E+06  48.712291  5.919732  4.712228  0.3591849E+00  0.6271467E+00  1.2127958E-06  1.5177687E-04  2.4471132E-05  8.7939116E-03  3.9292619E-04  4.5820191E-07  3.8655756E-07  2.0301405E-03  8.2127998E-06  0.7588    4.712228  -5.195  0.454641  7.661271  0.2678237E+00  0.7185248E+00  2.9788937E-09  8.9998003E-05  2.4754578E-05  9.0689542E-03  1.6118794E-04  2.5618583E-07  7.5739943E-10  2.0136801E-03  4.0220584E-06  7.454E-11  4.778E-17  5.966E+10  5.886E+12  1.420E+01  6.357E+06  0.10577821  6.520E-06  8.927E-06  9.983E-01  6.402E-06  7.860E-06  1.002E+00  206   36.9892  9.35E-03 6.1787E+00 9.0543E+00    7.36E+02 0.00E+00 5.18E+01  0.105384  0.356511 7.36E+02 0.00E+00 5.20E+01  0.105778  0.356533  0.0000000E+00  0.0000000E+00  2.0563623E-04  3.1186339E+00  2.6490756E-01  1.1323688E-04 -1.2796716E+00  3.5611149E-01  5.9296916E-01 0.000 0.762 1.000 1.000 1.000 1.000 1.000 1.000 1.000 1.000 1.000 1.000 1.000 1.000 1.000 1.000 1.000 1.000 1.000 1.000 1.000 1.000 1.000 1.000 1.000 1.000 1.000 1.000 1.000 1.000 1.000 1.000 1.000 1.000 1.000 1.000 1.000 1.000 1.000 1.000  2.9168660812E-01   0.37198   0.59195   0.00000   0.40805   0.6803117E-02
  4233  3.372413347254683E+06  48.636867  5.920982  4.712987  0.3557174E+00  0.6306149E+00  1.1585210E-06  1.4892727E-04  2.4474864E-05  8.8062328E-03  3.8266512E-04  4.4964140E-07  3.6900880E-07  2.0295196E-03  8.0174194E-06  0.7600    4.712987  -5.192  0.455536  7.661605  0.2657772E+00  0.7205713E+00  2.9589732E-09  8.9957158E-05  2.4739966E-05  9.0697023E-03  1.6040599E-04  2.5546150E-07  7.5540635E-10  2.0132975E-03  4.0371101E-06  7.388E-11  4.741E-17  5.992E+10  5.920E+12  1.426E+01  6.394E+06  0.10447381  6.455E-06  8.839E-06  9.984E-01  6.385E-06  7.802E-06  1.002E+00  204   36.9892  9.35E-03 6.1100E+00 8.9541E+00    7.36E+02 0.00E+00 5.11E+01  0.104047  0.357185 7.36E+02 0.00E+00 5.13E+01  0.104474  0.357202  0.0000000E+00  0.0000000E+00  2.0382207E-04  3.1053792E+00  2.6123017E-01  1.1053580E-04 -1.2773424E+00  3.5500362E-01  5.9285631E-01 0.000 0.764 1.000 1.000 1.000 1.000 1.000 1.000 1.000 1.000 1.000 1.000 1.000 1.000 1.000 1.000 1.000 1.000 1.000 1.000 1.000 1.000 1.000 1.000 1.000 1.000 1.000 1.000 1.000 1.000 1.000 1.000 1.000 1.000 1.000 1.000 1.000 1.000 1.000 1.000  2.8758477740E-01   0.36914   0.55755   0.00000   0.44245   0.6818921E-02
  4253  3.384066816526286E+06  48.561767  5.922222  4.713710  0.3522898E+00  0.6340432E+00  1.1065286E-06  1.4620425E-04  2.4479760E-05  8.8180611E-03  3.7279620E-04  4.4134914E-07  3.5220766E-07  2.0289052E-03  7.8310690E-06  0.7611    4.713710  -5.190  0.456328  7.661905  0.2637454E+00  0.7226032E+00  2.7970099E-09  9.0225474E-05  2.4811774E-05  9.0699872E-03  1.5963657E-04  2.5310893E-07  7.2956165E-10  2.0129171E-03  4.0527475E-06  6.947E-11  4.457E-17  5.725E+10  5.659E+12  1.362E+01  6.112E+06  0.10317899  6.388E-06  8.751E-06  9.984E-01  6.367E-06  7.745E-06  1.002E+00  203   36.9892  9.35E-03 6.0423E+00 8.8554E+00    7.36E+02 0.00E+00 5.05E+01  0.102792  0.357855 7.36E+02 0.00E+00 5.07E+01  0.103179  0.357870  0.0000000E+00  0.0000000E+00  1.8193515E-04  3.0926830E+00  2.5761533E-01  1.0794282E-04 -1.2749268E+00  3.5387595E-01  5.9269387E-01 0.000 0.765 1.000 1.000 1.000 1.000 1.000 1.000 1.000 1.000 1.000 1.000 1.000 1.000 1.000 1.000 1.000 1.000 1.000 1.000 1.000 1.000 1.000 1.000 1.000 1.000 1.000 1.000 1.000 1.000 1.000 1.000 1.000 1.000 1.000 1.000 1.000 1.000 1.000 1.000  2.8355898952E-01   0.36631   0.52323   0.00000   0.47677   0.6834056E-02
  4274  3.395879196742502E+06  48.485200  5.923565  4.714821  0.3479931E+00  0.6383408E+00  1.0436217E-06  1.4291954E-04  2.4487576E-05  8.8324058E-03  3.6080193E-04  4.3118915E-07  3.3189495E-07  2.0281341E-03  7.6068024E-06  0.7624    4.714821  -5.187  0.457249  7.662250  0.2616745E+00  0.7246741E+00  2.7789264E-09  9.0157360E-05  2.4797063E-05  9.0707735E-03  1.5884762E-04  2.5207071E-07  7.2148598E-10  2.0125291E-03  4.0692695E-06  7.019E-11  4.512E-17  5.753E+10  5.695E+12  1.369E+01  6.150E+06  0.10126426  6.297E-06  8.668E-06  9.985E-01  6.362E-06  7.687E-06  1.002E+00  202   36.9892  9.35E-03 5.9773E+00 8.7606E+00    7.36E+02 0.00E+00 5.01E+01  0.101950  0.358219 7.37E+02 0.00E+00 4.98E+01  0.101264  0.358402  0.0000000E+00  0.0000000E+00  1.9930307E-04  3.0791859E+00  2.5410302E-01  1.0548632E-04 -1.2725838E+00  3.5276400E-01  5.9259904E-01 0.000 0.766 1.000 1.000 1.000 1.000 1.000 1.000 1.000 1.000 1.000 1.000 1.000 1.000 1.000 1.000 1.000 1.000 1.000 1.000 1.000 1.000 1.000 1.000 1.000 1.000 1.000 1.000 1.000 1.000 1.000 1.000 1.000 1.000 1.000 1.000 1.000 1.000 1.000 1.000  2.7951187305E-01   0.36343   0.47636   0.00000   0.52364   0.6898833E-02
  4294  3.407357863975032E+06  48.410486  5.924817  4.715867  0.3431990E+00  0.6431358E+00  9.7600051E-07  1.3940010E-04  2.4498183E-05  8.8478643E-03  3.4784670E-04  4.2012149E-07  3.1007736E-07  2.0272725E-03  7.3671667E-06  0.7637    4.715867  -5.185  0.458044  7.662550  0.2596152E+00  0.7267335E+00  2.5659886E-09  9.0472579E-05  2.4882638E-05  9.0710561E-03  1.5800162E-04  2.4941801E-07  6.8107737E-10  2.0121431E-03  4.0840777E-06  6.517E-11  4.189E-17  5.370E+10  5.317E+12  1.278E+01  5.743E+06  0.09986565  6.237E-06  8.582E-06  9.985E-01  6.366E-06  7.632E-06  1.002E+00  202   36.9892  9.34E-03 5.9117E+00 8.6649E+00    7.37E+02 0.00E+00 4.94E+01  0.100430  0.358600 7.38E+02 0.00E+00 4.92E+01  0.099866  0.358712  0.0000000E+00  0.0000000E+00  1.7692343E-04  3.0670019E+00  2.5060854E-01  1.0301848E-04 -1.2701434E+00  3.5162792E-01  5.9244869E-01 0.000 0.767 1.000 1.000 1.000 1.000 1.000 1.000 1.000 1.000 1.000 1.000 1.000 1.000 1.000 1.000 1.000 1.000 1.000 1.000 1.000 1.000 1.000 1.000 1.000 1.000 1.000 1.000 1.000 1.000 1.000 1.000 1.000 1.000 1.000 1.000 1.000 1.000 1.000 1.000  2.7563444060E-01   0.36058   0.42999   0.00000   0.57001   0.6964452E-02
  4315  3.419104561000814E+06  48.333624  5.926044  4.716555  0.3392942E+00  0.6470415E+00  9.2283969E-07  1.3664017E-04  2.4508217E-05  8.8600538E-03  3.3760870E-04  4.1130539E-07  2.9292732E-07  2.0265699E-03  7.1797697E-06  0.7647    4.716555  -5.183  0.459012  7.662903  0.2574574E+00  0.7288914E+00  2.5237005E-09  9.0357732E-05  2.4854935E-05  9.0720527E-03  1.5705080E-04  2.4837305E-07  6.6178447E-10  2.0117384E-03  4.0985463E-06  6.680E-11  4.302E-17  5.343E+10  5.298E+12  1.272E+01  5.722E+06  0.09894683  6.191E-06  8.495E-06  9.985E-01  6.353E-06  7.576E-06  1.002E+00  202   36.9892  9.34E-03 5.8437E+00 8.5657E+00    7.38E+02 0.00E+00 4.85E+01  0.098419  0.359332 7.38E+02 0.00E+00 4.87E+01  0.098947  0.359251  0.0000000E+00  0.0000000E+00  1.9113565E-04  3.0542905E+00  2.4699357E-01  1.0050143E-04 -1.2677158E+00  3.5047167E-01  5.9232157E-01 0.000 0.768 1.000 1.000 1.000 1.000 1.000 1.000 1.000 1.000 1.000 1.000 1.000 1.000 1.000 1.000 1.000 1.000 1.000 1.000 1.000 1.000 1.000 1.000 1.000 1.000 1.000 1.000 1.000 1.000 1.000 1.000 1.000 1.000 1.000 1.000 1.000 1.000 1.000 1.000  2.7170808993E-01   0.35758   0.39483   0.00000   0.60517   0.6978343E-02
  4336  3.431218342308652E+06  48.253878  5.927288  4.717085  0.3363605E+00  0.6499757E+00  8.8410868E-07  1.3463310E-04  2.4516675E-05  8.8689614E-03  3.3011274E-04  4.0480558E-07  2.8042848E-07  2.0260414E-03  7.0438372E-06  0.7656    4.717085  -5.180  0.459957  7.663249  0.2552092E+00  0.7311397E+00  2.4648946E-09  9.0450765E-05  2.4880970E-05  9.0727878E-03  1.5605626E-04  2.4645806E-07  6.5293230E-10  2.0113163E-03  4.1129037E-06  6.518E-11  4.201E-17  5.283E+10  5.242E+12  1.257E+01  5.662E+06  0.09707825  6.078E-06  8.414E-06  9.986E-01  6.323E-06  7.519E-06  1.002E+00  203   36.9892  9.34E-03 5.7801E+00 8.4731E+00    7.37E+02 0.00E+00 4.81E+01  0.097630  0.360046 7.37E+02 0.00E+00 4.78E+01  0.097078  0.360087  0.0000000E+00  0.0000000E+00  1.9080434E-04  3.0413494E+00  2.4353771E-01  9.8145277E-05 -1.2651419E+00  3.4925737E-01  5.9215136E-01 0.000 0.770 1.000 1.000 1.000 1.000 1.000 1.000 1.000 1.000 1.000 1.000 1.000 1.000 1.000 1.000 1.000 1.000 1.000 1.000 1.000 1.000 1.000 1.000 1.000 1.000 1.000 1.000 1.000 1.000 1.000 1.000 1.000 1.000 1.000 1.000 1.000 1.000 1.000 1.000  2.6769574550E-01   0.35445   0.36357   0.00000   0.63643   0.6966135E-02
  4358  3.443291744345457E+06  48.173876  5.928523  4.717662  0.3333060E+00  0.6530307E+00  8.4510467E-07  1.3261715E-04  2.4526517E-05  8.8779580E-03  3.2252543E-04  3.9817567E-07  2.6784285E-07  2.0254905E-03  6.9077040E-06  0.7664    4.717662  -5.177  0.460903  7.663596  0.2529512E+00  0.7333977E+00  2.3809525E-09  9.0593492E-05  2.4922237E-05  9.0734468E-03  1.5506419E-04  2.4414721E-07  6.3850326E-10  2.0108920E-03  4.1290426E-06  6.445E-11  4.155E-17  5.167E+10  5.129E+12  1.230E+01  5.539E+06  0.09562486  5.992E-06  8.330E-06  9.986E-01  6.295E-06  7.462E-06  1.002E+00  203   36.9892  9.34E-03 5.7149E+00 8.3780E+00    7.37E+02 0.00E+00 4.73E+01  0.096192  0.360773 7.37E+02 0.00E+00 4.71E+01  0.095625  0.360885  0.0000000E+00  0.0000000E+00  1.8707827E-04  3.0284228E+00  2.4003279E-01  9.5745609E-05 -1.2625561E+00  3.4804036E-01  5.9197804E-01 0.000 0.771 1.000 1.000 1.000 1.000 1.000 1.000 1.000 1.000 1.000 1.000 1.000 1.000 1.000 1.000 1.000 1.000 1.000 1.000 1.000 1.000 1.000 1.000 1.000 1.000 1.000 1.000 1.000 1.000 1.000 1.000 1.000 1.000 1.000 1.000 1.000 1.000 1.000 1.000  2.6373363397E-01   0.35132   0.33106   0.00000   0.66894   0.6962413E-02
  4381  3.456426544363518E+06  48.086229  5.929760  4.717910  0.3311654E+00  0.6551717E+00  8.1866186E-07  1.3125411E-04  2.4534107E-05  8.8840757E-03  3.1735455E-04  3.9362210E-07  2.5931141E-07  2.0251040E-03  6.8159426E-06  0.7671    4.717910  -5.174  0.461951  7.663979  0.2504711E+00  0.7358779E+00  2.3259543E-09  9.0681916E-05  2.4946102E-05  9.0742470E-03  1.5400413E-04  2.4227399E-07  6.3228365E-10  2.0104253E-03  4.1460201E-06  6.428E-11  4.148E-17  5.119E+10  5.082E+12  1.218E+01  5.488E+06  0.09472516  5.928E-06  8.236E-06  9.987E-01  6.247E-06  7.400E-06  1.002E+00  204   36.8420  9.34E-03 5.6423E+00 8.2721E+00    7.36E+02 0.00E+00 4.63E+01  0.094251  0.361962 7.36E+02 0.00E+00 4.66E+01  0.094725  0.361992  0.0000000E+00  0.0000000E+00  1.8441279E-04  3.0140753E+00  2.3613154E-01  9.3107096E-05 -1.2597387E+00  3.4671748E-01  5.9175943E-01 0.000 0.769 1.000 1.000 1.000 1.000 1.000 1.000 1.000 1.000 1.000 1.000 1.000 1.000 1.000 1.000 1.000 1.000 1.000 1.000 1.000 1.000 1.000 1.000 1.000 1.000 1.000 1.000 1.000 1.000 1.000 1.000 1.000 1.000 1.000 1.000 1.000 1.000 1.000 1.000  2.5946321172E-01   0.34788   0.31173   0.00000   0.68827   0.6899643E-02
  4404  3.468973133772076E+06  48.001905  5.930996  4.718404  0.3285148E+00  0.6578228E+00  7.8717896E-07  1.2963903E-04  2.4544486E-05  8.8913780E-03  3.1116491E-04  3.8811902E-07  2.4916958E-07  2.0246247E-03  6.7076328E-06  0.7679    4.718404  -5.171  0.462884  7.664326  0.2481578E+00  0.7381912E+00  2.2973050E-09  9.0898055E-05  2.5009086E-05  9.0746860E-03  1.5313907E-04  2.3976252E-07  6.3859948E-10  2.0099891E-03  4.1662726E-06  6.623E-11  4.275E-17  5.120E+10  5.083E+12  1.218E+01  5.489E+06  0.09286592  5.814E-06  8.152E-06  9.987E-01  6.210E-06  7.341E-06  1.002E+00  204   36.8420  9.34E-03 5.5776E+00 8.1778E+00    7.36E+02 0.00E+00 4.59E+01  0.093381  0.362903 7.36E+02 0.00E+00 4.56E+01  0.092866  0.362938  0.0000000E+00  0.0000000E+00  1.8190600E-04  3.0002211E+00  2.3265875E-01  9.0802309E-05 -1.2570202E+00  3.4545650E-01  5.9153782E-01 0.000 0.771 1.000 1.000 1.000 1.000 1.000 1.000 1.000 1.000 1.000 1.000 1.000 1.000 1.000 1.000 1.000 1.000 1.000 1.000 1.000 1.000 1.000 1.000 1.000 1.000 1.000 1.000 1.000 1.000 1.000 1.000 1.000 1.000 1.000 1.000 1.000 1.000 1.000 1.000  2.5541785563E-01   0.34466   0.28495   0.00000   0.71505   0.6874638E-02
  4425  3.480845850831883E+06  47.921627  5.932238  4.719179  0.3251395E+00  0.6611986E+00  7.4863713E-07  1.2767237E-04  2.4558929E-05  8.9003400E-03  3.0354565E-04  3.8127745E-07  2.3677723E-07  2.0240136E-03  6.5762682E-06  0.7689    4.719179  -5.169  0.463834  7.664688  0.2459938E+00  0.7403553E+00  2.2638023E-09  9.0907009E-05  2.5008744E-05  9.0753238E-03  1.5239944E-04  2.3884535E-07  6.3515106E-10  2.0095803E-03  4.1854354E-06  6.412E-11  4.142E-17  5.109E+10  5.076E+12  1.216E+01  5.482E+06  0.09198961  5.772E-06  8.067E-06  9.987E-01  6.187E-06  7.285E-06  1.002E+00  205   36.8420  9.34E-03 5.5120E+00 8.0820E+00    7.36E+02 0.00E+00 4.50E+01  0.091605  0.363641 7.36E+02 0.00E+00 4.52E+01  0.091990  0.363660  0.0000000E+00  0.0000000E+00  1.7903628E-04  2.9864130E+00  2.2917768E-01  8.8522282E-05 -1.2545486E+00  3.4429902E-01  5.9138043E-01 0.000 0.770 1.000 1.000 1.000 1.000 1.000 1.000 1.000 1.000 1.000 1.000 1.000 1.000 1.000 1.000 1.000 1.000 1.000 1.000 1.000 1.000 1.000 1.000 1.000 1.000 1.000 1.000 1.000 1.000 1.000 1.000 1.000 1.000 1.000 1.000 1.000 1.000 1.000 1.000  2.5162996231E-01   0.34166   0.25176   0.00000   0.74824   0.6891081E-02
  4446  3.492124932038703E+06  47.844958  5.933465  4.720014  0.3216124E+00  0.6647263E+00  7.0979755E-07  1.2569928E-04  2.4575120E-05  8.9093984E-03  2.9582297E-04  3.7428011E-07  2.2430465E-07  2.0233740E-03  6.4449808E-06  0.7701    4.720014  -5.167  0.464710  7.665013  0.2439383E+00  0.7424108E+00  2.2169334E-09  9.1064891E-05  2.5054686E-05  9.0756919E-03  1.5171347E-04  2.3693822E-07  6.3165401E-10  2.0091914E-03  4.2055676E-06  6.343E-11  4.100E-17  5.062E+10  5.032E+12  1.205E+01  5.434E+06  0.09026530  5.680E-06  7.993E-06  9.988E-01  6.170E-06  7.231E-06  1.002E+00  203   36.8420  9.34E-03 5.4543E+00 7.9980E+00    7.37E+02 0.00E+00 4.46E+01  0.090763  0.364266 7.37E+02 0.00E+00 4.44E+01  0.090265  0.364301  0.0000000E+00  0.0000000E+00  1.7620030E-04  2.9735704E+00  2.2610624E-01  8.6538504E-05 -1.2521346E+00  3.4318042E-01  5.9120613E-01 0.000 0.772 1.000 1.000 1.000 1.000 1.000 1.000 1.000 1.000 1.000 1.000 1.000 1.000 1.000 1.000 1.000 1.000 1.000 1.000 1.000 1.000 1.000 1.000 1.000 1.000 1.000 1.000 1.000 1.000 1.000 1.000 1.000 1.000 1.000 1.000 1.000 1.000 1.000 1.000  2.4806950625E-01   0.33880   0.21586   0.00000   0.78414   0.6919262E-02
  4464  3.502199780515172E+06  47.776193  5.934666  4.721454  0.3164360E+00  0.6699035E+00  6.5501614E-07  1.2293003E-04  2.4600715E-05  8.9222198E-03  2.8485763E-04  3.6424423E-07  2.0673327E-07  2.0224341E-03  6.2615347E-06  0.7713    4.721454  -5.165  0.465569  7.665333  0.2420835E+00  0.7442657E+00  2.1282897E-09  9.1106964E-05  2.5065344E-05  9.0761817E-03  1.5108532E-04  2.3598795E-07  6.1071476E-10  2.0088402E-03  4.2223007E-06  6.149E-11  3.980E-17  4.911E+10  4.885E+12  1.169E+01  5.276E+06  0.08888189  5.633E-06  7.923E-06  9.988E-01  6.181E-06  7.184E-06  1.002E+00  201   36.8420  9.34E-03 5.4003E+00 7.9192E+00    7.38E+02 0.00E+00 4.41E+01  0.089483  0.364231 7.38E+02 0.00E+00 4.38E+01  0.088882  0.364403  0.0000000E+00  0.0000000E+00  1.7373727E-04  2.9617441E+00  2.2328917E-01  8.4718988E-05 -1.2500466E+00  3.4220203E-01  5.9112631E-01 0.000 0.773 1.000 1.000 1.000 1.000 1.000 1.000 1.000 1.000 1.000 1.000 1.000 1.000 1.000 1.000 1.000 1.000 1.000 1.000 1.000 1.000 1.000 1.000 1.000 1.000 1.000 1.000 1.000 1.000 1.000 1.000 1.000 1.000 1.000 1.000 1.000 1.000 1.000 1.000  2.4493034188E-01   0.33622   0.16139   0.00000   0.83861   0.7044806E-02
  4484  3.513226142458862E+06  47.700698  5.935896  4.722425  0.3119854E+00  0.6743548E+00  6.0973113E-07  1.2065041E-04  2.4624221E-05  8.9328629E-03  2.7572695E-04  3.5580585E-07  1.9221345E-07  2.0216249E-03  6.1112630E-06  0.7725    4.722425  -5.163  0.466447  7.665653  0.2399947E+00  0.7463546E+00  1.9440827E-09  9.1427832E-05  2.5152213E-05  9.0763921E-03  1.5031255E-04  2.3354121E-07  5.7460857E-10  2.0084445E-03  4.2404056E-06  5.581E-11  3.611E-17  4.538E+10  4.515E+12  1.080E+01  4.877E+06  0.08767276  5.577E-06  7.848E-06  9.989E-01  6.176E-06  7.132E-06  1.002E+00  202   36.8420  9.34E-03 5.3424E+00 7.8347E+00    7.38E+02 0.00E+00 4.34E+01  0.088167  0.364668 7.38E+02 0.00E+00 4.32E+01  0.087673  0.364778  0.0000000E+00  0.0000000E+00  1.5431086E-04  2.9498358E+00  2.2024400E-01  8.2782077E-05 -1.2475983E+00  3.4106799E-01  5.9095292E-01 0.000 0.774 1.000 1.000 1.000 1.000 1.000 1.000 1.000 1.000 1.000 1.000 1.000 1.000 1.000 1.000 1.000 1.000 1.000 1.000 1.000 1.000 1.000 1.000 1.000 1.000 1.000 1.000 1.000 1.000 1.000 1.000 1.000 1.000 1.000 1.000 1.000 1.000 1.000 1.000  2.4154578028E-01   0.33332   0.11821   0.00000   0.88179   0.7102779E-02
  4506  3.525064089418709E+06  47.619222  5.937153  4.723077  0.3085404E+00  0.6778002E+00  5.7581900E-07  1.1894747E-04  2.4643400E-05  8.9408690E-03  2.6884083E-04  3.4939088E-07  1.8133048E-07  2.0209979E-03  5.9995008E-06  0.7734    4.723077  -5.161  0.467548  7.666047  0.2376948E+00  0.7486545E+00  1.9146988E-09  9.1324743E-05  2.5127785E-05  9.0773298E-03  1.4940928E-04  2.3251798E-07  5.6072530E-10  2.0080086E-03  4.2595304E-06  5.665E-11  3.671E-17  4.530E+10  4.511E+12  1.078E+01  4.872E+06  0.08630444  5.498E-06  7.772E-06  9.989E-01  6.152E-06  7.078E-06  1.002E+00  200   36.8420  9.34E-03 5.2825E+00 7.7474E+00    7.38E+02 0.00E+00 4.28E+01  0.086808  0.365404 7.38E+02 0.00E+00 4.25E+01  0.086304  0.365498  0.0000000E+00  0.0000000E+00  1.6781100E-04  2.9367452E+00  2.1706112E-01  8.0764018E-05 -1.2450468E+00  3.3985772E-01  5.9079882E-01 0.000 0.775 1.000 1.000 1.000 1.000 1.000 1.000 1.000 1.000 1.000 1.000 1.000 1.000 1.000 1.000 1.000 1.000 1.000 1.000 1.000 1.000 1.000 1.000 1.000 1.000 1.000 1.000 1.000 1.000 1.000 1.000 1.000 1.000 1.000 1.000 1.000 1.000 1.000 1.000  2.3795356952E-01   0.33013   0.08409   0.00000   0.91591   0.7103584E-02
  4529  3.537365479408476E+06  47.534006  5.938405  4.723425  0.3056564E+00  0.6806846E+00  5.4840088E-07  1.1757337E-04  2.4660200E-05  8.9473753E-03  2.6323015E-04  3.4412259E-07  1.7251968E-07  2.0204723E-03  5.9098093E-06  0.7743    4.723425  -5.158  0.468550  7.666401  0.2352819E+00  0.7510675E+00  1.7939053E-09  9.1748710E-05  2.5245091E-05  9.0775367E-03  1.4846622E-04  2.2928835E-07  5.4805853E-10  2.0075508E-03  4.2802922E-06  5.405E-11  3.502E-17  3.871E+10  3.851E+12  9.213E+00  4.159E+06  0.08536817  5.435E-06  7.689E-06  9.989E-01  6.118E-06  7.022E-06  1.002E+00  201   36.7682  9.34E-03 5.2186E+00 7.6542E+00    7.38E+02 0.00E+00 4.19E+01  0.085012  0.366425 7.38E+02 0.00E+00 4.20E+01  0.085368  0.366402  0.0000000E+00  0.0000000E+00  1.4866998E-04  2.9239537E+00  2.1370215E-01  7.8653904E-05 -1.2422096E+00  3.3853962E-01  5.9054359E-01 0.000 0.775 1.000 1.000 1.000 1.000 1.000 1.000 1.000 1.000 1.000 1.000 1.000 1.000 1.000 1.000 1.000 1.000 1.000 1.000 1.000 1.000 1.000 1.000 1.000 1.000 1.000 1.000 1.000 1.000 1.000 1.000 1.000 1.000 1.000 1.000 1.000 1.000 1.000 1.000  2.3425983902E-01   0.32678   0.05774   0.00000   0.94226   0.7061853E-02
  4552  3.549882974898058E+06  47.446655  5.939693  4.723960  0.3028264E+00  0.6835150E+00  5.2263710E-07  1.1628786E-04  2.4677610E-05  8.9535203E-03  2.5791286E-04  3.3907850E-07  1.6423870E-07  2.0199558E-03  5.8265306E-06  0.7749    4.723960  -5.155  0.469789  7.666845  0.2327738E+00  0.7535756E+00  1.7584563E-09  9.1569322E-05  2.5196872E-05  9.0786655E-03  1.4747533E-04  2.2861406E-07  5.3078658E-10  2.0070745E-03  4.3004422E-06  5.373E-11  3.487E-17  4.281E+10  4.265E+12  1.019E+01  4.607E+06  0.08362824  5.326E-06  7.614E-06  9.990E-01  6.081E-06  6.966E-06  1.001E+00  199   36.7682  9.34E-03 5.1589E+00 7.5673E+00    7.37E+02 0.00E+00 4.14E+01  0.084153  0.367245 7.37E+02 0.00E+00 4.12E+01  0.083628  0.367369  0.0000000E+00  0.0000000E+00  1.6297583E-04  2.9098767E+00  2.1049626E-01  7.6687877E-05 -1.2395032E+00  3.3725186E-01  5.9038100E-01 0.000 0.776 1.000 1.000 1.000 1.000 1.000 1.000 1.000 1.000 1.000 1.000 1.000 1.000 1.000 1.000 1.000 1.000 1.000 1.000 1.000 1.000 1.000 1.000 1.000 1.000 1.000 1.000 1.000 1.000 1.000 1.000 1.000 1.000 1.000 1.000 1.000 1.000 1.000 1.000  2.3053574136E-01   0.32330   0.02629   0.00000   0.97371   0.7041270E-02
  4576  3.562774499137330E+06  47.356058  5.940922  4.724244  0.3000576E+00  0.6862842E+00  4.9856915E-07  1.1509443E-04  2.4695621E-05  8.9592880E-03  2.5290240E-04  3.3427110E-07  1.5650867E-07  2.0194497E-03  5.7498852E-06  0.7754    4.724244  -5.152  0.470892  7.667238  0.2301479E+00  0.7562017E+00  1.6310096E-09  9.1972167E-05  2.5307025E-05  9.0789819E-03  1.4644401E-04  2.2546416E-07  5.1488130E-10  2.0065753E-03  4.3225716E-06  5.054E-11  3.277E-17  4.031E+10  4.014E+12  9.595E+00  4.335E+06  0.08218837  5.229E-06  7.533E-06  9.990E-01  6.041E-06  6.909E-06  1.001E+00  199   36.6939  9.34E-03 5.0961E+00 7.4757E+00    7.37E+02 0.00E+00 4.06E+01  0.082632  0.368269 7.37E+02 0.00E+00 4.04E+01  0.082188  0.368330  0.0000000E+00  0.0000000E+00  1.4487764E-04  2.8964195E+00  2.0714870E-01  7.4628910E-05 -1.2364845E+00  3.3585157E-01  5.9010730E-01 0.000 0.776 1.000 1.000 1.000 1.000 1.000 1.000 1.000 1.000 1.000 1.000 1.000 1.000 1.000 1.000 1.000 1.000 1.000 1.000 1.000 1.000 1.000 1.000 1.000 1.000 1.000 1.000 1.000 1.000 1.000 1.000 1.000 1.000 1.000 1.000 1.000 1.000 1.000 1.000  2.2674320486E-01   0.31965   0.00000   0.00000   1.00000   0.6989808E-02
  4577  3.563268217086920E+06  47.352575  5.940962  4.569964  0.2999118E+00  0.6864300E+00  4.9733181E-07  1.1503330E-04  2.4696598E-05  8.9595852E-03  2.5264364E-04  3.3402129E-07  1.5611151E-07  2.0194230E-03  5.7459779E-06  0.7754    4.724224  -5.152  0.470930  7.667251  0.2300479E+00  0.7563016E+00  1.6215718E-09  9.1991001E-05  2.5312957E-05  9.0789868E-03  1.4640615E-04  2.2529898E-07  5.1272621E-10  2.0065562E-03  4.3235694E-06  5.054E-11  3.277E-17  4.010E+10  3.992E+12  9.545E+00  4.312E+06  0.08249931  5.248E-06  7.527E-06  9.990E-01  6.040E-06  6.907E-06  1.001E+00  200   36.6939  9.34E-03 5.0917E+00 7.4693E+00    7.37E+02 0.00E+00 4.04E+01  0.082181  0.368363 7.37E+02 0.00E+00 4.06E+01  0.082499  0.368349  0.0000000E+00  0.0000000E+00  1.4407739E-04  2.8959339E+00  2.0693815E-01  7.4497155E-05 -1.2363628E+00  3.3579613E-01  5.9009188E-01 0.000 0.776 1.000 1.000 1.000 1.000 1.000 1.000 1.000 1.000 1.000 1.000 1.000 1.000 1.000 1.000 1.000 1.000 1.000 1.000 1.000 1.000 1.000 1.000 1.000 1.000 1.000 1.000 1.000 1.000 1.000 1.000 1.000 1.000 1.000 1.000 1.000 1.000 1.000 1.000  2.2659912748E-01   0.31951   0.00007   0.00000   0.99993   0.6982480E-02
  4601  3.576104883776243E+06  47.261680  5.942223  4.569918  0.2968722E+00  0.6894700E+00  4.7217071E-07  1.1379503E-04  2.4717525E-05  8.9656449E-03  2.4735635E-04  3.2888455E-07  1.4803998E-07  2.0188664E-03  5.6672199E-06  0.7760    4.724633  -5.148  0.472211  7.667705  0.2274566E+00  0.7588929E+00  1.6390234E-09  9.1835872E-05  2.5271714E-05  9.0800405E-03  1.4546013E-04  2.2452420E-07  5.1349565E-10  2.0060627E-03  4.3466860E-06  5.200E-11  3.377E-17  4.118E+10  4.102E+12  9.800E+00  4.430E+06  0.08119311  5.162E-06  7.448E-06  9.990E-01  6.004E-06  6.849E-06  1.001E+00  199   36.6939  9.34E-03 5.0291E+00 7.3780E+00    7.36E+02 0.00E+00 3.97E+01  0.080735  0.369311 7.36E+02 0.00E+00 3.99E+01  0.081193  0.369265  0.0000000E+00  0.0000000E+00  1.5660097E-04  2.8814393E+00  2.0362440E-01  7.2506341E-05 -1.2335367E+00  3.3445607E-01  5.8990217E-01 0.000 0.778 1.000 1.000 1.000 1.000 1.000 1.000 1.000 1.000 1.000 1.000 1.000 1.000 1.000 1.000 1.000 1.000 1.000 1.000 1.000 1.000 1.000 1.000 1.000 1.000 1.000 1.000 1.000 1.000 1.000 1.000 1.000 1.000 1.000 1.000 1.000 1.000 1.000 1.000  2.2286560520E-01   0.31591   0.00000   0.00000   1.00000   0.6947561E-02
  4625  3.588574224311068E+06  47.172751  5.943470  4.569846  0.2939741E+00  0.6923685E+00  4.4925260E-07  1.1267478E-04  2.4738342E-05  8.9711935E-03  2.4249484E-04  3.2410750E-07  1.4069477E-07  2.0183349E-03  5.5966748E-06  0.7766    4.725051  -5.145  0.473366  7.668114  0.2249145E+00  0.7614351E+00  1.5674733E-09  9.2036665E-05  2.5330479E-05  9.0805388E-03  1.4455287E-04  2.2220441E-07  5.0227831E-10  2.0055778E-03  4.3711353E-06  5.091E-11  3.307E-17  3.998E+10  3.982E+12  9.516E+00  4.300E+06  0.07980734  5.073E-06  7.372E-06  9.991E-01  5.968E-06  6.793E-06  1.001E+00  198   36.6196  9.34E-03 4.9697E+00 7.2914E+00    7.36E+02 0.00E+00 3.90E+01  0.079461  0.370208 7.36E+02 0.00E+00 3.92E+01  0.079807  0.370196  0.0000000E+00  0.0000000E+00  1.5350396E-04  2.8678288E+00  2.0045912E-01  7.0613839E-05 -1.2306643E+00  3.3311817E-01  5.8966279E-01 0.000 0.778 1.000 1.000 1.000 1.000 1.000 1.000 1.000 1.000 1.000 1.000 1.000 1.000 1.000 1.000 1.000 1.000 1.000 1.000 1.000 1.000 1.000 1.000 1.000 1.000 1.000 1.000 1.000 1.000 1.000 1.000 1.000 1.000 1.000 1.000 1.000 1.000 1.000 1.000  2.1927723416E-01   0.31238   0.00000   0.00000   1.00000   0.6916551E-02
  4648  3.600940377794424E+06  47.083948  5.944702  4.569833  0.2910632E+00  0.6952796E+00  4.2724581E-07  1.1160683E-04  2.4760133E-05  8.9765502E-03  2.3778139E-04  3.1942249E-07  1.3364849E-07  2.0178002E-03  5.5301145E-06  0.7772    4.725538  -5.142  0.474574  7.668543  0.2224019E+00  0.7639478E+00  1.5382932E-09  9.2093257E-05  2.5343816E-05  9.0812001E-03  1.4370638E-04  2.2091756E-07  5.0062109E-10  2.0050977E-03  4.3950251E-06  5.058E-11  3.288E-17  3.984E+10  3.969E+12  9.483E+00  4.286E+06  0.07805297  4.963E-06  7.300E-06  9.991E-01  5.933E-06  6.738E-06  1.001E+00  198   36.6196  9.34E-03 4.9131E+00 7.2088E+00    7.35E+02 0.00E+00 3.85E+01  0.078519  0.371048 7.35E+02 0.00E+00 3.83E+01  0.078053  0.371112  0.0000000E+00  0.0000000E+00  1.5256320E-04  2.8538642E+00  1.9743497E-01  6.8859231E-05 -1.2278726E+00  3.3180883E-01  5.8945174E-01 0.000 0.779 1.000 1.000 1.000 1.000 1.000 1.000 1.000 1.000 1.000 1.000 1.000 1.000 1.000 1.000 1.000 1.000 1.000 1.000 1.000 1.000 1.000 1.000 1.000 1.000 1.000 1.000 1.000 1.000 1.000 1.000 1.000 1.000 1.000 1.000 1.000 1.000 1.000 1.000  2.1575801910E-01   0.30889   0.00000   0.00000   1.00000   0.6891483E-02
  4672  3.613301154689311E+06  46.994568  5.945970  4.569848  0.2879810E+00  0.6983622E+00  4.0501080E-07  1.1053636E-04  2.4784166E-05  8.9819940E-03  2.3296914E-04  3.1458133E-07  1.2653609E-07  2.0172331E-03  5.4641747E-06  0.7778    4.726057  -5.139  0.475698  7.668942  0.2198739E+00  0.7664759E+00  1.4477713E-09  9.2433070E-05  2.5441276E-05  9.0814250E-03  1.4287894E-04  2.1821319E-07  4.8882122E-10  2.0046139E-03  4.4215298E-06  4.942E-11  3.213E-17  3.808E+10  3.790E+12  9.062E+00  4.093E+06  0.07681377  4.886E-06  7.223E-06  9.991E-01  5.899E-06  6.683E-06  1.001E+00  198   36.5448  9.34E-03 4.8539E+00 7.1225E+00    7.35E+02 0.00E+00 3.79E+01  0.077315  0.371892 7.35E+02 0.00E+00 3.77E+01  0.076814  0.372015  0.0000000E+00  0.0000000E+00  1.4959740E-04  2.8402873E+00  1.9433236E-01  6.7036869E-05 -1.2249697E+00  3.3046991E-01  5.8919038E-01 0.000 0.779 1.000 1.000 1.000 1.000 1.000 1.000 1.000 1.000 1.000 1.000 1.000 1.000 1.000 1.000 1.000 1.000 1.000 1.000 1.000 1.000 1.000 1.000 1.000 1.000 1.000 1.000 1.000 1.000 1.000 1.000 1.000 1.000 1.000 1.000 1.000 1.000 1.000 1.000  2.1227977911E-01   0.30538   0.00000   0.00000   1.00000   0.6873077E-02
  4695  3.625543646637839E+06  46.905447  5.947193  4.569901  0.2848448E+00  0.7014988E+00  3.8346966E-07  1.0950854E-04  2.4809587E-05  8.9872999E-03  2.2825568E-04  3.0977970E-07  1.1965431E-07  2.0166552E-03  5.4017377E-06  0.7785    4.726482  -5.136  0.476944  7.669382  0.2173884E+00  0.7689613E+00  1.4731812E-09  9.2353971E-05  2.5416502E-05  9.0822116E-03  1.4211641E-04  2.1757157E-07  4.9853310E-10  2.0041374E-03  4.4471337E-06  4.911E-11  3.195E-17  3.937E+10  3.919E+12  9.369E+00  4.233E+06  0.07595805  4.830E-06  7.147E-06  9.991E-01  5.867E-06  6.628E-06  1.001E+00  198   36.5448  9.34E-03 4.7938E+00 7.0349E+00    7.34E+02 0.00E+00 3.71E+01  0.075630  0.372879 7.34E+02 0.00E+00 3.72E+01  0.075958  0.372862  0.0000000E+00  0.0000000E+00  1.4702638E-04  2.8261106E+00  1.9122523E-01  6.5259453E-05 -1.2222140E+00  3.2917781E-01  5.8897931E-01 0.000 0.781 1.000 1.000 1.000 1.000 1.000 1.000 1.000 1.000 1.000 1.000 1.000 1.000 1.000 1.000 1.000 1.000 1.000 1.000 1.000 1.000 1.000 1.000 1.000 1.000 1.000 1.000 1.000 1.000 1.000 1.000 1.000 1.000 1.000 1.000 1.000 1.000 1.000 1.000  2.0887234479E-01   0.30192   0.00000   0.00000   1.00000   0.6841420E-02
  4718  3.637216596569634E+06  46.819892  5.948419  4.569918  0.2819851E+00  0.7043587E+00  3.6472321E-07  1.0862145E-04  2.4833498E-05  8.9919459E-03  2.2410921E-04  3.0550703E-07  1.1367042E-07  2.0161274E-03  5.3486570E-06  0.7792    4.726975  -5.134  0.478121  7.669796  0.2149890E+00  0.7713608E+00  1.3867843E-09  9.2511398E-05  2.5461999E-05  9.0826197E-03  1.4138586E-04  2.1579722E-07  4.8018551E-10  2.0036767E-03  4.4739119E-06  4.801E-11  3.124E-17  3.762E+10  3.744E+12  8.953E+00  4.044E+06  0.07437990  4.732E-06  7.080E-06  9.992E-01  5.834E-06  6.576E-06  1.001E+00  198   36.4701  9.34E-03 4.7413E+00 6.9584E+00    7.34E+02 0.00E+00 3.66E+01  0.074820  0.373706 7.34E+02 0.00E+00 3.64E+01  0.074380  0.373765  0.0000000E+00  0.0000000E+00  1.4479118E-04  2.8127433E+00  1.8844971E-01  6.3679109E-05 -1.2195323E+00  3.2792940E-01  5.8876012E-01 0.000 0.781 1.000 1.000 1.000 1.000 1.000 1.000 1.000 1.000 1.000 1.000 1.000 1.000 1.000 1.000 1.000 1.000 1.000 1.000 1.000 1.000 1.000 1.000 1.000 1.000 1.000 1.000 1.000 1.000 1.000 1.000 1.000 1.000 1.000 1.000 1.000 1.000 1.000 1.000  2.0565606787E-01   0.29859   0.00000   0.00000   1.00000   0.6819036E-02
  4741  3.649336663598680E+06  46.730505  5.949657  4.570071  0.2786500E+00  0.7076942E+00  3.4389690E-07  1.0764580E-04  2.4862353E-05  8.9971378E-03  2.1945209E-04  3.0064906E-07  1.0703177E-07  2.0155108E-03  5.2913098E-06  0.7798    4.727536  -5.131  0.479345  7.670228  0.2125014E+00  0.7738484E+00  1.3517838E-09  9.2609843E-05  2.5488531E-05  9.0831099E-03  1.4066300E-04  2.1447551E-07  4.7719153E-10  2.0031983E-03  4.5009458E-06  4.827E-11  3.143E-17  3.724E+10  3.706E+12  8.864E+00  4.003E+06  0.07360879  4.687E-06  7.003E-06  9.992E-01  5.804E-06  6.522E-06  1.001E+00  198   36.4701  9.34E-03 4.6814E+00 6.8710E+00    7.34E+02 0.00E+00 3.58E+01  0.073203  0.374582 7.34E+02 0.00E+00 3.60E+01  0.073609  0.374573  0.0000000E+00  0.0000000E+00  1.4228616E-04  2.7987141E+00  1.8540638E-01  6.1966467E-05 -1.2167450E+00  3.2663324E-01  5.8853258E-01 0.000 0.782 1.000 1.000 1.000 1.000 1.000 1.000 1.000 1.000 1.000 1.000 1.000 1.000 1.000 1.000 1.000 1.000 1.000 1.000 1.000 1.000 1.000 1.000 1.000 1.000 1.000 1.000 1.000 1.000 1.000 1.000 1.000 1.000 1.000 1.000 1.000 1.000 1.000 1.000  2.0235578820E-01   0.29514   0.00000   0.00000   1.00000   0.6800388E-02
  4764  3.660913962408598E+06  46.644553  5.950921  4.570072  0.2758067E+00  0.7105377E+00  3.2697322E-07  1.0686085E-04  2.4887768E-05  9.0013829E-03  2.1562504E-04  2.9660903E-07  1.0164136E-07  2.0149844E-03  5.2460756E-06  0.7807    4.728036  -5.128  0.480486  7.670629  0.2101411E+00  0.7762087E+00  1.2942635E-09  9.2836830E-05  2.5554979E-05  9.0833422E-03  1.4001487E-04  2.1251862E-07  4.6938741E-10  2.0027435E-03  4.5294463E-06  4.650E-11  3.029E-17  3.620E+10  3.601E+12  8.616E+00  3.889E+06  0.07213859  4.594E-06  6.936E-06  9.992E-01  5.771E-06  6.470E-06  1.001E+00  198   36.3948  9.34E-03 4.6295E+00 6.7953E+00    7.33E+02 0.00E+00 3.55E+01  0.072577  0.375456 7.33E+02 0.00E+00 3.53E+01  0.072139  0.375519  0.0000000E+00  0.0000000E+00  1.4046128E-04  2.7853483E+00  1.8270943E-01  6.0476185E-05 -1.2140401E+00  3.2538716E-01  5.8828512E-01 0.000 0.782 1.000 1.000 1.000 1.000 1.000 1.000 1.000 1.000 1.000 1.000 1.000 1.000 1.000 1.000 1.000 1.000 1.000 1.000 1.000 1.000 1.000 1.000 1.000 1.000 1.000 1.000 1.000 1.000 1.000 1.000 1.000 1.000 1.000 1.000 1.000 1.000 1.000 1.000  1.9923435861E-01   0.29186   0.00000   0.00000   1.00000   0.6778919E-02
  4787  3.672912828767350E+06  46.554893  5.952166  4.570246  0.2724994E+00  0.7138453E+00  3.0823234E-07  1.0600138E-04  2.4918187E-05  9.0061107E-03  2.1134048E-04  2.9203144E-07  9.5681213E-08  2.0143710E-03  5.1977342E-06  0.7814    4.728621  -5.125  0.481767  7.671080  0.2076615E+00  0.7786883E+00  1.2638425E-09  9.2867028E-05  2.5560567E-05  9.0838962E-03  1.3933545E-04  2.1160631E-07  4.6587694E-10  2.0022651E-03  4.5578726E-06  4.612E-11  3.005E-17  3.592E+10  3.573E+12  8.549E+00  3.859E+06  0.07136445  4.548E-06  6.861E-06  9.992E-01  5.740E-06  6.417E-06  1.001E+00  197   36.3948  9.34E-03 4.5714E+00 6.7105E+00    7.33E+02 0.00E+00 3.47E+01  0.071052  0.376329 7.33E+02 0.00E+00 3.49E+01  0.071364  0.376345  0.0000000E+00  0.0000000E+00  1.3811475E-04  2.7710927E+00  1.7976837E-01  5.8848320E-05 -1.2112992E+00  3.2410905E-01  5.8807242E-01 0.000 0.783 1.000 1.000 1.000 1.000 1.000 1.000 1.000 1.000 1.000 1.000 1.000 1.000 1.000 1.000 1.000 1.000 1.000 1.000 1.000 1.000 1.000 1.000 1.000 1.000 1.000 1.000 1.000 1.000 1.000 1.000 1.000 1.000 1.000 1.000 1.000 1.000 1.000 1.000  1.9603283168E-01   0.28842   0.00000   0.00000   1.00000   0.6767127E-02
  4810  3.684343053198662E+06  46.468939  5.953434  4.570327  0.2694191E+00  0.7169260E+00  2.9159938E-07  1.0524718E-04  2.4947283E-05  9.0103314E-03  2.0749575E-04  2.8787612E-07  9.0397185E-08  2.0137987E-03  5.1564433E-06  0.7822    4.729165  -5.122  0.482958  7.671497  0.2053126E+00  0.7810373E+00  1.2291953E-09  9.3018333E-05  2.5603291E-05  9.0842115E-03  1.3872226E-04  2.1010891E-07  4.6335263E-10  2.0018110E-03  4.5875090E-06  4.555E-11  2.969E-17  3.547E+10  3.527E+12  8.442E+00  3.809E+06  0.06994746  4.461E-06  6.796E-06  9.993E-01  5.710E-06  6.366E-06  1.001E+00  195   36.3196  9.34E-03 4.5203E+00 6.6360E+00    7.33E+02 0.00E+00 3.44E+01  0.070351  0.377192 7.33E+02 0.00E+00 3.42E+01  0.069947  0.377229  0.0000000E+00  0.0000000E+00  1.3609213E-04  2.7575976E+00  1.7714653E-01  5.7431751E-05 -1.2086415E+00  3.2288156E-01  5.8783979E-01 0.000 0.783 1.000 1.000 1.000 1.000 1.000 1.000 1.000 1.000 1.000 1.000 1.000 1.000 1.000 1.000 1.000 1.000 1.000 1.000 1.000 1.000 1.000 1.000 1.000 1.000 1.000 1.000 1.000 1.000 1.000 1.000 1.000 1.000 1.000 1.000 1.000 1.000 1.000 1.000  1.9301382183E-01   0.28516   0.00000   0.00000   1.00000   0.6748518E-02
  4833  3.696221930893821E+06  46.379044  5.954678  4.570604  0.2659783E+00  0.7203671E+00  2.7393831E-07  1.0445696E-04  2.4980745E-05  9.0148387E-03  2.0336682E-04  2.8335821E-07  8.4794297E-08  2.0131584E-03  5.1145780E-06  0.7829    4.729834  -5.120  0.484221  7.671942  0.2028417E+00  0.7835082E+00  1.1836186E-09  9.3127502E-05  2.5633455E-05  9.0846129E-03  1.3808194E-04  2.0886156E-07  4.5622540E-10  2.0013327E-03  4.6173328E-06  4.459E-11  2.908E-17  3.472E+10  3.451E+12  8.264E+00  3.727E+06  0.06928941  4.426E-06  6.721E-06  9.993E-01  5.681E-06  6.314E-06  1.001E+00  193   36.3196  9.34E-03 4.4624E+00 6.5515E+00    7.33E+02 0.00E+00 3.37E+01  0.068948  0.378011 7.33E+02 0.00E+00 3.39E+01  0.069289  0.378016  0.0000000E+00  0.0000000E+00  1.3386955E-04  2.7434100E+00  1.7425870E-01  5.5874033E-05 -1.2058828E+00  3.2160468E-01  5.8761157E-01 0.000 0.785 1.000 1.000 1.000 1.000 1.000 1.000 1.000 1.000 1.000 1.000 1.000 1.000 1.000 1.000 1.000 1.000 1.000 1.000 1.000 1.000 1.000 1.000 1.000 1.000 1.000 1.000 1.000 1.000 1.000 1.000 1.000 1.000 1.000 1.000 1.000 1.000 1.000 1.000  1.8990940027E-01   0.28173   0.00000   0.00000   1.00000   0.6742073E-02
  4856  3.707558511998550E+06  46.292721  5.955916  4.570653  0.2630407E+00  0.7233049E+00  2.5957422E-07  1.0382301E-04  2.5010150E-05  9.0185247E-03  1.9997132E-04  2.7959810E-07  8.0242207E-08  2.0126108E-03  5.0821784E-06  0.7838    4.730351  -5.117  0.485377  7.672347  0.2005105E+00  0.7858395E+00  1.1914072E-09  9.3311968E-05  2.5686282E-05  9.0848402E-03  1.3751280E-04  2.0726022E-07  4.6667556E-10  2.0008804E-03  4.6482964E-06  4.066E-11  2.652E-17  3.547E+10  3.522E+12  8.441E+00  3.804E+06  0.06794631  4.342E-06  6.655E-06  9.993E-01  5.649E-06  6.264E-06  1.001E+00  191   36.3196  9.34E-03 4.4116E+00 6.4773E+00    7.32E+02 0.00E+00 3.34E+01  0.068346  0.378895 7.32E+02 0.00E+00 3.32E+01  0.067946  0.378919  0.0000000E+00  0.0000000E+00  1.3208696E-04  2.7299868E+00  1.7170405E-01  5.4519386E-05 -1.2031955E+00  3.2037390E-01  5.8735400E-01 0.000 0.786 1.000 1.000 1.000 1.000 1.000 1.000 1.000 1.000 1.000 1.000 1.000 1.000 1.000 1.000 1.000 1.000 1.000 1.000 1.000 1.000 1.000 1.000 1.000 1.000 1.000 1.000 1.000 1.000 1.000 1.000 1.000 1.000 1.000 1.000 1.000 1.000 1.000 1.000  1.8697620402E-01   0.27847   0.00000   0.00000   1.00000   0.6720263E-02
  4877  3.718295984489087E+06  46.210414  5.957160  4.570727  0.2601747E+00  0.7261711E+00  2.4618623E-07  1.0323931E-04  2.5039385E-05  9.0219795E-03  1.9677284E-04  2.7601919E-07  7.6002801E-08  2.0120758E-03  5.0535256E-06  0.7847    4.730872  -5.114  0.486609  7.672776  0.1982900E+00  0.7880599E+00  1.1047725E-09  9.3379645E-05  2.5704068E-05  9.0852069E-03  1.3698234E-04  2.0639258E-07  4.4565167E-10  2.0004490E-03  4.6767741E-06  4.314E-11  2.815E-17  3.342E+10  3.318E+12  7.953E+00  3.584E+06  0.06739650  4.309E-06  6.589E-06  9.993E-01  5.620E-06  6.216E-06  1.001E+00  189   36.2438  9.34E-03 4.3600E+00 6.4020E+00    7.32E+02 0.00E+00 3.28E+01  0.067106  0.379790 7.32E+02 0.00E+00 3.29E+01  0.067397  0.379821  0.0000000E+00  0.0000000E+00  1.3036718E-04  2.7167447E+00  1.6915798E-01  5.3173971E-05 -1.2007427E+00  3.1923260E-01  5.8715435E-01 0.000 0.786 1.000 1.000 1.000 1.000 1.000 1.000 1.000 1.000 1.000 1.000 1.000 1.000 1.000 1.000 1.000 1.000 1.000 1.000 1.000 1.000 1.000 1.000 1.000 1.000 1.000 1.000 1.000 1.000 1.000 1.000 1.000 1.000 1.000 1.000 1.000 1.000 1.000 1.000  1.8422124623E-01   0.27540   0.00000   0.00000   1.00000   0.6700631E-02
  4901  3.730004942585911E+06  46.120143  5.958427  4.571072  0.2566535E+00  0.7296926E+00  2.3054694E-07  1.0256897E-04  2.5076174E-05  9.0260339E-03  1.9299663E-04  2.7174247E-07  7.1062217E-08  2.0114173E-03  5.0223107E-06  0.7855    4.731635  -5.112  0.487889  7.673224  0.1958367E+00  0.7905133E+00  1.0693703E-09  9.3536261E-05  2.5748149E-05  9.0854955E-03  1.3639083E-04  2.0495786E-07  4.4227796E-10  1.9999716E-03  4.7101643E-06  4.232E-11  2.763E-17  3.289E+10  3.264E+12  7.827E+00  3.525E+06  0.06643304  4.256E-06  6.518E-06  9.993E-01  5.591E-06  6.165E-06  1.001E+00  186   36.2438  9.34E-03 4.3054E+00 6.3223E+00    7.32E+02 0.00E+00 3.23E+01  0.066067  0.380585 7.32E+02 0.00E+00 3.24E+01  0.066433  0.380609  0.0000000E+00  0.0000000E+00  1.2752902E-04  2.7025468E+00  1.6646559E-01  5.1771534E-05 -1.1979892E+00  3.1796483E-01  5.8691621E-01 0.000 0.787 1.000 1.000 1.000 1.000 1.000 1.000 1.000 1.000 1.000 1.000 1.000 1.000 1.000 1.000 1.000 1.000 1.000 1.000 1.000 1.000 1.000 1.000 1.000 1.000 1.000 1.000 1.000 1.000 1.000 1.000 1.000 1.000 1.000 1.000 1.000 1.000 1.000 1.000  1.8124710528E-01   0.27200   0.00000   0.00000   1.00000   0.6707037E-02
  4923  3.741141235483239E+06  46.033785  5.959666  4.571263  0.2535299E+00  0.7328164E+00  2.1733466E-07  1.0201131E-04  2.5109485E-05  9.0294787E-03  1.8976987E-04  2.6804673E-07  6.6891717E-08  2.0108322E-03  4.9978333E-06  0.7863    4.732223  -5.109  0.489159  7.673666  0.1934793E+00  0.7928707E+00  1.0276648E-09  9.3645862E-05  2.5778547E-05  9.0858283E-03  1.3582809E-04  2.0383594E-07  4.3521159E-10  1.9995122E-03  4.7410705E-06  4.155E-11  2.714E-17  3.212E+10  3.186E+12  7.645E+00  3.441E+06  0.06546806  4.198E-06  6.453E-06  9.994E-01  5.562E-06  6.117E-06  1.001E+00  187   36.1681  9.34E-03 4.2545E+00 6.2481E+00    7.32E+02 0.00E+00 3.18E+01  0.065172  0.381432 7.32E+02 0.00E+00 3.20E+01  0.065468  0.381462  0.0000000E+00  0.0000000E+00  1.2629122E-04  2.6889889E+00  1.6394956E-01  5.0474801E-05 -1.1953731E+00  3.1675545E-01  5.8669225E-01 0.000 0.787 1.000 1.000 1.000 1.000 1.000 1.000 1.000 1.000 1.000 1.000 1.000 1.000 1.000 1.000 1.000 1.000 1.000 1.000 1.000 1.000 1.000 1.000 1.000 1.000 1.000 1.000 1.000 1.000 1.000 1.000 1.000 1.000 1.000 1.000 1.000 1.000 1.000 1.000  1.7844842455E-01   0.26872   0.00000   0.00000   1.00000   0.6692846E-02
  4947  3.752753351804366E+06  45.943201  5.960944  4.571558  0.2498161E+00  0.7365305E+00  2.0241314E-07  1.0139348E-04  2.5150082E-05  9.0333891E-03  1.8608326E-04  2.6377154E-07  6.2188996E-08  2.0101352E-03  4.9726775E-06  0.7872    4.732952  -5.107  0.490460  7.674121  0.1910242E+00  0.7953258E+00  9.9179213E-10  9.3825428E-05  2.5830118E-05  9.0860606E-03  1.3526109E-04  2.0232053E-07  4.3181737E-10  1.9990329E-03  4.7759218E-06  4.092E-11  2.673E-17  3.153E+10  3.125E+12  7.505E+00  3.375E+06  0.06445099  4.141E-06  6.385E-06  9.994E-01  5.535E-06  6.066E-06  1.001E+00  186   36.1681  9.34E-03 4.2020E+00 6.1714E+00    7.32E+02 0.00E+00 3.13E+01  0.064170  0.382155 7.32E+02 0.00E+00 3.15E+01  0.064451  0.382206  0.0000000E+00  0.0000000E+00  1.2364037E-04  2.6747633E+00  1.6134317E-01  4.9138674E-05 -1.1926254E+00  3.1549263E-01  5.8645419E-01 0.000 0.789 1.000 1.000 1.000 1.000 1.000 1.000 1.000 1.000 1.000 1.000 1.000 1.000 1.000 1.000 1.000 1.000 1.000 1.000 1.000 1.000 1.000 1.000 1.000 1.000 1.000 1.000 1.000 1.000 1.000 1.000 1.000 1.000 1.000 1.000 1.000 1.000 1.000 1.000  1.7556094065E-01   0.26531   0.00000   0.00000   1.00000   0.6695706E-02
  4969  3.763778281772723E+06  45.856667  5.962180  4.571628  0.2467577E+00  0.7395891E+00  1.9074736E-07  1.0091887E-04  2.5184024E-05  9.0364661E-03  1.8316469E-04  2.6034876E-07  5.8515099E-08  2.0095602E-03  4.9550669E-06  0.7881    4.733439  -5.104  0.491754  7.674564  0.1887061E+00  0.7976439E+00  1.0090854E-09  9.3917362E-05  2.5853818E-05  9.0863763E-03  1.3474942E-04  2.0139828E-07  4.4252339E-10  1.9985794E-03  4.8080532E-06  4.215E-11  2.753E-17  2.882E+10  2.853E+12  6.859E+00  3.082E+06  0.06352122  4.084E-06  6.320E-06  9.994E-01  5.504E-06  6.019E-06  1.001E+00  184   36.1681  9.34E-03 4.1519E+00 6.0983E+00    7.31E+02 0.00E+00 3.09E+01  0.063264  0.383024 7.31E+02 0.00E+00 3.10E+01  0.063521  0.383079  0.0000000E+00  0.0000000E+00  1.2249623E-04  2.6611142E+00  1.5889446E-01  4.7907167E-05 -1.1900353E+00  3.1429161E-01  5.8622981E-01 0.000 0.790 1.000 1.000 1.000 1.000 1.000 1.000 1.000 1.000 1.000 1.000 1.000 1.000 1.000 1.000 1.000 1.000 1.000 1.000 1.000 1.000 1.000 1.000 1.000 1.000 1.000 1.000 1.000 1.000 1.000 1.000 1.000 1.000 1.000 1.000 1.000 1.000 1.000 1.000  1.7284810349E-01   0.26207   0.00000   0.00000   1.00000   0.6669808E-02
  4991  3.774251965242667E+06  45.773895  5.963412  4.571593  0.2439278E+00  0.7424191E+00  1.8046470E-07  1.0050886E-04  2.5216112E-05  9.0391929E-03  1.8056160E-04  2.5726052E-07  5.5279675E-08  2.0090273E-03  4.9413699E-06  0.7891    4.733874  -5.101  0.492986  7.674995  0.1864833E+00  0.7998667E+00  9.1287493E-10  9.4064837E-05  2.5896162E-05  9.0865878E-03  1.3426016E-04  2.0016994E-07  4.1903135E-10  1.9981439E-03  4.8411663E-06  3.920E-11  2.562E-17  2.996E+10  2.966E+12  7.131E+00  3.203E+06  0.06278890  4.035E-06  6.259E-06  9.994E-01  5.475E-06  5.973E-06  1.001E+00  185   36.0919  9.34E-03 4.1045E+00 6.0291E+00    7.31E+02 0.00E+00 3.04E+01  0.062430  0.383939 7.31E+02 0.00E+00 3.06E+01  0.062789  0.383987  0.0000000E+00  0.0000000E+00  1.2039234E-04  2.6480993E+00  1.5657814E-01  4.6759454E-05 -1.1875538E+00  3.1315457E-01  5.8599467E-01 0.000 0.790 1.000 1.000 1.000 1.000 1.000 1.000 1.000 1.000 1.000 1.000 1.000 1.000 1.000 1.000 1.000 1.000 1.000 1.000 1.000 1.000 1.000 1.000 1.000 1.000 1.000 1.000 1.000 1.000 1.000 1.000 1.000 1.000 1.000 1.000 1.000 1.000 1.000 1.000  1.7029054920E-01   0.25901   0.00000   0.00000   1.00000   0.6643810E-02
  5015  3.785960440869067E+06  45.680826  5.964684  4.572006  0.2402401E+00  0.7461071E+00  1.6774661E-07  1.0001432E-04  2.5258793E-05  9.0425808E-03  1.7730422E-04  2.5334734E-07  5.1288442E-08  2.0083316E-03  4.9271499E-06  0.7900    4.734668  -5.098  0.494295  7.675453  0.1839717E+00  0.8023784E+00  8.5689089E-10  9.4448545E-05  2.5998987E-05  9.0865123E-03  1.3371018E-04  1.9823187E-07  4.1663962E-10  1.9976509E-03  4.8778959E-06  3.703E-11  2.418E-17  2.864E+10  2.831E+12  6.817E+00  3.057E+06  0.06177963  3.978E-06  6.192E-06  9.994E-01  5.446E-06  5.923E-06  1.001E+00  184   36.0919  9.34E-03 4.0529E+00 5.9538E+00    7.31E+02 0.00E+00 3.00E+01  0.061545  0.384711 7.31E+02 0.00E+00 3.01E+01  0.061780  0.384754  0.0000000E+00  0.0000000E+00  1.0716281E-04  2.6337499E+00  1.5403217E-01  4.5494651E-05 -1.1847029E+00  3.1185728E-01  5.8571964E-01 0.000 0.792 1.000 1.000 1.000 1.000 1.000 1.000 1.000 1.000 1.000 1.000 1.000 1.000 1.000 1.000 1.000 1.000 1.000 1.000 1.000 1.000 1.000 1.000 1.000 1.000 1.000 1.000 1.000 1.000 1.000 1.000 1.000 1.000 1.000 1.000 1.000 1.000 1.000 1.000  1.6746009355E-01   0.25552   0.00000   0.00000   1.00000   0.6656914E-02
  5038  3.796989229562920E+06  45.592639  5.965920  4.572177  0.2372102E+00  0.7491372E+00  1.5783732E-07  9.9638845E-05  2.5294673E-05  9.0452363E-03  1.7473186E-04  2.5021710E-07  4.8180827E-08  2.0077589E-03  4.9182926E-06  0.7909    4.735210  -5.096  0.495679  7.675934  0.1816072E+00  0.8047429E+00  8.6267515E-10  9.4341061E-05  2.5972858E-05  9.0871059E-03  1.3320760E-04  1.9782816E-07  4.1648240E-10  1.9971860E-03  4.9133161E-06  3.815E-11  2.494E-17  2.933E+10  2.898E+12  6.982E+00  3.130E+06  0.06054800  3.901E-06  6.133E-06  9.995E-01  5.415E-06  5.876E-06  1.001E+00  183   36.0919  9.34E-03 4.0061E+00 5.8856E+00    7.31E+02 0.00E+00 2.97E+01  0.060876  0.385652 7.31E+02 0.00E+00 2.95E+01  0.060548  0.385654  0.0000000E+00  0.0000000E+00  1.1705470E-04  2.6196652E+00  1.5173215E-01  4.4386342E-05 -1.1821356E+00  3.1066295E-01  5.8550682E-01 0.000 0.793 1.000 1.000 1.000 1.000 1.000 1.000 1.000 1.000 1.000 1.000 1.000 1.000 1.000 1.000 1.000 1.000 1.000 1.000 1.000 1.000 1.000 1.000 1.000 1.000 1.000 1.000 1.000 1.000 1.000 1.000 1.000 1.000 1.000 1.000 1.000 1.000 1.000 1.000  1.6482273839E-01   0.25223   0.00000   0.00000   1.00000   0.6633798E-02
  5061  3.807794763424914E+06  45.505688  5.967143  4.572279  0.2341878E+00  0.7521597E+00  1.4843815E-07  9.9291971E-05  2.5331110E-05  9.0477689E-03  1.7226090E-04  2.4717439E-07  4.5236734E-08  2.0071866E-03  4.9120681E-06  0.7918    4.735809  -5.093  0.496924  7.676365  0.1792576E+00  0.8070925E+00  7.9365519E-10  9.4784473E-05  2.6095224E-05  9.0868964E-03  1.3270742E-04  1.9566505E-07  4.0887591E-10  1.9967233E-03  4.9501112E-06  3.716E-11  2.429E-17  2.746E+10  2.708E+12  6.535E+00  2.925E+06  0.06002979  3.872E-06  6.067E-06  9.995E-01  5.384E-06  5.830E-06  1.001E+00  184   36.0157  9.34E-03 3.9565E+00 5.8132E+00    7.30E+02 0.00E+00 2.91E+01  0.059745  0.386490 7.30E+02 0.00E+00 2.92E+01  0.060030  0.386533  0.0000000E+00  0.0000000E+00  1.0394865E-04  2.6064732E+00  1.4934704E-01  4.3232670E-05 -1.1794619E+00  3.0944894E-01  5.8523022E-01 0.000 0.793 1.000 1.000 1.000 1.000 1.000 1.000 1.000 1.000 1.000 1.000 1.000 1.000 1.000 1.000 1.000 1.000 1.000 1.000 1.000 1.000 1.000 1.000 1.000 1.000 1.000 1.000 1.000 1.000 1.000 1.000 1.000 1.000 1.000 1.000 1.000 1.000 1.000 1.000  1.6226447820E-01   0.24897   0.00000   0.00000   1.00000   0.6620181E-02
  5083  3.818492241948284E+06  45.419138  5.968367  4.572577  0.2309973E+00  0.7553504E+00  1.3900361E-07  9.8953892E-05  2.5370211E-05  9.0503235E-03  1.6974981E-04  2.4404508E-07  4.2287547E-08  2.0065814E-03  4.9082049E-06  0.7927    4.736502  -5.091  0.498354  7.676858  0.1769446E+00  0.8094055E+00  8.0025458E-10  9.4614320E-05  2.6049209E-05  9.0875578E-03  1.3223496E-04  1.9561357E-07  4.0859226E-10  1.9962668E-03  4.9851088E-06  3.667E-11  2.398E-17  2.818E+10  2.778E+12  6.706E+00  3.000E+06  0.05910857  3.820E-06  6.008E-06  9.995E-01  5.355E-06  5.785E-06  1.001E+00  184   36.0157  9.34E-03 3.9100E+00 5.7453E+00    7.30E+02 0.00E+00 2.87E+01  0.058890  0.387281 7.30E+02 0.00E+00 2.88E+01  0.059109  0.387358  0.0000000E+00  0.0000000E+00  1.1308955E-04  2.5924815E+00  1.4709095E-01  4.2164152E-05 -1.1769952E+00  3.0829693E-01  5.8504713E-01 0.000 0.795 1.000 1.000 1.000 1.000 1.000 1.000 1.000 1.000 1.000 1.000 1.000 1.000 1.000 1.000 1.000 1.000 1.000 1.000 1.000 1.000 1.000 1.000 1.000 1.000 1.000 1.000 1.000 1.000 1.000 1.000 1.000 1.000 1.000 1.000 1.000 1.000 1.000 1.000  1.5976015429E-01   0.24576   0.00000   0.00000   1.00000   0.6614516E-02
  5105  3.828995220862139E+06  45.333628  5.969600  4.572555  0.2282579E+00  0.7580899E+00  1.3130003E-07  9.8686200E-05  2.5404402E-05  9.0524222E-03  1.6767106E-04  2.4142347E-07  3.9880518E-08  2.0060608E-03  4.9070565E-06  0.7939    4.736919  -5.088  0.499590  7.677283  0.1746971E+00  0.8116531E+00  7.7232122E-10  9.4993116E-05  2.6150649E-05  9.0873923E-03  1.3179593E-04  1.9387273E-07  4.1263338E-10  1.9958222E-03  5.0212979E-06  3.461E-11  2.261E-17  2.766E+10  2.723E+12  6.583E+00  2.941E+06  0.05826886  3.766E-06  5.948E-06  9.995E-01  5.324E-06  5.740E-06  1.001E+00  182   36.0157  9.34E-03 3.8643E+00 5.6785E+00    7.30E+02 0.00E+00 2.83E+01  0.058043  0.388250 7.30E+02 0.00E+00 2.84E+01  0.058269  0.388327  0.0000000E+00  0.0000000E+00  1.0085134E-04  2.5793573E+00  1.4489752E-01  4.1124916E-05 -1.1744076E+00  3.0712364E-01  5.8476863E-01 0.000 0.796 1.000 1.000 1.000 1.000 1.000 1.000 1.000 1.000 1.000 1.000 1.000 1.000 1.000 1.000 1.000 1.000 1.000 1.000 1.000 1.000 1.000 1.000 1.000 1.000 1.000 1.000 1.000 1.000 1.000 1.000 1.000 1.000 1.000 1.000 1.000 1.000 1.000 1.000  1.5732541902E-01   0.24264   0.00000   0.00000   1.00000   0.6573273E-02
  5128  3.839804536660985E+06  45.244998  5.970848  4.572498  0.2256537E+00  0.7606942E+00  1.2432615E-07  9.8451065E-05  2.5437254E-05  9.0543335E-03  1.6576420E-04  2.3899272E-07  3.7703684E-08  2.0055651E-03  4.9079330E-06  0.7949    4.737256  -5.085  0.501079  7.677790  0.1723216E+00  0.8140285E+00  7.4481420E-10  9.4892183E-05  2.6126839E-05  9.0879545E-03  1.3131767E-04  1.9347462E-07  4.0210329E-10  1.9953518E-03  5.0597876E-06  3.547E-11  2.320E-17  2.717E+10  2.673E+12  6.466E+00  2.887E+06  0.05714644  3.689E-06  5.892E-06  9.995E-01  5.289E-06  5.695E-06  1.001E+00  182   35.9390  9.34E-03 3.8196E+00 5.6133E+00    7.29E+02 0.00E+00 2.79E+01  0.057436  0.389422 7.29E+02 0.00E+00 2.78E+01  0.057146  0.389390  0.0000000E+00  0.0000000E+00  1.1033101E-04  2.5653078E+00  1.4273623E-01  4.0126462E-05 -1.1718624E+00  3.0593818E-01  5.8454830E-01 0.000 0.796 1.000 1.000 1.000 1.000 1.000 1.000 1.000 1.000 1.000 1.000 1.000 1.000 1.000 1.000 1.000 1.000 1.000 1.000 1.000 1.000 1.000 1.000 1.000 1.000 1.000 1.000 1.000 1.000 1.000 1.000 1.000 1.000 1.000 1.000 1.000 1.000 1.000 1.000  1.5483992439E-01   0.23933   0.00000   0.00000   1.00000   0.6522862E-02
  5151  3.850395040399126E+06  45.157685  5.972073  4.572924  0.2220798E+00  0.7642683E+00  1.1523288E-07  9.8156885E-05  2.5483029E-05  9.0568346E-03  1.6324760E-04  2.3574521E-07  3.4875971E-08  2.0048836E-03  4.9120111E-06  0.7959    4.738122  -5.083  0.502356  7.678234  0.1700033E+00  0.8163468E+00  6.8454321E-10  9.5338494E-05  2.6249851E-05  9.0876990E-03  1.3086522E-04  1.9143807E-07  3.9572231E-10  1.9948918E-03  5.0994584E-06  3.455E-11  2.259E-17  2.541E+10  2.495E+12  6.047E+00  2.694E+06  0.05667371  3.668E-06  5.829E-06  9.995E-01  5.263E-06  5.650E-06  1.001E+00  183   35.9390  9.34E-03 3.7722E+00 5.5440E+00    7.29E+02 0.00E+00 2.74E+01  0.056393  0.390021 7.29E+02 0.00E+00 2.76E+01  0.056674  0.390093  0.0000000E+00  0.0000000E+00  9.7871069E-05  2.5518756E+00  1.4047968E-01  3.9082184E-05 -1.1692381E+00  3.0475115E-01  5.8428920E-01 0.000 0.798 1.000 1.000 1.000 1.000 1.000 1.000 1.000 1.000 1.000 1.000 1.000 1.000 1.000 1.000 1.000 1.000 1.000 1.000 1.000 1.000 1.000 1.000 1.000 1.000 1.000 1.000 1.000 1.000 1.000 1.000 1.000 1.000 1.000 1.000 1.000 1.000 1.000 1.000  1.5243105907E-01   0.23612   0.00000   0.00000   1.00000   0.6553224E-02
  5173  3.860879639099882E+06  45.070748  5.973301  4.573069  0.2191238E+00  0.7672245E+00  1.0810754E-07  9.7936174E-05  2.5521529E-05  9.0588067E-03  1.6124533E-04  2.3312808E-07  3.2662100E-08  2.0043188E-03  4.9176951E-06  0.7970    4.738689  -5.080  0.503845  7.678743  0.1677014E+00  0.8186487E+00  6.8836772E-10  9.5173213E-05  2.6205336E-05  9.0883250E-03  1.3042491E-04  1.9139735E-07  3.9493852E-10  1.9944341E-03  5.1373364E-06  3.403E-11  2.226E-17  2.602E+10  2.554E+12  6.193E+00  2.758E+06  0.05587200  3.618E-06  5.772E-06  9.995E-01  5.233E-06  5.606E-06  1.001E+00  181   35.9390  9.34E-03 3.7274E+00 5.4786E+00    7.29E+02 0.00E+00 2.71E+01  0.055650  0.390918 7.29E+02 0.00E+00 2.72E+01  0.055872  0.391004  0.0000000E+00  0.0000000E+00  1.0672853E-04  2.5378775E+00  1.3835229E-01  3.8116517E-05 -1.1667971E+00  3.0361143E-01  5.8410014E-01 0.000 0.799 1.000 1.000 1.000 1.000 1.000 1.000 1.000 1.000 1.000 1.000 1.000 1.000 1.000 1.000 1.000 1.000 1.000 1.000 1.000 1.000 1.000 1.000 1.000 1.000 1.000 1.000 1.000 1.000 1.000 1.000 1.000 1.000 1.000 1.000 1.000 1.000 1.000 1.000  1.5006914211E-01   0.23292   0.00000   0.00000   1.00000   0.6534220E-02
  5195  3.870868602225692E+06  44.987391  5.974534  4.573044  0.2164891E+00  0.7698593E+00  1.0206515E-07  9.7757403E-05  2.5556440E-05  9.0604885E-03  1.5952274E-04  2.3084906E-07  3.0786095E-08  2.0038145E-03  4.9246038E-06  0.7983    4.739123  -5.077  0.505152  7.679190  0.1655385E+00  0.8208116E+00  6.6459358E-10  9.5382867E-05  2.6266184E-05  9.0883622E-03  1.3002924E-04  1.9012033E-07  3.9328937E-10  1.9940030E-03  5.1762414E-06  3.385E-11  2.214E-17  2.556E+10  2.505E+12  6.083E+00  2.705E+06  0.05511218  3.569E-06  5.717E-06  9.995E-01  5.202E-06  5.564E-06  1.001E+00  181   35.9390  9.34E-03 3.6849E+00 5.4165E+00    7.28E+02 0.00E+00 2.67E+01  0.054903  0.391910 7.28E+02 0.00E+00 2.68E+01  0.055112  0.391994  0.0000000E+00  0.0000000E+00  1.0483719E-04  2.5248357E+00  1.3634803E-01  3.7208675E-05 -1.1643688E+00  3.0250307E-01  5.8385421E-01 0.000 0.801 1.000 1.000 1.000 1.000 1.000 1.000 1.000 1.000 1.000 1.000 1.000 1.000 1.000 1.000 1.000 1.000 1.000 1.000 1.000 1.000 1.000 1.000 1.000 1.000 1.000 1.000 1.000 1.000 1.000 1.000 1.000 1.000 1.000 1.000 1.000 1.000 1.000 1.000  1.4783781229E-01   0.22992   0.00000   0.00000   1.00000   0.6497933E-02
  5217  3.881248354939438E+06  44.900197  5.975811  4.573115  0.2136891E+00  0.7726594E+00  9.5962675E-08  9.7585934E-05  2.5594039E-05  9.0621956E-03  1.5775821E-04  2.2848633E-07  2.8895293E-08  2.0032776E-03  4.9339472E-06  0.7996    4.739614  -5.074  0.506552  7.679668  0.1632902E+00  0.8230599E+00  6.5567881E-10  9.5449270E-05  2.6282224E-05  9.0886209E-03  1.2962590E-04  1.8949277E-07  3.9446707E-10  1.9935540E-03  5.2155180E-06  3.306E-11  2.163E-17  2.567E+10  2.513E+12  6.110E+00  2.714E+06  0.05430672  3.517E-06  5.660E-06  9.996E-01  5.171E-06  5.521E-06  1.001E+00  181   35.9390  9.34E-03 3.6408E+00 5.3521E+00    7.28E+02 0.00E+00 2.63E+01  0.054067  0.392932 7.28E+02 0.00E+00 2.64E+01  0.054307  0.393004  0.0000000E+00  0.0000000E+00  1.0373172E-04  2.5110334E+00  1.3428534E-01  3.6297231E-05 -1.1618677E+00  3.0135872E-01  5.8360800E-01 0.000 0.802 1.000 1.000 1.000 1.000 1.000 1.000 1.000 1.000 1.000 1.000 1.000 1.000 1.000 1.000 1.000 1.000 1.000 1.000 1.000 1.000 1.000 1.000 1.000 1.000 1.000 1.000 1.000 1.000 1.000 1.000 1.000 1.000 1.000 1.000 1.000 1.000 1.000 1.000  1.4554005756E-01   0.22679   0.00000   0.00000   1.00000   0.6461229E-02
  5239  3.891118556156325E+06  44.816774  5.977064  4.573307  0.2107680E+00  0.7755805E+00  8.9919427E-08  9.7427137E-05  2.5634028E-05  9.0638918E-03  1.5598642E-04  2.2608146E-07  2.7029115E-08  2.0027164E-03  4.9458247E-06  0.8012    4.740243  -5.072  0.507941  7.680144  0.1611327E+00  0.8252174E+00  6.1610339E-10  9.5615510E-05  2.6329525E-05  9.0887167E-03  1.2923757E-04  1.8842222E-07  3.8650328E-10  1.9931224E-03  5.2560214E-06  3.028E-11  1.980E-17  2.494E+10  2.439E+12  5.936E+00  2.634E+06  0.05350396  3.470E-06  5.606E-06  9.996E-01  5.143E-06  5.480E-06  1.001E+00  180   35.9390  9.34E-03 3.5988E+00 5.2908E+00    7.28E+02 0.00E+00 2.59E+01  0.053279  0.393836 7.28E+02 0.00E+00 2.60E+01  0.053504  0.393923  0.0000000E+00  0.0000000E+00  1.0163099E-04  2.4977377E+00  1.3233783E-01  3.5434496E-05 -1.1595076E+00  3.0027601E-01  5.8339412E-01 0.000 0.804 1.000 1.000 1.000 1.000 1.000 1.000 1.000 1.000 1.000 1.000 1.000 1.000 1.000 1.000 1.000 1.000 1.000 1.000 1.000 1.000 1.000 1.000 1.000 1.000 1.000 1.000 1.000 1.000 1.000 1.000 1.000 1.000 1.000 1.000 1.000 1.000 1.000 1.000  1.4337690422E-01   0.22379   0.00000   0.00000   1.00000   0.6443978E-02
  5261  3.901394511342930E+06  44.729473  5.978354  4.573977  0.2070244E+00  0.7793243E+00  8.2604698E-08  9.7249389E-05  2.5685965E-05  9.0659522E-03  1.5380982E-04  2.2308660E-07  2.4780562E-08  2.0019956E-03  4.9640135E-06  0.8023    4.741292  -5.070  0.509369  7.680636  0.1588789E+00  0.8274712E+00  5.9279208E-10  9.5730948E-05  2.6361041E-05  9.0888977E-03  1.2883887E-04  1.8760458E-07  3.8375828E-10  1.9926706E-03  5.2970601E-06  3.016E-11  1.971E-17  2.407E+10  2.350E+12  5.729E+00  2.538E+06  0.05278928  3.439E-06  5.549E-06  9.996E-01  5.118E-06  5.438E-06  1.001E+00  180   35.8623  9.34E-03 3.5554E+00 5.2273E+00    7.28E+02 0.00E+00 2.55E+01  0.052503  0.394532 7.29E+02 0.00E+00 2.56E+01  0.052789  0.394643  0.0000000E+00  0.0000000E+00  1.0033236E-04  2.4836262E+00  1.3029382E-01  3.4545870E-05 -1.1570638E+00  2.9915681E-01  5.8318993E-01 0.000 0.803 1.000 1.000 1.000 1.000 1.000 1.000 1.000 1.000 1.000 1.000 1.000 1.000 1.000 1.000 1.000 1.000 1.000 1.000 1.000 1.000 1.000 1.000 1.000 1.000 1.000 1.000 1.000 1.000 1.000 1.000 1.000 1.000 1.000 1.000 1.000 1.000 1.000 1.000  1.4115121689E-01   0.22067   0.00000   0.00000   1.00000   0.6475772E-02
  5285  3.912072162959562E+06  44.638420  5.979624  4.574634  0.2031913E+00  0.7831576E+00  7.5527324E-08  9.7092236E-05  2.5740035E-05  9.0679543E-03  1.5166964E-04  2.2010010E-07  2.2611424E-08  2.0012560E-03  4.9855084E-06  0.8035    4.742275  -5.068  0.510879  7.681154  0.1564874E+00  0.8298628E+00  5.6650720E-10  9.5900817E-05  2.6408516E-05  9.0890275E-03  1.2840666E-04  1.8651595E-07  3.8036743E-10  1.9921905E-03  5.3430898E-06  3.086E-11  2.018E-17  2.347E+10  2.287E+12  5.585E+00  2.470E+06  0.05202229  3.402E-06  5.491E-06  9.996E-01  5.091E-06  5.394E-06  1.001E+00  179   35.8623  9.34E-03 3.5105E+00 5.1618E+00    7.29E+02 0.00E+00 2.52E+01  0.051819  0.395243 7.29E+02 0.00E+00 2.53E+01  0.052022  0.395346  0.0000000E+00  0.0000000E+00  9.8182347E-05  2.4692689E+00  1.2820428E-01  3.3639152E-05 -1.1544792E+00  2.9797098E-01  5.8297108E-01 0.000 0.805 1.000 1.000 1.000 1.000 1.000 1.000 1.000 1.000 1.000 1.000 1.000 1.000 1.000 1.000 1.000 1.000 1.000 1.000 1.000 1.000 1.000 1.000 1.000 1.000 1.000 1.000 1.000 1.000 1.000 1.000 1.000 1.000 1.000 1.000 1.000 1.000 1.000 1.000  1.3886932716E-01   0.21735   0.00000   0.00000   1.00000   0.6503463E-02
  5309  3.922800260174380E+06  44.546432  5.980903  4.574754  0.2001220E+00  0.7862269E+00  7.0178779E-08  9.6983808E-05  2.5783876E-05  9.0694808E-03  1.5001958E-04  2.1776830E-07  2.0969669E-08  2.0006627E-03  5.0048330E-06  0.8046    4.742820  -5.065  0.512356  7.681657  0.1540655E+00  0.8322847E+00  5.1853242E-10  9.6350009E-05  2.6531493E-05  9.0887528E-03  1.2797221E-04  1.8465770E-07  3.7556299E-10  1.9917034E-03  5.3903497E-06  2.899E-11  1.894E-17  2.192E+10  2.131E+12  5.216E+00  2.301E+06  0.05135612  3.359E-06  5.432E-06  9.996E-01  5.059E-06  5.350E-06  1.001E+00  179   35.8623  9.34E-03 3.4654E+00 5.0958E+00    7.28E+02 0.00E+00 2.48E+01  0.051158  0.396233 7.29E+02 0.00E+00 2.50E+01  0.051356  0.396318  0.0000000E+00  0.0000000E+00  8.7671502E-05  2.4552587E+00  1.2614102E-01  3.2749633E-05 -1.1517899E+00  2.9674720E-01  5.8269332E-01 0.000 0.807 1.000 1.000 1.000 1.000 1.000 1.000 1.000 1.000 1.000 1.000 1.000 1.000 1.000 1.000 1.000 1.000 1.000 1.000 1.000 1.000 1.000 1.000 1.000 1.000 1.000 1.000 1.000 1.000 1.000 1.000 1.000 1.000 1.000 1.000 1.000 1.000 1.000 1.000  1.3659852833E-01   0.21398   0.00000   0.00000   1.00000   0.6483817E-02
  5331  3.932788488615762E+06  44.460223  5.982132  4.574767  0.1974651E+00  0.7888839E+00  6.5806028E-08  9.6904830E-05  2.5822381E-05  9.0707374E-03  1.4864461E-04  2.1579885E-07  1.9628083E-08  2.0001480E-03  5.0233921E-06  0.8059    4.743284  -5.062  0.513924  7.682189  0.1518231E+00  0.8345271E+00  5.2174105E-10  9.6201836E-05  2.6492432E-05  9.0893097E-03  1.2758139E-04  1.8457727E-07  3.7511495E-10  1.9912513E-03  5.4336069E-06  2.926E-11  1.913E-17  2.249E+10  2.184E+12  5.352E+00  2.359E+06  0.05076522  3.319E-06  5.377E-06  9.996E-01  5.028E-06  5.310E-06  1.001E+00  178   35.8623  9.34E-03 3.4228E+00 5.0336E+00    7.28E+02 0.00E+00 2.45E+01  0.050491  0.397231 7.28E+02 0.00E+00 2.46E+01  0.050765  0.397330  0.0000000E+00  0.0000000E+00  9.5704410E-05  2.4414165E+00  1.2422739E-01  3.1946018E-05 -1.1494416E+00  2.9564985E-01  5.8250399E-01 0.000 0.808 1.000 1.000 1.000 1.000 1.000 1.000 1.000 1.000 1.000 1.000 1.000 1.000 1.000 1.000 1.000 1.000 1.000 1.000 1.000 1.000 1.000 1.000 1.000 1.000 1.000 1.000 1.000 1.000 1.000 1.000 1.000 1.000 1.000 1.000 1.000 1.000 1.000 1.000  1.3449945722E-01   0.21087   0.00000   0.00000   1.00000   0.6452464E-02
  5355  3.943299434345575E+06  44.368966  5.983369  4.575304  0.1938734E+00  0.7924757E+00  6.0254682E-08  9.6820846E-05  2.5875384E-05  9.0723384E-03  1.4686584E-04  2.1320989E-07  1.7933545E-08  1.9994505E-03  5.0512985E-06  0.8069    4.744170  -5.060  0.515471  7.682718  0.1494171E+00  0.8369331E+00  4.9607321E-10  9.6435382E-05  2.6559949E-05  9.0893361E-03  1.2715799E-04  1.8327010E-07  3.7170590E-10  1.9907654E-03  5.4827053E-06  2.893E-11  1.890E-17  2.183E+10  2.116E+12  5.196E+00  2.285E+06  0.05005737  3.281E-06  5.322E-06  9.996E-01  5.000E-06  5.267E-06  1.001E+00  178   35.7851  9.34E-03 3.3801E+00 4.9713E+00    7.28E+02 0.00E+00 2.42E+01  0.049853  0.397973 7.28E+02 0.00E+00 2.43E+01  0.050057  0.398085  0.0000000E+00  0.0000000E+00  9.3780209E-05  2.4271508E+00  1.2223123E-01  3.1106056E-05 -1.1468610E+00  2.9446977E-01  5.8227483E-01 0.000 0.808 1.000 1.000 1.000 1.000 1.000 1.000 1.000 1.000 1.000 1.000 1.000 1.000 1.000 1.000 1.000 1.000 1.000 1.000 1.000 1.000 1.000 1.000 1.000 1.000 1.000 1.000 1.000 1.000 1.000 1.000 1.000 1.000 1.000 1.000 1.000 1.000 1.000 1.000  1.3230978570E-01   0.20753   0.00000   0.00000   1.00000   0.6475941E-02
  5378  3.953723399252713E+06  44.278021  5.984602  4.575485  0.1907070E+00  0.7956421E+00  5.5635429E-08  9.6762443E-05  2.5922553E-05  9.0736799E-03  1.4535601E-04  2.1098436E-07  1.6526146E-08  1.9988344E-03  5.0780066E-06  0.8081    4.744648  -5.058  0.517098  7.683269  0.1470308E+00  0.8393194E+00  4.7691972E-10  9.6518333E-05  2.6580750E-05  9.0895768E-03  1.2674737E-04  1.8259579E-07  3.6930772E-10  1.9902823E-03  5.5302570E-06  2.837E-11  1.853E-17  2.144E+10  2.074E+12  5.102E+00  2.239E+06  0.04913215  3.220E-06  5.269E-06  9.996E-01  4.969E-06  5.225E-06  1.001E+00  177   35.7851  9.34E-03 3.3387E+00 4.9107E+00    7.28E+02 0.00E+00 2.40E+01  0.049430  0.399014 7.28E+02 0.00E+00 2.38E+01  0.049132  0.398984  0.0000000E+00  0.0000000E+00  9.3318470E-05  2.4129080E+00  1.2032815E-01  3.0320394E-05 -1.1443367E+00  2.9329973E-01  5.8205540E-01 0.000 0.810 1.000 1.000 1.000 1.000 1.000 1.000 1.000 1.000 1.000 1.000 1.000 1.000 1.000 1.000 1.000 1.000 1.000 1.000 1.000 1.000 1.000 1.000 1.000 1.000 1.000 1.000 1.000 1.000 1.000 1.000 1.000 1.000 1.000 1.000 1.000 1.000 1.000 1.000  1.3016022819E-01   0.20421   0.00000   0.00000   1.00000   0.6442765E-02
  5402  3.964097510414647E+06  44.186875  5.985831  4.575373  0.1879618E+00  0.7983874E+00  5.1874661E-08  9.6726638E-05  2.5964249E-05  9.0747811E-03  1.4409689E-04  2.0909954E-07  1.5379568E-08  1.9982991E-03  5.1030244E-06  0.8091    4.744996  -5.055  0.518685  7.683815  0.1446406E+00  0.8417096E+00  4.5502699E-10  9.6698877E-05  2.6631362E-05  9.0896702E-03  1.2633872E-04  1.8153715E-07  3.6659973E-10  1.9897975E-03  5.5810763E-06  2.794E-11  1.824E-17  2.089E+10  2.016E+12  4.972E+00  2.177E+06  0.04851143  3.177E-06  5.213E-06  9.997E-01  4.936E-06  5.184E-06  1.001E+00  177   35.7851  9.34E-03 3.2955E+00 4.8476E+00    7.27E+02 0.00E+00 2.37E+01  0.048804  0.400045 7.27E+02 0.00E+00 2.35E+01  0.048511  0.400022  0.0000000E+00  0.0000000E+00  9.1765223E-05  2.3987993E+00  1.1839018E-01  2.9529350E-05 -1.1417852E+00  2.9212306E-01  5.8181668E-01 0.000 0.812 1.000 1.000 1.000 1.000 1.000 1.000 1.000 1.000 1.000 1.000 1.000 1.000 1.000 1.000 1.000 1.000 1.000 1.000 1.000 1.000 1.000 1.000 1.000 1.000 1.000 1.000 1.000 1.000 1.000 1.000 1.000 1.000 1.000 1.000 1.000 1.000 1.000 1.000  1.2803666617E-01   0.20089   0.00000   0.00000   1.00000   0.6394510E-02
  5425  3.974417235672718E+06  44.095552  5.987132  4.575195  0.1854372E+00  0.8009121E+00  4.8611986E-08  9.6705112E-05  2.6003008E-05  9.0757435E-03  1.4298061E-04  2.0740668E-07  1.4386206E-08  1.9978058E-03  5.1276282E-06  0.8103    4.745375  -5.051  0.520343  7.684374  0.1422637E+00  0.8440865E+00  4.4004311E-10  9.6840105E-05  2.6670478E-05  9.0898117E-03  1.2594137E-04  1.8066858E-07  3.6558860E-10  1.9893141E-03  5.6307469E-06  2.723E-11  1.777E-17  2.053E+10  1.976E+12  4.886E+00  2.135E+06  0.04803748  3.144E-06  5.156E-06  9.997E-01  4.902E-06  5.143E-06  1.001E+00  174   35.7079  9.34E-03 3.2519E+00 4.7840E+00    7.26E+02 0.00E+00 2.32E+01  0.047829  0.401063 7.26E+02 0.00E+00 2.33E+01  0.048037  0.401184  0.0000000E+00  0.0000000E+00  9.0558128E-05  2.3844967E+00  1.1644931E-01  2.8738370E-05 -1.1392685E+00  2.9096185E-01  5.8158605E-01 0.000 0.812 1.000 1.000 1.000 1.000 1.000 1.000 1.000 1.000 1.000 1.000 1.000 1.000 1.000 1.000 1.000 1.000 1.000 1.000 1.000 1.000 1.000 1.000 1.000 1.000 1.000 1.000 1.000 1.000 1.000 1.000 1.000 1.000 1.000 1.000 1.000 1.000 1.000 1.000  1.2594171218E-01   0.19759   0.00000   0.00000   1.00000   0.6344218E-02
  5450  3.985145263104041E+06  44.000085  5.988381  4.575865  0.1813860E+00  0.8049634E+00  4.3727525E-08  9.6693202E-05  2.6066072E-05  9.0771880E-03  1.4127201E-04  2.0477085E-07  1.2912523E-08  1.9970120E-03  5.1703976E-06  0.8116    4.746281  -5.050  0.522041  7.684953  0.1397954E+00  0.8465547E+00  4.1610457E-10  9.7033702E-05  2.6725046E-05  9.0898831E-03  1.2553554E-04  1.7958796E-07  3.6216561E-10  1.9888110E-03  5.6859755E-06  2.657E-11  1.732E-17  1.998E+10  1.919E+12  4.755E+00  2.072E+06  0.04709721  3.092E-06  5.103E-06  9.997E-01  4.875E-06  5.100E-06  1.000E+00  170   35.7079  9.34E-03 3.2104E+00 4.7233E+00    7.27E+02 0.00E+00 2.30E+01  0.047370  0.401883 7.26E+02 0.00E+00 2.28E+01  0.047097  0.401830  0.0000000E+00  0.0000000E+00  8.8893714E-05  2.3694307E+00  1.1451724E-01  2.7967563E-05 -1.1366531E+00  2.8976077E-01  5.8136444E-01 0.000 0.813 1.000 1.000 1.000 1.000 1.000 1.000 1.000 1.000 1.000 1.000 1.000 1.000 1.000 1.000 1.000 1.000 1.000 1.000 1.000 1.000 1.000 1.000 1.000 1.000 1.000 1.000 1.000 1.000 1.000 1.000 1.000 1.000 1.000 1.000 1.000 1.000 1.000 1.000  1.2378718509E-01   0.19416   0.00000   0.00000   1.00000   0.6360030E-02
  5473  3.995272951735564E+06  43.909438  5.989611  4.575867  0.1785216E+00  0.8078279E+00  4.0480888E-08  9.6695900E-05  2.6110964E-05  9.0781585E-03  1.4010676E-04  2.0295162E-07  1.1932280E-08  1.9964496E-03  5.2023826E-06  0.8127    4.746767  -5.047  0.523695  7.685510  0.1374286E+00  0.8489216E+00  3.8428047E-10  9.7345439E-05  2.6806613E-05  9.0897738E-03  1.2514574E-04  1.7835682E-07  3.5913011E-10  1.9883275E-03  5.7383515E-06  2.462E-11  1.603E-17  1.886E+10  1.806E+12  4.489E+00  1.951E+06  0.04676359  3.071E-06  5.046E-06  9.997E-01  4.844E-06  5.060E-06  1.000E+00  170   35.7079  9.34E-03 3.1674E+00 4.6604E+00    7.26E+02 0.00E+00 2.25E+01  0.046572  0.402735 7.26E+02 0.00E+00 2.26E+01  0.046764  0.402827  0.0000000E+00  0.0000000E+00  7.9089769E-05  2.3554170E+00  1.1261492E-01  2.7212224E-05 -1.1341510E+00  2.8860651E-01  5.8113897E-01 0.000 0.815 1.000 1.000 1.000 1.000 1.000 1.000 1.000 1.000 1.000 1.000 1.000 1.000 1.000 1.000 1.000 1.000 1.000 1.000 1.000 1.000 1.000 1.000 1.000 1.000 1.000 1.000 1.000 1.000 1.000 1.000 1.000 1.000 1.000 1.000 1.000 1.000 1.000 1.000  1.2177247116E-01   0.19087   0.00000   0.00000   1.00000   0.6324433E-02
  5498  4.005947002516954E+06  43.813324  5.990856  4.576580  0.1746176E+00  0.8117319E+00  3.6389151E-08  9.6721937E-05  2.6173562E-05  9.0793880E-03  1.3859337E-04  2.0054157E-07  1.0702723E-08  1.9956808E-03  5.2491930E-06  0.8136    4.747704  -5.045  0.525493  7.686121  0.1349344E+00  0.8514158E+00  3.8047270E-10  9.7364794E-05  2.6816824E-05  9.0900940E-03  1.2474195E-04  1.7772356E-07  3.5835547E-10  1.9878168E-03  5.7959699E-06  2.540E-11  1.654E-17  1.913E+10  1.827E+12  4.552E+00  1.973E+06  0.04575874  3.017E-06  4.995E-06  9.997E-01  4.815E-06  5.018E-06  1.000E+00  170   35.6302  9.34E-03 3.1271E+00 4.6016E+00    7.27E+02 0.00E+00 2.23E+01  0.046004  0.403595 7.26E+02 0.00E+00 2.22E+01  0.045759  0.403524  0.0000000E+00  0.0000000E+00  8.5988835E-05  2.3401277E+00  1.1074605E-01  2.6485090E-05 -1.1315758E+00  2.8741704E-01  5.8093613E-01 0.000 0.815 1.000 1.000 1.000 1.000 1.000 1.000 1.000 1.000 1.000 1.000 1.000 1.000 1.000 1.000 1.000 1.000 1.000 1.000 1.000 1.000 1.000 1.000 1.000 1.000 1.000 1.000 1.000 1.000 1.000 1.000 1.000 1.000 1.000 1.000 1.000 1.000 1.000 1.000  1.1967137097E-01   0.18741   0.00000   0.00000   1.00000   0.6336106E-02
  5522  4.016056967693377E+06  43.721868  5.992104  4.576588  0.1717179E+00  0.8146317E+00  3.3535666E-08  9.6754007E-05  2.6220985E-05  9.0802497E-03  1.3751006E-04  1.9878846E-07  9.8471210E-09  1.9951086E-03  5.2857932E-06  0.8148    4.748180  -5.042  0.527169  7.686683  0.1325511E+00  0.8537991E+00  3.5139918E-10  9.7742807E-05  2.6923740E-05  9.0898749E-03  1.2435823E-04  1.7619820E-07  3.5459357E-10  1.9873276E-03  5.8532338E-06  2.440E-11  1.588E-17  1.808E+10  1.721E+12  4.302E+00  1.858E+06  0.04520262  2.982E-06  4.941E-06  9.997E-01  4.783E-06  4.979E-06  1.000E+00  169   35.6302  9.34E-03 3.0861E+00 4.5416E+00    7.26E+02 0.00E+00 2.20E+01  0.045472  0.404552 7.26E+02 0.00E+00 2.19E+01  0.045203  0.404533  0.0000000E+00  0.0000000E+00  8.4610250E-05  2.3262151E+00  1.0893216E-01  2.5776544E-05 -1.1290382E+00  2.8624980E-01  5.8069296E-01 0.000 0.817 1.000 1.000 1.000 1.000 1.000 1.000 1.000 1.000 1.000 1.000 1.000 1.000 1.000 1.000 1.000 1.000 1.000 1.000 1.000 1.000 1.000 1.000 1.000 1.000 1.000 1.000 1.000 1.000 1.000 1.000 1.000 1.000 1.000 1.000 1.000 1.000 1.000 1.000  1.1770454472E-01   0.18410   0.00000   0.00000   1.00000   0.6293084E-02
  5546  4.026505544143651E+06  43.626679  5.993332  4.576559  0.1689722E+00  0.8173774E+00  3.1020337E-08  9.6794615E-05  2.6266322E-05  9.0810194E-03  1.3652281E-04  1.9716803E-07  9.0910049E-09  1.9945654E-03  5.3222659E-06  0.8159    4.748601  -5.039  0.529100  7.687324  0.1300740E+00  0.8562762E+00  3.5172558E-10  9.7712149E-05  2.6913604E-05  9.0902677E-03  1.2396303E-04  1.7584633E-07  3.5557308E-10  1.9868180E-03  5.9113642E-06  2.424E-11  1.576E-17  1.725E+10  1.638E+12  4.105E+00  1.769E+06  0.04450859  2.934E-06  4.889E-06  9.997E-01  4.750E-06  4.938E-06  1.000E+00  169   35.6302  9.34E-03 3.0450E+00 4.4815E+00    7.26E+02 0.00E+00 2.17E+01  0.044774  0.405651 7.25E+02 0.00E+00 2.15E+01  0.044509  0.405607  0.0000000E+00  0.0000000E+00  8.3757696E-05  2.3111915E+00  1.0711207E-01  2.5084360E-05 -1.1265454E+00  2.8507091E-01  5.8051110E-01 0.000 0.818 1.000 1.000 1.000 1.000 1.000 1.000 1.000 1.000 1.000 1.000 1.000 1.000 1.000 1.000 1.000 1.000 1.000 1.000 1.000 1.000 1.000 1.000 1.000 1.000 1.000 1.000 1.000 1.000 1.000 1.000 1.000 1.000 1.000 1.000 1.000 1.000 1.000 1.000  1.1568957846E-01   0.18064   0.00000   0.00000   1.00000   0.6238861E-02
  5570  4.036479581080139E+06  43.535223  5.994570  4.576859  0.1659906E+00  0.8203591E+00  2.8484548E-08  9.6851995E-05  2.6316391E-05  9.0817989E-03  1.3549625E-04  1.9545313E-07  8.3332151E-09  1.9939740E-03  5.3641319E-06  0.8170    4.749240  -5.037  0.530829  7.687912  0.1277294E+00  0.8586207E+00  3.2727326E-10  9.7908035E-05  2.6968854E-05  9.0903006E-03  1.2359723E-04  1.7485694E-07  3.5176709E-10  1.9863342E-03  5.9706169E-06  2.361E-11  1.534E-17  1.767E+10  1.673E+12  4.206E+00  1.807E+06  0.04385748  2.892E-06  4.838E-06  9.997E-01  4.719E-06  4.899E-06  1.000E+00  170   35.5485  9.34E-03 3.0060E+00 4.4245E+00    7.25E+02 0.00E+00 2.13E+01  0.044097  0.406651 7.25E+02 0.00E+00 2.12E+01  0.043857  0.406584  0.0000000E+00  0.0000000E+00  8.1952530E-05  2.2967578E+00  1.0539894E-01  2.4440569E-05 -1.1241089E+00  2.8395287E-01  5.8029024E-01 0.000 0.818 1.000 1.000 1.000 1.000 1.000 1.000 1.000 1.000 1.000 1.000 1.000 1.000 1.000 1.000 1.000 1.000 1.000 1.000 1.000 1.000 1.000 1.000 1.000 1.000 1.000 1.000 1.000 1.000 1.000 1.000 1.000 1.000 1.000 1.000 1.000 1.000 1.000 1.000  1.1378415424E-01   0.17740   0.00000   0.00000   1.00000   0.6227091E-02
  5593  4.046306467231617E+06  43.444739  5.995796  4.577379  0.1624817E+00  0.8238680E+00  2.5704042E-08  9.6933797E-05  2.6376115E-05  9.0826542E-03  1.3433882E-04  1.9348742E-07  7.5113204E-09  1.9932761E-03  5.4160371E-06  0.8180    4.750195  -5.035  0.532589  7.688505  0.1253867E+00  0.8609634E+00  3.0093307E-10  9.8227249E-05  2.7052424E-05  9.0901593E-03  1.2323153E-04  1.7368945E-07  3.4910150E-10  1.9858497E-03  6.0293461E-06  2.182E-11  1.414E-17  1.664E+10  1.570E+12  3.960E+00  1.696E+06  0.04367887  2.890E-06  4.786E-06  9.997E-01  4.691E-06  4.862E-06  1.000E+00  167   35.6302  9.34E-03 2.9657E+00 4.3656E+00    7.25E+02 0.00E+00 2.10E+01  0.043493  0.407254 7.25E+02 0.00E+00 2.11E+01  0.043679  0.407354  0.0000000E+00  0.0000000E+00  7.2980397E-05  2.2826118E+00  1.0362003E-01  2.3768657E-05 -1.1217092E+00  2.8283964E-01  5.8010845E-01 0.000 0.820 1.000 1.000 1.000 1.000 1.000 1.000 1.000 1.000 1.000 1.000 1.000 1.000 1.000 1.000 1.000 1.000 1.000 1.000 1.000 1.000 1.000 1.000 1.000 1.000 1.000 1.000 1.000 1.000 1.000 1.000 1.000 1.000 1.000 1.000 1.000 1.000 1.000 1.000  1.1192602519E-01   0.17415   0.00000   0.00000   1.00000   0.6258607E-02
  5618  4.056663488030743E+06  43.348848  5.997022  4.577509  0.1595076E+00  0.8268421E+00  2.3496266E-08  9.7012278E-05  2.6427423E-05  9.0833410E-03  1.3338838E-04  1.9185126E-07  6.8563377E-09  1.9926833E-03  5.4617337E-06  0.8188    4.750647  -5.032  0.534568  7.689165  0.1228659E+00  0.8634842E+00  2.9335339E-10  9.8262152E-05  2.7067088E-05  9.0904498E-03  1.2283555E-04  1.7304541E-07  3.4695783E-10  1.9853273E-03  6.0949737E-06  2.224E-11  1.441E-17  1.665E+10  1.566E+12  3.964E+00  1.691E+06  0.04280038  2.829E-06  4.737E-06  9.997E-01  4.659E-06  4.822E-06  1.000E+00  169   35.4663  9.34E-03 2.9275E+00 4.3097E+00    7.25E+02 0.00E+00 2.08E+01  0.043049  0.408395 7.24E+02 0.00E+00 2.07E+01  0.042800  0.408363  0.0000000E+00  0.0000000E+00  7.9776112E-05  2.2677015E+00  1.0191180E-01  2.3144552E-05 -1.1191981E+00  2.8165768E-01  5.7991669E-01 0.000 0.820 1.000 1.000 1.000 1.000 1.000 1.000 1.000 1.000 1.000 1.000 1.000 1.000 1.000 1.000 1.000 1.000 1.000 1.000 1.000 1.000 1.000 1.000 1.000 1.000 1.000 1.000 1.000 1.000 1.000 1.000 1.000 1.000 1.000 1.000 1.000 1.000 1.000 1.000  1.0998372920E-01   0.17065   0.00000   0.00000   1.00000   0.6213792E-02
  5643  4.066895603934840E+06  43.253659  5.998293  4.578225  0.1557387E+00  0.8306111E+00  2.0933281E-08  9.7128753E-05  2.6493765E-05  9.0841410E-03  1.3223995E-04  1.8983385E-07  6.1019023E-09  1.9919296E-03  5.5229451E-06  0.8199    4.751768  -5.030  0.536424  7.689793  0.1204290E+00  0.8659212E+00  2.7606408E-10  9.8593493E-05  2.7161973E-05  9.0902871E-03  1.2246420E-04  1.7171712E-07  3.4533048E-10  1.9848205E-03  6.1614456E-06  2.159E-11  1.397E-17  1.608E+10  1.506E+12  3.827E+00  1.626E+06  0.04246248  2.818E-06  4.683E-06  9.997E-01  4.630E-06  4.783E-06  1.000E+00  169   35.4663  9.34E-03 2.8863E+00 4.2495E+00    7.25E+02 0.00E+00 2.04E+01  0.042261  0.409025 7.25E+02 0.00E+00 2.05E+01  0.042462  0.409127  0.0000000E+00  0.0000000E+00  7.7695484E-05  2.2526987E+00  1.0012315E-01  2.2486968E-05 -1.1167061E+00  2.8050609E-01  5.7972877E-01 0.000 0.822 1.000 1.000 1.000 1.000 1.000 1.000 1.000 1.000 1.000 1.000 1.000 1.000 1.000 1.000 1.000 1.000 1.000 1.000 1.000 1.000 1.000 1.000 1.000 1.000 1.000 1.000 1.000 1.000 1.000 1.000 1.000 1.000 1.000 1.000 1.000 1.000 1.000 1.000  1.0808859455E-01   0.16726   0.00000   0.00000   1.00000   0.6256916E-02
  5667  4.077033847215966E+06  43.158852  5.999536  4.578304  0.1528871E+00  0.8334627E+00  1.9133747E-08  9.7225178E-05  2.6544408E-05  9.0847090E-03  1.3140182E-04  1.8834133E-07  5.5724534E-09  1.9913579E-03  5.5711771E-06  0.8208    4.752276  -5.028  0.538476  7.690477  0.1179445E+00  0.8684056E+00  2.6383613E-10  9.8637654E-05  2.7171777E-05  9.0905599E-03  1.2208196E-04  1.7121150E-07  3.4329094E-10  1.9843028E-03  6.2278410E-06  2.116E-11  1.368E-17  1.579E+10  1.474E+12  3.758E+00  1.592E+06  0.04184633  2.777E-06  4.634E-06  9.997E-01  4.598E-06  4.744E-06  1.000E+00  170   35.3840  9.34E-03 2.8477E+00 4.1930E+00    7.24E+02 0.00E+00 2.01E+01  0.041655  0.410100 7.24E+02 0.00E+00 2.02E+01  0.041846  0.410185  0.0000000E+00  0.0000000E+00  7.6964284E-05  2.2377751E+00  9.8436826E-02  2.1882782E-05 -1.1143010E+00  2.7935976E-01  5.7957462E-01 0.000 0.822 1.000 1.000 1.000 1.000 1.000 1.000 1.000 1.000 1.000 1.000 1.000 1.000 1.000 1.000 1.000 1.000 1.000 1.000 1.000 1.000 1.000 1.000 1.000 1.000 1.000 1.000 1.000 1.000 1.000 1.000 1.000 1.000 1.000 1.000 1.000 1.000 1.000 1.000  1.0622922949E-01   0.16381   0.00000   0.00000   1.00000   0.6215855E-02
  5693  4.087543826084062E+06  43.060024  6.000781  4.578707  0.1494816E+00  0.8368683E+00  1.7165889E-08  9.7354106E-05  2.6606164E-05  9.0853326E-03  1.3044354E-04  1.8660120E-07  4.9968487E-09  1.9906730E-03  5.6316521E-06  0.8214    4.753034  -5.025  0.540552  7.691172  0.1153675E+00  0.8709827E+00  2.4843358E-10  9.8857351E-05  2.7233210E-05  9.0905822E-03  1.2168899E-04  1.7018955E-07  3.4145066E-10  1.9837643E-03  6.3014081E-06  2.038E-11  1.315E-17  1.530E+10  1.422E+12  3.641E+00  1.535E+06  0.04127212  2.744E-06  4.583E-06  9.997E-01  4.566E-06  4.705E-06  1.000E+00  167   35.3840  9.34E-03 2.8078E+00 4.1348E+00    7.24E+02 0.00E+00 1.98E+01  0.041087  0.411001 7.24E+02 0.00E+00 1.99E+01  0.041272  0.411090  0.0000000E+00  0.0000000E+00  7.5381147E-05  2.2222968E+00  9.6686009E-02  2.1254764E-05 -1.1117684E+00  2.7816684E-01  5.7940343E-01 0.000 0.824 1.000 1.000 1.000 1.000 1.000 1.000 1.000 1.000 1.000 1.000 1.000 1.000 1.000 1.000 1.000 1.000 1.000 1.000 1.000 1.000 1.000 1.000 1.000 1.000 1.000 1.000 1.000 1.000 1.000 1.000 1.000 1.000 1.000 1.000 1.000 1.000 1.000 1.000  1.0432346237E-01   0.16023   0.00000   0.00000   1.00000   0.6205726E-02
  5719  4.097965433264892E+06  42.961363  6.002022  4.578517  0.1468727E+00  0.8394772E+00  1.5769956E-08  9.7460341E-05  2.6654119E-05  9.0857798E-03  1.2973343E-04  1.8529341E-07  4.5875483E-09  1.9901471E-03  5.6797016E-06  0.8220    4.753332  -5.022  0.542703  7.691886  0.1127626E+00  0.8735875E+00  2.3320630E-10  9.9089874E-05  2.7298613E-05  9.0905895E-03  1.2129121E-04  1.6913361E-07  3.3939374E-10  1.9832185E-03  6.3775379E-06  1.986E-11  1.280E-17  1.478E+10  1.367E+12  3.518E+00  1.477E+06  0.04057163  2.694E-06  4.534E-06  9.998E-01  4.531E-06  4.666E-06  1.000E+00  167   35.3012  9.34E-03 2.7694E+00 4.0785E+00    7.23E+02 0.00E+00 1.95E+01  0.040400  0.412187 7.23E+02 0.00E+00 1.96E+01  0.040572  0.412274  0.0000000E+00  0.0000000E+00  7.3865736E-05  2.2070764E+00  9.4999974E-02  2.0665530E-05 -1.1092405E+00  2.7696581E-01  5.7922136E-01 0.000 0.824 1.000 1.000 1.000 1.000 1.000 1.000 1.000 1.000 1.000 1.000 1.000 1.000 1.000 1.000 1.000 1.000 1.000 1.000 1.000 1.000 1.000 1.000 1.000 1.000 1.000 1.000 1.000 1.000 1.000 1.000 1.000 1.000 1.000 1.000 1.000 1.000 1.000 1.000  1.0245124185E-01   0.15662   0.00000   0.00000   1.00000   0.6135563E-02
  5745  4.108564358320707E+06  42.860336  6.003273  4.578630  0.1438121E+00  0.8425378E+00  1.4270748E-08  9.7597739E-05  2.6711965E-05  9.0862590E-03  1.2893335E-04  1.8378837E-07  4.1506970E-09  1.9895281E-03  5.7386605E-06  0.8225    4.753862  -5.019  0.544877  7.692610  0.1101130E+00  0.8762372E+00  2.1275182E-10  9.9519287E-05  2.7412870E-05  9.0903167E-03  1.2089126E-04  1.6774405E-07  3.3822933E-10  1.9826615E-03  6.4559315E-06  1.860E-11  1.195E-17  1.391E+10  1.280E+12  3.310E+00  1.382E+06  0.03989909  2.650E-06  4.484E-06  9.998E-01  4.498E-06  4.626E-06  1.000E+00  165   35.3012  9.34E-03 2.7302E+00 4.0213E+00    7.23E+02 0.00E+00 1.92E+01  0.039748  0.413245 7.23E+02 0.00E+00 1.92E+01  0.039899  0.413333  0.0000000E+00  0.0000000E+00  6.5715992E-05  2.1914507E+00  9.3291000E-02  2.0068871E-05 -1.1066557E+00  2.7574641E-01  5.7903638E-01 0.000 0.824 1.000 1.000 1.000 1.000 1.000 1.000 1.000 1.000 1.000 1.000 1.000 1.000 1.000 1.000 1.000 1.000 1.000 1.000 1.000 1.000 1.000 1.000 1.000 1.000 1.000 1.000 1.000 1.000 1.000 1.000 1.000 1.000 1.000 1.000 1.000 1.000 1.000 1.000  1.0056917979E-01   0.15294   0.00000   0.00000   1.00000   0.6091411E-02
  5770  4.118587794867636E+06  42.764326  6.004504  4.579324  0.1400837E+00  0.8462662E+00  1.2606076E-08  9.7776879E-05  2.6783338E-05  9.0867923E-03  1.2799938E-04  1.8200129E-07  3.6716086E-09  1.9887714E-03  5.8139569E-06  0.8231    4.754725  -5.018  0.547060  7.693341  0.1076350E+00  0.8787152E+00  2.0843967E-10  9.9492673E-05  2.7410143E-05  9.0906734E-03  1.2052284E-04  1.6731472E-07  3.3655130E-10  1.9821387E-03  6.5320804E-06  1.887E-11  1.212E-17  1.403E+10  1.286E+12  3.340E+00  1.389E+06  0.03907018  2.603E-06  4.440E-06  9.998E-01  4.469E-06  4.589E-06  1.000E+00  163   35.2184  9.34E-03 2.6948E+00 3.9695E+00    7.23E+02 0.00E+00 1.90E+01  0.039292  0.414101 7.23E+02 0.00E+00 1.88E+01  0.039070  0.414083  0.0000000E+00  0.0000000E+00  7.1473057E-05  2.1760040E+00  9.1722333E-02  1.9536918E-05 -1.1043409E+00  2.7463399E-01  5.7893339E-01 0.000 0.825 1.000 1.000 1.000 1.000 1.000 1.000 1.000 1.000 1.000 1.000 1.000 1.000 1.000 1.000 1.000 1.000 1.000 1.000 1.000 1.000 1.000 1.000 1.000 1.000 1.000 1.000 1.000 1.000 1.000 1.000 1.000 1.000 1.000 1.000 1.000 1.000 1.000 1.000  9.8815113521E-02   0.14949   0.00000   0.00000   1.00000   0.6089993E-02
  5796  4.128814308474714E+06  42.665739  6.005740  4.579285  0.1373890E+00  0.8489610E+00  1.1499315E-08  9.7913916E-05  2.6835832E-05  9.0871500E-03  1.2734483E-04  1.8073022E-07  3.3518170E-09  1.9882232E-03  5.8702651E-06  0.8234    4.755135  -5.015  0.549314  7.694088  0.1050397E+00  0.8813105E+00  1.9505190E-10  9.9767006E-05  2.7488523E-05  9.0906103E-03  1.2013385E-04  1.6618040E-07  3.3463332E-10  1.9815898E-03  6.6153700E-06  1.816E-11  1.164E-17  1.355E+10  1.235E+12  3.224E+00  1.334E+06  0.03843194  2.561E-06  4.393E-06  9.998E-01  4.435E-06  4.551E-06  1.000E+00  161   35.1350  9.34E-03 2.6575E+00 3.9149E+00    7.23E+02 0.00E+00 1.86E+01  0.038644  0.415269 7.23E+02 0.00E+00 1.85E+01  0.038432  0.415238  0.0000000E+00  0.0000000E+00  6.9959935E-05  2.1606788E+00  9.0111720E-02  1.8992726E-05 -1.1018940E+00  2.7346106E-01  5.7878414E-01 0.000 0.825 1.000 1.000 1.000 1.000 1.000 1.000 1.000 1.000 1.000 1.000 1.000 1.000 1.000 1.000 1.000 1.000 1.000 1.000 1.000 1.000 1.000 1.000 1.000 1.000 1.000 1.000 1.000 1.000 1.000 1.000 1.000 1.000 1.000 1.000 1.000 1.000 1.000 1.000  9.7043203047E-02   0.14589   0.00000   0.00000   1.00000   0.6025453E-02
  5819  4.138147283017128E+06  42.575203  6.006963  4.579241  0.1347578E+00  0.8515922E+00  1.0509476E-08  9.8054434E-05  2.6887731E-05  9.0874718E-03  1.2672730E-04  1.7951406E-07  3.0671110E-09  1.9876862E-03  5.9273991E-06  0.8240    4.755681  -5.012  0.551495  7.694811  0.1026821E+00  0.8836680E+00  1.8370547E-10  9.9911905E-05  2.7527085E-05  9.0907062E-03  1.1978426E-04  1.6549196E-07  3.3301321E-10  1.9810895E-03  6.6908440E-06  1.783E-11  1.141E-17  1.315E+10  1.193E+12  3.130E+00  1.289E+06  0.03796964  2.533E-06  4.348E-06  9.998E-01  4.405E-06  4.517E-06  1.000E+00  163   35.0516  9.34E-03 2.6222E+00 3.8633E+00    7.22E+02 0.00E+00 1.82E+01  0.037840  0.416271 7.22E+02 0.00E+00 1.83E+01  0.037970  0.416330  0.0000000E+00  0.0000000E+00  6.8944488E-05  2.1462512E+00  8.8632179E-02  1.8503373E-05 -1.0997502E+00  2.7241340E-01  5.7869595E-01 0.000 0.825 1.000 1.000 1.000 1.000 1.000 1.000 1.000 1.000 1.000 1.000 1.000 1.000 1.000 1.000 1.000 1.000 1.000 1.000 1.000 1.000 1.000 1.000 1.000 1.000 1.000 1.000 1.000 1.000 1.000 1.000 1.000 1.000 1.000 1.000 1.000 1.000 1.000 1.000  9.5446003433E-02   0.14262   0.00000   0.00000   1.00000   0.5974063E-02
  5845  4.148235011152970E+06  42.476755  6.008218  4.579711  0.1314850E+00  0.8548650E+00  9.3918722E-09  9.8239264E-05  2.6953455E-05  9.0878340E-03  1.2598789E-04  1.7803305E-07  2.7492907E-09  1.9870159E-03  6.0016468E-06  0.8244    4.756449  -5.010  0.553774  7.695572  0.1001478E+00  0.8862024E+00  1.7346697E-10  1.0014850E-04  2.7593147E-05  9.0906874E-03  1.1940995E-04  1.6452510E-07  3.3191904E-10  1.9805498E-03  6.7776731E-06  1.738E-11  1.109E-17  1.281E+10  1.155E+12  3.048E+00  1.248E+06  0.03737165  2.500E-06  4.303E-06  9.998E-01  4.374E-06  4.480E-06  1.000E+00  162   35.0516  9.34E-03 2.5862E+00 3.8106E+00    7.22E+02 0.00E+00 1.79E+01  0.037202  0.417196 7.22E+02 0.00E+00 1.80E+01  0.037372  0.417295  0.0000000E+00  0.0000000E+00  6.7213794E-05  2.1305761E+00  8.7069311E-02  1.7982613E-05 -1.0973909E+00  2.7128195E-01  5.7858184E-01 0.000 0.827 1.000 1.000 1.000 1.000 1.000 1.000 1.000 1.000 1.000 1.000 1.000 1.000 1.000 1.000 1.000 1.000 1.000 1.000 1.000 1.000 1.000 1.000 1.000 1.000 1.000 1.000 1.000 1.000 1.000 1.000 1.000 1.000 1.000 1.000 1.000 1.000 1.000 1.000  9.3744192382E-02   0.13910   0.00000   0.00000   1.00000   0.5947913E-02
  5870  4.157916552005465E+06  42.381705  6.009452  4.579574  0.1287325E+00  0.8576175E+00  8.5199770E-09  9.8401358E-05  2.7009639E-05  9.0881153E-03  1.2538254E-04  1.7680458E-07  2.5027376E-09  1.9864507E-03  6.0660835E-06  0.8246    4.756732  -5.006  0.556022  7.696314  0.9765527E-01  0.8886949E+00  1.5566204E-10  1.0065852E-04  2.7732719E-05  9.0902676E-03  1.1903948E-04  1.6301066E-07  3.3026180E-10  1.9800175E-03  6.8657193E-06  1.599E-11  1.018E-17  1.187E+10  1.064E+12  2.825E+00  1.150E+06  0.03662636  2.449E-06  4.262E-06  9.998E-01  4.343E-06  4.444E-06  1.000E+00  162   34.9677  9.34E-03 2.5533E+00 3.7626E+00    7.22E+02 0.00E+00 1.77E+01  0.036830  0.418408 7.22E+02 0.00E+00 1.76E+01  0.036626  0.418400  0.0000000E+00  0.0000000E+00  6.0236733E-05  2.1158870E+00  8.5625691E-02  1.7514058E-05 -1.0950720E+00  2.7016476E-01  5.7844860E-01 0.000 0.827 1.000 1.000 1.000 1.000 1.000 1.000 1.000 1.000 1.000 1.000 1.000 1.000 1.000 1.000 1.000 1.000 1.000 1.000 1.000 1.000 1.000 1.000 1.000 1.000 1.000 1.000 1.000 1.000 1.000 1.000 1.000 1.000 1.000 1.000 1.000 1.000 1.000 1.000  9.2128359273E-02   0.13563   0.00000   0.00000   1.00000   0.5872851E-02
  5895  4.167663975542606E+06  42.285337  6.010695  4.579649  0.1259300E+00  0.8604200E+00  7.7091466E-09  9.8573479E-05  2.7067859E-05  9.0883771E-03  1.2478369E-04  1.7557224E-07  2.2734461E-09  1.9858734E-03  6.1340655E-06  0.8247    4.757264  -5.004  0.558435  7.697115  0.9514425E-01  0.8912060E+00  1.4645928E-10  1.0083885E-04  2.7780850E-05  9.0903315E-03  1.1866760E-04  1.6223139E-07  3.2912672E-10  1.9794793E-03  6.9557477E-06  1.543E-11  9.790E-18  1.155E+10  1.029E+12  2.748E+00  1.112E+06  0.03630249  2.426E-06  4.218E-06  9.998E-01  4.312E-06  4.409E-06  1.000E+00  162   34.9677  9.34E-03 2.5184E+00 3.7115E+00    7.21E+02 0.00E+00 1.74E+01  0.036133  0.419424 7.21E+02 0.00E+00 1.75E+01  0.036302  0.419512  0.0000000E+00  0.0000000E+00  5.8831000E-05  2.1004256E+00  8.4134791E-02  1.7038788E-05 -1.0928605E+00  2.6907562E-01  5.7838424E-01 0.000 0.827 1.000 1.000 1.000 1.000 1.000 1.000 1.000 1.000 1.000 1.000 1.000 1.000 1.000 1.000 1.000 1.000 1.000 1.000 1.000 1.000 1.000 1.000 1.000 1.000 1.000 1.000 1.000 1.000 1.000 1.000 1.000 1.000 1.000 1.000 1.000 1.000 1.000 1.000  9.0515928051E-02   0.13215   0.00000   0.00000   1.00000   0.5851440E-02
  5921  4.177686178081535E+06  42.185573  6.011963  4.579630  0.1229371E+00  0.8634129E+00  6.9189633E-09  9.8766484E-05  2.7131548E-05  9.0886278E-03  1.2416299E-04  1.7427388E-07  2.0519585E-09  1.9852550E-03  6.2094929E-06  0.8247    4.757591  -5.001  0.561026  7.697974  0.9253819E-01  0.8938120E+00  1.4328998E-10  1.0085023E-04  2.7788852E-05  9.0906483E-03  1.1828100E-04  1.6171303E-07  3.2777359E-10  1.9789189E-03  7.0522791E-06  1.552E-11  9.826E-18  1.171E+10  1.038E+12  2.787E+00  1.121E+06  0.03579314  2.386E-06  4.177E-06  9.998E-01  4.280E-06  4.373E-06  1.000E+00  163   34.7992  9.34E-03 2.4845E+00 3.6619E+00    7.20E+02 0.00E+00 1.71E+01  0.035538  0.420514 7.20E+02 0.00E+00 1.72E+01  0.035793  0.420612  0.0000000E+00  0.0000000E+00  6.3990857E-05  2.0842760E+00  8.2643376E-02  1.6566871E-05 -1.0906350E+00  2.6796410E-01  5.7835068E-01 0.000 0.827 1.000 1.000 1.000 1.000 1.000 1.000 1.000 1.000 1.000 1.000 1.000 1.000 1.000 1.000 1.000 1.000 1.000 1.000 1.000 1.000 1.000 1.000 1.000 1.000 1.000 1.000 1.000 1.000 1.000 1.000 1.000 1.000 1.000 1.000 1.000 1.000 1.000 1.000  8.8871374683E-02   0.12853   0.00000   0.00000   1.00000   0.5807113E-02
  5944  4.186336412680045E+06  42.098872  6.013234  4.579504  0.1201076E+00  0.8662424E+00  6.2381542E-09  9.8957453E-05  2.7193220E-05  9.0888389E-03  1.2359253E-04  1.7306153E-07  1.8628987E-09  1.9846683E-03  6.2835955E-06  0.8258    4.757984  -4.997  0.563188  7.698687  0.9034315E-01  0.8960070E+00  1.3592225E-10  1.0116478E-04  2.7879180E-05  9.0904684E-03  1.1795711E-04  1.6064719E-07  3.2690717E-10  1.9784448E-03  7.1388239E-06  1.505E-11  9.513E-18  1.145E+10  1.008E+12  2.725E+00  1.089E+06  0.03513037  2.336E-06  4.142E-06  9.998E-01  4.254E-06  4.342E-06  1.000E+00  161   34.7992  9.34E-03 2.4556E+00 3.6196E+00    7.19E+02 0.00E+00 1.70E+01  0.035363  0.421606 7.19E+02 0.00E+00 1.68E+01  0.035130  0.421648  0.0000000E+00  0.0000000E+00  6.3508391E-05  2.0705004E+00  8.1405363E-02  1.6185706E-05 -1.0886464E+00  2.6699225E-01  5.7827071E-01 0.000 0.829 1.000 1.000 1.000 1.000 1.000 1.000 1.000 1.000 1.000 1.000 1.000 1.000 1.000 1.000 1.000 1.000 1.000 1.000 1.000 1.000 1.000 1.000 1.000 1.000 1.000 1.000 1.000 1.000 1.000 1.000 1.000 1.000 1.000 1.000 1.000 1.000 1.000 1.000  8.7462695733E-02   0.12547   0.00000   0.00000   1.00000   0.5761255E-02
  5968  4.195691422878526E+06  42.004330  6.014499  4.579418  0.1173662E+00  0.8689839E+00  5.6371187E-09  9.9148400E-05  2.7253873E-05  9.0890240E-03  1.2305310E-04  1.7190274E-07  1.6962209E-09  1.9840981E-03  6.3579443E-06  0.8259    4.758360  -4.994  0.565745  7.699533  0.8790710E-01  0.8984431E+00  1.2559127E-10  1.0129623E-04  2.7913398E-05  9.0905955E-03  1.1759507E-04  1.6000864E-07  3.2497690E-10  1.9779171E-03  7.2341709E-06  1.471E-11  9.245E-18  1.096E+10  9.599E+11  2.609E+00  1.037E+06  0.03452272  2.291E-06  4.105E-06  9.998E-01  4.224E-06  4.308E-06  1.000E+00  162   34.7147  9.34E-03 2.4250E+00 3.5749E+00    7.18E+02 0.00E+00 1.66E+01  0.034755  0.422800 7.18E+02 0.00E+00 1.65E+01  0.034523  0.422793  0.0000000E+00  0.0000000E+00  6.2827138E-05  2.0549658E+00  8.0062870E-02  1.5774104E-05 -1.0866259E+00  2.6597089E-01  5.7826571E-01 0.000 0.828 1.000 1.000 1.000 1.000 1.000 1.000 1.000 1.000 1.000 1.000 1.000 1.000 1.000 1.000 1.000 1.000 1.000 1.000 1.000 1.000 1.000 1.000 1.000 1.000 1.000 1.000 1.000 1.000 1.000 1.000 1.000 1.000 1.000 1.000 1.000 1.000 1.000 1.000  8.5951715047E-02   0.12209   0.00000   0.00000   1.00000   0.5715514E-02
  5992  4.205046433077008E+06  41.909200  6.015748  4.579581  0.1143465E+00  0.8720036E+00  5.0336475E-09  9.9366665E-05  2.7322042E-05  9.0892037E-03  1.2247428E-04  1.7064321E-07  1.5316670E-09  1.9834678E-03  6.4431007E-06  0.8259    4.758920  -4.991  0.568344  7.700393  0.8542165E-01  0.9009285E+00  1.1741820E-10  1.0152621E-04  2.7977743E-05  9.0905840E-03  1.1722330E-04  1.5912084E-07  3.2361865E-10  1.9773770E-03  7.3349512E-06  1.407E-11  8.761E-18  1.063E+10  9.246E+11  2.530E+00  9.985E+05  0.03404015  2.258E-06  4.069E-06  9.998E-01  4.195E-06  4.275E-06  1.000E+00  162   34.6297  9.34E-03 2.3943E+00 3.5299E+00    7.17E+02 0.00E+00 1.64E+01  0.034263  0.423820 7.17E+02 0.00E+00 1.63E+01  0.034040  0.423824  0.0000000E+00  0.0000000E+00  6.2228330E-05  2.0395527E+00  7.8698312E-02  1.5362575E-05 -1.0845793E+00  2.6493317E-01  5.7826883E-01 0.000 0.828 1.000 1.000 1.000 1.000 1.000 1.000 1.000 1.000 1.000 1.000 1.000 1.000 1.000 1.000 1.000 1.000 1.000 1.000 1.000 1.000 1.000 1.000 1.000 1.000 1.000 1.000 1.000 1.000 1.000 1.000 1.000 1.000 1.000 1.000 1.000 1.000 1.000 1.000  8.4455397607E-02   0.11864   0.00000   0.00000   1.00000   0.5690540E-02
  6016  4.214401443275489E+06  41.813446  6.017010  4.579468  0.1116429E+00  0.8747072E+00  4.5380089E-09  9.9563379E-05  2.7382940E-05  9.0893547E-03  1.2196571E-04  1.6953433E-07  1.3963427E-09  1.9829018E-03  6.5216641E-06  0.8259    4.759257  -4.988  0.571060  7.701287  0.8290366E-01  0.9034465E+00  1.0920601E-10  1.0176504E-04  2.8044590E-05  9.0905655E-03  1.1684468E-04  1.5822133E-07  3.2216068E-10  1.9768278E-03  7.4408458E-06  1.371E-11  8.477E-18  1.027E+10  8.868E+11  2.445E+00  9.578E+05  0.03346224  2.215E-06  4.034E-06  9.998E-01  4.165E-06  4.242E-06  1.000E+00  162   34.5446  9.34E-03 2.3644E+00 3.4862E+00    7.16E+02 0.00E+00 1.61E+01  0.033691  0.424996 7.16E+02 0.00E+00 1.60E+01  0.033462  0.424997  0.0000000E+00  0.0000000E+00  6.1578011E-05  2.0240588E+00  7.7368770E-02  1.4966504E-05 -1.0825605E+00  2.6389303E-01  5.7828967E-01 0.000 0.828 1.000 1.000 1.000 1.000 1.000 1.000 1.000 1.000 1.000 1.000 1.000 1.000 1.000 1.000 1.000 1.000 1.000 1.000 1.000 1.000 1.000 1.000 1.000 1.000 1.000 1.000 1.000 1.000 1.000 1.000 1.000 1.000 1.000 1.000 1.000 1.000 1.000 1.000  8.2974493417E-02   0.11514   0.00000   0.00000   1.00000   0.5637353E-02
  6037  4.222587077199160E+06  41.729024  6.018251  4.579051  0.1096308E+00  0.8767193E+00  4.2008343E-09  9.9711294E-05  2.7428337E-05  9.0894595E-03  1.2159375E-04  1.6872117E-07  1.3038586E-09  1.9824794E-03  6.5818729E-06  0.8263    4.759352  -4.985  0.573500  7.702087  0.8072363E-01  0.9056265E+00  1.0285694E-10  1.0197856E-04  2.8104345E-05  9.0905400E-03  1.1651636E-04  1.5743561E-07  3.2106113E-10  1.9763503E-03  7.5360857E-06  1.336E-11  8.208E-18  1.004E+10  8.607E+11  2.389E+00  9.296E+05  0.03310840  2.185E-06  4.002E-06  9.998E-01  4.138E-06  4.213E-06  1.000E+00  163   34.4590  9.34E-03 2.3373E+00 3.4466E+00    7.15E+02 0.00E+00 1.57E+01  0.032946  0.426243 7.15E+02 0.00E+00 1.58E+01  0.033108  0.426303  0.0000000E+00  0.0000000E+00  6.0694658E-05  2.0102835E+00  7.6196112E-02  1.4622773E-05 -1.0808246E+00  2.6299243E-01  5.7830866E-01 0.000 0.828 1.000 1.000 1.000 1.000 1.000 1.000 1.000 1.000 1.000 1.000 1.000 1.000 1.000 1.000 1.000 1.000 1.000 1.000 1.000 1.000 1.000 1.000 1.000 1.000 1.000 1.000 1.000 1.000 1.000 1.000 1.000 1.000 1.000 1.000 1.000 1.000 1.000 1.000  8.1690881984E-02   0.11212   0.00000   0.00000   1.00000   0.5562918E-02
  6061  4.231942087397642E+06  41.631790  6.019524  4.578985  0.1070737E+00  0.8792764E+00  3.8116955E-09  9.9902975E-05  2.7486569E-05  9.0895799E-03  1.2112996E-04  1.6770213E-07  1.1977712E-09  1.9819407E-03  6.6610980E-06  0.8263    4.759742  -4.982  0.576387  7.703036  0.7818549E-01  0.9081647E+00  9.5761209E-11  1.0223364E-04  2.8175762E-05  9.0905032E-03  1.1613135E-04  1.5651460E-07  3.1969679E-10  1.9757926E-03  7.6506586E-06  1.278E-11  7.767E-18  9.708E+09  8.257E+11  2.310E+00  8.917E+05  0.03242737  2.137E-06  3.967E-06  9.998E-01  4.108E-06  4.180E-06  1.000E+00  163   34.3733  9.34E-03 2.3076E+00 3.4032E+00    7.14E+02 0.00E+00 1.53E+01  0.032191  0.427507 7.14E+02 0.00E+00 1.54E+01  0.032427  0.427566  0.0000000E+00  0.0000000E+00  5.9655560E-05  1.9943130E+00  7.4911263E-02  1.4250652E-05 -1.0788757E+00  2.6196699E-01  5.7837038E-01 0.000 0.828 1.000 1.000 1.000 1.000 1.000 1.000 1.000 1.000 1.000 1.000 1.000 1.000 1.000 1.000 1.000 1.000 1.000 1.000 1.000 1.000 1.000 1.000 1.000 1.000 1.000 1.000 1.000 1.000 1.000 1.000 1.000 1.000 1.000 1.000 1.000 1.000 1.000 1.000  8.0242996395E-02   0.10859   0.00000   0.00000   1.00000   0.5505765E-02
  6084  4.240505819650168E+06  41.542113  6.020796  4.578793  0.1047338E+00  0.8816163E+00  3.4878786E-09  1.0008249E-04  2.7540581E-05  9.0896780E-03  1.2071305E-04  1.6678051E-07  1.1104349E-09  1.9814460E-03  6.7361679E-06  0.8265    4.760070  -4.978  0.579040  7.703910  0.7589529E-01  0.9104549E+00  9.0553737E-11  1.0258948E-04  2.8277755E-05  9.0902851E-03  1.1578177E-04  1.5542406E-07  3.1880186E-10  1.9752871E-03  7.7615400E-06  1.261E-11  7.611E-18  9.458E+09  7.980E+11  2.251E+00  8.618E+05  0.03159988  2.079E-06  3.939E-06  9.999E-01  4.080E-06  4.150E-06  1.000E+00  163   34.3733  9.34E-03 2.2824E+00 3.3664E+00    7.13E+02 0.00E+00 1.51E+01  0.031813  0.428873 7.13E+02 0.00E+00 1.50E+01  0.031600  0.428839  0.0000000E+00  0.0000000E+00  5.8776489E-05  1.9794825E+00  7.3784618E-02  1.3934096E-05 -1.0770998E+00  2.6103613E-01  5.7841857E-01 0.000 0.829 1.000 1.000 1.000 1.000 1.000 1.000 1.000 1.000 1.000 1.000 1.000 1.000 1.000 1.000 1.000 1.000 1.000 1.000 1.000 1.000 1.000 1.000 1.000 1.000 1.000 1.000 1.000 1.000 1.000 1.000 1.000 1.000 1.000 1.000 1.000 1.000 1.000 1.000  7.8934616095E-02   0.10540   0.00000   0.00000   1.00000   0.5435618E-02
  6101  4.247066020551856E+06  41.472888  6.022057  4.578470  0.1029962E+00  0.8833539E+00  3.2653682E-09  1.0021906E-04  2.7581369E-05  9.0897429E-03  1.2040733E-04  1.6610030E-07  1.0507944E-09  1.9810776E-03  6.7935032E-06  0.8272    4.760271  -4.975  0.581231  7.704624  0.7421951E-01  0.9121307E+00  8.6099460E-11  1.0268231E-04  2.8301185E-05  9.0903757E-03  1.1552612E-04  1.5501119E-07  3.1793883E-10  1.9749154E-03  7.8431152E-06  1.209E-11  7.251E-18  8.958E+09  7.519E+11  2.132E+00  8.121E+05  0.03119541  2.049E-06  3.914E-06  9.999E-01  4.059E-06  4.127E-06  1.000E+00  163   34.2871  9.34E-03 2.2602E+00 3.3339E+00    7.12E+02 0.00E+00 1.47E+01  0.031005  0.430014 7.12E+02 0.00E+00 1.48E+01  0.031195  0.430125  0.0000000E+00  0.0000000E+00  5.7715070E-05  1.9674926E+00  7.2898114E-02  1.3685686E-05 -1.0758813E+00  2.6036580E-01  5.7850558E-01 0.000 0.829 1.000 1.000 1.000 1.000 1.000 1.000 1.000 1.000 1.000 1.000 1.000 1.000 1.000 1.000 1.000 1.000 1.000 1.000 1.000 1.000 1.000 1.000 1.000 1.000 1.000 1.000 1.000 1.000 1.000 1.000 1.000 1.000 1.000 1.000 1.000 1.000 1.000 1.000  7.7944914733E-02   0.10306   0.00000   0.00000   1.00000   0.5370541E-02
  6122  4.255169798136294E+06  41.386827  6.023287  4.578850  0.1003711E+00  0.8859790E+00  2.9554914E-09  1.0043576E-04  2.7645459E-05  9.0898205E-03  1.1995192E-04  1.6507165E-07  9.6954990E-10  1.9805191E-03  6.8832570E-06  0.8282    4.760944  -4.973  0.583873  7.705499  0.7203557E-01  0.9143146E+00  7.8537899E-11  1.0292069E-04  2.8367993E-05  9.0903216E-03  1.1518872E-04  1.5420592E-07  3.1629757E-10  1.9744301E-03  7.9520780E-06  1.141E-11  6.789E-18  8.848E+09  7.369E+11  2.106E+00  7.959E+05  0.03036219  1.997E-06  3.888E-06  9.999E-01  4.034E-06  4.099E-06  1.000E+00  161   34.2871  9.34E-03 2.2366E+00 3.2993E+00    7.12E+02 0.00E+00 1.45E+01  0.030562  0.431144 7.12E+02 0.00E+00 1.44E+01  0.030362  0.431213  0.0000000E+00  0.0000000E+00  5.7015157E-05  1.9528905E+00  7.1859923E-02  1.3397155E-05 -1.0742865E+00  2.5951335E-01  5.7860259E-01 0.000 0.831 1.000 1.000 1.000 1.000 1.000 1.000 1.000 1.000 1.000 1.000 1.000 1.000 1.000 1.000 1.000 1.000 1.000 1.000 1.000 1.000 1.000 1.000 1.000 1.000 1.000 1.000 1.000 1.000 1.000 1.000 1.000 1.000 1.000 1.000 1.000 1.000 1.000 1.000  7.6740019749E-02   0.10005   0.00000   0.00000   1.00000   0.5340709E-02
  6141  4.262501787379357E+06  41.308623  6.024552  4.579066  0.9788900E-01  0.8884611E+00  2.6845809E-09  1.0064600E-04  2.7707244E-05  9.0898819E-03  1.1952644E-04  1.6410457E-07  8.9997423E-10  1.9799893E-03  6.9710633E-06  0.8287    4.761630  -4.971  0.586422  7.706337  0.7007195E-01  0.9162783E+00  7.4494266E-11  1.0314103E-04  2.8429727E-05  9.0902659E-03  1.1488335E-04  1.5348408E-07  3.1538599E-10  1.9739921E-03  8.0535175E-06  1.128E-11  6.659E-18  8.564E+09  7.081E+11  2.038E+00  7.647E+05  0.03005296  1.980E-06  3.861E-06  9.999E-01  4.011E-06  4.074E-06  1.000E+00  163   34.2009  9.34E-03 2.2127E+00 3.2643E+00    7.12E+02 0.00E+00 1.42E+01  0.029851  0.432204 7.12E+02 0.00E+00 1.43E+01  0.030053  0.432312  0.0000000E+00  0.0000000E+00  5.5932084E-05  1.9394307E+00  7.0861538E-02  1.3122162E-05 -1.0729329E+00  2.5875562E-01  5.7874501E-01 0.000 0.830 1.000 1.000 1.000 1.000 1.000 1.000 1.000 1.000 1.000 1.000 1.000 1.000 1.000 1.000 1.000 1.000 1.000 1.000 1.000 1.000 1.000 1.000 1.000 1.000 1.000 1.000 1.000 1.000 1.000 1.000 1.000 1.000 1.000 1.000 1.000 1.000 1.000 1.000  7.5667351345E-02   0.09732   0.00000   0.00000   1.00000   0.5309605E-02
  6163  4.270991459134483E+06  41.217600  6.025782  4.579431  0.9524087E-01  0.8911093E+00  2.4179834E-09  1.0087366E-04  2.7773852E-05  9.0899391E-03  1.1907666E-04  1.6308059E-07  8.3190180E-10  1.9794223E-03  7.0675677E-06  0.8289    4.762345  -4.968  0.589438  7.707331  0.6771939E-01  0.9186308E+00  6.8691846E-11  1.0341212E-04  2.8505728E-05  9.0901920E-03  1.1451373E-04  1.5260976E-07  3.1402372E-10  1.9734658E-03  8.1785532E-06  1.111E-11  6.509E-18  8.376E+09  6.860E+11  1.994E+00  7.409E+05  0.02952851  1.950E-06  3.833E-06  9.999E-01  3.985E-06  4.045E-06  1.000E+00  160   34.2871  9.34E-03 2.1870E+00 3.2268E+00    7.12E+02 0.00E+00 1.40E+01  0.029404  0.433391 7.12E+02 0.00E+00 1.40E+01  0.029529  0.433448  0.0000000E+00  0.0000000E+00  5.5233068E-05  1.9238453E+00  6.9750004E-02  1.2818040E-05 -1.0713656E+00  2.5787038E-01  5.7892697E-01 0.000 0.832 1.000 1.000 1.000 1.000 1.000 1.000 1.000 1.000 1.000 1.000 1.000 1.000 1.000 1.000 1.000 1.000 1.000 1.000 1.000 1.000 1.000 1.000 1.000 1.000 1.000 1.000 1.000 1.000 1.000 1.000 1.000 1.000 1.000 1.000 1.000 1.000 1.000 1.000  7.4443109330E-02   0.09406   0.00000   0.00000   1.00000   0.5272833E-02
  6179  4.277165765865483E+06  41.151074  6.027045  4.579622  0.9329277E-01  0.8930574E+00  2.2365172E-09  1.0104404E-04  2.7823493E-05  9.0899749E-03  1.1874837E-04  1.6233180E-07  7.8589921E-10  1.9790039E-03  7.1406439E-06  0.8304    4.762883  -4.966  0.591631  7.708054  0.6614212E-01  0.9202081E+00  6.5524956E-11  1.0360249E-04  2.8559060E-05  9.0901307E-03  1.1426490E-04  1.5201562E-07  3.1330515E-10  1.9731108E-03  8.2668268E-06  1.088E-11  6.353E-18  8.244E+09  6.711E+11  1.962E+00  7.248E+05  0.02900058  1.917E-06  3.810E-06  9.999E-01  3.966E-06  4.023E-06  1.000E+00  161   34.3733  9.34E-03 2.1670E+00 3.1975E+00    7.12E+02 0.00E+00 1.37E+01  0.028872  0.434597 7.12E+02 0.00E+00 1.38E+01  0.029001  0.434639  0.0000000E+00  0.0000000E+00  5.4403540E-05  1.9119818E+00  6.8979919E-02  1.2615554E-05 -1.0703066E+00  2.5726807E-01  5.7905778E-01 0.000 0.833 1.000 1.000 1.000 1.000 1.000 1.000 1.000 1.000 1.000 1.000 1.000 1.000 1.000 1.000 1.000 1.000 1.000 1.000 1.000 1.000 1.000 1.000 1.000 1.000 1.000 1.000 1.000 1.000 1.000 1.000 1.000 1.000 1.000 1.000 1.000 1.000 1.000 1.000  7.3565164626E-02   0.09187   0.00000   0.00000   1.00000   0.5224652E-02
  6198  4.284497755108546E+06  41.071766  6.028277  4.580413  0.9042761E-01  0.8959225E+00  1.9914590E-09  1.0130114E-04  2.7898032E-05  9.0900146E-03  1.1826963E-04  1.6123662E-07  7.2527658E-10  1.9783862E-03  7.2522014E-06  0.8306    4.763799  -4.966  0.594468  7.708989  0.6410472E-01  0.9222455E+00  5.9958716E-11  1.0385321E-04  2.8629416E-05  9.0900480E-03  1.1393936E-04  1.5124888E-07  3.1180643E-10  1.9726520E-03  8.3825427E-06  1.034E-11  5.983E-18  7.847E+09  6.333E+11  1.868E+00  6.839E+05  0.02848265  1.891E-06  3.788E-06  9.999E-01  3.944E-06  3.998E-06  1.000E+00  143   35.7079  9.34E-03 2.1457E+00 3.1663E+00    7.13E+02 0.00E+00 1.36E+01  0.028647  0.435574 7.13E+02 0.00E+00 1.35E+01  0.028483  0.435567  0.0000000E+00  0.0000000E+00  5.3916501E-05  1.8979677E+00  6.8051407E-02  1.2368278E-05 -1.0691033E+00  2.5653739E-01  5.7931187E-01 0.000 0.833 1.000 1.000 1.000 1.000 1.000 1.000 1.000 1.000 1.000 1.000 1.000 1.000 1.000 1.000 1.000 1.000 1.000 1.000 1.000 1.000 1.000 1.000 1.000 1.000 1.000 1.000 1.000 1.000 1.000 1.000 1.000 1.000 1.000 1.000 1.000 1.000 1.000 1.000  7.2538362143E-02   0.08904   0.00000   0.00000   1.00000   0.5220401E-02
  6218  4.292215638522297E+06  40.987997  6.029384  4.580888  0.8807562E-01  0.8982745E+00  1.8051175E-09  1.0151631E-04  2.7960215E-05  9.0900395E-03  1.1787865E-04  1.6034019E-07  6.7926969E-10  1.9778777E-03  7.3462060E-06  0.8301    4.764561  -4.964  0.597594  7.710018  0.6189329E-01  0.9244570E+00  5.5366448E-11  1.0413061E-04  2.8707210E-05  9.0899534E-03  1.1358268E-04  1.5041288E-07  3.1053974E-10  1.9721524E-03  8.5115541E-06  9.956E-12  5.707E-18  7.580E+09  6.055E+11  1.804E+00  6.539E+05  0.02809343  1.871E-06  3.765E-06  9.999E-01  3.920E-06  3.972E-06  1.000E+00  103   37.1720  9.34E-03 2.1228E+00 3.1329E+00    7.13E+02 0.00E+00 1.34E+01  0.028246  0.436607 7.13E+02 0.00E+00 1.34E+01  0.028093  0.436629  0.0000000E+00  0.0000000E+00  5.3216504E-05  1.8831517E+00  6.7063474E-02  1.2108479E-05 -1.0678853E+00  2.5576594E-01  5.7961789E-01 0.000 0.832 1.000 1.000 1.000 1.000 1.000 1.000 1.000 1.000 1.000 1.000 1.000 1.000 1.000 1.000 1.000 1.000 1.000 1.000 1.000 1.000 1.000 1.000 1.000 1.000 1.000 1.000 1.000 1.000 1.000 1.000 1.000 1.000 1.000 1.000 1.000 1.000 1.000 1.000  7.1468527891E-02   0.08596   0.00000   0.00000   1.00000   0.5190882E-02
  6237  4.299547627765360E+06  40.908044  6.030616  4.580963  0.8602615E-01  0.9003240E+00  1.6566029E-09  1.0170801E-04  2.8015445E-05  9.0900539E-03  1.1753950E-04  1.5956068E-07  6.4240238E-10  1.9774333E-03  7.4304941E-06  0.8301    4.765216  -4.961  0.600605  7.711017  0.5984028E-01  0.9265100E+00  5.1402989E-11  1.0439880E-04  2.8782428E-05  9.0898525E-03  1.1324860E-04  1.4962891E-07  3.0938261E-10  1.9716865E-03  8.6362441E-06  9.631E-12  5.469E-18  7.348E+09  5.812E+11  1.749E+00  6.277E+05  0.02780089  1.855E-06  3.741E-06  9.999E-01  3.897E-06  3.947E-06  1.000E+00   68   38.3552  9.34E-03 2.1000E+00 3.0994E+00    7.13E+02 0.00E+00 1.31E+01  0.027655  0.437858 7.13E+02 0.00E+00 1.32E+01  0.027801  0.437900  0.0000000E+00  0.0000000E+00  5.2379492E-05  1.8687548E+00  6.6124159E-02  1.1865844E-05 -1.0667956E+00  2.5505641E-01  5.7992471E-01 0.000 0.832 1.000 1.000 1.000 1.000 1.000 1.000 1.000 1.000 1.000 1.000 1.000 1.000 1.000 1.000 1.000 1.000 1.000 1.000 1.000 1.000 1.000 1.000 1.000 1.000 1.000 1.000 1.000 1.000 1.000 1.000 1.000 1.000 1.000 1.000 1.000 1.000 1.000 1.000  7.0463479467E-02   0.08311   0.00000   0.00000   1.00000   0.5135926E-02
  6256  4.306879617008423E+06  40.827754  6.031777  4.581502  0.8362988E-01  0.9027203E+00  1.4993037E-09  1.0193910E-04  2.8081790E-05  9.0900591E-03  1.1714468E-04  1.5865079E-07  6.0382806E-10  1.9769116E-03  7.5328704E-06  0.8300    4.765955  -4.960  0.603800  7.712071  0.5773865E-01  0.9286116E+00  4.6590688E-11  1.0468240E-04  2.8862006E-05  9.0897391E-03  1.1290304E-04  1.4882447E-07  3.0798685E-10  1.9712080E-03  8.7681000E-06  9.205E-12  5.175E-18  7.118E+09  5.573E+11  1.694E+00  6.018E+05  0.02725270  1.825E-06  3.722E-06  9.999E-01  3.874E-06  3.923E-06  1.000E+00   16   39.3536  9.34E-03 2.0794E+00 3.0694E+00    7.13E+02 0.00E+00 1.30E+01  0.027421  0.438897 7.13E+02 0.00E+00 1.30E+01  0.027253  0.438966  0.0000000E+00  0.0000000E+00  5.1951055E-05  1.8541713E+00  6.5234794E-02  1.1641501E-05 -1.0657821E+00  2.5435844E-01  5.8029481E-01 0.000 0.831 1.000 1.000 1.000 1.000 1.000 1.000 1.000 1.000 1.000 1.000 1.000 1.000 1.000 1.000 1.000 1.000 1.000 1.000 1.000 1.000 1.000 1.000 1.000 1.000 1.000 1.000 1.000 1.000 1.000 1.000 1.000 1.000 1.000 1.000 1.000 1.000 1.000 1.000  6.9473355118E-02   0.08021   0.00000   0.00000   1.00000   0.5107283E-02
  6274  4.313825712080799E+06  40.751349  6.032833  4.581638  0.8182801E-01  0.9045222E+00  1.3907989E-09  1.0211695E-04  2.8132722E-05  9.0900566E-03  1.1684852E-04  1.5796708E-07  5.7718188E-10  1.9765181E-03  7.6120575E-06  0.8296    4.766454  -4.958  0.606880  7.713095  0.5575656E-01  0.9305937E+00  4.4346010E-11  1.0495844E-04  2.8939491E-05  9.0896225E-03  1.1257363E-04  1.4805906E-07  3.0703617E-10  1.9707550E-03  8.8971920E-06  8.961E-12  4.988E-18  6.941E+09  5.375E+11  1.652E+00  5.805E+05  0.02685594  1.802E-06  3.704E-06  9.999E-01  3.852E-06  3.899E-06  1.000E+00    1   40.7513  9.34E-03 2.0596E+00 3.0404E+00    7.13E+02 0.00E+00 1.28E+01  0.027016  0.440151 7.13E+02 0.00E+00 1.28E+01  0.026856  0.440126  0.0000000E+00  0.0000000E+00  5.1333122E-05  1.8400690E+00  6.4389389E-02  1.1431736E-05 -1.0648870E+00  2.5370932E-01  5.8067584E-01 0.000 0.831 1.000 1.000 1.000 1.000 1.000 1.000 1.000 1.000 1.000 1.000 1.000 1.000 1.000 1.000 1.000 1.000 1.000 1.000 1.000 1.000 1.000 1.000 1.000 1.000 1.000 1.000 1.000 1.000 1.000 1.000 1.000 1.000 1.000 1.000 1.000 1.000 1.000 1.000  6.8546423046E-02   0.07745   0.00000   0.00000   1.00000   0.5047362E-02
  6292  4.320771807153175E+06  40.674539  6.034001  4.581828  0.7993990E-01  0.9064103E+00  1.2867595E-09  1.0230808E-04  2.8187338E-05  9.0900465E-03  1.1653867E-04  1.5725076E-07  5.5166471E-10  1.9761045E-03  7.6975903E-06  0.8295    4.767008  -4.956  0.610151  7.714169  0.5376401E-01  0.9325863E+00  4.0266054E-11  1.0524812E-04  2.9020846E-05  9.0894908E-03  1.1223862E-04  1.4728528E-07  3.0566058E-10  1.9702978E-03  9.0319039E-06  8.540E-12  4.702E-18  6.607E+09  5.060E+11  1.573E+00  5.464E+05  0.02638665  1.776E-06  3.686E-06  9.999E-01  3.830E-06  3.876E-06  1.000E+00    1   40.6745  9.34E-03 2.0397E+00 3.0114E+00    7.14E+02 0.00E+00 1.26E+01  0.026544  0.441364 7.13E+02 0.00E+00 1.26E+01  0.026387  0.441369  0.0000000E+00  0.0000000E+00  5.0567405E-05  1.8257028E+00  6.3562130E-02  1.1227569E-05 -1.0640845E+00  2.5307999E-01  5.8111054E-01 0.000 0.832 1.000 1.000 1.000 1.000 1.000 1.000 1.000 1.000 1.000 1.000 1.000 1.000 1.000 1.000 1.000 1.000 1.000 1.000 1.000 1.000 1.000 1.000 1.000 1.000 1.000 1.000 1.000 1.000 1.000 1.000 1.000 1.000 1.000 1.000 1.000 1.000 1.000 1.000  6.7632174704E-02   0.07468   0.00000   0.00000   1.00000   0.4985716E-02
  6309  4.327332008054863E+06  40.601651  6.035125  4.581947  0.7812615E-01  0.9082240E+00  1.1952459E-09  1.0249671E-04  2.8241125E-05  9.0900294E-03  1.1624124E-04  1.5656239E-07  5.2936069E-10  1.9757059E-03  7.7823975E-06  0.8294    4.767527  -4.953  0.613337  7.715216  0.5188049E-01  0.9344699E+00  3.7339741E-11  1.0553163E-04  2.9100454E-05  9.0893553E-03  1.1191822E-04  1.4654595E-07  3.0450543E-10  1.9698640E-03  9.1640050E-06  8.306E-12  4.547E-18  6.417E+09  4.860E+11  1.527E+00  5.249E+05  0.02603258  1.756E-06  3.669E-06  9.999E-01  3.809E-06  3.854E-06  1.000E+00    1   40.6017  9.34E-03 2.0207E+00 2.9835E+00    7.14E+02 0.00E+00 1.23E+01  0.025951  0.442558 7.14E+02 0.00E+00 1.24E+01  0.026033  0.442567  0.0000000E+00  0.0000000E+00  4.9596336E-05  1.8119161E+00  6.2777851E-02  1.1038586E-05 -1.0633870E+00  2.5249915E-01  5.8155321E-01 0.000 0.832 1.000 1.000 1.000 1.000 1.000 1.000 1.000 1.000 1.000 1.000 1.000 1.000 1.000 1.000 1.000 1.000 1.000 1.000 1.000 1.000 1.000 1.000 1.000 1.000 1.000 1.000 1.000 1.000 1.000 1.000 1.000 1.000 1.000 1.000 1.000 1.000 1.000 1.000  6.6780269366E-02   0.07206   0.00000   0.00000   1.00000   0.4916447E-02
  6326  4.333487020077324E+06  40.532964  6.036294  4.581982  0.7644646E-01  0.9099037E+00  1.1173713E-09  1.0267624E-04  2.8292222E-05  9.0900066E-03  1.1596575E-04  1.5592434E-07  5.1055522E-10  1.9753354E-03  7.8634521E-06  0.8302    4.767952  -4.951  0.616374  7.716212  0.5014512E-01  0.9362053E+00  3.4738997E-11  1.0587494E-04  2.9198658E-05  9.0891125E-03  1.1161804E-04  1.4573209E-07  3.0335004E-10  1.9694626E-03  9.2943405E-06  7.860E-12  4.258E-18  6.242E+09  4.676E+11  1.486E+00  5.050E+05  0.02564726  1.730E-06  3.655E-06  9.999E-01  3.790E-06  3.834E-06  1.000E+00    1   40.5330  9.34E-03 2.0042E+00 2.9593E+00    7.13E+02 0.00E+00 1.23E+01  0.025787  0.443754 7.13E+02 0.00E+00 1.22E+01  0.025647  0.443820  0.0000000E+00  0.0000000E+00  4.8994442E-05  1.7988485E+00  6.2075609E-02  1.0874431E-05 -1.0627672E+00  2.5196608E-01  5.8197998E-01 0.000 0.833 1.000 1.000 1.000 1.000 1.000 1.000 1.000 1.000 1.000 1.000 1.000 1.000 1.000 1.000 1.000 1.000 1.000 1.000 1.000 1.000 1.000 1.000 1.000 1.000 1.000 1.000 1.000 1.000 1.000 1.000 1.000 1.000 1.000 1.000 1.000 1.000 1.000 1.000  6.5990808725E-02   0.06964   0.00000   0.00000   1.00000   0.4863833E-02
  6342  4.339599583741016E+06  40.464379  6.037254  4.582141  0.7497856E-01  0.9113717E+00  1.0541396E-09  1.0283703E-04  2.8337920E-05  9.0899812E-03  1.1572480E-04  1.5536566E-07  4.9531631E-10  1.9750109E-03  7.9361209E-06  0.8292    4.768426  -4.949  0.619661  7.717295  0.4833587E-01  0.9380145E+00  3.1596094E-11  1.0612545E-04  2.9267160E-05  9.0890229E-03  1.1130277E-04  1.4509548E-07  3.0214250E-10  1.9690433E-03  9.4290941E-06  7.519E-12  4.023E-18  5.952E+09  4.408E+11  1.417E+00  4.761E+05  0.02532782  1.709E-06  3.643E-06  9.999E-01  3.770E-06  3.814E-06  1.000E+00    1   40.4644  9.34E-03 1.9881E+00 2.9358E+00    7.13E+02 0.00E+00 1.21E+01  0.025465  0.444899 7.13E+02 0.00E+00 1.20E+01  0.025328  0.444949  0.0000000E+00  0.0000000E+00  4.8509165E-05  1.7853215E+00  6.1374956E-02  1.0713162E-05 -1.0623218E+00  2.5146461E-01  5.8252200E-01 0.000 0.832 1.000 1.000 1.000 1.000 1.000 1.000 1.000 1.000 1.000 1.000 1.000 1.000 1.000 1.000 1.000 1.000 1.000 1.000 1.000 1.000 1.000 1.000 1.000 1.000 1.000 1.000 1.000 1.000 1.000 1.000 1.000 1.000 1.000 1.000 1.000 1.000 1.000 1.000  6.5213325784E-02   0.06714   0.00000   0.00000   1.00000   0.4817153E-02
  6357  4.345330112175726E+06  40.399889  6.038108  4.582401  0.7343034E-01  0.9129199E+00  9.9187409E-10  1.0301283E-04  2.8387800E-05  9.0899456E-03  1.1547026E-04  1.5477257E-07  4.8047620E-10  1.9746675E-03  8.0149425E-06  0.8286    4.769014  -4.948  0.622859  7.718347  0.4662072E-01  0.9397297E+00  2.9061007E-11  1.0641132E-04  2.9347533E-05  9.0888681E-03  1.1100027E-04  1.4441365E-07  3.0096048E-10  1.9686445E-03  9.5615298E-06  7.320E-12  3.891E-18  5.729E+09  4.193E+11  1.363E+00  4.528E+05  0.02510376  1.696E-06  3.632E-06  9.999E-01  3.752E-06  3.795E-06  1.000E+00    1   40.3999  9.34E-03 1.9725E+00 2.9130E+00    7.13E+02 0.00E+00 1.19E+01  0.024987  0.445840 7.13E+02 0.00E+00 1.19E+01  0.025104  0.445892  0.0000000E+00  0.0000000E+00  4.7708592E-05  1.7725371E+00  6.0711663E-02  1.0561315E-05 -1.0619619E+00  2.5100226E-01  5.8307461E-01 0.000 0.831 1.000 1.000 1.000 1.000 1.000 1.000 1.000 1.000 1.000 1.000 1.000 1.000 1.000 1.000 1.000 1.000 1.000 1.000 1.000 1.000 1.000 1.000 1.000 1.000 1.000 1.000 1.000 1.000 1.000 1.000 1.000 1.000 1.000 1.000 1.000 1.000 1.000 1.000  6.4493760397E-02   0.06475   0.00000   0.00000   1.00000   0.4788263E-02
  6372  4.351060640610437E+06  40.335167  6.039020  4.582756  0.7188175E-01  0.9144685E+00  9.3361816E-10  1.0319430E-04  2.8439233E-05  9.0899023E-03  1.1521514E-04  1.5417588E-07  4.6669091E-10  1.9743232E-03  8.0958796E-06  0.8280    4.769542  -4.947  0.626159  7.719434  0.4491106E-01  0.9414394E+00  2.6807386E-11  1.0670785E-04  2.9430920E-05  9.0887004E-03  1.1069474E-04  1.4372624E-07  2.9978388E-10  1.9682455E-03  9.6986916E-06  6.951E-12  3.647E-18  5.545E+09  4.008E+11  1.320E+00  4.329E+05  0.02466418  1.669E-06  3.624E-06  9.999E-01  3.734E-06  3.776E-06  1.000E+00    1   40.3352  9.34E-03 1.9586E+00 2.8927E+00    7.13E+02 0.00E+00 1.18E+01  0.024822  0.446857 7.13E+02 0.00E+00 1.17E+01  0.024664  0.446899  0.0000000E+00  0.0000000E+00  4.7413763E-05  1.7594576E+00  6.0086445E-02  1.0423675E-05 -1.0616853E+00  2.5056117E-01  5.8367194E-01 0.000 0.831 1.000 1.000 1.000 1.000 1.000 1.000 1.000 1.000 1.000 1.000 1.000 1.000 1.000 1.000 1.000 1.000 1.000 1.000 1.000 1.000 1.000 1.000 1.000 1.000 1.000 1.000 1.000 1.000 1.000 1.000 1.000 1.000 1.000 1.000 1.000 1.000 1.000 1.000  6.3780272025E-02   0.06238   0.00000   0.00000   1.00000   0.4751633E-02
  6386  4.356409133816167E+06  40.274563  6.039884  4.582917  0.7049514E-01  0.9158551E+00  8.8509095E-10  1.0336048E-04  2.8486302E-05  9.0898586E-03  1.1498612E-04  1.5364047E-07  4.5519072E-10  1.9740140E-03  8.1702256E-06  0.8272    4.770032  -4.945  0.629410  7.720502  0.4329844E-01  0.9430520E+00  2.4893842E-11  1.0699813E-04  2.9512602E-05  9.0885298E-03  1.1040280E-04  1.4307512E-07  2.9864556E-10  1.9678679E-03  9.8326560E-06  6.790E-12  3.537E-18  5.356E+09  3.824E+11  1.275E+00  4.130E+05  0.02436045  1.650E-06  3.617E-06  9.999E-01  3.717E-06  3.759E-06  1.000E+00    1   40.2746  9.34E-03 1.9453E+00 2.8732E+00    7.13E+02 0.00E+00 1.16E+01  0.024497  0.447846 7.13E+02 0.00E+00 1.16E+01  0.024360  0.447885  0.0000000E+00  0.0000000E+00  4.6918653E-05  1.7470301E+00  5.9494346E-02  1.0297521E-05 -1.0615232E+00  2.5016540E-01  5.8428943E-01 0.000 0.830 1.000 1.000 1.000 1.000 1.000 1.000 1.000 1.000 1.000 1.000 1.000 1.000 1.000 1.000 1.000 1.000 1.000 1.000 1.000 1.000 1.000 1.000 1.000 1.000 1.000 1.000 1.000 1.000 1.000 1.000 1.000 1.000 1.000 1.000 1.000 1.000 1.000 1.000  6.3121426219E-02   0.06013   0.00000   0.00000   1.00000   0.4714489E-02
  6400  4.361757627021897E+06  40.213739  6.040718  4.582983  0.6931473E-01  0.9170355E+00  8.4659831E-10  1.0350441E-04  2.8527045E-05  9.0898183E-03  1.1479064E-04  1.5318440E-07  4.4597927E-10  1.9737502E-03  8.2349350E-06  0.8267    4.770343  -4.944  0.632740  7.721598  0.4168925E-01  0.9446613E+00  2.2725446E-11  1.0729895E-04  2.9597252E-05  9.0883468E-03  1.1010738E-04  1.4241929E-07  2.9744326E-10  1.9674898E-03  9.9714166E-06  6.583E-12  3.405E-18  5.172E+09  3.646E+11  1.231E+00  3.938E+05  0.02401413  1.627E-06  3.611E-06  9.999E-01  3.700E-06  3.741E-06  1.000E+00    1   40.2137  9.34E-03 1.9322E+00 2.8542E+00    7.13E+02 0.00E+00 1.15E+01  0.024156  0.448892 7.12E+02 0.00E+00 1.14E+01  0.024014  0.448926  0.0000000E+00  0.0000000E+00  4.6368914E-05  1.7343227E+00  5.8918303E-02  1.0173949E-05 -1.0614351E+00  2.4978984E-01  5.8493836E-01 0.000 0.829 1.000 1.000 1.000 1.000 1.000 1.000 1.000 1.000 1.000 1.000 1.000 1.000 1.000 1.000 1.000 1.000 1.000 1.000 1.000 1.000 1.000 1.000 1.000 1.000 1.000 1.000 1.000 1.000 1.000 1.000 1.000 1.000 1.000 1.000 1.000 1.000 1.000 1.000  6.2470141339E-02   0.05790   0.00000   0.00000   1.00000   0.4660013E-02
  6413  4.366724084998646E+06  40.157038  6.041537  4.583023  0.6799157E-01  0.9183587E+00  8.0608676E-10  1.0366906E-04  2.8573629E-05  9.0897689E-03  1.1457073E-04  1.5267278E-07  4.3635296E-10  1.9734538E-03  8.3093774E-06  0.8260    4.770749  -4.942  0.636006  7.722672  0.4017816E-01  0.9461724E+00  2.0842229E-11  1.0759249E-04  2.9679895E-05  9.0881619E-03  1.0982619E-04  1.4180056E-07  2.9627574E-10  1.9671337E-03  1.0106222E-05  6.237E-12  3.179E-18  4.983E+09  3.469E+11  1.186E+00  3.746E+05  0.02386631  1.618E-06  3.604E-06  9.999E-01  3.684E-06  3.725E-06  1.000E+00    1   40.1570  9.34E-03 1.9192E+00 2.8352E+00    7.12E+02 0.00E+00 1.13E+01  0.023802  0.449853 7.12E+02 0.00E+00 1.13E+01  0.023866  0.449854  0.0000000E+00  0.0000000E+00  4.5854143E-05  1.7222643E+00  5.8360353E-02  1.0055748E-05 -1.0614566E+00  2.4946023E-01  5.8560941E-01 0.000 0.828 1.000 1.000 1.000 1.000 1.000 1.000 1.000 1.000 1.000 1.000 1.000 1.000 1.000 1.000 1.000 1.000 1.000 1.000 1.000 1.000 1.000 1.000 1.000 1.000 1.000 1.000 1.000 1.000 1.000 1.000 1.000 1.000 1.000 1.000 1.000 1.000 1.000 1.000  6.1870910748E-02   0.05580   0.00000   0.00000   1.00000   0.4619284E-02
  6426  4.371690542975395E+06  40.100161  6.042319  4.583205  0.6684223E-01  0.9195080E+00  7.7304970E-10  1.0381460E-04  2.8614789E-05  9.0897229E-03  1.1437907E-04  1.5222796E-07  4.2844829E-10  1.9731957E-03  8.3754260E-06  0.8255    4.771146  -4.940  0.639319  7.723765  0.3869205E-01  0.9476585E+00  1.9296272E-11  1.0789295E-04  2.9764514E-05  9.0879666E-03  1.0954530E-04  1.4118822E-07  2.9513869E-10  1.9667822E-03  1.0244148E-05  5.965E-12  3.016E-18  4.837E+09  3.323E+11  1.151E+00  3.589E+05  0.02340795  1.589E-06  3.601E-06  9.999E-01  3.669E-06  3.709E-06  1.000E+00    1   40.1002  9.34E-03 1.9080E+00 2.8189E+00    7.12E+02 0.00E+00 1.12E+01  0.023542  0.450779 7.12E+02 0.00E+00 1.11E+01  0.023408  0.450813  0.0000000E+00  0.0000000E+00  4.5411119E-05  1.7099107E+00  5.7853871E-02  9.9566865E-06 -1.0615487E+00  2.4915217E-01  5.8631368E-01 0.000 0.829 1.000 1.000 1.000 1.000 1.000 1.000 1.000 1.000 1.000 1.000 1.000 1.000 1.000 1.000 1.000 1.000 1.000 1.000 1.000 1.000 1.000 1.000 1.000 1.000 1.000 1.000 1.000 1.000 1.000 1.000 1.000 1.000 1.000 1.000 1.000 1.000 1.000 1.000  6.1279004898E-02   0.05374   0.00000   0.00000   1.00000   0.4577026E-02
  6438  4.376274965723163E+06  40.047381  6.043467  4.582803  0.6565585E-01  0.9206944E+00  7.4094878E-10  1.0396839E-04  2.8658260E-05  9.0896710E-03  1.1418032E-04  1.5176802E-07  4.2084298E-10  1.9729286E-03  8.4454711E-06  0.8264    4.771233  -4.937  0.642391  7.724776  0.3738455E-01  0.9489661E+00  1.7609399E-11  1.0816900E-04  2.9842303E-05  9.0877817E-03  1.0929338E-04  1.4064178E-07  2.9405692E-10  1.9664713E-03  1.0371508E-05  5.970E-12  3.000E-18  4.875E+09  3.313E+11  1.160E+00  3.579E+05  0.02317086  1.570E-06  3.594E-06  9.999E-01  3.654E-06  3.694E-06  1.000E+00    1   40.0474  9.34E-03 1.8961E+00 2.8014E+00    7.11E+02 0.00E+00 1.10E+01  0.023290  0.452141 7.11E+02 0.00E+00 1.10E+01  0.023171  0.452107  0.0000000E+00  0.0000000E+00  4.5243277E-05  1.6985052E+00  5.7370452E-02  9.8611179E-06 -1.0616335E+00  2.4888025E-01  5.8692701E-01 0.000 0.828 1.000 1.000 1.000 1.000 1.000 1.000 1.000 1.000 1.000 1.000 1.000 1.000 1.000 1.000 1.000 1.000 1.000 1.000 1.000 1.000 1.000 1.000 1.000 1.000 1.000 1.000 1.000 1.000 1.000 1.000 1.000 1.000 1.000 1.000 1.000 1.000 1.000 1.000  6.0736660880E-02   0.05194   0.00000   0.00000   1.00000   0.4501351E-02
  6451  4.380859388470930E+06  39.994334  6.044286  4.582983  0.6450311E-01  0.9218472E+00  7.1143974E-10  1.0412054E-04  2.8701257E-05  9.0896172E-03  1.1398647E-04  1.5132041E-07  4.1382681E-10  1.9726685E-03  8.5149221E-06  0.8261    4.771671  -4.936  0.645614  7.725833  0.3603185E-01  0.9503189E+00  1.5767855E-11  1.0878286E-04  3.0013129E-05  9.0871147E-03  1.0902804E-04  1.3970202E-07  2.9290645E-10  1.9661491E-03  1.0511088E-05  5.444E-12  2.694E-18  4.331E+09  2.902E+11  1.031E+00  3.135E+05  0.02288927  1.552E-06  3.589E-06  9.999E-01  3.640E-06  3.679E-06  1.000E+00    1   39.9943  9.34E-03 1.8843E+00 2.7841E+00    7.11E+02 0.00E+00 1.08E+01  0.022820  0.453044 7.11E+02 0.00E+00 1.09E+01  0.022889  0.453068  0.0000000E+00  0.0000000E+00  3.9980432E-05  1.6867404E+00  5.6893957E-02  9.7658606E-06 -1.0618359E+00  2.4861883E-01  5.8764649E-01 0.000 0.829 1.000 1.000 1.000 1.000 1.000 1.000 1.000 1.000 1.000 1.000 1.000 1.000 1.000 1.000 1.000 1.000 1.000 1.000 1.000 1.000 1.000 1.000 1.000 1.000 1.000 1.000 1.000 1.000 1.000 1.000 1.000 1.000 1.000 1.000 1.000 1.000 1.000 1.000  6.0199648870E-02   0.05005   0.00000   0.00000   1.00000   0.4462475E-02
  6463  4.385397966991221E+06  39.941665  6.045115  4.583183  0.6326490E-01  0.9230854E+00  6.8141555E-10  1.0428823E-04  2.8748625E-05  9.0895542E-03  1.1377707E-04  1.5083836E-07  4.0678018E-10  1.9723884E-03  8.5916071E-06  0.8256    4.772122  -4.935  0.649150  7.726997  0.3464899E-01  0.9517017E+00  1.5042048E-11  1.0881489E-04  3.0024470E-05  9.0873044E-03  1.0875482E-04  1.3944590E-07  2.9172566E-10  1.9658191E-03  1.0651978E-05  5.275E-12  2.587E-18  4.358E+09  2.882E+11  1.037E+00  3.112E+05  0.02257481  1.532E-06  3.589E-06  9.999E-01  3.626E-06  3.664E-06  1.000E+00    1   39.9417  9.34E-03 1.8740E+00 2.7691E+00    7.11E+02 0.00E+00 1.07E+01  0.022541  0.453951 7.11E+02 0.00E+00 1.07E+01  0.022575  0.454002  0.0000000E+00  0.0000000E+00  4.3518909E-05  1.6744902E+00  5.6432042E-02  9.6807467E-06 -1.0622604E+00  2.4841018E-01  5.8849071E-01 0.000 0.827 1.000 1.000 1.000 1.000 1.000 1.000 1.000 1.000 1.000 1.000 1.000 1.000 1.000 1.000 1.000 1.000 1.000 1.000 1.000 1.000 1.000 1.000 1.000 1.000 1.000 1.000 1.000 1.000 1.000 1.000 1.000 1.000 1.000 1.000 1.000 1.000 1.000 1.000  5.9675740701E-02   0.04812   0.00000   0.00000   1.00000   0.4425108E-02
  6474  4.389558330634820E+06  39.893270  6.045787  4.583502  0.6220058E-01  0.9241497E+00  6.5679597E-10  1.0443576E-04  2.8790283E-05  9.0894959E-03  1.1359616E-04  1.5042287E-07  4.0106330E-10  1.9721470E-03  8.6591114E-06  0.8253    4.772577  -4.934  0.652481  7.728098  0.3337334E-01  0.9529774E+00  1.4139657E-11  1.0911306E-04  3.0108348E-05  9.0870907E-03  1.0849885E-04  1.3891272E-07  2.9064203E-10  1.9655138E-03  1.0786804E-05  5.144E-12  2.501E-18  4.343E+09  2.835E+11  1.034E+00  3.062E+05  0.02227773  1.514E-06  3.590E-06  9.999E-01  3.613E-06  3.651E-06  1.000E+00    1   39.8933  9.34E-03 1.8652E+00 2.7563E+00    7.11E+02 0.00E+00 1.06E+01  0.022377  0.454746 7.11E+02 0.00E+00 1.06E+01  0.022278  0.454805  0.0000000E+00  0.0000000E+00  4.3204387E-05  1.6632503E+00  5.6014413E-02  9.6084747E-06 -1.0626783E+00  2.4822244E-01  5.8928562E-01 0.000 0.828 1.000 1.000 1.000 1.000 1.000 1.000 1.000 1.000 1.000 1.000 1.000 1.000 1.000 1.000 1.000 1.000 1.000 1.000 1.000 1.000 1.000 1.000 1.000 1.000 1.000 1.000 1.000 1.000 1.000 1.000 1.000 1.000 1.000 1.000 1.000 1.000 1.000 1.000  5.9199923883E-02   0.04633   0.00000   0.00000   1.00000   0.4394747E-02
  6485  4.393718694278420E+06  39.844735  6.046569  4.583687  0.6127357E-01  0.9250767E+00  6.3634314E-10  1.0456675E-04  2.8827258E-05  9.0894420E-03  1.1343796E-04  1.5005990E-07  3.9628600E-10  1.9719365E-03  8.7189391E-06  0.8247    4.773022  -4.933  0.655801  7.729191  0.3212186E-01  0.9542289E+00  1.2819235E-11  1.0941960E-04  3.0194865E-05  9.0868642E-03  1.0824308E-04  1.3838095E-07  2.8948083E-10  1.9652132E-03  1.0924750E-05  4.966E-12  2.393E-18  4.087E+09  2.630E+11  9.726E-01  2.840E+05  0.02206944  1.501E-06  3.588E-06  9.999E-01  3.600E-06  3.638E-06  1.000E+00    1   39.8447  9.34E-03 1.8551E+00 2.7415E+00    7.11E+02 0.00E+00 1.04E+01  0.021986  0.455739 7.11E+02 0.00E+00 1.05E+01  0.022069  0.455777  0.0000000E+00  0.0000000E+00  4.2513843E-05  1.6515822E+00  5.5590445E-02  9.5303665E-06 -1.0631929E+00  2.4806325E-01  5.9012122E-01 0.000 0.827 1.000 1.000 1.000 1.000 1.000 1.000 1.000 1.000 1.000 1.000 1.000 1.000 1.000 1.000 1.000 1.000 1.000 1.000 1.000 1.000 1.000 1.000 1.000 1.000 1.000 1.000 1.000 1.000 1.000 1.000 1.000 1.000 1.000 1.000 1.000 1.000 1.000 1.000  5.8728300262E-02   0.04462   0.00000   0.00000   1.00000   0.4357267E-02
  6495  4.397500843045329E+06  39.800529  6.047325  4.583951  0.6020624E-01  0.9261441E+00  6.1372067E-10  1.0472242E-04  2.8871190E-05  9.0893739E-03  1.1325463E-04  1.4963957E-07  3.9110740E-10  1.9716934E-03  8.7897145E-06  0.8250    4.773487  -4.932  0.658936  7.730224  0.3100354E-01  0.9553473E+00  1.1984797E-11  1.0970553E-04  3.0275577E-05  9.0866477E-03  1.0801045E-04  1.3790139E-07  2.8844531E-10  1.9649436E-03  1.1052882E-05  4.754E-12  2.271E-18  3.998E+09  2.541E+11  9.516E-01  2.744E+05  0.02178942  1.485E-06  3.588E-06  9.999E-01  3.588E-06  3.626E-06  1.000E+00    1   39.8005  9.34E-03 1.8461E+00 2.7284E+00    7.11E+02 0.00E+00 1.03E+01  0.021693  0.456604 7.11E+02 0.00E+00 1.03E+01  0.021789  0.456619  0.0000000E+00  0.0000000E+00  4.1986195E-05  1.6409073E+00  5.5220814E-02  9.4660069E-06 -1.0637151E+00  2.4793158E-01  5.9091324E-01 0.000 0.828 1.000 1.000 1.000 1.000 1.000 1.000 1.000 1.000 1.000 1.000 1.000 1.000 1.000 1.000 1.000 1.000 1.000 1.000 1.000 1.000 1.000 1.000 1.000 1.000 1.000 1.000 1.000 1.000 1.000 1.000 1.000 1.000 1.000 1.000 1.000 1.000 1.000 1.000  5.8305219145E-02   0.04306   0.00000   0.00000   1.00000   0.4327702E-02
  6505  4.401282991812238E+06  39.756167  6.048128  4.584111  0.5915925E-01  0.9271911E+00  5.9238151E-10  1.0487905E-04  2.8915389E-05  9.0893022E-03  1.1307375E-04  1.4922546E-07  3.8627537E-10  1.9714544E-03  8.8607478E-06  0.8247    4.773881  -4.931  0.662309  7.731332  0.2984702E-01  0.9565038E+00  1.0806497E-11  1.1001339E-04  3.0362507E-05  9.0864085E-03  1.0776686E-04  1.3740215E-07  2.8727165E-10  1.9646644E-03  1.1188758E-05  4.573E-12  2.162E-18  3.786E+09  2.373E+11  9.011E-01  2.563E+05  0.02154762  1.469E-06  3.590E-06  9.999E-01  3.577E-06  3.613E-06  1.000E+00    1   39.7562  9.34E-03 1.8380E+00 2.7166E+00    7.11E+02 0.00E+00 1.02E+01  0.021495  0.457508 7.11E+02 0.00E+00 1.02E+01  0.021548  0.457523  0.0000000E+00  0.0000000E+00  4.1683086E-05  1.6299333E+00  5.4850023E-02  9.4056902E-06 -1.0643741E+00  2.4782338E-01  5.9178969E-01 0.000 0.827 1.000 1.000 1.000 1.000 1.000 1.000 1.000 1.000 1.000 1.000 1.000 1.000 1.000 1.000 1.000 1.000 1.000 1.000 1.000 1.000 1.000 1.000 1.000 1.000 1.000 1.000 1.000 1.000 1.000 1.000 1.000 1.000 1.000 1.000 1.000 1.000 1.000 1.000  5.7885331553E-02   0.04146   0.00000   0.00000   1.00000   0.4290656E-02
  6515  4.405065140579146E+06  39.711741  6.048774  4.584373  0.5825197E-01  0.9280984E+00  5.7463992E-10  1.0501724E-04  2.8954382E-05  9.0892371E-03  1.1291629E-04  1.4886562E-07  3.8224043E-10  1.9712470E-03  8.9233767E-06  0.8244    4.774346  -4.930  0.665788  7.732482  0.2868161E-01  0.9576693E+00  1.0088105E-11  1.1033508E-04  3.0453378E-05  9.0861540E-03  1.0751751E-04  1.3689941E-07  2.8612057E-10  1.9643823E-03  1.1330087E-05  4.413E-12  2.066E-18  3.751E+09  2.317E+11  8.926E-01  2.502E+05  0.02132849  1.456E-06  3.592E-06  9.999E-01  3.565E-06  3.601E-06  1.000E+00    1   39.7117  9.34E-03 1.8296E+00 2.7042E+00    7.11E+02 0.00E+00 1.01E+01  0.021296  0.458266 7.11E+02 0.00E+00 1.01E+01  0.021328  0.458323  0.0000000E+00  0.0000000E+00  4.1334443E-05  1.6186978E+00  5.4480671E-02  9.3475426E-06 -1.0651219E+00  2.4773531E-01  5.9272257E-01 0.000 0.828 1.000 1.000 1.000 1.000 1.000 1.000 1.000 1.000 1.000 1.000 1.000 1.000 1.000 1.000 1.000 1.000 1.000 1.000 1.000 1.000 1.000 1.000 1.000 1.000 1.000 1.000 1.000 1.000 1.000 1.000 1.000 1.000 1.000 1.000 1.000 1.000 1.000 1.000  5.7470289256E-02   0.03984   0.00000   0.00000   1.00000   0.4261239E-02
  6525  4.408696003395376E+06  39.668959  6.049550  4.584418  0.5743614E-01  0.9289142E+00  5.5929074E-10  1.0514338E-04  2.8989974E-05  9.0891763E-03  1.1277411E-04  1.4854141E-07  3.7872351E-10  1.9710602E-03  8.9805509E-06  0.8240    4.774713  -4.928  0.669216  7.733609  0.2756976E-01  0.9587812E+00  8.7730917E-12  1.1091247E-04  3.0612238E-05  9.0855228E-03  1.0727444E-04  1.3618011E-07  2.8491488E-10  1.9641123E-03  1.1472081E-05  4.060E-12  1.881E-18  3.416E+09  2.079E+11  8.130E-01  2.245E+05  0.02115345  1.445E-06  3.596E-06  9.999E-01  3.554E-06  3.590E-06  1.000E+00    1   39.6690  9.34E-03 1.8218E+00 2.6929E+00    7.11E+02 0.00E+00 9.97E+00  0.021027  0.459222 7.11E+02 0.00E+00 1.00E+01  0.021153  0.459283  0.0000000E+00  0.0000000E+00  3.6836335E-05  1.6077530E+00  5.4125338E-02  9.2916962E-06 -1.0659139E+00  2.4766599E-01  5.9365463E-01 0.000 0.826 1.000 1.000 1.000 1.000 1.000 1.000 1.000 1.000 1.000 1.000 1.000 1.000 1.000 1.000 1.000 1.000 1.000 1.000 1.000 1.000 1.000 1.000 1.000 1.000 1.000 1.000 1.000 1.000 1.000 1.000 1.000 1.000 1.000 1.000 1.000 1.000 1.000 1.000  5.7074670861E-02   0.03829   0.00000   0.00000   1.00000   0.4220482E-02
  6535  4.412236094641197E+06  39.627178  6.050197  4.584765  0.5661071E-01  0.9297397E+00  5.4433355E-10  1.0527299E-04  2.9026547E-05  9.0891124E-03  1.1262961E-04  1.4821277E-07  3.7527490E-10  1.9708709E-03  9.0393284E-06  0.8239    4.775199  -4.928  0.672758  7.734780  0.2648356E-01  0.9598674E+00  8.3755501E-12  1.1107792E-04  3.0665769E-05  9.0854840E-03  1.0703264E-04  1.3583343E-07  2.8364668E-10  1.9638479E-03  1.1615285E-05  4.032E-12  1.849E-18  3.461E+09  2.075E+11  8.236E-01  2.241E+05  0.02085903  1.427E-06  3.600E-06  9.999E-01  3.543E-06  3.579E-06  1.000E+00    1   39.6272  9.34E-03 1.8143E+00 2.6820E+00    7.11E+02 0.00E+00 9.83E+00  0.020721  0.460088 7.11E+02 0.00E+00 9.89E+00  0.020859  0.460094  0.0000000E+00  0.0000000E+00  3.9916678E-05  1.5965795E+00  5.3798313E-02  9.2459597E-06 -1.0668506E+00  2.4763899E-01  5.9465992E-01 0.000 0.827 1.000 1.000 1.000 1.000 1.000 1.000 1.000 1.000 1.000 1.000 1.000 1.000 1.000 1.000 1.000 1.000 1.000 1.000 1.000 1.000 1.000 1.000 1.000 1.000 1.000 1.000 1.000 1.000 1.000 1.000 1.000 1.000 1.000 1.000 1.000 1.000 1.000 1.000  5.6693037663E-02   0.03678   0.00000   0.00000   1.00000   0.4191688E-02
  6544  4.415605989192509E+06  39.587342  6.050781  4.585216  0.5577272E-01  0.9305777E+00  5.2970193E-10  1.0540732E-04  2.9064448E-05  9.0890444E-03  1.1248201E-04  1.4787831E-07  3.7190960E-10  1.9706784E-03  9.1002697E-06  0.8232    4.775731  -4.927  0.676333  7.735959  0.2542401E-01  0.9609270E+00  7.6005457E-12  1.1134637E-04  3.0739341E-05  9.0853007E-03  1.0679410E-04  1.3544189E-07  2.8254213E-10  1.9635895E-03  1.1756249E-05  3.734E-12  1.691E-18  3.279E+09  1.936E+11  7.803E-01  2.090E+05  0.02048733  1.405E-06  3.607E-06  9.999E-01  3.532E-06  3.568E-06  1.000E+00    1   39.5873  9.34E-03 1.8079E+00 2.6727E+00    7.12E+02 0.00E+00 9.80E+00  0.020652  0.460766 7.12E+02 0.00E+00 9.72E+00  0.020487  0.460813  0.0000000E+00  0.0000000E+00  3.9739321E-05  1.5855768E+00  5.3502395E-02  9.2087053E-06 -1.0678995E+00  2.4764286E-01  5.9571488E-01 0.000 0.826 1.000 1.000 1.000 1.000 1.000 1.000 1.000 1.000 1.000 1.000 1.000 1.000 1.000 1.000 1.000 1.000 1.000 1.000 1.000 1.000 1.000 1.000 1.000 1.000 1.000 1.000 1.000 1.000 1.000 1.000 1.000 1.000 1.000 1.000 1.000 1.000 1.000 1.000  5.6334260462E-02   0.03531   0.00000   0.00000   1.00000   0.4168760E-02
  6552  4.418601451015898E+06  39.551914  6.051478  4.585283  0.5500126E-01  0.9313491E+00  5.1666460E-10  1.0553358E-04  2.9100074E-05  9.0889786E-03  1.1234528E-04  1.4756962E-07  3.6892519E-10  1.9705009E-03  9.1575328E-06  0.8238    4.776120  -4.926  0.679464  7.736989  0.2453531E-01  0.9618158E+00  7.1802445E-12  1.1163605E-04  3.0821180E-05  9.0850545E-03  1.0658887E-04  1.3505460E-07  2.8154237E-10  1.9633718E-03  1.1880617E-05  3.651E-12  1.637E-18  3.244E+09  1.890E+11  7.721E-01  2.041E+05  0.02025956  1.391E-06  3.611E-06  9.999E-01  3.523E-06  3.558E-06  1.000E+00    1   39.5519  9.34E-03 1.8015E+00 2.6634E+00    7.11E+02 0.00E+00 9.71E+00  0.020478  0.461563 7.12E+02 0.00E+00 9.61E+00  0.020260  0.461634  0.0000000E+00  0.0000000E+00  3.9514409E-05  1.5759803E+00  5.3229864E-02  9.1715839E-06 -1.0687918E+00  2.4764286E-01  5.9661492E-01 0.000 0.827 1.000 1.000 1.000 1.000 1.000 1.000 1.000 1.000 1.000 1.000 1.000 1.000 1.000 1.000 1.000 1.000 1.000 1.000 1.000 1.000 1.000 1.000 1.000 1.000 1.000 1.000 1.000 1.000 1.000 1.000 1.000 1.000 1.000 1.000 1.000 1.000 1.000 1.000  5.6018535194E-02   0.03407   0.00000   0.00000   1.00000   0.4137953E-02
  6560  4.421596912839287E+06  39.516381  6.052165  4.585565  0.5423797E-01  0.9321124E+00  5.0411553E-10  1.0566068E-04  2.9135934E-05  9.0889110E-03  1.1220933E-04  1.4726344E-07  3.6605429E-10  1.9703249E-03  9.2150929E-06  0.8235    4.776503  -4.926  0.682916  7.738126  0.2359879E-01  0.9627523E+00  6.4009521E-12  1.1195210E-04  3.0910562E-05  9.0847809E-03  1.0637062E-04  1.3464305E-07  2.8037990E-10  1.9631423E-03  1.2013934E-05  3.651E-12  1.637E-18  3.063E+09  1.759E+11  7.290E-01  1.899E+05  0.02018872  1.388E-06  3.618E-06  9.999E-01  3.514E-06  3.549E-06  1.000E+00    1   39.5164  9.34E-03 1.7958E+00 2.6550E+00    7.12E+02 0.00E+00 9.60E+00  0.020241  0.462344 7.12E+02 0.00E+00 9.58E+00  0.020189  0.462439  0.0000000E+00  0.0000000E+00  3.9055120E-05  1.5658300E+00  5.2938506E-02  9.1378786E-06 -1.0699021E+00  2.4768556E-01  5.9764921E-01 0.000 0.825 1.000 1.000 1.000 1.000 1.000 1.000 1.000 1.000 1.000 1.000 1.000 1.000 1.000 1.000 1.000 1.000 1.000 1.000 1.000 1.000 1.000 1.000 1.000 1.000 1.000 1.000 1.000 1.000 1.000 1.000 1.000 1.000 1.000 1.000 1.000 1.000 1.000 1.000  5.5705326179E-02   0.03279   0.00000   0.00000   1.00000   0.4103523E-02
  6568  4.424592374662676E+06  39.480823  6.052607  4.586075  0.5360269E-01  0.9327477E+00  4.9405405E-10  1.0576813E-04  2.9166251E-05  9.0888526E-03  1.1209569E-04  1.4700800E-07  3.6372088E-10  1.9701783E-03  9.2636535E-06  0.8227    4.777082  -4.926  0.686455  7.739298  0.2264407E-01  0.9637071E+00  5.9401510E-12  1.1228860E-04  3.1005828E-05  9.0844838E-03  1.0614471E-04  1.3422243E-07  2.7920580E-10  1.9629079E-03  1.2153704E-05  3.483E-12  1.540E-18  2.976E+09  1.681E+11  7.082E-01  1.816E+05  0.01999034  1.378E-06  3.625E-06  9.999E-01  3.505E-06  3.540E-06  1.000E+00    1   39.4808  9.34E-03 1.7899E+00 2.6463E+00    7.12E+02 0.00E+00 9.52E+00  0.020058  0.462965 7.12E+02 0.00E+00 9.49E+00  0.019990  0.463047  0.0000000E+00  0.0000000E+00  3.8628640E-05  1.5552949E+00  5.2666186E-02  9.1070715E-06 -1.0711329E+00  2.4775494E-01  5.9876352E-01 0.000 0.826 1.000 1.000 1.000 1.000 1.000 1.000 1.000 1.000 1.000 1.000 1.000 1.000 1.000 1.000 1.000 1.000 1.000 1.000 1.000 1.000 1.000 1.000 1.000 1.000 1.000 1.000 1.000 1.000 1.000 1.000 1.000 1.000 1.000 1.000 1.000 1.000 1.000 1.000  5.5395151372E-02   0.03145   0.00000   0.00000   1.00000   0.4088655E-02
  6576  4.427400620122101E+06  39.447479  6.053133  4.586345  0.5301001E-01  0.9333404E+00  4.8497606E-10  1.0587024E-04  2.9195063E-05  9.0887959E-03  1.1198914E-04  1.4676897E-07  3.6160035E-10  1.9700413E-03  9.3096700E-06  0.8223    4.777499  -4.925  0.689857  7.740421  0.2175361E-01  0.9645977E+00  5.2361364E-12  1.1290619E-04  3.1177244E-05  9.0837682E-03  1.0592890E-04  1.3360857E-07  2.7791466E-10  1.9626887E-03  1.2291306E-05  3.236E-12  1.413E-18  2.776E+09  1.543E+11  6.606E-01  1.667E+05  0.01981488  1.367E-06  3.632E-06  9.999E-01  3.496E-06  3.531E-06  1.000E+00    1   39.4475  9.34E-03 1.7840E+00 2.6378E+00    7.12E+02 0.00E+00 9.43E+00  0.019857  0.463674 7.12E+02 0.00E+00 9.41E+00  0.019815  0.463740  0.0000000E+00  0.0000000E+00  3.4429841E-05  1.5454135E+00  5.2414880E-02  9.0804592E-06 -1.0723262E+00  2.4782787E-01  5.9982556E-01 0.000 0.824 1.000 1.000 1.000 1.000 1.000 1.000 1.000 1.000 1.000 1.000 1.000 1.000 1.000 1.000 1.000 1.000 1.000 1.000 1.000 1.000 1.000 1.000 1.000 1.000 1.000 1.000 1.000 1.000 1.000 1.000 1.000 1.000 1.000 1.000 1.000 1.000 1.000 1.000  5.5107124691E-02   0.03022   0.00000   0.00000   1.00000   0.4060999E-02
  6584  4.430197632599687E+06  39.414263  6.053644  4.586963  0.5239386E-01  0.9339566E+00  4.7579126E-10  1.0597840E-04  2.9225584E-05  9.0887345E-03  1.1187778E-04  1.4651975E-07  3.5945262E-10  1.9698988E-03  9.3582856E-06  0.8218    4.778158  -4.926  0.693423  7.741602  0.2088278E-01  0.9654685E+00  5.0628407E-12  1.1308166E-04  3.1233500E-05  9.0836916E-03  1.0571344E-04  1.3333082E-07  2.7674329E-10  1.9624737E-03  1.2429959E-05  3.293E-12  1.420E-18  2.793E+09  1.529E+11  6.648E-01  1.651E+05  0.01945102  1.345E-06  3.641E-06  9.999E-01  3.487E-06  3.522E-06  1.000E+00    1   39.4143  9.34E-03 1.7786E+00 2.6298E+00    7.13E+02 0.00E+00 9.33E+00  0.019633  0.464311 7.12E+02 0.00E+00 9.24E+00  0.019451  0.464405  0.0000000E+00  0.0000000E+00  3.7356834E-05  1.5350647E+00  5.2194070E-02  9.0627373E-06 -1.0736908E+00  2.4794432E-01  6.0098102E-01 0.000 0.825 1.000 1.000 1.000 1.000 1.000 1.000 1.000 1.000 1.000 1.000 1.000 1.000 1.000 1.000 1.000 1.000 1.000 1.000 1.000 1.000 1.000 1.000 1.000 1.000 1.000 1.000 1.000 1.000 1.000 1.000 1.000 1.000 1.000 1.000 1.000 1.000 1.000 1.000  5.4823673775E-02   0.02900   0.00000   0.00000   1.00000   0.4047830E-02
  6591  4.432792451404194E+06  39.383455  6.054208  4.587283  0.5179591E-01  0.9345545E+00  4.6711441E-10  1.0608530E-04  2.9255752E-05  9.0886726E-03  1.1176911E-04  1.4627727E-07  3.5741985E-10  1.9697602E-03  9.4062367E-06  0.8223    4.778556  -4.925  0.696788  7.742712  0.2009703E-01  0.9662543E+00  4.6661383E-12  1.1330681E-04  3.1294751E-05  9.0835367E-03  1.0551526E-04  1.3306095E-07  2.7576445E-10  1.9622791E-03  1.2558000E-05  3.023E-12  1.285E-18  2.728E+09  1.472E+11  6.494E-01  1.589E+05  0.01948036  1.349E-06  3.647E-06  9.999E-01  3.479E-06  3.514E-06  1.000E+00    1   39.3835  9.34E-03 1.7725E+00 2.6211E+00    7.13E+02 0.00E+00 9.23E+00  0.019425  0.465062 7.13E+02 0.00E+00 9.26E+00  0.019480  0.465107  0.0000000E+00  0.0000000E+00  3.6945248E-05  1.5254801E+00  5.1940518E-02  9.0345915E-06 -1.0749935E+00  2.4806064E-01  6.0206563E-01 0.000 0.826 1.000 1.000 1.000 1.000 1.000 1.000 1.000 1.000 1.000 1.000 1.000 1.000 1.000 1.000 1.000 1.000 1.000 1.000 1.000 1.000 1.000 1.000 1.000 1.000 1.000 1.000 1.000 1.000 1.000 1.000 1.000 1.000 1.000 1.000 1.000 1.000 1.000 1.000  5.4563994112E-02   0.02791   0.00000   0.00000   1.00000   0.4019517E-02
  6598  4.435387270208701E+06  39.352592  6.054808  4.587582  0.5116972E-01  0.9351807E+00  4.5824277E-10  1.0619958E-04  2.9288003E-05  9.0886050E-03  1.1165457E-04  1.4602264E-07  3.5534910E-10  1.9696148E-03  9.4573995E-06  0.8221    4.779055  -4.925  0.700420  7.743910  0.1927967E-01  0.9670717E+00  4.1868175E-12  1.1364198E-04  3.1389253E-05  9.0832268E-03  1.0530669E-04  1.3270743E-07  2.7457967E-10  1.9620765E-03  1.2694067E-05  3.023E-12  1.285E-18  2.561E+09  1.359E+11  6.094E-01  1.468E+05  0.01928326  1.337E-06  3.658E-06  9.999E-01  3.471E-06  3.506E-06  1.000E+00    1   39.3526  9.34E-03 1.7683E+00 2.6149E+00    7.13E+02 0.00E+00 9.17E+00  0.019299  0.465764 7.13E+02 0.00E+00 9.16E+00  0.019283  0.465839  0.0000000E+00  0.0000000E+00  3.6726036E-05  1.5154489E+00  5.1719997E-02  9.0220425E-06 -1.0764849E+00  2.4821519E-01  6.0326884E-01 0.000 0.824 1.000 1.000 1.000 1.000 1.000 1.000 1.000 1.000 1.000 1.000 1.000 1.000 1.000 1.000 1.000 1.000 1.000 1.000 1.000 1.000 1.000 1.000 1.000 1.000 1.000 1.000 1.000 1.000 1.000 1.000 1.000 1.000 1.000 1.000 1.000 1.000 1.000 1.000  5.4305677191E-02   0.02677   0.00000   0.00000   1.00000   0.3995226E-02
  6605  4.437982089013209E+06  39.321759  6.055237  4.588291  0.5057047E-01  0.9357800E+00  4.4996468E-10  1.0631090E-04  2.9319426E-05  9.0885380E-03  1.1154434E-04  1.4577843E-07  3.5341343E-10  1.9694755E-03  9.5071636E-06  0.8216    4.779753  -4.925  0.704074  7.745126  0.1847030E-01  0.9678812E+00  3.8776177E-12  1.1399469E-04  3.1489267E-05  9.0828925E-03  1.0509580E-04  1.3235315E-07  2.7337954E-10  1.9618754E-03  1.2833771E-05  2.922E-12  1.223E-18  2.526E+09  1.318E+11  6.013E-01  1.424E+05  0.01906358  1.327E-06  3.667E-06  9.999E-01  3.463E-06  3.497E-06  1.000E+00    1   39.3218  9.34E-03 1.7628E+00 2.6068E+00    7.13E+02 0.00E+00 9.09E+00  0.019099  0.466397 7.13E+02 0.00E+00 9.07E+00  0.019064  0.466397  0.0000000E+00  0.0000000E+00  3.6223001E-05  1.5050559E+00  5.1504186E-02  9.0067439E-06 -1.0780727E+00  2.4839844E-01  6.0452696E-01 0.000 0.825 1.000 1.000 1.000 1.000 1.000 1.000 1.000 1.000 1.000 1.000 1.000 1.000 1.000 1.000 1.000 1.000 1.000 1.000 1.000 1.000 1.000 1.000 1.000 1.000 1.000 1.000 1.000 1.000 1.000 1.000 1.000 1.000 1.000 1.000 1.000 1.000 1.000 1.000  5.4050596121E-02   0.02566   0.00000   0.00000   1.00000   0.3987842E-02
  6611  4.440206219417072E+06  39.295364  6.055706  4.588770  0.4999712E-01  0.9363534E+00  4.4218338E-10  1.0641948E-04  2.9350073E-05  9.0884714E-03  1.1143822E-04  1.4554421E-07  3.5160437E-10  1.9693420E-03  9.5555904E-06  0.8219    4.780288  -4.926  0.707308  7.746197  0.1779005E-01  0.9685615E+00  3.5993736E-12  1.1430585E-04  3.1577576E-05  9.0825933E-03  1.0491445E-04  1.3205255E-07  2.7232444E-10  1.9617059E-03  1.2955837E-05  2.372E-12  9.653E-19  2.464E+09  1.267E+11  5.864E-01  1.368E+05  0.01889849  1.318E-06  3.676E-06  9.999E-01  3.457E-06  3.490E-06  1.000E+00    1   39.2954  9.34E-03 1.7583E+00 2.6003E+00    7.14E+02 0.00E+00 9.00E+00  0.018919  0.466956 7.14E+02 0.00E+00 8.99E+00  0.018898  0.466961  0.0000000E+00  0.0000000E+00  3.5826437E-05  1.4961378E+00  5.1318681E-02  8.9950515E-06 -1.0794897E+00  2.4856620E-01  6.0563489E-01 0.000 0.825 1.000 1.000 1.000 1.000 1.000 1.000 1.000 1.000 1.000 1.000 1.000 1.000 1.000 1.000 1.000 1.000 1.000 1.000 1.000 1.000 1.000 1.000 1.000 1.000 1.000 1.000 1.000 1.000 1.000 1.000 1.000 1.000 1.000 1.000 1.000 1.000 1.000 1.000  5.3834904716E-02   0.02471   0.00000   0.00000   1.00000   0.3974255E-02
  6612  4.440539838977652E+06  39.249621  6.055130  4.332369  0.4985810E-01  0.9364924E+00  4.4029701E-10  1.0644612E-04  2.9357593E-05  9.0884549E-03  1.1141239E-04  1.4548733E-07  3.5117171E-10  1.9693097E-03  9.5674531E-06  0.8221    4.780196  -3.863  0.707066  7.746010  0.1768639E-01  0.9686651E+00  3.4561108E-12  1.1444385E-04  3.1613693E-05  9.0824178E-03  1.0488679E-04  1.3194149E-07  2.7217024E-10  1.9616801E-03  1.2974789E-05  2.372E-12  9.653E-19  2.398E+09  1.222E+11  5.706E-01  1.320E+05  0.01718023  1.199E-06  3.671E-06  1.000E+00  3.456E-06  3.489E-06  1.000E+00    1   39.2496  9.34E-03 1.7570E+00 2.5985E+00    7.14E+02 0.00E+00 8.99E+00  0.018893  0.466997 7.14E+02 0.00E+00 8.17E+00  0.017180  0.466817  0.0000000E+00  0.0000000E+00  3.7160809E-04  1.4936844E+00  5.1179173E-02  8.9639622E-06 -1.0772220E+00  2.4812529E-01  6.0419975E-01 0.000 0.824 1.000 1.000 1.000 1.000 1.000 1.000 1.000 1.000 1.000 1.000 1.000 1.000 1.000 1.000 1.000 1.000 1.000 1.000 1.000 1.000 1.000 1.000 1.000 1.000 1.000 1.000 1.000 1.000 1.000 1.000 1.000 1.000 1.000 1.000 1.000 1.000 1.000 1.000  5.3463296628E-02   0.02456   0.00000   0.00000   1.00000   0.3974598E-02
  6615  4.441540697659391E+06  39.113113  6.053721  4.333106  0.4918534E-01  0.9371652E+00  4.3111937E-10  1.0657653E-04  2.9394410E-05  9.0883731E-03  1.1128694E-04  1.4521168E-07  3.4910462E-10  1.9691528E-03  9.6254324E-06  0.8224    4.780408  -3.866  0.709020  7.746343  0.1735710E-01  0.9689945E+00  3.1115594E-12  1.1471017E-04  3.1689175E-05  9.0821020E-03  1.0480001E-04  1.3169473E-07  2.7163220E-10  1.9615983E-03  1.3033598E-05  2.372E-12  9.653E-19  2.181E+09  1.099E+11  5.191E-01  1.187E+05  0.01409756  9.783E-07  3.670E-06  1.000E+00  3.453E-06  3.486E-06  1.000E+00    1   39.1131  9.34E-03 1.7515E+00 2.5907E+00    7.12E+02 0.00E+00 6.96E+00  0.014656  0.466257 7.12E+02 0.00E+00 6.69E+00  0.014098  0.466636  0.0000000E+00  0.0000000E+00  2.8604023E-04  1.4802674E+00  5.0680301E-02  8.8786410E-06 -1.0726783E+00  2.4731549E-01  6.0117234E-01 0.000 0.824 1.000 1.000 1.000 1.000 1.000 1.000 1.000 1.000 1.000 1.000 1.000 1.000 1.000 1.000 1.000 1.000 1.000 1.000 1.000 1.000 1.000 1.000 1.000 1.000 1.000 1.000 1.000 1.000 1.000 1.000 1.000 1.000 1.000 1.000 1.000 1.000 1.000 1.000  5.2527861301E-02   0.02411   0.00000   0.00000   1.00000   0.3972041E-02
  6618  4.442541556341130E+06  38.977080  6.052293  4.333752  0.4846253E-01  0.9378880E+00  4.2131992E-10  1.0671879E-04  2.9434577E-05  9.0882826E-03  1.1115151E-04  1.4491495E-07  3.4692072E-10  1.9689840E-03  9.6885400E-06  0.8230    4.781134  -3.867  0.711396  7.746820  0.1701847E-01  0.9693331E+00  2.9286640E-12  1.1489462E-04  3.1743006E-05  9.0819071E-03  1.0471075E-04  1.3151386E-07  2.7106829E-10  1.9615141E-03  1.3093919E-05  2.372E-12  9.653E-19  2.102E+09  1.049E+11  5.002E-01  1.133E+05  0.01108080  7.759E-07  3.673E-06  1.000E+00  3.451E-06  3.483E-06  1.000E+00    1   38.9771  9.34E-03 1.7470E+00 2.5844E+00    7.13E+02 0.00E+00 5.93E+00  0.012487  0.465762 7.13E+02 0.00E+00 5.27E+00  0.011081  0.466417  0.0000000E+00  0.0000000E+00  2.4181696E-04  1.4659642E+00  5.0312461E-02  8.8240452E-06 -1.0685093E+00  2.4659165E-01  5.9837413E-01 0.000 0.825 1.000 1.000 1.000 1.000 1.000 1.000 1.000 1.000 1.000 1.000 1.000 1.000 1.000 1.000 1.000 1.000 1.000 1.000 1.000 1.000 1.000 1.000 1.000 1.000 1.000 1.000 1.000 1.000 1.000 1.000 1.000 1.000 1.000 1.000 1.000 1.000 1.000 1.000  5.1762899741E-02   0.02364   0.00000   0.00000   1.00000        0.00E+00
  6621  4.443542415022870E+06  38.841520  6.050789  4.334409  0.4750985E-01  0.9388407E+00  4.0845782E-10  1.0690914E-04  2.9488324E-05  9.0881600E-03  1.1097214E-04  1.4452310E-07  3.4408920E-10  1.9687614E-03  9.7727902E-06  0.8236    4.781781  -3.869  0.713789  7.747303  0.1668033E-01  0.9696713E+00  2.8009727E-12  1.1505329E-04  3.1788852E-05  9.0817512E-03  1.0462107E-04  1.3135980E-07  2.7052753E-10  1.9614300E-03  1.3154640E-05  1.407E-12  5.648E-19  2.059E+09  1.018E+11  4.900E-01  1.099E+05  0.01037039  7.248E-07  3.677E-06  1.000E+00  3.448E-06  3.480E-06  1.000E+00    1   38.8415  9.34E-03 1.7431E+00 2.5790E+00    7.12E+02 0.00E+00 4.81E+00  0.010146  0.465545 7.12E+02 0.00E+00 4.92E+00  0.010370  0.465992  0.0000000E+00  0.0000000E+00  1.9539206E-04  1.4517796E+00  4.9794884E-02  8.7503966E-06 -1.0643676E+00  2.4587212E-01  5.9559205E-01 0.000 0.826 1.000 1.000 1.000 1.000 1.000 1.000 1.000 1.000 1.000 1.000 1.000 1.000 1.000 1.000 1.000 1.000 1.000 1.000 1.000 1.000 1.000 1.000 1.000 1.000 1.000 1.000 1.000 1.000 1.000 1.000 1.000 1.000 1.000 1.000 1.000 1.000 1.000 1.000  5.1136247440E-02   0.02317   0.00000   0.00000   1.00000        0.00E+00
  6629  4.444343101968263E+06  38.733367  6.049546  4.334855  0.4688980E-01  0.9394608E+00  4.0017672E-10  1.0703446E-04  2.9523712E-05  9.0880784E-03  1.1085497E-04  1.4426770E-07  3.4226923E-10  1.9686164E-03  9.8281647E-06  0.8244    4.782232  -3.870  0.714980  7.747449  0.1640613E-01  0.9699461E+00  1.6437314E-12  1.1843954E-04  3.2704759E-05  9.0768834E-03  1.0454451E-04  1.2977797E-07  2.6639316E-10  1.9613616E-03  1.3218948E-05  1.407E-12  5.648E-19  1.220E+09  5.952E+10  2.904E-01  6.428E+04  0.00996613  6.972E-07  3.674E-06  1.000E+00  3.446E-06  3.478E-06  1.000E+00    1   38.7334  9.34E-03 1.7388E+00 2.5728E+00    7.12E+02 0.00E+00 4.83E+00  0.010182  0.465580 7.11E+02 0.00E+00 4.72E+00  0.009966  0.465682  0.0000000E+00  0.0000000E+00  5.8479422E-05  1.4421052E+00  4.9381248E-02  8.6724271E-06 -1.0604796E+00  2.4516130E-01  5.9305193E-01 0.000 0.828 1.000 1.000 1.000 1.000 1.000 1.000 1.000 1.000 1.000 1.000 1.000 1.000 1.000 1.000 1.000 1.000 1.000 1.000 1.000 1.000 1.000 1.000 1.000 1.000 1.000 1.000 1.000 1.000 1.000 1.000 1.000 1.000 1.000 1.000 1.000 1.000 1.000 1.000  5.0662309496E-02   0.02279   0.00000   0.00000   1.00000        0.00E+00
  6636  4.445243874781831E+06  38.612068  6.048257  4.335466  0.4611162E-01  0.9402390E+00  3.8982518E-10  1.0719301E-04  2.9568486E-05  9.0879746E-03  1.1070751E-04  1.4394685E-07  3.4000484E-10  1.9684343E-03  9.8981420E-06  0.8245    4.782931  -3.871  0.717141  7.747886  0.1609948E-01  0.9702528E+00  1.8012940E-12  1.1832598E-04  3.2717224E-05  9.0770767E-03  1.0445951E-04  1.2967061E-07  2.6632154E-10  1.9612852E-03  1.3284544E-05  1.562E-12  6.228E-19  1.376E+09  6.653E+10  3.276E-01  7.186E+04  0.00962594  6.759E-07  3.676E-06  1.000E+00  3.444E-06  3.475E-06  1.000E+00    1   38.6121  9.34E-03 1.7342E+00 2.5664E+00    7.11E+02 0.00E+00 4.56E+00  0.009608  0.465148 7.11E+02 0.00E+00 4.56E+00  0.009626  0.465404  0.0000000E+00  0.0000000E+00  7.6840366E-05  1.4295188E+00  4.8927278E-02  8.5972957E-06 -1.0567850E+00  2.4451841E-01  5.9057599E-01 0.000 0.828 1.000 1.000 1.000 1.000 1.000 1.000 1.000 1.000 1.000 1.000 1.000 1.000 1.000 1.000 1.000 1.000 1.000 1.000 1.000 1.000 1.000 1.000 1.000 1.000 1.000 1.000 1.000 1.000 1.000 1.000 1.000 1.000 1.000 1.000 1.000 1.000 1.000 1.000  5.0157356590E-02   0.02236   0.00000   0.00000   1.00000        0.00E+00
  6642  4.446140644160671E+06  38.491700  6.046935  4.336086  0.4538445E-01  0.9409661E+00  3.8024093E-10  1.0734243E-04  2.9610685E-05  9.0878760E-03  1.1056934E-04  1.4364673E-07  3.3790810E-10  1.9682640E-03  9.9640113E-06  0.8251    4.783602  -3.873  0.719481  7.748383  0.1579313E-01  0.9705591E+00  1.8785432E-12  1.1805557E-04  3.2649595E-05  9.0775393E-03  1.0437448E-04  1.2970861E-07  2.6626950E-10  1.9612089E-03  1.3347115E-05  1.726E-12  6.827E-19  1.469E+09  7.042E+10  3.497E-01  7.606E+04  0.00923242  6.509E-07  3.678E-06  1.000E+00  3.442E-06  3.472E-06  1.000E+00    1   38.4917  9.34E-03 1.7295E+00 2.5597E+00    7.12E+02 0.00E+00 4.39E+00  0.009252  0.464758 7.11E+02 0.00E+00 4.38E+00  0.009232  0.465108  0.0000000E+00  0.0000000E+00  1.0289506E-04  1.4167177E+00  4.8503556E-02  8.5286877E-06 -1.0532657E+00  2.4391314E-01  5.8819945E-01 0.000 0.828 1.000 1.000 1.000 1.000 1.000 1.000 1.000 1.000 1.000 1.000 1.000 1.000 1.000 1.000 1.000 1.000 1.000 1.000 1.000 1.000 1.000 1.000 1.000 1.000 1.000 1.000 1.000 1.000 1.000 1.000 1.000 1.000 1.000 1.000 1.000 1.000 1.000 1.000  4.9677409114E-02   0.02194   0.00000   0.00000   1.00000        0.00E+00
  6647  4.447121485668774E+06  38.360508  6.045469  4.336744  0.4455811E-01  0.9417925E+00  3.6945872E-10  1.0751378E-04  2.9659082E-05  9.0877621E-03  1.1041184E-04  1.4330531E-07  3.3554832E-10  1.9680704E-03  1.0039456E-05  0.8256    4.784306  -3.874  0.722177  7.748973  0.1545795E-01  0.9708942E+00  1.8953372E-12  1.1757459E-04  3.2512437E-05  9.0783293E-03  1.0428156E-04  1.2984962E-07  2.6643996E-10  1.9611254E-03  1.3411805E-05  1.726E-12  6.827E-19  1.523E+09  7.232E+10  3.624E-01  7.811E+04  0.00882109  6.255E-07  3.681E-06  1.000E+00  3.440E-06  3.469E-06  1.000E+00    1   38.3605  9.34E-03 1.7243E+00 2.5524E+00    7.12E+02 0.00E+00 4.15E+00  0.008738  0.464529 7.12E+02 0.00E+00 4.19E+00  0.008821  0.464777  0.0000000E+00  0.0000000E+00  9.6393404E-05  1.4025435E+00  4.8064241E-02  8.4595892E-06 -1.0495436E+00  2.4327970E-01  5.8567424E-01 0.000 0.829 1.000 1.000 1.000 1.000 1.000 1.000 1.000 1.000 1.000 1.000 1.000 1.000 1.000 1.000 1.000 1.000 1.000 1.000 1.000 1.000 1.000 1.000 1.000 1.000 1.000 1.000 1.000 1.000 1.000 1.000 1.000 1.000 1.000 1.000 1.000 1.000 1.000 1.000  4.9180251441E-02   0.02147   0.00000   0.00000   1.00000        0.00E+00
  6652  4.447965009365742E+06  38.248081  6.044210  4.337317  0.4398163E-01  0.9423690E+00  3.6204483E-10  1.0763440E-04  2.9693155E-05  9.0876813E-03  1.1030162E-04  1.4306687E-07  3.3391762E-10  1.9679352E-03  1.0092502E-05  0.8262    4.784869  -3.876  0.724377  7.749439  0.1517061E-01  0.9711816E+00  1.4845625E-12  1.1818973E-04  3.2641784E-05  9.0775435E-03  1.0420105E-04  1.2964804E-07  2.6489279E-10  1.9610537E-03  1.3468723E-05  1.039E-12  4.073E-19  1.220E+09  5.744E+10  2.904E-01  6.203E+04  0.00849408  6.058E-07  3.685E-06  1.000E+00  3.438E-06  3.466E-06  1.000E+00    1   38.2481  9.34E-03 1.7207E+00 2.5473E+00    7.13E+02 0.00E+00 4.00E+00  0.008410  0.464401 7.13E+02 0.00E+00 4.04E+00  0.008494  0.464540  0.0000000E+00  0.0000000E+00  2.7637004E-05  1.3907365E+00  4.7695539E-02  8.4064513E-06 -1.0462566E+00  2.4271339E-01  5.8345481E-01 0.000 0.829 1.000 1.000 1.000 1.000 1.000 1.000 1.000 1.000 1.000 1.000 1.000 1.000 1.000 1.000 1.000 1.000 1.000 1.000 1.000 1.000 1.000 1.000 1.000 1.000 1.000 1.000 1.000 1.000 1.000 1.000 1.000 1.000 1.000 1.000 1.000 1.000 1.000 1.000  4.8767074412E-02   0.02107   0.00000   0.00000   1.00000        0.00E+00
  6665  4.448824226526841E+06  38.133926  6.042869  4.337832  0.4336113E-01  0.9429895E+00  3.5414310E-10  1.0776533E-04  2.9730139E-05  9.0875931E-03  1.1018264E-04  1.4280999E-07  3.3217770E-10  1.9677896E-03  1.0150017E-05  0.8268    4.785329  -3.877  0.725931  7.749687  0.1487493E-01  0.9714777E+00  1.2091313E-12  1.2055561E-04  3.3333768E-05  9.0741133E-03  1.0411597E-04  1.2888387E-07  2.6175350E-10  1.9609798E-03  1.3537414E-05  1.163E-12  4.530E-19  1.014E+09  4.710E+10  2.414E-01  5.087E+04  0.00840986  6.024E-07  3.683E-06  1.000E+00  3.436E-06  3.464E-06  1.000E+00    1   38.1339  9.34E-03 1.7159E+00 2.5406E+00    7.13E+02 0.00E+00 4.04E+00  0.008497  0.464111 7.13E+02 0.00E+00 4.00E+00  0.008410  0.464216  0.0000000E+00  0.0000000E+00  3.8823946E-05  1.3802518E+00  4.7306097E-02  8.3326135E-06 -1.0423740E+00  2.4201106E-01  5.8090227E-01 0.000 0.829 1.000 1.000 1.000 1.000 1.000 1.000 1.000 1.000 1.000 1.000 1.000 1.000 1.000 1.000 1.000 1.000 1.000 1.000 1.000 1.000 1.000 1.000 1.000 1.000 1.000 1.000 1.000 1.000 1.000 1.000 1.000 1.000 1.000 1.000 1.000 1.000 1.000 1.000  4.8362696276E-02   0.02066   0.00000   0.00000   1.00000        0.00E+00
  6674  4.449664611530983E+06  38.022655  6.041628  4.338412  0.4278931E-01  0.9435613E+00  3.4694941E-10  1.0788702E-04  2.9764518E-05  9.0875105E-03  1.1007267E-04  1.4257305E-07  3.3058833E-10  1.9676554E-03  1.0203418E-05  0.8271    4.785930  -3.879  0.728272  7.750202  0.1458692E-01  0.9717656E+00  1.3232785E-12  1.2004021E-04  3.3213147E-05  9.0749166E-03  1.0403332E-04  1.2892002E-07  2.6236101E-10  1.9609078E-03  1.3599058E-05  1.297E-12  5.029E-19  1.137E+09  5.235E+10  2.706E-01  5.654E+04  0.00846920  6.094E-07  3.686E-06  1.000E+00  3.433E-06  3.461E-06  1.000E+00    1   38.0227  9.34E-03 1.7119E+00 2.5349E+00    7.14E+02 0.00E+00 3.96E+00  0.008313  0.463801 7.13E+02 0.00E+00 4.03E+00  0.008469  0.463990  0.0000000E+00  0.0000000E+00  5.2802053E-05  1.3683525E+00  4.6914128E-02  8.2734720E-06 -1.0392471E+00  2.4147856E-01  5.7877864E-01 0.000 0.829 1.000 1.000 1.000 1.000 1.000 1.000 1.000 1.000 1.000 1.000 1.000 1.000 1.000 1.000 1.000 1.000 1.000 1.000 1.000 1.000 1.000 1.000 1.000 1.000 1.000 1.000 1.000 1.000 1.000 1.000 1.000 1.000 1.000 1.000 1.000 1.000 1.000 1.000  4.7973235441E-02   0.02026   0.00000   0.00000   1.00000        0.00E+00
  6681  4.450472040260454E+06  37.916113  6.040399  4.339001  0.4225553E-01  0.9440951E+00  3.4032340E-10  1.0800166E-04  2.9796908E-05  9.0874322E-03  1.0996969E-04  1.4235165E-07  3.2911866E-10  1.9675300E-03  1.0253671E-05  0.8276    4.786527  -3.880  0.730605  7.750725  0.1431001E-01  0.9720425E+00  1.2856823E-12  1.1977479E-04  3.3129319E-05  9.0753864E-03  1.0395350E-04  1.2894008E-07  2.6229780E-10  1.9608387E-03  1.3656316E-05  1.437E-12  5.533E-19  1.131E+09  5.167E+10  2.693E-01  5.580E+04  0.00820051  5.940E-07  3.690E-06  1.000E+00  3.431E-06  3.459E-06  1.000E+00    1   37.9161  9.34E-03 1.7078E+00 2.5292E+00    7.15E+02 0.00E+00 3.86E+00  0.008101  0.463571 7.14E+02 0.00E+00 3.91E+00  0.008201  0.463742  0.0000000E+00  0.0000000E+00  5.1069320E-05  1.3568470E+00  4.6584704E-02  8.2231824E-06 -1.0363205E+00  2.4098417E-01  5.7678443E-01 0.000 0.829 1.000 1.000 1.000 1.000 1.000 1.000 1.000 1.000 1.000 1.000 1.000 1.000 1.000 1.000 1.000 1.000 1.000 1.000 1.000 1.000 1.000 1.000 1.000 1.000 1.000 1.000 1.000 1.000 1.000 1.000 1.000 1.000 1.000 1.000 1.000 1.000 1.000 1.000  4.7607890655E-02   0.01988   0.00000   0.00000   1.00000        0.00E+00
  6686  4.451279468989927E+06  37.809953  6.039173  4.339542  0.4178342E-01  0.9445673E+00  3.3454489E-10  1.0810393E-04  2.9825804E-05  9.0873619E-03  1.0987832E-04  1.4215566E-07  3.2783009E-10  1.9674190E-03  1.0298453E-05  0.8280    4.787010  -3.882  0.733010  7.751272  0.1403446E-01  0.9723179E+00  1.4150816E-12  1.1905464E-04  3.2936258E-05  9.0765035E-03  1.0387416E-04  1.2910735E-07  2.6297385E-10  1.9607698E-03  1.3710262E-05  1.437E-12  5.533E-19  1.274E+09  5.771E+10  3.032E-01  6.233E+04  0.00794813  5.795E-07  3.694E-06  1.000E+00  3.429E-06  3.456E-06  1.000E+00    1   37.8100  9.34E-03 1.7039E+00 2.5236E+00    7.15E+02 0.00E+00 3.83E+00  0.008032  0.463220 7.15E+02 0.00E+00 3.79E+00  0.007948  0.463520  0.0000000E+00  0.0000000E+00  7.0406991E-05  1.3453026E+00  4.6258236E-02  8.1742249E-06 -1.0334620E+00  2.4050429E-01  5.7482677E-01 0.000 0.829 1.000 1.000 1.000 1.000 1.000 1.000 1.000 1.000 1.000 1.000 1.000 1.000 1.000 1.000 1.000 1.000 1.000 1.000 1.000 1.000 1.000 1.000 1.000 1.000 1.000 1.000 1.000 1.000 1.000 1.000 1.000 1.000 1.000 1.000 1.000 1.000 1.000 1.000  4.7247574087E-02   0.01949   0.00000   0.00000   1.00000        0.00E+00
  6691  4.452086897719401E+06  37.704154  6.037928  4.340023  0.4129895E-01  0.9450517E+00  3.2869316E-10  1.0820975E-04  2.9855706E-05  9.0872887E-03  1.0978429E-04  1.4195438E-07  3.2651895E-10  1.9673051E-03  1.0344747E-05  0.8284    4.787398  -3.883  0.735326  7.751789  0.1375887E-01  0.9725935E+00  1.3591071E-12  1.1899496E-04  3.2910634E-05  9.0766708E-03  1.0379409E-04  1.2909264E-07  2.6265164E-10  1.9607008E-03  1.3765103E-05  8.698E-13  3.322E-19  1.256E+09  5.640E+10  2.989E-01  6.091E+04  0.00787212  5.764E-07  3.699E-06  1.000E+00  3.427E-06  3.454E-06  1.000E+00    1   37.7042  9.34E-03 1.7003E+00 2.5186E+00    7.16E+02 0.00E+00 3.77E+00  0.007907  0.463036 7.16E+02 0.00E+00 3.76E+00  0.007872  0.463278  0.0000000E+00  0.0000000E+00  6.8817463E-05  1.3340590E+00  4.5923319E-02  8.1286680E-06 -1.0305384E+00  2.4000785E-01  5.7283264E-01 0.000 0.830 1.000 1.000 1.000 1.000 1.000 1.000 1.000 1.000 1.000 1.000 1.000 1.000 1.000 1.000 1.000 1.000 1.000 1.000 1.000 1.000 1.000 1.000 1.000 1.000 1.000 1.000 1.000 1.000 1.000 1.000 1.000 1.000 1.000 1.000 1.000 1.000 1.000 1.000  4.6899708953E-02   0.01911   0.00000   0.00000   1.00000        0.00E+00
  6706  4.452910475023464E+06  37.596616  6.036633  4.340468  0.4083443E-01  0.9455163E+00  3.2317234E-10  1.0831221E-04  2.9884659E-05  9.0872173E-03  1.0969381E-04  1.4176120E-07  3.2527419E-10  1.9671957E-03  1.0389518E-05  0.8291    4.787683  -3.885  0.736966  7.752077  0.1347605E-01  0.9728768E+00  9.0871638E-13  1.2186420E-04  3.3700698E-05  9.0725476E-03  1.0370970E-04  1.2849609E-07  2.5800679E-10  1.9606299E-03  1.3831582E-05  9.745E-13  3.700E-19  8.588E+08  3.803E+10  2.044E-01  4.107E+04  0.00800834  5.871E-07  3.698E-06  1.000E+00  3.425E-06  3.451E-06  1.000E+00    1   37.5966  9.34E-03 1.6960E+00 2.5125E+00    7.15E+02 0.00E+00 3.80E+00  0.007960  0.462897 7.15E+02 0.00E+00 3.82E+00  0.008008  0.463014  0.0000000E+00  0.0000000E+00  2.8915763E-05  1.3241404E+00  4.5560916E-02  8.0628720E-06 -1.0270035E+00  2.3937120E-01  5.7049678E-01 0.000 0.831 1.000 1.000 1.000 1.000 1.000 1.000 1.000 1.000 1.000 1.000 1.000 1.000 1.000 1.000 1.000 1.000 1.000 1.000 1.000 1.000 1.000 1.000 1.000 1.000 1.000 1.000 1.000 1.000 1.000 1.000 1.000 1.000 1.000 1.000 1.000 1.000 1.000 1.000  4.6548293746E-02   0.01872   0.00000   0.00000   1.00000        0.00E+00
  6716  4.453724363182775E+06  37.490734  6.035407  4.340967  0.4040082E-01  0.9459499E+00  3.1809332E-10  1.0840868E-04  2.9911924E-05  9.0871497E-03  1.0960908E-04  1.4158072E-07  3.2412241E-10  1.9670936E-03  1.0431633E-05  0.8293    4.788084  -3.886  0.739412  7.752634  0.1319766E-01  0.9731551E+00  9.9549990E-13  1.2127154E-04  3.3560173E-05  9.0734627E-03  1.0362680E-04  1.2849519E-07  2.5892433E-10  1.9605602E-03  1.3892330E-05  1.090E-12  4.122E-19  9.651E+08  4.235E+10  2.297E-01  4.574E+04  0.00806542  5.930E-07  3.702E-06  1.000E+00  3.423E-06  3.449E-06  1.000E+00    1   37.4907  9.34E-03 1.6917E+00 2.5064E+00    7.16E+02 0.00E+00 3.79E+00  0.007954  0.462654 7.15E+02 0.00E+00 3.85E+00  0.008065  0.462819  0.0000000E+00  0.0000000E+00  4.0182894E-05  1.3127830E+00  4.5211736E-02  8.0105812E-06 -1.0241684E+00  2.3889386E-01  5.6855276E-01 0.000 0.831 1.000 1.000 1.000 1.000 1.000 1.000 1.000 1.000 1.000 1.000 1.000 1.000 1.000 1.000 1.000 1.000 1.000 1.000 1.000 1.000 1.000 1.000 1.000 1.000 1.000 1.000 1.000 1.000 1.000 1.000 1.000 1.000 1.000 1.000 1.000 1.000 1.000 1.000  4.6201063062E-02   0.01833   0.00000   0.00000   1.00000        0.00E+00
  6724  4.454597936473765E+06  37.377528  6.034076  4.341528  0.3996298E-01  0.9463877E+00  3.1305032E-10  1.0850705E-04  2.9939728E-05  9.0870803E-03  1.0952322E-04  1.4139831E-07  3.2297059E-10  1.9669904E-03  1.0474524E-05  0.8299    4.788551  -3.888  0.742150  7.753271  0.1289980E-01  0.9734529E+00  1.0793644E-12  1.2060118E-04  3.3378579E-05  9.0745180E-03  1.0353773E-04  1.2856825E-07  2.5955923E-10  1.9604855E-03  1.3954857E-05  1.211E-12  4.552E-19  1.077E+09  4.681E+10  2.563E-01  5.055E+04  0.00791330  5.851E-07  3.706E-06  1.000E+00  3.420E-06  3.446E-06  1.000E+00    1   37.3775  9.34E-03 1.6871E+00 2.4998E+00    7.16E+02 0.00E+00 3.79E+00  0.007931  0.462374 7.16E+02 0.00E+00 3.78E+00  0.007913  0.462608  0.0000000E+00  0.0000000E+00  5.5679991E-05  1.3004721E+00  4.4865601E-02  7.9580508E-06 -1.0212287E+00  2.3840492E-01  5.6652640E-01 0.000 0.831 1.000 1.000 1.000 1.000 1.000 1.000 1.000 1.000 1.000 1.000 1.000 1.000 1.000 1.000 1.000 1.000 1.000 1.000 1.000 1.000 1.000 1.000 1.000 1.000 1.000 1.000 1.000 1.000 1.000 1.000 1.000 1.000 1.000 1.000 1.000 1.000 1.000 1.000  4.5830576770E-02   0.01792   0.00000   0.00000   1.00000        0.00E+00
  6730  4.455395546869886E+06  37.274558  6.032854  4.342048  0.3956235E-01  0.9467884E+00  3.0850636E-10  1.0859797E-04  2.9965429E-05  9.0870157E-03  1.0944437E-04  1.4123123E-07  3.2192688E-10  1.9668959E-03  1.0514115E-05  0.8301    4.788996  -3.890  0.744641  7.753850  0.1262817E-01  0.9737244E+00  1.0438934E-12  1.2034981E-04  3.3297052E-05  9.0749706E-03  1.0345599E-04  1.2858110E-07  2.5943924E-10  1.9604174E-03  1.4011201E-05  1.211E-12  4.552E-19  1.069E+09  4.607E+10  2.545E-01  4.976E+04  0.00797443  5.915E-07  3.711E-06  1.000E+00  3.418E-06  3.444E-06  1.000E+00    1   37.2746  9.34E-03 1.6833E+00 2.4946E+00    7.16E+02 0.00E+00 3.74E+00  0.007837  0.462189 7.16E+02 0.00E+00 3.81E+00  0.007974  0.462400  0.0000000E+00  0.0000000E+00  5.4627749E-05  1.2893418E+00  4.4532645E-02  7.9132721E-06 -1.0185528E+00  2.3795946E-01  5.6468277E-01 0.000 0.832 1.000 1.000 1.000 1.000 1.000 1.000 1.000 1.000 1.000 1.000 1.000 1.000 1.000 1.000 1.000 1.000 1.000 1.000 1.000 1.000 1.000 1.000 1.000 1.000 1.000 1.000 1.000 1.000 1.000 1.000 1.000 1.000 1.000 1.000 1.000 1.000 1.000 1.000  4.5499905451E-02   0.01754   0.00000   0.00000   1.00000        0.00E+00
  6735  4.456272918305620E+06  37.161749  6.031509  4.342630  0.3913482E-01  0.9472159E+00  3.0372828E-10  1.0869610E-04  2.9993169E-05  9.0869454E-03  1.0935989E-04  1.4105273E-07  3.2082445E-10  1.9667950E-03  1.0556761E-05  0.8307    4.789483  -3.891  0.747444  7.754508  0.1233094E-01  0.9740215E+00  1.1377625E-12  1.1968767E-04  3.3120042E-05  9.0760117E-03  1.0336652E-04  1.2870601E-07  2.6001164E-10  1.9603429E-03  1.4071026E-05  1.327E-12  4.936E-19  1.201E+09  5.122E+10  2.858E-01  5.532E+04  0.00777827  5.807E-07  3.716E-06  1.000E+00  3.416E-06  3.441E-06  1.000E+00    1   37.1617  9.34E-03 1.6787E+00 2.4880E+00    7.16E+02 0.00E+00 3.82E+00  0.008004  0.461918 7.17E+02 0.00E+00 3.72E+00  0.007778  0.462182  0.0000000E+00  0.0000000E+00  7.7560320E-05  1.2770987E+00  4.4196161E-02  7.8661327E-06 -1.0156711E+00  2.3748307E-01  5.6268998E-01 0.000 0.832 1.000 1.000 1.000 1.000 1.000 1.000 1.000 1.000 1.000 1.000 1.000 1.000 1.000 1.000 1.000 1.000 1.000 1.000 1.000 1.000 1.000 1.000 1.000 1.000 1.000 1.000 1.000 1.000 1.000 1.000 1.000 1.000 1.000 1.000 1.000 1.000 1.000 1.000  4.5137039626E-02   0.01713   0.00000   0.00000   1.00000        0.00E+00
  6740  4.457203463767761E+06  37.042600  6.030073  4.343277  0.3874325E-01  0.9476075E+00  2.9942354E-10  1.0878705E-04  3.0018880E-05  9.0868798E-03  1.0928222E-04  1.4088902E-07  3.1982472E-10  1.9667025E-03  1.0596184E-05  0.8311    4.790056  -3.893  0.750356  7.755187  0.1201599E-01  0.9743365E+00  1.0813505E-12  1.1960806E-04  3.3087693E-05  9.0762232E-03  1.0327078E-04  1.2869207E-07  2.5961597E-10  1.9602638E-03  1.4135778E-05  1.327E-12  4.936E-19  1.176E+09  4.960E+10  2.800E-01  5.357E+04  0.00722397  5.472E-07  3.723E-06  1.000E+00  3.413E-06  3.438E-06  1.000E+00    1   37.0426  9.34E-03 1.6745E+00 2.4822E+00    7.18E+02 0.00E+00 3.67E+00  0.007661  0.461640 7.19E+02 0.00E+00 3.46E+00  0.007224  0.461961  0.0000000E+00  0.0000000E+00  7.3538237E-05  1.2643269E+00  4.3890267E-02  7.8235116E-06 -1.0125936E+00  2.3697168E-01  5.6056814E-01 0.000 0.832 1.000 1.000 1.000 1.000 1.000 1.000 1.000 1.000 1.000 1.000 1.000 1.000 1.000 1.000 1.000 1.000 1.000 1.000 1.000 1.000 1.000 1.000 1.000 1.000 1.000 1.000 1.000 1.000 1.000 1.000 1.000 1.000 1.000 1.000 1.000 1.000 1.000 1.000  4.4768096457E-02   0.01669   0.00000   0.00000   1.00000        0.00E+00
  6752  4.458026065956294E+06  36.937688  6.028762  4.343791  0.3830784E-01  0.9480429E+00  2.9467618E-10  1.0888962E-04  3.0047879E-05  9.0868049E-03  1.0919547E-04  1.4070666E-07  3.1872490E-10  1.9665996E-03  1.0640470E-05  0.8317    4.790433  -3.895  0.752244  7.755559  0.1173526E-01  0.9746178E+00  6.7318857E-13  1.2278230E-04  3.3939915E-05  9.0716804E-03  1.0318281E-04  1.2825035E-07  2.5387313E-10  1.9601931E-03  1.4203850E-05  8.877E-13  3.247E-19  7.529E+08  3.127E+10  1.792E-01  3.377E+04  0.00769547  5.800E-07  3.724E-06  1.000E+00  3.411E-06  3.435E-06  1.000E+00    1   36.9377  9.34E-03 1.6706E+00 2.4767E+00    7.18E+02 0.00E+00 3.68E+00  0.007684  0.461555 7.18E+02 0.00E+00 3.68E+00  0.007695  0.461685  0.0000000E+00  0.0000000E+00  3.0766688E-05  1.2544867E+00  4.3528172E-02  7.7659353E-06 -1.0093456E+00  2.3639453E-01  5.5840682E-01 0.000 0.833 1.000 1.000 1.000 1.000 1.000 1.000 1.000 1.000 1.000 1.000 1.000 1.000 1.000 1.000 1.000 1.000 1.000 1.000 1.000 1.000 1.000 1.000 1.000 1.000 1.000 1.000 1.000 1.000 1.000 1.000 1.000 1.000 1.000 1.000 1.000 1.000 1.000 1.000  4.4451239867E-02   0.01630   0.00000   0.00000   1.00000   0.4388489E-02
  6762  4.458838990472020E+06  36.834408  6.027529  4.344341  0.3793335E-01  0.9484174E+00  2.9063510E-10  1.0897935E-04  3.0073244E-05  9.0867387E-03  1.0912051E-04  1.4054943E-07  3.1778942E-10  1.9665110E-03  1.0678984E-05  0.8320    4.790910  -3.897  0.754768  7.756145  0.1145884E-01  0.9748942E+00  7.3667039E-13  1.2251310E-04  3.3909227E-05  9.0721035E-03  1.0309581E-04  1.2815361E-07  2.5474792E-10  1.9601236E-03  1.4269180E-05  9.875E-13  3.590E-19  8.481E+08  3.482E+10  2.018E-01  3.761E+04  0.00785628  5.932E-07  3.728E-06  1.000E+00  3.408E-06  3.433E-06  1.000E+00    1   36.8344  9.34E-03 1.6664E+00 2.4707E+00    7.18E+02 0.00E+00 3.70E+00  0.007727  0.461317 7.17E+02 0.00E+00 3.76E+00  0.007856  0.461500  0.0000000E+00  0.0000000E+00  4.3025760E-05  1.2436045E+00  4.3194787E-02  7.7176422E-06 -1.0066561E+00  2.3594452E-01  5.5655890E-01 0.000 0.834 1.000 1.000 1.000 1.000 1.000 1.000 1.000 1.000 1.000 1.000 1.000 1.000 1.000 1.000 1.000 1.000 1.000 1.000 1.000 1.000 1.000 1.000 1.000 1.000 1.000 1.000 1.000 1.000 1.000 1.000 1.000 1.000 1.000 1.000 1.000 1.000 1.000 1.000  4.4130382544E-02   0.01592   0.00000   0.00000   1.00000   0.4402548E-02
  6770  4.459714447642804E+06  36.723627  6.026201  4.344992  0.3753578E-01  0.9488150E+00  2.8636976E-10  1.0907636E-04  3.0100663E-05  9.0866661E-03  1.0904057E-04  1.4038203E-07  3.1680635E-10  1.9664168E-03  1.0720301E-05  0.8326    4.791513  -3.899  0.757771  7.756872  0.1116181E-01  0.9751911E+00  7.3924944E-13  1.2199953E-04  3.3764927E-05  9.0729402E-03  1.0300182E-04  1.2814190E-07  2.5511304E-10  1.9600490E-03  1.4336973E-05  9.875E-13  3.590E-19  8.796E+08  3.572E+10  2.094E-01  3.858E+04  0.00762396  5.804E-07  3.735E-06  1.000E+00  3.406E-06  3.430E-06  1.000E+00    1   36.7236  9.34E-03 1.6622E+00 2.4648E+00    7.19E+02 0.00E+00 3.59E+00  0.007481  0.461086 7.19E+02 0.00E+00 3.65E+00  0.007624  0.461300  0.0000000E+00  0.0000000E+00  4.1278925E-05  1.2314472E+00  4.2884168E-02  7.6771542E-06 -1.0039969E+00  2.3551459E-01  5.5470174E-01 0.000 0.834 1.000 1.000 1.000 1.000 1.000 1.000 1.000 1.000 1.000 1.000 1.000 1.000 1.000 1.000 1.000 1.000 1.000 1.000 1.000 1.000 1.000 1.000 1.000 1.000 1.000 1.000 1.000 1.000 1.000 1.000 1.000 1.000 1.000 1.000 1.000 1.000 1.000 1.000  4.3790314497E-02   0.01550   0.00000   0.00000   1.00000   0.4421190E-02
  6776  4.460589904813586E+06  36.613306  6.024857  4.345648  0.3712905E-01  0.9492218E+00  2.8201479E-10  1.0917775E-04  3.0129319E-05  9.0865890E-03  1.0895839E-04  1.4021013E-07  3.1581087E-10  1.9663204E-03  1.0763042E-05  0.8330    4.792171  -3.900  0.760826  7.757617  0.1086650E-01  0.9754863E+00  8.0209718E-13  1.2129881E-04  3.3576744E-05  9.0740422E-03  1.0290799E-04  1.2819734E-07  2.5584458E-10  1.9599747E-03  1.4402480E-05  1.085E-12  3.910E-19  9.858E+08  3.959E+10  2.346E-01  4.276E+04  0.00721313  5.563E-07  3.741E-06  1.000E+00  3.404E-06  3.428E-06  1.000E+00    1   36.6133  9.34E-03 1.6577E+00 2.4583E+00    7.19E+02 0.00E+00 3.66E+00  0.007644  0.460820 7.21E+02 0.00E+00 3.47E+00  0.007213  0.461085  0.0000000E+00  0.0000000E+00  5.8642975E-05  1.2193025E+00  4.2592977E-02  7.6373692E-06 -1.0013942E+00  2.3509755E-01  5.5287923E-01 0.000 0.834 1.000 1.000 1.000 1.000 1.000 1.000 1.000 1.000 1.000 1.000 1.000 1.000 1.000 1.000 1.000 1.000 1.000 1.000 1.000 1.000 1.000 1.000 1.000 1.000 1.000 1.000 1.000 1.000 1.000 1.000 1.000 1.000 1.000 1.000 1.000 1.000 1.000 1.000  4.3452759836E-02   0.01509   0.00000   0.00000   1.00000   0.4443816E-02
  6782  4.461401891339486E+06  36.511388  6.023613  4.346284  0.3673808E-01  0.9496127E+00  2.7783231E-10  1.0927753E-04  3.0157512E-05  9.0865118E-03  1.0887902E-04  1.4004415E-07  3.1486283E-10  1.9662276E-03  1.0804571E-05  0.8335    4.792793  -3.902  0.763594  7.758286  0.1059241E-01  0.9757605E+00  6.1946451E-13  1.2180886E-04  3.3671394E-05  9.0734231E-03  1.0281979E-04  1.2817034E-07  2.5354358E-10  1.9599056E-03  1.4465259E-05  6.535E-13  2.334E-19  7.869E+08  3.125E+10  1.873E-01  3.375E+04  0.00721537  5.593E-07  3.750E-06  1.000E+00  3.401E-06  3.425E-06  1.000E+00    1   36.5114  9.34E-03 1.6547E+00 2.4543E+00    7.22E+02 0.00E+00 3.43E+00  0.007125  0.460782 7.21E+02 0.00E+00 3.47E+00  0.007215  0.460872  0.0000000E+00  0.0000000E+00  1.6223309E-05  1.2082879E+00  4.2301942E-02  7.6079229E-06 -9.9893472E-01  2.3469901E-01  5.5116581E-01 0.000 0.835 1.000 1.000 1.000 1.000 1.000 1.000 1.000 1.000 1.000 1.000 1.000 1.000 1.000 1.000 1.000 1.000 1.000 1.000 1.000 1.000 1.000 1.000 1.000 1.000 1.000 1.000 1.000 1.000 1.000 1.000 1.000 1.000 1.000 1.000 1.000 1.000 1.000 1.000  4.3157883437E-02   0.01471   0.00000   0.00000   1.00000   0.4466074E-02
  6797  4.462201621464995E+06  36.411373  6.022333  4.346861  0.3635979E-01  0.9499910E+00  2.7377612E-10  1.0937653E-04  3.0185479E-05  9.0864338E-03  1.0880188E-04  1.3988273E-07  3.1395322E-10  1.9661378E-03  1.0845174E-05  0.8340    4.793306  -3.904  0.765637  7.758719  0.1032060E-01  0.9760327E+00  5.0208963E-13  1.2425198E-04  3.4380082E-05  9.0698886E-03  1.0272983E-04  1.2804585E-07  2.4993322E-10  1.9598370E-03  1.4537343E-05  7.303E-13  2.590E-19  6.565E+08  2.565E+10  1.562E-01  2.770E+04  0.00751855  5.819E-07  3.751E-06  1.000E+00  3.399E-06  3.423E-06  1.000E+00    1   36.4114  9.34E-03 1.6505E+00 2.4483E+00    7.20E+02 0.00E+00 3.64E+00  0.007584  0.460528 7.20E+02 0.00E+00 3.61E+00  0.007519  0.460611  0.0000000E+00  0.0000000E+00  2.4075464E-05  1.1987630E+00  4.1981734E-02  7.5556548E-06 -9.9601121E-01  2.3418718E-01  5.4920605E-01 0.000 0.836 1.000 1.000 1.000 1.000 1.000 1.000 1.000 1.000 1.000 1.000 1.000 1.000 1.000 1.000 1.000 1.000 1.000 1.000 1.000 1.000 1.000 1.000 1.000 1.000 1.000 1.000 1.000 1.000 1.000 1.000 1.000 1.000 1.000 1.000 1.000 1.000 1.000 1.000  4.2864279766E-02   0.01433   0.00000   0.00000   1.00000   0.4489688E-02
  6808  4.463089597673317E+06  36.300757  6.020994  4.347598  0.3591172E-01  0.9504391E+00  2.6894536E-10  1.0949703E-04  3.0219513E-05  9.0863371E-03  1.0871012E-04  1.3969041E-07  3.1288365E-10  1.9660313E-03  1.0893749E-05  0.8347    4.794090  -3.905  0.768861  7.759516  0.1002047E-01  0.9763327E+00  5.4110518E-13  1.2363469E-04  3.4230893E-05  9.0708564E-03  1.0263030E-04  1.2794277E-07  2.5102582E-10  1.9597614E-03  1.4612106E-05  8.127E-13  2.866E-19  7.341E+08  2.832E+10  1.747E-01  3.058E+04  0.00746819  5.821E-07  3.759E-06  1.000E+00  3.397E-06  3.420E-06  1.000E+00    1   36.3008  9.34E-03 1.6462E+00 2.4422E+00    7.21E+02 0.00E+00 3.62E+00  0.007524  0.460224 7.21E+02 0.00E+00 3.59E+00  0.007468  0.460395  0.0000000E+00  0.0000000E+00  3.3161217E-05  1.1865734E+00  4.1661302E-02  7.5128460E-06 -9.9349850E-01  2.3379049E-01  5.4743647E-01 0.000 0.836 1.000 1.000 1.000 1.000 1.000 1.000 1.000 1.000 1.000 1.000 1.000 1.000 1.000 1.000 1.000 1.000 1.000 1.000 1.000 1.000 1.000 1.000 1.000 1.000 1.000 1.000 1.000 1.000 1.000 1.000 1.000 1.000 1.000 1.000 1.000 1.000 1.000 1.000  4.2534423015E-02   0.01392   0.00000   0.00000   1.00000   0.4519646E-02
  6816  4.463990443102052E+06  36.189004  6.019624  4.348354  0.3545483E-01  0.9508960E+00  2.6399490E-10  1.0962392E-04  3.0255341E-05  9.0862329E-03  1.0861610E-04  1.3949287E-07  3.1180051E-10  1.9659226E-03  1.0943816E-05  0.8350    4.794900  -3.907  0.772261  7.760370  0.9717316E-02  0.9766358E+00  5.8223906E-13  1.2291724E-04  3.4036984E-05  9.0719906E-03  1.0252905E-04  1.2791349E-07  2.5183982E-10  1.9596850E-03  1.4685296E-05  8.971E-13  3.138E-19  8.211E+08  3.127E+10  1.954E-01  3.378E+04  0.00710308  5.612E-07  3.769E-06  1.000E+00  3.394E-06  3.417E-06  1.000E+00    1   36.1890  9.34E-03 1.6423E+00 2.4367E+00    7.23E+02 0.00E+00 3.52E+00  0.007307  0.459914 7.24E+02 0.00E+00 3.43E+00  0.007103  0.460149  0.0000000E+00  0.0000000E+00  4.4657838E-05  1.1740821E+00  4.1377450E-02  7.4817658E-06 -9.9106769E-01  2.3341519E-01  5.4570722E-01 0.000 0.837 1.000 1.000 1.000 1.000 1.000 1.000 1.000 1.000 1.000 1.000 1.000 1.000 1.000 1.000 1.000 1.000 1.000 1.000 1.000 1.000 1.000 1.000 1.000 1.000 1.000 1.000 1.000 1.000 1.000 1.000 1.000 1.000 1.000 1.000 1.000 1.000 1.000 1.000  4.2209351736E-02   0.01350   0.00000   0.00000   1.00000   0.4550541E-02
  6822  4.464797600606199E+06  36.089268  6.018369  4.348972  0.3507031E-01  0.9512806E+00  2.5981272E-10  1.0973431E-04  3.0286501E-05  9.0861402E-03  1.0853663E-04  1.3932534E-07  3.1089398E-10  1.9658311E-03  1.0986384E-05  0.8356    4.795518  -3.909  0.775295  7.761130  0.9446445E-02  0.9769066E+00  5.9882819E-13  1.2259570E-04  3.3946818E-05  9.0725426E-03  1.0243774E-04  1.2790056E-07  2.5189898E-10  1.9596167E-03  1.4750653E-05  9.745E-13  3.365E-19  8.731E+08  3.285E+10  2.078E-01  3.548E+04  0.00694980  5.499E-07  3.777E-06  1.000E+00  3.392E-06  3.415E-06  1.000E+00    1   36.0893  9.34E-03 1.6387E+00 2.4316E+00    7.23E+02 0.00E+00 3.55E+00  0.007361  0.459596 7.24E+02 0.00E+00 3.35E+00  0.006950  0.459927  0.0000000E+00  0.0000000E+00  6.2547990E-05  1.1630353E+00  4.1114737E-02  7.4533921E-06 -9.8888836E-01  2.3307776E-01  5.4415764E-01 0.000 0.836 1.000 1.000 1.000 1.000 1.000 1.000 1.000 1.000 1.000 1.000 1.000 1.000 1.000 1.000 1.000 1.000 1.000 1.000 1.000 1.000 1.000 1.000 1.000 1.000 1.000 1.000 1.000 1.000 1.000 1.000 1.000 1.000 1.000 1.000 1.000 1.000 1.000 1.000  4.1922132145E-02   0.01312   0.00000   0.00000   1.00000   0.4571990E-02
  6827  4.465680429126359E+06  35.980616  6.016997  4.349609  0.3458517E-01  0.9517657E+00  2.5449605E-10  1.0987822E-04  3.0327117E-05  9.0860169E-03  1.0843594E-04  1.3911231E-07  3.0975516E-10  1.9657155E-03  1.1040601E-05  0.8362    4.796084  -3.911  0.778721  7.761997  0.9152416E-02  0.9772005E+00  5.9184760E-13  1.2214041E-04  3.3815631E-05  9.0733022E-03  1.0233811E-04  1.2790112E-07  2.5208531E-10  1.9595425E-03  1.4820742E-05  9.745E-13  3.365E-19  8.997E+08  3.340E+10  2.141E-01  3.608E+04  0.00699089  5.563E-07  3.788E-06  1.000E+00  3.389E-06  3.412E-06  1.000E+00    1   35.9806  9.33E-03 1.6351E+00 2.4266E+00    7.25E+02 0.00E+00 3.49E+00  0.007218  0.459488 7.24E+02 0.00E+00 3.38E+00  0.006991  0.459645  0.0000000E+00  0.0000000E+00  6.0778722E-05  1.1509085E+00  4.0811704E-02  7.4250817E-06 -9.8658909E-01  2.3272803E-01  5.4250806E-01 0.000 0.838 1.000 1.000 1.000 1.000 1.000 1.000 1.000 1.000 1.000 1.000 1.000 1.000 1.000 1.000 1.000 1.000 1.000 1.000 1.000 1.000 1.000 1.000 1.000 1.000 1.000 1.000 1.000 1.000 1.000 1.000 1.000 1.000 1.000 1.000 1.000 1.000 1.000 1.000  4.1620397082E-02   0.01271   0.00000   0.00000   1.00000   0.4584695E-02
  6833  4.466492631364905E+06  35.881026  6.015768  4.350233  0.3408021E-01  0.9522707E+00  2.4892682E-10  1.1003295E-04  3.0370781E-05  9.0858816E-03  1.0833073E-04  1.3888881E-07  3.0857378E-10  1.9655952E-03  1.1097542E-05  0.8367    4.796807  -3.912  0.781766  7.762761  0.8881586E-02  0.9774716E+00  3.9093994E-13  1.2333343E-04  3.4078555E-05  9.0717099E-03  1.0224462E-04  1.2794139E-07  2.4781570E-10  1.9594741E-03  1.4889379E-05  5.755E-13  1.965E-19  6.167E+08  2.258E+10  1.468E-01  2.439E+04  0.00705143  5.651E-07  3.798E-06  1.000E+00  3.387E-06  3.409E-06  1.000E+00    1   35.8810  9.33E-03 1.6322E+00 2.4226E+00    7.25E+02 0.00E+00 3.39E+00  0.007004  0.459373 7.25E+02 0.00E+00 3.41E+00  0.007051  0.459394  0.0000000E+00  0.0000000E+00  1.7573936E-05  1.1400056E+00  4.0542017E-02  7.3985411E-06 -9.8441646E-01  2.3239268E-01  5.4096697E-01 0.000 0.839 1.000 1.000 1.000 1.000 1.000 1.000 1.000 1.000 1.000 1.000 1.000 1.000 1.000 1.000 1.000 1.000 1.000 1.000 1.000 1.000 1.000 1.000 1.000 1.000 1.000 1.000 1.000 1.000 1.000 1.000 1.000 1.000 1.000 1.000 1.000 1.000 1.000 1.000  4.1355611585E-02   0.01234   0.00000   0.00000   1.00000   0.4616713E-02
  6846  4.467287177033048E+06  35.783939  6.014510  4.350828  0.3364611E-01  0.9527048E+00  2.4412215E-10  1.1017147E-04  3.0409862E-05  9.0857577E-03  1.0823984E-04  1.3869474E-07  3.0756123E-10  1.9654916E-03  1.1147029E-05  0.8375    4.797324  -3.914  0.784175  7.763319  0.8613912E-02  0.9777396E+00  3.6054043E-13  1.2544954E-04  3.4724727E-05  9.0686286E-03  1.0214928E-04  1.2795666E-07  2.4541350E-10  1.9594064E-03  1.4967181E-05  6.407E-13  2.169E-19  5.889E+08  2.118E+10  1.402E-01  2.287E+04  0.00730994  5.868E-07  3.803E-06  1.000E+00  3.385E-06  3.407E-06  1.000E+00    1   35.7839  9.33E-03 1.6285E+00 2.4174E+00    7.25E+02 0.00E+00 3.52E+00  0.007289  0.458964 7.25E+02 0.00E+00 3.53E+00  0.007310  0.459113  0.0000000E+00  0.0000000E+00  2.5435967E-05  1.1304541E+00  4.0247790E-02  7.3540759E-06 -9.8186222E-01  2.3196126E-01  5.3922588E-01 0.000 0.840 1.000 1.000 1.000 1.000 1.000 1.000 1.000 1.000 1.000 1.000 1.000 1.000 1.000 1.000 1.000 1.000 1.000 1.000 1.000 1.000 1.000 1.000 1.000 1.000 1.000 1.000 1.000 1.000 1.000 1.000 1.000 1.000 1.000 1.000 1.000 1.000 1.000 1.000  4.1085354533E-02   0.01196   0.00000   0.00000   1.00000   0.4639689E-02
  6856  4.468177068181369E+06  35.675603  6.013160  4.351544  0.3311575E-01  0.9532352E+00  2.3821326E-10  1.1034674E-04  3.0459308E-05  9.0855977E-03  1.0812836E-04  1.3845557E-07  3.0632652E-10  1.9653650E-03  1.1208056E-05  0.8379    4.798114  -3.915  0.787824  7.764260  0.8315522E-02  0.9780379E+00  3.8420360E-13  1.2491484E-04  3.4601503E-05  9.0694784E-03  1.0204255E-04  1.2781596E-07  2.4648942E-10  1.9593311E-03  1.5049234E-05  7.075E-13  2.375E-19  6.558E+08  2.322E+10  1.561E-01  2.508E+04  0.00745161  6.003E-07  3.814E-06  1.000E+00  3.383E-06  3.404E-06  1.000E+00    1   35.6756  9.33E-03 1.6245E+00 2.4117E+00    7.26E+02 0.00E+00 3.57E+00  0.007381  0.458657 7.25E+02 0.00E+00 3.60E+00  0.007452  0.458837  0.0000000E+00  0.0000000E+00  3.5800007E-05  1.1182251E+00  3.9931692E-02  7.3202943E-06 -9.7972962E-01  2.3164937E-01  5.3767538E-01 0.000 0.839 1.000 1.000 1.000 1.000 1.000 1.000 1.000 1.000 1.000 1.000 1.000 1.000 1.000 1.000 1.000 1.000 1.000 1.000 1.000 1.000 1.000 1.000 1.000 1.000 1.000 1.000 1.000 1.000 1.000 1.000 1.000 1.000 1.000 1.000 1.000 1.000 1.000 1.000  4.0779062392E-02   0.01155   0.00000   0.00000   1.00000   0.4669300E-02
  6863  4.468986869126343E+06  35.577389  6.011892  4.352219  0.3262103E-01  0.9537300E+00  2.3268328E-10  1.1051605E-04  3.0507070E-05  9.0854403E-03  1.0802393E-04  1.3823054E-07  3.0517620E-10  1.9652468E-03  1.1265514E-05  0.8385    4.798839  -3.917  0.791261  7.765155  0.8045921E-02  0.9783074E+00  4.0455876E-13  1.2443727E-04  3.4473825E-05  9.0702581E-03  1.0194517E-04  1.2774804E-07  2.4695149E-10  1.9592630E-03  1.5121996E-05  7.709E-13  2.557E-19  7.197E+08  2.513E+10  1.713E-01  2.714E+04  0.00738072  5.988E-07  3.824E-06  1.000E+00  3.381E-06  3.402E-06  1.000E+00    1   35.5774  9.33E-03 1.6207E+00 2.4064E+00    7.25E+02 0.00E+00 3.76E+00  0.007786  0.458396 7.26E+02 0.00E+00 3.57E+00  0.007381  0.458550  0.0000000E+00  0.0000000E+00  5.2585122E-05  1.1070147E+00  3.9660915E-02  7.2920977E-06 -9.7788369E-01  2.3138783E-01  5.3631740E-01 0.000 0.840 1.000 1.000 1.000 1.000 1.000 1.000 1.000 1.000 1.000 1.000 1.000 1.000 1.000 1.000 1.000 1.000 1.000 1.000 1.000 1.000 1.000 1.000 1.000 1.000 1.000 1.000 1.000 1.000 1.000 1.000 1.000 1.000 1.000 1.000 1.000 1.000 1.000 1.000  4.0497690852E-02   0.01118   0.00000   0.00000   1.00000   0.4695213E-02
  6869  4.469858962451697E+06  35.472024  6.010545  4.352989  0.3207869E-01  0.9542723E+00  2.2660761E-10  1.1070848E-04  3.0561355E-05  9.0852582E-03  1.0790896E-04  1.3798165E-07  3.0391607E-10  1.9651172E-03  1.1329124E-05  0.8393    4.799686  -3.919  0.795055  7.766150  0.7756947E-02  0.9785964E+00  3.8256782E-13  1.2415203E-04  3.4384138E-05  9.0707798E-03  1.0183972E-04  1.2769721E-07  2.4670823E-10  1.9591900E-03  1.5199690E-05  7.709E-13  2.557E-19  7.127E+08  2.450E+10  1.696E-01  2.646E+04  0.00710621  5.836E-07  3.838E-06  1.000E+00  3.378E-06  3.399E-06  1.000E+00    1   35.4720  9.33E-03 1.6173E+00 2.4017E+00    7.28E+02 0.00E+00 3.33E+00  0.006869  0.458117 7.28E+02 0.00E+00 3.45E+00  0.007106  0.458247  0.0000000E+00  0.0000000E+00  4.5910453E-05  1.0949139E+00  3.9405378E-02  7.2720948E-06 -9.7597567E-01  2.3112482E-01  5.3490032E-01 0.000 0.840 1.000 1.000 1.000 1.000 1.000 1.000 1.000 1.000 1.000 1.000 1.000 1.000 1.000 1.000 1.000 1.000 1.000 1.000 1.000 1.000 1.000 1.000 1.000 1.000 1.000 1.000 1.000 1.000 1.000 1.000 1.000 1.000 1.000 1.000 1.000 1.000 1.000 1.000  4.0211437220E-02   0.01077   0.00000   0.00000   1.00000   0.4727540E-02
  6874  4.470672916222028E+06  35.374058  6.009317  4.353721  0.3163323E-01  0.9547178E+00  2.2161542E-10  1.1087252E-04  3.0607632E-05  9.0851002E-03  1.0781409E-04  1.3777539E-07  3.0288135E-10  1.9650107E-03  1.1381918E-05  0.8398    4.800561  -3.920  0.798610  7.767085  0.7489125E-02  0.9788641E+00  3.8275291E-13  1.2396038E-04  3.4333361E-05  9.0711446E-03  1.0174082E-04  1.2766334E-07  2.4662600E-10  1.9591223E-03  1.5272542E-05  7.747E-13  2.525E-19  7.451E+08  2.522E+10  1.773E-01  2.724E+04  0.00743961  6.111E-07  3.850E-06  1.000E+00  3.376E-06  3.397E-06  1.000E+00    1   35.3741  9.33E-03 1.6140E+00 2.3970E+00    7.29E+02 0.00E+00 3.42E+00  0.007040  0.457672 7.28E+02 0.00E+00 3.61E+00  0.007440  0.458034  0.0000000E+00  0.0000000E+00  5.5987257E-05  1.0837052E+00  3.9110859E-02  7.2484125E-06 -9.7421733E-01  2.3088475E-01  5.3359282E-01 0.000 0.841 1.000 1.000 1.000 1.000 1.000 1.000 1.000 1.000 1.000 1.000 1.000 1.000 1.000 1.000 1.000 1.000 1.000 1.000 1.000 1.000 1.000 1.000 1.000 1.000 1.000 1.000 1.000 1.000 1.000 1.000 1.000 1.000 1.000 1.000 1.000 1.000 1.000 1.000  3.9945613790E-02   0.01040   0.00000   0.00000   1.00000   0.4764812E-02
  6879  4.471545009547384E+06  35.269477  6.007924  4.354502  0.3106029E-01  0.9552908E+00  2.1517218E-10  1.1109024E-04  3.0669055E-05  9.0848875E-03  1.0769157E-04  1.3750814E-07  3.0155042E-10  1.9648735E-03  1.1450452E-05  0.8405    4.801437  -3.922  0.802471  7.768102  0.7203190E-02  0.9791501E+00  3.5420188E-13  1.2404472E-04  3.4350687E-05  9.0711213E-03  1.0163372E-04  1.2763877E-07  2.4584255E-10  1.9590501E-03  1.5352080E-05  7.747E-13  2.525E-19  7.236E+08  2.408E+10  1.722E-01  2.601E+04  0.00704145  5.854E-07  3.863E-06  1.000E+00  3.374E-06  3.394E-06  1.000E+00    1   35.2695  9.33E-03 1.6105E+00 2.3921E+00    7.29E+02 0.00E+00 3.61E+00  0.007427  0.457512 7.30E+02 0.00E+00 3.43E+00  0.007041  0.457653  0.0000000E+00  0.0000000E+00  5.8648461E-05  1.0717522E+00  3.8873111E-02  7.2271561E-06 -9.7237558E-01  2.3063672E-01  5.3221395E-01 0.000 0.842 1.000 1.000 1.000 1.000 1.000 1.000 1.000 1.000 1.000 1.000 1.000 1.000 1.000 1.000 1.000 1.000 1.000 1.000 1.000 1.000 1.000 1.000 1.000 1.000 1.000 1.000 1.000 1.000 1.000 1.000 1.000 1.000 1.000 1.000 1.000 1.000 1.000 1.000  3.9663394344E-02   0.01001   0.00000   0.00000   1.00000   0.4799398E-02
  6890  4.472364777273218E+06  35.171515  6.006645  4.355275  0.3050125E-01  0.9558499E+00  2.0888581E-10  1.1130977E-04  3.0730997E-05  9.0846700E-03  1.0757146E-04  1.3724544E-07  3.0025141E-10  1.9647396E-03  1.1518004E-05  0.8416    4.802367  -3.923  0.805652  7.768912  0.6931451E-02  0.9794225E+00  1.9667005E-13  1.2747648E-04  3.5240102E-05  9.0662527E-03  1.0152834E-04  1.2824379E-07  2.3690708E-10  1.9589813E-03  1.5438829E-05  4.529E-13  1.457E-19  4.205E+08  1.370E+10  1.001E-01  1.480E+04  0.00708818  5.942E-07  3.873E-06  1.000E+00  3.372E-06  3.391E-06  1.000E+00    1   35.1715  9.33E-03 1.6070E+00 2.3873E+00    7.31E+02 0.00E+00 3.50E+00  0.007169  0.457211 7.31E+02 0.00E+00 3.46E+00  0.007088  0.457327  0.0000000E+00  0.0000000E+00  1.6828561E-05  1.0613444E+00  3.8606575E-02  7.1955333E-06 -9.7032363E-01  2.3032683E-01  5.3075141E-01 0.000 0.843 1.000 1.000 1.000 1.000 1.000 1.000 1.000 1.000 1.000 1.000 1.000 1.000 1.000 1.000 1.000 1.000 1.000 1.000 1.000 1.000 1.000 1.000 1.000 1.000 1.000 1.000 1.000 1.000 1.000 1.000 1.000 1.000 1.000 1.000 1.000 1.000 1.000 1.000  3.9400352777E-02   0.00963   0.00000   0.00000   1.00000   0.4849900E-02
  6902  4.473252219441103E+06  35.065845  6.005276  4.356098  0.2992473E-01  0.9564264E+00  2.0241323E-10  1.1154310E-04  3.0796839E-05  9.0844360E-03  1.0744704E-04  1.3697277E-07  2.9891113E-10  1.9646015E-03  1.1588361E-05  0.8421    4.803369  -3.925  0.809612  7.769959  0.6636713E-02  0.9797172E+00  2.2314719E-13  1.2753419E-04  3.5336509E-05  9.0661830E-03  1.0141200E-04  1.2808626E-07  2.3890014E-10  1.9589069E-03  1.5533890E-05  5.494E-13  1.730E-19  5.030E+08  1.605E+10  1.197E-01  1.734E+04  0.00707784  5.979E-07  3.887E-06  1.000E+00  3.369E-06  3.389E-06  1.000E+00    1   35.0658  9.33E-03 1.6033E+00 2.3820E+00    7.32E+02 0.00E+00 3.56E+00  0.007305  0.456828 7.33E+02 0.00E+00 3.46E+00  0.007078  0.457008  0.0000000E+00  0.0000000E+00  3.3363302E-05  1.0493912E+00  3.8323642E-02  7.1684103E-06 -9.6848759E-01  2.3008102E-01  5.2937641E-01 0.000 0.843 1.000 1.000 1.000 1.000 1.000 1.000 1.000 1.000 1.000 1.000 1.000 1.000 1.000 1.000 1.000 1.000 1.000 1.000 1.000 1.000 1.000 1.000 1.000 1.000 1.000 1.000 1.000 1.000 1.000 1.000 1.000 1.000 1.000 1.000 1.000 1.000 1.000 1.000  3.9112613370E-02   0.00922   0.00000   0.00000   1.00000   0.4896352E-02
  6910  4.474072684841597E+06  34.968515  6.004015  4.356962  0.2938635E-01  0.9569648E+00  1.9638238E-10  1.1176864E-04  3.0860496E-05  9.0842069E-03  1.0733021E-04  1.3671640E-07  2.9765866E-10  1.9644723E-03  1.1654860E-05  0.8428    4.804417  -3.927  0.813755  7.771088  0.6366745E-02  0.9799871E+00  2.1649269E-13  1.2712223E-04  3.5223659E-05  9.0668796E-03  1.0130416E-04  1.2793274E-07  2.3919613E-10  1.9588387E-03  1.5618268E-05  5.494E-13  1.730E-19  5.142E+08  1.612E+10  1.224E-01  1.741E+04  0.00738243  6.256E-07  3.902E-06  1.000E+00  3.367E-06  3.386E-06  1.000E+00    1   34.9685  9.33E-03 1.5997E+00 2.3770E+00    7.33E+02 0.00E+00 3.57E+00  0.007297  0.456488 7.33E+02 0.00E+00 3.61E+00  0.007382  0.456703  0.0000000E+00  0.0000000E+00  3.3056089E-05  1.0376866E+00  3.8032524E-02  7.1447467E-06 -9.6715665E-01  2.2994113E-01  5.2830632E-01 0.000 0.844 1.000 1.000 1.000 1.000 1.000 1.000 1.000 1.000 1.000 1.000 1.000 1.000 1.000 1.000 1.000 1.000 1.000 1.000 1.000 1.000 1.000 1.000 1.000 1.000 1.000 1.000 1.000 1.000 1.000 1.000 1.000 1.000 1.000 1.000 1.000 1.000 1.000 1.000  3.8848050608E-02   0.00884   0.00000   0.00000   1.00000   0.4943758E-02
  6916  4.474893150242093E+06  34.871541  6.002733  4.357822  0.2890779E-01  0.9574434E+00  1.9104599E-10  1.1197468E-04  3.0918660E-05  9.0839954E-03  1.0722585E-04  1.3648739E-07  2.9654457E-10  1.9643574E-03  1.1714583E-05  0.8435    4.805489  -3.928  0.818017  7.772256  0.6099844E-02  0.9802539E+00  2.2835669E-13  1.2650168E-04  3.5060435E-05  9.0678736E-03  1.0119642E-04  1.2777765E-07  2.4012660E-10  1.9587714E-03  1.5700194E-05  5.910E-13  1.832E-19  5.724E+08  1.763E+10  1.362E-01  1.904E+04  0.00740227  6.322E-07  3.917E-06  1.000E+00  3.365E-06  3.384E-06  1.000E+00    1   34.8715  9.33E-03 1.5960E+00 2.3718E+00    7.34E+02 0.00E+00 3.59E+00  0.007331  0.456135 7.34E+02 0.00E+00 3.62E+00  0.007402  0.456406  0.0000000E+00  0.0000000E+00  4.6123523E-05  1.0259317E+00  3.7767102E-02  7.1263017E-06 -9.6591845E-01  2.2982366E-01  5.2728656E-01 0.000 0.845 1.000 1.000 1.000 1.000 1.000 1.000 1.000 1.000 1.000 1.000 1.000 1.000 1.000 1.000 1.000 1.000 1.000 1.000 1.000 1.000 1.000 1.000 1.000 1.000 1.000 1.000 1.000 1.000 1.000 1.000 1.000 1.000 1.000 1.000 1.000 1.000 1.000 1.000  3.8581335317E-02   0.00847   0.00000   0.00000   1.00000   0.4992500E-02
  6922  4.475783355201631E+06  34.766721  6.001340  4.358794  0.2833522E-01  0.9580160E+00  1.8467532E-10  1.1222837E-04  3.0990290E-05  9.0837324E-03  1.0710031E-04  1.3621217E-07  2.9521054E-10  1.9642199E-03  1.1786869E-05  0.8445    4.806739  -3.930  0.822675  7.773535  0.5811353E-02  0.9805424E+00  2.1652729E-13  1.2646558E-04  3.5045321E-05  9.0680357E-03  1.0107785E-04  1.2773755E-07  2.3948629E-10  1.9586986E-03  1.5790847E-05  5.843E-13  1.771E-19  5.746E+08  1.733E+10  1.368E-01  1.871E+04  0.00700987  6.066E-07  3.934E-06  1.000E+00  3.363E-06  3.381E-06  1.000E+00    1   34.7667  9.33E-03 1.5919E+00 2.3659E+00    7.36E+02 0.00E+00 3.62E+00  0.007386  0.455712 7.36E+02 0.00E+00 3.44E+00  0.007010  0.456078  0.0000000E+00  0.0000000E+00  5.5286616E-05  1.0132629E+00  3.7520489E-02  7.1099462E-06 -9.6461370E-01  2.2970524E-01  5.2620282E-01 0.000 0.845 1.000 1.000 1.000 1.000 1.000 1.000 1.000 1.000 1.000 1.000 1.000 1.000 1.000 1.000 1.000 1.000 1.000 1.000 1.000 1.000 1.000 1.000 1.000 1.000 1.000 1.000 1.000 1.000 1.000 1.000 1.000 1.000 1.000 1.000 1.000 1.000 1.000 1.000  3.8291388195E-02   0.00807   0.00000   0.00000   1.00000   0.5054085E-02
  6927  4.476644843872151E+06  34.665673  5.999975  4.359728  0.2770947E-01  0.9586418E+00  1.7774527E-10  1.1251291E-04  3.1070645E-05  9.0834349E-03  1.0696235E-04  1.3591045E-07  2.9375134E-10  1.9640695E-03  1.1866771E-05  0.8455    4.807917  -3.931  0.827334  7.774824  0.5534976E-02  0.9808188E+00  2.0108066E-13  1.2643400E-04  3.5033778E-05  9.0681860E-03  1.0096248E-04  1.2770245E-07  2.3891767E-10  1.9586290E-03  1.5878866E-05  5.843E-13  1.771E-19  5.692E+08  1.680E+10  1.355E-01  1.815E+04  0.00708607  6.199E-07  3.953E-06  1.000E+00  3.360E-06  3.378E-06  1.000E+00    1   34.6657  9.33E-03 1.5883E+00 2.3609E+00    7.38E+02 0.00E+00 3.38E+00  0.006876  0.455495 7.38E+02 0.00E+00 3.49E+00  0.007086  0.455695  0.0000000E+00  0.0000000E+00  5.0993238E-05  1.0009462E+00  3.7246539E-02  7.0951503E-06 -9.6345881E-01  2.2961638E-01  5.2521009E-01 0.000 0.846 1.000 1.000 1.000 1.000 1.000 1.000 1.000 1.000 1.000 1.000 1.000 1.000 1.000 1.000 1.000 1.000 1.000 1.000 1.000 1.000 1.000 1.000 1.000 1.000 1.000 1.000 1.000 1.000 1.000 1.000 1.000 1.000 1.000 1.000 1.000 1.000 1.000 1.000  3.8023736398E-02   0.00769   0.00000   0.00000   1.00000   0.5107969E-02
  6933  4.477437413449029E+06  34.573043  5.998738  4.360524  0.2715809E-01  0.9591933E+00  1.7168046E-10  1.1277057E-04  3.1143428E-05  9.0831632E-03  1.0684002E-04  1.3564395E-07  2.9246424E-10  1.9639368E-03  1.1938086E-05  0.8464    4.808967  -3.933  0.831630  7.776025  0.5280579E-02  0.9810734E+00  1.2455529E-13  1.2791829E-04  3.5373929E-05  9.0661841E-03  1.0085352E-04  1.2814888E-07  2.3250832E-10  1.9585648E-03  1.5965221E-05  3.346E-13  9.988E-20  3.738E+08  1.080E+10  8.895E-02  1.167E+04  0.00731309  6.426E-07  3.970E-06  1.000E+00  3.358E-06  3.376E-06  1.000E+00    1   34.5730  9.33E-03 1.5851E+00 2.3563E+00    7.39E+02 0.00E+00 3.61E+00  0.007331  0.455370 7.39E+02 0.00E+00 3.60E+00  0.007313  0.455371  0.0000000E+00  0.0000000E+00  1.6184107E-05  9.8968365E-01  3.6982860E-02  7.0774913E-06 -9.6243268E-01  2.2954295E-01  5.2431941E-01 0.000 0.847 1.000 1.000 1.000 1.000 1.000 1.000 1.000 1.000 1.000 1.000 1.000 1.000 1.000 1.000 1.000 1.000 1.000 1.000 1.000 1.000 1.000 1.000 1.000 1.000 1.000 1.000 1.000 1.000 1.000 1.000 1.000 1.000 1.000 1.000 1.000 1.000 1.000 1.000  3.7779252929E-02   0.00733   0.00000   0.00000   1.00000   0.5158358E-02
  6946  4.478212753252495E+06  34.482715  5.997478  4.361342  0.2666091E-01  0.9596905E+00  1.6625252E-10  1.1300761E-04  3.1210400E-05  9.0829118E-03  1.0672916E-04  1.3540343E-07  2.9130269E-10  1.9638171E-03  1.2003050E-05  0.8474    4.809910  -3.934  0.835435  7.777057  0.5026498E-02  0.9813280E+00  1.1233534E-13  1.3047719E-04  3.6148453E-05  9.0624634E-03  1.0074000E-04  1.2886687E-07  2.2953642E-10  1.9585009E-03  1.6064117E-05  3.676E-13  1.082E-19  3.573E+08  1.005E+10  8.503E-02  1.086E+04  0.00755489  6.657E-07  3.983E-06  1.000E+00  3.356E-06  3.374E-06  1.000E+00    1   34.4827  9.33E-03 1.5814E+00 2.3511E+00    7.39E+02 0.00E+00 3.67E+00  0.007443  0.454861 7.39E+02 0.00E+00 3.72E+00  0.007555  0.455016  0.0000000E+00  0.0000000E+00  2.2844155E-05  9.7942058E-01  3.6716415E-02  7.0516018E-06 -9.6112169E-01  2.2939579E-01  5.2328453E-01 0.000 0.848 1.000 1.000 1.000 1.000 1.000 1.000 1.000 1.000 1.000 1.000 1.000 1.000 1.000 1.000 1.000 1.000 1.000 1.000 1.000 1.000 1.000 1.000 1.000 1.000 1.000 1.000 1.000 1.000 1.000 1.000 1.000 1.000 1.000 1.000 1.000 1.000 1.000 1.000  3.7532787942E-02   0.00698   0.00000   0.00000   1.00000   0.5206957E-02
  6955  4.478979822764725E+06  34.393685  5.996223  4.362129  0.2643214E-01  0.9599193E+00  1.6379990E-10  1.1311856E-04  3.1241752E-05  9.0827936E-03  1.0667791E-04  1.3529273E-07  2.9076778E-10  1.9637620E-03  1.2033216E-05  0.8482    4.810796  -3.936  0.840142  7.778389  0.4776364E-02  0.9815781E+00  1.1539461E-13  1.3016612E-04  3.6096016E-05  9.0629814E-03  1.0062714E-04  1.2864376E-07  2.3086676E-10  1.9584381E-03  1.6156447E-05  3.938E-13  1.136E-19  3.911E+08  1.076E+10  9.308E-02  1.162E+04  0.00686263  6.109E-07  4.002E-06  1.000E+00  3.354E-06  3.371E-06  1.000E+00    1   34.3937  9.33E-03 1.5778E+00 2.3460E+00    7.41E+02 0.00E+00 3.45E+00  0.006986  0.454628 7.41E+02 0.00E+00 3.39E+00  0.006863  0.454783  0.0000000E+00  0.0000000E+00  2.9730893E-05  9.6802158E-01  3.6529814E-02  7.0488828E-06 -9.6051142E-01  2.2941264E-01  5.2262643E-01 0.000 0.849 1.000 1.000 1.000 1.000 1.000 1.000 1.000 1.000 1.000 1.000 1.000 1.000 1.000 1.000 1.000 1.000 1.000 1.000 1.000 1.000 1.000 1.000 1.000 1.000 1.000 1.000 1.000 1.000 1.000 1.000 1.000 1.000 1.000 1.000 1.000 1.000 1.000 1.000  3.7270147415E-02   0.00663   0.00000   0.00000   1.00000   0.5232645E-02
  6962  4.479729524665358E+06  34.307061  5.995014  4.363051  0.2633164E-01  0.9600198E+00  1.6275713E-10  1.1316786E-04  3.1255683E-05  9.0827409E-03  1.0665533E-04  1.3524411E-07  2.9053268E-10  1.9637378E-03  1.2046551E-05  0.8491    4.811658  -3.938  0.845013  7.779781  0.4533361E-02  0.9818210E+00  1.1362124E-13  1.2994799E-04  3.6037794E-05  9.0633961E-03  1.0051568E-04  1.2851782E-07  2.3083301E-10  1.9583772E-03  1.6245338E-05  4.122E-13  1.150E-19  4.112E+08  1.107E+10  9.786E-02  1.195E+04  0.00570333  5.021E-07  4.024E-06  1.000E+00  3.352E-06  3.369E-06  1.000E+00    1   34.3071  9.33E-03 1.5750E+00 2.3421E+00    7.38E+02 0.00E+00 2.90E+00  0.005895  0.454414 7.37E+02 0.00E+00 2.80E+00  0.005703  0.454433  0.0000000E+00  0.0000000E+00  3.5049446E-05  9.5662747E-01  3.6469059E-02  7.0722838E-06 -9.6012003E-01  2.2947775E-01  5.2209337E-01 0.000 0.850 1.000 1.000 1.000 1.000 1.000 1.000 1.000 1.000 1.000 1.000 1.000 1.000 1.000 1.000 1.000 1.000 1.000 1.000 1.000 1.000 1.000 1.000 1.000 1.000 1.000 1.000 1.000 1.000 1.000 1.000 1.000 1.000 1.000 1.000 1.000 1.000 1.000 1.000  3.7070408727E-02   0.00630   0.00000   0.00000   1.00000   0.5251091E-02
  6967  4.480438702138931E+06  34.225380  5.993933  4.363829  0.2560593E-01  0.9607455E+00  1.5492573E-10  1.1352698E-04  3.1357183E-05  9.0823560E-03  1.0649180E-04  1.3489314E-07  2.8883411E-10  1.9635629E-03  1.2143349E-05  0.8500    4.812961  -3.939  0.849823  7.781168  0.4307009E-02  0.9820473E+00  1.0757912E-13  1.2960699E-04  3.5941952E-05  9.0639894E-03  1.0041044E-04  1.2836123E-07  2.3098723E-10  1.9583206E-03  1.6327409E-05  4.122E-13  1.150E-19  4.153E+08  1.094E+10  9.883E-02  1.181E+04  0.00534609  4.746E-07  4.047E-06  1.000E+00  3.350E-06  3.367E-06  1.000E+00    1   34.2254  9.33E-03 1.5724E+00 2.3386E+00    7.39E+02 0.00E+00 2.66E+00  0.005395  0.454050 7.39E+02 0.00E+00 2.63E+00  0.005346  0.454247  0.0000000E+00  0.0000000E+00  3.1875241E-05  9.4562359E-01  3.6345654E-02  7.0906257E-06 -9.5991939E-01  2.2958316E-01  5.2169450E-01 0.000 0.852 1.000 1.000 1.000 1.000 1.000 1.000 1.000 1.000 1.000 1.000 1.000 1.000 1.000 1.000 1.000 1.000 1.000 1.000 1.000 1.000 1.000 1.000 1.000 1.000 1.000 1.000 1.000 1.000 1.000 1.000 1.000 1.000 1.000 1.000 1.000 1.000 1.000 1.000  3.6907196817E-02   0.00598   0.00000   0.00000   1.00000   0.5319588E-02
  6972  4.481176246711448E+06  34.140722  5.992740  4.364686  0.2531693E-01  0.9610346E+00  1.5187037E-10  1.1367284E-04  3.1398418E-05  9.0821989E-03  1.0642629E-04  1.3475357E-07  2.8815693E-10  1.9634931E-03  1.2182357E-05  0.8507    4.814020  -3.941  0.854912  7.782639  0.4073137E-02  0.9822812E+00  1.0067899E-13  1.2969907E-04  3.5965013E-05  9.0639543E-03  1.0029937E-04  1.2836401E-07  2.3018762E-10  1.9582623E-03  1.6414635E-05  3.909E-13  1.041E-19  4.167E+08  1.071E+10  9.918E-02  1.157E+04  0.00530850  4.752E-07  4.070E-06  1.000E+00  3.348E-06  3.365E-06  1.000E+00    1   34.1407  9.33E-03 1.5697E+00 2.3348E+00    7.40E+02 0.00E+00 2.61E+00  0.005283  0.453773 7.40E+02 0.00E+00 2.62E+00  0.005308  0.453996  0.0000000E+00  0.0000000E+00  3.7153552E-05  9.3422026E-01  3.6189331E-02  7.1063634E-06 -9.5977129E-01  2.2970601E-01  5.2130260E-01 0.000 0.853 1.000 1.000 1.000 1.000 1.000 1.000 1.000 1.000 1.000 1.000 1.000 1.000 1.000 1.000 1.000 1.000 1.000 1.000 1.000 1.000 1.000 1.000 1.000 1.000 1.000 1.000 1.000 1.000 1.000 1.000 1.000 1.000 1.000 1.000 1.000 1.000 1.000 1.000  3.6744512022E-02   0.00566   0.00000   0.00000   1.00000   0.5356584E-02
  6976  4.481857057086077E+06  34.062867  5.991624  4.365506  0.2511208E-01  0.9612394E+00  1.4972752E-10  1.1377702E-04  3.1427872E-05  9.0820865E-03  1.0637973E-04  1.3465472E-07  2.8767670E-10  1.9634437E-03  1.2210142E-05  0.8517    4.814939  -3.942  0.859808  7.784061  0.3860276E-02  0.9824941E+00  9.2494776E-14  1.2973276E-04  3.5973556E-05  9.0639958E-03  1.0019656E-04  1.2835031E-07  2.2960372E-10  1.9582094E-03  1.6495061E-05  3.909E-13  1.041E-19  4.095E+08  1.029E+10  9.746E-02  1.111E+04  0.00643021  5.858E-07  4.094E-06  1.000E+00  3.346E-06  3.362E-06  1.000E+00    1   34.0629  9.33E-03 1.5672E+00 2.3313E+00    7.45E+02 0.00E+00 3.26E+00  0.006571  0.453502 7.44E+02 0.00E+00 3.19E+00  0.006430  0.453756  0.0000000E+00  0.0000000E+00  4.5660401E-05  9.2355403E-01  3.5905946E-02  7.1037782E-06 -9.5978037E-01  2.2985446E-01  5.2101582E-01 0.000 0.853 1.000 1.000 1.000 1.000 1.000 1.000 1.000 1.000 1.000 1.000 1.000 1.000 1.000 1.000 1.000 1.000 1.000 1.000 1.000 1.000 1.000 1.000 1.000 1.000 1.000 1.000 1.000 1.000 1.000 1.000 1.000 1.000 1.000 1.000 1.000 1.000 1.000 1.000  3.6582484177E-02   0.00536   0.00000   0.00000   1.00000   0.5380466E-02
  6980  4.482537867460705E+06  33.985250  5.990551  4.366336  0.2447374E-01  0.9618778E+00  1.4297118E-10  1.1410537E-04  3.1520715E-05  9.0817312E-03  1.0623407E-04  1.3434723E-07  2.8617913E-10  1.9632895E-03  1.2297371E-05  0.8527    4.816149  -3.944  0.864883  7.785545  0.3648614E-02  0.9827058E+00  8.2094997E-14  1.3007877E-04  3.6065240E-05  9.0635850E-03  1.0009196E-04  1.2845362E-07  2.2821815E-10  1.9581571E-03  1.6577801E-05  3.909E-13  1.041E-19  3.900E+08  9.555E+09  9.282E-02  1.032E+04  0.00687634  6.378E-07  4.119E-06  1.000E+00  3.344E-06  3.360E-06  1.000E+00    1   33.9852  9.33E-03 1.5647E+00 2.3278E+00    7.47E+02 0.00E+00 3.28E+00  0.006586  0.453288 7.48E+02 0.00E+00 3.43E+00  0.006876  0.453491  0.0000000E+00  0.0000000E+00  4.5415679E-05  9.1273406E-01  3.5669536E-02  7.1011943E-06 -9.5993312E-01  2.3003886E-01  5.2081446E-01 0.000 0.854 1.000 1.000 1.000 1.000 1.000 1.000 1.000 1.000 1.000 1.000 1.000 1.000 1.000 1.000 1.000 1.000 1.000 1.000 1.000 1.000 1.000 1.000 1.000 1.000 1.000 1.000 1.000 1.000 1.000 1.000 1.000 1.000 1.000 1.000 1.000 1.000 1.000 1.000  3.6397021975E-02   0.00507   0.00000   0.00000   1.00000   0.5433201E-02
  6984  4.483320799391530E+06  33.896311  5.989283  4.367432  0.2429512E-01  0.9620565E+00  1.4113353E-10  1.1419811E-04  3.1546941E-05  9.0816307E-03  1.0619317E-04  1.3426133E-07  2.8575982E-10  1.9632464E-03  1.2321935E-05  0.8539    4.817484  -3.945  0.870988  7.787341  0.3410054E-02  0.9829444E+00  7.7161274E-14  1.3015392E-04  3.6095027E-05  9.0635701E-03  9.9971984E-05  1.2845759E-07  2.2785125E-10  1.9580986E-03  1.6672208E-05  3.547E-13  8.881E-20  3.990E+08  9.492E+09  9.496E-02  1.025E+04  0.00598234  5.519E-07  4.149E-06  1.000E+00  3.342E-06  3.358E-06  1.000E+00    1   33.8963  9.33E-03 1.5618E+00 2.3238E+00    7.47E+02 0.00E+00 3.14E+00  0.006301  0.452915 7.46E+02 0.00E+00 2.97E+00  0.005982  0.453193  0.0000000E+00  0.0000000E+00  5.1757650E-05  9.0008721E-01  3.5568790E-02  7.1320220E-06 -9.6030893E-01  2.3029950E-01  5.2068484E-01 0.000 0.856 1.000 1.000 1.000 1.000 1.000 1.000 1.000 1.000 1.000 1.000 1.000 1.000 1.000 1.000 1.000 1.000 1.000 1.000 1.000 1.000 1.000 1.000 1.000 1.000 1.000 1.000 1.000 1.000 1.000 1.000 1.000 1.000 1.000 1.000 1.000 1.000 1.000 1.000  3.6189309827E-02   0.00474   0.00000   0.00000   1.00000   0.5484578E-02
  6987  4.483933528728697E+06  33.826992  5.988337  4.368302  0.2389623E-01  0.9624554E+00  1.3697588E-10  1.1440671E-04  3.1605935E-05  9.0814041E-03  1.0610161E-04  1.3406976E-07  2.8482292E-10  1.9631500E-03  1.2377063E-05  0.8547    4.818635  -3.947  0.876005  7.788826  0.3225115E-02  0.9831294E+00  6.8796649E-14  1.3041983E-04  3.6165994E-05  9.0632668E-03  9.9876789E-05  1.2854472E-07  2.2671790E-10  1.9580536E-03  1.6747613E-05  3.547E-13  8.881E-20  3.815E+08  8.856E+09  9.079E-02  9.565E+03  0.00606148  5.645E-07  4.174E-06  1.000E+00  3.340E-06  3.356E-06  1.000E+00    8   32.7486  9.33E-03 1.5596E+00 2.3206E+00    7.47E+02 0.00E+00 2.69E+00  0.005406  0.452743 7.48E+02 0.00E+00 3.02E+00  0.006061  0.452957  0.0000000E+00  0.0000000E+00  4.4211052E-05  8.8998552E-01  3.5422594E-02  7.1527160E-06 -9.6078844E-01  2.3054844E-01  5.2068453E-01 0.000 0.856 1.000 1.000 1.000 1.000 1.000 1.000 1.000 1.000 1.000 1.000 1.000 1.000 1.000 1.000 1.000 1.000 1.000 1.000 1.000 1.000 1.000 1.000 1.000 1.000 1.000 1.000 1.000 1.000 1.000 1.000 1.000 1.000 1.000 1.000 1.000 1.000 1.000 1.000  3.6049858967E-02   0.00448   0.00000   0.00000   1.00000   0.5532275E-02
  6990  4.484546258065864E+06  33.757823  5.987329  4.369036  0.2323442E-01  0.9631173E+00  1.3011359E-10  1.1475948E-04  3.1705729E-05  9.0810193E-03  1.0594854E-04  1.3375341E-07  2.8326611E-10  1.9629899E-03  1.2469812E-05  0.8558    4.819821  -3.948  0.881216  7.790375  0.3041494E-02  0.9833131E+00  6.0768609E-14  1.3083170E-04  3.6278341E-05  9.0627499E-03  9.9780065E-05  1.2869766E-07  2.2529549E-10  1.9580093E-03  1.6824824E-05  3.547E-13  8.881E-20  3.626E+08  8.202E+09  8.630E-02  8.858E+03  0.00715441  6.852E-07  4.201E-06  1.000E+00  3.339E-06  3.354E-06  1.000E+00    1   33.7578  9.33E-03 1.5573E+00 2.3175E+00    7.52E+02 0.00E+00 3.29E+00  0.006567  0.452433 7.54E+02 0.00E+00 3.60E+00  0.007154  0.452691  0.0000000E+00  0.0000000E+00  5.3102146E-05  8.7973490E-01  3.5141624E-02  7.1443715E-06 -9.6141110E-01  2.3083254E-01  5.2076102E-01 0.000 0.857 1.000 1.000 1.000 1.000 1.000 1.000 1.000 1.000 1.000 1.000 1.000 1.000 1.000 1.000 1.000 1.000 1.000 1.000 1.000 1.000 1.000 1.000 1.000 1.000 1.000 1.000 1.000 1.000 1.000 1.000 1.000 1.000 1.000 1.000 1.000 1.000 1.000 1.000  3.5893820015E-02   0.00423   0.00000   0.00000   1.00000   0.5581982E-02
  6997  4.485118138780554E+06  33.693385  5.986424  4.369976  0.2280059E-01  0.9635511E+00  1.2566789E-10  1.1499349E-04  3.1771935E-05  9.0807635E-03  1.0584771E-04  1.3354679E-07  2.8224454E-10  1.9628849E-03  1.2531165E-05  0.8569    4.821159  -3.949  0.886079  7.791825  0.2862911E-02  0.9834924E+00  3.1240800E-14  1.3460009E-04  3.7229724E-05  9.0574158E-03  9.9680655E-05  1.3081038E-07  2.1160899E-10  1.9579669E-03  1.6912953E-05  1.902E-13  4.605E-20  2.007E+08  4.406E+09  4.776E-02  4.759E+03  0.00696817  6.723E-07  4.226E-06  1.000E+00  3.338E-06  3.353E-06  1.000E+00    1   33.6934  9.33E-03 1.5552E+00 2.3146E+00    7.55E+02 0.00E+00 3.48E+00  0.006910  0.452226 7.56E+02 0.00E+00 3.51E+00  0.006968  0.452274  0.0000000E+00  0.0000000E+00  1.6618035E-05  8.7024573E-01  3.5005378E-02  7.1578209E-06 -9.6200182E-01  2.3109940E-01  5.2084893E-01 0.000 0.858 1.000 1.000 1.000 1.000 1.000 1.000 1.000 1.000 1.000 1.000 1.000 1.000 1.000 1.000 1.000 1.000 1.000 1.000 1.000 1.000 1.000 1.000 1.000 1.000 1.000 1.000 1.000 1.000 1.000 1.000 1.000 1.000 1.000 1.000 1.000 1.000 1.000 1.000  3.5734901533E-02   0.00398   0.00000   0.00000   1.00000   0.5655165E-02
  7004  4.485620576837031E+06  33.636872  5.985637  4.370735  0.2235166E-01  0.9640001E+00  1.2110950E-10  1.1523923E-04  3.1841476E-05  9.0804940E-03  1.0574269E-04  1.3333405E-07  2.8118595E-10  1.9627762E-03  1.2595398E-05  0.8577    4.822399  -3.949  0.890624  7.793188  0.2704452E-02  0.9836511E+00  3.1653556E-14  1.3590580E-04  3.7676046E-05  9.0554905E-03  9.9589876E-05  1.3141686E-07  2.1244691E-10  1.9579299E-03  1.6992892E-05  1.992E-13  4.660E-20  2.179E+08  4.652E+09  5.186E-02  5.024E+03  0.00718149  7.005E-07  4.250E-06  1.000E+00  3.336E-06  3.351E-06  1.000E+00    1   33.6369  9.33E-03 1.5534E+00 2.3120E+00    7.57E+02 0.00E+00 3.69E+00  0.007309  0.451914 7.58E+02 0.00E+00 3.63E+00  0.007181  0.451988  0.0000000E+00  0.0000000E+00  2.4463705E-05  8.6163529E-01  3.4845585E-02  7.1628131E-06 -9.6272140E-01  2.3138172E-01  5.2103546E-01 0.000 0.860 1.000 1.000 1.000 1.000 1.000 1.000 1.000 1.000 1.000 1.000 1.000 1.000 1.000 1.000 1.000 1.000 1.000 1.000 1.000 1.000 1.000 1.000 1.000 1.000 1.000 1.000 1.000 1.000 1.000 1.000 1.000 1.000 1.000 1.000 1.000 1.000 1.000 1.000  3.5597470348E-02   0.00376   0.00000   0.00000   1.00000   0.5722511E-02
  7010  4.486135269480251E+06  33.579138  5.984808  4.371609  0.2226589E-01  0.9640859E+00  1.2027315E-10  1.1528661E-04  3.1854885E-05  9.0804420E-03  1.0572255E-04  1.3329356E-07  2.8098352E-10  1.9627554E-03  1.2607762E-05  0.8587    4.823480  -3.951  0.895933  7.794800  0.2544171E-02  0.9838114E+00  2.7999465E-14  1.3634873E-04  3.7822664E-05  9.0548976E-03  9.9496420E-05  1.3161611E-07  2.1178293E-10  1.9578930E-03  1.7072057E-05  1.992E-13  4.660E-20  2.080E+08  4.321E+09  4.951E-02  4.667E+03  0.00640122  6.211E-07  4.279E-06  1.000E+00  3.335E-06  3.349E-06  1.000E+00    1   33.5791  9.33E-03 1.5514E+00 2.3093E+00    7.57E+02 0.00E+00 3.29E+00  0.006511  0.451772 7.56E+02 0.00E+00 3.23E+00  0.006401  0.451761  0.0000000E+00  0.0000000E+00  2.1705762E-05  8.5209430E-01  3.4801712E-02  7.1991734E-06 -9.6392996E-01  2.3178291E-01  5.2146873E-01 0.000 0.860 1.000 1.000 1.000 1.000 1.000 1.000 1.000 1.000 1.000 1.000 1.000 1.000 1.000 1.000 1.000 1.000 1.000 1.000 1.000 1.000 1.000 1.000 1.000 1.000 1.000 1.000 1.000 1.000 1.000 1.000 1.000 1.000 1.000 1.000 1.000 1.000 1.000 1.000  3.5460865024E-02   0.00353   0.00000   0.00000   1.00000   0.5756274E-02
  7015  4.486701431387792E+06  33.515776  5.983923  4.372506  0.2172172E-01  0.9646301E+00  1.1484181E-10  1.1559025E-04  3.1940834E-05  9.0801078E-03  1.0559411E-04  1.3303777E-07  2.7969778E-10  1.9626235E-03  1.2686885E-05  0.8597    4.824985  -3.952  0.902206  7.796719  0.2372334E-02  0.9839832E+00  2.8018380E-14  1.3610051E-04  3.7782390E-05  9.0553196E-03  9.9394592E-05  1.3141884E-07  2.1325257E-10  1.9578543E-03  1.7154803E-05  1.996E-13  4.453E-20  2.274E+08  4.582E+09  5.411E-02  4.949E+03  0.00762663  7.518E-07  4.314E-06  1.000E+00  3.333E-06  3.348E-06  1.000E+00    1   33.5158  9.33E-03 1.5493E+00 2.3063E+00    7.61E+02 0.00E+00 3.75E+00  0.007395  0.451428 7.60E+02 0.00E+00 3.86E+00  0.007627  0.451632  0.0000000E+00  0.0000000E+00  3.4186493E-05  8.4113046E-01  3.4527826E-02  7.2099800E-06 -9.6559492E-01  2.3230803E-01  5.2213189E-01 0.000 0.862 1.000 1.000 1.000 1.000 1.000 1.000 1.000 1.000 1.000 1.000 1.000 1.000 1.000 1.000 1.000 1.000 1.000 1.000 1.000 1.000 1.000 1.000 1.000 1.000 1.000 1.000 1.000 1.000 1.000 1.000 1.000 1.000 1.000 1.000 1.000 1.000 1.000 1.000  3.5314876967E-02   0.00330   0.00000   0.00000   1.00000   0.5822873E-02
  7019  4.487181811188131E+06  33.462154  5.983159  4.373371  0.2167826E-01  0.9646736E+00  1.1444394E-10  1.1561478E-04  3.1947777E-05  9.0800808E-03  1.0558379E-04  1.3301745E-07  2.7959497E-10  1.9626129E-03  1.2693267E-05  0.8608    4.826185  -3.953  0.907808  7.798440  0.2228165E-02  0.9841274E+00  2.4596248E-14  1.3630894E-04  3.7833582E-05  9.0550980E-03  9.9306950E-05  1.3156499E-07  2.1188752E-10  1.9578227E-03  1.7225599E-05  1.996E-13  4.453E-20  2.161E+08  4.237E+09  5.142E-02  4.576E+03  0.00688079  6.875E-07  4.345E-06  1.000E+00  3.332E-06  3.346E-06  1.000E+00    1   33.4622  9.33E-03 1.5475E+00 2.3038E+00    7.64E+02 0.00E+00 3.59E+00  0.007053  0.451304 7.63E+02 0.00E+00 3.50E+00  0.006881  0.451473  0.0000000E+00  0.0000000E+00  3.2345622E-05  8.3160107E-01  3.4468665E-02  7.2512755E-06 -9.6721240E-01  2.3280284E-01  5.2279939E-01 0.000 0.863 1.000 1.000 1.000 1.000 1.000 1.000 1.000 1.000 1.000 1.000 1.000 1.000 1.000 1.000 1.000 1.000 1.000 1.000 1.000 1.000 1.000 1.000 1.000 1.000 1.000 1.000 1.000 1.000 1.000 1.000 1.000 1.000 1.000 1.000 1.000 1.000 1.000 1.000  3.5179774610E-02   0.00310   0.00000   0.00000   1.00000   0.5864191E-02
  7023  4.487758266948537E+06  33.397959  5.982271  4.374403  0.2131385E-01  0.9650380E+00  1.1087458E-10  1.1582148E-04  3.2006301E-05  9.0798526E-03  1.0549708E-04  1.3284756E-07  2.7873232E-10  1.9625245E-03  1.2747026E-05  0.8619    4.827823  -3.954  0.914858  7.800614  0.2059511E-02  0.9842961E+00  2.3944835E-14  1.3622233E-04  3.7825354E-05  9.0552991E-03  9.9202509E-05  1.3152332E-07  2.1243043E-10  1.9577867E-03  1.7308354E-05  1.851E-13  3.839E-20  2.323E+08  4.403E+09  5.529E-02  4.755E+03  0.00690600  6.987E-07  4.386E-06  1.000E+00  3.330E-06  3.345E-06  1.000E+00    1   33.3980  9.33E-03 1.5454E+00 2.3008E+00    7.66E+02 0.00E+00 3.67E+00  0.007184  0.451017 7.65E+02 0.00E+00 3.52E+00  0.006906  0.451267  0.0000000E+00  0.0000000E+00  4.5767568E-05  8.1987923E-01  3.4308136E-02  7.2836130E-06 -9.6941112E-01  2.3346105E-01  5.2374004E-01 0.000 0.863 1.000 1.000 1.000 1.000 1.000 1.000 1.000 1.000 1.000 1.000 1.000 1.000 1.000 1.000 1.000 1.000 1.000 1.000 1.000 1.000 1.000 1.000 1.000 1.000 1.000 1.000 1.000 1.000 1.000 1.000 1.000 1.000 1.000 1.000 1.000 1.000 1.000 1.000  3.5020162286E-02   0.00286   0.00000   0.00000   1.00000   0.5930832E-02
  7026  4.488262665738893E+06  33.341935  5.981506  4.375377  0.2091816E-01  0.9654337E+00  1.0703136E-10  1.1604798E-04  3.2070437E-05  9.0796023E-03  1.0540247E-04  1.3266403E-07  2.7779451E-10  1.9624284E-03  1.2805891E-05  0.8629    4.829373  -3.955  0.921358  7.802627  0.1915769E-02  0.9844398E+00  2.0923007E-14  1.3627938E-04  3.7838256E-05  9.0552985E-03  9.9111390E-05  1.3158723E-07  2.1164566E-10  1.9577571E-03  1.7379903E-05  1.851E-13  3.839E-20  2.224E+08  4.086E+09  5.294E-02  4.413E+03  0.00727315  7.450E-07  4.424E-06  1.000E+00  3.329E-06  3.343E-06  1.000E+00    1   33.3419  9.33E-03 1.5435E+00 2.2981E+00    7.67E+02 0.00E+00 3.90E+00  0.007639  0.450841 7.68E+02 0.00E+00 3.72E+00  0.007273  0.451053  0.0000000E+00  0.0000000E+00  4.8482009E-05  8.0934231E-01  3.4134460E-02  7.3130027E-06 -9.7159006E-01  2.3410008E-01  5.2469893E-01 0.000 0.865 1.000 1.000 1.000 1.000 1.000 1.000 1.000 1.000 1.000 1.000 1.000 1.000 1.000 1.000 1.000 1.000 1.000 1.000 1.000 1.000 1.000 1.000 1.000 1.000 1.000 1.000 1.000 1.000 1.000 1.000 1.000 1.000 1.000 1.000 1.000 1.000 1.000 1.000  3.4883075975E-02   0.00266   0.00000   0.00000   1.00000   0.5996390E-02
  7029  4.488767064529249E+06  33.286038  5.980713  4.376418  0.2062189E-01  0.9657300E+00  1.0420038E-10  1.1621936E-04  3.2118975E-05  9.0794126E-03  1.0533123E-04  1.3252752E-07  2.7709134E-10  1.9623564E-03  1.2850410E-05  0.8639    4.830950  -3.956  0.928188  7.804750  0.1773767E-02  0.9845819E+00  1.7820327E-14  1.3666940E-04  3.7938252E-05  9.0548168E-03  9.9018693E-05  1.3189432E-07  2.0979313E-10  1.9577291E-03  1.7453020E-05  1.851E-13  3.839E-20  2.088E+08  3.708E+09  4.969E-02  4.005E+03  0.00746025  7.701E-07  4.464E-06  1.000E+00  3.328E-06  3.341E-06  1.000E+00    1   33.2860  9.33E-03 1.5416E+00 2.2955E+00    7.72E+02 0.00E+00 3.64E+00  0.007084  0.450615 7.70E+02 0.00E+00 3.83E+00  0.007460  0.450869  0.0000000E+00  0.0000000E+00  4.4497107E-05  7.9853760E-01  3.3983232E-02  7.3528865E-06 -9.7402197E-01  2.3480099E-01  5.2579151E-01 0.000 0.866 1.000 1.000 1.000 1.000 1.000 1.000 1.000 1.000 1.000 1.000 1.000 1.000 1.000 1.000 1.000 1.000 1.000 1.000 1.000 1.000 1.000 1.000 1.000 1.000 1.000 1.000 1.000 1.000 1.000 1.000 1.000 1.000 1.000 1.000 1.000 1.000 1.000 1.000  3.4746142468E-02   0.00246   0.00000   0.00000   1.00000   0.6059449E-02
  7032  4.489305089905628E+06  33.226579  5.979836  4.377500  0.2062082E-01  0.9657311E+00  1.0423153E-10  1.1621998E-04  3.2119151E-05  9.0794119E-03  1.0533097E-04  1.3252702E-07  2.7708880E-10  1.9623562E-03  1.2850571E-05  0.8653    4.832512  -3.957  0.935901  7.807155  0.1625568E-02  0.9847302E+00  1.5750615E-14  1.3705174E-04  3.8047929E-05  9.0543394E-03  9.8919323E-05  1.3220489E-07  2.0860749E-10  1.9577015E-03  1.7531124E-05  1.436E-13  2.675E-20  2.060E+08  3.521E+09  4.904E-02  3.803E+03  0.00666947  6.946E-07  4.510E-06  1.000E+00  3.326E-06  3.340E-06  1.000E+00    1   33.2266  9.33E-03 1.5395E+00 2.2926E+00    7.73E+02 0.00E+00 3.59E+00  0.006967  0.450466 7.72E+02 0.00E+00 3.43E+00  0.006669  0.450756  0.0000000E+00  0.0000000E+00  5.2127798E-05  7.8668155E-01  3.3924630E-02  7.4130385E-06 -9.7693690E-01  2.3562627E-01  5.2711989E-01 0.000 0.866 1.000 1.000 1.000 1.000 1.000 1.000 1.000 1.000 1.000 1.000 1.000 1.000 1.000 1.000 1.000 1.000 1.000 1.000 1.000 1.000 1.000 1.000 1.000 1.000 1.000 1.000 1.000 1.000 1.000 1.000 1.000 1.000 1.000 1.000 1.000 1.000 1.000 1.000  3.4601984350E-02   0.00226   0.00000   0.00000   1.00000   0.6105609E-02
  7034  4.489708608937913E+06  33.182094  5.979264  4.378364  0.2026572E-01  0.9660862E+00  1.0086629E-10  1.1642771E-04  3.2177993E-05  9.0791816E-03  1.0524503E-04  1.3236466E-07  2.7624461E-10  1.9622698E-03  1.2904520E-05  0.8660    4.833905  -3.958  0.942007  7.809067  0.1517827E-02  0.9848380E+00  1.4018438E-14  1.3726276E-04  3.8109455E-05  9.0540915E-03  9.8845465E-05  1.3238976E-07  2.0788613E-10  1.9576825E-03  1.7588751E-05  1.436E-13  2.675E-20  1.999E+08  3.316E+09  4.757E-02  3.581E+03  0.00662197  6.959E-07  4.548E-06  1.000E+00  3.325E-06  3.339E-06  1.000E+00    1   33.1821  9.33E-03 1.5380E+00 2.2905E+00    7.75E+02 0.00E+00 3.58E+00  0.006923  0.450270 7.73E+02 0.00E+00 3.41E+00  0.006622  0.450607  0.0000000E+00  0.0000000E+00  5.1538923E-05  7.7750342E-01  3.3830259E-02  7.4550382E-06 -9.7938030E-01  2.3630977E-01  5.2825830E-01 0.000 0.867 1.000 1.000 1.000 1.000 1.000 1.000 1.000 1.000 1.000 1.000 1.000 1.000 1.000 1.000 1.000 1.000 1.000 1.000 1.000 1.000 1.000 1.000 1.000 1.000 1.000 1.000 1.000 1.000 1.000 1.000 1.000 1.000 1.000 1.000 1.000 1.000 1.000 1.000  3.4500789269E-02   0.00211   0.00000   0.00000   1.00000   0.6162381E-02
  7036  4.490112127970197E+06  33.137674  5.978644  4.379248  0.1989416E-01  0.9664578E+00  9.7377564E-11  1.1664646E-04  3.2239962E-05  9.0789388E-03  1.0515478E-04  1.3219557E-07  2.7536042E-10  1.9621794E-03  1.2961334E-05  0.8669    4.835320  -3.958  0.948413  7.811079  0.1411660E-02  0.9849442E+00  1.2099780E-14  1.3764074E-04  3.8211770E-05  9.0536056E-03  9.8770734E-05  1.3271548E-07  2.0642133E-10  1.9576650E-03  1.7647210E-05  1.436E-13  2.675E-20  1.890E+08  3.037E+09  4.499E-02  3.280E+03  0.00729177  7.794E-07  4.588E-06  1.000E+00  3.324E-06  3.337E-06  1.000E+00    1   33.1377  9.33E-03 1.5365E+00 2.2883E+00    7.77E+02 0.00E+00 3.53E+00  0.006816  0.450103 7.78E+02 0.00E+00 3.78E+00  0.007292  0.450460  0.0000000E+00  0.0000000E+00  5.0470013E-05  7.6807826E-01  3.3659614E-02  7.4913715E-06 -9.8205623E-01  2.3705018E-01  5.2951891E-01 0.000 0.868 1.000 1.000 1.000 1.000 1.000 1.000 1.000 1.000 1.000 1.000 1.000 1.000 1.000 1.000 1.000 1.000 1.000 1.000 1.000 1.000 1.000 1.000 1.000 1.000 1.000 1.000 1.000 1.000 1.000 1.000 1.000 1.000 1.000 1.000 1.000 1.000 1.000 1.000  3.4401336372E-02   0.00196   0.00000   0.00000   1.00000   0.6216667E-02
  7037  4.490313887486340E+06  33.115487  5.978419  4.385935  0.1974807E-01  0.9666039E+00  9.6021587E-11  1.1673299E-04  3.2264477E-05  9.0788427E-03  1.0511916E-04  1.3212939E-07  2.7501241E-10  1.9621439E-03  1.2983811E-05  0.8677    4.839888  -3.959  0.952089  7.812270  0.1358966E-02  0.9849969E+00  1.1183079E-14  1.3788069E-04  3.8276555E-05  9.0532890E-03  9.8732799E-05  1.3292739E-07  2.0551731E-10  1.9576569E-03  1.7676923E-05  1.436E-13  2.675E-20  1.837E+08  2.908E+09  4.371E-02  3.141E+03  0.00755450  8.293E-07  4.612E-06  1.000E+00  3.324E-06  3.337E-06  1.000E+00    1   33.1155  9.33E-03 1.5360E+00 2.2877E+00    7.79E+02 0.00E+00 3.76E+00  0.007241  0.450113 7.84E+02 0.00E+00 3.95E+00  0.007555  0.450475  0.0000000E+00  0.0000000E+00  5.3377985E-05  7.6254173E-01  3.3570211E-02  7.5096733E-06 -9.8388454E-01  2.3756683E-01  5.3060069E-01 0.000 0.869 1.000 1.000 1.000 1.000 1.000 1.000 1.000 1.000 1.000 1.000 1.000 1.000 1.000 1.000 1.000 1.000 1.000 1.000 1.000 1.000 1.000 1.000 1.000 1.000 1.000 1.000 1.000 1.000 1.000 1.000 1.000 1.000 1.000 1.000 1.000 1.000 1.000 1.000  3.4347958387E-02   0.00189   0.00000   0.00000   1.00000   0.6771561E-02
  7039  4.490717406518624E+06  33.071145  5.977837  4.386691  0.1963235E-01  0.9667197E+00  9.4967872E-11  1.1680155E-04  3.2283902E-05  9.0787665E-03  1.0509094E-04  1.3207700E-07  2.7473676E-10  1.9621157E-03  1.3001621E-05  0.8683    4.841244  -3.959  0.958720  7.814356  0.1255252E-02  0.9851008E+00  9.5002587E-15  1.3841725E-04  3.8422825E-05  9.0525719E-03  9.8656637E-05  1.3340523E-07  2.0364239E-10  1.9576420E-03  1.7736606E-05  1.436E-13  2.675E-20  1.721E+08  2.626E+09  4.096E-02  2.836E+03  0.00709352  7.929E-07  4.654E-06  1.000E+00  3.322E-06  3.336E-06  1.000E+00    1   33.0711  9.33E-03 1.5345E+00 2.2855E+00    7.87E+02 0.00E+00 3.89E+00  0.007416  0.450098 7.89E+02 0.00E+00 3.73E+00  0.007094  0.450359  0.0000000E+00  0.0000000E+00  5.3966624E-05  7.5304299E-01  3.3507056E-02  7.5602197E-06 -9.8674048E-01  2.3835199E-01  5.3195255E-01 0.000 0.870 1.000 1.000 1.000 1.000 1.000 1.000 1.000 1.000 1.000 1.000 1.000 1.000 1.000 1.000 1.000 1.000 1.000 1.000 1.000 1.000 1.000 1.000 1.000 1.000 1.000 1.000 1.000 1.000 1.000 1.000 1.000 1.000 1.000 1.000 1.000 1.000 1.000 1.000  3.4241372390E-02   0.00175   0.00000   0.00000   1.00000   0.6817534E-02
  7041  4.491120925550909E+06  33.026903  5.977253  4.387623  0.1934945E-01  0.9670026E+00  9.2384946E-11  1.1697083E-04  3.2331871E-05  9.0785782E-03  1.0502154E-04  1.3194994E-07  2.7406169E-10  1.9620468E-03  1.3045615E-05  0.8693    4.842687  -3.960  0.966079  7.816684  0.1153466E-02  0.9852027E+00  7.9944177E-15  1.3902326E-04  3.8589418E-05  9.0517526E-03  9.8579705E-05  1.3396241E-07  2.0163493E-10  1.9576291E-03  1.7796886E-05  9.193E-14  1.448E-20  1.611E+08  2.367E+09  3.834E-02  2.556E+03  0.00771598  8.620E-07  4.702E-06  1.000E+00  3.321E-06  3.334E-06  1.000E+00    1   33.0269  9.33E-03 1.5329E+00 2.2833E+00    7.90E+02 0.00E+00 3.91E+00  0.007438  0.449938 7.88E+02 0.00E+00 4.05E+00  0.007716  0.450284  0.0000000E+00  0.0000000E+00  5.3790919E-05  7.4285831E-01  3.3348836E-02  7.6073541E-06 -9.9014612E-01  2.3927040E-01  5.3359564E-01 0.000 0.871 1.000 1.000 1.000 1.000 1.000 1.000 1.000 1.000 1.000 1.000 1.000 1.000 1.000 1.000 1.000 1.000 1.000 1.000 1.000 1.000 1.000 1.000 1.000 1.000 1.000 1.000 1.000 1.000 1.000 1.000 1.000 1.000 1.000 1.000 1.000 1.000 1.000 1.000  3.4136454819E-02   0.00160   0.00000   0.00000   1.00000   0.6859043E-02
  7043  4.491605148389650E+06  32.973903  5.976535  4.388749  0.1916726E-01  0.9671848E+00  9.0755109E-11  1.1708047E-04  3.2362942E-05  9.0784562E-03  1.0497668E-04  1.3186853E-07  2.7362648E-10  1.9620024E-03  1.3074121E-05  0.8702    4.844590  -3.961  0.975380  7.819634  0.1038116E-02  0.9853181E+00  6.9834518E-15  1.3932989E-04  3.8687886E-05  9.0513662E-03  9.8490930E-05  1.3426783E-07  2.0128429E-10  1.9576164E-03  1.7865376E-05  9.193E-14  1.448E-20  1.607E+08  2.254E+09  3.825E-02  2.434E+03  0.00735855  8.384E-07  4.763E-06  1.000E+00  3.320E-06  3.333E-06  1.000E+00    1   32.9739  9.33E-03 1.5310E+00 2.2807E+00    7.92E+02 0.00E+00 4.08E+00  0.007738  0.449827 7.93E+02 0.00E+00 3.89E+00  0.007359  0.450107  0.0000000E+00  0.0000000E+00  6.6738188E-05  7.3025049E-01  3.3250311E-02  7.6792001E-06 -9.9463259E-01  2.4047300E-01  5.3578001E-01 0.000 0.871 1.000 1.000 1.000 1.000 1.000 1.000 1.000 1.000 1.000 1.000 1.000 1.000 1.000 1.000 1.000 1.000 1.000 1.000 1.000 1.000 1.000 1.000 1.000 1.000 1.000 1.000 1.000 1.000 1.000 1.000 1.000 1.000 1.000 1.000 1.000 1.000 1.000 1.000  3.4003424316E-02   0.00144   0.00000   0.00000   1.00000   0.6921691E-02
  7045  4.492089371228390E+06  32.921013  5.975837  4.389878  0.1884902E-01  0.9675031E+00  8.7903346E-11  1.1727297E-04  3.2417500E-05  9.0782418E-03  1.0489806E-04  1.3172699E-07  2.7286553E-10  1.9619248E-03  1.3124193E-05  0.8711    4.846658  -3.962  0.985388  7.822820  0.9263498E-03  0.9854300E+00  5.5993260E-15  1.3987685E-04  3.8839968E-05  9.0506423E-03  9.8401555E-05  1.3482577E-07  1.9943424E-10  1.9576071E-03  1.7934387E-05  9.193E-14  1.448E-20  1.486E+08  1.983E+09  3.538E-02  2.141E+03  0.00783661  8.992E-07  4.830E-06  1.000E+00  3.319E-06  3.331E-06  1.000E+00    1   32.9210  9.33E-03 1.5292E+00 2.2781E+00    7.96E+02 0.00E+00 3.94E+00  0.007421  0.449740 7.94E+02 0.00E+00 4.15E+00  0.007837  0.450053  0.0000000E+00  0.0000000E+00  6.3402430E-05  7.1708566E-01  3.3084717E-02  7.7576817E-06 -9.9967676E-01  2.4181276E-01  5.3826112E-01 0.000 0.873 1.000 1.000 1.000 1.000 1.000 1.000 1.000 1.000 1.000 1.000 1.000 1.000 1.000 1.000 1.000 1.000 1.000 1.000 1.000 1.000 1.000 1.000 1.000 1.000 1.000 1.000 1.000 1.000 1.000 1.000 1.000 1.000 1.000 1.000 1.000 1.000 1.000 1.000  3.3877466825E-02   0.00129   0.00000   0.00000   1.00000   0.6991573E-02
  7046  4.492331482647761E+06  32.894614  5.975501  4.390532  0.1884516E-01  0.9675069E+00  8.7891086E-11  1.1727531E-04  3.2418163E-05  9.0782392E-03  1.0489711E-04  1.3172528E-07  2.7285630E-10  1.9619239E-03  1.3124802E-05  0.8716    4.847754  -3.962  0.990686  7.824511  0.8718533E-03  0.9854845E+00  4.9643581E-15  1.4021583E-04  3.8932639E-05  9.0501861E-03  9.8356650E-05  1.3518057E-07  1.9823832E-10  1.9576039E-03  1.7969050E-05  9.193E-14  1.448E-20  1.422E+08  1.846E+09  3.384E-02  1.994E+03  0.00737448  8.590E-07  4.866E-06  1.000E+00  3.318E-06  3.331E-06  1.000E+00    1   32.8946  9.33E-03 1.5282E+00 2.2768E+00    7.97E+02 0.00E+00 4.13E+00  0.007770  0.449603 7.98E+02 0.00E+00 3.92E+00  0.007374  0.449994  0.0000000E+00  0.0000000E+00  6.6225775E-05  7.1027325E-01  3.3061060E-02  7.8109467E-06 -1.0024350E+00  2.4254048E-01  5.3962642E-01 0.000 0.873 1.000 1.000 1.000 1.000 1.000 1.000 1.000 1.000 1.000 1.000 1.000 1.000 1.000 1.000 1.000 1.000 1.000 1.000 1.000 1.000 1.000 1.000 1.000 1.000 1.000 1.000 1.000 1.000 1.000 1.000 1.000 1.000 1.000 1.000 1.000 1.000 1.000 1.000  3.3811241050E-02   0.00121   0.00000   0.00000   1.00000   0.7029337E-02
  7047  4.492573594067131E+06  32.868243  5.975139  4.391182  0.1883918E-01  0.9675129E+00  8.7860244E-11  1.1727893E-04  3.2419190E-05  9.0782352E-03  1.0489563E-04  1.3172263E-07  2.7284200E-10  1.9619224E-03  1.3125745E-05  0.8720    4.848844  -3.963  0.996205  7.826275  0.8180033E-03  0.9855384E+00  4.3251187E-15  1.4059158E-04  3.9035236E-05  9.0496767E-03  9.8311386E-05  1.3558187E-07  1.9692603E-10  1.9576016E-03  1.8003970E-05  9.193E-14  1.448E-20  1.349E+08  1.703E+09  3.211E-02  1.839E+03  0.00698205  8.217E-07  4.904E-06  1.000E+00  3.317E-06  3.330E-06  1.000E+00    1   32.8682  9.33E-03 1.5273E+00 2.2755E+00    8.01E+02 0.00E+00 3.90E+00  0.007305  0.449651 8.01E+02 0.00E+00 3.73E+00  0.006982  0.449985  0.0000000E+00  0.0000000E+00  6.1825222E-05  7.0328612E-01  3.3038753E-02  7.8676000E-06 -1.0053744E+00  2.4331228E-01  5.4108629E-01 0.000 0.873 1.000 1.000 1.000 1.000 1.000 1.000 1.000 1.000 1.000 1.000 1.000 1.000 1.000 1.000 1.000 1.000 1.000 1.000 1.000 1.000 1.000 1.000 1.000 1.000 1.000 1.000 1.000 1.000 1.000 1.000 1.000 1.000 1.000 1.000 1.000 1.000 1.000 1.000  3.3749415829E-02   0.00114   0.00000   0.00000   1.00000        0.00E+00
  7048  4.492815705486502E+06  32.841911  5.974817  4.391899  0.1858073E-01  0.9677714E+00  8.5564107E-11  1.1743625E-04  3.2463781E-05  9.0780598E-03  1.0483151E-04  1.3160839E-07  2.7222325E-10  1.9618594E-03  1.3166693E-05  0.8727    4.849978  -3.964  1.002016  7.828135  0.7652682E-03  0.9855912E+00  3.7720144E-15  1.4099829E-04  3.9146383E-05  9.0491219E-03  9.8266098E-05  1.3602628E-07  1.9552735E-10  1.9576005E-03  1.8038875E-05  9.193E-14  1.448E-20  1.273E+08  1.560E+09  3.030E-02  1.685E+03  0.00757366  8.930E-07  4.945E-06  1.000E+00  3.317E-06  3.329E-06  1.000E+00    1   32.8419  9.33E-03 1.5264E+00 2.2742E+00    8.03E+02 0.00E+00 3.71E+00  0.006933  0.449607 8.01E+02 0.00E+00 4.04E+00  0.007574  0.450010  0.0000000E+00  0.0000000E+00  5.8413194E-05  6.9607615E-01  3.2926537E-02  7.9098381E-06 -1.0085359E+00  2.4413836E-01  5.4266416E-01 0.000 0.873 1.000 1.000 1.000 1.000 1.000 1.000 1.000 1.000 1.000 1.000 1.000 1.000 1.000 1.000 1.000 1.000 1.000 1.000 1.000 1.000 1.000 1.000 1.000 1.000 1.000 1.000 1.000 1.000 1.000 1.000 1.000 1.000 1.000 1.000 1.000 1.000 1.000 1.000  3.3691002634E-02   0.00107   0.00000   0.00000   1.00000        0.00E+00
  7049  4.493057816905872E+06  32.815592  5.974537  4.392575  0.1858073E-01  0.9677714E+00  8.5585741E-11  1.1743625E-04  3.2463782E-05  9.0780598E-03  1.0483151E-04  1.3160839E-07  2.7222324E-10  1.9618594E-03  1.3166693E-05  0.8730    4.851269  -3.964  1.008080  7.830081  0.7136817E-03  0.9856429E+00  3.2840172E-15  1.4143269E-04  3.9265295E-05  9.0485265E-03  9.8220797E-05  1.3651310E-07  1.9405615E-10  1.9576005E-03  1.8073742E-05  9.193E-14  1.448E-20  1.209E+08  1.436E+09  2.876E-02  1.551E+03  0.00707187  8.483E-07  4.988E-06  1.000E+00  3.316E-06  3.329E-06  1.000E+00    1   32.8156  9.33E-03 1.5254E+00 2.2728E+00    8.04E+02 0.00E+00 4.02E+00  0.007501  0.449562 8.05E+02 0.00E+00 3.80E+00  0.007072  0.449960  0.0000000E+00  0.0000000E+00  6.3043581E-05  6.8865358E-01  3.2909943E-02  7.9686065E-06 -1.0119142E+00  2.4501829E-01  5.4435990E-01 0.000 0.874 1.000 1.000 1.000 1.000 1.000 1.000 1.000 1.000 1.000 1.000 1.000 1.000 1.000 1.000 1.000 1.000 1.000 1.000 1.000 1.000 1.000 1.000 1.000 1.000 1.000 1.000 1.000 1.000 1.000 1.000 1.000 1.000 1.000 1.000 1.000 1.000 1.000 1.000  3.3627959053E-02   0.00099   0.00000   0.00000   1.00000        0.00E+00
  7050  4.493299928325242E+06  32.789295  5.974201  4.393314  0.1834621E-01  0.9680059E+00  8.3532082E-11  1.1757983E-04  3.2504485E-05  9.0778997E-03  1.0477311E-04  1.3150536E-07  2.7166107E-10  1.9618022E-03  1.3204097E-05  0.8734    4.852542  -3.964  1.014416  7.832118  0.6632855E-03  0.9856934E+00  2.8439209E-15  1.4189264E-04  3.9391406E-05  9.0478934E-03  9.8175517E-05  1.3704204E-07  1.9251820E-10  1.9576018E-03  1.8108541E-05  9.193E-14  1.448E-20  1.146E+08  1.319E+09  2.729E-02  1.424E+03  0.00774365  9.272E-07  5.033E-06  1.000E+00  3.315E-06  3.328E-06  1.000E+00    1   32.7893  9.33E-03 1.5245E+00 2.2715E+00    8.08E+02 0.00E+00 3.78E+00  0.007015  0.449677 8.05E+02 0.00E+00 4.15E+00  0.007744  0.449965  0.0000000E+00  0.0000000E+00  5.8566284E-05  6.8102585E-01  3.2793421E-02  8.0214987E-06 -1.0155161E+00  2.4595318E-01  5.4617358E-01 0.000 0.875 1.000 1.000 1.000 1.000 1.000 1.000 1.000 1.000 1.000 1.000 1.000 1.000 1.000 1.000 1.000 1.000 1.000 1.000 1.000 1.000 1.000 1.000 1.000 1.000 1.000 1.000 1.000 1.000 1.000 1.000 1.000 1.000 1.000 1.000 1.000 1.000 1.000 1.000  3.3569392769E-02   0.00092   0.00000   0.00000   1.00000        0.00E+00
  7051  4.493542039744613E+06  32.763024  5.973922  4.394096  0.1808987E-01  0.9682623E+00  8.1309846E-11  1.1773772E-04  3.2549248E-05  9.0777235E-03  1.0470900E-04  1.3139346E-07  2.7104576E-10  1.9617396E-03  1.3245260E-05  0.8737    4.853951  -3.965  1.021057  7.834256  0.6141420E-03  0.9857426E+00  2.4481058E-15  1.4237642E-04  3.9524225E-05  9.0472252E-03  9.8130305E-05  1.3761366E-07  1.9091675E-10  1.9576045E-03  1.8143225E-05  3.722E-14  4.728E-21  1.086E+08  1.208E+09  2.585E-02  1.304E+03  0.00763252  9.245E-07  5.081E-06  1.000E+00  3.315E-06  3.327E-06  1.000E+00    1   32.7630  9.33E-03 1.5236E+00 2.2702E+00    8.08E+02 0.00E+00 4.13E+00  0.007663  0.449526 8.08E+02 0.00E+00 4.11E+00  0.007633  0.449947  0.0000000E+00  0.0000000E+00  6.3864004E-05  6.7316688E-01  3.2741129E-02  8.0722504E-06 -1.0193695E+00  2.4694981E-01  5.4812137E-01 0.000 0.876 1.000 1.000 1.000 1.000 1.000 1.000 1.000 1.000 1.000 1.000 1.000 1.000 1.000 1.000 1.000 1.000 1.000 1.000 1.000 1.000 1.000 1.000 1.000 1.000 1.000 1.000 1.000 1.000 1.000 1.000 1.000 1.000 1.000 1.000 1.000 1.000 1.000 1.000  3.3505528766E-02   0.00086   0.00000   0.00000   1.00000        0.00E+00
  7053  4.493832573447858E+06  32.731490  5.973628  4.395047  0.1806085E-01  0.9682913E+00  8.1084224E-11  1.1775560E-04  3.2554317E-05  9.0777036E-03  1.0470174E-04  1.3138080E-07  2.7097609E-10  1.9617325E-03  1.3249923E-05  0.8743    4.855887  -3.964  1.030209  7.837216  0.5485574E-03  0.9858086E+00  1.5222912E-15  1.4425268E-04  3.9991238E-05  9.0445893E-03  9.8065423E-05  1.4008075E-07  1.8127207E-10  1.9576124E-03  1.8195207E-05  3.722E-14  4.728E-21  7.758E+07  8.180E+08  1.847E-02  8.835E+02  0.00749060  9.217E-07  5.149E-06  1.000E+00  3.314E-06  3.326E-06  1.000E+00    1   32.7315  9.33E-03 1.5224E+00 2.2686E+00    8.11E+02 0.00E+00 4.18E+00  0.007733  0.449822 8.12E+02 0.00E+00 4.05E+00  0.007491  0.449949  0.0000000E+00  0.0000000E+00  3.8474711E-05  6.6266102E-01  3.2679552E-02  8.1684760E-06 -1.0249337E+00  2.4837241E-01  5.5096776E-01 0.000 0.876 1.000 1.000 1.000 1.000 1.000 1.000 1.000 1.000 1.000 1.000 1.000 1.000 1.000 1.000 1.000 1.000 1.000 1.000 1.000 1.000 1.000 1.000 1.000 1.000 1.000 1.000 1.000 1.000 1.000 1.000 1.000 1.000 1.000 1.000 1.000 1.000 1.000 1.000  3.3429248594E-02   0.00076   0.00000   0.00000   1.00000        0.00E+00
  7055  4.494123107151103E+06  32.699996  5.973373  4.396167  0.1792425E-01  0.9684279E+00  7.9925782E-11  1.1783981E-04  3.2578192E-05  9.0776096E-03  1.0466756E-04  1.3132123E-07  2.7064814E-10  1.9616992E-03  1.3271880E-05  0.8745    4.857925  -3.965  1.040354  7.840506  0.4849032E-03  0.9858725E+00  1.1306808E-15  1.4581590E-04  4.0411721E-05  9.0423684E-03  9.8000324E-05  1.4218506E-07  1.7586347E-10  1.9576235E-03  1.8246744E-05  3.722E-14  4.728E-21  6.707E+07  6.681E+08  1.596E-02  7.216E+02  0.00773795  9.618E-07  5.225E-06  1.000E+00  3.313E-06  3.325E-06  1.000E+00    1   32.7000  9.33E-03 1.5213E+00 2.2670E+00    8.13E+02 0.00E+00 4.33E+00  0.007986  0.449790 8.14E+02 0.00E+00 4.20E+00  0.007738  0.450053  0.0000000E+00  0.0000000E+00  3.9529649E-05  6.5132274E-01  3.2583936E-02  8.2661682E-06 -1.0313212E+00  2.4999503E-01  5.5424870E-01 0.000 0.876 1.000 1.000 1.000 1.000 1.000 1.000 1.000 1.000 1.000 1.000 1.000 1.000 1.000 1.000 1.000 1.000 1.000 1.000 1.000 1.000 1.000 1.000 1.000 1.000 1.000 1.000 1.000 1.000 1.000 1.000 1.000 1.000 1.000 1.000 1.000 1.000 1.000 1.000  3.3352923964E-02   0.00068   0.00000   0.00000   1.00000        0.00E+00
  7056  4.494268374002726E+06  32.684253  5.973239  4.396750  0.1784149E-01  0.9685107E+00  7.9233486E-11  1.1789118E-04  3.2592758E-05  9.0775522E-03  1.0464675E-04  1.3128543E-07  2.7044910E-10  1.9616790E-03  1.3285291E-05  0.8746    4.858997  -3.965  1.045799  7.842275  0.4540757E-03  0.9859035E+00  9.9380952E-16  1.4651904E-04  4.0606729E-05  9.0413658E-03  9.7967899E-05  1.4316262E-07  1.7383952E-10  1.9576305E-03  1.8272198E-05  3.722E-14  4.728E-21  6.382E+07  6.171E+08  1.519E-02  6.665E+02  0.00753143  9.461E-07  5.267E-06  1.000E+00  3.313E-06  3.325E-06  1.000E+00    1   32.6843  9.33E-03 1.5207E+00 2.2662E+00    8.16E+02 0.00E+00 4.18E+00  0.007673  0.449952 8.17E+02 0.00E+00 4.10E+00  0.007531  0.450099  0.0000000E+00  0.0000000E+00  3.7814984E-05  6.4535775E-01  3.2565882E-02  8.3256720E-06 -1.0348238E+00  2.5088221E-01  5.5605465E-01 0.000 0.876 1.000 1.000 1.000 1.000 1.000 1.000 1.000 1.000 1.000 1.000 1.000 1.000 1.000 1.000 1.000 1.000 1.000 1.000 1.000 1.000 1.000 1.000 1.000 1.000 1.000 1.000 1.000 1.000 1.000 1.000 1.000 1.000 1.000 1.000 1.000 1.000 1.000 1.000  3.3315108981E-02   0.00063   0.00000   0.00000   1.00000        0.00E+00
  7057  4.494413640854348E+06  32.668514  5.973150  4.397331  0.1778036E-01  0.9685718E+00  7.8726220E-11  1.1792912E-04  3.2603516E-05  9.0775099E-03  1.0463138E-04  1.3125899E-07  2.7030209E-10  1.9616641E-03  1.3295197E-05  0.8747    4.860148  -3.965  1.051486  7.844125  0.4239365E-03  0.9859338E+00  8.6876112E-16  1.4718589E-04  4.0793569E-05  9.0404143E-03  9.7935578E-05  1.4411509E-07  1.7201743E-10  1.9576384E-03  1.8297435E-05  3.722E-14  4.728E-21  6.081E+07  5.699E+08  1.447E-02  6.155E+02  0.00739004  9.380E-07  5.311E-06  1.000E+00  3.312E-06  3.325E-06  1.000E+00    1   32.6685  9.33E-03 1.5201E+00 2.2654E+00    8.19E+02 0.00E+00 4.08E+00  0.007466  0.449931 8.19E+02 0.00E+00 4.04E+00  0.007390  0.450186  0.0000000E+00  0.0000000E+00  3.6637025E-05  6.3921356E-01  3.2542601E-02  8.3872198E-06 -1.0385289E+00  2.5181844E-01  5.5796672E-01 0.000 0.877 1.000 1.000 1.000 1.000 1.000 1.000 1.000 1.000 1.000 1.000 1.000 1.000 1.000 1.000 1.000 1.000 1.000 1.000 1.000 1.000 1.000 1.000 1.000 1.000 1.000 1.000 1.000 1.000 1.000 1.000 1.000 1.000 1.000 1.000 1.000 1.000 1.000 1.000  3.3278471956E-02   0.00059   0.00000   0.00000   1.00000        0.00E+00
  7058  4.494558907705971E+06  32.652778  5.973026  4.397942  0.1767713E-01  0.9686751E+00  7.7867535E-11  1.1799344E-04  3.2621756E-05  9.0774380E-03  1.0460535E-04  1.3121454E-07  2.7005358E-10  1.9616388E-03  1.3312001E-05  0.8749    4.861330  -3.965  1.057451  7.846067  0.3943040E-03  0.9859635E+00  7.3540113E-16  1.4782921E-04  4.0974712E-05  9.0394964E-03  9.7903189E-05  1.4506167E-07  1.7028330E-10  1.9576473E-03  1.8322596E-05  3.722E-14  4.728E-21  5.699E+07  5.169E+08  1.356E-02  5.583E+02  0.00787294  1.000E-06  5.358E-06  1.000E+00  3.312E-06  3.324E-06  1.000E+00    1   32.6528  9.33E-03 1.5196E+00 2.2646E+00    8.22E+02 0.00E+00 4.01E+00  0.007320  0.450099 8.20E+02 0.00E+00 4.30E+00  0.007873  0.450240  0.0000000E+00  0.0000000E+00  3.5773605E-05  6.3284793E-01  3.2465896E-02  8.4464146E-06 -1.0424767E+00  2.5281455E-01  5.6000975E-01 0.000 0.876 1.000 1.000 1.000 1.000 1.000 1.000 1.000 1.000 1.000 1.000 1.000 1.000 1.000 1.000 1.000 1.000 1.000 1.000 1.000 1.000 1.000 1.000 1.000 1.000 1.000 1.000 1.000 1.000 1.000 1.000 1.000 1.000 1.000 1.000 1.000 1.000 1.000 1.000  3.3242698351E-02   0.00055   0.00000   0.00000   1.00000        0.00E+00
  7059  4.494704174557594E+06  32.637047  5.972951  4.398627  0.1763375E-01  0.9687185E+00  7.7517538E-11  1.1802050E-04  3.2629428E-05  9.0774078E-03  1.0459440E-04  1.3119589E-07  2.6994912E-10  1.9616282E-03  1.3319071E-05  0.8752    4.862579  -3.965  1.063741  7.848117  0.3654698E-03  0.9859925E+00  6.3131170E-16  1.4845245E-04  4.1150436E-05  9.0386077E-03  9.7871005E-05  1.4600940E-07  1.6858271E-10  1.9576574E-03  1.8347474E-05  3.722E-14  4.728E-21  5.297E+07  4.642E+08  1.261E-02  5.014E+02  0.00785127  1.006E-06  5.407E-06  1.000E+00  3.311E-06  3.324E-06  1.000E+00    1   32.6370  9.33E-03 1.5190E+00 2.2638E+00    8.22E+02 0.00E+00 4.27E+00  0.007800  0.450111 8.22E+02 0.00E+00 4.30E+00  0.007851  0.450378  0.0000000E+00  0.0000000E+00  3.8086221E-05  6.2625109E-01  3.2431182E-02  8.5174116E-06 -1.0466868E+00  2.5387446E-01  5.6219142E-01 0.000 0.876 1.000 1.000 1.000 1.000 1.000 1.000 1.000 1.000 1.000 1.000 1.000 1.000 1.000 1.000 1.000 1.000 1.000 1.000 1.000 1.000 1.000 1.000 1.000 1.000 1.000 1.000 1.000 1.000 1.000 1.000 1.000 1.000 1.000 1.000 1.000 1.000 1.000 1.000  3.3204612130E-02   0.00051   0.00000   0.00000   1.00000        0.00E+00
  7060  4.494849441409216E+06  32.621317  5.972872  4.399308  0.1763373E-01  0.9687185E+00  7.7533293E-11  1.1802051E-04  3.2629431E-05  9.0774078E-03  1.0459440E-04  1.3119588E-07  2.6994908E-10  1.9616282E-03  1.3319074E-05  0.8751    4.863894  -3.965  1.070347  7.850273  0.3374366E-03  0.9860206E+00  5.4075809E-16  1.4906262E-04  4.1322237E-05  9.0377382E-03  9.7839036E-05  1.4697022E-07  1.6686884E-10  1.9576686E-03  1.8372069E-05  3.722E-14  4.728E-21  5.009E+07  4.235E+08  1.192E-02  4.574E+02  0.00755098  9.805E-07  5.460E-06  1.000E+00  3.311E-06  3.323E-06  1.000E+00    1   32.6213  9.33E-03 1.5185E+00 2.2630E+00    8.24E+02 0.00E+00 4.27E+00  0.007775  0.450280 8.25E+02 0.00E+00 4.15E+00  0.007551  0.450490  0.0000000E+00  0.0000000E+00  3.7835276E-05  6.1941064E-01  3.2421111E-02  8.5928818E-06 -1.0511769E+00  2.5500328E-01  5.6452340E-01 0.000 0.876 1.000 1.000 1.000 1.000 1.000 1.000 1.000 1.000 1.000 1.000 1.000 1.000 1.000 1.000 1.000 1.000 1.000 1.000 1.000 1.000 1.000 1.000 1.000 1.000 1.000 1.000 1.000 1.000 1.000 1.000 1.000 1.000 1.000 1.000 1.000 1.000 1.000 1.000  3.3166776854E-02   0.00047   0.00000   0.00000   1.00000        0.00E+00
  7061  4.494994708260839E+06  32.605592  5.972799  4.400100  0.1745089E-01  0.9689014E+00  7.6018158E-11  1.1813475E-04  3.2661828E-05  9.0772801E-03  1.0454820E-04  1.3111742E-07  2.6950859E-10  1.9615836E-03  1.3348936E-05  0.8751    4.865255  -3.966  1.077296  7.852543  0.3102331E-03  0.9860479E+00  4.6122751E-16  1.4966517E-04  4.1491354E-05  9.0368802E-03  9.7807325E-05  1.4795416E-07  1.6511170E-10  1.9576810E-03  1.8396359E-05  1.330E-14  1.264E-21  4.720E+07  3.841E+08  1.123E-02  4.149E+02  0.00799839  1.042E-06  5.516E-06  1.000E+00  3.311E-06  3.323E-06  1.000E+00    1   32.6056  9.33E-03 1.5179E+00 2.2622E+00    8.28E+02 0.00E+00 4.13E+00  0.007472  0.450412 8.26E+02 0.00E+00 4.40E+00  0.007998  0.450559  0.0000000E+00  0.0000000E+00  3.6163795E-05  6.1232813E-01  3.2347274E-02  8.6649793E-06 -1.0559605E+00  2.5620342E-01  5.6700966E-01 0.000 0.877 1.000 1.000 1.000 1.000 1.000 1.000 1.000 1.000 1.000 1.000 1.000 1.000 1.000 1.000 1.000 1.000 1.000 1.000 1.000 1.000 1.000 1.000 1.000 1.000 1.000 1.000 1.000 1.000 1.000 1.000 1.000 1.000 1.000 1.000 1.000 1.000 1.000 1.000  3.3130613059E-02   0.00043   0.00000   0.00000   1.00000        0.00E+00
  7063  4.495169028482786E+06  32.586712  5.972819  4.400939  0.1743157E-01  0.9689207E+00  7.5880681E-11  1.1814682E-04  3.2665253E-05  9.0772666E-03  1.0454331E-04  1.3110913E-07  2.6946202E-10  1.9615788E-03  1.3352093E-05  0.8749    4.867169  -3.965  1.086827  7.855664  0.2737684E-03  0.9860847E+00  2.6984709E-16  1.5138736E-04  4.1913660E-05  9.0344546E-03  9.7761988E-05  1.5126343E-07  1.5441562E-10  1.9577025E-03  1.8432833E-05  1.330E-14  1.264E-21  3.206E+07  2.452E+08  7.629E-03  2.648E+02  0.00826890  1.089E-06  5.595E-06  1.000E+00  3.310E-06  3.322E-06  1.000E+00    1   32.5867  9.33E-03 1.5172E+00 2.2613E+00    8.29E+02 0.00E+00 4.56E+00  0.008257  0.450737 8.29E+02 0.00E+00 4.57E+00  0.008269  0.450829  0.0000000E+00  0.0000000E+00  2.3960830E-05  6.0283304E-01  3.2278003E-02  8.7760873E-06 -1.0627000E+00  2.5788569E-01  5.7053272E-01 0.000 0.876 1.000 1.000 1.000 1.000 1.000 1.000 1.000 1.000 1.000 1.000 1.000 1.000 1.000 1.000 1.000 1.000 1.000 1.000 1.000 1.000 1.000 1.000 1.000 1.000 1.000 1.000 1.000 1.000 1.000 1.000 1.000 1.000 1.000 1.000 1.000 1.000 1.000 1.000  3.3083557841E-02   0.00038   0.00000   0.00000   1.00000        0.00E+00
  7064  4.495256188593760E+06  32.577271  5.972832  4.401481  0.1743154E-01  0.9689207E+00  7.5891033E-11  1.1814684E-04  3.2665256E-05  9.0772666E-03  1.0454331E-04  1.3110912E-07  2.6946197E-10  1.9615788E-03  1.3352096E-05  0.8745    4.868181  -3.965  1.092044  7.857374  0.2561591E-03  0.9861025E+00  2.3121683E-16  1.5216033E-04  4.2114367E-05  9.0333554E-03  9.7739585E-05  1.5276889E-07  1.5096191E-10  1.9577143E-03  1.8450672E-05  1.330E-14  1.264E-21  2.984E+07  2.210E+08  7.102E-03  2.387E+02  0.00809328  1.074E-06  5.638E-06  1.000E+00  3.310E-06  3.322E-06  1.000E+00    1   32.5773  9.33E-03 1.5169E+00 2.2608E+00    8.31E+02 0.00E+00 4.55E+00  0.008211  0.450819 8.31E+02 0.00E+00 4.48E+00  0.008093  0.450971  0.0000000E+00  0.0000000E+00  2.3762130E-05  5.9772928E-01  3.2271571E-02  8.8357685E-06 -1.0664533E+00  2.5882011E-01  5.7249781E-01 0.000 0.876 1.000 1.000 1.000 1.000 1.000 1.000 1.000 1.000 1.000 1.000 1.000 1.000 1.000 1.000 1.000 1.000 1.000 1.000 1.000 1.000 1.000 1.000 1.000 1.000 1.000 1.000 1.000 1.000 1.000 1.000 1.000 1.000 1.000 1.000 1.000 1.000 1.000 1.000  3.3059795710E-02   0.00036   0.00000   0.00000   1.00000        0.00E+00
  7065  4.495343348704734E+06  32.567830  5.972857  4.402012  0.1730800E-01  0.9690443E+00  7.4891824E-11  1.1822471E-04  3.2687345E-05  9.0771795E-03  1.0451188E-04  1.3105672E-07  2.6916355E-10  1.9615486E-03  1.3372492E-05  0.8742    4.869234  -3.965  1.097535  7.859176  0.2389720E-03  0.9861198E+00  2.0056649E-16  1.5288958E-04  4.2308434E-05  9.0323141E-03  9.7717366E-05  1.5421033E-07  1.4819422E-10  1.9577268E-03  1.8468255E-05  1.330E-14  1.264E-21  2.813E+07  2.015E+08  6.694E-03  2.176E+02  0.00835567  1.115E-06  5.685E-06  1.000E+00  3.310E-06  3.322E-06  1.000E+00    1   32.5678  9.33E-03 1.5165E+00 2.2603E+00    8.33E+02 0.00E+00 4.46E+00  0.008033  0.450986 8.32E+02 0.00E+00 4.64E+00  0.008356  0.451129  0.0000000E+00  0.0000000E+00  2.3177287E-05  5.9242234E-01  3.2226129E-02  8.8976858E-06 -1.0704433E+00  2.5981185E-01  5.7458758E-01 0.000 0.876 1.000 1.000 1.000 1.000 1.000 1.000 1.000 1.000 1.000 1.000 1.000 1.000 1.000 1.000 1.000 1.000 1.000 1.000 1.000 1.000 1.000 1.000 1.000 1.000 1.000 1.000 1.000 1.000 1.000 1.000 1.000 1.000 1.000 1.000 1.000 1.000 1.000 1.000  3.3036618423E-02   0.00033   0.00000   0.00000   1.00000        0.00E+00
  7066  4.495430508815708E+06  32.558384  5.972928  4.402554  0.1730795E-01  0.9690443E+00  7.4902242E-11  1.1822474E-04  3.2687353E-05  9.0771795E-03  1.0451187E-04  1.3105671E-07  2.6916344E-10  1.9615486E-03  1.3372499E-05  0.8743    4.870390  -3.965  1.103342  7.861083  0.2221306E-03  0.9861368E+00  1.6940017E-16  1.5358688E-04  4.2497212E-05  9.0313157E-03  9.7695245E-05  1.5561467E-07  1.4584173E-10  1.9577400E-03  1.8485660E-05  1.330E-14  1.264E-21  2.595E+07  1.795E+08  6.176E-03  1.938E+02  0.00817787  1.101E-06  5.734E-06  1.000E+00  3.309E-06  3.322E-06  1.000E+00    1   32.5584  9.33E-03 1.5162E+00 2.2598E+00    8.34E+02 0.00E+00 4.61E+00  0.008292  0.451099 8.35E+02 0.00E+00 4.55E+00  0.008178  0.451278  0.0000000E+00  0.0000000E+00  2.3890709E-05  5.8687514E-01  3.2219752E-02  8.9689273E-06 -1.0747097E+00  2.6087159E-01  5.7682761E-01 0.000 0.875 1.000 1.000 1.000 1.000 1.000 1.000 1.000 1.000 1.000 1.000 1.000 1.000 1.000 1.000 1.000 1.000 1.000 1.000 1.000 1.000 1.000 1.000 1.000 1.000 1.000 1.000 1.000 1.000 1.000 1.000 1.000 1.000 1.000 1.000 1.000 1.000 1.000 1.000  3.3012727714E-02   0.00031   0.00000   0.00000   1.00000        0.00E+00
  7067  4.495517668926681E+06  32.548935  5.972966  4.403147  0.1720270E-01  0.9691496E+00  7.4056807E-11  1.1829114E-04  3.2706186E-05  9.0771052E-03  1.0448509E-04  1.3101212E-07  2.6890914E-10  1.9615229E-03  1.3389892E-05  0.8738    4.871549  -3.965  1.109446  7.863090  0.2057587E-03  0.9861533E+00  1.4473461E-16  1.5425580E-04  4.2680419E-05  9.0303562E-03  9.7673371E-05  1.5699268E-07  1.4374889E-10  1.9577541E-03  1.8502779E-05  1.330E-14  1.264E-21  2.430E+07  1.620E+08  5.783E-03  1.749E+02  0.00826341  1.120E-06  5.787E-06  1.000E+00  3.309E-06  3.321E-06  1.000E+00    1   32.5489  9.33E-03 1.5158E+00 2.2594E+00    8.37E+02 0.00E+00 4.53E+00  0.008109  0.451352 8.37E+02 0.00E+00 4.61E+00  0.008263  0.451401  0.0000000E+00  0.0000000E+00  2.3292633E-05  5.8111457E-01  3.2190464E-02  9.0418527E-06 -1.0792393E+00  2.6199538E-01  5.7920693E-01 0.000 0.875 1.000 1.000 1.000 1.000 1.000 1.000 1.000 1.000 1.000 1.000 1.000 1.000 1.000 1.000 1.000 1.000 1.000 1.000 1.000 1.000 1.000 1.000 1.000 1.000 1.000 1.000 1.000 1.000 1.000 1.000 1.000 1.000 1.000 1.000 1.000 1.000 1.000 1.000  3.2989435082E-02   0.00029   0.00000   0.00000   1.00000        0.00E+00
  7068  4.495604829037655E+06  32.539482  5.973057  4.403747  0.1718969E-01  0.9691626E+00  7.3963295E-11  1.1829936E-04  3.2708519E-05  9.0770960E-03  1.0448177E-04  1.3100663E-07  2.6887769E-10  1.9615197E-03  1.3392048E-05  0.8735    4.872810  -3.965  1.115875  7.865204  0.1898078E-03  0.9861693E+00  1.2175914E-16  1.5490509E-04  4.2859498E-05  9.0294240E-03  9.7651691E-05  1.5836495E-07  1.4178890E-10  1.9577689E-03  1.8519666E-05  1.330E-14  1.264E-21  2.253E+07  1.445E+08  5.363E-03  1.560E+02  0.00810931  1.110E-06  5.843E-06  1.000E+00  3.309E-06  3.321E-06  1.000E+00    1   32.5395  9.33E-03 1.5155E+00 2.2589E+00    8.39E+02 0.00E+00 4.58E+00  0.008194  0.451432 8.39E+02 0.00E+00 4.54E+00  0.008109  0.451622  0.0000000E+00  0.0000000E+00  2.3483087E-05  5.7512026E-01  3.2182223E-02  9.1253961E-06 -1.0840607E+00  2.6319056E-01  5.8174300E-01 0.000 0.874 1.000 1.000 1.000 1.000 1.000 1.000 1.000 1.000 1.000 1.000 1.000 1.000 1.000 1.000 1.000 1.000 1.000 1.000 1.000 1.000 1.000 1.000 1.000 1.000 1.000 1.000 1.000 1.000 1.000 1.000 1.000 1.000 1.000 1.000 1.000 1.000 1.000 1.000  3.2965951995E-02   0.00026   0.00000   0.00000   1.00000        0.00E+00
  7069  4.495691989148629E+06  32.530024  5.973133  4.404343  0.1709409E-01  0.9692582E+00  7.3204326E-11  1.1835984E-04  3.2725673E-05  9.0770284E-03  1.0445739E-04  1.3096629E-07  2.6864650E-10  1.9614963E-03  1.3407900E-05  0.8734    4.874092  -3.965  1.122651  7.867433  0.1743631E-03  0.9861849E+00  1.0232494E-16  1.5553760E-04  4.3034562E-05  9.0285153E-03  9.7630321E-05  1.5973999E-07  1.3989099E-10  1.9577846E-03  1.8536239E-05  1.330E-14  1.264E-21  2.094E+07  1.288E+08  4.983E-03  1.391E+02  0.00852553  1.174E-06  5.902E-06  1.000E+00  3.309E-06  3.321E-06  1.000E+00    1   32.5300  9.33E-03 1.5151E+00 2.2584E+00    8.42E+02 0.00E+00 4.51E+00  0.008035  0.451705 8.41E+02 0.00E+00 4.78E+00  0.008526  0.451822  0.0000000E+00  0.0000000E+00  2.2956449E-05  5.6889727E-01  3.2123081E-02  9.2050018E-06 -1.0891829E+00  2.6445856E-01  5.8443689E-01 0.000 0.874 1.000 1.000 1.000 1.000 1.000 1.000 1.000 1.000 1.000 1.000 1.000 1.000 1.000 1.000 1.000 1.000 1.000 1.000 1.000 1.000 1.000 1.000 1.000 1.000 1.000 1.000 1.000 1.000 1.000 1.000 1.000 1.000 1.000 1.000 1.000 1.000 1.000 1.000  3.2942995546E-02   0.00024   0.00000   0.00000   1.00000        0.00E+00
  7070  4.495779149259603E+06  32.520562  5.973234  4.405038  0.1705154E-01  0.9693007E+00  7.2877452E-11  1.1838684E-04  3.2733333E-05  9.0769982E-03  1.0444651E-04  1.3094842E-07  2.6854350E-10  1.9614859E-03  1.3414983E-05  0.8728    4.875466  -3.964  1.129799  7.869787  0.1594425E-03  0.9861999E+00  8.5485763E-17  1.5615822E-04  4.3206455E-05  9.0276236E-03  9.7609293E-05  1.6113003E-07  1.3800109E-10  1.9578012E-03  1.8552485E-05  1.330E-14  1.264E-21  1.946E+07  1.146E+08  4.632E-03  1.238E+02  0.00841960  1.171E-06  5.966E-06  1.000E+00  3.308E-06  3.321E-06  1.000E+00    1   32.5206  9.33E-03 1.5148E+00 2.2579E+00    8.43E+02 0.00E+00 4.75E+00  0.008448  0.451869 8.43E+02 0.00E+00 4.73E+00  0.008420  0.452023  0.0000000E+00  0.0000000E+00  2.4096815E-05  5.6241267E-01  3.2110322E-02  9.2961013E-06 -1.0946476E+00  2.6581058E-01  5.8731525E-01 0.000 0.875 1.000 1.000 1.000 1.000 1.000 1.000 1.000 1.000 1.000 1.000 1.000 1.000 1.000 1.000 1.000 1.000 1.000 1.000 1.000 1.000 1.000 1.000 1.000 1.000 1.000 1.000 1.000 1.000 1.000 1.000 1.000 1.000 1.000 1.000 1.000 1.000 1.000 1.000  3.2918898731E-02   0.00022   0.00000   0.00000   1.00000        0.00E+00
  7071  4.495866309370576E+06  32.511094  5.973361  4.405713  0.1700794E-01  0.9693444E+00  7.2544062E-11  1.1841453E-04  3.2741189E-05  9.0769672E-03  1.0443536E-04  1.3093013E-07  2.6843792E-10  1.9614752E-03  1.3422249E-05  0.8726    4.876923  -3.964  1.137349  7.872274  0.1450216E-03  0.9862145E+00  7.0075910E-17  1.5677273E-04  4.3376421E-05  9.0267409E-03  9.7588587E-05  1.6254988E-07  1.3607596E-10  1.9578187E-03  1.8568430E-05  3.295E-15  1.694E-22  1.787E+07  1.004E+08  4.253E-03  1.085E+02  0.00861783  1.209E-06  6.034E-06  1.000E+00  3.308E-06  3.320E-06  1.000E+00    1   32.5111  9.33E-03 1.5145E+00 2.2574E+00    8.46E+02 0.00E+00 4.70E+00  0.008338  0.452096 8.46E+02 0.00E+00 4.86E+00  0.008618  0.452249  0.0000000E+00  0.0000000E+00  2.3709771E-05  5.5566059E-01  3.2069230E-02  9.3905474E-06 -1.1004775E+00  2.6725174E-01  5.9038853E-01 0.000 0.874 1.000 1.000 1.000 1.000 1.000 1.000 1.000 1.000 1.000 1.000 1.000 1.000 1.000 1.000 1.000 1.000 1.000 1.000 1.000 1.000 1.000 1.000 1.000 1.000 1.000 1.000 1.000 1.000 1.000 1.000 1.000 1.000 1.000 1.000 1.000 1.000 1.000 1.000  3.2895188960E-02   0.00020   0.00000   0.00000   1.00000        0.00E+00
  7072  4.495988333525939E+06  32.497828  5.973517  4.406660  0.1693566E-01  0.9694166E+00  7.1992796E-11  1.1846056E-04  3.2754246E-05  9.0769157E-03  1.0441683E-04  1.3089992E-07  2.6826274E-10  1.9614575E-03  1.3434332E-05  0.8721    4.878947  -3.964  1.148125  7.875825  0.1279365E-03  0.9862317E+00  6.3080702E-17  1.5720723E-04  4.3518171E-05  9.0261017E-03  9.7564171E-05  1.6344818E-07  1.3720186E-10  1.9578402E-03  1.8586512E-05  3.295E-15  1.694E-22  1.874E+07  9.950E+07  4.459E-03  1.075E+02  0.00903308  1.283E-06  6.132E-06  1.000E+00  3.308E-06  3.320E-06  1.000E+00    1   32.4978  9.33E-03 1.5140E+00 2.2568E+00    8.50E+02 0.00E+00 4.81E+00  0.008496  0.452422 8.49E+02 0.00E+00 5.11E+00  0.009033  0.452586  0.0000000E+00  0.0000000E+00  3.3694002E-05  5.4616796E-01  3.1999438E-02  9.5258003E-06 -1.1088675E+00  2.6932614E-01  5.9480883E-01 0.000 0.874 1.000 1.000 1.000 1.000 1.000 1.000 1.000 1.000 1.000 1.000 1.000 1.000 1.000 1.000 1.000 1.000 1.000 1.000 1.000 1.000 1.000 1.000 1.000 1.000 1.000 1.000 1.000 1.000 1.000 1.000 1.000 1.000 1.000 1.000 1.000 1.000 1.000 1.000  3.2861494958E-02   0.00018   0.00000   0.00000   1.00000        0.00E+00
  7073  4.496110357681301E+06  32.484553  5.973695  4.407697  0.1693139E-01  0.9694209E+00  7.1979688E-11  1.1846328E-04  3.2755017E-05  9.0769126E-03  1.0441573E-04  1.3089814E-07  2.6825240E-10  1.9614565E-03  1.3435046E-05  0.8719    4.881067  -3.963  1.159400  7.879542  0.1117785E-03  0.9862479E+00  4.9598982E-17  1.5768370E-04  4.3663004E-05  9.0254097E-03  9.7540474E-05  1.6452434E-07  1.3703095E-10  1.9578633E-03  1.8604069E-05  3.295E-15  1.694E-22  1.735E+07  8.639E+07  4.128E-03  9.330E+01  0.00881998  1.271E-06  6.237E-06  1.000E+00  3.307E-06  3.320E-06  1.000E+00    1   32.4846  9.33E-03 1.5135E+00 2.2561E+00    8.53E+02 0.00E+00 5.07E+00  0.008910  0.452723 8.53E+02 0.00E+00 5.02E+00  0.008820  0.452931  0.0000000E+00  0.0000000E+00  3.5205068E-05  5.3642720E-01  3.1987258E-02  9.6811012E-06 -1.1177481E+00  2.7152061E-01  5.9949011E-01 0.000 0.873 1.000 1.000 1.000 1.000 1.000 1.000 1.000 1.000 1.000 1.000 1.000 1.000 1.000 1.000 1.000 1.000 1.000 1.000 1.000 1.000 1.000 1.000 1.000 1.000 1.000 1.000 1.000 1.000 1.000 1.000 1.000 1.000 1.000 1.000 1.000 1.000 1.000 1.000  3.2826289890E-02   0.00016   0.00000   0.00000   1.00000        0.00E+00
  7074  4.496232381836664E+06  32.471268  5.973887  4.408813  0.1687683E-01  0.9694755E+00  7.1576449E-11  1.1849812E-04  3.2764901E-05  9.0768736E-03  1.0440172E-04  1.3087543E-07  2.6812004E-10  1.9614431E-03  1.3444198E-05  0.8711    4.883296  -3.963  1.171329  7.883477  0.9666639E-04  0.9862631E+00  3.7381532E-17  1.5819522E-04  4.3810990E-05  9.0246727E-03  9.7517717E-05  1.6576123E-07  1.3594194E-10  1.9578876E-03  1.8620947E-05  3.295E-15  1.694E-22  1.557E+07  7.221E+07  3.704E-03  7.799E+01  0.00887435  1.298E-06  6.350E-06  1.000E+00  3.307E-06  3.319E-06  1.000E+00    1   32.4713  9.33E-03 1.5130E+00 2.2554E+00    8.57E+02 0.00E+00 4.97E+00  0.008692  0.453119 8.57E+02 0.00E+00 5.07E+00  0.008874  0.453288  0.0000000E+00  0.0000000E+00  3.4186903E-05  5.2633200E-01  3.1951073E-02  9.8463616E-06 -1.1272639E+00  2.7387029E-01  6.0450898E-01 0.000 0.873 1.000 1.000 1.000 1.000 1.000 1.000 1.000 1.000 1.000 1.000 1.000 1.000 1.000 1.000 1.000 1.000 1.000 1.000 1.000 1.000 1.000 1.000 1.000 1.000 1.000 1.000 1.000 1.000 1.000 1.000 1.000 1.000 1.000 1.000 1.000 1.000 1.000 1.000  3.2792102986E-02   0.00014   0.00000   0.00000   1.00000        0.00E+00
  7075  4.496354405992026E+06  32.457972  5.974142  4.410017  0.1683075E-01  0.9695216E+00  7.1242728E-11  1.1852762E-04  3.2773271E-05  9.0768406E-03  1.0438986E-04  1.3085632E-07  2.6800813E-10  1.9614319E-03  1.3451953E-05  0.8705    4.885762  -3.963  1.184058  7.887677  0.8261219E-04  0.9862773E+00  2.7268224E-17  1.5873852E-04  4.3962691E-05  9.0238937E-03  9.7495972E-05  1.6715102E-07  1.3419063E-10  1.9579134E-03  1.8637105E-05  3.295E-15  1.694E-22  1.370E+07  5.874E+07  3.260E-03  6.344E+01  0.00868890  1.292E-06  6.473E-06  1.000E+00  3.307E-06  3.319E-06  1.000E+00    1   32.4580  9.33E-03 1.5125E+00 2.2547E+00    8.62E+02 0.00E+00 5.02E+00  0.008740  0.453495 8.62E+02 0.00E+00 4.99E+00  0.008689  0.453738  0.0000000E+00  0.0000000E+00  3.4218811E-05  5.1579495E-01  3.1936740E-02  1.0028947E-05 -1.1375565E+00  2.7640975E-01  6.0994193E-01 0.000 0.872 1.000 1.000 1.000 1.000 1.000 1.000 1.000 1.000 1.000 1.000 1.000 1.000 1.000 1.000 1.000 1.000 1.000 1.000 1.000 1.000 1.000 1.000 1.000 1.000 1.000 1.000 1.000 1.000 1.000 1.000 1.000 1.000 1.000 1.000 1.000 1.000 1.000 1.000  3.2757884175E-02   0.00012   0.00000   0.00000   1.00000        0.00E+00
  7076  4.496476430147389E+06  32.444657  5.974450  4.411218  0.1676958E-01  0.9695827E+00  7.0795961E-11  1.1856677E-04  3.2784381E-05  9.0767968E-03  1.0437411E-04  1.3083096E-07  2.6785961E-10  1.9614169E-03  1.3462247E-05  0.8696    4.888419  -3.962  1.197705  7.892184  0.6967558E-04  0.9862903E+00  1.9352580E-17  1.5930902E-04  4.4117812E-05  9.0230782E-03  9.7475391E-05  1.6868403E-07  1.3194448E-10  1.9579403E-03  1.8652445E-05  3.295E-15  1.694E-22  1.191E+07  4.680E+07  2.834E-03  5.054E+01  0.00900054  1.362E-06  6.608E-06  1.000E+00  3.306E-06  3.319E-06  1.000E+00    1   32.4447  9.33E-03 1.5121E+00 2.2541E+00    8.67E+02 0.00E+00 4.94E+00  0.008542  0.453975 8.67E+02 0.00E+00 5.20E+00  0.009001  0.454212  0.0000000E+00  0.0000000E+00  3.3273195E-05  5.0475790E-01  3.1878897E-02  1.0222740E-05 -1.1487498E+00  2.7916926E-01  6.1585506E-01 0.000 0.871 1.000 1.000 1.000 1.000 1.000 1.000 1.000 1.000 1.000 1.000 1.000 1.000 1.000 1.000 1.000 1.000 1.000 1.000 1.000 1.000 1.000 1.000 1.000 1.000 1.000 1.000 1.000 1.000 1.000 1.000 1.000 1.000 1.000 1.000 1.000 1.000 1.000 1.000  3.2724610980E-02   0.00010   0.00000   0.00000   1.00000        0.00E+00
  7077  4.496598454302751E+06  32.431323  5.974786  4.412551  0.1670041E-01  0.9696519E+00  7.0296510E-11  1.1861127E-04  3.2797007E-05  9.0767469E-03  1.0435624E-04  1.3080250E-07  2.6769133E-10  1.9613999E-03  1.3473958E-05  0.8685    4.891255  -3.961  1.212384  7.897034  0.5789988E-04  0.9863022E+00  1.3337177E-17  1.5990196E-04  4.4275724E-05  9.0222323E-03  9.7456108E-05  1.7035058E-07  1.2931303E-10  1.9579685E-03  1.8666875E-05  3.295E-15  1.694E-22  1.023E+07  3.647E+07  2.436E-03  3.939E+01  0.00911172  1.405E-06  6.756E-06  1.000E+00  3.306E-06  3.318E-06  1.000E+00    1   32.4313  9.33E-03 1.5116E+00 2.2534E+00    8.72E+02 0.00E+00 5.14E+00  0.008841  0.454532 8.72E+02 0.00E+00 5.30E+00  0.009112  0.454742  0.0000000E+00  0.0000000E+00  3.4270746E-05  4.9317516E-01  3.1837824E-02  1.0436984E-05 -1.1609709E+00  2.8217999E-01  6.2231640E-01 0.000 0.870 1.000 1.000 1.000 1.000 1.000 1.000 1.000 1.000 1.000 1.000 1.000 1.000 1.000 1.000 1.000 1.000 1.000 1.000 1.000 1.000 1.000 1.000 1.000 1.000 1.000 1.000 1.000 1.000 1.000 1.000 1.000 1.000 1.000 1.000 1.000 1.000 1.000 1.000  3.2690340234E-02   0.00008   0.00000   0.00000   1.00000        0.00E+00
  7078  4.496720478458114E+06  32.417968  5.975200  4.413997  0.1668769E-01  0.9696646E+00  7.0228915E-11  1.1861946E-04  3.2799330E-05  9.0767378E-03  1.0435295E-04  1.3079728E-07  2.6766039E-10  1.9613968E-03  1.3476113E-05  0.8671    4.894319  -3.961  1.228198  7.902262  0.4731764E-04  0.9863129E+00  8.8924170E-18  1.6051198E-04  4.4435400E-05  9.0213632E-03  9.7438253E-05  1.7213889E-07  1.2637111E-10  1.9579976E-03  1.8680311E-05  3.295E-15  1.694E-22  8.685E+06  2.772E+07  2.067E-03  2.993E+01  0.00895982  1.410E-06  6.920E-06  1.000E+00  3.306E-06  3.318E-06  1.000E+00    1   32.4180  9.33E-03 1.5111E+00 2.2527E+00    8.78E+02 0.00E+00 5.23E+00  0.008941  0.455059 8.78E+02 0.00E+00 5.24E+00  0.008960  0.455328  0.0000000E+00  0.0000000E+00  3.4476290E-05  4.8102448E-01  3.1821215E-02  1.0680826E-05 -1.1743381E+00  2.8547020E-01  6.2938695E-01 0.000 0.869 1.000 1.000 1.000 1.000 1.000 1.000 1.000 1.000 1.000 1.000 1.000 1.000 1.000 1.000 1.000 1.000 1.000 1.000 1.000 1.000 1.000 1.000 1.000 1.000 1.000 1.000 1.000 1.000 1.000 1.000 1.000 1.000 1.000 1.000 1.000 1.000 1.000 1.000  3.2655863944E-02   0.00007   0.00000   0.00000   1.00000        0.00E+00
  7079  4.496842502613476E+06  32.404589  5.975657  4.415513  0.1666155E-01  0.9696908E+00  7.0064092E-11  1.1863634E-04  3.2804121E-05  9.0767188E-03  1.0434618E-04  1.3078659E-07  2.6759670E-10  1.9613904E-03  1.3480561E-05  0.8654    4.897592  -3.960  1.245297  7.907908  0.3794768E-04  0.9863224E+00  5.7108931E-18  1.6113283E-04  4.4595410E-05  9.0204798E-03  9.7421943E-05  1.7403443E-07  1.2316696E-10  1.9580275E-03  1.8692672E-05  3.295E-15  1.694E-22  7.280E+06  2.045E+07  1.733E-03  2.209E+01  0.00879168  1.414E-06  7.101E-06  1.000E+00  3.305E-06  3.318E-06  1.000E+00    1   32.4046  9.33E-03 1.5106E+00 2.2521E+00    8.84E+02 0.00E+00 5.17E+00  0.008777  0.455759 8.84E+02 0.00E+00 5.18E+00  0.008792  0.455970  0.0000000E+00  0.0000000E+00  3.3651618E-05  4.6827100E-01  3.1807023E-02  1.0954844E-05 -1.1890014E+00  2.8907672E-01  6.3714691E-01 0.000 0.867 1.000 1.000 1.000 1.000 1.000 1.000 1.000 1.000 1.000 1.000 1.000 1.000 1.000 1.000 1.000 1.000 1.000 1.000 1.000 1.000 1.000 1.000 1.000 1.000 1.000 1.000 1.000 1.000 1.000 1.000 1.000 1.000 1.000 1.000 1.000 1.000 1.000 1.000  3.2622212327E-02   0.00005   0.00000   0.00000   1.00000        0.00E+00
  7080  4.496964526768839E+06  32.391183  5.976227  4.417129  0.1656882E-01  0.9697835E+00  6.9407712E-11  1.1869626E-04  3.2821124E-05  9.0766517E-03  1.0432213E-04  1.3074870E-07  2.6737073E-10  1.9613677E-03  1.3496347E-05  0.8636    4.901107  -3.959  1.263855  7.914049  0.2977458E-04  0.9863307E+00  3.5003246E-18  1.6175869E-04  4.4754298E-05  9.0195902E-03  9.7407244E-05  1.7602481E-07  1.1972274E-10  1.9580580E-03  1.8703911E-05  3.295E-15  1.694E-22  6.017E+06  1.451E+07  1.432E-03  1.567E+01  0.00926064  1.524E-06  7.304E-06  1.000E+00  3.305E-06  3.317E-06  1.000E+00    1   32.3912  9.33E-03 1.5101E+00 2.2514E+00    8.91E+02 0.00E+00 5.11E+00  0.008598  0.456450 8.91E+02 0.00E+00 5.50E+00  0.009261  0.456738  0.0000000E+00  0.0000000E+00  3.2762882E-05  4.5482028E-01  3.1736325E-02  1.1246533E-05 -1.2052175E+00  2.9306211E-01  6.4573381E-01 0.000 0.865 1.000 1.000 1.000 1.000 1.000 1.000 1.000 1.000 1.000 1.000 1.000 1.000 1.000 1.000 1.000 1.000 1.000 1.000 1.000 1.000 1.000 1.000 1.000 1.000 1.000 1.000 1.000 1.000 1.000 1.000 1.000 1.000 1.000 1.000 1.000 1.000 1.000 1.000  3.2589449445E-02   0.00004   0.00000   0.00000   1.00000        0.00E+00
  7081  4.497086550924201E+06  32.377740  5.976876  4.418856  0.1654769E-01  0.9698047E+00  6.9289491E-11  1.1870999E-04  3.2825022E-05  9.0766363E-03  1.0431663E-04  1.3074015E-07  2.6731912E-10  1.9613625E-03  1.3499972E-05  0.8611    4.904931  -3.958  1.284095  7.920750  0.2278526E-04  0.9863378E+00  2.0366125E-18  1.6238135E-04  4.4909853E-05  9.0187064E-03  9.7394235E-05  1.7808823E-07  1.1606203E-10  1.9580886E-03  1.8713971E-05  3.488E-18  1.527E-26  4.936E+06  9.848E+06  1.175E-03  1.064E+01  0.00906710  1.530E-06  7.531E-06  1.000E+00  3.305E-06  3.317E-06  1.000E+00    1   32.3777  9.33E-03 1.5096E+00 2.2507E+00    8.98E+02 0.00E+00 5.42E+00  0.009050  0.457334 8.98E+02 0.00E+00 5.43E+00  0.009067  0.457605  0.0000000E+00  0.0000000E+00  3.4297290E-05  4.4062132E-01  3.1724354E-02  1.1588132E-05 -1.2232255E+00  2.9748473E-01  6.5527509E-01 0.000 0.862 1.000 1.000 1.000 1.000 1.000 1.000 1.000 1.000 1.000 1.000 1.000 1.000 1.000 1.000 1.000 1.000 1.000 1.000 1.000 1.000 1.000 1.000 1.000 1.000 1.000 1.000 1.000 1.000 1.000 1.000 1.000 1.000 1.000 1.000 1.000 1.000 1.000 1.000  3.2555152155E-02   0.00003   0.00000   0.00000   1.00000        0.00E+00
  7082  4.497208575079564E+06  32.364260  5.977626  4.420706  0.1649155E-01  0.9698608E+00  6.8922768E-11  1.1874650E-04  3.2835384E-05  9.0765954E-03  1.0430200E-04  1.3071746E-07  2.6718196E-10  1.9613488E-03  1.3509606E-05  0.8578    4.909108  -3.957  1.306249  7.928074  0.1694492E-04  0.9863437E+00  1.1158439E-18  1.6299092E-04  4.5059415E-05  9.0178429E-03  9.7382962E-05  1.8019545E-07  1.1220313E-10  1.9581187E-03  1.8722808E-05  3.488E-18  1.527E-26  4.068E+06  6.336E+06  9.682E-04  6.843E+00  0.00936944  1.625E-06  7.788E-06  1.000E+00  3.304E-06  3.317E-06  1.000E+00    1   32.3643  9.33E-03 1.5092E+00 2.2500E+00    9.06E+02 0.00E+00 5.34E+00  0.008840  0.458267 9.07E+02 0.00E+00 5.66E+00  0.009369  0.458553  0.0000000E+00  0.0000000E+00  3.3283713E-05  4.2564373E-01  3.1669498E-02  1.1966207E-05 -1.2432811E+00  3.0240697E-01  6.6590664E-01 0.000 0.860 1.000 1.000 1.000 1.000 1.000 1.000 1.000 1.000 1.000 1.000 1.000 1.000 1.000 1.000 1.000 1.000 1.000 1.000 1.000 1.000 1.000 1.000 1.000 1.000 1.000 1.000 1.000 1.000 1.000 1.000 1.000 1.000 1.000 1.000 1.000 1.000 1.000 1.000  3.2521868442E-02   0.00002   0.00000   0.00000   1.00000        0.00E+00
  7083  4.497330599234927E+06  32.350735  5.978480  4.422748  0.1645333E-01  0.9698990E+00  6.8693137E-11  1.1877143E-04  3.2842461E-05  9.0765674E-03  1.0429202E-04  1.3070209E-07  2.6708846E-10  1.9613394E-03  1.3516191E-05  0.8540    4.913663  -3.955  1.330487  7.936106  0.1218573E-04  0.9863486E+00  5.6601649E-19  1.6357724E-04  4.5200223E-05  9.0170144E-03  9.7373415E-05  1.8231202E-07  1.0816113E-10  1.9581480E-03  1.8730421E-05  3.488E-18  1.527E-26  3.437E+06  3.801E+06  8.179E-04  4.105E+00  0.00921966  1.647E-06  8.081E-06  1.000E+00  3.304E-06  3.316E-06  1.000E+00    1   32.3507  9.33E-03 1.5087E+00 2.2493E+00    9.15E+02 0.00E+00 5.56E+00  0.009119  0.459345 9.15E+02 0.00E+00 5.63E+00  0.009220  0.459645  0.0000000E+00  0.0000000E+00  3.4100666E-05  4.0984364E-01  3.1655499E-02  1.2404803E-05 -1.2657183E+00  3.0791000E-01  6.7780610E-01 0.000 0.855 1.000 1.000 1.000 1.000 1.000 1.000 1.000 1.000 1.000 1.000 1.000 1.000 1.000 1.000 1.000 1.000 1.000 1.000 1.000 1.000 1.000 1.000 1.000 1.000 1.000 1.000 1.000 1.000 1.000 1.000 1.000 1.000 1.000 1.000 1.000 1.000 1.000 1.000  3.2487767776E-02   0.00002   0.00000   0.00000   1.00000        0.00E+00
  7084  4.497452623390289E+06  32.337159  5.979481  4.424886  0.1640378E-01  0.9699486E+00  6.8393252E-11  1.1880375E-04  3.2851637E-05  9.0765312E-03  1.0427907E-04  1.3068217E-07  2.6696723E-10  1.9613272E-03  1.3524730E-05  0.8490    4.918597  -3.954  1.357068  7.944895  0.8431213E-05  0.9863525E+00  2.6303770E-19  1.6412738E-04  4.5328904E-05  9.0162398E-03  9.7365568E-05  1.8438772E-07  1.0396995E-10  1.9581758E-03  1.8736812E-05  3.488E-18  1.527E-26  3.113E+06  2.106E+06  7.408E-04  2.275E+00  0.00962470  1.778E-06  8.413E-06  1.000E+00  3.304E-06  3.316E-06  1.000E+00    1   32.3372  9.33E-03 1.5082E+00 2.2487E+00    9.25E+02 0.00E+00 5.52E+00  0.008949  0.460520 9.25E+02 0.00E+00 5.94E+00  0.009625  0.460865  0.0000000E+00  0.0000000E+00  3.3221126E-05  3.9326291E-01  3.1591664E-02  1.2896011E-05 -1.2907964E+00  3.1405731E-01  6.9111103E-01 0.000 0.851 1.000 1.000 1.000 1.000 1.000 1.000 1.000 1.000 1.000 1.000 1.000 1.000 1.000 1.000 1.000 1.000 1.000 1.000 1.000 1.000 1.000 1.000 1.000 1.000 1.000 1.000 1.000 1.000 1.000 1.000 1.000 1.000 1.000 1.000 1.000 1.000 1.000 1.000  3.2454546650E-02   0.00001   0.00000   0.00000   1.00000        0.00E+00
  7085  4.497574647545652E+06  32.323525  5.980634  4.427222  0.1640227E-01  0.9699501E+00  6.8442595E-11  1.1880473E-04  3.2851917E-05  9.0765301E-03  1.0427867E-04  1.3068157E-07  2.6696352E-10  1.9613269E-03  1.3524992E-05  0.8429    4.923908  -3.952  1.386135  7.954495  0.5569556E-05  0.9863554E+00  1.0783498E-19  1.6462961E-04  4.5442556E-05  9.0155359E-03  9.7359318E-05  1.8636960E-07  9.9662310E-11  1.9582016E-03  1.8742034E-05  3.488E-18  1.527E-26  3.160E+06  1.053E+06  7.521E-04  1.137E+00  0.00945404  1.806E-06  8.793E-06  1.000E+00  3.303E-06  3.316E-06  1.000E+00    1   32.3235  9.33E-03 1.5078E+00 2.2480E+00    9.35E+02 0.00E+00 5.82E+00  0.009328  0.461928 9.36E+02 0.00E+00 5.90E+00  0.009454  0.462279  0.0000000E+00  0.0000000E+00  3.4368533E-05  3.7593891E-01  3.1581068E-02  1.3465405E-05 -1.3188436E+00  3.2092905E-01  7.0599528E-01 0.000 0.844 1.000 1.000 1.000 1.000 1.000 1.000 1.000 1.000 1.000 1.000 1.000 1.000 1.000 1.000 1.000 1.000 1.000 1.000 1.000 1.000 1.000 1.000 1.000 1.000 1.000 1.000 1.000 1.000 1.000 1.000 1.000 1.000 1.000 1.000 1.000 1.000 1.000 1.000  3.2420178118E-02   0.00001   0.00000   0.00000   1.00000        0.00E+00
  7086  4.497696671701014E+06  32.309823  5.981934  4.429647  0.1631590E-01  0.9700365E+00  6.7908656E-11  1.1886136E-04  3.2867998E-05  9.0764666E-03  1.0425601E-04  1.3064715E-07  2.6675172E-10  1.9613057E-03  1.3539972E-05  0.8353    4.929627  -3.950  1.417796  7.964995  0.3486640E-05  0.9863576E+00  3.8396644E-20  1.6507046E-04  4.5538195E-05  9.0149220E-03  9.7354550E-05  1.8819014E-07  9.5308659E-11  1.9582247E-03  1.8746149E-05  3.488E-18  1.527E-26  3.739E+06  5.052E+05  8.898E-04  5.456E-01  0.00973600  1.933E-06  9.227E-06  1.000E+00  3.303E-06  3.315E-06  1.000E+00    1   32.3098  9.33E-03 1.5073E+00 2.2473E+00    9.47E+02 0.00E+00 5.77E+00  0.009140  0.463509 9.48E+02 0.00E+00 6.15E+00  0.009736  0.463841  0.0000000E+00  0.0000000E+00  3.3420976E-05  3.5791329E-01  3.1531252E-02  1.4110193E-05 -1.3502628E+00  3.2862266E-01  7.2267263E-01 0.000 0.837 1.000 1.000 1.000 1.000 1.000 1.000 1.000 1.000 1.000 1.000 1.000 1.000 1.000 1.000 1.000 1.000 1.000 1.000 1.000 1.000 1.000 1.000 1.000 1.000 1.000 1.000 1.000 1.000 1.000 1.000 1.000 1.000 1.000 1.000 1.000 1.000 1.000 1.000  3.2386757141E-02   0.00001   0.00000   0.00000   1.00000        0.00E+00
  7087  4.497818695856377E+06  32.296044  5.983409  4.432242  0.1627553E-01  0.9700769E+00  6.7711004E-11  1.1888788E-04  3.2875532E-05  9.0764368E-03  1.0424540E-04  1.3063113E-07  2.6665260E-10  1.9612958E-03  1.3546996E-05  0.8261    4.935850  -3.947  1.452267  7.976428  0.2047819E-05  0.9863591E+00  1.1367890E-20  1.6543972E-04  4.5614096E-05  9.0144119E-03  9.7351085E-05  1.8978620E-07  9.0999943E-11  1.9582446E-03  1.8749258E-05  3.488E-18  1.527E-26  5.062E+06  3.102E+05  1.205E-03  3.350E-01  0.00961826  1.987E-06  9.724E-06  1.000E+00  3.302E-06  3.315E-06  1.000E+00    1   32.2960  9.33E-03 1.5067E+00 2.2466E+00    9.59E+02 0.00E+00 6.01E+00  0.009395  0.465212 9.60E+02 0.00E+00 6.16E+00  0.009618  0.465593  0.0000000E+00  0.0000000E+00  3.4079357E-05  3.3930029E-01  3.1516995E-02  1.4856254E-05 -1.3853886E+00  3.3722042E-01  7.4132168E-01 0.000 0.828 1.000 1.000 1.000 1.000 1.000 1.000 1.000 1.000 1.000 1.000 1.000 1.000 1.000 1.000 1.000 1.000 1.000 1.000 1.000 1.000 1.000 1.000 1.000 1.000 1.000 1.000 1.000 1.000 1.000 1.000 1.000 1.000 1.000 1.000 1.000 1.000 1.000 1.000  3.2352677785E-02   0.00000   0.00000   0.00000   1.00000        0.00E+00
  7088  4.497940720011739E+06  32.282176  5.985083  4.434973  0.1621394E-01  0.9701384E+00  6.7389309E-11  1.1892833E-04  3.2887031E-05  9.0763914E-03  1.0422920E-04  1.3060673E-07  2.6650135E-10  1.9612807E-03  1.3557717E-05  0.8152    4.942446  -3.944  1.489563  7.988800  0.1114638E-05  0.9863601E+00  2.7053487E-21  1.6573123E-04  4.5670009E-05  9.0140134E-03  9.7348711E-05  1.9110361E-07  8.6857871E-11  1.9582609E-03  1.8751492E-05  3.488E-18  1.527E-26  7.491E+06  3.848E+05  1.783E-03  4.156E-01  0.00995142  2.148E-06  1.029E-05  1.000E+00  3.302E-06  3.315E-06  1.000E+00    1   32.2822  9.33E-03 1.5062E+00 2.2459E+00    9.73E+02 0.00E+00 6.00E+00  0.009249  0.467148 9.74E+02 0.00E+00 6.46E+00  0.009951  0.467553  0.0000000E+00  0.0000000E+00  3.3275473E-05  3.2027999E-01  3.1464275E-02  1.5699987E-05 -1.4244822E+00  3.4678620E-01  7.6208047E-01 0.000 0.817 1.000 1.000 1.000 1.000 1.000 1.000 1.000 1.000 1.000 1.000 1.000 1.000 1.000 1.000 1.000 1.000 1.000 1.000 1.000 1.000 1.000 1.000 1.000 1.000 1.000 1.000 1.000 1.000 1.000 1.000 1.000 1.000 1.000 1.000 1.000 1.000 1.000 1.000  3.2319402312E-02   0.00000   0.00000   0.00000   1.00000        0.00E+00
  7089  4.498062744167102E+06  32.268211  5.986887  4.437791  0.1619089E-01  0.9701615E+00  6.7356747E-11  1.1894346E-04  3.2891346E-05  9.0763745E-03  1.0422313E-04  1.3059766E-07  2.6644458E-10  1.9612750E-03  1.3561748E-05  0.8028    4.949439  -3.941  1.529469  8.002038  0.5540377E-06  0.9863607E+00  5.1655481E-22  1.6594464E-04  4.5707470E-05  9.0137254E-03  9.7347199E-05  1.9210886E-07  8.3029157E-11  1.9582733E-03  1.8753001E-05  3.488E-18  1.527E-26  1.155E+07  7.492E+05  2.750E-03  8.092E-01  0.01003542  2.267E-06  1.094E-05  1.000E+00  3.302E-06  3.314E-06  1.000E+00    1   32.2682  9.33E-03 1.5057E+00 2.2452E+00    9.88E+02 0.00E+00 6.29E+00  0.009557  0.469355 9.89E+02 0.00E+00 6.62E+00  0.010035  0.469684  0.0000000E+00  0.0000000E+00  3.4094883E-05  3.0113462E-01  3.1434929E-02  1.6667030E-05 -1.4675795E+00  3.5732901E-01  7.8496593E-01 0.000 0.804 1.000 1.000 1.000 1.000 1.000 1.000 1.000 1.000 1.000 1.000 1.000 1.000 1.000 1.000 1.000 1.000 1.000 1.000 1.000 1.000 1.000 1.000 1.000 1.000 1.000 1.000 1.000 1.000 1.000 1.000 1.000 1.000 1.000 1.000 1.000 1.000 1.000 1.000  3.2285307429E-02   0.00000   0.00000   0.00000   1.00000        0.00E+00
  7090  4.498184768322464E+06  32.254142  5.988810  4.440849  0.1614262E-01  0.9702098E+00  6.7177064E-11  1.1897524E-04  3.2900408E-05  9.0763388E-03  1.0421037E-04  1.3057875E-07  2.6632557E-10  1.9612631E-03  1.3570214E-05  0.7886    4.957033  -3.938  1.571549  8.015997  0.2476459E-06  0.9863610E+00  7.9609832E-23  1.6608671E-04  4.5729736E-05  9.0135367E-03  9.7346323E-05  1.9280015E-07  7.9676938E-11  1.9582819E-03  1.8753942E-05  3.488E-18  1.527E-26  1.797E+07  1.594E+06  4.278E-03  1.721E+00  0.00995166  2.360E-06  1.166E-05  1.000E+00  3.301E-06  3.314E-06  1.000E+00    1   32.2541  9.33E-03 1.5052E+00 2.2444E+00    1.00E+03 0.00E+00 6.43E+00  0.009616  0.471645 1.00E+03 0.00E+00 6.67E+00  0.009952  0.471972  0.0000000E+00  0.0000000E+00  3.4002075E-05  2.8220480E-01  3.1420390E-02  1.7751192E-05 -1.5144701E+00  3.6879873E-01  8.0986863E-01 0.000 0.791 1.000 1.000 1.000 1.000 1.000 1.000 1.000 1.000 1.000 1.000 1.000 1.000 1.000 1.000 1.000 1.000 1.000 1.000 1.000 1.000 1.000 1.000 1.000 1.000 1.000 1.000 1.000 1.000 1.000 1.000 1.000 1.000 1.000 1.000 1.000 1.000 1.000 1.000  3.2251305354E-02   0.00000   0.00000   0.00000   1.00000        0.00E+00
  7091  4.498306792477827E+06  32.239963  5.990849  4.443928  0.1609578E-01  0.9702566E+00  6.7036484E-11  1.1900599E-04  3.2909201E-05  9.0763043E-03  1.0419799E-04  1.3056043E-07  2.6620990E-10  1.9612516E-03  1.3578437E-05  0.7731    4.964838  -3.935  1.615155  8.030462  0.9713925E-07  0.9863612E+00  8.9825206E-24  1.6617156E-04  4.5741254E-05  9.0134263E-03  9.7345867E-05  1.9321877E-07  7.6928846E-11  1.9582871E-03  1.8754476E-05  1.403E-13  2.543E-20  2.754E+07  3.341E+06  6.554E-03  3.608E+00  0.00992287  2.474E-06  1.247E-05  1.000E+00  3.301E-06  3.313E-06  1.000E+00    1   32.2400  9.33E-03 1.5046E+00 2.2437E+00    1.02E+03 0.00E+00 6.46E+00  0.009497  0.474031 1.02E+03 0.00E+00 6.76E+00  0.009923  0.474361  0.0000000E+00  0.0000000E+00  3.3250601E-05  2.6385599E-01  3.1402501E-02  1.8954598E-05 -1.5646601E+00  3.8107569E-01  8.3652334E-01 0.000 0.774 1.000 1.000 1.000 1.000 1.000 1.000 1.000 1.000 1.000 1.000 1.000 1.000 1.000 1.000 1.000 1.000 1.000 1.000 1.000 1.000 1.000 1.000 1.000 1.000 1.000 1.000 1.000 1.000 1.000 1.000 1.000 1.000 1.000 1.000 1.000 1.000 1.000 1.000  3.2218054753E-02   0.00000   0.00000   0.00000   1.00000        0.00E+00
  7092  4.498392209386581E+06  32.229979  5.992289  4.446092  0.1604351E-01  0.9703089E+00  6.6837876E-11  1.1904028E-04  3.2919021E-05  9.0762658E-03  1.0418415E-04  1.3054007E-07  2.6608062E-10  1.9612388E-03  1.3587626E-05  0.7585    4.970398  -3.932  1.646465  8.040848  0.3720356E-07  0.9863613E+00  9.2295313E-25  1.6621575E-04  4.5745552E-05  9.0133713E-03  9.7345674E-05  1.9343057E-07  7.4438306E-11  1.9582897E-03  1.8754745E-05  1.403E-13  2.543E-20  3.662E+07  5.499E+06  8.715E-03  5.939E+00  0.00996683  2.576E-06  1.308E-05  1.000E+00  3.301E-06  3.313E-06  1.000E+00    1   32.2300  9.33E-03 1.5043E+00 2.2432E+00    1.03E+03 0.00E+00 6.61E+00  0.009595  0.475916 1.03E+03 0.00E+00 6.87E+00  0.009967  0.476068  0.0000000E+00  0.0000000E+00  2.3362221E-05  2.5143229E-01  3.1384485E-02  1.9865036E-05 -1.6017185E+00  3.9014065E-01  8.5620208E-01 0.000 0.761 1.000 1.000 1.000 1.000 1.000 1.000 1.000 1.000 1.000 1.000 1.000 1.000 1.000 1.000 1.000 1.000 1.000 1.000 1.000 1.000 1.000 1.000 1.000 1.000 1.000 1.000 1.000 1.000 1.000 1.000 1.000 1.000 1.000 1.000 1.000 1.000 1.000 1.000  3.2194692533E-02   0.00000   0.00000   0.00000   1.00000        0.00E+00
  7093  4.498477626295335E+06  32.219939  5.993718  4.448236  0.1600938E-01  0.9703430E+00  6.6775836E-11  1.1906246E-04  3.2925437E-05  9.0762409E-03  1.0417510E-04  1.3052688E-07  2.6599571E-10  1.9612304E-03  1.3593647E-05  0.7433    4.975904  -3.930  1.677934  8.051285  0.1261436E-07  0.9863613E+00  8.2893333E-26  1.6623648E-04  4.5747098E-05  9.0133463E-03  9.7345592E-05  1.9352628E-07  7.2722782E-11  1.9582909E-03  1.8754870E-05  1.403E-13  2.543E-20  4.768E+07  8.787E+06  1.135E-02  9.490E+00  0.00999534  2.677E-06  1.372E-05  1.000E+00  3.301E-06  3.313E-06  1.000E+00    1   32.2199  9.33E-03 1.5039E+00 2.2428E+00    1.05E+03 0.00E+00 6.72E+00  0.009633  0.477632 1.05E+03 0.00E+00 6.97E+00  0.009995  0.477770  0.0000000E+00  0.0000000E+00  2.3294752E-05  2.3953591E-01  3.1367092E-02  2.0824730E-05 -1.6398477E+00  3.9946844E-01  8.7644531E-01 0.000 0.746 1.000 1.000 1.000 1.000 1.000 1.000 1.000 1.000 1.000 1.000 1.000 1.000 1.000 1.000 1.000 1.000 1.000 1.000 1.000 1.000 1.000 1.000 1.000 1.000 1.000 1.000 1.000 1.000 1.000 1.000 1.000 1.000 1.000 1.000 1.000 1.000 1.000 1.000  3.2171397781E-02   0.00000   0.00000   0.00000   1.00000        0.00E+00
  7094  4.498563043204089E+06  32.209845  5.995112  4.450325  0.1597842E-01  0.9703740E+00  6.6751982E-11  1.1908233E-04  3.2931255E-05  9.0762187E-03  1.0416687E-04  1.3051505E-07  2.6591810E-10  1.9612228E-03  1.3599126E-05  0.7307    4.981335  -3.927  1.709172  8.061646  0.3765285E-08  0.9863613E+00  5.9412094E-27  1.6624493E-04  4.5747555E-05  9.0133366E-03  9.7345562E-05  1.9356325E-07  7.1657277E-11  1.9582914E-03  1.8754919E-05  1.403E-13  2.543E-20  6.051E+07  1.354E+07  1.440E-02  1.462E+01  0.01005194  2.789E-06  1.439E-05  1.000E+00  3.300E-06  3.313E-06  1.000E+00    1   32.2098  9.33E-03 1.5036E+00 2.2423E+00    1.06E+03 0.00E+00 6.82E+00  0.009665  0.479331 1.06E+03 0.00E+00 7.09E+00  0.010052  0.479442  0.0000000E+00  0.0000000E+00  2.3218399E-05  2.2828156E-01  3.1348604E-02  2.1822485E-05 -1.6785828E+00  4.0894662E-01  8.9700815E-01 0.000 0.735 1.000 1.000 1.000 1.000 1.000 1.000 1.000 1.000 1.000 1.000 1.000 1.000 1.000 1.000 1.000 1.000 1.000 1.000 1.000 1.000 1.000 1.000 1.000 1.000 1.000 1.000 1.000 1.000 1.000 1.000 1.000 1.000 1.000 1.000 1.000 1.000 1.000 1.000  3.2148179382E-02   0.00000   0.00000   0.00000   1.00000        0.00E+00
  7095  4.498648460112843E+06  32.199698  5.996448  4.452470  0.1594618E-01  0.9704062E+00  6.6735809E-11  1.1910268E-04  3.2937306E-05  9.0761958E-03  1.0415829E-04  1.3050286E-07  2.6583641E-10  1.9612149E-03  1.3604846E-05  0.7195    4.986795  -3.925  1.740057  8.071889  0.0000000E+00  0.9863613E+00  4.7974223E-27  1.6624803E-04  4.5747675E-05  9.0133333E-03  9.7345552E-05  1.9357585E-07  7.1769305E-11  1.9582914E-03  1.8754920E-05  1.403E-13  2.543E-20  7.495E+07  2.912E+07  1.784E-02  3.144E+01  0.01013093  2.913E-06  1.509E-05  1.000E+00  3.300E-06  3.312E-06  1.000E+00    1   32.1997  9.33E-03 1.5033E+00 2.2419E+00    1.07E+03 0.00E+00 6.94E+00  0.009725  0.480967 1.07E+03 0.00E+00 7.23E+00  0.010131  0.481053  0.0000000E+00  0.0000000E+00  2.3208735E-05  2.1767038E-01  3.1328118E-02  2.2854932E-05 -1.7177692E+00  4.1853785E-01  9.1781024E-01 0.000 0.722 1.000 1.000 1.000 1.000 1.000 1.000 1.000 1.000 1.000 1.000 1.000 1.000 1.000 1.000 1.000 1.000 1.000 1.000 1.000 1.000 1.000 1.000 1.000 1.000 1.000 1.000 1.000 1.000 1.000 1.000 1.000 1.000 1.000 1.000 1.000 1.000 1.000 1.000  3.2124970647E-02   0.00000   0.00000   0.00000   1.00000        0.00E+00
  7096  4.498733877021597E+06  32.189502  5.997705  4.454557  0.1591878E-01  0.9704336E+00  6.6766170E-11  1.1911924E-04  3.2942412E-05  9.0761773E-03  1.0415099E-04  1.3049270E-07  2.6576551E-10  1.9612082E-03  1.3609712E-05  0.7127    4.992174  -3.923  1.770295  8.081918  0.0000000E+00  0.9863613E+00  4.7974223E-27  1.6626208E-04  4.5591892E-05  9.0132558E-03  9.7537566E-05  1.9360991E-07  1.0703119E-10  1.9582892E-03  1.8754910E-05  1.403E-13  2.543E-20  9.015E+07  4.901E+07  2.146E-02  5.293E+01  0.01074747  3.217E-06  1.580E-05  1.000E+00  3.300E-06  3.304E-06  1.000E+00    8   31.1642  9.33E-03 1.5030E+00 2.2415E+00    1.08E+03 0.00E+00 7.08E+00  0.009800  0.482523 1.09E+03 0.00E+00 7.78E+00  0.010747  0.482592  0.0000000E+00  0.0000000E+00  2.3216540E-05  2.0775252E-01  3.1260997E-02  2.3889162E-05 -1.7570072E+00  4.2814466E-01  9.3863578E-01 0.000 0.715 1.000 1.000 1.000 1.000 1.000 1.000 1.000 1.000 1.000 1.000 1.000 1.000 1.000 1.000 1.000 1.000 1.000 1.000 1.000 1.000 1.000 1.000 1.000 1.000 1.000 1.000 1.000 1.000 1.000 1.000 1.000 1.000 1.000 1.000 1.000 1.000 1.000 1.000  3.2101754107E-02   0.00000   0.00000   0.00000   1.00000   0.8527596E-02
  7097  4.498819293930351E+06  32.179261  5.998888  4.456651  0.1590663E-01  0.9704458E+00  6.6878413E-11  1.1912538E-04  3.2944615E-05  9.0761705E-03  1.0414775E-04  1.3048853E-07  2.6573160E-10  1.9612052E-03  1.3611875E-05  0.7061    4.997460  -3.921  1.799927  8.091747  0.0000000E+00  0.9863612E+00  4.7974223E-27  1.6628500E-04  4.5329674E-05  9.0131232E-03  9.7861664E-05  1.9367168E-07  1.2239245E-10  1.9582854E-03  1.8754895E-05  1.403E-13  2.543E-20  1.050E+08  4.789E+07  2.500E-02  5.172E+01  0.01066697  3.302E-06  1.653E-05  1.000E+00  3.300E-06  3.291E-06  1.000E+00    1   32.1793  9.33E-03 1.5027E+00 2.2411E+00    1.10E+03 0.00E+00 7.61E+00  0.010411  0.483988 1.10E+03 0.00E+00 7.80E+00  0.010667  0.484056  0.0000000E+00  0.0000000E+00  2.4451308E-05  1.9846449E-01  3.1252524E-02  2.4970916E-05 -1.7963187E+00  4.3777330E-01  9.5949991E-01 0.000 0.709 1.000 1.000 1.000 1.000 1.000 1.000 1.000 1.000 1.000 1.000 1.000 1.000 1.000 1.000 1.000 1.000 1.000 1.000 1.000 1.000 1.000 1.000 1.000 1.000 1.000 1.000 1.000 1.000 1.000 1.000 1.000 1.000 1.000 1.000 1.000 1.000 1.000 1.000  3.2077302799E-02   0.00000   0.00000   0.00000   1.00000   0.8539441E-02
  7098  4.498904710839105E+06  32.168976  6.000034  4.458650  0.1584272E-01  0.9705097E+00  6.6641453E-11  1.1916335E-04  3.2956526E-05  9.0761280E-03  1.0413068E-04  1.3046538E-07  2.6556278E-10  1.9611895E-03  1.3623263E-05  0.7004    5.002512  -3.919  1.828933  8.101367  0.0000000E+00  0.9863611E+00  4.7974223E-27  1.6632398E-04  4.4901618E-05  9.0129042E-03  9.8391721E-05  1.9377566E-07  1.5387470E-10  1.9582792E-03  1.8754871E-05  1.403E-13  2.543E-20  1.201E+08  7.144E+07  2.859E-02  7.715E+01  0.01110527  3.569E-06  1.728E-05  1.000E+00  3.299E-06  3.271E-06  1.000E+00    1   32.1690  9.33E-03 1.5024E+00 2.2407E+00    1.11E+03 0.00E+00 7.64E+00  0.010339  0.485360 1.11E+03 0.00E+00 8.23E+00  0.011105  0.485466  0.0000000E+00  0.0000000E+00  2.4112031E-05  1.8977173E-01  3.1199824E-02  2.6060815E-05 -1.8356283E+00  4.4740318E-01  9.8035437E-01 0.000 0.702 1.000 1.000 1.000 1.000 1.000 1.000 1.000 1.000 1.000 1.000 1.000 1.000 1.000 1.000 1.000 1.000 1.000 1.000 1.000 1.000 1.000 1.000 1.000 1.000 1.000 1.000 1.000 1.000 1.000 1.000 1.000 1.000 1.000 1.000 1.000 1.000 1.000 1.000  3.2053190768E-02   0.00000   0.00000   0.00000   1.00000   0.8535970E-02
  7099  4.498990127747859E+06  32.158648  6.001109  4.460493  0.1582149E-01  0.9705309E+00  6.6646033E-11  1.1917226E-04  3.2960284E-05  9.0761182E-03  1.0412501E-04  1.3045880E-07  2.6549782E-10  1.9611843E-03  1.3627047E-05  0.6948    5.007367  -3.918  1.857348  8.110791  0.0000000E+00  0.9863609E+00  4.7974223E-27  1.6638831E-04  4.4229484E-05  9.0125551E-03  9.9226063E-05  1.9394382E-07  2.1239456E-10  1.9582695E-03  1.8754835E-05  1.403E-13  2.543E-20  1.343E+08  8.502E+07  3.196E-02  9.182E+01  0.01122055  3.726E-06  1.804E-05  1.000E+00  3.299E-06  3.239E-06  1.000E+00    1   32.1586  9.33E-03 1.5021E+00 2.2404E+00    1.12E+03 0.00E+00 8.07E+00  0.010784  0.486737 1.12E+03 0.00E+00 8.40E+00  0.011221  0.486807  0.0000000E+00  0.0000000E+00  2.4956652E-05  1.8162090E-01  3.1173416E-02  2.7188366E-05 -1.8749528E+00  4.5703972E-01  1.0012109E+00 0.000 0.699 1.000 1.000 1.000 1.000 1.000 1.000 1.000 1.000 1.000 1.000 1.000 1.000 1.000 1.000 1.000 1.000 1.000 1.000 1.000 1.000 1.000 1.000 1.000 1.000 1.000 1.000 1.000 1.000 1.000 1.000 1.000 1.000 1.000 1.000 1.000 1.000 1.000 1.000  3.2028234116E-02   0.00000   0.00000   0.00000   1.00000   0.8525742E-02
  7100  4.499075544656613E+06  32.148280  6.002133  4.462380  0.1580722E-01  0.9705452E+00  6.6666995E-11  1.1917581E-04  3.2962672E-05  9.0761144E-03  1.0412119E-04  1.3045519E-07  2.6544792E-10  1.9611808E-03  1.3629591E-05  0.6891    5.012132  -3.916  1.885180  8.120021  0.0000000E+00  0.9863606E+00  4.7974223E-27  1.6649165E-04  4.3209996E-05  9.0120164E-03  1.0049560E-04  1.9420696E-07  3.1594646E-10  1.9582547E-03  1.8754784E-05  1.403E-13  2.543E-20  1.469E+08  8.832E+07  3.496E-02  9.539E+01  0.01114440  3.814E-06  1.883E-05  1.000E+00  3.299E-06  3.193E-06  1.000E+00    1   32.1483  9.33E-03 1.5019E+00 2.2400E+00    1.13E+03 0.00E+00 8.25E+00  0.010910  0.488009 1.13E+03 0.00E+00 8.43E+00  0.011144  0.488103  0.0000000E+00  0.0000000E+00  2.5074199E-05  1.7397326E-01  3.1164809E-02  2.8341579E-05 -1.9142660E+00  4.6667633E-01  1.0220566E+00 0.000 0.692 1.000 1.000 1.000 1.000 1.000 1.000 1.000 1.000 1.000 1.000 1.000 1.000 1.000 1.000 1.000 1.000 1.000 1.000 1.000 1.000 1.000 1.000 1.000 1.000 1.000 1.000 1.000 1.000 1.000 1.000 1.000 1.000 1.000 1.000 1.000 1.000 1.000 1.000  3.2003159917E-02   0.00000   0.00000   0.00000   1.00000   0.8500656E-02
