line                  time        mass     lg(L)  lg(Teff)        1H_surf       4He_surf       12C_surf       13C_surf       14N_surf       16O_surf       17O_surf       18O_surf      20Ne_surf      22Ne_surf  26Al_surf  Mcc/Mt   lg(Teff)  lg(Md)  lg(rhoc)    lg(Tc)         1H_cen        4He_cen        12C_cen        13C_cen        14N_cen        16O_cen        17O_cen        18O_cen       20Ne_cen       22Ne_cen   26Al_cen  Omeg_surf   Omeg_cen     Rp/Req   Md/Md(0)   v_crit1   v_crit2    v_equa  Om/Om_cr  Gamma_Ed  lg(Mdot_mech)             L_tot
   -                    yr        Msun      Lsun        K      mass frac.     mass frac.     mass frac.     mass frac.     mass frac.     mass frac.     mass frac.     mass frac.     mass frac.     mass frac. mass frac.       -          K   Ms/yr     g/cm3         K     mass frac.     mass frac.     mass frac.     mass frac.     mass frac.     mass frac.     mass frac.     mass frac.     mass frac.     mass frac. mass frac.        s-1        s-1          -          -      km/s      km/s      km/s         -         -        Msun/yr     10^53 g cm2/s

  1  0.367489722954048E+05   39.981344  5.338243  4.644451  0.7200000E+00  0.2659559E+00  2.2831525E-03  2.7707436E-05  6.5875803E-04  5.7184752E-03  2.2656013E-06  1.2899741E-05  1.8768898E-03  1.5180834E-04  0.000E+00  0.6368  4.644451   -6.302  0.520060  7.613925  0.7169975E+00  0.2687227E+00  6.0017010E-05  1.2577740E-05  3.9359772E-03  4.9633408E-03  9.6813686E-06  1.4596977E-07  1.8759474E-03  7.4058169E-05  3.589E-06  2.991E-05  2.767E-05  9.854E-01  1.018E+00  8.01E+02  0.00E+00  1.68E+02  0.309524  0.144093  0.0000000E+00  5.8324817743E-01
  2  0.129600780463593E+06   39.934262  5.343739  4.642597  0.7200000E+00  0.2659559E+00  2.2831525E-03  2.7707436E-05  6.5875803E-04  5.7184752E-03  2.2656013E-06  1.2899741E-05  1.8768898E-03  1.5180834E-04  0.000E+00  0.6245  4.642597   -6.291  0.509651  7.610897  0.7085904E+00  0.2773024E+00  4.2475200E-05  1.1618482E-05  5.2057540E-03  3.5378570E-03  8.5733775E-06  1.1802269E-08  1.8737502E-03  1.4466626E-05  1.083E-05  2.432E-05  2.779E-05  9.898E-01  1.013E+00  7.93E+02  0.00E+00  1.39E+02  0.259359  0.146100  0.0000000E+00  5.7817401152E-01
  3  0.218700516251140E+06   39.888231  5.347414  4.640312  0.7200000E+00  0.2659559E+00  2.2831525E-03  2.7707436E-05  6.5875803E-04  5.7184752E-03  2.2656013E-06  1.2899741E-05  1.8768898E-03  1.5180834E-04  0.000E+00  0.6215  4.640312   -6.283  0.500756  7.608420  0.7001882E+00  0.2858127E+00  4.8525346E-05  1.3226506E-05  5.9512657E-03  2.6776796E-03  6.5565362E-06  1.1030720E-08  1.8719753E-03  3.9950602E-06  1.532E-05  2.327E-05  2.726E-05  9.902E-01  1.012E+00  7.87E+02  0.00E+00  1.35E+02  0.254062  0.147511  0.0000000E+00  5.7347181875E-01
  4  0.309285247635146E+06   39.840466  5.351424  4.638662  0.7200000E+00  0.2659559E+00  2.2831525E-03  2.7707436E-05  6.5875803E-04  5.7184752E-03  2.2656013E-06  1.2899741E-05  1.8768898E-03  1.5180834E-04  0.000E+00  0.6188  4.638662   -6.273  0.495651  7.607198  0.6918278E+00  0.2942459E+00  5.2414962E-05  1.4297101E-05  6.4524227E-03  2.0997230E-03  5.1643713E-06  9.2143546E-09  1.8704040E-03  1.9489865E-06  1.826E-05  2.287E-05  2.679E-05  9.901E-01  1.012E+00  7.81E+02  0.00E+00  1.35E+02  0.255778  0.149058  0.0000000E+00  5.6861854972E-01
  5  0.399721479459507E+06   39.791753  5.355450  4.637328  0.7200000E+00  0.2659559E+00  2.2831525E-03  2.7707441E-05  6.5875803E-04  5.7184752E-03  2.2656013E-06  1.2899741E-05  1.8768898E-03  1.5180834E-04  1.145E-17  0.6162  4.637328   -6.264  0.492350  7.606580  0.6834678E+00  0.3026585E+00  5.5324076E-05  1.5098347E-05  6.8136282E-03  1.6830115E-03  4.1350109E-06  7.7949730E-09  1.8689407E-03  1.4320250E-06  2.026E-05  2.225E-05  2.640E-05  9.904E-01  1.012E+00  7.77E+02  0.00E+00  1.32E+02  0.251725  0.150631  0.0000000E+00  5.6366734280E-01
  6  0.491064301095506E+06   39.741460  5.359681  4.636174  0.7200000E+00  0.2659559E+00  2.2831524E-03  2.7707488E-05  6.5875803E-04  5.7184752E-03  2.2656013E-06  1.2899741E-05  1.8768898E-03  1.5180834E-04  1.277E-15  0.6139  4.636174   -6.254  0.490226  7.606351  0.6750053E+00  0.3111604E+00  5.7368237E-05  1.5669838E-05  7.0857694E-03  1.3692888E-03  3.3576079E-06  6.2764937E-09  1.8675296E-03  1.2877285E-06  2.160E-05  2.184E-05  2.604E-05  9.905E-01  1.012E+00  7.72E+02  0.00E+00  1.31E+02  0.251182  0.152298  0.0000000E+00  5.5854545714E-01
  7  0.581039860555925E+06   39.690803  5.363845  4.635108  0.7200000E+00  0.2659559E+00  2.2831521E-03  2.7707767E-05  6.5875810E-04  5.7184752E-03  2.2656015E-06  1.2899740E-05  1.8768898E-03  1.5180834E-04  3.920E-14  0.6115  4.635108   -6.245  0.488770  7.606343  0.6666451E+00  0.3195501E+00  5.9080281E-05  1.6138466E-05  7.2894837E-03  1.1341520E-03  2.7781646E-06  5.7495807E-09  1.8661825E-03  1.2520424E-06  2.243E-05  2.161E-05  2.571E-05  9.903E-01  1.011E+00  7.68E+02  0.00E+00  1.31E+02  0.253588  0.153961  0.0000000E+00  5.5337974075E-01
  8  0.669928348755247E+06   39.639627  5.368046  4.634134  0.7200000E+00  0.2659559E+00  2.2831507E-03  2.7708862E-05  6.5875884E-04  5.7184750E-03  2.2656031E-06  1.2899736E-05  1.8768898E-03  1.5180832E-04  4.925E-13  0.6093  4.634134   -6.235  0.487840  7.606504  0.6583615E+00  0.3278563E+00  6.0411837E-05  1.6504535E-05  7.4452947E-03  9.5427404E-04  2.3288158E-06  5.1998881E-09  1.8648796E-03  1.2582956E-06  2.290E-05  2.105E-05  2.540E-05  9.906E-01  1.012E+00  7.64E+02  0.00E+00  1.28E+02  0.249634  0.155658  0.0000000E+00  5.4815275151E-01
  9  0.759297373683608E+06   39.586997  5.372328  4.633190  0.7200000E+00  0.2659559E+00  2.2831438E-03  2.7712647E-05  6.5876445E-04  5.7184736E-03  2.2656157E-06  1.2899712E-05  1.8768898E-03  1.5180819E-04  3.916E-12  0.6072  4.633190   -6.225  0.487266  7.606788  0.6499777E+00  0.3362580E+00  6.1493326E-05  1.6803822E-05  7.5688526E-03  8.1158643E-04  1.9717847E-06  4.6847880E-09  1.8635833E-03  1.2701266E-06  2.309E-05  2.068E-05  2.510E-05  9.907E-01  1.012E+00  7.60E+02  0.00E+00  1.27E+02  0.248858  0.157410  0.0000000E+00  5.4277148517E-01
 10  0.847716219721229E+06   39.533722  5.376626  4.632271  0.7200000E+00  0.2659559E+00  2.2831176E-03  2.7722948E-05  6.5879108E-04  5.7184664E-03  2.2656750E-06  1.2899603E-05  1.8768898E-03  1.5180752E-04  1.980E-11  0.6053  4.632271   -6.215  0.486962  7.607159  0.6416253E+00  0.3446245E+00  6.2380095E-05  1.7049480E-05  7.6659977E-03  6.9933955E-04  1.6906953E-06  4.2691154E-09  1.8623077E-03  1.2885172E-06  2.307E-05  2.034E-05  2.480E-05  9.907E-01  1.012E+00  7.56E+02  0.00E+00  1.26E+02  0.248266  0.159189  0.0000000E+00  5.3731670491E-01
 11  0.936718875868290E+06   39.478841  5.381044  4.631324  0.7199998E+00  0.2659560E+00  2.2830368E-03  2.7747123E-05  6.5888495E-04  5.7184397E-03  2.2658794E-06  1.2899237E-05  1.8768898E-03  1.5180510E-04  7.447E-11  0.6035  4.631324   -6.205  0.486940  7.607625  0.6331515E+00  0.3531095E+00  6.3108570E-05  1.7253734E-05  7.7442928E-03  6.0884673E-04  1.4641538E-06  3.7780938E-09  1.8610248E-03  1.3110740E-06  2.289E-05  2.018E-05  2.451E-05  9.905E-01  1.011E+00  7.52E+02  0.00E+00  1.27E+02  0.251255  0.161041  0.0000000E+00  5.3169047390E-01
 12  0.102353043929286E+07   39.424054  5.385381  4.630383  0.7199995E+00  0.2659563E+00  2.2828404E-03  2.7794377E-05  6.5913296E-04  5.7183647E-03  2.2664031E-06  1.2898303E-05  1.8768897E-03  1.5179862E-04  2.166E-10  0.6017  4.630383   -6.195  0.487020  7.608117  0.6248265E+00  0.3614433E+00  6.3761304E-05  1.7432285E-05  7.8055925E-03  5.3786435E-04  1.2860305E-06  3.6712945E-09  1.8597720E-03  1.3408366E-06  2.257E-05  1.982E-05  2.423E-05  9.905E-01  1.011E+00  7.48E+02  0.00E+00  1.26E+02  0.250587  0.162883  0.0000000E+00  5.2606695388E-01
 13  0.110955610339167E+07   39.368497  5.389744  4.629451  0.7199986E+00  0.2659572E+00  2.2824205E-03  2.7879251E-05  6.5969840E-04  5.7181820E-03  2.2675489E-06  1.2896244E-05  1.8768894E-03  1.5178367E-04  5.387E-10  0.6000  4.629451   -6.185  0.487280  7.608662  0.6164581E+00  0.3698190E+00  6.4150649E-05  1.7555059E-05  7.8564181E-03  4.7924317E-04  1.1404098E-06  2.4593059E-09  1.8585167E-03  1.3460832E-06  2.218E-05  1.947E-05  2.395E-05  9.906E-01  1.011E+00  7.44E+02  0.00E+00  1.25E+02  0.249944  0.164760  0.0000000E+00  5.2036078949E-01
 14  0.119523049557197E+07   39.311871  5.394123  4.628505  0.7199967E+00  0.2659590E+00  2.2816668E-03  2.8011027E-05  6.6077073E-04  5.7178111E-03  2.2696116E-06  1.2892471E-05  1.8768889E-03  1.5175509E-04  1.148E-09  0.5981  4.628505   -6.175  0.487554  7.609218  0.6081195E+00  0.3781633E+00  6.4893930E-05  1.7747562E-05  7.8959378E-03  4.3296323E-04  1.0167596E-06  2.9683144E-09  1.8572697E-03  1.3929114E-06  2.169E-05  1.913E-05  2.367E-05  9.906E-01  1.011E+00  7.40E+02  0.00E+00  1.24E+02  0.249186  0.166669  0.0000000E+00  5.1453322943E-01
 15  0.128139676975462E+07   39.253568  5.398563  4.627575  0.7199929E+00  0.2659629E+00  2.2803782E-03  2.8209827E-05  6.6270102E-04  5.7170959E-03  2.2730971E-06  1.2885921E-05  1.8768879E-03  1.5170343E-04  2.249E-09  0.5965  4.627575   -6.165  0.487945  7.609811  0.5996805E+00  0.3866069E+00  6.5183976E-05  1.7842095E-05  7.9285631E-03  3.9526084E-04  9.2276032E-07  2.4864664E-09  1.8560093E-03  1.4414708E-06  2.114E-05  1.874E-05  2.339E-05  9.907E-01  1.011E+00  7.36E+02  0.00E+00  1.23E+02  0.248059  0.168631  0.0000000E+00  5.0852864634E-01
 16  0.136642554935549E+07   39.194657  5.403041  4.626577  0.7199855E+00  0.2659701E+00  2.2783739E-03  2.8486617E-05  6.6585703E-04  5.7158446E-03  2.2783876E-06  1.2875611E-05  1.8768860E-03  1.5161897E-04  4.062E-09  0.5949  4.626577   -6.154  0.488299  7.610393  0.5912926E+00  0.3949985E+00  6.5916798E-05  1.8044696E-05  7.9541101E-03  3.6491705E-04  8.3622250E-07  2.6870321E-09  1.8547565E-03  1.4898846E-06  2.055E-05  1.825E-05  2.312E-05  9.910E-01  1.011E+00  7.31E+02  0.00E+00  1.20E+02  0.243937  0.170635  0.0000000E+00  5.0246283091E-01
 17  0.145040938547545E+07   39.135081  5.407481  4.625571  0.7199721E+00  0.2659834E+00  2.2753427E-03  2.8865165E-05  6.7087020E-04  5.7137227E-03  2.2861033E-06  1.2859868E-05  1.8768826E-03  1.5148532E-04  6.975E-09  0.5935  4.625571   -6.144  0.488869  7.611043  0.5829313E+00  0.4033628E+00  6.6429907E-05  1.8182704E-05  7.9750563E-03  3.4018063E-04  7.7493224E-07  2.4111516E-09  1.8535067E-03  1.5343019E-06  1.994E-05  1.808E-05  2.284E-05  9.908E-01  1.011E+00  7.27E+02  0.00E+00  1.21E+02  0.246464  0.172649  0.0000000E+00  4.9633664233E-01
 18  0.153370278712714E+07   39.074580  5.412020  4.624610  0.7199502E+00  0.2660052E+00  2.2712276E-03  2.9334240E-05  6.7800844E-04  5.7105135E-03  2.2961020E-06  1.2838324E-05  1.8768773E-03  1.5129631E-04  1.112E-08  0.5921  4.624610   -6.134  0.489693  7.611770  0.5746050E+00  0.4116914E+00  6.6311835E-05  1.8147437E-05  7.9925492E-03  3.2042600E-04  7.3373218E-07  2.6157899E-09  1.8522607E-03  1.5878091E-06  1.931E-05  1.748E-05  2.257E-05  9.912E-01  1.011E+00  7.23E+02  0.00E+00  1.17E+02  0.241045  0.174731  0.0000000E+00  4.9011783437E-01
 19  0.161645576925582E+07   39.013030  5.416538  4.623534  0.7199145E+00  0.2660408E+00  2.2656233E-03  2.9921789E-05  6.8818722E-04  5.7056796E-03  2.3089786E-06  1.2808786E-05  1.8768689E-03  1.5102932E-04  1.704E-08  0.5906  4.623534   -6.123  0.490306  7.612428  0.5662130E+00  0.4200854E+00  6.6755197E-05  1.8280301E-05  8.0071584E-03  3.0302152E-04  6.8290618E-07  2.3482832E-09  1.8510019E-03  1.6171883E-06  1.867E-05  1.730E-05  2.229E-05  9.910E-01  1.011E+00  7.19E+02  0.00E+00  1.18E+02  0.244004  0.176833  0.0000000E+00  4.8379231321E-01
 20  0.169803972672942E+07   38.950898  5.421031  4.622444  0.7198617E+00  0.2660935E+00  2.2586067E-03  3.0602790E-05  7.0149936E-04  5.6990413E-03  2.3240981E-06  1.2771589E-05  1.8768568E-03  1.5068403E-04  2.469E-08  0.5894  4.622444   -6.113  0.490960  7.613095  0.5578868E+00  0.4284132E+00  6.7404265E-05  1.8459270E-05  8.0185856E-03  2.8891327E-04  6.4217911E-07  2.0533635E-09  1.8497505E-03  1.6618942E-06  1.804E-05  1.685E-05  2.202E-05  9.913E-01  1.011E+00  7.15E+02  0.00E+00  1.15E+02  0.239634  0.178951  0.0000000E+00  4.7741328065E-01
 21  0.177963091450103E+07   38.887273  5.425628  4.621366  0.7197835E+00  0.2661716E+00  2.2497335E-03  3.1403904E-05  7.1904802E-04  5.6899007E-03  2.3418810E-06  1.2724310E-05  1.8768394E-03  1.5023452E-04  3.466E-08  0.5881  4.621366   -6.103  0.491889  7.613854  0.5494866E+00  0.4368148E+00  6.7374463E-05  1.8451796E-05  8.0291974E-03  2.7685924E-04  6.1396317E-07  2.1524513E-09  1.8484848E-03  1.7074361E-06  1.740E-05  1.641E-05  2.174E-05  9.915E-01  1.011E+00  7.11E+02  0.00E+00  1.13E+02  0.237522  0.181143  0.0000000E+00  4.7088810138E-01
 22  0.186180436526607E+07   38.821633  5.430217  4.620194  0.7196689E+00  0.2662863E+00  2.2385761E-03  3.2343118E-05  7.4202105E-04  5.6774512E-03  2.3624652E-06  1.2664582E-05  1.8768146E-03  1.4965408E-04  4.754E-08  0.5868  4.620194   -6.092  0.492523  7.614527  0.5410705E+00  0.4452319E+00  6.8155585E-05  1.8670428E-05  8.0356924E-03  2.6815370E-04  5.8288740E-07  2.0042379E-09  1.8472140E-03  1.7851616E-06  1.674E-05  1.611E-05  2.145E-05  9.915E-01  1.011E+00  7.06E+02  0.00E+00  1.12E+02  0.236936  0.183365  0.0000000E+00  4.6416349234E-01
 23  0.194043248293435E+07   38.757316  5.434713  4.619132  0.7195140E+00  0.2664414E+00  2.2255361E-03  3.3369284E-05  7.6991643E-04  5.6617906E-03  2.3844004E-06  1.2594478E-05  1.8767819E-03  1.4895931E-04  6.294E-08  0.5855  4.619132   -6.082  0.493609  7.615328  0.5327583E+00  0.4535451E+00  6.7904562E-05  1.8600361E-05  8.0447202E-03  2.5827268E-04  5.6482977E-07  2.0995308E-09  1.8459542E-03  1.8065567E-06  1.614E-05  1.565E-05  2.119E-05  9.917E-01  1.011E+00  7.02E+02  0.00E+00  1.11E+02  0.234195  0.185564  0.0000000E+00  4.5758066195E-01
 24  0.201983686426079E+07   38.690821  5.439275  4.617911  0.7193094E+00  0.2666464E+00  2.2105143E-03  3.4478026E-05  8.0321094E-04  5.6425125E-03  2.4072525E-06  1.2513407E-05  1.8767396E-03  1.4814189E-04  8.073E-08  0.5844  4.617911   -6.072  0.494298  7.616001  0.5243750E+00  0.4619293E+00  6.8837109E-05  1.8863188E-05  8.0499564E-03  2.5074913E-04  5.3486207E-07  1.7934620E-09  1.8446803E-03  1.8570222E-06  1.553E-05  1.536E-05  2.091E-05  9.918E-01  1.011E+00  6.98E+02  0.00E+00  1.10E+02  0.233601  0.187823  0.0000000E+00  4.5079382831E-01
 25  0.209898630870456E+07   38.622938  5.443911  4.616741  0.7190399E+00  0.2669164E+00  2.1931693E-03  3.5679669E-05  8.4297744E-04  5.6188359E-03  2.4308242E-06  1.2419456E-05  1.8766850E-03  1.4717968E-04  1.014E-07  0.5833  4.616741   -6.062  0.495433  7.616822  0.5159714E+00  0.4703334E+00  6.8853857E-05  1.8862738E-05  8.0554047E-03  2.4451079E-04  5.2286713E-07  1.7395438E-09  1.8433996E-03  1.9021755E-06  1.494E-05  1.510E-05  2.063E-05  9.917E-01  1.010E+00  6.93E+02  0.00E+00  1.10E+02  0.235052  0.190143  0.0000000E+00  4.4388867628E-01
 26  0.217763766137546E+07   38.553861  5.448570  4.615494  0.7187023E+00  0.2672548E+00  2.1740161E-03  3.6926087E-05  8.8831335E-04  5.5911612E-03  2.4537727E-06  1.2315355E-05  1.8766180E-03  1.4609843E-04  1.242E-07  0.5823  4.615494   -6.051  0.496347  7.617572  0.5076079E+00  0.4786974E+00  6.9292152E-05  1.8992722E-05  8.0589965E-03  2.3967992E-04  5.0209827E-07  1.7900310E-09  1.8421211E-03  1.9624135E-06  1.435E-05  1.456E-05  2.035E-05  9.921E-01  1.010E+00  6.89E+02  0.00E+00  1.06E+02  0.229347  0.192500  0.0000000E+00  4.3687357276E-01
 27  0.225487139157547E+07   38.484400  5.453114  4.614218  0.7182741E+00  0.2676842E+00  2.1524823E-03  3.8243483E-05  9.4082766E-04  5.5583849E-03  2.4761916E-06  1.2197935E-05  1.8765346E-03  1.4486350E-04  1.499E-07  0.5810  4.614218   -6.041  0.497220  7.618302  0.4992367E+00  0.4870692E+00  6.9968186E-05  1.9182544E-05  8.0625123E-03  2.3454378E-04  4.8350672E-07  1.5553836E-09  1.8408370E-03  2.0047288E-06  1.380E-05  1.434E-05  2.008E-05  9.920E-01  1.010E+00  6.84E+02  0.00E+00  1.06E+02  0.231165  0.194827  0.0000000E+00  4.2984723557E-01
 28  0.233103713470223E+07   38.414278  5.457717  4.612955  0.7177481E+00  0.2682115E+00  2.1289377E-03  3.9597474E-05  9.9988061E-04  5.5207851E-03  2.4970851E-06  1.2069152E-05  1.8764339E-03  1.4349371E-04  1.779E-07  0.5797  4.612955   -6.031  0.498176  7.619050  0.4908522E+00  0.4954542E+00  7.0434318E-05  1.9325078E-05  8.0663697E-03  2.2935642E-04  4.6344839E-07  1.4933136E-09  1.8395466E-03  2.0382642E-06  1.327E-05  1.385E-05  1.980E-05  9.923E-01  1.010E+00  6.80E+02  0.00E+00  1.03E+02  0.226107  0.197202  0.0000000E+00  4.2278800844E-01
 29  0.240662900356600E+07   38.343036  5.462302  4.611703  0.7171158E+00  0.2688455E+00  2.1036043E-03  4.0967285E-05  1.0651010E-03  5.4785144E-03  2.5158175E-06  1.1930175E-05  1.8763147E-03  1.4200057E-04  2.077E-07  0.5787  4.611703   -6.021  0.499411  7.619892  0.4825020E+00  0.5038047E+00  7.0659609E-05  1.9379383E-05  8.0696174E-03  2.2528532E-04  4.5457122E-07  1.3949772E-09  1.8382573E-03  2.0809245E-06  1.276E-05  1.355E-05  1.954E-05  9.923E-01  1.010E+00  6.75E+02  0.00E+00  1.03E+02  0.226247  0.199592  0.0000000E+00  4.1566517956E-01
 30  0.248266446440559E+07   38.269682  5.467000  4.610452  0.7163520E+00  0.2696114E+00  2.0761293E-03  4.2362678E-05  1.1375999E-03  5.4307643E-03  2.5321752E-06  1.1779019E-05  1.8761729E-03  1.4036173E-04  2.395E-07  0.5776  4.610452   -6.010  0.500685  7.620754  0.4741026E+00  0.5122042E+00  7.0651009E-05  1.9375428E-05  8.0720303E-03  2.2254910E-04  4.4785493E-07  1.6906900E-09  1.8369561E-03  2.1430192E-06  1.225E-05  1.312E-05  1.927E-05  9.925E-01  1.009E+00  6.71E+02  0.00E+00  1.01E+02  0.223341  0.202059  0.0000000E+00  4.0838472763E-01
 31  0.255749009000878E+07   38.195765  5.471670  4.609169  0.7154629E+00  0.2705029E+00  2.0472843E-03  4.3738309E-05  1.2154728E-03  5.3787331E-03  2.5453873E-06  1.1619890E-05  1.8760102E-03  1.3862241E-04  2.722E-07  0.5767  4.609169   -6.000  0.501944  7.621603  0.4657642E+00  0.5205428E+00  7.0977127E-05  1.9464333E-05  8.0739653E-03  2.1979989E-04  4.4058059E-07  1.4125903E-09  1.8356597E-03  2.1799174E-06  1.177E-05  1.273E-05  1.900E-05  9.927E-01  1.009E+00  6.66E+02  0.00E+00  9.87E+01  0.220421  0.204533  0.0000000E+00  4.0110203032E-01
 32  0.263151268098074E+07   38.120903  5.476347  4.607873  0.7144253E+00  0.2715432E+00  2.0168053E-03  4.5102249E-05  1.2995224E-03  5.3218477E-03  2.5553613E-06  1.1451304E-05  1.8758227E-03  1.3676628E-04  3.061E-07  0.5757  4.607873   -5.990  0.503289  7.622478  0.4573703E+00  0.5289368E+00  7.0994009E-05  1.9473790E-05  8.0766226E-03  2.1673553E-04  4.3243433E-07  1.4535579E-09  1.8343499E-03  2.2201021E-06  1.132E-05  1.230E-05  1.874E-05  9.929E-01  1.009E+00  6.62E+02  0.00E+00  9.65E+01  0.217124  0.207029  0.0000000E+00  3.9379575079E-01
 33  0.270435813158312E+07   38.045497  5.481025  4.606496  0.7132391E+00  0.2727324E+00  1.9851405E-03  4.6430714E-05  1.3885789E-03  5.2608736E-03  2.5617959E-06  1.1275713E-05  1.8756109E-03  1.3482043E-04  3.405E-07  0.5747  4.606496   -5.980  0.504497  7.623298  0.4490238E+00  0.5372836E+00  7.1517669E-05  1.9624864E-05  8.0784785E-03  2.1374279E-04  4.1865645E-07  1.3566910E-09  1.8330428E-03  2.2541726E-06  1.089E-05  1.190E-05  1.847E-05  9.931E-01  1.009E+00  6.57E+02  0.00E+00  9.45E+01  0.214094  0.209540  0.0000000E+00  3.8651455542E-01
 34  0.277746948875273E+07   37.968046  5.485634  4.605135  0.7118466E+00  0.2741284E+00  1.9512719E-03  4.7760376E-05  1.4856090E-03  5.1937400E-03  2.5646624E-06  1.1087434E-05  1.8753651E-03  1.3272167E-04  3.768E-07  0.5736  4.605135   -5.970  0.505782  7.624161  0.4406125E+00  0.5456950E+00  7.1949366E-05  1.9742755E-05  8.0799104E-03  2.1139223E-04  4.1088666E-07  1.3266569E-09  1.8317210E-03  2.3024830E-06  1.047E-05  1.150E-05  1.821E-05  9.933E-01  1.008E+00  6.53E+02  0.00E+00  9.23E+01  0.210596  0.212035  0.0000000E+00  3.7911129339E-01
 35  0.284894869079685E+07   37.890553  5.490316  4.603767  0.7103042E+00  0.2756745E+00  1.9169753E-03  4.9018704E-05  1.5855598E-03  5.1239308E-03  2.5637340E-06  1.0896317E-05  1.8750955E-03  1.3058004E-04  4.122E-07  0.5726  4.603767   -5.960  0.507205  7.625049  0.4322219E+00  0.5540857E+00  7.2194493E-05  1.9814515E-05  8.0821190E-03  2.0846212E-04  4.0063619E-07  1.3064084E-09  1.8303979E-03  2.3339543E-06  1.008E-05  1.101E-05  1.795E-05  9.937E-01  1.008E+00  6.48E+02  0.00E+00  8.89E+01  0.204289  0.214578  0.0000000E+00  3.7177771904E-01
 36  0.292128671594252E+07   37.810293  5.495139  4.602437  0.7085291E+00  0.2774538E+00  1.8807671E-03  5.0258595E-05  1.6927595E-03  5.0484232E-03  2.5589660E-06  1.0694078E-05  1.8747882E-03  1.2830314E-04  4.485E-07  0.5720  4.602437   -5.950  0.508720  7.625978  0.4238671E+00  0.5624404E+00  7.2369949E-05  1.9861833E-05  8.0827146E-03  2.0749168E-04  3.9731524E-07  1.3173284E-09  1.8290756E-03  2.3984025E-06  9.692E-06  1.058E-05  1.769E-05  9.940E-01  1.008E+00  6.44E+02  0.00E+00  8.64E+01  0.200101  0.217210  0.0000000E+00  3.6428775669E-01
 37  0.299200463030226E+07   37.729939  5.499857  4.601231  0.7066038E+00  0.2793835E+00  1.8446424E-03  5.1410961E-05  1.8012874E-03  4.9713944E-03  2.5506593E-06  1.0491849E-05  1.8744578E-03  1.2601677E-04  4.830E-07  0.5710  4.601231   -5.940  0.510673  7.627046  0.4154612E+00  0.5708462E+00  7.1602358E-05  1.9641407E-05  8.0856150E-03  2.0546263E-04  4.0552633E-07  1.5473309E-09  1.8277394E-03  2.4217874E-06  9.335E-06  1.018E-05  1.745E-05  9.941E-01  1.007E+00  6.40E+02  0.00E+00  8.52E+01  0.198574  0.219802  0.0000000E+00  3.5694319347E-01
 38  0.306067896103292E+07   37.650076  5.504554  4.599865  0.7046154E+00  0.2813762E+00  1.8101469E-03  5.2436236E-05  1.9062908E-03  4.8963671E-03  2.5396493E-06  1.0298328E-05  1.8741191E-03  1.2382086E-04  5.134E-07  0.5701  4.599865   -5.929  0.512408  7.628034  0.4071048E+00  0.5792027E+00  7.1450276E-05  1.9599099E-05  8.0881003E-03  2.0287928E-04  4.0169331E-07  1.5043226E-09  1.8264048E-03  2.4320333E-06  9.005E-06  9.608E-06  1.721E-05  9.946E-01  1.007E+00  6.35E+02  0.00E+00  8.07E+01  0.189547  0.222404  0.0000000E+00  3.4985190886E-01
 39  0.312780051241582E+07   37.570260  5.509068  4.598339  0.7024329E+00  0.2835632E+00  1.7749818E-03  5.3409950E-05  2.0146082E-03  4.8185145E-03  2.5255697E-06  1.0100652E-05  1.8737499E-03  1.2157066E-04  5.436E-07  0.5689  4.598339   -5.920  0.513762  7.628888  0.3987102E+00  0.5875977E+00  7.2326706E-05  1.9846493E-05  8.0897336E-03  1.9955358E-04  3.8584603E-07  1.4048344E-09  1.8250595E-03  2.4517220E-06  8.697E-06  9.398E-06  1.696E-05  9.946E-01  1.007E+00  6.31E+02  0.00E+00  8.06E+01  0.190618  0.224917  0.0000000E+00  3.4286497984E-01
 40  0.319455230629146E+07   37.489112  5.513708  4.596954  0.7000759E+00  0.2859250E+00  1.7396729E-03  5.4317467E-05  2.1245935E-03  4.7390309E-03  2.5087006E-06  9.9017688E-06  1.8733537E-03  1.1930015E-04  5.723E-07  0.5678  4.596954   -5.910  0.515562  7.629887  0.3903554E+00  0.5959525E+00  7.2229171E-05  1.9821371E-05  8.0921053E-03  1.9700770E-04  3.8065295E-07  1.4644952E-09  1.8237158E-03  2.4839444E-06  8.400E-06  8.875E-06  1.673E-05  9.950E-01  1.007E+00  6.26E+02  0.00E+00  7.63E+01  0.181994  0.227509  0.0000000E+00  3.3586622821E-01
 41  0.325933244981068E+07   37.408630  5.518125  4.595460  0.6975812E+00  0.2884244E+00  1.7048685E-03  5.5145111E-05  2.2341486E-03  4.6594620E-03  2.4895387E-06  9.7053410E-06  1.8729368E-03  1.1705178E-04  5.993E-07  0.5666  4.595460   -5.901  0.517019  7.630765  0.3820366E+00  0.6042716E+00  7.3186521E-05  2.0086371E-05  8.0933580E-03  1.9398615E-04  3.6644361E-07  1.2657041E-09  1.8223734E-03  2.5121161E-06  8.124E-06  8.647E-06  1.650E-05  9.950E-01  1.006E+00  6.22E+02  0.00E+00  7.59E+01  0.182141  0.229991  0.0000000E+00  3.2904838364E-01
 42  0.332517285015668E+07   37.325039  5.522788  4.594017  0.6948432E+00  0.2911675E+00  1.6692619E-03  5.5924833E-05  2.3473441E-03  4.5768678E-03  2.4674705E-06  9.5039926E-06  1.8724817E-03  1.1474157E-04  6.255E-07  0.5654  4.594017   -5.892  0.519020  7.631826  0.3735765E+00  0.6127317E+00  7.2925655E-05  2.0015725E-05  8.0957890E-03  1.9164384E-04  3.6392522E-07  1.3790168E-09  1.8210029E-03  2.5482409E-06  7.851E-06  8.123E-06  1.628E-05  9.955E-01  1.006E+00  6.17E+02  0.00E+00  7.16E+01  0.173227  0.232619  0.0000000E+00  3.2210153720E-01
 43  0.338946501045325E+07   37.241617  5.527394  4.592484  0.6919765E+00  0.2940392E+00  1.6344666E-03  5.6623142E-05  2.4589934E-03  4.4950541E-03  2.4436344E-06  9.3068522E-06  1.8720076E-03  1.1247475E-04  6.494E-07  0.5643  4.592484   -5.882  0.520909  7.632840  0.3651803E+00  0.6211279E+00  7.3096429E-05  2.0071401E-05  8.0976080E-03  1.8927460E-04  3.5722159E-07  8.7580794E-10  1.8196377E-03  2.5800775E-06  7.596E-06  7.739E-06  1.606E-05  9.958E-01  1.006E+00  6.13E+02  0.00E+00  6.91E+01  0.168482  0.235227  0.0000000E+00  3.1531247709E-01
 44  0.345205363156733E+07   37.158673  5.531867  4.590970  0.6890046E+00  0.2970161E+00  1.6006735E-03  5.7243455E-05  2.5683428E-03  4.4146221E-03  2.4184838E-06  9.1150385E-06  1.8715182E-03  1.1026505E-04  6.711E-07  0.5630  4.590970   -5.873  0.522839  7.633853  0.3568360E+00  0.6294725E+00  7.3394239E-05  2.0148922E-05  8.0995559E-03  1.8656182E-04  3.4974899E-07  1.2920465E-09  1.8182760E-03  2.6062020E-06  7.358E-06  7.371E-06  1.585E-05  9.960E-01  1.005E+00  6.08E+02  0.00E+00  6.67E+01  0.163749  0.237775  0.0000000E+00  3.0871036402E-01
 45  0.351449272240808E+07   37.074182  5.536301  4.589378  0.6858407E+00  0.3001851E+00  1.5668933E-03  5.7808396E-05  2.6785011E-03  4.3333173E-03  2.3914962E-06  8.9229580E-06  1.8709992E-03  1.0804860E-04  6.915E-07  0.5616  4.589378   -5.864  0.524519  7.634794  0.3484772E+00  0.6378314E+00  7.4247718E-05  2.0392696E-05  8.1002234E-03  1.8437279E-04  3.3666522E-07  1.1814554E-09  1.8169067E-03  2.6447931E-06  7.127E-06  7.117E-06  1.564E-05  9.960E-01  1.005E+00  6.04E+02  0.00E+00  6.58E+01  0.162851  0.240311  0.0000000E+00  3.0213452435E-01
 46  0.357480311116846E+07   36.990891  5.540666  4.587775  0.6826182E+00  0.3034126E+00  1.5344996E-03  5.8300249E-05  2.7848892E-03  4.2545531E-03  2.3639958E-06  8.7384507E-06  1.8704724E-03  1.0591646E-04  7.094E-07  0.5603  4.587775   -5.856  0.526534  7.635822  0.3401242E+00  0.6461847E+00  7.4803900E-05  2.0539587E-05  8.1021338E-03  1.8127500E-04  3.2789677E-07  1.0411431E-09  1.8155337E-03  2.6611451E-06  6.915E-06  6.785E-06  1.544E-05  9.963E-01  1.005E+00  5.99E+02  0.00E+00  6.33E+01  0.157911  0.242820  0.0000000E+00  2.9581810276E-01
 47  0.363521029186903E+07   36.905792  5.545100  4.586049  0.6792062E+00  0.3068296E+00  1.5021344E-03  5.8744432E-05  2.8918788E-03  4.1751225E-03  2.3350310E-06  8.5538081E-06  1.8699164E-03  1.0378006E-04  7.260E-07  0.5588  4.586049   -5.847  0.528418  7.636812  0.3317667E+00  0.6545423E+00  7.5316335E-05  2.0702523E-05  8.1033053E-03  1.7906177E-04  3.1726597E-07  1.0206150E-09  1.8141544E-03  2.7020913E-06  6.706E-06  6.432E-06  1.524E-05  9.965E-01  1.004E+00  5.95E+02  0.00E+00  6.09E+01  0.153162  0.245379  0.0000000E+00  2.8951328996E-01
 48  0.369503022364446E+07   36.819821  5.549538  4.584343  0.6756655E+00  0.3103754E+00  1.4703842E-03  5.9136036E-05  2.9974700E-03  4.0965309E-03  2.3052659E-06  8.3723951E-06  1.8693409E-03  1.0167870E-04  7.407E-07  0.5576  4.584343   -5.838  0.530596  7.637895  0.3234127E+00  0.6628964E+00  7.5814919E-05  2.0830416E-05  8.1042018E-03  1.7721981E-04  3.1160425E-07  9.7261836E-10  1.8127697E-03  2.7451129E-06  6.507E-06  6.099E-06  1.505E-05  9.967E-01  1.004E+00  5.90E+02  0.00E+00  5.84E+01  0.147906  0.247954  0.0000000E+00  2.8332874989E-01
 49  0.375353359480267E+07   36.734078  5.553943  4.582661  0.6720247E+00  0.3140211E+00  1.4394473E-03  5.9477265E-05  3.1009241E-03  4.0193536E-03  2.2750627E-06  8.1953724E-06  1.8687506E-03  9.9626230E-05  7.538E-07  0.5561  4.582661   -5.830  0.532979  7.639036  0.3150352E+00  0.6712740E+00  7.5796181E-05  2.0827088E-05  8.1064005E-03  1.7473987E-04  3.0693928E-07  1.0012843E-09  1.8113760E-03  2.7730641E-06  6.320E-06  5.721E-06  1.487E-05  9.971E-01  1.004E+00  5.86E+02  0.00E+00  5.50E+01  0.140564  0.250521  0.0000000E+00  2.7733398822E-01
 50  0.381034859078770E+07   36.649224  5.558220  4.580964  0.6683339E+00  0.3177168E+00  1.4096330E-03  5.9770322E-05  3.2011175E-03  3.9444574E-03  2.2449184E-06  8.0245446E-06  1.8681533E-03  9.7644001E-05  7.651E-07  0.5546  4.580964   -5.822  0.535523  7.640212  0.3065995E+00  0.6797098E+00  7.5734671E-05  2.0810246E-05  8.1092963E-03  1.7153705E-04  3.0240486E-07  9.0499336E-10  1.8099679E-03  2.7910058E-06  6.145E-06  5.379E-06  1.470E-05  9.973E-01  1.004E+00  5.81E+02  0.00E+00  5.25E+01  0.135050  0.253027  0.0000000E+00  2.7158488533E-01
 51  0.386626406996710E+07   36.564166  5.562476  4.579095  0.6645643E+00  0.3214911E+00  1.3806441E-03  6.0022212E-05  3.2989843E-03  3.8711646E-03  2.2146731E-06  7.8582337E-06  1.8675443E-03  9.5712855E-05  7.748E-07  0.5530  4.579095   -5.814  0.537729  7.641278  0.2982854E+00  0.6880240E+00  7.6425746E-05  2.1010610E-05  8.1103411E-03  1.6918424E-04  2.9211743E-07  8.9898219E-10  1.8085739E-03  2.8308788E-06  5.977E-06  5.111E-06  1.453E-05  9.974E-01  1.003E+00  5.77E+02  0.00E+00  5.11E+01  0.132563  0.255534  0.0000000E+00  2.6599770971E-01
 52  0.392208437412860E+07   36.477722  5.566769  4.577106  0.6606928E+00  0.3253674E+00  1.3522498E-03  6.0238527E-05  3.3952484E-03  3.7989505E-03  2.1842048E-06  7.6951373E-06  1.8669198E-03  9.3817941E-05  7.827E-07  0.5514  4.577106   -5.806  0.540174  7.642421  0.2898688E+00  0.6964408E+00  7.6953343E-05  2.1156974E-05  8.1115739E-03  1.6689856E-04  2.8454293E-07  8.5306945E-10  1.8071567E-03  2.8700971E-06  5.813E-06  4.805E-06  1.437E-05  9.976E-01  1.003E+00  5.72E+02  0.00E+00  4.81E+01  0.125969  0.258082  0.0000000E+00  2.6049701372E-01
 53  0.397615388350186E+07   36.392532  5.570944  4.575153  0.6568623E+00  0.3292024E+00  1.3254108E-03  6.0416083E-05  3.4865925E-03  3.7303220E-03  2.1546712E-06  7.5407991E-06  1.8663027E-03  9.2023929E-05  7.885E-07  0.5498  4.575153   -5.799  0.542964  7.643669  0.2815145E+00  0.7047952E+00  7.6844464E-05  2.1122000E-05  8.1139271E-03  1.6439918E-04  2.8214751E-07  8.8475863E-10  1.8057442E-03  2.9034936E-06  5.659E-06  4.492E-06  1.422E-05  9.978E-01  1.003E+00  5.67E+02  0.00E+00  4.57E+01  0.120546  0.260583  0.0000000E+00  2.5526199003E-01
 54  0.402943095445104E+07   36.307191  5.575086  4.573082  0.6528738E+00  0.3331954E+00  1.2986586E-03  6.0568200E-05  3.5779624E-03  3.6615790E-03  2.1245644E-06  7.3867974E-06  1.8656608E-03  9.0233153E-05  7.942E-07  0.5481  4.573082   -5.792  0.545545  7.644839  0.2731251E+00  0.7131847E+00  7.7435297E-05  2.1288679E-05  8.1152448E-03  1.6190813E-04  2.7369457E-07  8.1620815E-10  1.8043198E-03  2.9420005E-06  5.512E-06  4.227E-06  1.407E-05  9.979E-01  1.003E+00  5.62E+02  0.00E+00  4.41E+01  0.117444  0.263064  0.0000000E+00  2.5019259454E-01
 55  0.408233076739805E+07   36.221069  5.579269  4.570935  0.6488072E+00  0.3372664E+00  1.2725037E-03  6.0694277E-05  3.6675815E-03  3.5940684E-03  2.0945275E-06  7.2360846E-06  1.8650069E-03  8.8480113E-05  7.985E-07  0.5466  4.570935   -5.785  0.548102  7.645994  0.2647577E+00  0.7215523E+00  7.8503739E-05  2.1579287E-05  8.1154110E-03  1.5994473E-04  2.6426351E-07  7.3441997E-10  1.8028923E-03  2.9929197E-06  5.368E-06  3.980E-06  1.392E-05  9.981E-01  1.002E+00  5.58E+02  0.00E+00  4.19E+01  0.112624  0.265586  0.0000000E+00  2.4525179860E-01
 56  0.413364338456195E+07   36.136218  5.583440  4.568707  0.6446717E+00  0.3414063E+00  1.2469734E-03  6.0796489E-05  3.7553239E-03  3.5278945E-03  2.0646569E-06  7.0888325E-06  1.8643423E-03  8.6766959E-05  8.025E-07  0.5448  4.568707   -5.778  0.551228  7.647315  0.2563968E+00  0.7299132E+00  7.8297931E-05  2.1529960E-05  8.1178228E-03  1.5752602E-04  2.6114394E-07  7.3776792E-10  1.8014603E-03  3.0320988E-06  5.233E-06  3.716E-06  1.379E-05  9.983E-01  1.002E+00  5.53E+02  0.00E+00  3.95E+01  0.106980  0.268105  0.0000000E+00  2.4055253746E-01
 57  0.418470619916578E+07   36.050530  5.587528  4.566272  0.6404831E+00  0.3455992E+00  1.2221084E-03  6.0877293E-05  3.8410150E-03  3.4631995E-03  2.0350707E-06  6.9452921E-06  1.8636696E-03  8.5096759E-05  8.050E-07  0.5430  4.566272   -5.772  0.553808  7.648463  0.2480018E+00  0.7383085E+00  7.9563776E-05  2.1893453E-05  8.1178771E-03  1.5533992E-04  2.4941572E-07  6.4909678E-10  1.8000153E-03  3.0786872E-06  5.101E-06  3.476E-06  1.366E-05  9.984E-01  1.002E+00  5.48E+02  0.00E+00  3.79E+01  0.103533  0.270593  0.0000000E+00  2.3598708139E-01
 58  0.423395492444819E+07   35.966747  5.591503  4.563893  0.6363728E+00  0.3497135E+00  1.1986505E-03  6.0936400E-05  3.9220701E-03  3.4019432E-03  2.0067076E-06  6.8097597E-06  1.8630097E-03  8.3519626E-05  8.063E-07  0.5410  4.563893   -5.766  0.557065  7.649824  0.2396271E+00  0.7466832E+00  7.9643539E-05  2.1912680E-05  8.1200345E-03  1.5274823E-04  2.4509043E-07  6.3984711E-10  1.7985680E-03  3.1212012E-06  4.977E-06  3.238E-06  1.354E-05  9.985E-01  1.002E+00  5.43E+02  0.00E+00  3.58E+01  0.098912  0.273031  0.0000000E+00  2.3168972851E-01
 59  0.428235931640025E+07   35.883362  5.595458  4.561390  0.6322425E+00  0.3538478E+00  1.1759128E-03  6.0978998E-05  4.0008180E-03  3.3423783E-03  1.9788282E-06  6.6782893E-06  1.8623467E-03  8.1989755E-05  8.067E-07  0.5390  4.561390   -5.761  0.560417  7.651207  0.2312477E+00  0.7550628E+00  7.9841076E-05  2.1962593E-05  8.1218625E-03  1.5033817E-04  2.4069831E-07  6.6761584E-10  1.7971130E-03  3.1725680E-06  4.857E-06  3.016E-06  1.343E-05  9.987E-01  1.002E+00  5.38E+02  0.00E+00  3.32E+01  0.092406  0.275473  0.0000000E+00  2.2756740482E-01
 60  0.433002681362435E+07   35.800269  5.599465  4.558640  0.6282699E+00  0.3578240E+00  1.1547933E-03  6.1005790E-05  4.0741177E-03  3.2868900E-03  1.9525968E-06  6.5560897E-06  1.8617091E-03  8.0567841E-05  8.048E-07  0.5372  4.558640   -5.756  0.563701  7.652547  0.2229181E+00  0.7633925E+00  8.0678408E-05  2.2188857E-05  8.1224358E-03  1.4829463E-04  2.3384446E-07  5.6272921E-10  1.7956588E-03  3.2320932E-06  4.740E-06  2.792E-06  1.332E-05  9.988E-01  1.002E+00  5.33E+02  0.00E+00  3.20E+01  0.089980  0.277991  0.0000000E+00  2.2360463587E-01
 61  0.437694986545322E+07   35.717619  5.603447  4.555651  0.6244442E+00  0.3616532E+00  1.1351697E-03  6.1018862E-05  4.1423684E-03  3.2351832E-03  1.9279131E-06  6.4424663E-06  1.8610951E-03  7.9245871E-05  8.009E-07  0.5349  4.555651   -5.752  0.567315  7.653997  0.2145099E+00  0.7718008E+00  8.0799812E-05  2.2231181E-05  8.1241975E-03  1.4607147E-04  2.2925906E-07  5.8290317E-10  1.7941838E-03  3.2903552E-06  4.627E-06  2.631E-06  1.322E-05  9.989E-01  1.001E+00  5.27E+02  0.00E+00  3.07E+01  0.087399  0.280541  0.0000000E+00  2.1977906052E-01
 62  0.442235927708526E+07   35.636922  5.607247  4.552611  0.6205902E+00  0.3655105E+00  1.1160318E-03  6.1021430E-05  4.2090508E-03  3.1846305E-03  1.9035747E-06  6.3315882E-06  1.8604766E-03  7.7956044E-05  7.973E-07  0.5327  4.552611   -5.749  0.570714  7.655368  0.2061698E+00  0.7801412E+00  8.2066873E-05  2.2565571E-05  8.1244054E-03  1.4374136E-04  2.2042318E-07  5.2337340E-10  1.7927134E-03  3.3482861E-06  4.520E-06  2.420E-06  1.312E-05  9.990E-01  1.001E+00  5.22E+02  0.00E+00  2.83E+01  0.081307  0.282975  0.0000000E+00  2.1618334165E-01
 63  0.446701501738198E+07   35.556960  5.611134  4.549350  0.6165843E+00  0.3695199E+00  1.0967509E-03  6.1014349E-05  4.2763444E-03  3.1335828E-03  1.8788036E-06  6.2198184E-06  1.8598335E-03  7.6656105E-05  7.944E-07  0.5305  4.549350   -5.746  0.574659  7.656894  0.1977935E+00  0.7885175E+00  8.2274958E-05  2.2631476E-05  8.1261003E-03  1.4144969E-04  2.1616340E-07  4.9129871E-10  1.7912289E-03  3.4129767E-06  4.416E-06  2.252E-06  1.304E-05  9.991E-01  1.001E+00  5.16E+02  0.00E+00  2.71E+01  0.078858  0.285453  0.0000000E+00  2.1276610055E-01
 64  0.451069576051769E+07   35.478283  5.614938  4.545934  0.6133139E+00  0.3727929E+00  1.0814884E-03  6.1001354E-05  4.3296983E-03  3.0930860E-03  1.8590049E-06  6.1312950E-06  1.8593084E-03  7.5626788E-05  7.858E-07  0.5279  4.545934   -5.743  0.579001  7.658560  0.1894053E+00  0.7969056E+00  8.1767367E-05  2.2498540E-05  8.1287966E-03  1.3920949E-04  2.1503573E-07  5.3733366E-10  1.7897339E-03  3.4818865E-06  4.315E-06  2.044E-06  1.297E-05  9.992E-01  1.001E+00  5.10E+02  0.00E+00  2.55E+01  0.074918  0.288019  0.0000000E+00  2.0954358734E-01
 65  0.455335116071782E+07   35.401164  5.618741  4.542117  0.6104136E+00  0.3756956E+00  1.0683153E-03  6.0984632E-05  4.3758102E-03  3.0580689E-03  1.8417757E-06  6.0548559E-06  1.8588426E-03  7.4738214E-05  7.748E-07  0.5256  4.542117   -5.742  0.583249  7.660173  0.1810167E+00  0.8052944E+00  8.2328400E-05  2.2645092E-05  8.1299354E-03  1.3698462E-04  2.0973175E-07  4.9870668E-10  1.7882299E-03  3.5550755E-06  4.217E-06  1.883E-06  1.289E-05  9.992E-01  1.001E+00  5.04E+02  0.00E+00  2.40E+01  0.071416  0.290662  0.0000000E+00  2.0650408558E-01
 66  0.459520951900039E+07   35.325401  5.622453  4.537901  0.6081470E+00  0.3779640E+00  1.0582597E-03  6.0968301E-05  4.4110490E-03  3.0312981E-03  1.8285331E-06  5.9964845E-06  1.8584784E-03  7.4059847E-05  7.597E-07  0.5232  4.537901   -5.743  0.587266  7.661716  0.1726685E+00  0.8136428E+00  8.3630933E-05  2.3005374E-05  8.1298132E-03  1.3495207E-04  2.0149556E-07  4.5719273E-10  1.7867237E-03  3.6391310E-06  4.122E-06  1.776E-06  1.282E-05  9.993E-01  1.001E+00  4.98E+02  0.00E+00  2.29E+01  0.068902  0.293373  0.0000000E+00  2.0361472048E-01
 67  0.463669016507357E+07   35.250476  5.626232  4.533352  0.6063461E+00  0.3797663E+00  1.0504265E-03  6.0953284E-05  4.4385245E-03  3.0104182E-03  1.8181592E-06  5.9510000E-06  1.8581890E-03  7.3531378E-05  7.419E-07  0.5209  4.533352   -5.744  0.591784  7.663413  0.1642891E+00  0.8220224E+00  8.4325295E-05  2.3197028E-05  8.1304086E-03  1.3311485E-04  1.9631419E-07  4.6723872E-10  1.7852019E-03  3.7345516E-06  4.027E-06  1.664E-06  1.276E-05  9.994E-01  1.001E+00  4.91E+02  0.00E+00  2.12E+01  0.064641  0.296234  0.0000000E+00  2.0083288170E-01
 68  0.467696878076287E+07   35.178020  5.630024  4.528718  0.6047023E+00  0.3814113E+00  1.0433934E-03  6.0938101E-05  4.4632114E-03  2.9916527E-03  1.8088027E-06  5.9101520E-06  1.8579247E-03  7.3056886E-05  7.242E-07  0.5186  4.528718   -5.746  0.596909  7.665296  0.1559334E+00  0.8303780E+00  8.4212014E-05  2.3163796E-05  8.1322607E-03  1.3119208E-04  1.9425757E-07  4.3196502E-10  1.7836743E-03  3.8285619E-06  3.937E-06  1.490E-06  1.271E-05  9.994E-01  1.001E+00  4.84E+02  0.00E+00  2.02E+01  0.062619  0.299140  0.0000000E+00  1.9823338991E-01
 69  0.471653790329177E+07   35.107294  5.633642  4.523827  0.6031366E+00  0.3829781E+00  1.0367927E-03  6.0922436E-05  4.4863954E-03  2.9740258E-03  1.7999865E-06  5.8718071E-06  1.8576730E-03  7.2611569E-05  7.067E-07  0.5160  4.523827   -5.750  0.601689  7.667074  0.1475349E+00  0.8387767E+00  8.5406834E-05  2.3493580E-05  8.1322117E-03  1.2925562E-04  1.8748771E-07  4.1866055E-10  1.7821280E-03  3.9329261E-06  3.849E-06  1.372E-06  1.266E-05  9.995E-01  1.001E+00  4.77E+02  0.00E+00  1.91E+01  0.059920  0.301955  0.0000000E+00  1.9579087446E-01
 70  0.475538014124581E+07   35.038527  5.637363  4.518657  0.6017789E+00  0.3843369E+00  1.0311397E-03  6.0907987E-05  4.5062614E-03  2.9589188E-03  1.7924110E-06  5.8389615E-06  1.8574546E-03  7.2230196E-05  6.889E-07  0.5136  4.518657   -5.755  0.606951  7.668992  0.1391625E+00  0.8471492E+00  8.6310955E-05  2.3735357E-05  8.1324976E-03  1.2743089E-04  1.8224650E-07  3.9855375E-10  1.7805752E-03  4.0518820E-06  3.762E-06  1.243E-06  1.262E-05  9.995E-01  1.001E+00  4.70E+02  0.00E+00  1.77E+01  0.056510  0.304893  0.0000000E+00  1.9348659651E-01
 71  0.479154492261484E+07   34.975286  5.640843  4.512671  0.6010419E+00  0.3850744E+00  1.0280977E-03  6.0899828E-05  4.5169551E-03  2.9507858E-03  1.7883255E-06  5.8212851E-06  1.8573360E-03  7.2024984E-05  6.695E-07  0.5106  4.512671   -5.763  0.614039  7.671482  0.1307880E+00  0.8555232E+00  8.3107350E-05  2.2875793E-05  8.1393314E-03  1.2494238E-04  1.9021331E-07  3.4729447E-10  1.7790130E-03  4.1357110E-06  3.685E-06  6.634E-07  1.266E-05  9.998E-01  1.000E+00  4.61E+02  0.00E+00  1.01E+01  0.032915  0.307760  0.0000000E+00  1.9162842983E-01
 72  0.482437077414268E+07   34.918872  5.643905  4.508191  0.6008122E+00  0.3853043E+00  1.0271530E-03  6.0897245E-05  4.5202768E-03  2.9482595E-03  1.7870555E-06  5.8157951E-06  1.8572991E-03  7.1961252E-05  6.500E-07  0.5071  4.508191   -5.768  0.620216  7.673622  0.1223619E+00  0.8639495E+00  8.3613590E-05  2.3015530E-05  8.1413508E-03  1.2179355E-04  1.8401518E-07  3.3848793E-10  1.7774327E-03  4.2027302E-06  3.617E-06  4.292E-07  1.274E-05  9.999E-01  1.000E+00  4.46E+02  0.00E+00  6.77E+00  0.022752  0.310393  0.0000000E+00  1.9081186107E-01
 73  0.485655298152291E+07   34.864641  5.646954  4.501147  0.6004327E+00  0.3856841E+00  1.0255958E-03  6.0892932E-05  4.5257524E-03  2.9440947E-03  1.7849608E-06  5.8067455E-06  1.8572380E-03  7.1856203E-05  6.322E-07  0.5035  4.501147   -5.778  0.626712  7.675860  0.1140211E+00  0.8722904E+00  8.4152273E-05  2.3168197E-05  8.1428528E-03  1.1917618E-04  1.7842548E-07  3.3295782E-10  1.7758544E-03  4.3245637E-06  3.547E-06  5.924E-07  1.281E-05  9.999E-01  1.000E+00  4.46E+02  0.00E+00  9.36E+00  0.031456  0.312993  0.0000000E+00  1.9008503081E-01
 74  0.489066612134596E+07   34.808673  5.650385  4.495236  0.5997004E+00  0.3864169E+00  1.0226136E-03  6.0884348E-05  4.5362416E-03  2.9361159E-03  1.7809419E-06  5.7894135E-06  1.8571202E-03  7.1655037E-05  6.157E-07  0.5000  4.495236   -5.793  0.633570  7.678243  0.1055877E+00  0.8807240E+00  8.5063716E-05  2.3419452E-05  8.1432007E-03  1.1725957E-04  1.7280909E-07  3.2517387E-10  1.7742396E-03  4.4988967E-06  3.469E-06  5.356E-07  1.284E-05  9.999E-01  1.000E+00  4.39E+02  0.00E+00  8.93E+00  0.030517  0.315837  0.0000000E+00  1.8878491453E-01
 75  0.492194722691952E+07   34.758503  5.653513  4.490553  0.5992288E+00  0.3868888E+00  1.0207084E-03  6.0878635E-05  4.5429452E-03  2.9310161E-03  1.7783691E-06  5.7783391E-06  1.8570442E-03  7.1526521E-05  5.998E-07  0.4956  4.490553   -5.801  0.641094  7.680802  0.9718244E-01  0.8891294E+00  8.5689938E-05  2.3594246E-05  8.1440873E-03  1.1520079E-04  1.6814848E-07  3.1911998E-10  1.7726170E-03  4.6874866E-06  3.399E-06  3.845E-07  1.294E-05  9.999E-01  1.000E+00  4.27E+02  0.00E+00  6.69E+00  0.023488  0.318486  0.0000000E+00  1.8810061108E-01
 76  0.495264905276025E+07   34.710677  5.656620  4.484477  0.5987506E+00  0.3873673E+00  1.0187802E-03  6.0872805E-05  4.5497299E-03  2.9258546E-03  1.7757642E-06  5.7671313E-06  1.8569673E-03  7.1396461E-05  5.847E-07  0.4910  4.484477   -5.814  0.649183  7.683543  0.8880959E-01  0.8975023E+00  8.6360315E-05  2.3781134E-05  8.1447022E-03  1.1337851E-04  1.6383960E-07  3.1370703E-10  1.7709823E-03  4.8967450E-06  3.329E-06  3.447E-07  1.305E-05  9.999E-01  1.000E+00  4.17E+02  0.00E+00  6.19E+00  0.022281  0.321118  0.0000000E+00  1.8742652073E-01
 77  0.498277159886813E+07   34.665225  5.659716  4.478308  0.5983541E+00  0.3877641E+00  1.0171839E-03  6.0867938E-05  4.5553471E-03  2.9215811E-03  1.7736068E-06  5.7578525E-06  1.8569035E-03  7.1288789E-05  5.699E-07  0.4864  4.478308   -5.829  0.658015  7.686503  0.8045986E-01  0.9058521E+00  8.7084340E-05  2.3982743E-05  8.1450948E-03  1.1172042E-04  1.5976268E-07  3.0874460E-10  1.7693318E-03  5.1322626E-06  3.260E-06  3.600E-07  1.318E-05  9.999E-01  1.000E+00  4.14E+02  0.00E+00  6.55E+00  0.023732  0.323759  0.0000000E+00  1.8680071998E-01
 78  0.501231486524317E+07   34.622225  5.662902  4.471717  0.5978881E+00  0.3882305E+00  1.0153108E-03  6.0862180E-05  4.5619387E-03  2.9165662E-03  1.7710743E-06  5.7469645E-06  1.8568284E-03  7.1162448E-05  5.561E-07  0.4813  4.471717   -5.845  0.667660  7.689726  0.7213394E-01  0.9141781E+00  8.7870104E-05  2.4201966E-05  8.1453032E-03  1.1016874E-04  1.5582300E-07  3.0404423E-10  1.7676635E-03  5.4002547E-06  3.191E-06  2.856E-07  1.332E-05  9.999E-01  1.000E+00  3.99E+02  0.00E+00  5.65E+00  0.021214  0.326453  0.0000000E+00  1.8619591192E-01
 79  0.504178861805027E+07   34.581011  5.666091  4.465050  0.5973748E+00  0.3887442E+00  1.0132536E-03  6.0855766E-05  4.5691791E-03  2.9110575E-03  1.7682908E-06  5.7350058E-06  1.8567458E-03  7.1023691E-05  5.429E-07  0.4763  4.465050   -5.863  0.678551  7.693340  0.6367995E-01  0.9226322E+00  8.8783119E-05  2.4456278E-05  8.1453011E-03  1.0864496E-04  1.5178169E-07  2.9938745E-10  1.7659434E-03  5.7180500E-06  3.123E-06  2.830E-07  1.349E-05  9.999E-01  1.000E+00  3.94E+02  0.00E+00  5.75E+00  0.021866  0.329146  0.0000000E+00  1.8563414673E-01
 80  0.507011887266476E+07   34.543033  5.669294  4.458461  0.5969819E+00  0.3891373E+00  1.0116827E-03  6.0850817E-05  4.5747085E-03  2.9068505E-03  1.7661642E-06  5.7258737E-06  1.8566825E-03  7.0917736E-05  5.301E-07  0.4707  4.458461   -5.882  0.690385  7.697267  0.5541157E-01  0.9309007E+00  9.0041342E-05  2.4806367E-05  8.1447632E-03  1.0715578E-04  1.4719599E-07  2.9487701E-10  1.7642320E-03  6.0897716E-06  3.056E-06  2.510E-07  1.369E-05  9.999E-01  1.000E+00  3.85E+02  0.00E+00  5.36E+00  0.020891  0.331865  0.0000000E+00  1.8510507622E-01
 81  0.509850647597280E+07   34.506623  5.672553  4.451818  0.5966007E+00  0.3895188E+00  1.0101637E-03  6.0845954E-05  4.5800555E-03  2.9027820E-03  1.7641062E-06  5.7170434E-06  1.8566212E-03  7.0815290E-05  5.174E-07  0.4652  4.451818   -5.902  0.704426  7.701886  0.4698276E-01  0.9393296E+00  9.1172611E-05  2.5122071E-05  8.1444715E-03  1.0559654E-04  1.4312343E-07  2.8993971E-10  1.7624528E-03  6.5301219E-06  2.990E-06  2.616E-07  1.393E-05  9.999E-01  1.000E+00  3.81E+02  0.00E+00  5.59E+00  0.022003  0.334637  0.0000000E+00  1.8463869482E-01
 82  0.512637794103888E+07   34.472478  5.675906  4.445386  0.5960153E+00  0.3901046E+00  1.0078411E-03  6.0838361E-05  4.5882334E-03  2.8965594E-03  1.7609559E-06  5.7035399E-06  1.8565269E-03  7.0658641E-05  5.062E-07  0.4593  4.445386   -5.921  0.721115  7.707373  0.3856120E-01  0.9477513E+00  9.2512924E-05  2.5497003E-05  8.1439474E-03  1.0395138E-04  1.3884562E-07  2.8449358E-10  1.7606346E-03  7.0593325E-06  2.924E-06  2.239E-07  1.423E-05  9.999E-01  1.000E+00  3.70E+02  0.00E+00  5.06E+00  0.020497  0.337442  0.0000000E+00  1.8417254461E-01
 83  0.515321712962102E+07   34.440999  5.679331  4.439503  0.5954361E+00  0.3906843E+00  1.0055490E-03  6.0830778E-05  4.5963041E-03  2.8904180E-03  1.7578452E-06  5.6902141E-06  1.8564336E-03  7.0504062E-05  4.957E-07  0.4532  4.439503   -5.939  0.741487  7.714054  0.3031067E-01  0.9560021E+00  9.4149131E-05  2.5954956E-05  8.1430752E-03  1.0220770E-04  1.3439032E-07  2.7830539E-10  1.7588089E-03  7.6995301E-06  2.862E-06  2.160E-07  1.461E-05  9.999E-01  1.000E+00  3.65E+02  0.00E+00  5.03E+00  0.020663  0.340300  0.0000000E+00  1.8373931825E-01
 84  0.518005631820317E+07   34.410687  5.682939  4.434451  0.5949103E+00  0.3912104E+00  1.0034787E-03  6.0823775E-05  4.6035953E-03  2.8848695E-03  1.7550322E-06  5.6781769E-06  1.8563489E-03  7.0364446E-05  4.851E-07  0.4473  4.434451   -5.954  0.768926  7.723056  0.2193982E-01  0.9643733E+00  9.6359054E-05  2.6574902E-05  8.1415598E-03  1.0023527E-04  1.2953342E-07  2.7044705E-10  1.7569049E-03  8.5352038E-06  2.799E-06  2.119E-07  1.517E-05  9.999E-01  1.000E+00  3.61E+02  0.00E+00  5.05E+00  0.020986  0.343328  0.0000000E+00  1.8333907994E-01
 85  0.520668905148852E+07   34.381272  5.687006  4.431811  0.5943633E+00  0.3917577E+00  1.0013354E-03  6.0816361E-05  4.6111451E-03  2.8791239E-03  1.7521165E-06  5.6657143E-06  1.8562608E-03  7.0219911E-05  4.750E-07  0.4420  4.431811   -5.957  0.809756  7.736491  0.1357996E-01  0.9727337E+00  9.9391408E-05  2.7429410E-05  8.1391191E-03  9.7935484E-05  1.2460292E-07  2.5948471E-10  1.7549434E-03  9.6749241E-06  2.737E-06  2.075E-07  1.608E-05  9.999E-01  1.000E+00  3.58E+02  0.00E+00  5.10E+00  0.021339  0.346737  0.0000000E+00  1.8293589817E-01
 86  0.520896005975316E+07   34.378760  5.687375  4.431849  0.5943136E+00  0.3918075E+00  1.0011406E-03  6.0815683E-05  4.6118312E-03  2.8786017E-03  1.7518515E-06  5.6645818E-06  1.8562528E-03  7.0206776E-05  4.741E-07  0.4416  4.431849   -5.956  0.814286  7.737990  0.1286999E-01  0.9734437E+00  9.9763098E-05  2.7534370E-05  8.1387650E-03  9.7715910E-05  1.2413757E-07  2.5827661E-10  1.7547737E-03  9.7953869E-06  2.732E-06  1.897E-07  1.619E-05  9.999E-01  1.000E+00  3.55E+02  0.00E+00  4.75E+00  0.020079  0.347045  0.0000000E+00  1.8290252129E-01
 87  0.521066331595165E+07   34.376871  5.687653  4.431911  0.5942965E+00  0.3918246E+00  1.0010740E-03  6.0815451E-05  4.6120660E-03  2.8784231E-03  1.7517608E-06  5.6641943E-06  1.8562501E-03  7.0202282E-05  4.734E-07  0.4413  4.431911   -5.955  0.817848  7.739169  0.1233797E-01  0.9739758E+00  1.0005652E-04  2.7617133E-05  8.1384808E-03  9.7548043E-05  1.2378626E-07  2.5733352E-10  1.7546463E-03  9.8888103E-06  2.728E-06  2.004E-07  1.627E-05  9.999E-01  1.000E+00  3.56E+02  0.00E+00  4.90E+00  0.020624  0.347283  0.0000000E+00  1.8287956539E-01
 88  0.521236657215013E+07   34.374978  5.687924  4.431972  0.5942803E+00  0.3918408E+00  1.0010107E-03  6.0815230E-05  4.6122890E-03  2.8782534E-03  1.7516746E-06  5.6638262E-06  1.8562474E-03  7.0198014E-05  4.727E-07  0.4413  4.431972   -5.954  0.821616  7.740403  0.1180692E-01  0.9745069E+00  1.0036253E-04  2.7703628E-05  8.1381803E-03  9.7377431E-05  1.2343600E-07  2.5634920E-10  1.7545187E-03  9.9849411E-06  2.724E-06  2.122E-07  1.636E-05  9.999E-01  1.000E+00  3.59E+02  0.00E+00  5.21E+00  0.021724  0.347515  0.0000000E+00  1.8285408013E-01
 89  0.521406982834861E+07   34.373081  5.688220  4.432049  0.5942456E+00  0.3918755E+00  1.0008750E-03  6.0814756E-05  4.6127668E-03  2.8778897E-03  1.7514900E-06  5.6630374E-06  1.8562419E-03  7.0188866E-05  4.721E-07  0.4411  4.432049   -5.953  0.825535  7.741690  0.1127413E-01  0.9750397E+00  1.0068719E-04  2.7794826E-05  8.1378563E-03  9.7203058E-05  1.2308289E-07  2.5533134E-10  1.7543905E-03  1.0084402E-05  2.720E-06  2.164E-07  1.645E-05  9.999E-01  1.000E+00  3.59E+02  0.00E+00  5.20E+00  0.021694  0.347764  0.0000000E+00  1.8282623619E-01
 90  0.521577308454709E+07   34.371179  5.688539  4.432118  0.5942134E+00  0.3919077E+00  1.0007491E-03  6.0814316E-05  4.6132105E-03  2.8775521E-03  1.7513186E-06  5.6623051E-06  1.8562367E-03  7.0180374E-05  4.714E-07  0.4408  4.432118   -5.952  0.829634  7.743038  0.1074176E-01  0.9755722E+00  1.0102405E-04  2.7890153E-05  8.1375164E-03  9.7025397E-05  1.2273049E-07  2.5425964E-10  1.7542621E-03  1.0187000E-05  2.716E-06  2.001E-07  1.655E-05  9.999E-01  1.000E+00  3.57E+02  0.00E+00  4.96E+00  0.020856  0.348032  0.0000000E+00  1.8279989528E-01
 91  0.521747634074557E+07   34.369273  5.688874  4.432236  0.5941836E+00  0.3919376E+00  1.0006327E-03  6.0813909E-05  4.6136207E-03  2.8772399E-03  1.7511601E-06  5.6616281E-06  1.8562319E-03  7.0172522E-05  4.708E-07  0.4405  4.432236   -5.950  0.833917  7.744451  0.1021131E-01  0.9761027E+00  1.0137640E-04  2.7989878E-05  8.1371564E-03  9.6844710E-05  1.2238206E-07  2.5313484E-10  1.7541339E-03  1.0292658E-05  2.712E-06  1.851E-07  1.666E-05  9.999E-01  1.000E+00  3.53E+02  0.00E+00  4.59E+00  0.019512  0.348313  0.0000000E+00  1.8277529893E-01
 92  0.521917959694405E+07   34.367359  5.689207  4.432420  0.5941765E+00  0.3919447E+00  1.0006047E-03  6.0813811E-05  4.6137191E-03  2.8771650E-03  1.7511221E-06  5.6614656E-06  1.8562307E-03  7.0170638E-05  4.700E-07  0.4404  4.432420   -5.949  0.838400  7.745932  0.9682716E-02  0.9766314E+00  1.0174655E-04  2.8094655E-05  8.1367731E-03  9.6660752E-05  1.2203555E-07  2.5195985E-10  1.7540058E-03  1.0401593E-05  2.708E-06  1.967E-07  1.677E-05  9.999E-01  1.000E+00  3.56E+02  0.00E+00  4.89E+00  0.020580  0.348598  0.0000000E+00  1.8275102823E-01
 93  0.522082607793592E+07   34.365502  5.689524  4.432661  0.5941711E+00  0.3919501E+00  1.0005836E-03  6.0813737E-05  4.6137933E-03  2.8771085E-03  1.7510934E-06  5.6613431E-06  1.8562298E-03  7.0169217E-05  4.693E-07  0.4402  4.432661   -5.947  0.842923  7.747427  0.9172550E-02  0.9771416E+00  1.0227351E-04  2.8239665E-05  8.1361619E-03  9.6478780E-05  1.2161151E-07  2.5067075E-10  1.7538819E-03  1.0511426E-05  2.704E-06  2.151E-07  1.688E-05  9.999E-01  1.000E+00  3.59E+02  0.00E+00  5.17E+00  0.021587  0.348871  0.0000000E+00  1.8272683730E-01
 94  0.522286998537410E+07   34.363184  5.689923  4.433047  0.5941384E+00  0.3919828E+00  1.0004561E-03  6.0813289E-05  4.6142426E-03  2.8767666E-03  1.7509198E-06  5.6606015E-06  1.8562246E-03  7.0160617E-05  4.685E-07  0.4401  4.433047   -5.944  0.848862  7.749392  0.8539337E-02  0.9777750E+00  1.0295124E-04  2.8434936E-05  8.1353652E-03  9.6245889E-05  1.2108879E-07  2.4887586E-10  1.7537278E-03  1.0655276E-05  2.699E-06  2.004E-07  1.703E-05  9.999E-01  1.000E+00  3.57E+02  0.00E+00  4.88E+00  0.020537  0.349207  0.0000000E+00  1.8269462085E-01
 95  0.522440291595273E+07   34.361435  5.690234  4.433395  0.5941137E+00  0.3920076E+00  1.0003595E-03  6.0812950E-05  4.6145830E-03  2.8765075E-03  1.7507882E-06  5.6600396E-06  1.8562206E-03  7.0154102E-05  4.679E-07  0.4400  4.433395   -5.942  0.853640  7.750972  0.8066049E-02  0.9782483E+00  1.0337092E-04  2.8554887E-05  8.1349031E-03  9.6067239E-05  1.2077973E-07  2.4757990E-10  1.7536124E-03  1.0766540E-05  2.696E-06  1.869E-07  1.715E-05  9.999E-01  1.000E+00  3.55E+02  0.00E+00  4.68E+00  0.019785  0.349470  0.0000000E+00  1.8267216478E-01
 96  0.522614023727518E+07   34.359441  5.690588  4.433840  0.5940929E+00  0.3920284E+00  1.0002783E-03  6.0812664E-05  4.6148692E-03  2.8762897E-03  1.7506776E-06  5.6595672E-06  1.8562172E-03  7.0148624E-05  4.672E-07  0.4400  4.433840   -5.939  0.859251  7.752829  0.7527375E-02  0.9787872E+00  1.0461166E-04  2.8892086E-05  8.1332775E-03  9.5856690E-05  1.2011407E-07  2.4515992E-10  1.7534807E-03  1.0902496E-05  2.692E-06  2.040E-07  1.729E-05  9.999E-01  1.000E+00  3.58E+02  0.00E+00  4.98E+00  0.020857  0.349770  0.0000000E+00  1.8264607505E-01
 97  0.522792865628359E+07   34.357374  5.690973  4.434381  0.5940588E+00  0.3920625E+00  1.0001452E-03  6.0812195E-05  4.6153380E-03  2.8759329E-03  1.7504964E-06  5.6587935E-06  1.8562118E-03  7.0139650E-05  4.665E-07  0.4399  4.434381   -5.936  0.865501  7.754896  0.6969635E-02  0.9793452E+00  1.0557129E-04  2.9178702E-05  8.1320485E-03  9.5629685E-05  1.1961222E-07  2.4286227E-10  1.7533441E-03  1.1053410E-05  2.688E-06  1.889E-07  1.745E-05  9.999E-01  1.000E+00  3.55E+02  0.00E+00  4.63E+00  0.019577  0.350095  0.0000000E+00  1.8261942496E-01
 98  0.522957400177132E+07   34.355458  5.691354  4.434956  0.5940332E+00  0.3920881E+00  1.0000455E-03  6.0811844E-05  4.6156892E-03  2.8756656E-03  1.7503607E-06  5.6582138E-06  1.8562076E-03  7.0132928E-05  4.659E-07  0.4400  4.434956   -5.932  0.871760  7.756965  0.6457167E-02  0.9798578E+00  1.0660992E-04  2.9466060E-05  8.1307166E-03  9.5413906E-05  1.1921521E-07  2.4033873E-10  1.7532184E-03  1.1197920E-05  2.684E-06  2.004E-07  1.761E-05  9.999E-01  1.000E+00  3.58E+02  0.00E+00  4.88E+00  0.020480  0.350416  0.0000000E+00  1.8259559765E-01
 99  0.523129088401939E+07   34.353440  5.691777  4.435646  0.5940001E+00  0.3921212E+00  9.9991617E-04  6.0811388E-05  4.6161448E-03  2.8753189E-03  1.7501846E-06  5.6574618E-06  1.8562023E-03  7.0124208E-05  4.653E-07  0.4400  4.435646   -5.928  0.878836  7.759304  0.5921627E-02  0.9803936E+00  1.0754094E-04  2.9740612E-05  8.1295402E-03  9.5179633E-05  1.1890840E-07  2.3795327E-10  1.7530869E-03  1.1356836E-05  2.680E-06  1.912E-07  1.780E-05  9.999E-01  1.000E+00  3.56E+02  0.00E+00  4.69E+00  0.019750  0.350771  0.0000000E+00  1.8256999627E-01
100  0.523289330745092E+07   34.351538  5.692201  4.436389  0.5939813E+00  0.3921401E+00  9.9984284E-04  6.0811128E-05  4.6164032E-03  2.8751222E-03  1.7500847E-06  5.6570354E-06  1.8561993E-03  7.0119263E-05  4.646E-07  0.4402  4.436389   -5.924  0.886054  7.761690  0.5422841E-02  0.9808925E+00  1.0851994E-04  3.0017138E-05  8.1282987E-03  9.4953248E-05  1.1868958E-07  2.3534113E-10  1.7529643E-03  1.1510798E-05  2.676E-06  1.972E-07  1.799E-05  9.999E-01  1.000E+00  3.57E+02  0.00E+00  4.79E+00  0.020092  0.351128  0.0000000E+00  1.8254571321E-01
101  0.523467028057767E+07   34.349405  5.692709  4.437345  0.5939587E+00  0.3921627E+00  9.9975481E-04  6.0810817E-05  4.6167133E-03  2.8748862E-03  1.7499648E-06  5.6565235E-06  1.8561956E-03  7.0113327E-05  4.639E-07  0.4404  4.437345   -5.918  0.894871  7.764602  0.4871848E-02  0.9814437E+00  1.0952706E-04  3.0302304E-05  8.1270447E-03  9.4693048E-05  1.1854413E-07  2.3243039E-10  1.7528288E-03  1.1687997E-05  2.672E-06  1.950E-07  1.823E-05  9.999E-01  1.000E+00  3.57E+02  0.00E+00  4.69E+00  0.019713  0.351556  0.0000000E+00  1.8251873952E-01
102  0.523652451340559E+07   34.347149  5.693285  4.438516  0.5939232E+00  0.3921982E+00  9.9961636E-04  6.0810327E-05  4.6172011E-03  2.8745149E-03  1.7497762E-06  5.6557184E-06  1.8561899E-03  7.0103991E-05  4.632E-07  0.4407  4.438516   -5.912  0.905090  7.767978  0.4298781E-02  0.9820170E+00  1.1073479E-04  3.0650128E-05  8.1255099E-03  9.4409117E-05  1.1847593E-07  2.2912675E-10  1.7526879E-03  1.1883111E-05  2.668E-06  1.962E-07  1.851E-05  9.999E-01  1.000E+00  3.58E+02  0.00E+00  4.70E+00  0.019702  0.352038  0.0000000E+00  1.8249024875E-01
103  0.523837874623350E+07   34.344854  5.693921  4.439884  0.5938914E+00  0.3922300E+00  9.9949270E-04  6.0809888E-05  4.6176368E-03  2.8741834E-03  1.7496078E-06  5.6549993E-06  1.8561848E-03  7.0095653E-05  4.625E-07  0.4407  4.439884   -5.904  0.916514  7.771755  0.3734185E-02  0.9825818E+00  1.1184458E-04  3.0966436E-05  8.1241325E-03  9.4114584E-05  1.1851018E-07  2.2577667E-10  1.7525494E-03  1.2085558E-05  2.663E-06  2.071E-07  1.883E-05  9.999E-01  1.000E+00  3.61E+02  0.00E+00  4.89E+00  0.020321  0.352570  0.0000000E+00  1.8246175802E-01
104  0.524023297906142E+07   34.342516  5.694631  4.441505  0.5938669E+00  0.3922545E+00  9.9939733E-04  6.0809549E-05  4.6179728E-03  2.8739276E-03  1.7494779E-06  5.6544448E-06  1.8561808E-03  7.0089222E-05  4.618E-07  0.4414  4.441505   -5.895  0.929408  7.776021  0.3190881E-02  0.9831254E+00  1.1308044E-04  3.1317602E-05  8.1225768E-03  9.3812772E-05  1.1865797E-07  2.2205389E-10  1.7524166E-03  1.2294541E-05  2.659E-06  2.121E-07  1.920E-05  9.999E-01  1.000E+00  3.62E+02  0.00E+00  4.95E+00  0.020497  0.353166  0.0000000E+00  1.8243265317E-01
105  0.524185543278585E+07   34.340427  5.695328  4.443230  0.5938488E+00  0.3922727E+00  9.9932654E-04  6.0809298E-05  4.6182222E-03  2.8737378E-03  1.7493814E-06  5.6540331E-06  1.8561779E-03  7.0084449E-05  4.611E-07  0.4419  4.443230   -5.886  0.942491  7.780342  0.2713848E-02  0.9836027E+00  1.1435516E-04  3.1679185E-05  8.1209449E-03  9.3533251E-05  1.1890338E-07  2.1830449E-10  1.7523007E-03  1.2489557E-05  2.655E-06  2.146E-07  1.958E-05  9.999E-01  1.000E+00  3.65E+02  0.00E+00  5.10E+00  0.020962  0.353750  0.0000000E+00  1.8240555931E-01
106  0.524394144471725E+07   34.337668  5.696382  4.445925  0.5938082E+00  0.3923132E+00  9.9916869E-04  6.0808735E-05  4.6187784E-03  2.8733145E-03  1.7491663E-06  5.6531152E-06  1.8561714E-03  7.0073805E-05  4.603E-07  0.4424  4.445925   -5.872  0.962382  7.786909  0.2122470E-02  0.9841944E+00  1.1627883E-04  3.2224297E-05  8.1184411E-03  9.3159031E-05  1.1948941E-07  2.1266004E-10  1.7521594E-03  1.2753504E-05  2.650E-06  2.354E-07  2.018E-05  9.999E-01  1.000E+00  3.69E+02  0.00E+00  5.31E+00  0.021595  0.354630  0.0000000E+00  1.8236927693E-01
107  0.524579567754517E+07   34.335129  5.697577  4.448926  0.5937742E+00  0.3923473E+00  9.9903625E-04  6.0808263E-05  4.6192450E-03  2.8729594E-03  1.7489859E-06  5.6523451E-06  1.8561659E-03  7.0064874E-05  4.597E-07  0.4428  4.448926   -5.856  0.984657  7.794249  0.1616808E-02  0.9847005E+00  1.1838237E-04  3.2819152E-05  8.1156533E-03  9.2808042E-05  1.2043970E-07  2.0644039E-10  1.7520439E-03  1.3003136E-05  2.646E-06  2.480E-07  2.087E-05  9.999E-01  1.000E+00  3.72E+02  0.00E+00  5.48E+00  0.022059  0.355625  0.0000000E+00  1.8233462457E-01
108  0.524806711275936E+07   34.331869  5.699607  4.453792  0.5937274E+00  0.3923941E+00  9.9885421E-04  6.0807613E-05  4.6198864E-03  2.8724712E-03  1.7487378E-06  5.6512865E-06  1.8561584E-03  7.0052600E-05  4.588E-07  0.4429  4.453792   -5.831  1.021685  7.806420  0.1035261E-02  0.9852826E+00  1.2122464E-04  3.3620475E-05  8.1118685E-03  9.2356881E-05  1.2224526E-07  1.9772887E-10  1.7519278E-03  1.3322293E-05  2.641E-06  2.697E-07  2.207E-05  9.999E-01  1.000E+00  3.79E+02  0.00E+00  5.79E+00  0.022920  0.357315  0.0000000E+00  1.8228738825E-01
109  0.525054019579359E+07   34.328050  5.703176  4.461235  0.5936828E+00  0.3924388E+00  9.9868086E-04  6.0806992E-05  4.6204972E-03  2.8720064E-03  1.7485016E-06  5.6502784E-06  1.8561512E-03  7.0040911E-05  4.579E-07  0.4417  4.461235   -5.793  1.084815  7.827090  0.4867447E-03  0.9858320E+00  1.2560312E-04  3.4844357E-05  8.1058843E-03  9.1849814E-05  1.2631959E-07  1.8395388E-10  1.7518701E-03  1.3677583E-05  2.635E-06  2.910E-07  2.428E-05  9.999E-01  1.000E+00  3.86E+02  0.00E+00  6.03E+00  0.023461  0.360294  0.0000000E+00  1.8223079962E-01
110  0.525469583194666E+07   34.320091  5.725057  4.490881  0.5935394E+00  0.3925823E+00  9.9812350E-04  6.0804993E-05  4.6224611E-03  2.8705116E-03  1.7477419E-06  5.6470373E-06  1.8561281E-03  7.0003328E-05  4.566E-07  0.2906  4.490881   -5.633  1.542051  7.970270  0.4826366E-07  0.9863222E+00  1.4442092E-04  3.9777515E-05  8.0791733E-03  9.1196424E-05  1.6527759E-07  8.4887063E-11  1.7522188E-03  1.4151478E-05  2.625E-06  4.282E-07  4.742E-05  9.999E-01  1.000E+00  4.14E+02  0.00E+00  7.73E+00  0.028020  0.378965  0.0000000E+00  1.8209674029E-01
111  0.525501289159390E+07   34.319358  5.724071  4.490815  0.5935109E+00  0.3926108E+00  9.9801293E-04  6.0804596E-05  4.6228506E-03  2.8702151E-03  1.7475912E-06  5.6463943E-06  1.8561235E-03  6.9995873E-05  4.566E-07  0.2663  4.490815   -5.638  1.558427  7.971503  0.0000000E+00  0.9863223E+00  1.4445141E-04  3.9777411E-05  8.0791388E-03  9.1198145E-05  1.6540413E-07  7.9147517E-11  1.7522193E-03  1.4151653E-05  2.624E-06  3.541E-07  4.859E-05  9.999E-01  1.000E+00  4.13E+02  0.00E+00  6.94E+00  0.025214  0.378107  0.0000000E+00  1.8208351149E-01
112  0.525533831638280E+07   34.318611  5.723491  4.489930  0.5934983E+00  0.3926233E+00  9.9796415E-04  6.0804421E-05  4.6230225E-03  2.8700843E-03  1.7475247E-06  5.6461107E-06  1.8561215E-03  6.9992584E-05  4.565E-07  0.2456  4.489930   -5.642  1.613623  7.987171  0.0000000E+00  0.9863223E+00  1.4445177E-04  3.9770757E-05  8.0791359E-03  9.1206342E-05  1.6540515E-07  7.8871107E-11  1.7522193E-03  1.4151653E-05  2.623E-06  6.597E-08  5.261E-05  1.000E+00  1.000E+00  3.42E+02  0.00E+00  1.87E+00  0.008218  0.377608  0.0000000E+00  1.8207693554E-01
113  0.525563114401541E+07   34.317954  5.722641  4.486408  0.5934752E+00  0.3926465E+00  9.9787424E-04  6.0804097E-05  4.6233394E-03  2.8698432E-03  1.7474021E-06  5.6455878E-06  1.8561177E-03  6.9986521E-05  4.564E-07  0.2324  4.486408   -5.656  1.658677  7.999681  0.0000000E+00  0.9863223E+00  1.4445259E-04  3.9756639E-05  8.0791297E-03  9.1223738E-05  1.6540751E-07  7.8220625E-11  1.7522191E-03  1.4151652E-05  2.622E-06  1.624E-08  5.614E-05  1.000E+00  1.000E+00  3.07E+02  0.00E+00  9.22E-01  0.004503  0.376871  0.0000000E+00  1.8207577883E-01
114  0.525598655200389E+07   34.317199  5.722593  4.477398  0.5934420E+00  0.3926797E+00  9.9774550E-04  6.0803634E-05  4.6237930E-03  2.8694979E-03  1.7472266E-06  5.6448391E-06  1.8561124E-03  6.9977840E-05  4.564E-07  0.2155  4.477398   -5.688  1.705046  8.011889  0.0000000E+00  0.9863223E+00  1.4445493E-04  3.9719060E-05  8.0791134E-03  9.1270049E-05  1.6541425E-07  7.6490346E-11  1.7522186E-03  1.4151650E-05  2.619E-06  3.204E-08  5.948E-05  1.000E+00  1.000E+00  3.18E+02  0.00E+00  1.34E+00  0.006316  0.376829  0.0000000E+00  1.8207475702E-01
115  0.525628757180020E+07   34.316616  5.723913  4.465551  0.5934350E+00  0.3926867E+00  9.9771807E-04  6.0803535E-05  4.6238896E-03  2.8694243E-03  1.7471892E-06  5.6446796E-06  1.8561112E-03  6.9975991E-05  4.563E-07  0.2059  4.465551   -5.729  1.741509  8.021274  0.0000000E+00  0.9863222E+00  1.4445902E-04  3.9656206E-05  8.0790860E-03  9.1347521E-05  1.6542614E-07  7.4055455E-11  1.7522177E-03  1.4151647E-05  2.616E-06  4.997E-08  6.335E-05  1.000E+00  1.000E+00  3.24E+02  0.00E+00  1.80E+00  0.008315  0.377982  0.0000000E+00  1.8207353567E-01
116  0.525656058975498E+07   34.316144  5.726561  4.451503  0.5934289E+00  0.3926929E+00  9.9769433E-04  6.0803450E-05  4.6239733E-03  2.8693607E-03  1.7471568E-06  5.6445416E-06  1.8561103E-03  6.9974390E-05  4.562E-07  0.1940  4.451503   -5.780  1.773049  8.029270  0.0000000E+00  0.9863222E+00  1.4446506E-04  3.9565442E-05  8.0790466E-03  9.1459418E-05  1.6544391E-07  7.1563604E-11  1.7522165E-03  1.4151643E-05  2.612E-06  6.483E-08  6.598E-05  1.000E+00  1.000E+00  3.20E+02  0.00E+00  2.03E+00  0.009501  0.380297  0.0000000E+00  1.8207187888E-01
117  0.525689731189922E+07   34.315646  5.731703  4.430244  0.5934238E+00  0.3926979E+00  9.9767460E-04  6.0803379E-05  4.6240428E-03  2.8693078E-03  1.7471300E-06  5.6444269E-06  1.8561094E-03  6.9973060E-05  4.561E-07  0.1841  4.430244   -5.864  1.824665  8.044052  0.0000000E+00  0.9863222E+00  1.4448206E-04  3.9320653E-05  8.0789381E-03  9.1761348E-05  1.6549446E-07  7.2177654E-11  1.7522131E-03  1.4151633E-05  2.601E-06  3.680E-08  7.117E-05  1.000E+00  1.000E+00  2.98E+02  0.00E+00  1.68E+00  0.008474  0.384831  0.0000000E+00  1.8206968340E-01
118  0.525718398075175E+07   34.314694  5.736449  4.409492  0.5934148E+00  0.3927069E+00  9.9763977E-04  6.0803253E-05  4.6241656E-03  2.8692144E-03  1.7470825E-06  5.6442243E-06  1.8561080E-03  6.9970711E-05  4.560E-07  0.1800  4.409492   -4.797  1.866765  8.056052  0.0000000E+00  0.9863220E+00  1.4451398E-04  3.8878137E-05  8.0787383E-03  9.2307604E-05  1.6559030E-07  8.9479424E-11  1.7522071E-03  1.4151613E-05  2.582E-06  1.996E-08  7.570E-05  1.000E+00  1.000E+00  2.76E+02  0.00E+00  1.33E+00  0.007232  0.389068  0.0000000E+00  1.8206725345E-01
119  0.525747064960427E+07   34.310199  5.740906  4.387461  0.5933863E+00  0.3927355E+00  9.9752891E-04  6.0802854E-05  4.6245562E-03  2.8689170E-03  1.7469313E-06  5.6435796E-06  1.8561034E-03  6.9963236E-05  4.560E-07  0.1777  4.387461   -4.811  1.908014  8.067828  0.0000000E+00  0.9863218E+00  1.4457313E-04  3.8089510E-05  8.0783774E-03  9.3281948E-05  1.6576740E-07  1.5322083E-10  1.7521963E-03  1.4151580E-05  2.549E-06  1.936E-08  8.043E-05  1.000E+00  1.000E+00  2.62E+02  0.00E+00  1.26E+00  0.007234  0.393126  0.0000000E+00  1.8205217688E-01
120  0.525779171871911E+07   34.305347  5.745551  4.360538  0.5933280E+00  0.3927938E+00  9.9730285E-04  6.0802038E-05  4.6253527E-03  2.8683108E-03  1.7466231E-06  5.6422651E-06  1.8560940E-03  6.9947994E-05  4.560E-07  0.1744  4.360538   -4.829  1.954507  8.080982  0.0000000E+00  0.9863214E+00  1.4469803E-04  3.6523485E-05  8.0776481E-03  9.5220777E-05  1.6613560E-07  3.1220736E-10  1.7521748E-03  1.4151516E-05  2.486E-06  9.151E-08  8.592E-05  9.999E-01  1.000E+00  2.91E+02  0.00E+00  3.94E+00  0.020289  0.397395  0.0000000E+00  1.8201799603E-01
121  0.525810623540302E+07   34.300806  5.749605  4.332531  0.5932547E+00  0.3928672E+00  9.9701828E-04  6.0801010E-05  4.6263555E-03  2.8675476E-03  1.7462351E-06  5.6406102E-06  1.8560822E-03  6.9928806E-05  4.562E-07  0.1511  4.332531   -4.850  1.997764  8.093367  0.0000000E+00  0.9863206E+00  1.4496911E-04  3.3381565E-05  8.0761582E-03  9.9124491E-05  1.6690964E-07  6.1399675E-10  1.7521315E-03  1.4151401E-05  2.365E-06  4.075E-08  9.156E-05  1.000E+00  1.000E+00  2.56E+02  0.00E+00  2.41E+00  0.014080  0.401156  0.0000000E+00  1.8196041413E-01
122  0.525841026819748E+07   34.296634  5.753179  4.303228  0.5932048E+00  0.3929171E+00  9.9682491E-04  6.0800310E-05  4.6270369E-03  2.8670289E-03  1.7459714E-06  5.6394857E-06  1.8560741E-03  6.9915767E-05  4.562E-07  0.1539  4.303228   -4.874  2.039615  8.105460  0.0000000E+00  0.9863192E+00  1.4545888E-04  2.8230542E-05  8.0736589E-03  1.0555905E-04  1.6824484E-07  1.2409403E-09  1.7520601E-03  1.4151245E-05  2.180E-06  3.705E-08  9.738E-05  1.000E+00  1.000E+00  2.41E+02  0.00E+00  2.37E+00  0.014768  0.404508  0.0000000E+00  1.8192732355E-01
123  0.525870381710246E+07   34.292824  5.756368  4.272898  0.5931612E+00  0.3929607E+00  9.9665571E-04  6.0799698E-05  4.6276331E-03  2.8665751E-03  1.7457407E-06  5.6385018E-06  1.8560671E-03  6.9904359E-05  4.563E-07  0.1556  4.272898   -4.899  2.080856  8.117559  0.0000000E+00  0.9863173E+00  1.4623836E-04  2.0864212E-05  8.0699848E-03  1.1482786E-04  1.7026787E-07  2.7920764E-09  1.7519570E-03  1.4151098E-05  1.940E-06  2.332E-08  1.035E-04  1.000E+00  1.000E+00  2.17E+02  0.00E+00  1.75E+00  0.012102  0.407523  0.0000000E+00  1.8189061717E-01
124  0.525901730363678E+07   34.264197  5.756656  4.244848  0.5929471E+00  0.3931749E+00  9.9582632E-04  6.0796687E-05  4.6305558E-03  2.8643506E-03  1.7446095E-06  5.6336786E-06  1.8560326E-03  6.9848436E-05  4.569E-07  0.1471  4.244848   -3.800  2.125239  8.130733  0.0000000E+00  0.9863150E+00  1.4729228E-04  1.2066294E-05  8.0654686E-03  1.2597089E-04  1.7273659E-07  9.9831199E-09  1.7518329E-03  1.4151035E-05  1.686E-06  1.772E-08  1.105E-04  1.000E+00  1.000E+00  2.06E+02  0.00E+00  1.82E+00  0.013229  0.408079  0.0000000E+00  1.8159698533E-01
125  0.525932036000086E+07   34.217890  5.758090  4.212081  0.5922852E+00  0.3938373E+00  9.9326737E-04  6.0787298E-05  4.6395740E-03  2.8574865E-03  1.7411174E-06  5.6187971E-06  1.8559259E-03  6.9675900E-05  4.592E-07  0.1402  4.212081   -3.831  2.168696  8.143757  0.0000000E+00  0.9863128E+00  1.4839816E-04  3.8869532E-06  8.0611919E-03  1.3633613E-04  1.7478626E-07  7.4321025E-08  1.7517173E-03  1.4151073E-05  1.476E-06  2.507E-08  1.179E-04  9.998E-01  1.000E+00  2.13E+02  0.00E+00  4.93E+00  0.034628  0.409812  0.0000000E+00  1.8101268067E-01
126  0.525962750358289E+07   34.174594  5.758652  4.169205  0.5917718E+00  0.3943511E+00  9.9128949E-04  6.0779936E-05  4.6465453E-03  2.8521801E-03  1.7384161E-06  5.6072943E-06  1.8558432E-03  6.9542548E-05  4.610E-07  0.1155  4.169205   -3.874  2.212709  8.157014  0.0000000E+00  0.9863115E+00  1.4893488E-04  3.8529818E-07  8.0586427E-03  1.4071567E-04  1.7522759E-07  1.1864934E-06  1.7516684E-03  1.4151225E-05  1.394E-06  1.118E-08  1.258E-04  1.000E+00  1.000E+00  1.72E+02  0.00E+00  1.46E+00  0.012728  0.410731  0.0000000E+00  1.8039556701E-01
127  0.525993376356434E+07   34.135297  5.761782  4.131495  0.5913743E+00  0.3947489E+00  9.8976157E-04  6.0774193E-05  4.6519311E-03  2.8480806E-03  1.7363282E-06  5.5984082E-06  1.8557791E-03  6.9439537E-05  4.624E-07  0.1423  4.131495   -3.907  2.257028  8.170485  0.0000000E+00  0.9863097E+00  1.4928788E-04  3.9403224E-09  8.0542871E-03  1.4118729E-04  1.7522839E-07  7.1526064E-06  1.7516632E-03  1.4153272E-05  1.385E-06  7.785E-09  1.343E-04  9.999E-01  1.000E+00  1.77E+02  0.00E+00  3.11E+00  0.026326  0.414075  0.0000000E+00  1.7971859326E-01
128  0.526024551890849E+07   34.097947  5.764784  4.098956  0.5909842E+00  0.3951392E+00  9.8826650E-04  6.0768510E-05  4.6572016E-03  2.8440686E-03  1.7342839E-06  5.5897129E-06  1.8557163E-03  6.9338744E-05  4.637E-07  0.1444  4.098956   -3.935  2.301870  8.184230  0.0000000E+00  0.9863044E+00  1.5024955E-04  2.3525577E-09  8.0397926E-03  1.4118969E-04  1.7520009E-07  2.6463195E-05  1.7516632E-03  1.4178114E-05  1.385E-06  3.047E-09  1.435E-04  1.000E+00  1.000E+00  1.49E+02  0.00E+00  1.46E+00  0.014734  0.417301  0.0000000E+00  1.7902128035E-01
129  0.526055440553309E+07   34.063184  5.767464  4.067274  0.5906652E+00  0.3954585E+00  9.8704652E-04  6.0763825E-05  4.6615027E-03  2.8407945E-03  1.7326148E-06  5.5826173E-06  1.8556648E-03  6.9256499E-05  4.647E-07  0.1505  4.067274   -3.962  2.345372  8.197652  0.0000000E+00  0.9862886E+00  1.5298135E-04  2.8944271E-12  7.9944823E-03  1.4119348E-04  1.7513308E-07  8.5220662E-05  1.7516632E-03  1.4403667E-05  1.385E-06  5.303E-09  1.532E-04  1.000E+00  1.000E+00  1.39E+02  0.00E+00  1.43E+00  0.015351  0.420228  0.0000000E+00  1.7844383199E-01
130  0.526086336187505E+07   34.030734  5.769673  4.029442  0.5904017E+00  0.3957221E+00  9.8604093E-04  6.0759936E-05  4.6650481E-03  2.8380955E-03  1.7312386E-06  5.5767686E-06  1.8556223E-03  6.9188710E-05  4.656E-07  0.1332  4.029442   -3.997  2.386968  8.210627  0.0000000E+00  0.9862501E+00  1.5919794E-04  7.0265616E-10  7.8830224E-03  1.4119330E-04  1.7499098E-07  2.2766304E-04  1.7516633E-03  1.5857547E-05  1.384E-06  4.852E-09  1.630E-04  1.000E+00  1.000E+00  1.27E+02  0.00E+00  1.28E+00  0.015083  0.422704  0.0000000E+00  1.7792271077E-01
131  0.526116818289827E+07   34.002208  5.770232  3.938448  0.5901046E+00  0.3960194E+00  9.8490816E-04  6.0755535E-05  4.6690422E-03  2.8350551E-03  1.7296878E-06  5.5701800E-06  1.8555744E-03  6.9112347E-05  4.665E-07  0.1823  3.938448   -4.020  2.424117  8.222384  0.0000000E+00  0.9861677E+00  1.7186129E-04  3.9219255E-08  7.6443963E-03  1.4109094E-04  1.7429590E-07  5.2795941E-04  1.7516642E-03  2.3273141E-05  1.392E-06  3.586E-09  1.720E-04  1.000E+00  1.000E+00  1.05E+02  0.00E+00  1.21E+00  0.017243  0.423524  0.0000000E+00  1.7734078428E-01
132  0.526148307181276E+07   33.960840  5.762661  3.809350  0.5896172E+00  0.3965071E+00  9.8305376E-04  6.0748269E-05  4.6755811E-03  2.8300772E-03  1.7271479E-06  5.5593939E-06  1.8554959E-03  6.8987342E-05  4.682E-07  0.2082  3.809350   -3.538  2.455351  8.232494  0.0000000E+00  0.9860086E+00  1.9619448E-04  5.0343753E-08  7.1916422E-03  1.4098616E-04  1.7310419E-07  1.0866027E-03  1.7516643E-03  5.1040971E-05  1.407E-06  1.162E-09  1.794E-04  9.999E-01  1.000E+00  8.17E+01  0.00E+00  1.20E+00  0.021949  0.416584  0.0000000E+00  1.7599520289E-01
133  0.526178770298231E+07   33.825827  5.751806  3.718036  0.5884339E+00  0.3976913E+00  9.7858828E-04  6.0730194E-05  4.6913315E-03  2.8180860E-03  1.7210202E-06  5.5334186E-06  1.8553050E-03  6.8686362E-05  4.725E-07  0.2354  3.718036   -3.292  2.476613  8.239613  0.0000000E+00  0.9857763E+00  2.3251446E-04  4.4881240E-08  6.5506174E-03  1.4091298E-04  1.7177407E-07  1.8538098E-03  1.7516632E-03  1.1989446E-04  1.423E-06  4.752E-09  1.541E-04  9.993E-01  1.003E+00  6.84E+01  0.00E+00  3.04E+00  0.066587  0.407619  0.0000000E+00  1.4537740109E-01
134  0.526209552449557E+07   33.704317  5.748271  3.660873  0.5862503E+00  0.3998763E+00  9.7043864E-04  6.0695792E-05  4.7200870E-03  2.7961911E-03  1.7098094E-06  5.4860080E-06  1.8549527E-03  6.8137164E-05  4.805E-07  0.2284  3.660873   -3.580  2.489314  8.244053  0.0000000E+00  0.9854839E+00  2.8102958E-04  5.2695304E-09  5.7889773E-03  1.4090162E-04  1.7040378E-07  2.7163868E-03  1.7516599E-03  2.6215977E-04  1.434E-06  7.393E-10  1.453E-04  9.999E-01  1.000E+00  5.98E+01  0.00E+00  1.26E+00  0.031550  0.405215  0.0000000E+00  1.3173479157E-01
135  0.526239885701870E+07   33.624698  5.746528  3.629621  0.5841111E+00  0.4020169E+00  9.6249887E-04  6.0661582E-05  4.7481071E-03  2.7748552E-03  1.6988738E-06  5.4398160E-06  1.8546075E-03  6.7602163E-05  4.884E-07  0.2742  3.629621   -3.583  2.496939  8.246840  0.0000000E+00  0.9851611E+00  3.3890191E-04  1.4631679E-07  5.0040169E-03  1.4070197E-04  1.6919298E-07  3.5441894E-03  1.7516595E-03  4.8433938E-04  1.443E-06  4.317E-10  1.470E-04  1.000E+00  1.000E+00  5.17E+01  0.00E+00  5.63E-01  0.016336  0.404002  0.0000000E+00  1.2946571970E-01
136  0.526271373483220E+07   33.542595  5.756824  3.611529  0.5824756E+00  0.4036535E+00  9.5649268E-04  6.0634713E-05  4.7693105E-03  2.7587084E-03  1.6905821E-06  5.4048704E-06  1.8543435E-03  6.7197540E-05  4.943E-07  0.2873  3.611529   -3.565  2.502129  8.248841  0.0000000E+00  0.9848094E+00  4.0777551E-04  4.8224870E-07  4.2187247E-03  1.4028088E-04  1.6796683E-07  4.2925549E-03  1.7516625E-03  8.0460130E-04  1.454E-06  1.608E-10  1.476E-04  1.000E+00  1.000E+00  4.44E+01  0.00E+00  2.60E-01  0.008790  0.414278  0.0000000E+00  1.2709632841E-01
137  0.526302892676009E+07   33.455634  5.764030  3.607543  0.5811667E+00  0.4049633E+00  9.5174807E-04  6.0612535E-05  4.7860668E-03  2.7459468E-03  1.6840137E-06  5.3772624E-06  1.8541321E-03  6.6877999E-05  4.991E-07  0.2978  3.607543   -3.554  2.506079  8.250422  0.0000000E+00  0.9844716E+00  4.8271052E-04  1.7759722E-07  3.5580027E-03  1.4065979E-04  1.6671941E-07  4.8107367E-03  1.7516546E-03  1.2100215E-03  1.445E-06  1.407E-10  1.480E-04  1.000E+00  1.000E+00  4.32E+01  0.00E+00  2.36E-01  0.008185  0.421955  0.0000000E+00  1.2515463838E-01
138  0.526333707930582E+07   33.368567  5.769636  3.604260  0.5794794E+00  0.4066516E+00  9.4568921E-04  6.0583350E-05  4.8074704E-03  2.7296447E-03  1.6756089E-06  5.3420052E-06  1.8538595E-03  6.6470041E-05  5.053E-07  0.3036  3.604260   -3.544  2.509420  8.251756  0.0000000E+00  0.9841277E+00  5.6557847E-04  6.2393327E-08  2.9444480E-03  1.4082191E-04  1.6548137E-07  5.2155714E-03  1.7516515E-03  1.6800397E-03  1.440E-06  1.279E-10  1.484E-04  1.000E+00  1.000E+00  4.23E+01  0.00E+00  2.19E-01  0.007759  0.428095  0.0000000E+00  1.2334855086E-01
139  0.526364523185156E+07   33.279652  5.775086  3.601866  0.5776932E+00  0.4084389E+00  9.3932094E-04  6.0552002E-05  4.8299713E-03  2.7125059E-03  1.6667619E-06  5.3049463E-06  1.8535708E-03  6.6041336E-05  5.119E-07  0.3117  3.601866   -3.534  2.512476  8.252961  0.0000000E+00  0.9838112E+00  6.5020424E-04  9.1410740E-08  2.4535664E-03  1.4080893E-04  1.6420617E-07  5.4359603E-03  1.7516498E-03  2.1828577E-03  1.439E-06  1.192E-10  1.487E-04  1.000E+00  1.000E+00  4.16E+01  0.00E+00  2.07E-01  0.007475  0.434168  0.0000000E+00  1.2158052601E-01
140  0.526395338439729E+07   33.188872  5.780123  3.599986  0.5759890E+00  0.4101443E+00  9.3328651E-04  6.0521710E-05  4.8512959E-03  2.6962626E-03  1.6583676E-06  5.2698288E-06  1.8532954E-03  6.5635204E-05  5.182E-07  0.3158  3.599986   -3.527  2.515583  8.254147  0.0000000E+00  0.9834851E+00  7.4436878E-04  9.4634752E-08  1.9985822E-03  1.4084139E-04  1.6287644E-07  5.5639419E-03  1.7516489E-03  2.7421563E-03  1.438E-06  1.126E-10  1.492E-04  1.000E+00  1.000E+00  4.11E+01  0.00E+00  1.99E-01  0.007262  0.439959  0.0000000E+00  1.1983197714E-01
141  0.526426153694302E+07   33.096272  5.784119  3.599176  0.5744511E+00  0.4116831E+00  9.2787769E-04  6.0494060E-05  4.8704110E-03  2.6817024E-03  1.6508363E-06  5.2383489E-06  1.8530467E-03  6.5271311E-05  5.238E-07  0.3193  3.599176   -3.517  2.518746  8.255322  0.0000000E+00  0.9831685E+00  8.4465942E-04  1.3455392E-07  1.6186369E-03  1.4083722E-04  1.6148790E-07  5.5695210E-03  1.7516487E-03  3.3331463E-03  1.437E-06  1.075E-10  1.497E-04  1.000E+00  1.000E+00  4.07E+01  0.00E+00  1.92E-01  0.007085  0.444833  0.0000000E+00  1.1808532620E-01
142  0.526456968948875E+07   33.002263  5.788273  3.598577  0.5730922E+00  0.4130429E+00  9.2313088E-04  6.0469332E-05  4.8871854E-03  2.6689262E-03  1.6442240E-06  5.2107153E-06  1.8528269E-03  6.4952145E-05  5.288E-07  0.3225  3.598577   -3.513  2.522081  8.256522  0.0000000E+00  0.9828429E+00  9.5585052E-04  3.2686850E-08  1.2729043E-03  1.4102176E-04  1.6001386E-07  5.4954002E-03  1.7516467E-03  3.9676664E-03  1.432E-06  1.018E-10  1.503E-04  1.000E+00  1.000E+00  4.03E+01  0.00E+00  1.84E-01  0.006870  0.449999  0.0000000E+00  1.1637842252E-01
143  0.526488400508540E+07   32.905101  5.791276  3.598251  0.5718440E+00  0.4142918E+00  9.1880639E-04  6.0446262E-05  4.9024637E-03  2.6572915E-03  1.6382015E-06  5.1855286E-06  1.8526249E-03  6.4661655E-05  5.334E-07  0.3253  3.598251   -3.507  2.525719  8.257799  0.0000000E+00  0.9825227E+00  1.0764736E-03  2.9683773E-08  9.9486604E-04  1.4109637E-04  1.5843734E-07  5.3136397E-03  1.7516464E-03  4.6274162E-03  1.430E-06  9.642E-11  1.510E-04  1.000E+00  1.000E+00  3.99E+01  0.00E+00  1.77E-01  0.006668  0.454099  0.0000000E+00  1.1468743075E-01
144  0.526517777717899E+07   32.813427  5.793277  3.597863  0.5707746E+00  0.4153619E+00  9.1512994E-04  6.0426141E-05  4.9154473E-03  2.6474068E-03  1.6330867E-06  5.1641022E-06  1.8524518E-03  6.4414993E-05  5.373E-07  0.3267  3.597863   -3.504  2.529372  8.259055  0.0000000E+00  0.9822215E+00  1.2001961E-03  3.9270254E-08  7.7927025E-04  1.4116619E-04  1.5686822E-07  5.0709831E-03  1.7516468E-03  5.2633883E-03  1.429E-06  9.092E-11  1.517E-04  1.000E+00  1.000E+00  3.95E+01  0.00E+00  1.70E-01  0.006437  0.457159  0.0000000E+00  1.1316364958E-01
145  0.526549414712594E+07   32.713920  5.795210  3.597781  0.5697522E+00  0.4163849E+00  9.1164241E-04  6.0406524E-05  4.9277574E-03  2.6380380E-03  1.6282424E-06  5.1437607E-06  1.8522862E-03  6.4181332E-05  5.410E-07  0.3288  3.597781   -3.501  2.533512  8.260459  0.0000000E+00  0.9818945E+00  1.3459138E-03  1.5948794E-08  5.8774983E-04  1.4130062E-04  1.5506370E-07  4.7492200E-03  1.7516469E-03  5.9582209E-03  1.427E-06  8.607E-11  1.525E-04  1.000E+00  1.000E+00  3.92E+01  0.00E+00  1.63E-01  0.006225  0.460295  0.0000000E+00  1.1159079070E-01
146  0.526578791921953E+07   32.621027  5.796293  3.597661  0.5688771E+00  0.4172606E+00  9.0867665E-04  6.0389411E-05  4.9382202E-03  2.6300777E-03  1.6241302E-06  5.1264487E-06  1.8521443E-03  6.3982898E-05  5.442E-07  0.3320  3.597661   -3.499  2.537571  8.261821  0.0000000E+00  0.9815954E+00  1.4915497E-03  1.8749604E-08  4.5510154E-04  1.4141235E-04  1.5329439E-07  4.4015686E-03  1.7516473E-03  6.5921347E-03  1.425E-06  8.150E-11  1.533E-04  1.000E+00  1.000E+00  3.89E+01  0.00E+00  1.56E-01  0.006020  0.462501  0.0000000E+00  1.1019233094E-01
147  0.526610428916647E+07   32.520557  5.797357  3.597650  0.5680536E+00  0.4180845E+00  9.0590422E-04  6.0372977E-05  4.9479951E-03  2.6226436E-03  1.6202944E-06  5.1102509E-06  1.8520108E-03  6.3797670E-05  5.471E-07  0.3326  3.597650   -3.497  2.542348  8.263410  0.0000000E+00  0.9812523E+00  1.6698374E-03  1.4854323E-08  3.2567534E-04  1.4157108E-04  1.5119908E-07  3.9941910E-03  1.7516486E-03  7.2939570E-03  1.424E-06  7.693E-11  1.543E-04  1.000E+00  1.000E+00  3.86E+01  0.00E+00  1.49E-01  0.005802  0.464823  0.0000000E+00  1.0875664649E-01
148  0.526642065911342E+07   32.419779  5.797482  3.597673  0.5672291E+00  0.4189095E+00  9.0314615E-04  6.0356173E-05  4.9577131E-03  2.6152558E-03  1.6164875E-06  5.0941219E-06  1.8518770E-03  6.3613684E-05  5.501E-07  0.3340  3.597673   -3.496  2.547487  8.265104  0.0000000E+00  0.9809002E+00  1.8691829E-03  1.2898010E-08  2.2893671E-04  1.4176199E-04  1.4891965E-07  3.5572771E-03  1.7516503E-03  7.9804837E-03  1.423E-06  7.280E-11  1.555E-04  1.000E+00  1.000E+00  3.83E+01  0.00E+00  1.43E-01  0.005606  0.466157  0.0000000E+00  1.0739131972E-01
149  0.526671895077769E+07   32.324528  5.797837  3.597682  0.5665061E+00  0.4196329E+00  9.0074073E-04  6.0341164E-05  4.9661837E-03  2.6088185E-03  1.6131746E-06  5.0800435E-06  1.8517597E-03  6.3453438E-05  5.527E-07  0.3351  3.597682   -3.493  2.552638  8.266795  0.0000000E+00  0.9805563E+00  2.0794424E-03  1.0933293E-08  1.6114636E-04  1.4198035E-04  1.4657938E-07  3.1322051E-03  1.7516521E-03  8.6069944E-03  1.422E-06  6.879E-11  1.567E-04  1.000E+00  1.000E+00  3.80E+01  0.00E+00  1.36E-01  0.005388  0.467697  0.0000000E+00  1.0616605789E-01
150  0.526704210008064E+07   32.221279  5.798682  3.597766  0.5656957E+00  0.4204439E+00  8.9805887E-04  6.0323992E-05  4.9756217E-03  2.6016489E-03  1.6094903E-06  5.0643326E-06  1.8516281E-03  6.3275039E-05  5.557E-07  0.3362  3.597766   -3.495  2.558540  8.268727  0.0000000E+00  0.9801666E+00  2.3358543E-03  9.3670035E-09  1.0801436E-04  1.4226807E-04  1.4380650E-07  2.6713184E-03  1.7516543E-03  9.2542573E-03  1.421E-06  6.510E-11  1.580E-04  1.000E+00  1.000E+00  3.77E+01  0.00E+00  1.31E-01  0.005209  0.469866  0.0000000E+00  1.0491649090E-01
151  0.526734039174491E+07   32.125834  5.798705  3.597910  0.5649636E+00  0.4211764E+00  8.9564863E-04  6.0308184E-05  4.9840986E-03  2.5952118E-03  1.6061871E-06  5.0502007E-06  1.8515092E-03  6.3114931E-05  5.583E-07  0.3371  3.597910   -3.495  2.564255  8.270593  0.0000000E+00  0.9797869E+00  2.6035363E-03  8.2562477E-09  7.3700186E-05  1.4259311E-04  1.4099927E-07  2.2578114E-03  1.7516567E-03  9.8139837E-03  1.420E-06  6.239E-11  1.593E-04  1.000E+00  1.000E+00  3.75E+01  0.00E+00  1.27E-01  0.005067  0.471067  0.0000000E+00  1.0381786249E-01
152  0.526763868340917E+07   32.030279  5.798661  3.598037  0.5642866E+00  0.4218537E+00  8.9342988E-04  6.0293307E-05  4.9918976E-03  2.5892917E-03  1.6031534E-06  5.0371809E-06  1.8513992E-03  6.2967733E-05  5.607E-07  0.3381  3.598037   -3.491  2.570204  8.272533  0.0000000E+00  0.9793835E+00  2.9059636E-03  7.3587133E-09  5.0067570E-05  1.4299001E-04  1.3792662E-07  1.8667371E-03  1.7516594E-03  1.0329487E-02  1.419E-06  5.921E-11  1.607E-04  1.000E+00  1.000E+00  3.72E+01  0.00E+00  1.22E-01  0.004899  0.472220  0.0000000E+00  1.0276800363E-01
153  0.526796431847600E+07   31.926055  5.799199  3.598073  0.5634327E+00  0.4227081E+00  8.9064585E-04  6.0274125E-05  5.0016766E-03  2.5818718E-03  1.5993580E-06  5.0208277E-06  1.8512604E-03  6.2783327E-05  5.638E-07  0.3392  3.598073   -3.494  2.576860  8.274703  0.0000000E+00  0.9789114E+00  3.2823435E-03  7.1374820E-09  3.3785344E-05  1.4353006E-04  1.3424384E-07  1.4809904E-03  1.7516626E-03  1.0826940E-02  1.418E-06  5.604E-11  1.623E-04  1.000E+00  1.000E+00  3.69E+01  0.00E+00  1.16E-01  0.004726  0.474090  0.0000000E+00  1.0168551013E-01
154  0.526826509590414E+07   31.829715  5.799003  3.598132  0.5626060E+00  0.4235353E+00  8.8797079E-04  6.0254962E-05  5.0110630E-03  2.5747545E-03  1.5957270E-06  5.0050915E-06  1.8511259E-03  6.2606551E-05  5.668E-07  0.3403  3.598132   -3.494  2.583025  8.276713  0.0000000E+00  0.9784385E+00  3.6788877E-03  6.5013569E-09  2.4020680E-05  1.4415084E-04  1.3051283E-07  1.1659626E-03  1.7516660E-03  1.1227664E-02  1.418E-06  5.386E-11  1.638E-04  1.000E+00  1.000E+00  3.68E+01  0.00E+00  1.13E-01  0.004627  0.475059  0.0000000E+00  1.0072993667E-01
155  0.526856587333227E+07   31.733376  5.799388  3.598271  0.5618046E+00  0.4243371E+00  8.8538851E-04  6.0236040E-05  5.0201182E-03  2.5678909E-03  1.5922312E-06  4.9898882E-06  1.8509955E-03  6.2436137E-05  5.697E-07  0.3416  3.598271   -3.495  2.589098  8.278695  0.0000000E+00  0.9779244E+00  4.1281354E-03  5.9756243E-09  1.7648961E-05  1.4491592E-04  1.2645356E-07  8.9487481E-04  1.7516697E-03  1.1569330E-02  1.417E-06  5.172E-11  1.653E-04  1.000E+00  1.000E+00  3.65E+01  0.00E+00  1.09E-01  0.004489  0.476679  0.0000000E+00  9.9813147579E-02
156  0.526889399416297E+07   31.628244  5.799127  3.598416  0.5608772E+00  0.4252650E+00  8.8241388E-04  6.0213673E-05  5.0305420E-03  2.5599936E-03  1.5882166E-06  4.9723579E-06  1.8508446E-03  6.2240136E-05  5.731E-07  0.3433  3.598416   -3.494  2.595446  8.280770  0.0000000E+00  0.9773108E+00  4.6838443E-03  5.5056716E-09  1.3234110E-05  1.4595184E-04  1.2165661E-07  6.5130822E-04  1.7516741E-03  1.1874287E-02  1.416E-06  4.954E-11  1.668E-04  1.000E+00  1.000E+00  3.63E+01  0.00E+00  1.06E-01  0.004373  0.477692  0.0000000E+00  9.8854455012E-02
157  0.526917836554957E+07   31.537105  5.799335  3.598564  0.5600062E+00  0.4261365E+00  8.7963414E-04  6.0192152E-05  5.0402747E-03  2.5526237E-03  1.5844785E-06  4.9559580E-06  1.8507027E-03  6.2057303E-05  5.763E-07  0.3456  3.598564   -3.493  2.600404  8.282398  0.0000000E+00  0.9767486E+00  5.2105139E-03  1.3986998E-08  1.7138051E-05  1.4701458E-04  1.1732016E-07  4.8707540E-04  1.7516781E-03  1.2069150E-02  1.415E-06  4.829E-11  1.680E-04  1.000E+00  1.000E+00  3.62E+01  0.00E+00  1.04E-01  0.004327  0.479039  0.0000000E+00  9.8056213121E-02
158  0.526949828335950E+07   31.434571  5.799227  3.598718  0.5591415E+00  0.4270017E+00  8.7688851E-04  6.0170255E-05  5.0498800E-03  2.5453542E-03  1.5808001E-06  4.9397410E-06  1.8505618E-03  6.1877041E-05  5.795E-07  0.3469  3.598718   -3.495  2.605226  8.283991  0.0000000E+00  0.9760546E+00  5.8698132E-03  8.6770286E-09  1.4753358E-05  1.4847963E-04  1.1213584E-07  3.4427352E-04  1.7516827E-03  1.2247702E-02  1.414E-06  4.600E-11  1.692E-04  1.000E+00  1.000E+00  3.59E+01  0.00E+00  9.89E-02  0.004134  0.480211  0.0000000E+00  9.7190148993E-02
159  0.526979359210712E+07   31.339843  5.799964  3.598815  0.5583520E+00  0.4277916E+00  8.7439252E-04  6.0149834E-05  5.0586055E-03  2.5387536E-03  1.5774671E-06  4.9249841E-06  1.8504331E-03  6.1713431E-05  5.824E-07  0.3488  3.598815   -3.493  2.609095  8.285277  0.0000000E+00  0.9753636E+00  6.5355811E-03  5.5614163E-09  1.1703888E-05  1.5009467E-04  1.0716330E-07  2.4630524E-04  1.7516871E-03  1.2372454E-02  1.413E-06  4.409E-11  1.701E-04  1.000E+00  1.000E+00  3.57E+01  0.00E+00  9.58E-02  0.004029  0.482237  0.0000000E+00  9.6425293990E-02
160  0.527011350991705E+07   31.237149  5.799726  3.598933  0.5573655E+00  0.4287787E+00  8.7129146E-04  6.0123527E-05  5.0694348E-03  2.5305672E-03  1.5733462E-06  4.9066247E-06  1.8502722E-03  6.1510619E-05  5.860E-07  0.3512  3.598933   -3.492  2.612204  8.286328  0.0000000E+00  0.9746031E+00  7.2819749E-03  1.1184691E-08  1.7201095E-05  1.5208100E-04  1.0190458E-07  1.7873100E-04  1.7516917E-03  1.2446633E-02  1.412E-06  4.226E-11  1.709E-04  1.000E+00  1.000E+00  3.55E+01  0.00E+00  9.26E-02  0.003917  0.483251  0.0000000E+00  9.5625969074E-02
161  0.527043342772697E+07   31.134400  5.799915  3.599053  0.5563059E+00  0.4298389E+00  8.6798029E-04  6.0094355E-05  5.0809847E-03  2.5218424E-03  1.5689690E-06  4.8869931E-06  1.8500994E-03  6.1294585E-05  5.899E-07  0.3536  3.599053   -3.494  2.614662  8.287170  0.0000000E+00  0.9737815E+00  8.0879563E-03  7.7767200E-09  1.3665502E-05  1.5442739E-04  9.6515457E-08  1.2860402E-04  1.7516965E-03  1.2513641E-02  1.411E-06  4.101E-11  1.715E-04  1.000E+00  1.000E+00  3.53E+01  0.00E+00  9.03E-02  0.003839  0.484727  0.0000000E+00  9.4857518811E-02
162  0.527072873647460E+07   31.039430  5.800215  3.599278  0.5554528E+00  0.4306924E+00  8.6532910E-04  6.0070117E-05  5.0902222E-03  2.5148694E-03  1.5654827E-06  4.8712525E-06  1.8499601E-03  6.1122020E-05  5.930E-07  0.3558  3.599278   -3.493  2.616155  8.287701  0.0000000E+00  0.9730300E+00  8.8342024E-03  1.4049968E-08  1.9341748E-05  1.5679286E-04  9.1813693E-08  1.0204389E-04  1.7517006E-03  1.2537349E-02  1.410E-06  3.962E-11  1.718E-04  1.000E+00  1.000E+00  3.51E+01  0.00E+00  8.80E-02  0.003757  0.486279  0.0000000E+00  9.4170375697E-02
163  0.527103881065960E+07   30.939591  5.800078  3.599450  0.5544926E+00  0.4316531E+00  8.6235723E-04  6.0042158E-05  5.1005679E-03  2.5070645E-03  1.5615912E-06  4.8535891E-06  1.8498033E-03  6.0928940E-05  5.966E-07  0.3580  3.599450   -3.491  2.617406  8.288157  0.0000000E+00  0.9721980E+00  9.6561890E-03  8.6746388E-09  1.5077335E-05  1.5960671E-04  8.6874260E-08  8.0996247E-05  1.7517048E-03  1.2569914E-02  1.409E-06  3.805E-11  1.720E-04  1.000E+00  1.000E+00  3.50E+01  0.00E+00  8.57E-02  0.003677  0.487393  0.0000000E+00  9.3475023329E-02
164  0.527134888484461E+07   30.839694  5.800491  3.599755  0.5535485E+00  0.4325977E+00  8.5944684E-04  6.0013955E-05  5.1106903E-03  2.4994326E-03  1.5577972E-06  4.8362721E-06  1.8496490E-03  6.0740218E-05  6.001E-07  0.3598  3.599755   -3.490  2.618292  8.288495  0.0000000E+00  0.9713660E+00  1.0482809E-02  1.0308495E-08  1.6777614E-05  1.6267307E-04  8.2199280E-08  6.6939341E-05  1.7517089E-03  1.2584548E-02  1.408E-06  3.678E-11  1.722E-04  1.000E+00  1.000E+00  3.49E+01  0.00E+00  8.46E-02  0.003641  0.489121  0.0000000E+00  9.2804780189E-02
165  0.527165895902962E+07   30.739740  5.801445  3.600042  0.5526809E+00  0.4334657E+00  8.5678284E-04  5.9987386E-05  5.1199473E-03  2.4924574E-03  1.5543399E-06  4.8204043E-06  1.8495072E-03  6.0567801E-05  6.032E-07  0.3620  3.600042   -3.491  2.618978  8.288766  0.0000000E+00  0.9705190E+00  1.1323948E-02  1.9231788E-08  1.6599526E-05  1.6602067E-04  7.7698865E-08  5.6683956E-05  1.7517130E-03  1.2597467E-02  1.407E-06  3.525E-11  1.723E-04  1.000E+00  1.000E+00  3.46E+01  0.00E+00  8.03E-02  0.003485  0.491535  0.0000000E+00  9.2158648532E-02
166  0.527196903321463E+07   30.639649  5.800991  3.600170  0.5517236E+00  0.4344236E+00  8.5385413E-04  5.9957293E-05  5.1301143E-03  2.4848013E-03  1.5505570E-06  4.8029408E-06  1.8493507E-03  6.0378626E-05  6.068E-07  0.3630  3.600170   -3.491  2.619249  8.288902  0.0000000E+00  0.9696802E+00  1.2159293E-02  1.3599791E-08  1.8953055E-05  1.6962601E-04  7.3496752E-08  5.1785522E-05  1.7517164E-03  1.2599849E-02  1.406E-06  3.412E-11  1.723E-04  1.000E+00  1.000E+00  3.44E+01  0.00E+00  7.83E-02  0.003415  0.492322  0.0000000E+00  9.1535992570E-02
167  0.527227910739964E+07   30.539553  5.801330  3.600559  0.5507842E+00  0.4353634E+00  8.5099352E-04  5.9926802E-05  5.1400332E-03  2.4773381E-03  1.5468844E-06  4.7858608E-06  1.8491970E-03  6.0194306E-05  6.103E-07  0.3669  3.600559   -3.491  2.619283  8.288960  0.0000000E+00  0.9688647E+00  1.2973805E-02  1.6329732E-08  2.3706825E-05  1.7340541E-04  6.9658419E-08  5.2863938E-05  1.7517195E-03  1.2591152E-02  1.404E-06  3.269E-11  1.722E-04  1.000E+00  1.000E+00  3.42E+01  0.00E+00  7.61E-02  0.003333  0.494009  0.0000000E+00  9.0940869222E-02
168  0.527256703342857E+07   30.446539  5.801206  3.600734  0.5499689E+00  0.4361791E+00  8.4851781E-04  5.9899748E-05  5.1486103E-03  2.4708880E-03  1.5437193E-06  4.7710656E-06  1.8490636E-03  6.0035057E-05  6.133E-07  0.3657  3.600734   -3.490  2.619327  8.289016  0.0000000E+00  0.9680716E+00  1.3757921E-02  1.4456972E-09  1.5161640E-05  1.7723837E-04  6.6092167E-08  5.2157525E-05  1.7517223E-03  1.2605500E-02  1.403E-06  3.150E-11  1.722E-04  1.000E+00  1.000E+00  3.40E+01  0.00E+00  7.32E-02  0.003226  0.495131  0.0000000E+00  9.0409728003E-02
169  0.527287710761358E+07   30.346400  5.801443  3.601112  0.5489578E+00  0.4371907E+00  8.4545573E-04  5.9865519E-05  5.1592108E-03  2.4629205E-03  1.5398199E-06  4.7527514E-06  1.8488981E-03  5.9838398E-05  6.170E-07  0.3680  3.601112   -3.491  2.619758  8.289197  0.0000000E+00  0.9672252E+00  1.4597935E-02  5.9866390E-09  1.3946079E-05  1.8156998E-04  6.2486882E-08  4.6642567E-05  1.7517254E-03  1.2614204E-02  1.402E-06  3.039E-11  1.722E-04  1.000E+00  1.000E+00  3.39E+01  0.00E+00  7.14E-02  0.003162  0.496710  0.0000000E+00  8.9859090796E-02
170  0.527318718179859E+07   30.246263  5.801204  3.601395  0.5479223E+00  0.4382267E+00  8.4232843E-04  5.9829692E-05  5.1700280E-03  2.4547946E-03  1.5358548E-06  4.7340308E-06  1.8487286E-03  5.9637894E-05  6.209E-07  0.3698  3.601395   -3.491  2.620325  8.289422  0.0000000E+00  0.9663476E+00  1.5466526E-02  5.7631461E-09  9.6432007E-06  1.8627148E-04  5.8925653E-08  3.8655724E-05  1.7517286E-03  1.2630758E-02  1.401E-06  2.931E-11  1.724E-04  1.000E+00  1.000E+00  3.38E+01  0.00E+00  7.01E-02  0.003117  0.497748  0.0000000E+00  8.9331728557E-02
171  0.527349725598360E+07   30.146141  5.801231  3.601731  0.5469837E+00  0.4391658E+00  8.3950339E-04  5.9796279E-05  5.1797889E-03  2.4474678E-03  1.5322937E-06  4.7171007E-06  1.8485749E-03  5.9457176E-05  6.243E-07  0.3714  3.601731   -3.490  2.620853  8.289631  0.0000000E+00  0.9654649E+00  1.6341739E-02  5.3099563E-09  8.1746315E-06  1.9127531E-04  5.5546943E-08  3.1743389E-05  1.7517316E-03  1.2641535E-02  1.400E-06  2.815E-11  1.725E-04  1.000E+00  1.000E+00  3.35E+01  0.00E+00  6.73E-02  0.003011  0.499129  0.0000000E+00  8.8823756468E-02
172  0.527380733016861E+07   30.046066  5.800518  3.602090  0.5458988E+00  0.4402512E+00  8.3625022E-04  5.9756399E-05  5.1910147E-03  2.4390487E-03  1.5282206E-06  4.6975804E-06  1.8483971E-03  5.9249608E-05  6.284E-07  0.3731  3.602090   -3.491  2.621295  8.289811  0.0000000E+00  0.9645746E+00  1.7224942E-02  4.8645481E-09  7.2597495E-06  1.9659109E-04  5.2331935E-08  2.6431782E-05  1.7517345E-03  1.2649476E-02  1.399E-06  2.746E-11  1.726E-04  1.000E+00  1.000E+00  3.35E+01  0.00E+00  6.64E-02  0.002976  0.499619  0.0000000E+00  8.8332209391E-02
173  0.527411740435361E+07   29.946099  5.800721  3.602437  0.5447967E+00  0.4413539E+00  8.3295364E-04  5.9714960E-05  5.2023799E-03  2.4305303E-03  1.5241133E-06  4.6777823E-06  1.8482164E-03  5.9039657E-05  6.325E-07  0.3747  3.602437   -3.491  2.621658  8.289966  0.0000000E+00  0.9636777E+00  1.8114850E-02  4.4831123E-09  6.5788173E-06  2.0221937E-04  4.9278638E-08  2.2436691E-05  1.7517372E-03  1.2655432E-02  1.398E-06  2.675E-11  1.726E-04  1.000E+00  1.000E+00  3.33E+01  0.00E+00  6.47E-02  0.002912  0.501164  0.0000000E+00  8.7855680520E-02
174  0.527442747853862E+07   29.846142  5.800114  3.603004  0.5436703E+00  0.4424809E+00  8.2959147E-04  5.9671804E-05  5.2139624E-03  2.4218538E-03  1.5199418E-06  4.6575757E-06  1.8480318E-03  5.8825861E-05  6.367E-07  0.3764  3.603004   -3.491  2.621947  8.290097  0.0000000E+00  0.9627756E+00  1.9009917E-02  4.1588689E-09  6.0336722E-06  2.0815821E-04  4.6385210E-08  1.9419433E-05  1.7517398E-03  1.2659971E-02  1.398E-06  2.595E-11  1.727E-04  1.000E+00  1.000E+00  3.32E+01  0.00E+00  6.30E-02  0.002847  0.501774  0.0000000E+00  8.7393416505E-02
175  0.527473755272363E+07   29.746287  5.800320  3.603323  0.5423849E+00  0.4437668E+00  8.2576480E-04  5.9621278E-05  5.2271310E-03  2.4119963E-03  1.5152214E-06  4.6345555E-06  1.8478210E-03  5.8583043E-05  6.415E-07  0.3775  3.603323   -3.492  2.622040  8.290165  0.0000000E+00  0.9618904E+00  1.9889687E-02  3.2945543E-09  7.5619608E-06  2.1431259E-04  4.3738927E-08  1.9021454E-05  1.7517421E-03  1.2658050E-02  1.397E-06  2.554E-11  1.727E-04  1.000E+00  1.000E+00  3.31E+01  0.00E+00  6.24E-02  0.002827  0.503278  0.0000000E+00  8.6947599833E-02
176  0.527504762690864E+07   29.646502  5.800258  3.603681  0.5410253E+00  0.4451271E+00  8.2173699E-04  5.9565110E-05  5.2409624E-03  2.4016577E-03  1.5103108E-06  4.6102803E-06  1.8475978E-03  5.8328540E-05  6.466E-07  0.3795  3.603681   -3.492  2.622123  8.290230  0.0000000E+00  0.9609982E+00  2.0775107E-02  4.8309590E-09  7.2579095E-06  2.2077100E-04  4.1216397E-08  1.8579769E-05  1.7517443E-03  1.2659053E-02  1.396E-06  2.542E-11  1.727E-04  1.000E+00  1.000E+00  3.31E+01  0.00E+00  6.21E-02  0.002817  0.504455  0.0000000E+00  8.6504500376E-02
177  0.527535770109365E+07   29.546823  5.799945  3.604343  0.5394406E+00  0.4467125E+00  8.1705381E-04  5.9497890E-05  5.2570259E-03  2.3896604E-03  1.5046380E-06  4.5820282E-06  1.8473377E-03  5.8033304E-05  6.527E-07  0.3811  3.604343   -3.492  2.622289  8.290322  0.0000000E+00  0.9600983E+00  2.1667313E-02  4.2337156E-09  6.3348745E-06  2.2755184E-04  3.8810158E-08  1.7432388E-05  1.7517464E-03  1.2661884E-02  1.395E-06  2.529E-11  1.727E-04  1.000E+00  1.000E+00  3.30E+01  0.00E+00  6.18E-02  0.002805  0.505271  0.0000000E+00  8.6067829825E-02
178  0.527566777527865E+07   29.447152  5.799963  3.604738  0.5379713E+00  0.4481825E+00  8.1272220E-04  5.9433795E-05  5.2718650E-03  2.3785873E-03  1.4994280E-06  4.5558706E-06  1.8470964E-03  5.7760904E-05  6.582E-07  0.3826  3.604738   -3.492  2.622480  8.290423  0.0000000E+00  0.9591943E+00  2.2563440E-02  3.8615056E-09  5.6514879E-06  2.3464348E-04  3.6530687E-08  1.5976761E-05  1.7517484E-03  1.2664709E-02  1.394E-06  2.525E-11  1.727E-04  1.000E+00  1.000E+00  3.30E+01  0.00E+00  6.17E-02  0.002805  0.506519  0.0000000E+00  8.5633466589E-02
179  0.527595570130759E+07   29.354722  5.798763  3.605334  0.5364477E+00  0.4497069E+00  8.0824162E-04  5.9365384E-05  5.2871942E-03  2.3671590E-03  1.4940794E-06  4.5287852E-06  1.8468462E-03  5.7479868E-05  6.640E-07  0.3834  3.605334   -3.494  2.622567  8.290487  0.0000000E+00  0.9583710E+00  2.3381061E-02  8.1456814E-09  7.8130285E-06  2.4140450E-04  3.4600675E-08  1.5362294E-05  1.7517501E-03  1.2662038E-02  1.394E-06  2.497E-11  1.727E-04  1.000E+00  1.000E+00  3.29E+01  0.00E+00  5.95E-02  0.002719  0.506210  0.0000000E+00  8.5233430291E-02
180  0.527626577549260E+07   29.255323  5.799027  3.605793  0.5344878E+00  0.4516677E+00  8.0249411E-04  5.9274306E-05  5.3068262E-03  2.3525395E-03  1.4872819E-06  4.4939987E-06  1.8465241E-03  5.7120506E-05  6.715E-07  0.3855  3.605793   -3.494  2.622446  8.290487  0.0000000E+00  0.9574930E+00  2.4251878E-02  4.8376122E-09  7.8185041E-06  2.4890977E-04  3.2671790E-08  1.7447438E-05  1.7517516E-03  1.2659451E-02  1.392E-06  2.556E-11  1.726E-04  1.000E+00  1.000E+00  3.32E+01  0.00E+00  6.45E-02  0.002913  0.507588  0.0000000E+00  8.4808610821E-02
181  0.527657584967761E+07   29.155935  5.799174  3.606226  0.5328899E+00  0.4532663E+00  7.9782063E-04  5.9197520E-05  5.3227639E-03  2.3406846E-03  1.4818066E-06  4.4656790E-06  1.8462614E-03  5.6829224E-05  6.776E-07  0.3870  3.606226   -3.493  2.622531  8.290552  0.0000000E+00  0.9565986E+00  2.5137543E-02  4.2617271E-09  6.5187125E-06  2.5677649E-04  3.0788298E-08  1.6950698E-05  1.7517532E-03  1.2662062E-02  1.392E-06  2.519E-11  1.726E-04  1.000E+00  1.000E+00  3.30E+01  0.00E+00  6.25E-02  0.002839  0.508962  0.0000000E+00  8.4383552549E-02
182  0.527688592386262E+07   29.056707  5.799063  3.606823  0.5308983E+00  0.4552588E+00  7.9200718E-04  5.9099347E-05  5.3425641E-03  2.3259699E-03  1.4750465E-06  4.4304194E-06  1.8459338E-03  5.6467789E-05  6.852E-07  0.3885  3.606823   -3.492  2.622693  8.290641  0.0000000E+00  0.9557002E+00  2.6026976E-02  3.8432910E-09  5.6781504E-06  2.6495454E-04  2.9000883E-08  1.5682065E-05  1.7517547E-03  1.2664890E-02  1.391E-06  2.506E-11  1.727E-04  1.000E+00  1.000E+00  3.29E+01  0.00E+00  6.14E-02  0.002797  0.509907  0.0000000E+00  8.3961870164E-02
183  0.527719599804762E+07   28.957576  5.798569  3.607439  0.5287116E+00  0.4574465E+00  7.8564567E-04  5.8986506E-05  5.3641803E-03  2.3099325E-03  1.4677519E-06  4.3917731E-06  1.8455740E-03  5.6074090E-05  6.936E-07  0.3901  3.607439   -3.496  2.622852  8.290731  0.0000000E+00  0.9547981E+00  2.6919864E-02  3.5370517E-09  5.1047425E-06  2.7344683E-04  2.7307840E-08  1.4278853E-05  1.7517562E-03  1.2667458E-02  1.390E-06  2.572E-11  1.727E-04  1.000E+00  1.000E+00  3.32E+01  0.00E+00  6.44E-02  0.002914  0.510343  0.0000000E+00  8.3541983682E-02
184  0.527750607223263E+07   28.858575  5.798043  3.608004  0.5265229E+00  0.4596362E+00  7.7929814E-04  5.8868240E-05  5.3856961E-03  2.2939975E-03  1.4605807E-06  4.3531495E-06  1.8452137E-03  5.5683129E-05  7.020E-07  0.3917  3.608004   -3.495  2.623014  8.290820  0.0000000E+00  0.9538931E+00  2.7815443E-02  3.2964516E-09  4.6832810E-06  2.8225183E-04  2.5706962E-08  1.2982717E-05  1.7517575E-03  1.2669653E-02  1.389E-06  2.566E-11  1.727E-04  1.000E+00  1.000E+00  3.31E+01  0.00E+00  6.33E-02  0.002869  0.510739  0.0000000E+00  8.3120480659E-02
185  0.527781614641764E+07   28.759727  5.797692  3.608759  0.5240502E+00  0.4621100E+00  7.7214339E-04  5.8729942E-05  5.4099020E-03  2.2760949E-03  1.4525920E-06  4.3095613E-06  1.8448064E-03  5.5244083E-05  7.116E-07  0.3931  3.608759   -3.496  2.623168  8.290906  0.0000000E+00  0.9529853E+00  2.8713608E-02  3.0932044E-09  4.3538265E-06  2.9137233E-04  2.4194415E-08  1.1861029E-05  1.7517588E-03  1.2671486E-02  1.388E-06  2.645E-11  1.727E-04  1.000E+00  1.000E+00  3.33E+01  0.00E+00  6.67E-02  0.003003  0.511251  0.0000000E+00  8.2692289190E-02
186  0.527812622060265E+07   28.661010  5.797520  3.609773  0.5216322E+00  0.4645290E+00  7.6516349E-04  5.8589458E-05  5.4334651E-03  2.2586953E-03  1.4449036E-06  4.2669819E-06  1.8444080E-03  5.4817575E-05  7.209E-07  0.3945  3.609773   -3.497  2.623250  8.290967  0.0000000E+00  0.9520862E+00  2.9603686E-02  4.2179375E-09  5.1813002E-06  3.0073320E-04  2.2801908E-08  1.1262563E-05  1.7517600E-03  1.2670862E-02  1.388E-06  2.623E-11  1.727E-04  1.000E+00  1.000E+00  3.31E+01  0.00E+00  6.35E-02  0.002876  0.511995  0.0000000E+00  8.2262163356E-02
187  0.527843629478766E+07   28.562398  5.796689  3.611394  0.5189050E+00  0.4672574E+00  7.5731373E-04  5.8423010E-05  5.4598870E-03  2.2392262E-03  1.4364164E-06  4.2190136E-06  1.8439583E-03  5.4340641E-05  7.315E-07  0.3962  3.611394   -3.498  2.623307  8.291020  0.0000000E+00  0.9511832E+00  3.0496667E-02  3.2485066E-09  4.7156232E-06  3.1041066E-04  2.1478898E-08  1.1242872E-05  1.7517610E-03  1.2671558E-02  1.387E-06  2.600E-11  1.727E-04  1.000E+00  1.000E+00  3.32E+01  0.00E+00  6.42E-02  0.002896  0.511861  0.0000000E+00  8.1837542299E-02
188  0.527874636897266E+07   28.463940  5.796850  3.613278  0.5161033E+00  0.4700603E+00  7.4926772E-04  5.8244956E-05  5.4869013E-03  2.2193572E-03  1.4278572E-06  4.1697759E-06  1.8434961E-03  5.3854167E-05  7.424E-07  0.3978  3.613278   -3.498  2.623396  8.291082  0.0000000E+00  0.9502769E+00  3.1392524E-02  2.9759309E-09  4.2537369E-06  3.2040566E-04  2.0224054E-08  1.0755868E-05  1.7517621E-03  1.2672816E-02  1.386E-06  2.591E-11  1.727E-04  1.000E+00  1.000E+00  3.32E+01  0.00E+00  6.27E-02  0.002832  0.512875  0.0000000E+00  8.1422949883E-02
189  0.527905644315767E+07   28.365649  5.796104  3.614741  0.5129507E+00  0.4732142E+00  7.4023724E-04  5.8034841E-05  5.5171272E-03  2.1971768E-03  1.4184440E-06  4.1144205E-06  1.8429758E-03  5.3311444E-05  7.547E-07  0.3984  3.614741   -3.499  2.623520  8.291156  0.0000000E+00  0.9493683E+00  3.2290436E-02  2.7188736E-09  3.9042545E-06  3.3071678E-04  1.9037976E-08  1.0098597E-05  1.7517630E-03  1.2674103E-02  1.385E-06  2.634E-11  1.728E-04  1.000E+00  1.000E+00  3.33E+01  0.00E+00  6.36E-02  0.002864  0.512700  0.0000000E+00  8.1015304922E-02
190  0.527934436918661E+07   28.274554  5.795858  3.616283  0.5098025E+00  0.4763637E+00  7.3124215E-04  5.7814086E-05  5.5471304E-03  2.1752164E-03  1.4092830E-06  4.0591827E-06  1.8424558E-03  5.2774472E-05  7.671E-07  0.3999  3.616283   -3.499  2.623446  8.291164  0.0000000E+00  0.9485660E+00  3.3084951E-02  4.0665582E-09  6.6505921E-06  3.4024856E-04  1.8122606E-08  1.1452495E-05  1.7517637E-03  1.2668080E-02  1.385E-06  2.697E-11  1.727E-04  1.000E+00  1.000E+00  3.35E+01  6.58-299  6.44E-02  0.002889  0.512992  0.0000000E+00  8.0632509889E-02
191  0.527934436918661E+07   28.274554  5.795858  3.616283  0.5098025E+00  0.4763637E+00  7.3124215E-04  5.7814086E-05  5.5471304E-03  2.1752164E-03  1.4092830E-06  4.0591827E-06  1.8424558E-03  5.2774472E-05  7.671E-07  0.3999  3.616283   -3.499  2.623446  8.291164  0.0000000E+00  0.9485660E+00  3.3084951E-02  4.0665582E-09  6.6505921E-06  3.4024856E-04  1.8122606E-08  1.1452495E-05  1.7517637E-03  1.2668080E-02  1.385E-06  2.697E-11  1.727E-04  1.000E+00  1.000E+00  3.35E+01  6.58-299  6.44E-02  0.002889  0.512992  0.0000000E+00  8.0632509889E-02
192  0.527934436918661E+07   28.274554  5.795858  3.616283  0.5098025E+00  0.4763637E+00  7.3124215E-04  5.7814086E-05  5.5471304E-03  2.1752164E-03  1.4092830E-06  4.0591827E-06  1.8424558E-03  5.2774472E-05  7.671E-07  0.3999  3.616283   -3.499  2.623446  8.291164  0.0000000E+00  0.9485660E+00  3.3084951E-02  4.0665582E-09  6.6505921E-06  3.4024856E-04  1.8122606E-08  1.1452495E-05  1.7517637E-03  1.2668080E-02  1.385E-06  2.697E-11  1.727E-04  1.000E+00  1.000E+00  3.35E+01  6.58-299  6.44E-02  0.002889  0.512992  0.0000000E+00  8.0632509889E-02
193  0.527934436918661E+07   28.274554  5.795858  3.616283  0.5098025E+00  0.4763637E+00  7.3124215E-04  5.7814086E-05  5.5471304E-03  2.1752164E-03  1.4092830E-06  4.0591827E-06  1.8424558E-03  5.2774472E-05  7.671E-07  0.3999  3.616283   -3.499  2.623446  8.291164  0.0000000E+00  0.9485660E+00  3.3084951E-02  4.0665582E-09  6.6505921E-06  3.4024856E-04  1.8122606E-08  1.1452495E-05  1.7517637E-03  1.2668080E-02  1.385E-06  2.697E-11  1.727E-04  1.000E+00  1.000E+00  3.35E+01  6.58-299  6.44E-02  0.002889  0.512992  0.0000000E+00  8.0632509889E-02
194  0.527934436918661E+07   28.274554  5.795858  3.616283  0.5098025E+00  0.4763637E+00  7.3124215E-04  5.7814086E-05  5.5471304E-03  2.1752164E-03  1.4092830E-06  4.0591827E-06  1.8424558E-03  5.2774472E-05  7.671E-07  0.3999  3.616283   -3.499  2.623446  8.291164  0.0000000E+00  0.9485660E+00  3.3084951E-02  4.0665582E-09  6.6505921E-06  3.4024856E-04  1.8122606E-08  1.1452495E-05  1.7517637E-03  1.2668080E-02  1.385E-06  2.697E-11  1.727E-04  1.000E+00  1.000E+00  3.35E+01  6.58-299  6.44E-02  0.002889  0.512992  0.0000000E+00  8.0632509889E-02
195  0.527934436918661E+07   28.274554  5.795858  3.616283  0.5098025E+00  0.4763637E+00  7.3124215E-04  5.7814086E-05  5.5471304E-03  2.1752164E-03  1.4092830E-06  4.0591827E-06  1.8424558E-03  5.2774472E-05  7.671E-07  0.3999  3.616283   -3.499  2.623446  8.291164  0.0000000E+00  0.9485660E+00  3.3084951E-02  4.0665582E-09  6.6505921E-06  3.4024856E-04  1.8122606E-08  1.1452495E-05  1.7517637E-03  1.2668080E-02  1.385E-06  2.697E-11  1.727E-04  1.000E+00  1.000E+00  3.35E+01  6.58-299  6.44E-02  0.002889  0.512992  0.0000000E+00  8.0632509889E-02
196  0.527934436918661E+07   28.274554  5.795858  3.616283  0.5098025E+00  0.4763637E+00  7.3124215E-04  5.7814086E-05  5.5471304E-03  2.1752164E-03  1.4092830E-06  4.0591827E-06  1.8424558E-03  5.2774472E-05  7.671E-07  0.3999  3.616283   -3.499  2.623446  8.291164  0.0000000E+00  0.9485660E+00  3.3084951E-02  4.0665582E-09  6.6505921E-06  3.4024856E-04  1.8122606E-08  1.1452495E-05  1.7517637E-03  1.2668080E-02  1.385E-06  2.697E-11  1.727E-04  1.000E+00  1.000E+00  3.35E+01  6.58-299  6.44E-02  0.002889  0.512992  0.0000000E+00  8.0632509889E-02
197  0.527934436918661E+07   28.274554  5.795858  3.616283  0.5098025E+00  0.4763637E+00  7.3124215E-04  5.7814086E-05  5.5471304E-03  2.1752164E-03  1.4092830E-06  4.0591827E-06  1.8424558E-03  5.2774472E-05  7.671E-07  0.3999  3.616283   -3.499  2.623446  8.291164  0.0000000E+00  0.9485660E+00  3.3084951E-02  4.0665582E-09  6.6505921E-06  3.4024856E-04  1.8122606E-08  1.1452495E-05  1.7517637E-03  1.2668080E-02  1.385E-06  2.697E-11  1.727E-04  1.000E+00  1.000E+00  3.35E+01  6.58-299  6.44E-02  0.002889  0.512992  0.0000000E+00  8.0632509889E-02
198  0.527934436918661E+07   28.274554  5.795858  3.616283  0.5098025E+00  0.4763637E+00  7.3124215E-04  5.7814086E-05  5.5471304E-03  2.1752164E-03  1.4092830E-06  4.0591827E-06  1.8424558E-03  5.2774472E-05  7.671E-07  0.3999  3.616283   -3.499  2.623446  8.291164  0.0000000E+00  0.9485660E+00  3.3084951E-02  4.0665582E-09  6.6505921E-06  3.4024856E-04  1.8122606E-08  1.1452495E-05  1.7517637E-03  1.2668080E-02  1.385E-06  2.697E-11  1.727E-04  1.000E+00  1.000E+00  3.35E+01  6.58-299  6.44E-02  0.002889  0.512992  0.0000000E+00  8.0632509889E-02
199  0.527934436918661E+07   28.274554  5.795858  3.616283  0.5098025E+00  0.4763637E+00  7.3124215E-04  5.7814086E-05  5.5471304E-03  2.1752164E-03  1.4092830E-06  4.0591827E-06  1.8424558E-03  5.2774472E-05  7.671E-07  0.3999  3.616283   -3.499  2.623446  8.291164  0.0000000E+00  0.9485660E+00  3.3084951E-02  4.0665582E-09  6.6505921E-06  3.4024856E-04  1.8122606E-08  1.1452495E-05  1.7517637E-03  1.2668080E-02  1.385E-06  2.697E-11  1.727E-04  1.000E+00  1.000E+00  3.35E+01  6.58-299  6.44E-02  0.002889  0.512992  0.0000000E+00  8.0632509889E-02
200  0.527934436918661E+07   28.274554  5.795858  3.616283  0.5098025E+00  0.4763637E+00  7.3124215E-04  5.7814086E-05  5.5471304E-03  2.1752164E-03  1.4092830E-06  4.0591827E-06  1.8424558E-03  5.2774472E-05  7.671E-07  0.3999  3.616283   -3.499  2.623446  8.291164  0.0000000E+00  0.9485660E+00  3.3084951E-02  4.0665582E-09  6.6505921E-06  3.4024856E-04  1.8122606E-08  1.1452495E-05  1.7517637E-03  1.2668080E-02  1.385E-06  2.697E-11  1.727E-04  1.000E+00  1.000E+00  3.35E+01  6.58-299  6.44E-02  0.002889  0.512992  0.0000000E+00  8.0632509889E-02
201  0.527934436918661E+07   28.274554  5.795858  3.616283  0.5098025E+00  0.4763637E+00  7.3124215E-04  5.7814086E-05  5.5471304E-03  2.1752164E-03  1.4092830E-06  4.0591827E-06  1.8424558E-03  5.2774472E-05  7.671E-07  0.3999  3.616283   -3.499  2.623446  8.291164  0.0000000E+00  0.9485660E+00  3.3084951E-02  4.0665582E-09  6.6505921E-06  3.4024856E-04  1.8122606E-08  1.1452495E-05  1.7517637E-03  1.2668080E-02  1.385E-06  2.697E-11  1.727E-04  1.000E+00  1.000E+00  3.35E+01  6.58-299  6.44E-02  0.002889  0.512992  0.0000000E+00  8.0632509889E-02
202  0.527934436918661E+07   28.274554  5.795858  3.616283  0.5098025E+00  0.4763637E+00  7.3124215E-04  5.7814086E-05  5.5471304E-03  2.1752164E-03  1.4092830E-06  4.0591827E-06  1.8424558E-03  5.2774472E-05  7.671E-07  0.3999  3.616283   -3.499  2.623446  8.291164  0.0000000E+00  0.9485660E+00  3.3084951E-02  4.0665582E-09  6.6505921E-06  3.4024856E-04  1.8122606E-08  1.1452495E-05  1.7517637E-03  1.2668080E-02  1.385E-06  2.697E-11  1.727E-04  1.000E+00  1.000E+00  3.35E+01  6.58-299  6.44E-02  0.002889  0.512992  0.0000000E+00  8.0632509889E-02
203  0.527934436918661E+07   28.274554  5.795858  3.616283  0.5098025E+00  0.4763637E+00  7.3124215E-04  5.7814086E-05  5.5471304E-03  2.1752164E-03  1.4092830E-06  4.0591827E-06  1.8424558E-03  5.2774472E-05  7.671E-07  0.3999  3.616283   -3.499  2.623446  8.291164  0.0000000E+00  0.9485660E+00  3.3084951E-02  4.0665582E-09  6.6505921E-06  3.4024856E-04  1.8122606E-08  1.1452495E-05  1.7517637E-03  1.2668080E-02  1.385E-06  2.697E-11  1.727E-04  1.000E+00  1.000E+00  3.35E+01  6.58-299  6.44E-02  0.002889  0.512992  0.0000000E+00  8.0632509889E-02
204  0.527934436918661E+07   28.274554  5.795858  3.616283  0.5098025E+00  0.4763637E+00  7.3124215E-04  5.7814086E-05  5.5471304E-03  2.1752164E-03  1.4092830E-06  4.0591827E-06  1.8424558E-03  5.2774472E-05  7.671E-07  0.3999  3.616283   -3.499  2.623446  8.291164  0.0000000E+00  0.9485660E+00  3.3084951E-02  4.0665582E-09  6.6505921E-06  3.4024856E-04  1.8122606E-08  1.1452495E-05  1.7517637E-03  1.2668080E-02  1.385E-06  2.697E-11  1.727E-04  1.000E+00  1.000E+00  3.35E+01  6.58-299  6.44E-02  0.002889  0.512992  0.0000000E+00  8.0632509889E-02
205  0.527934436918661E+07   28.274554  5.795858  3.616283  0.5098025E+00  0.4763637E+00  7.3124215E-04  5.7814086E-05  5.5471304E-03  2.1752164E-03  1.4092830E-06  4.0591827E-06  1.8424558E-03  5.2774472E-05  7.671E-07  0.3999  3.616283   -3.499  2.623446  8.291164  0.0000000E+00  0.9485660E+00  3.3084951E-02  4.0665582E-09  6.6505921E-06  3.4024856E-04  1.8122606E-08  1.1452495E-05  1.7517637E-03  1.2668080E-02  1.385E-06  2.697E-11  1.727E-04  1.000E+00  1.000E+00  3.35E+01  6.58-299  6.44E-02  0.002889  0.512992  0.0000000E+00  8.0632509889E-02
206  0.527934436918661E+07   28.274554  5.795858  3.616283  0.5098025E+00  0.4763637E+00  7.3124215E-04  5.7814086E-05  5.5471304E-03  2.1752164E-03  1.4092830E-06  4.0591827E-06  1.8424558E-03  5.2774472E-05  7.671E-07  0.3999  3.616283   -3.499  2.623446  8.291164  0.0000000E+00  0.9485660E+00  3.3084951E-02  4.0665582E-09  6.6505921E-06  3.4024856E-04  1.8122606E-08  1.1452495E-05  1.7517637E-03  1.2668080E-02  1.385E-06  2.697E-11  1.727E-04  1.000E+00  1.000E+00  3.35E+01  6.58-299  6.44E-02  0.002889  0.512992  0.0000000E+00  8.0632509889E-02
207  0.527934436918661E+07   28.274554  5.795858  3.616283  0.5098025E+00  0.4763637E+00  7.3124215E-04  5.7814086E-05  5.5471304E-03  2.1752164E-03  1.4092830E-06  4.0591827E-06  1.8424558E-03  5.2774472E-05  7.671E-07  0.3999  3.616283   -3.499  2.623446  8.291164  0.0000000E+00  0.9485660E+00  3.3084951E-02  4.0665582E-09  6.6505921E-06  3.4024856E-04  1.8122606E-08  1.1452495E-05  1.7517637E-03  1.2668080E-02  1.385E-06  2.697E-11  1.727E-04  1.000E+00  1.000E+00  3.35E+01  6.58-299  6.44E-02  0.002889  0.512992  0.0000000E+00  8.0632509889E-02
208  0.527934436918661E+07   28.274554  5.795858  3.616283  0.5098025E+00  0.4763637E+00  7.3124215E-04  5.7814086E-05  5.5471304E-03  2.1752164E-03  1.4092830E-06  4.0591827E-06  1.8424558E-03  5.2774472E-05  7.671E-07  0.3999  3.616283   -3.499  2.623446  8.291164  0.0000000E+00  0.9485660E+00  3.3084951E-02  4.0665582E-09  6.6505921E-06  3.4024856E-04  1.8122606E-08  1.1452495E-05  1.7517637E-03  1.2668080E-02  1.385E-06  2.697E-11  1.727E-04  1.000E+00  1.000E+00  3.35E+01  6.58-299  6.44E-02  0.002889  0.512992  0.0000000E+00  8.0632509889E-02
209  0.527934436918661E+07   28.274554  5.795858  3.616283  0.5098025E+00  0.4763637E+00  7.3124215E-04  5.7814086E-05  5.5471304E-03  2.1752164E-03  1.4092830E-06  4.0591827E-06  1.8424558E-03  5.2774472E-05  7.671E-07  0.3999  3.616283   -3.499  2.623446  8.291164  0.0000000E+00  0.9485660E+00  3.3084951E-02  4.0665582E-09  6.6505921E-06  3.4024856E-04  1.8122606E-08  1.1452495E-05  1.7517637E-03  1.2668080E-02  1.385E-06  2.697E-11  1.727E-04  1.000E+00  1.000E+00  3.35E+01  6.58-299  6.44E-02  0.002889  0.512992  0.0000000E+00  8.0632509889E-02
210  0.527934436918661E+07   28.274554  5.795858  3.616283  0.5098025E+00  0.4763637E+00  7.3124215E-04  5.7814086E-05  5.5471304E-03  2.1752164E-03  1.4092830E-06  4.0591827E-06  1.8424558E-03  5.2774472E-05  7.671E-07  0.3999  3.616283   -3.499  2.623446  8.291164  0.0000000E+00  0.9485660E+00  3.3084951E-02  4.0665582E-09  6.6505921E-06  3.4024856E-04  1.8122606E-08  1.1452495E-05  1.7517637E-03  1.2668080E-02  1.385E-06  2.697E-11  1.727E-04  1.000E+00  1.000E+00  3.35E+01  6.58-299  6.44E-02  0.002889  0.512992  0.0000000E+00  8.0632509889E-02
211  0.527934436918661E+07   28.274554  5.795858  3.616283  0.5098025E+00  0.4763637E+00  7.3124215E-04  5.7814086E-05  5.5471304E-03  2.1752164E-03  1.4092830E-06  4.0591827E-06  1.8424558E-03  5.2774472E-05  7.671E-07  0.3999  3.616283   -3.499  2.623446  8.291164  0.0000000E+00  0.9485660E+00  3.3084951E-02  4.0665582E-09  6.6505921E-06  3.4024856E-04  1.8122606E-08  1.1452495E-05  1.7517637E-03  1.2668080E-02  1.385E-06  2.697E-11  1.727E-04  1.000E+00  1.000E+00  3.35E+01  6.58-299  6.44E-02  0.002889  0.512992  0.0000000E+00  8.0632509889E-02
212  0.527934436918661E+07   28.274554  5.795858  3.616283  0.5098025E+00  0.4763637E+00  7.3124215E-04  5.7814086E-05  5.5471304E-03  2.1752164E-03  1.4092830E-06  4.0591827E-06  1.8424558E-03  5.2774472E-05  7.671E-07  0.3999  3.616283   -3.499  2.623446  8.291164  0.0000000E+00  0.9485660E+00  3.3084951E-02  4.0665582E-09  6.6505921E-06  3.4024856E-04  1.8122606E-08  1.1452495E-05  1.7517637E-03  1.2668080E-02  1.385E-06  2.697E-11  1.727E-04  1.000E+00  1.000E+00  3.35E+01  6.58-299  6.44E-02  0.002889  0.512992  0.0000000E+00  8.0632509889E-02
213  0.527934436918661E+07   28.274554  5.795858  3.616283  0.5098025E+00  0.4763637E+00  7.3124215E-04  5.7814086E-05  5.5471304E-03  2.1752164E-03  1.4092830E-06  4.0591827E-06  1.8424558E-03  5.2774472E-05  7.671E-07  0.3999  3.616283   -3.499  2.623446  8.291164  0.0000000E+00  0.9485660E+00  3.3084951E-02  4.0665582E-09  6.6505921E-06  3.4024856E-04  1.8122606E-08  1.1452495E-05  1.7517637E-03  1.2668080E-02  1.385E-06  2.697E-11  1.727E-04  1.000E+00  1.000E+00  3.35E+01  6.58-299  6.44E-02  0.002889  0.512992  0.0000000E+00  8.0632509889E-02
214  0.527934436918661E+07   28.274554  5.795858  3.616283  0.5098025E+00  0.4763637E+00  7.3124215E-04  5.7814086E-05  5.5471304E-03  2.1752164E-03  1.4092830E-06  4.0591827E-06  1.8424558E-03  5.2774472E-05  7.671E-07  0.3999  3.616283   -3.499  2.623446  8.291164  0.0000000E+00  0.9485660E+00  3.3084951E-02  4.0665582E-09  6.6505921E-06  3.4024856E-04  1.8122606E-08  1.1452495E-05  1.7517637E-03  1.2668080E-02  1.385E-06  2.697E-11  1.727E-04  1.000E+00  1.000E+00  3.35E+01  6.58-299  6.44E-02  0.002889  0.512992  0.0000000E+00  8.0632509889E-02
215  0.527934436918661E+07   28.274554  5.795858  3.616283  0.5098025E+00  0.4763637E+00  7.3124215E-04  5.7814086E-05  5.5471304E-03  2.1752164E-03  1.4092830E-06  4.0591827E-06  1.8424558E-03  5.2774472E-05  7.671E-07  0.3999  3.616283   -3.499  2.623446  8.291164  0.0000000E+00  0.9485660E+00  3.3084951E-02  4.0665582E-09  6.6505921E-06  3.4024856E-04  1.8122606E-08  1.1452495E-05  1.7517637E-03  1.2668080E-02  1.385E-06  2.697E-11  1.727E-04  1.000E+00  1.000E+00  3.35E+01  6.58-299  6.44E-02  0.002889  0.512992  0.0000000E+00  8.0632509889E-02
216  0.527934436918661E+07   28.274554  5.795858  3.616283  0.5098025E+00  0.4763637E+00  7.3124215E-04  5.7814086E-05  5.5471304E-03  2.1752164E-03  1.4092830E-06  4.0591827E-06  1.8424558E-03  5.2774472E-05  7.671E-07  0.3999  3.616283   -3.499  2.623446  8.291164  0.0000000E+00  0.9485660E+00  3.3084951E-02  4.0665582E-09  6.6505921E-06  3.4024856E-04  1.8122606E-08  1.1452495E-05  1.7517637E-03  1.2668080E-02  1.385E-06  2.697E-11  1.727E-04  1.000E+00  1.000E+00  3.35E+01  6.58-299  6.44E-02  0.002889  0.512992  0.0000000E+00  8.0632509889E-02
217  0.527934436918661E+07   28.274554  5.795858  3.616283  0.5098025E+00  0.4763637E+00  7.3124215E-04  5.7814086E-05  5.5471304E-03  2.1752164E-03  1.4092830E-06  4.0591827E-06  1.8424558E-03  5.2774472E-05  7.671E-07  0.3999  3.616283   -3.499  2.623446  8.291164  0.0000000E+00  0.9485660E+00  3.3084951E-02  4.0665582E-09  6.6505921E-06  3.4024856E-04  1.8122606E-08  1.1452495E-05  1.7517637E-03  1.2668080E-02  1.385E-06  2.697E-11  1.727E-04  1.000E+00  1.000E+00  3.35E+01  6.58-299  6.44E-02  0.002889  0.512992  0.0000000E+00  8.0632509889E-02
218  0.527934436918661E+07   28.274554  5.795858  3.616283  0.5098025E+00  0.4763637E+00  7.3124215E-04  5.7814086E-05  5.5471304E-03  2.1752164E-03  1.4092830E-06  4.0591827E-06  1.8424558E-03  5.2774472E-05  7.671E-07  0.3999  3.616283   -3.499  2.623446  8.291164  0.0000000E+00  0.9485660E+00  3.3084951E-02  4.0665582E-09  6.6505921E-06  3.4024856E-04  1.8122606E-08  1.1452495E-05  1.7517637E-03  1.2668080E-02  1.385E-06  2.697E-11  1.727E-04  1.000E+00  1.000E+00  3.35E+01  6.58-299  6.44E-02  0.002889  0.512992  0.0000000E+00  8.0632509889E-02
219  0.527934436918661E+07   28.274554  5.795858  3.616283  0.5098025E+00  0.4763637E+00  7.3124215E-04  5.7814086E-05  5.5471304E-03  2.1752164E-03  1.4092830E-06  4.0591827E-06  1.8424558E-03  5.2774472E-05  7.671E-07  0.3999  3.616283   -3.499  2.623446  8.291164  0.0000000E+00  0.9485660E+00  3.3084951E-02  4.0665582E-09  6.6505921E-06  3.4024856E-04  1.8122606E-08  1.1452495E-05  1.7517637E-03  1.2668080E-02  1.385E-06  2.697E-11  1.727E-04  1.000E+00  1.000E+00  3.35E+01  6.58-299  6.44E-02  0.002889  0.512992  0.0000000E+00  8.0632509889E-02
220  0.527934436918661E+07   28.274554  5.795858  3.616283  0.5098025E+00  0.4763637E+00  7.3124215E-04  5.7814086E-05  5.5471304E-03  2.1752164E-03  1.4092830E-06  4.0591827E-06  1.8424558E-03  5.2774472E-05  7.671E-07  0.3999  3.616283   -3.499  2.623446  8.291164  0.0000000E+00  0.9485660E+00  3.3084951E-02  4.0665582E-09  6.6505921E-06  3.4024856E-04  1.8122606E-08  1.1452495E-05  1.7517637E-03  1.2668080E-02  1.385E-06  2.697E-11  1.727E-04  1.000E+00  1.000E+00  3.35E+01  6.58-299  6.44E-02  0.002889  0.512992  0.0000000E+00  8.0632509889E-02
221  0.527934436918661E+07   28.274554  5.795858  3.616283  0.5098025E+00  0.4763637E+00  7.3124215E-04  5.7814086E-05  5.5471304E-03  2.1752164E-03  1.4092830E-06  4.0591827E-06  1.8424558E-03  5.2774472E-05  7.671E-07  0.3999  3.616283   -3.499  2.623446  8.291164  0.0000000E+00  0.9485660E+00  3.3084951E-02  4.0665582E-09  6.6505921E-06  3.4024856E-04  1.8122606E-08  1.1452495E-05  1.7517637E-03  1.2668080E-02  1.385E-06  2.697E-11  1.727E-04  1.000E+00  1.000E+00  3.35E+01  6.58-299  6.44E-02  0.002889  0.512992  0.0000000E+00  8.0632509889E-02
222  0.527934436918661E+07   28.274554  5.795858  3.616283  0.5098025E+00  0.4763637E+00  7.3124215E-04  5.7814086E-05  5.5471304E-03  2.1752164E-03  1.4092830E-06  4.0591827E-06  1.8424558E-03  5.2774472E-05  7.671E-07  0.3999  3.616283   -3.499  2.623446  8.291164  0.0000000E+00  0.9485660E+00  3.3084951E-02  4.0665582E-09  6.6505921E-06  3.4024856E-04  1.8122606E-08  1.1452495E-05  1.7517637E-03  1.2668080E-02  1.385E-06  2.697E-11  1.727E-04  1.000E+00  1.000E+00  3.35E+01  6.58-299  6.44E-02  0.002889  0.512992  0.0000000E+00  8.0632509889E-02
223  0.527934436918661E+07   28.274554  5.795858  3.616283  0.5098025E+00  0.4763637E+00  7.3124215E-04  5.7814086E-05  5.5471304E-03  2.1752164E-03  1.4092830E-06  4.0591827E-06  1.8424558E-03  5.2774472E-05  7.671E-07  0.3999  3.616283   -3.499  2.623446  8.291164  0.0000000E+00  0.9485660E+00  3.3084951E-02  4.0665582E-09  6.6505921E-06  3.4024856E-04  1.8122606E-08  1.1452495E-05  1.7517637E-03  1.2668080E-02  1.385E-06  2.697E-11  1.727E-04  1.000E+00  1.000E+00  3.35E+01  6.58-299  6.44E-02  0.002889  0.512992  0.0000000E+00  8.0632509889E-02
224  0.527934436918661E+07   28.274554  5.795858  3.616283  0.5098025E+00  0.4763637E+00  7.3124215E-04  5.7814086E-05  5.5471304E-03  2.1752164E-03  1.4092830E-06  4.0591827E-06  1.8424558E-03  5.2774472E-05  7.671E-07  0.3999  3.616283   -3.499  2.623446  8.291164  0.0000000E+00  0.9485660E+00  3.3084951E-02  4.0665582E-09  6.6505921E-06  3.4024856E-04  1.8122606E-08  1.1452495E-05  1.7517637E-03  1.2668080E-02  1.385E-06  2.697E-11  1.727E-04  1.000E+00  1.000E+00  3.35E+01  6.58-299  6.44E-02  0.002889  0.512992  0.0000000E+00  8.0632509889E-02
225  0.527934436918661E+07   28.274554  5.795858  3.616283  0.5098025E+00  0.4763637E+00  7.3124215E-04  5.7814086E-05  5.5471304E-03  2.1752164E-03  1.4092830E-06  4.0591827E-06  1.8424558E-03  5.2774472E-05  7.671E-07  0.3999  3.616283   -3.499  2.623446  8.291164  0.0000000E+00  0.9485660E+00  3.3084951E-02  4.0665582E-09  6.6505921E-06  3.4024856E-04  1.8122606E-08  1.1452495E-05  1.7517637E-03  1.2668080E-02  1.385E-06  2.697E-11  1.727E-04  1.000E+00  1.000E+00  3.35E+01  6.58-299  6.44E-02  0.002889  0.512992  0.0000000E+00  8.0632509889E-02
226  0.527934436918661E+07   28.274554  5.795858  3.616283  0.5098025E+00  0.4763637E+00  7.3124215E-04  5.7814086E-05  5.5471304E-03  2.1752164E-03  1.4092830E-06  4.0591827E-06  1.8424558E-03  5.2774472E-05  7.671E-07  0.3999  3.616283   -3.499  2.623446  8.291164  0.0000000E+00  0.9485660E+00  3.3084951E-02  4.0665582E-09  6.6505921E-06  3.4024856E-04  1.8122606E-08  1.1452495E-05  1.7517637E-03  1.2668080E-02  1.385E-06  2.697E-11  1.727E-04  1.000E+00  1.000E+00  3.35E+01  6.58-299  6.44E-02  0.002889  0.512992  0.0000000E+00  8.0632509889E-02
227  0.527934436918661E+07   28.274554  5.795858  3.616283  0.5098025E+00  0.4763637E+00  7.3124215E-04  5.7814086E-05  5.5471304E-03  2.1752164E-03  1.4092830E-06  4.0591827E-06  1.8424558E-03  5.2774472E-05  7.671E-07  0.3999  3.616283   -3.499  2.623446  8.291164  0.0000000E+00  0.9485660E+00  3.3084951E-02  4.0665582E-09  6.6505921E-06  3.4024856E-04  1.8122606E-08  1.1452495E-05  1.7517637E-03  1.2668080E-02  1.385E-06  2.697E-11  1.727E-04  1.000E+00  1.000E+00  3.35E+01  6.58-299  6.44E-02  0.002889  0.512992  0.0000000E+00  8.0632509889E-02
228  0.527934436918661E+07   28.274554  5.795858  3.616283  0.5098025E+00  0.4763637E+00  7.3124215E-04  5.7814086E-05  5.5471304E-03  2.1752164E-03  1.4092830E-06  4.0591827E-06  1.8424558E-03  5.2774472E-05  7.671E-07  0.3999  3.616283   -3.499  2.623446  8.291164  0.0000000E+00  0.9485660E+00  3.3084951E-02  4.0665582E-09  6.6505921E-06  3.4024856E-04  1.8122606E-08  1.1452495E-05  1.7517637E-03  1.2668080E-02  1.385E-06  2.697E-11  1.727E-04  1.000E+00  1.000E+00  3.35E+01  6.58-299  6.44E-02  0.002889  0.512992  0.0000000E+00  8.0632509889E-02
229  0.527934436918661E+07   28.274554  5.795858  3.616283  0.5098025E+00  0.4763637E+00  7.3124215E-04  5.7814086E-05  5.5471304E-03  2.1752164E-03  1.4092830E-06  4.0591827E-06  1.8424558E-03  5.2774472E-05  7.671E-07  0.3999  3.616283   -3.499  2.623446  8.291164  0.0000000E+00  0.9485660E+00  3.3084951E-02  4.0665582E-09  6.6505921E-06  3.4024856E-04  1.8122606E-08  1.1452495E-05  1.7517637E-03  1.2668080E-02  1.385E-06  2.697E-11  1.727E-04  1.000E+00  1.000E+00  3.35E+01  6.58-299  6.44E-02  0.002889  0.512992  0.0000000E+00  8.0632509889E-02
230  0.527934436918661E+07   28.274554  5.795858  3.616283  0.5098025E+00  0.4763637E+00  7.3124215E-04  5.7814086E-05  5.5471304E-03  2.1752164E-03  1.4092830E-06  4.0591827E-06  1.8424558E-03  5.2774472E-05  7.671E-07  0.3999  3.616283   -3.499  2.623446  8.291164  0.0000000E+00  0.9485660E+00  3.3084951E-02  4.0665582E-09  6.6505921E-06  3.4024856E-04  1.8122606E-08  1.1452495E-05  1.7517637E-03  1.2668080E-02  1.385E-06  2.697E-11  1.727E-04  1.000E+00  1.000E+00  3.35E+01  6.58-299  6.44E-02  0.002889  0.512992  0.0000000E+00  8.0632509889E-02
231  0.527934436918661E+07   28.274554  5.795858  3.616283  0.5098025E+00  0.4763637E+00  7.3124215E-04  5.7814086E-05  5.5471304E-03  2.1752164E-03  1.4092830E-06  4.0591827E-06  1.8424558E-03  5.2774472E-05  7.671E-07  0.3999  3.616283   -3.499  2.623446  8.291164  0.0000000E+00  0.9485660E+00  3.3084951E-02  4.0665582E-09  6.6505921E-06  3.4024856E-04  1.8122606E-08  1.1452495E-05  1.7517637E-03  1.2668080E-02  1.385E-06  2.697E-11  1.727E-04  1.000E+00  1.000E+00  3.35E+01  6.58-299  6.44E-02  0.002889  0.512992  0.0000000E+00  8.0632509889E-02
232  0.527934436918661E+07   28.274554  5.795858  3.616283  0.5098025E+00  0.4763637E+00  7.3124215E-04  5.7814086E-05  5.5471304E-03  2.1752164E-03  1.4092830E-06  4.0591827E-06  1.8424558E-03  5.2774472E-05  7.671E-07  0.3999  3.616283   -3.499  2.623446  8.291164  0.0000000E+00  0.9485660E+00  3.3084951E-02  4.0665582E-09  6.6505921E-06  3.4024856E-04  1.8122606E-08  1.1452495E-05  1.7517637E-03  1.2668080E-02  1.385E-06  2.697E-11  1.727E-04  1.000E+00  1.000E+00  3.35E+01  6.58-299  6.44E-02  0.002889  0.512992  0.0000000E+00  8.0632509889E-02
233  0.527934436918661E+07   28.274554  5.795858  3.616283  0.5098025E+00  0.4763637E+00  7.3124215E-04  5.7814086E-05  5.5471304E-03  2.1752164E-03  1.4092830E-06  4.0591827E-06  1.8424558E-03  5.2774472E-05  7.671E-07  0.3999  3.616283   -3.499  2.623446  8.291164  0.0000000E+00  0.9485660E+00  3.3084951E-02  4.0665582E-09  6.6505921E-06  3.4024856E-04  1.8122606E-08  1.1452495E-05  1.7517637E-03  1.2668080E-02  1.385E-06  2.697E-11  1.727E-04  1.000E+00  1.000E+00  3.35E+01  6.58-299  6.44E-02  0.002889  0.512992  0.0000000E+00  8.0632509889E-02
234  0.527934436918661E+07   28.274554  5.795858  3.616283  0.5098025E+00  0.4763637E+00  7.3124215E-04  5.7814086E-05  5.5471304E-03  2.1752164E-03  1.4092830E-06  4.0591827E-06  1.8424558E-03  5.2774472E-05  7.671E-07  0.3999  3.616283   -3.499  2.623446  8.291164  0.0000000E+00  0.9485660E+00  3.3084951E-02  4.0665582E-09  6.6505921E-06  3.4024856E-04  1.8122606E-08  1.1452495E-05  1.7517637E-03  1.2668080E-02  1.385E-06  2.697E-11  1.727E-04  1.000E+00  1.000E+00  3.35E+01  6.58-299  6.44E-02  0.002889  0.512992  0.0000000E+00  8.0632509889E-02
235  0.527934436918661E+07   28.274554  5.795858  3.616283  0.5098025E+00  0.4763637E+00  7.3124215E-04  5.7814086E-05  5.5471304E-03  2.1752164E-03  1.4092830E-06  4.0591827E-06  1.8424558E-03  5.2774472E-05  7.671E-07  0.3999  3.616283   -3.499  2.623446  8.291164  0.0000000E+00  0.9485660E+00  3.3084951E-02  4.0665582E-09  6.6505921E-06  3.4024856E-04  1.8122606E-08  1.1452495E-05  1.7517637E-03  1.2668080E-02  1.385E-06  2.697E-11  1.727E-04  1.000E+00  1.000E+00  3.35E+01  6.58-299  6.44E-02  0.002889  0.512992  0.0000000E+00  8.0632509889E-02
236  0.527934436918661E+07   28.274554  5.795858  3.616283  0.5098025E+00  0.4763637E+00  7.3124215E-04  5.7814086E-05  5.5471304E-03  2.1752164E-03  1.4092830E-06  4.0591827E-06  1.8424558E-03  5.2774472E-05  7.671E-07  0.3999  3.616283   -3.499  2.623446  8.291164  0.0000000E+00  0.9485660E+00  3.3084951E-02  4.0665582E-09  6.6505921E-06  3.4024856E-04  1.8122606E-08  1.1452495E-05  1.7517637E-03  1.2668080E-02  1.385E-06  2.697E-11  1.727E-04  1.000E+00  1.000E+00  3.35E+01  6.58-299  6.44E-02  0.002889  0.512992  0.0000000E+00  8.0632509889E-02
237  0.527934436918661E+07   28.274554  5.795858  3.616283  0.5098025E+00  0.4763637E+00  7.3124215E-04  5.7814086E-05  5.5471304E-03  2.1752164E-03  1.4092830E-06  4.0591827E-06  1.8424558E-03  5.2774472E-05  7.671E-07  0.3999  3.616283   -3.499  2.623446  8.291164  0.0000000E+00  0.9485660E+00  3.3084951E-02  4.0665582E-09  6.6505921E-06  3.4024856E-04  1.8122606E-08  1.1452495E-05  1.7517637E-03  1.2668080E-02  1.385E-06  2.697E-11  1.727E-04  1.000E+00  1.000E+00  3.35E+01  6.58-299  6.44E-02  0.002889  0.512992  0.0000000E+00  8.0632509889E-02
238  0.527934436918661E+07   28.274554  5.795858  3.616283  0.5098025E+00  0.4763637E+00  7.3124215E-04  5.7814086E-05  5.5471304E-03  2.1752164E-03  1.4092830E-06  4.0591827E-06  1.8424558E-03  5.2774472E-05  7.671E-07  0.3999  3.616283   -3.499  2.623446  8.291164  0.0000000E+00  0.9485660E+00  3.3084951E-02  4.0665582E-09  6.6505921E-06  3.4024856E-04  1.8122606E-08  1.1452495E-05  1.7517637E-03  1.2668080E-02  1.385E-06  2.697E-11  1.727E-04  1.000E+00  1.000E+00  3.35E+01  6.58-299  6.44E-02  0.002889  0.512992  0.0000000E+00  8.0632509889E-02
239  0.527934436918661E+07   28.274554  5.795858  3.616283  0.5098025E+00  0.4763637E+00  7.3124215E-04  5.7814086E-05  5.5471304E-03  2.1752164E-03  1.4092830E-06  4.0591827E-06  1.8424558E-03  5.2774472E-05  7.671E-07  0.3999  3.616283   -3.499  2.623446  8.291164  0.0000000E+00  0.9485660E+00  3.3084951E-02  4.0665582E-09  6.6505921E-06  3.4024856E-04  1.8122606E-08  1.1452495E-05  1.7517637E-03  1.2668080E-02  1.385E-06  2.697E-11  1.727E-04  1.000E+00  1.000E+00  3.35E+01  6.58-299  6.44E-02  0.002889  0.512992  0.0000000E+00  8.0632509889E-02
240  0.527934436918661E+07   28.274554  5.795858  3.616283  0.5098025E+00  0.4763637E+00  7.3124215E-04  5.7814086E-05  5.5471304E-03  2.1752164E-03  1.4092830E-06  4.0591827E-06  1.8424558E-03  5.2774472E-05  7.671E-07  0.3999  3.616283   -3.499  2.623446  8.291164  0.0000000E+00  0.9485660E+00  3.3084951E-02  4.0665582E-09  6.6505921E-06  3.4024856E-04  1.8122606E-08  1.1452495E-05  1.7517637E-03  1.2668080E-02  1.385E-06  2.697E-11  1.727E-04  1.000E+00  1.000E+00  3.35E+01  6.58-299  6.44E-02  0.002889  0.512992  0.0000000E+00  8.0632509889E-02
241  0.527934436918661E+07   28.274554  5.795858  3.616283  0.5098025E+00  0.4763637E+00  7.3124215E-04  5.7814086E-05  5.5471304E-03  2.1752164E-03  1.4092830E-06  4.0591827E-06  1.8424558E-03  5.2774472E-05  7.671E-07  0.3999  3.616283   -3.499  2.623446  8.291164  0.0000000E+00  0.9485660E+00  3.3084951E-02  4.0665582E-09  6.6505921E-06  3.4024856E-04  1.8122606E-08  1.1452495E-05  1.7517637E-03  1.2668080E-02  1.385E-06  2.697E-11  1.727E-04  1.000E+00  1.000E+00  3.35E+01  6.58-299  6.44E-02  0.002889  0.512992  0.0000000E+00  8.0632509889E-02
242  0.527934436918661E+07   28.274554  5.795858  3.616283  0.5098025E+00  0.4763637E+00  7.3124215E-04  5.7814086E-05  5.5471304E-03  2.1752164E-03  1.4092830E-06  4.0591827E-06  1.8424558E-03  5.2774472E-05  7.671E-07  0.3999  3.616283   -3.499  2.623446  8.291164  0.0000000E+00  0.9485660E+00  3.3084951E-02  4.0665582E-09  6.6505921E-06  3.4024856E-04  1.8122606E-08  1.1452495E-05  1.7517637E-03  1.2668080E-02  1.385E-06  2.697E-11  1.727E-04  1.000E+00  1.000E+00  3.35E+01  6.58-299  6.44E-02  0.002889  0.512992  0.0000000E+00  8.0632509889E-02
243  0.527934436918661E+07   28.274554  5.795858  3.616283  0.5098025E+00  0.4763637E+00  7.3124215E-04  5.7814086E-05  5.5471304E-03  2.1752164E-03  1.4092830E-06  4.0591827E-06  1.8424558E-03  5.2774472E-05  7.671E-07  0.3999  3.616283   -3.499  2.623446  8.291164  0.0000000E+00  0.9485660E+00  3.3084951E-02  4.0665582E-09  6.6505921E-06  3.4024856E-04  1.8122606E-08  1.1452495E-05  1.7517637E-03  1.2668080E-02  1.385E-06  2.697E-11  1.727E-04  1.000E+00  1.000E+00  3.35E+01  6.58-299  6.44E-02  0.002889  0.512992  0.0000000E+00  8.0632509889E-02
244  0.527934436918661E+07   28.274554  5.795858  3.616283  0.5098025E+00  0.4763637E+00  7.3124215E-04  5.7814086E-05  5.5471304E-03  2.1752164E-03  1.4092830E-06  4.0591827E-06  1.8424558E-03  5.2774472E-05  7.671E-07  0.3999  3.616283   -3.499  2.623446  8.291164  0.0000000E+00  0.9485660E+00  3.3084951E-02  4.0665582E-09  6.6505921E-06  3.4024856E-04  1.8122606E-08  1.1452495E-05  1.7517637E-03  1.2668080E-02  1.385E-06  2.697E-11  1.727E-04  1.000E+00  1.000E+00  3.35E+01  6.58-299  6.44E-02  0.002889  0.512992  0.0000000E+00  8.0632509889E-02
245  0.527934436918661E+07   28.274554  5.795858  3.616283  0.5098025E+00  0.4763637E+00  7.3124215E-04  5.7814086E-05  5.5471304E-03  2.1752164E-03  1.4092830E-06  4.0591827E-06  1.8424558E-03  5.2774472E-05  7.671E-07  0.3999  3.616283   -3.499  2.623446  8.291164  0.0000000E+00  0.9485660E+00  3.3084951E-02  4.0665582E-09  6.6505921E-06  3.4024856E-04  1.8122606E-08  1.1452495E-05  1.7517637E-03  1.2668080E-02  1.385E-06  2.697E-11  1.727E-04  1.000E+00  1.000E+00  3.35E+01  6.58-299  6.44E-02  0.002889  0.512992  0.0000000E+00  8.0632509889E-02
246  0.527934436918661E+07   28.274554  5.795858  3.616283  0.5098025E+00  0.4763637E+00  7.3124215E-04  5.7814086E-05  5.5471304E-03  2.1752164E-03  1.4092830E-06  4.0591827E-06  1.8424558E-03  5.2774472E-05  7.671E-07  0.3999  3.616283   -3.499  2.623446  8.291164  0.0000000E+00  0.9485660E+00  3.3084951E-02  4.0665582E-09  6.6505921E-06  3.4024856E-04  1.8122606E-08  1.1452495E-05  1.7517637E-03  1.2668080E-02  1.385E-06  2.697E-11  1.727E-04  1.000E+00  1.000E+00  3.35E+01  6.58-299  6.44E-02  0.002889  0.512992  0.0000000E+00  8.0632509889E-02
247  0.527934436918661E+07   28.274554  5.795858  3.616283  0.5098025E+00  0.4763637E+00  7.3124215E-04  5.7814086E-05  5.5471304E-03  2.1752164E-03  1.4092830E-06  4.0591827E-06  1.8424558E-03  5.2774472E-05  7.671E-07  0.3999  3.616283   -3.499  2.623446  8.291164  0.0000000E+00  0.9485660E+00  3.3084951E-02  4.0665582E-09  6.6505921E-06  3.4024856E-04  1.8122606E-08  1.1452495E-05  1.7517637E-03  1.2668080E-02  1.385E-06  2.697E-11  1.727E-04  1.000E+00  1.000E+00  3.35E+01  6.58-299  6.44E-02  0.002889  0.512992  0.0000000E+00  8.0632509889E-02
248  0.527934436918661E+07   28.274554  5.795858  3.616283  0.5098025E+00  0.4763637E+00  7.3124215E-04  5.7814086E-05  5.5471304E-03  2.1752164E-03  1.4092830E-06  4.0591827E-06  1.8424558E-03  5.2774472E-05  7.671E-07  0.3999  3.616283   -3.499  2.623446  8.291164  0.0000000E+00  0.9485660E+00  3.3084951E-02  4.0665582E-09  6.6505921E-06  3.4024856E-04  1.8122606E-08  1.1452495E-05  1.7517637E-03  1.2668080E-02  1.385E-06  2.697E-11  1.727E-04  1.000E+00  1.000E+00  3.35E+01  6.58-299  6.44E-02  0.002889  0.512992  0.0000000E+00  8.0632509889E-02
249  0.527934436918661E+07   28.274554  5.795858  3.616283  0.5098025E+00  0.4763637E+00  7.3124215E-04  5.7814086E-05  5.5471304E-03  2.1752164E-03  1.4092830E-06  4.0591827E-06  1.8424558E-03  5.2774472E-05  7.671E-07  0.3999  3.616283   -3.499  2.623446  8.291164  0.0000000E+00  0.9485660E+00  3.3084951E-02  4.0665582E-09  6.6505921E-06  3.4024856E-04  1.8122606E-08  1.1452495E-05  1.7517637E-03  1.2668080E-02  1.385E-06  2.697E-11  1.727E-04  1.000E+00  1.000E+00  3.35E+01  6.58-299  6.44E-02  0.002889  0.512992  0.0000000E+00  8.0632509889E-02
250  0.527934436918661E+07   28.274554  5.795858  3.616283  0.5098025E+00  0.4763637E+00  7.3124215E-04  5.7814086E-05  5.5471304E-03  2.1752164E-03  1.4092830E-06  4.0591827E-06  1.8424558E-03  5.2774472E-05  7.671E-07  0.3999  3.616283   -3.499  2.623446  8.291164  0.0000000E+00  0.9485660E+00  3.3084951E-02  4.0665582E-09  6.6505921E-06  3.4024856E-04  1.8122606E-08  1.1452495E-05  1.7517637E-03  1.2668080E-02  1.385E-06  2.697E-11  1.727E-04  1.000E+00  1.000E+00  3.35E+01  6.58-299  6.44E-02  0.002889  0.512992  0.0000000E+00  8.0632509889E-02
251  0.527934436918661E+07   28.274554  5.795858  3.616283  0.5098025E+00  0.4763637E+00  7.3124215E-04  5.7814086E-05  5.5471304E-03  2.1752164E-03  1.4092830E-06  4.0591827E-06  1.8424558E-03  5.2774472E-05  7.671E-07  0.3999  3.616283   -3.499  2.623446  8.291164  0.0000000E+00  0.9485660E+00  3.3084951E-02  4.0665582E-09  6.6505921E-06  3.4024856E-04  1.8122606E-08  1.1452495E-05  1.7517637E-03  1.2668080E-02  1.385E-06  2.697E-11  1.727E-04  1.000E+00  1.000E+00  3.35E+01  6.58-299  6.44E-02  0.002889  0.512992  0.0000000E+00  8.0632509889E-02
252  0.527934436918661E+07   28.274554  5.795858  3.616283  0.5098025E+00  0.4763637E+00  7.3124215E-04  5.7814086E-05  5.5471304E-03  2.1752164E-03  1.4092830E-06  4.0591827E-06  1.8424558E-03  5.2774472E-05  7.671E-07  0.3999  3.616283   -3.499  2.623446  8.291164  0.0000000E+00  0.9485660E+00  3.3084951E-02  4.0665582E-09  6.6505921E-06  3.4024856E-04  1.8122606E-08  1.1452495E-05  1.7517637E-03  1.2668080E-02  1.385E-06  2.697E-11  1.727E-04  1.000E+00  1.000E+00  3.35E+01  6.58-299  6.44E-02  0.002889  0.512992  0.0000000E+00  8.0632509889E-02
253  0.527934436918661E+07   28.274554  5.795858  3.616283  0.5098025E+00  0.4763637E+00  7.3124215E-04  5.7814086E-05  5.5471304E-03  2.1752164E-03  1.4092830E-06  4.0591827E-06  1.8424558E-03  5.2774472E-05  7.671E-07  0.3999  3.616283   -3.499  2.623446  8.291164  0.0000000E+00  0.9485660E+00  3.3084951E-02  4.0665582E-09  6.6505921E-06  3.4024856E-04  1.8122606E-08  1.1452495E-05  1.7517637E-03  1.2668080E-02  1.385E-06  2.697E-11  1.727E-04  1.000E+00  1.000E+00  3.35E+01  6.58-299  6.44E-02  0.002889  0.512992  0.0000000E+00  8.0632509889E-02
254  0.527934436918661E+07   28.274554  5.795858  3.616283  0.5098025E+00  0.4763637E+00  7.3124215E-04  5.7814086E-05  5.5471304E-03  2.1752164E-03  1.4092830E-06  4.0591827E-06  1.8424558E-03  5.2774472E-05  7.671E-07  0.3999  3.616283   -3.499  2.623446  8.291164  0.0000000E+00  0.9485660E+00  3.3084951E-02  4.0665582E-09  6.6505921E-06  3.4024856E-04  1.8122606E-08  1.1452495E-05  1.7517637E-03  1.2668080E-02  1.385E-06  2.697E-11  1.727E-04  1.000E+00  1.000E+00  3.35E+01  6.58-299  6.44E-02  0.002889  0.512992  0.0000000E+00  8.0632509889E-02
255  0.527934436918661E+07   28.274554  5.795858  3.616283  0.5098025E+00  0.4763637E+00  7.3124215E-04  5.7814086E-05  5.5471304E-03  2.1752164E-03  1.4092830E-06  4.0591827E-06  1.8424558E-03  5.2774472E-05  7.671E-07  0.3999  3.616283   -3.499  2.623446  8.291164  0.0000000E+00  0.9485660E+00  3.3084951E-02  4.0665582E-09  6.6505921E-06  3.4024856E-04  1.8122606E-08  1.1452495E-05  1.7517637E-03  1.2668080E-02  1.385E-06  2.697E-11  1.727E-04  1.000E+00  1.000E+00  3.35E+01  6.58-299  6.44E-02  0.002889  0.512992  0.0000000E+00  8.0632509889E-02
256  0.527934436918661E+07   28.274554  5.795858  3.616283  0.5098025E+00  0.4763637E+00  7.3124215E-04  5.7814086E-05  5.5471304E-03  2.1752164E-03  1.4092830E-06  4.0591827E-06  1.8424558E-03  5.2774472E-05  7.671E-07  0.3999  3.616283   -3.499  2.623446  8.291164  0.0000000E+00  0.9485660E+00  3.3084951E-02  4.0665582E-09  6.6505921E-06  3.4024856E-04  1.8122606E-08  1.1452495E-05  1.7517637E-03  1.2668080E-02  1.385E-06  2.697E-11  1.727E-04  1.000E+00  1.000E+00  3.35E+01  6.58-299  6.44E-02  0.002889  0.512992  0.0000000E+00  8.0632509889E-02
257  0.527934436918661E+07   28.274554  5.795858  3.616283  0.5098025E+00  0.4763637E+00  7.3124215E-04  5.7814086E-05  5.5471304E-03  2.1752164E-03  1.4092830E-06  4.0591827E-06  1.8424558E-03  5.2774472E-05  7.671E-07  0.3999  3.616283   -3.499  2.623446  8.291164  0.0000000E+00  0.9485660E+00  3.3084951E-02  4.0665582E-09  6.6505921E-06  3.4024856E-04  1.8122606E-08  1.1452495E-05  1.7517637E-03  1.2668080E-02  1.385E-06  2.697E-11  1.727E-04  1.000E+00  1.000E+00  3.35E+01  6.58-299  6.44E-02  0.002889  0.512992  0.0000000E+00  8.0632509889E-02
258  0.527934436918661E+07   28.274554  5.795858  3.616283  0.5098025E+00  0.4763637E+00  7.3124215E-04  5.7814086E-05  5.5471304E-03  2.1752164E-03  1.4092830E-06  4.0591827E-06  1.8424558E-03  5.2774472E-05  7.671E-07  0.3999  3.616283   -3.499  2.623446  8.291164  0.0000000E+00  0.9485660E+00  3.3084951E-02  4.0665582E-09  6.6505921E-06  3.4024856E-04  1.8122606E-08  1.1452495E-05  1.7517637E-03  1.2668080E-02  1.385E-06  2.697E-11  1.727E-04  1.000E+00  1.000E+00  3.35E+01  6.58-299  6.44E-02  0.002889  0.512992  0.0000000E+00  8.0632509889E-02
259  0.527934436918661E+07   28.274554  5.795858  3.616283  0.5098025E+00  0.4763637E+00  7.3124215E-04  5.7814086E-05  5.5471304E-03  2.1752164E-03  1.4092830E-06  4.0591827E-06  1.8424558E-03  5.2774472E-05  7.671E-07  0.3999  3.616283   -3.499  2.623446  8.291164  0.0000000E+00  0.9485660E+00  3.3084951E-02  4.0665582E-09  6.6505921E-06  3.4024856E-04  1.8122606E-08  1.1452495E-05  1.7517637E-03  1.2668080E-02  1.385E-06  2.697E-11  1.727E-04  1.000E+00  1.000E+00  3.35E+01  6.58-299  6.44E-02  0.002889  0.512992  0.0000000E+00  8.0632509889E-02
260  0.527934436918661E+07   28.274554  5.795858  3.616283  0.5098025E+00  0.4763637E+00  7.3124215E-04  5.7814086E-05  5.5471304E-03  2.1752164E-03  1.4092830E-06  4.0591827E-06  1.8424558E-03  5.2774472E-05  7.671E-07  0.3999  3.616283   -3.499  2.623446  8.291164  0.0000000E+00  0.9485660E+00  3.3084951E-02  4.0665582E-09  6.6505921E-06  3.4024856E-04  1.8122606E-08  1.1452495E-05  1.7517637E-03  1.2668080E-02  1.385E-06  2.697E-11  1.727E-04  1.000E+00  1.000E+00  3.35E+01  6.58-299  6.44E-02  0.002889  0.512992  0.0000000E+00  8.0632509889E-02
261  0.527934436918661E+07   28.274554  5.795858  3.616283  0.5098025E+00  0.4763637E+00  7.3124215E-04  5.7814086E-05  5.5471304E-03  2.1752164E-03  1.4092830E-06  4.0591827E-06  1.8424558E-03  5.2774472E-05  7.671E-07  0.3999  3.616283   -3.499  2.623446  8.291164  0.0000000E+00  0.9485660E+00  3.3084951E-02  4.0665582E-09  6.6505921E-06  3.4024856E-04  1.8122606E-08  1.1452495E-05  1.7517637E-03  1.2668080E-02  1.385E-06  2.697E-11  1.727E-04  1.000E+00  1.000E+00  3.35E+01  6.58-299  6.44E-02  0.002889  0.512992  0.0000000E+00  8.0632509889E-02
262  0.527934436918661E+07   28.274554  5.795858  3.616283  0.5098025E+00  0.4763637E+00  7.3124215E-04  5.7814086E-05  5.5471304E-03  2.1752164E-03  1.4092830E-06  4.0591827E-06  1.8424558E-03  5.2774472E-05  7.671E-07  0.3999  3.616283   -3.499  2.623446  8.291164  0.0000000E+00  0.9485660E+00  3.3084951E-02  4.0665582E-09  6.6505921E-06  3.4024856E-04  1.8122606E-08  1.1452495E-05  1.7517637E-03  1.2668080E-02  1.385E-06  2.697E-11  1.727E-04  1.000E+00  1.000E+00  3.35E+01  6.58-299  6.44E-02  0.002889  0.512992  0.0000000E+00  8.0632509889E-02
263  0.527934436918661E+07   28.274554  5.795858  3.616283  0.5098025E+00  0.4763637E+00  7.3124215E-04  5.7814086E-05  5.5471304E-03  2.1752164E-03  1.4092830E-06  4.0591827E-06  1.8424558E-03  5.2774472E-05  7.671E-07  0.3999  3.616283   -3.499  2.623446  8.291164  0.0000000E+00  0.9485660E+00  3.3084951E-02  4.0665582E-09  6.6505921E-06  3.4024856E-04  1.8122606E-08  1.1452495E-05  1.7517637E-03  1.2668080E-02  1.385E-06  2.697E-11  1.727E-04  1.000E+00  1.000E+00  3.35E+01  6.58-299  6.44E-02  0.002889  0.512992  0.0000000E+00  8.0632509889E-02
264  0.527934436918661E+07   28.274554  5.795858  3.616283  0.5098025E+00  0.4763637E+00  7.3124215E-04  5.7814086E-05  5.5471304E-03  2.1752164E-03  1.4092830E-06  4.0591827E-06  1.8424558E-03  5.2774472E-05  7.671E-07  0.3999  3.616283   -3.499  2.623446  8.291164  0.0000000E+00  0.9485660E+00  3.3084951E-02  4.0665582E-09  6.6505921E-06  3.4024856E-04  1.8122606E-08  1.1452495E-05  1.7517637E-03  1.2668080E-02  1.385E-06  2.697E-11  1.727E-04  1.000E+00  1.000E+00  3.35E+01  6.58-299  6.44E-02  0.002889  0.512992  0.0000000E+00  8.0632509889E-02
265  0.527934436918661E+07   28.274554  5.795858  3.616283  0.5098025E+00  0.4763637E+00  7.3124215E-04  5.7814086E-05  5.5471304E-03  2.1752164E-03  1.4092830E-06  4.0591827E-06  1.8424558E-03  5.2774472E-05  7.671E-07  0.3999  3.616283   -3.499  2.623446  8.291164  0.0000000E+00  0.9485660E+00  3.3084951E-02  4.0665582E-09  6.6505921E-06  3.4024856E-04  1.8122606E-08  1.1452495E-05  1.7517637E-03  1.2668080E-02  1.385E-06  2.697E-11  1.727E-04  1.000E+00  1.000E+00  3.35E+01  6.58-299  6.44E-02  0.002889  0.512992  0.0000000E+00  8.0632509889E-02
266  0.527934436918661E+07   28.274554  5.795858  3.616283  0.5098025E+00  0.4763637E+00  7.3124215E-04  5.7814086E-05  5.5471304E-03  2.1752164E-03  1.4092830E-06  4.0591827E-06  1.8424558E-03  5.2774472E-05  7.671E-07  0.3999  3.616283   -3.499  2.623446  8.291164  0.0000000E+00  0.9485660E+00  3.3084951E-02  4.0665582E-09  6.6505921E-06  3.4024856E-04  1.8122606E-08  1.1452495E-05  1.7517637E-03  1.2668080E-02  1.385E-06  2.697E-11  1.727E-04  1.000E+00  1.000E+00  3.35E+01  6.58-299  6.44E-02  0.002889  0.512992  0.0000000E+00  8.0632509889E-02
267  0.527934436918661E+07   28.274554  5.795858  3.616283  0.5098025E+00  0.4763637E+00  7.3124215E-04  5.7814086E-05  5.5471304E-03  2.1752164E-03  1.4092830E-06  4.0591827E-06  1.8424558E-03  5.2774472E-05  7.671E-07  0.3999  3.616283   -3.499  2.623446  8.291164  0.0000000E+00  0.9485660E+00  3.3084951E-02  4.0665582E-09  6.6505921E-06  3.4024856E-04  1.8122606E-08  1.1452495E-05  1.7517637E-03  1.2668080E-02  1.385E-06  2.697E-11  1.727E-04  1.000E+00  1.000E+00  3.35E+01  6.58-299  6.44E-02  0.002889  0.512992  0.0000000E+00  8.0632509889E-02
268  0.527934436918661E+07   28.274554  5.795858  3.616283  0.5098025E+00  0.4763637E+00  7.3124215E-04  5.7814086E-05  5.5471304E-03  2.1752164E-03  1.4092830E-06  4.0591827E-06  1.8424558E-03  5.2774472E-05  7.671E-07  0.3999  3.616283   -3.499  2.623446  8.291164  0.0000000E+00  0.9485660E+00  3.3084951E-02  4.0665582E-09  6.6505921E-06  3.4024856E-04  1.8122606E-08  1.1452495E-05  1.7517637E-03  1.2668080E-02  1.385E-06  2.697E-11  1.727E-04  1.000E+00  1.000E+00  3.35E+01  6.58-299  6.44E-02  0.002889  0.512992  0.0000000E+00  8.0632509889E-02
269  0.527934436918661E+07   28.274554  5.795858  3.616283  0.5098025E+00  0.4763637E+00  7.3124215E-04  5.7814086E-05  5.5471304E-03  2.1752164E-03  1.4092830E-06  4.0591827E-06  1.8424558E-03  5.2774472E-05  7.671E-07  0.3999  3.616283   -3.499  2.623446  8.291164  0.0000000E+00  0.9485660E+00  3.3084951E-02  4.0665582E-09  6.6505921E-06  3.4024856E-04  1.8122606E-08  1.1452495E-05  1.7517637E-03  1.2668080E-02  1.385E-06  2.697E-11  1.727E-04  1.000E+00  1.000E+00  3.35E+01  6.58-299  6.44E-02  0.002889  0.512992  0.0000000E+00  8.0632509889E-02
270  0.527934436918661E+07   28.274554  5.795858  3.616283  0.5098025E+00  0.4763637E+00  7.3124215E-04  5.7814086E-05  5.5471304E-03  2.1752164E-03  1.4092830E-06  4.0591827E-06  1.8424558E-03  5.2774472E-05  7.671E-07  0.3999  3.616283   -3.499  2.623446  8.291164  0.0000000E+00  0.9485660E+00  3.3084951E-02  4.0665582E-09  6.6505921E-06  3.4024856E-04  1.8122606E-08  1.1452495E-05  1.7517637E-03  1.2668080E-02  1.385E-06  2.697E-11  1.727E-04  1.000E+00  1.000E+00  3.35E+01  6.58-299  6.44E-02  0.002889  0.512992  0.0000000E+00  8.0632509889E-02
271  0.527934436918661E+07   28.274554  5.795858  3.616283  0.5098025E+00  0.4763637E+00  7.3124215E-04  5.7814086E-05  5.5471304E-03  2.1752164E-03  1.4092830E-06  4.0591827E-06  1.8424558E-03  5.2774472E-05  7.671E-07  0.3999  3.616283   -3.499  2.623446  8.291164  0.0000000E+00  0.9485660E+00  3.3084951E-02  4.0665582E-09  6.6505921E-06  3.4024856E-04  1.8122606E-08  1.1452495E-05  1.7517637E-03  1.2668080E-02  1.385E-06  2.697E-11  1.727E-04  1.000E+00  1.000E+00  3.35E+01  6.58-299  6.44E-02  0.002889  0.512992  0.0000000E+00  8.0632509889E-02
272  0.527934436918661E+07   28.274554  5.795858  3.616283  0.5098025E+00  0.4763637E+00  7.3124215E-04  5.7814086E-05  5.5471304E-03  2.1752164E-03  1.4092830E-06  4.0591827E-06  1.8424558E-03  5.2774472E-05  7.671E-07  0.3999  3.616283   -3.499  2.623446  8.291164  0.0000000E+00  0.9485660E+00  3.3084951E-02  4.0665582E-09  6.6505921E-06  3.4024856E-04  1.8122606E-08  1.1452495E-05  1.7517637E-03  1.2668080E-02  1.385E-06  2.697E-11  1.727E-04  1.000E+00  1.000E+00  3.35E+01  6.58-299  6.44E-02  0.002889  0.512992  0.0000000E+00  8.0632509889E-02
273  0.527934436918661E+07   28.274554  5.795858  3.616283  0.5098025E+00  0.4763637E+00  7.3124215E-04  5.7814086E-05  5.5471304E-03  2.1752164E-03  1.4092830E-06  4.0591827E-06  1.8424558E-03  5.2774472E-05  7.671E-07  0.3999  3.616283   -3.499  2.623446  8.291164  0.0000000E+00  0.9485660E+00  3.3084951E-02  4.0665582E-09  6.6505921E-06  3.4024856E-04  1.8122606E-08  1.1452495E-05  1.7517637E-03  1.2668080E-02  1.385E-06  2.697E-11  1.727E-04  1.000E+00  1.000E+00  3.35E+01  6.58-299  6.44E-02  0.002889  0.512992  0.0000000E+00  8.0632509889E-02
274  0.527934436918661E+07   28.274554  5.795858  3.616283  0.5098025E+00  0.4763637E+00  7.3124215E-04  5.7814086E-05  5.5471304E-03  2.1752164E-03  1.4092830E-06  4.0591827E-06  1.8424558E-03  5.2774472E-05  7.671E-07  0.3999  3.616283   -3.499  2.623446  8.291164  0.0000000E+00  0.9485660E+00  3.3084951E-02  4.0665582E-09  6.6505921E-06  3.4024856E-04  1.8122606E-08  1.1452495E-05  1.7517637E-03  1.2668080E-02  1.385E-06  2.697E-11  1.727E-04  1.000E+00  1.000E+00  3.35E+01  6.58-299  6.44E-02  0.002889  0.512992  0.0000000E+00  8.0632509889E-02
275  0.527934436918661E+07   28.274554  5.795858  3.616283  0.5098025E+00  0.4763637E+00  7.3124215E-04  5.7814086E-05  5.5471304E-03  2.1752164E-03  1.4092830E-06  4.0591827E-06  1.8424558E-03  5.2774472E-05  7.671E-07  0.3999  3.616283   -3.499  2.623446  8.291164  0.0000000E+00  0.9485660E+00  3.3084951E-02  4.0665582E-09  6.6505921E-06  3.4024856E-04  1.8122606E-08  1.1452495E-05  1.7517637E-03  1.2668080E-02  1.385E-06  2.697E-11  1.727E-04  1.000E+00  1.000E+00  3.35E+01  6.58-299  6.44E-02  0.002889  0.512992  0.0000000E+00  8.0632509889E-02
276  0.527934436918661E+07   28.274554  5.795858  3.616283  0.5098025E+00  0.4763637E+00  7.3124215E-04  5.7814086E-05  5.5471304E-03  2.1752164E-03  1.4092830E-06  4.0591827E-06  1.8424558E-03  5.2774472E-05  7.671E-07  0.3999  3.616283   -3.499  2.623446  8.291164  0.0000000E+00  0.9485660E+00  3.3084951E-02  4.0665582E-09  6.6505921E-06  3.4024856E-04  1.8122606E-08  1.1452495E-05  1.7517637E-03  1.2668080E-02  1.385E-06  2.697E-11  1.727E-04  1.000E+00  1.000E+00  3.35E+01  6.58-299  6.44E-02  0.002889  0.512992  0.0000000E+00  8.0632509889E-02
277  0.527934436918661E+07   28.274554  5.795858  3.616283  0.5098025E+00  0.4763637E+00  7.3124215E-04  5.7814086E-05  5.5471304E-03  2.1752164E-03  1.4092830E-06  4.0591827E-06  1.8424558E-03  5.2774472E-05  7.671E-07  0.3999  3.616283   -3.499  2.623446  8.291164  0.0000000E+00  0.9485660E+00  3.3084951E-02  4.0665582E-09  6.6505921E-06  3.4024856E-04  1.8122606E-08  1.1452495E-05  1.7517637E-03  1.2668080E-02  1.385E-06  2.697E-11  1.727E-04  1.000E+00  1.000E+00  3.35E+01  6.58-299  6.44E-02  0.002889  0.512992  0.0000000E+00  8.0632509889E-02
278  0.527934436918661E+07   28.274554  5.795858  3.616283  0.5098025E+00  0.4763637E+00  7.3124215E-04  5.7814086E-05  5.5471304E-03  2.1752164E-03  1.4092830E-06  4.0591827E-06  1.8424558E-03  5.2774472E-05  7.671E-07  0.3999  3.616283   -3.499  2.623446  8.291164  0.0000000E+00  0.9485660E+00  3.3084951E-02  4.0665582E-09  6.6505921E-06  3.4024856E-04  1.8122606E-08  1.1452495E-05  1.7517637E-03  1.2668080E-02  1.385E-06  2.697E-11  1.727E-04  1.000E+00  1.000E+00  3.35E+01  6.58-299  6.44E-02  0.002889  0.512992  0.0000000E+00  8.0632509889E-02
279  0.527934436918661E+07   28.274554  5.795858  3.616283  0.5098025E+00  0.4763637E+00  7.3124215E-04  5.7814086E-05  5.5471304E-03  2.1752164E-03  1.4092830E-06  4.0591827E-06  1.8424558E-03  5.2774472E-05  7.671E-07  0.3999  3.616283   -3.499  2.623446  8.291164  0.0000000E+00  0.9485660E+00  3.3084951E-02  4.0665582E-09  6.6505921E-06  3.4024856E-04  1.8122606E-08  1.1452495E-05  1.7517637E-03  1.2668080E-02  1.385E-06  2.697E-11  1.727E-04  1.000E+00  1.000E+00  3.35E+01  6.58-299  6.44E-02  0.002889  0.512992  0.0000000E+00  8.0632509889E-02
280  0.527934436918661E+07   28.274554  5.795858  3.616283  0.5098025E+00  0.4763637E+00  7.3124215E-04  5.7814086E-05  5.5471304E-03  2.1752164E-03  1.4092830E-06  4.0591827E-06  1.8424558E-03  5.2774472E-05  7.671E-07  0.3999  3.616283   -3.499  2.623446  8.291164  0.0000000E+00  0.9485660E+00  3.3084951E-02  4.0665582E-09  6.6505921E-06  3.4024856E-04  1.8122606E-08  1.1452495E-05  1.7517637E-03  1.2668080E-02  1.385E-06  2.697E-11  1.727E-04  1.000E+00  1.000E+00  3.35E+01  6.58-299  6.44E-02  0.002889  0.512992  0.0000000E+00  8.0632509889E-02
281  0.527934436918661E+07   28.274554  5.795858  3.616283  0.5098025E+00  0.4763637E+00  7.3124215E-04  5.7814086E-05  5.5471304E-03  2.1752164E-03  1.4092830E-06  4.0591827E-06  1.8424558E-03  5.2774472E-05  7.671E-07  0.3999  3.616283   -3.499  2.623446  8.291164  0.0000000E+00  0.9485660E+00  3.3084951E-02  4.0665582E-09  6.6505921E-06  3.4024856E-04  1.8122606E-08  1.1452495E-05  1.7517637E-03  1.2668080E-02  1.385E-06  2.697E-11  1.727E-04  1.000E+00  1.000E+00  3.35E+01  6.58-299  6.44E-02  0.002889  0.512992  0.0000000E+00  8.0632509889E-02
282  0.527934436918661E+07   28.274554  5.795858  3.616283  0.5098025E+00  0.4763637E+00  7.3124215E-04  5.7814086E-05  5.5471304E-03  2.1752164E-03  1.4092830E-06  4.0591827E-06  1.8424558E-03  5.2774472E-05  7.671E-07  0.3999  3.616283   -3.499  2.623446  8.291164  0.0000000E+00  0.9485660E+00  3.3084951E-02  4.0665582E-09  6.6505921E-06  3.4024856E-04  1.8122606E-08  1.1452495E-05  1.7517637E-03  1.2668080E-02  1.385E-06  2.697E-11  1.727E-04  1.000E+00  1.000E+00  3.35E+01  6.58-299  6.44E-02  0.002889  0.512992  0.0000000E+00  8.0632509889E-02
283  0.527934436918661E+07   28.274554  5.795858  3.616283  0.5098025E+00  0.4763637E+00  7.3124215E-04  5.7814086E-05  5.5471304E-03  2.1752164E-03  1.4092830E-06  4.0591827E-06  1.8424558E-03  5.2774472E-05  7.671E-07  0.3999  3.616283   -3.499  2.623446  8.291164  0.0000000E+00  0.9485660E+00  3.3084951E-02  4.0665582E-09  6.6505921E-06  3.4024856E-04  1.8122606E-08  1.1452495E-05  1.7517637E-03  1.2668080E-02  1.385E-06  2.697E-11  1.727E-04  1.000E+00  1.000E+00  3.35E+01  6.58-299  6.44E-02  0.002889  0.512992  0.0000000E+00  8.0632509889E-02
284  0.527934436918661E+07   28.274554  5.795858  3.616283  0.5098025E+00  0.4763637E+00  7.3124215E-04  5.7814086E-05  5.5471304E-03  2.1752164E-03  1.4092830E-06  4.0591827E-06  1.8424558E-03  5.2774472E-05  7.671E-07  0.3999  3.616283   -3.499  2.623446  8.291164  0.0000000E+00  0.9485660E+00  3.3084951E-02  4.0665582E-09  6.6505921E-06  3.4024856E-04  1.8122606E-08  1.1452495E-05  1.7517637E-03  1.2668080E-02  1.385E-06  2.697E-11  1.727E-04  1.000E+00  1.000E+00  3.35E+01  6.58-299  6.44E-02  0.002889  0.512992  0.0000000E+00  8.0632509889E-02
285  0.527934436918661E+07   28.274554  5.795858  3.616283  0.5098025E+00  0.4763637E+00  7.3124215E-04  5.7814086E-05  5.5471304E-03  2.1752164E-03  1.4092830E-06  4.0591827E-06  1.8424558E-03  5.2774472E-05  7.671E-07  0.3999  3.616283   -3.499  2.623446  8.291164  0.0000000E+00  0.9485660E+00  3.3084951E-02  4.0665582E-09  6.6505921E-06  3.4024856E-04  1.8122606E-08  1.1452495E-05  1.7517637E-03  1.2668080E-02  1.385E-06  2.697E-11  1.727E-04  1.000E+00  1.000E+00  3.35E+01  6.58-299  6.44E-02  0.002889  0.512992  0.0000000E+00  8.0632509889E-02
286  0.527934436918661E+07   28.274554  5.795858  3.616283  0.5098025E+00  0.4763637E+00  7.3124215E-04  5.7814086E-05  5.5471304E-03  2.1752164E-03  1.4092830E-06  4.0591827E-06  1.8424558E-03  5.2774472E-05  7.671E-07  0.3999  3.616283   -3.499  2.623446  8.291164  0.0000000E+00  0.9485660E+00  3.3084951E-02  4.0665582E-09  6.6505921E-06  3.4024856E-04  1.8122606E-08  1.1452495E-05  1.7517637E-03  1.2668080E-02  1.385E-06  2.697E-11  1.727E-04  1.000E+00  1.000E+00  3.35E+01  6.58-299  6.44E-02  0.002889  0.512992  0.0000000E+00  8.0632509889E-02
287  0.527934436918661E+07   28.274554  5.795858  3.616283  0.5098025E+00  0.4763637E+00  7.3124215E-04  5.7814086E-05  5.5471304E-03  2.1752164E-03  1.4092830E-06  4.0591827E-06  1.8424558E-03  5.2774472E-05  7.671E-07  0.3999  3.616283   -3.499  2.623446  8.291164  0.0000000E+00  0.9485660E+00  3.3084951E-02  4.0665582E-09  6.6505921E-06  3.4024856E-04  1.8122606E-08  1.1452495E-05  1.7517637E-03  1.2668080E-02  1.385E-06  2.697E-11  1.727E-04  1.000E+00  1.000E+00  3.35E+01  6.58-299  6.44E-02  0.002889  0.512992  0.0000000E+00  8.0632509889E-02
288  0.527934436918661E+07   28.274554  5.795858  3.616283  0.5098025E+00  0.4763637E+00  7.3124215E-04  5.7814086E-05  5.5471304E-03  2.1752164E-03  1.4092830E-06  4.0591827E-06  1.8424558E-03  5.2774472E-05  7.671E-07  0.3999  3.616283   -3.499  2.623446  8.291164  0.0000000E+00  0.9485660E+00  3.3084951E-02  4.0665582E-09  6.6505921E-06  3.4024856E-04  1.8122606E-08  1.1452495E-05  1.7517637E-03  1.2668080E-02  1.385E-06  2.697E-11  1.727E-04  1.000E+00  1.000E+00  3.35E+01  6.58-299  6.44E-02  0.002889  0.512992  0.0000000E+00  8.0632509889E-02
289  0.527934436918661E+07   28.274554  5.795858  3.616283  0.5098025E+00  0.4763637E+00  7.3124215E-04  5.7814086E-05  5.5471304E-03  2.1752164E-03  1.4092830E-06  4.0591827E-06  1.8424558E-03  5.2774472E-05  7.671E-07  0.3999  3.616283   -3.499  2.623446  8.291164  0.0000000E+00  0.9485660E+00  3.3084951E-02  4.0665582E-09  6.6505921E-06  3.4024856E-04  1.8122606E-08  1.1452495E-05  1.7517637E-03  1.2668080E-02  1.385E-06  2.697E-11  1.727E-04  1.000E+00  1.000E+00  3.35E+01  6.58-299  6.44E-02  0.002889  0.512992  0.0000000E+00  8.0632509889E-02
290  0.527934436918661E+07   28.274554  5.795858  3.616283  0.5098025E+00  0.4763637E+00  7.3124215E-04  5.7814086E-05  5.5471304E-03  2.1752164E-03  1.4092830E-06  4.0591827E-06  1.8424558E-03  5.2774472E-05  7.671E-07  0.3999  3.616283   -3.499  2.623446  8.291164  0.0000000E+00  0.9485660E+00  3.3084951E-02  4.0665582E-09  6.6505921E-06  3.4024856E-04  1.8122606E-08  1.1452495E-05  1.7517637E-03  1.2668080E-02  1.385E-06  2.697E-11  1.727E-04  1.000E+00  1.000E+00  3.35E+01  6.58-299  6.44E-02  0.002889  0.512992  0.0000000E+00  8.0632509889E-02
291  0.527934436918661E+07   28.274554  5.795858  3.616283  0.5098025E+00  0.4763637E+00  7.3124215E-04  5.7814086E-05  5.5471304E-03  2.1752164E-03  1.4092830E-06  4.0591827E-06  1.8424558E-03  5.2774472E-05  7.671E-07  0.3999  3.616283   -3.499  2.623446  8.291164  0.0000000E+00  0.9485660E+00  3.3084951E-02  4.0665582E-09  6.6505921E-06  3.4024856E-04  1.8122606E-08  1.1452495E-05  1.7517637E-03  1.2668080E-02  1.385E-06  2.697E-11  1.727E-04  1.000E+00  1.000E+00  3.35E+01  6.58-299  6.44E-02  0.002889  0.512992  0.0000000E+00  8.0632509889E-02
292  0.527934436918661E+07   28.274554  5.795858  3.616283  0.5098025E+00  0.4763637E+00  7.3124215E-04  5.7814086E-05  5.5471304E-03  2.1752164E-03  1.4092830E-06  4.0591827E-06  1.8424558E-03  5.2774472E-05  7.671E-07  0.3999  3.616283   -3.499  2.623446  8.291164  0.0000000E+00  0.9485660E+00  3.3084951E-02  4.0665582E-09  6.6505921E-06  3.4024856E-04  1.8122606E-08  1.1452495E-05  1.7517637E-03  1.2668080E-02  1.385E-06  2.697E-11  1.727E-04  1.000E+00  1.000E+00  3.35E+01  6.58-299  6.44E-02  0.002889  0.512992  0.0000000E+00  8.0632509889E-02
293  0.527934436918661E+07   28.274554  5.795858  3.616283  0.5098025E+00  0.4763637E+00  7.3124215E-04  5.7814086E-05  5.5471304E-03  2.1752164E-03  1.4092830E-06  4.0591827E-06  1.8424558E-03  5.2774472E-05  7.671E-07  0.3999  3.616283   -3.499  2.623446  8.291164  0.0000000E+00  0.9485660E+00  3.3084951E-02  4.0665582E-09  6.6505921E-06  3.4024856E-04  1.8122606E-08  1.1452495E-05  1.7517637E-03  1.2668080E-02  1.385E-06  2.697E-11  1.727E-04  1.000E+00  1.000E+00  3.35E+01  6.58-299  6.44E-02  0.002889  0.512992  0.0000000E+00  8.0632509889E-02
294  0.527934436918661E+07   28.274554  5.795858  3.616283  0.5098025E+00  0.4763637E+00  7.3124215E-04  5.7814086E-05  5.5471304E-03  2.1752164E-03  1.4092830E-06  4.0591827E-06  1.8424558E-03  5.2774472E-05  7.671E-07  0.3999  3.616283   -3.499  2.623446  8.291164  0.0000000E+00  0.9485660E+00  3.3084951E-02  4.0665582E-09  6.6505921E-06  3.4024856E-04  1.8122606E-08  1.1452495E-05  1.7517637E-03  1.2668080E-02  1.385E-06  2.697E-11  1.727E-04  1.000E+00  1.000E+00  3.35E+01  6.58-299  6.44E-02  0.002889  0.512992  0.0000000E+00  8.0632509889E-02
295  0.527934436918661E+07   28.274554  5.795858  3.616283  0.5098025E+00  0.4763637E+00  7.3124215E-04  5.7814086E-05  5.5471304E-03  2.1752164E-03  1.4092830E-06  4.0591827E-06  1.8424558E-03  5.2774472E-05  7.671E-07  0.3999  3.616283   -3.499  2.623446  8.291164  0.0000000E+00  0.9485660E+00  3.3084951E-02  4.0665582E-09  6.6505921E-06  3.4024856E-04  1.8122606E-08  1.1452495E-05  1.7517637E-03  1.2668080E-02  1.385E-06  2.697E-11  1.727E-04  1.000E+00  1.000E+00  3.35E+01  6.58-299  6.44E-02  0.002889  0.512992  0.0000000E+00  8.0632509889E-02
296  0.527934436918661E+07   28.274554  5.795858  3.616283  0.5098025E+00  0.4763637E+00  7.3124215E-04  5.7814086E-05  5.5471304E-03  2.1752164E-03  1.4092830E-06  4.0591827E-06  1.8424558E-03  5.2774472E-05  7.671E-07  0.3999  3.616283   -3.499  2.623446  8.291164  0.0000000E+00  0.9485660E+00  3.3084951E-02  4.0665582E-09  6.6505921E-06  3.4024856E-04  1.8122606E-08  1.1452495E-05  1.7517637E-03  1.2668080E-02  1.385E-06  2.697E-11  1.727E-04  1.000E+00  1.000E+00  3.35E+01  6.58-299  6.44E-02  0.002889  0.512992  0.0000000E+00  8.0632509889E-02
297  0.527934436918661E+07   28.274554  5.795858  3.616283  0.5098025E+00  0.4763637E+00  7.3124215E-04  5.7814086E-05  5.5471304E-03  2.1752164E-03  1.4092830E-06  4.0591827E-06  1.8424558E-03  5.2774472E-05  7.671E-07  0.3999  3.616283   -3.499  2.623446  8.291164  0.0000000E+00  0.9485660E+00  3.3084951E-02  4.0665582E-09  6.6505921E-06  3.4024856E-04  1.8122606E-08  1.1452495E-05  1.7517637E-03  1.2668080E-02  1.385E-06  2.697E-11  1.727E-04  1.000E+00  1.000E+00  3.35E+01  6.58-299  6.44E-02  0.002889  0.512992  0.0000000E+00  8.0632509889E-02
298  0.527934436918661E+07   28.274554  5.795858  3.616283  0.5098025E+00  0.4763637E+00  7.3124215E-04  5.7814086E-05  5.5471304E-03  2.1752164E-03  1.4092830E-06  4.0591827E-06  1.8424558E-03  5.2774472E-05  7.671E-07  0.3999  3.616283   -3.499  2.623446  8.291164  0.0000000E+00  0.9485660E+00  3.3084951E-02  4.0665582E-09  6.6505921E-06  3.4024856E-04  1.8122606E-08  1.1452495E-05  1.7517637E-03  1.2668080E-02  1.385E-06  2.697E-11  1.727E-04  1.000E+00  1.000E+00  3.35E+01  6.58-299  6.44E-02  0.002889  0.512992  0.0000000E+00  8.0632509889E-02
299  0.527934436918661E+07   28.274554  5.795858  3.616283  0.5098025E+00  0.4763637E+00  7.3124215E-04  5.7814086E-05  5.5471304E-03  2.1752164E-03  1.4092830E-06  4.0591827E-06  1.8424558E-03  5.2774472E-05  7.671E-07  0.3999  3.616283   -3.499  2.623446  8.291164  0.0000000E+00  0.9485660E+00  3.3084951E-02  4.0665582E-09  6.6505921E-06  3.4024856E-04  1.8122606E-08  1.1452495E-05  1.7517637E-03  1.2668080E-02  1.385E-06  2.697E-11  1.727E-04  1.000E+00  1.000E+00  3.35E+01  6.58-299  6.44E-02  0.002889  0.512992  0.0000000E+00  8.0632509889E-02
300  0.527934436918661E+07   28.274554  5.795858  3.616283  0.5098025E+00  0.4763637E+00  7.3124215E-04  5.7814086E-05  5.5471304E-03  2.1752164E-03  1.4092830E-06  4.0591827E-06  1.8424558E-03  5.2774472E-05  7.671E-07  0.3999  3.616283   -3.499  2.623446  8.291164  0.0000000E+00  0.9485660E+00  3.3084951E-02  4.0665582E-09  6.6505921E-06  3.4024856E-04  1.8122606E-08  1.1452495E-05  1.7517637E-03  1.2668080E-02  1.385E-06  2.697E-11  1.727E-04  1.000E+00  1.000E+00  3.35E+01  6.58-299  6.44E-02  0.002889  0.512992  0.0000000E+00  8.0632509889E-02
301  0.527934436918661E+07   28.274554  5.795858  3.616283  0.5098025E+00  0.4763637E+00  7.3124215E-04  5.7814086E-05  5.5471304E-03  2.1752164E-03  1.4092830E-06  4.0591827E-06  1.8424558E-03  5.2774472E-05  7.671E-07  0.3999  3.616283   -3.499  2.623446  8.291164  0.0000000E+00  0.9485660E+00  3.3084951E-02  4.0665582E-09  6.6505921E-06  3.4024856E-04  1.8122606E-08  1.1452495E-05  1.7517637E-03  1.2668080E-02  1.385E-06  2.697E-11  1.727E-04  1.000E+00  1.000E+00  3.35E+01  6.58-299  6.44E-02  0.002889  0.512992  0.0000000E+00  8.0632509889E-02
302  0.527934436918661E+07   28.274554  5.795858  3.616283  0.5098025E+00  0.4763637E+00  7.3124215E-04  5.7814086E-05  5.5471304E-03  2.1752164E-03  1.4092830E-06  4.0591827E-06  1.8424558E-03  5.2774472E-05  7.671E-07  0.3999  3.616283   -3.499  2.623446  8.291164  0.0000000E+00  0.9485660E+00  3.3084951E-02  4.0665582E-09  6.6505921E-06  3.4024856E-04  1.8122606E-08  1.1452495E-05  1.7517637E-03  1.2668080E-02  1.385E-06  2.697E-11  1.727E-04  1.000E+00  1.000E+00  3.35E+01  6.58-299  6.44E-02  0.002889  0.512992  0.0000000E+00  8.0632509889E-02
303  0.527934436918661E+07   28.274554  5.795858  3.616283  0.5098025E+00  0.4763637E+00  7.3124215E-04  5.7814086E-05  5.5471304E-03  2.1752164E-03  1.4092830E-06  4.0591827E-06  1.8424558E-03  5.2774472E-05  7.671E-07  0.3999  3.616283   -3.499  2.623446  8.291164  0.0000000E+00  0.9485660E+00  3.3084951E-02  4.0665582E-09  6.6505921E-06  3.4024856E-04  1.8122606E-08  1.1452495E-05  1.7517637E-03  1.2668080E-02  1.385E-06  2.697E-11  1.727E-04  1.000E+00  1.000E+00  3.35E+01  6.58-299  6.44E-02  0.002889  0.512992  0.0000000E+00  8.0632509889E-02
304  0.527934436918661E+07   28.274554  5.795858  3.616283  0.5098025E+00  0.4763637E+00  7.3124215E-04  5.7814086E-05  5.5471304E-03  2.1752164E-03  1.4092830E-06  4.0591827E-06  1.8424558E-03  5.2774472E-05  7.671E-07  0.3999  3.616283   -3.499  2.623446  8.291164  0.0000000E+00  0.9485660E+00  3.3084951E-02  4.0665582E-09  6.6505921E-06  3.4024856E-04  1.8122606E-08  1.1452495E-05  1.7517637E-03  1.2668080E-02  1.385E-06  2.697E-11  1.727E-04  1.000E+00  1.000E+00  3.35E+01  6.58-299  6.44E-02  0.002889  0.512992  0.0000000E+00  8.0632509889E-02
305  0.527934436918661E+07   28.274554  5.795858  3.616283  0.5098025E+00  0.4763637E+00  7.3124215E-04  5.7814086E-05  5.5471304E-03  2.1752164E-03  1.4092830E-06  4.0591827E-06  1.8424558E-03  5.2774472E-05  7.671E-07  0.3999  3.616283   -3.499  2.623446  8.291164  0.0000000E+00  0.9485660E+00  3.3084951E-02  4.0665582E-09  6.6505921E-06  3.4024856E-04  1.8122606E-08  1.1452495E-05  1.7517637E-03  1.2668080E-02  1.385E-06  2.697E-11  1.727E-04  1.000E+00  1.000E+00  3.35E+01  6.58-299  6.44E-02  0.002889  0.512992  0.0000000E+00  8.0632509889E-02
306  0.527934436918661E+07   28.274554  5.795858  3.616283  0.5098025E+00  0.4763637E+00  7.3124215E-04  5.7814086E-05  5.5471304E-03  2.1752164E-03  1.4092830E-06  4.0591827E-06  1.8424558E-03  5.2774472E-05  7.671E-07  0.3999  3.616283   -3.499  2.623446  8.291164  0.0000000E+00  0.9485660E+00  3.3084951E-02  4.0665582E-09  6.6505921E-06  3.4024856E-04  1.8122606E-08  1.1452495E-05  1.7517637E-03  1.2668080E-02  1.385E-06  2.697E-11  1.727E-04  1.000E+00  1.000E+00  3.35E+01  6.58-299  6.44E-02  0.002889  0.512992  0.0000000E+00  8.0632509889E-02
307  0.527934436918661E+07   28.274554  5.795858  3.616283  0.5098025E+00  0.4763637E+00  7.3124215E-04  5.7814086E-05  5.5471304E-03  2.1752164E-03  1.4092830E-06  4.0591827E-06  1.8424558E-03  5.2774472E-05  7.671E-07  0.3999  3.616283   -3.499  2.623446  8.291164  0.0000000E+00  0.9485660E+00  3.3084951E-02  4.0665582E-09  6.6505921E-06  3.4024856E-04  1.8122606E-08  1.1452495E-05  1.7517637E-03  1.2668080E-02  1.385E-06  2.697E-11  1.727E-04  1.000E+00  1.000E+00  3.35E+01  6.58-299  6.44E-02  0.002889  0.512992  0.0000000E+00  8.0632509889E-02
308  0.527934436918661E+07   28.274554  5.795858  3.616283  0.5098025E+00  0.4763637E+00  7.3124215E-04  5.7814086E-05  5.5471304E-03  2.1752164E-03  1.4092830E-06  4.0591827E-06  1.8424558E-03  5.2774472E-05  7.671E-07  0.3999  3.616283   -3.499  2.623446  8.291164  0.0000000E+00  0.9485660E+00  3.3084951E-02  4.0665582E-09  6.6505921E-06  3.4024856E-04  1.8122606E-08  1.1452495E-05  1.7517637E-03  1.2668080E-02  1.385E-06  2.697E-11  1.727E-04  1.000E+00  1.000E+00  3.35E+01  6.58-299  6.44E-02  0.002889  0.512992  0.0000000E+00  8.0632509889E-02
309  0.527934436918661E+07   28.274554  5.795858  3.616283  0.5098025E+00  0.4763637E+00  7.3124215E-04  5.7814086E-05  5.5471304E-03  2.1752164E-03  1.4092830E-06  4.0591827E-06  1.8424558E-03  5.2774472E-05  7.671E-07  0.3999  3.616283   -3.499  2.623446  8.291164  0.0000000E+00  0.9485660E+00  3.3084951E-02  4.0665582E-09  6.6505921E-06  3.4024856E-04  1.8122606E-08  1.1452495E-05  1.7517637E-03  1.2668080E-02  1.385E-06  2.697E-11  1.727E-04  1.000E+00  1.000E+00  3.35E+01  6.58-299  6.44E-02  0.002889  0.512992  0.0000000E+00  8.0632509889E-02
310  0.527934436918661E+07   28.274554  5.795858  3.616283  0.5098025E+00  0.4763637E+00  7.3124215E-04  5.7814086E-05  5.5471304E-03  2.1752164E-03  1.4092830E-06  4.0591827E-06  1.8424558E-03  5.2774472E-05  7.671E-07  0.3999  3.616283   -3.499  2.623446  8.291164  0.0000000E+00  0.9485660E+00  3.3084951E-02  4.0665582E-09  6.6505921E-06  3.4024856E-04  1.8122606E-08  1.1452495E-05  1.7517637E-03  1.2668080E-02  1.385E-06  2.697E-11  1.727E-04  1.000E+00  1.000E+00  3.35E+01  6.58-299  6.44E-02  0.002889  0.512992  0.0000000E+00  8.0632509889E-02
311  0.527934436918661E+07   28.274554  5.795858  3.616283  0.5098025E+00  0.4763637E+00  7.3124215E-04  5.7814086E-05  5.5471304E-03  2.1752164E-03  1.4092830E-06  4.0591827E-06  1.8424558E-03  5.2774472E-05  7.671E-07  0.3999  3.616283   -3.499  2.623446  8.291164  0.0000000E+00  0.9485660E+00  3.3084951E-02  4.0665582E-09  6.6505921E-06  3.4024856E-04  1.8122606E-08  1.1452495E-05  1.7517637E-03  1.2668080E-02  1.385E-06  2.697E-11  1.727E-04  1.000E+00  1.000E+00  3.35E+01  6.58-299  6.44E-02  0.002889  0.512992  0.0000000E+00  8.0632509889E-02
312  0.527934436918661E+07   28.274554  5.795858  3.616283  0.5098025E+00  0.4763637E+00  7.3124215E-04  5.7814086E-05  5.5471304E-03  2.1752164E-03  1.4092830E-06  4.0591827E-06  1.8424558E-03  5.2774472E-05  7.671E-07  0.3999  3.616283   -3.499  2.623446  8.291164  0.0000000E+00  0.9485660E+00  3.3084951E-02  4.0665582E-09  6.6505921E-06  3.4024856E-04  1.8122606E-08  1.1452495E-05  1.7517637E-03  1.2668080E-02  1.385E-06  2.697E-11  1.727E-04  1.000E+00  1.000E+00  3.35E+01  6.58-299  6.44E-02  0.002889  0.512992  0.0000000E+00  8.0632509889E-02
313  0.527934436918661E+07   28.274554  5.795858  3.616283  0.5098025E+00  0.4763637E+00  7.3124215E-04  5.7814086E-05  5.5471304E-03  2.1752164E-03  1.4092830E-06  4.0591827E-06  1.8424558E-03  5.2774472E-05  7.671E-07  0.3999  3.616283   -3.499  2.623446  8.291164  0.0000000E+00  0.9485660E+00  3.3084951E-02  4.0665582E-09  6.6505921E-06  3.4024856E-04  1.8122606E-08  1.1452495E-05  1.7517637E-03  1.2668080E-02  1.385E-06  2.697E-11  1.727E-04  1.000E+00  1.000E+00  3.35E+01  6.58-299  6.44E-02  0.002889  0.512992  0.0000000E+00  8.0632509889E-02
314  0.527934436918661E+07   28.274554  5.795858  3.616283  0.5098025E+00  0.4763637E+00  7.3124215E-04  5.7814086E-05  5.5471304E-03  2.1752164E-03  1.4092830E-06  4.0591827E-06  1.8424558E-03  5.2774472E-05  7.671E-07  0.3999  3.616283   -3.499  2.623446  8.291164  0.0000000E+00  0.9485660E+00  3.3084951E-02  4.0665582E-09  6.6505921E-06  3.4024856E-04  1.8122606E-08  1.1452495E-05  1.7517637E-03  1.2668080E-02  1.385E-06  2.697E-11  1.727E-04  1.000E+00  1.000E+00  3.35E+01  6.58-299  6.44E-02  0.002889  0.512992  0.0000000E+00  8.0632509889E-02
315  0.527934436918661E+07   28.274554  5.795858  3.616283  0.5098025E+00  0.4763637E+00  7.3124215E-04  5.7814086E-05  5.5471304E-03  2.1752164E-03  1.4092830E-06  4.0591827E-06  1.8424558E-03  5.2774472E-05  7.671E-07  0.3999  3.616283   -3.499  2.623446  8.291164  0.0000000E+00  0.9485660E+00  3.3084951E-02  4.0665582E-09  6.6505921E-06  3.4024856E-04  1.8122606E-08  1.1452495E-05  1.7517637E-03  1.2668080E-02  1.385E-06  2.697E-11  1.727E-04  1.000E+00  1.000E+00  3.35E+01  6.58-299  6.44E-02  0.002889  0.512992  0.0000000E+00  8.0632509889E-02
316  0.527934436918661E+07   28.274554  5.795858  3.616283  0.5098025E+00  0.4763637E+00  7.3124215E-04  5.7814086E-05  5.5471304E-03  2.1752164E-03  1.4092830E-06  4.0591827E-06  1.8424558E-03  5.2774472E-05  7.671E-07  0.3999  3.616283   -3.499  2.623446  8.291164  0.0000000E+00  0.9485660E+00  3.3084951E-02  4.0665582E-09  6.6505921E-06  3.4024856E-04  1.8122606E-08  1.1452495E-05  1.7517637E-03  1.2668080E-02  1.385E-06  2.697E-11  1.727E-04  1.000E+00  1.000E+00  3.35E+01  6.58-299  6.44E-02  0.002889  0.512992  0.0000000E+00  8.0632509889E-02
317  0.527934436918661E+07   28.274554  5.795858  3.616283  0.5098025E+00  0.4763637E+00  7.3124215E-04  5.7814086E-05  5.5471304E-03  2.1752164E-03  1.4092830E-06  4.0591827E-06  1.8424558E-03  5.2774472E-05  7.671E-07  0.3999  3.616283   -3.499  2.623446  8.291164  0.0000000E+00  0.9485660E+00  3.3084951E-02  4.0665582E-09  6.6505921E-06  3.4024856E-04  1.8122606E-08  1.1452495E-05  1.7517637E-03  1.2668080E-02  1.385E-06  2.697E-11  1.727E-04  1.000E+00  1.000E+00  3.35E+01  6.58-299  6.44E-02  0.002889  0.512992  0.0000000E+00  8.0632509889E-02
318  0.527934436918661E+07   28.274554  5.795858  3.616283  0.5098025E+00  0.4763637E+00  7.3124215E-04  5.7814086E-05  5.5471304E-03  2.1752164E-03  1.4092830E-06  4.0591827E-06  1.8424558E-03  5.2774472E-05  7.671E-07  0.3999  3.616283   -3.499  2.623446  8.291164  0.0000000E+00  0.9485660E+00  3.3084951E-02  4.0665582E-09  6.6505921E-06  3.4024856E-04  1.8122606E-08  1.1452495E-05  1.7517637E-03  1.2668080E-02  1.385E-06  2.697E-11  1.727E-04  1.000E+00  1.000E+00  3.35E+01  6.58-299  6.44E-02  0.002889  0.512992  0.0000000E+00  8.0632509889E-02
319  0.527934436918661E+07   28.274554  5.795858  3.616283  0.5098025E+00  0.4763637E+00  7.3124215E-04  5.7814086E-05  5.5471304E-03  2.1752164E-03  1.4092830E-06  4.0591827E-06  1.8424558E-03  5.2774472E-05  7.671E-07  0.3999  3.616283   -3.499  2.623446  8.291164  0.0000000E+00  0.9485660E+00  3.3084951E-02  4.0665582E-09  6.6505921E-06  3.4024856E-04  1.8122606E-08  1.1452495E-05  1.7517637E-03  1.2668080E-02  1.385E-06  2.697E-11  1.727E-04  1.000E+00  1.000E+00  3.35E+01  6.58-299  6.44E-02  0.002889  0.512992  0.0000000E+00  8.0632509889E-02
320  0.527934436918661E+07   28.274554  5.795858  3.616283  0.5098025E+00  0.4763637E+00  7.3124215E-04  5.7814086E-05  5.5471304E-03  2.1752164E-03  1.4092830E-06  4.0591827E-06  1.8424558E-03  5.2774472E-05  7.671E-07  0.3999  3.616283   -3.499  2.623446  8.291164  0.0000000E+00  0.9485660E+00  3.3084951E-02  4.0665582E-09  6.6505921E-06  3.4024856E-04  1.8122606E-08  1.1452495E-05  1.7517637E-03  1.2668080E-02  1.385E-06  2.697E-11  1.727E-04  1.000E+00  1.000E+00  3.35E+01  6.58-299  6.44E-02  0.002889  0.512992  0.0000000E+00  8.0632509889E-02
321  0.527934436918661E+07   28.274554  5.795858  3.616283  0.5098025E+00  0.4763637E+00  7.3124215E-04  5.7814086E-05  5.5471304E-03  2.1752164E-03  1.4092830E-06  4.0591827E-06  1.8424558E-03  5.2774472E-05  7.671E-07  0.3999  3.616283   -3.499  2.623446  8.291164  0.0000000E+00  0.9485660E+00  3.3084951E-02  4.0665582E-09  6.6505921E-06  3.4024856E-04  1.8122606E-08  1.1452495E-05  1.7517637E-03  1.2668080E-02  1.385E-06  2.697E-11  1.727E-04  1.000E+00  1.000E+00  3.35E+01  6.58-299  6.44E-02  0.002889  0.512992  0.0000000E+00  8.0632509889E-02
322  0.527934436918661E+07   28.274554  5.795858  3.616283  0.5098025E+00  0.4763637E+00  7.3124215E-04  5.7814086E-05  5.5471304E-03  2.1752164E-03  1.4092830E-06  4.0591827E-06  1.8424558E-03  5.2774472E-05  7.671E-07  0.3999  3.616283   -3.499  2.623446  8.291164  0.0000000E+00  0.9485660E+00  3.3084951E-02  4.0665582E-09  6.6505921E-06  3.4024856E-04  1.8122606E-08  1.1452495E-05  1.7517637E-03  1.2668080E-02  1.385E-06  2.697E-11  1.727E-04  1.000E+00  1.000E+00  3.35E+01  6.58-299  6.44E-02  0.002889  0.512992  0.0000000E+00  8.0632509889E-02
323  0.527934436918661E+07   28.274554  5.795858  3.616283  0.5098025E+00  0.4763637E+00  7.3124215E-04  5.7814086E-05  5.5471304E-03  2.1752164E-03  1.4092830E-06  4.0591827E-06  1.8424558E-03  5.2774472E-05  7.671E-07  0.3999  3.616283   -3.499  2.623446  8.291164  0.0000000E+00  0.9485660E+00  3.3084951E-02  4.0665582E-09  6.6505921E-06  3.4024856E-04  1.8122606E-08  1.1452495E-05  1.7517637E-03  1.2668080E-02  1.385E-06  2.697E-11  1.727E-04  1.000E+00  1.000E+00  3.35E+01  6.58-299  6.44E-02  0.002889  0.512992  0.0000000E+00  8.0632509889E-02
324  0.527934436918661E+07   28.274554  5.795858  3.616283  0.5098025E+00  0.4763637E+00  7.3124215E-04  5.7814086E-05  5.5471304E-03  2.1752164E-03  1.4092830E-06  4.0591827E-06  1.8424558E-03  5.2774472E-05  7.671E-07  0.3999  3.616283   -3.499  2.623446  8.291164  0.0000000E+00  0.9485660E+00  3.3084951E-02  4.0665582E-09  6.6505921E-06  3.4024856E-04  1.8122606E-08  1.1452495E-05  1.7517637E-03  1.2668080E-02  1.385E-06  2.697E-11  1.727E-04  1.000E+00  1.000E+00  3.35E+01  6.58-299  6.44E-02  0.002889  0.512992  0.0000000E+00  8.0632509889E-02
325  0.527934436918661E+07   28.274554  5.795858  3.616283  0.5098025E+00  0.4763637E+00  7.3124215E-04  5.7814086E-05  5.5471304E-03  2.1752164E-03  1.4092830E-06  4.0591827E-06  1.8424558E-03  5.2774472E-05  7.671E-07  0.3999  3.616283   -3.499  2.623446  8.291164  0.0000000E+00  0.9485660E+00  3.3084951E-02  4.0665582E-09  6.6505921E-06  3.4024856E-04  1.8122606E-08  1.1452495E-05  1.7517637E-03  1.2668080E-02  1.385E-06  2.697E-11  1.727E-04  1.000E+00  1.000E+00  3.35E+01  6.58-299  6.44E-02  0.002889  0.512992  0.0000000E+00  8.0632509889E-02
326  0.527934436918661E+07   28.274554  5.795858  3.616283  0.5098025E+00  0.4763637E+00  7.3124215E-04  5.7814086E-05  5.5471304E-03  2.1752164E-03  1.4092830E-06  4.0591827E-06  1.8424558E-03  5.2774472E-05  7.671E-07  0.3999  3.616283   -3.499  2.623446  8.291164  0.0000000E+00  0.9485660E+00  3.3084951E-02  4.0665582E-09  6.6505921E-06  3.4024856E-04  1.8122606E-08  1.1452495E-05  1.7517637E-03  1.2668080E-02  1.385E-06  2.697E-11  1.727E-04  1.000E+00  1.000E+00  3.35E+01  6.58-299  6.44E-02  0.002889  0.512992  0.0000000E+00  8.0632509889E-02
327  0.527934436918661E+07   28.274554  5.795858  3.616283  0.5098025E+00  0.4763637E+00  7.3124215E-04  5.7814086E-05  5.5471304E-03  2.1752164E-03  1.4092830E-06  4.0591827E-06  1.8424558E-03  5.2774472E-05  7.671E-07  0.3999  3.616283   -3.499  2.623446  8.291164  0.0000000E+00  0.9485660E+00  3.3084951E-02  4.0665582E-09  6.6505921E-06  3.4024856E-04  1.8122606E-08  1.1452495E-05  1.7517637E-03  1.2668080E-02  1.385E-06  2.697E-11  1.727E-04  1.000E+00  1.000E+00  3.35E+01  6.58-299  6.44E-02  0.002889  0.512992  0.0000000E+00  8.0632509889E-02
328  0.527934436918661E+07   28.274554  5.795858  3.616283  0.5098025E+00  0.4763637E+00  7.3124215E-04  5.7814086E-05  5.5471304E-03  2.1752164E-03  1.4092830E-06  4.0591827E-06  1.8424558E-03  5.2774472E-05  7.671E-07  0.3999  3.616283   -3.499  2.623446  8.291164  0.0000000E+00  0.9485660E+00  3.3084951E-02  4.0665582E-09  6.6505921E-06  3.4024856E-04  1.8122606E-08  1.1452495E-05  1.7517637E-03  1.2668080E-02  1.385E-06  2.697E-11  1.727E-04  1.000E+00  1.000E+00  3.35E+01  6.58-299  6.44E-02  0.002889  0.512992  0.0000000E+00  8.0632509889E-02
329  0.527934436918661E+07   28.274554  5.795858  3.616283  0.5098025E+00  0.4763637E+00  7.3124215E-04  5.7814086E-05  5.5471304E-03  2.1752164E-03  1.4092830E-06  4.0591827E-06  1.8424558E-03  5.2774472E-05  7.671E-07  0.3999  3.616283   -3.499  2.623446  8.291164  0.0000000E+00  0.9485660E+00  3.3084951E-02  4.0665582E-09  6.6505921E-06  3.4024856E-04  1.8122606E-08  1.1452495E-05  1.7517637E-03  1.2668080E-02  1.385E-06  2.697E-11  1.727E-04  1.000E+00  1.000E+00  3.35E+01  6.58-299  6.44E-02  0.002889  0.512992  0.0000000E+00  8.0632509889E-02
330  0.527934436918661E+07   28.274554  5.795858  3.616283  0.5098025E+00  0.4763637E+00  7.3124215E-04  5.7814086E-05  5.5471304E-03  2.1752164E-03  1.4092830E-06  4.0591827E-06  1.8424558E-03  5.2774472E-05  7.671E-07  0.3999  3.616283   -3.499  2.623446  8.291164  0.0000000E+00  0.9485660E+00  3.3084951E-02  4.0665582E-09  6.6505921E-06  3.4024856E-04  1.8122606E-08  1.1452495E-05  1.7517637E-03  1.2668080E-02  1.385E-06  2.697E-11  1.727E-04  1.000E+00  1.000E+00  3.35E+01  6.58-299  6.44E-02  0.002889  0.512992  0.0000000E+00  8.0632509889E-02
331  0.527934436918661E+07   28.274554  5.795858  3.616283  0.5098025E+00  0.4763637E+00  7.3124215E-04  5.7814086E-05  5.5471304E-03  2.1752164E-03  1.4092830E-06  4.0591827E-06  1.8424558E-03  5.2774472E-05  7.671E-07  0.3999  3.616283   -3.499  2.623446  8.291164  0.0000000E+00  0.9485660E+00  3.3084951E-02  4.0665582E-09  6.6505921E-06  3.4024856E-04  1.8122606E-08  1.1452495E-05  1.7517637E-03  1.2668080E-02  1.385E-06  2.697E-11  1.727E-04  1.000E+00  1.000E+00  3.35E+01  6.58-299  6.44E-02  0.002889  0.512992  0.0000000E+00  8.0632509889E-02
332  0.527934436918661E+07   28.274554  5.795858  3.616283  0.5098025E+00  0.4763637E+00  7.3124215E-04  5.7814086E-05  5.5471304E-03  2.1752164E-03  1.4092830E-06  4.0591827E-06  1.8424558E-03  5.2774472E-05  7.671E-07  0.3999  3.616283   -3.499  2.623446  8.291164  0.0000000E+00  0.9485660E+00  3.3084951E-02  4.0665582E-09  6.6505921E-06  3.4024856E-04  1.8122606E-08  1.1452495E-05  1.7517637E-03  1.2668080E-02  1.385E-06  2.697E-11  1.727E-04  1.000E+00  1.000E+00  3.35E+01  6.58-299  6.44E-02  0.002889  0.512992  0.0000000E+00  8.0632509889E-02
333  0.527934436918661E+07   28.274554  5.795858  3.616283  0.5098025E+00  0.4763637E+00  7.3124215E-04  5.7814086E-05  5.5471304E-03  2.1752164E-03  1.4092830E-06  4.0591827E-06  1.8424558E-03  5.2774472E-05  7.671E-07  0.3999  3.616283   -3.499  2.623446  8.291164  0.0000000E+00  0.9485660E+00  3.3084951E-02  4.0665582E-09  6.6505921E-06  3.4024856E-04  1.8122606E-08  1.1452495E-05  1.7517637E-03  1.2668080E-02  1.385E-06  2.697E-11  1.727E-04  1.000E+00  1.000E+00  3.35E+01  6.58-299  6.44E-02  0.002889  0.512992  0.0000000E+00  8.0632509889E-02
334  0.527934436918661E+07   28.274554  5.795858  3.616283  0.5098025E+00  0.4763637E+00  7.3124215E-04  5.7814086E-05  5.5471304E-03  2.1752164E-03  1.4092830E-06  4.0591827E-06  1.8424558E-03  5.2774472E-05  7.671E-07  0.3999  3.616283   -3.499  2.623446  8.291164  0.0000000E+00  0.9485660E+00  3.3084951E-02  4.0665582E-09  6.6505921E-06  3.4024856E-04  1.8122606E-08  1.1452495E-05  1.7517637E-03  1.2668080E-02  1.385E-06  2.697E-11  1.727E-04  1.000E+00  1.000E+00  3.35E+01  6.58-299  6.44E-02  0.002889  0.512992  0.0000000E+00  8.0632509889E-02
335  0.527934436918661E+07   28.274554  5.795858  3.616283  0.5098025E+00  0.4763637E+00  7.3124215E-04  5.7814086E-05  5.5471304E-03  2.1752164E-03  1.4092830E-06  4.0591827E-06  1.8424558E-03  5.2774472E-05  7.671E-07  0.3999  3.616283   -3.499  2.623446  8.291164  0.0000000E+00  0.9485660E+00  3.3084951E-02  4.0665582E-09  6.6505921E-06  3.4024856E-04  1.8122606E-08  1.1452495E-05  1.7517637E-03  1.2668080E-02  1.385E-06  2.697E-11  1.727E-04  1.000E+00  1.000E+00  3.35E+01  6.58-299  6.44E-02  0.002889  0.512992  0.0000000E+00  8.0632509889E-02
336  0.527934436918661E+07   28.274554  5.795858  3.616283  0.5098025E+00  0.4763637E+00  7.3124215E-04  5.7814086E-05  5.5471304E-03  2.1752164E-03  1.4092830E-06  4.0591827E-06  1.8424558E-03  5.2774472E-05  7.671E-07  0.3999  3.616283   -3.499  2.623446  8.291164  0.0000000E+00  0.9485660E+00  3.3084951E-02  4.0665582E-09  6.6505921E-06  3.4024856E-04  1.8122606E-08  1.1452495E-05  1.7517637E-03  1.2668080E-02  1.385E-06  2.697E-11  1.727E-04  1.000E+00  1.000E+00  3.35E+01  6.58-299  6.44E-02  0.002889  0.512992  0.0000000E+00  8.0632509889E-02
337  0.527934436918661E+07   28.274554  5.795858  3.616283  0.5098025E+00  0.4763637E+00  7.3124215E-04  5.7814086E-05  5.5471304E-03  2.1752164E-03  1.4092830E-06  4.0591827E-06  1.8424558E-03  5.2774472E-05  7.671E-07  0.3999  3.616283   -3.499  2.623446  8.291164  0.0000000E+00  0.9485660E+00  3.3084951E-02  4.0665582E-09  6.6505921E-06  3.4024856E-04  1.8122606E-08  1.1452495E-05  1.7517637E-03  1.2668080E-02  1.385E-06  2.697E-11  1.727E-04  1.000E+00  1.000E+00  3.35E+01  6.58-299  6.44E-02  0.002889  0.512992  0.0000000E+00  8.0632509889E-02
338  0.527934436918661E+07   28.274554  5.795858  3.616283  0.5098025E+00  0.4763637E+00  7.3124215E-04  5.7814086E-05  5.5471304E-03  2.1752164E-03  1.4092830E-06  4.0591827E-06  1.8424558E-03  5.2774472E-05  7.671E-07  0.3999  3.616283   -3.499  2.623446  8.291164  0.0000000E+00  0.9485660E+00  3.3084951E-02  4.0665582E-09  6.6505921E-06  3.4024856E-04  1.8122606E-08  1.1452495E-05  1.7517637E-03  1.2668080E-02  1.385E-06  2.697E-11  1.727E-04  1.000E+00  1.000E+00  3.35E+01  6.58-299  6.44E-02  0.002889  0.512992  0.0000000E+00  8.0632509889E-02
339  0.527934436918661E+07   28.274554  5.795858  3.616283  0.5098025E+00  0.4763637E+00  7.3124215E-04  5.7814086E-05  5.5471304E-03  2.1752164E-03  1.4092830E-06  4.0591827E-06  1.8424558E-03  5.2774472E-05  7.671E-07  0.3999  3.616283   -3.499  2.623446  8.291164  0.0000000E+00  0.9485660E+00  3.3084951E-02  4.0665582E-09  6.6505921E-06  3.4024856E-04  1.8122606E-08  1.1452495E-05  1.7517637E-03  1.2668080E-02  1.385E-06  2.697E-11  1.727E-04  1.000E+00  1.000E+00  3.35E+01  6.58-299  6.44E-02  0.002889  0.512992  0.0000000E+00  8.0632509889E-02
340  0.527934436918661E+07   28.274554  5.795858  3.616283  0.5098025E+00  0.4763637E+00  7.3124215E-04  5.7814086E-05  5.5471304E-03  2.1752164E-03  1.4092830E-06  4.0591827E-06  1.8424558E-03  5.2774472E-05  7.671E-07  0.3999  3.616283   -3.499  2.623446  8.291164  0.0000000E+00  0.9485660E+00  3.3084951E-02  4.0665582E-09  6.6505921E-06  3.4024856E-04  1.8122606E-08  1.1452495E-05  1.7517637E-03  1.2668080E-02  1.385E-06  2.697E-11  1.727E-04  1.000E+00  1.000E+00  3.35E+01  6.58-299  6.44E-02  0.002889  0.512992  0.0000000E+00  8.0632509889E-02
341  0.527934436918661E+07   28.274554  5.795858  3.616283  0.5098025E+00  0.4763637E+00  7.3124215E-04  5.7814086E-05  5.5471304E-03  2.1752164E-03  1.4092830E-06  4.0591827E-06  1.8424558E-03  5.2774472E-05  7.671E-07  0.3999  3.616283   -3.499  2.623446  8.291164  0.0000000E+00  0.9485660E+00  3.3084951E-02  4.0665582E-09  6.6505921E-06  3.4024856E-04  1.8122606E-08  1.1452495E-05  1.7517637E-03  1.2668080E-02  1.385E-06  2.697E-11  1.727E-04  1.000E+00  1.000E+00  3.35E+01  6.58-299  6.44E-02  0.002889  0.512992  0.0000000E+00  8.0632509889E-02
342  0.527934436918661E+07   28.274554  5.795858  3.616283  0.5098025E+00  0.4763637E+00  7.3124215E-04  5.7814086E-05  5.5471304E-03  2.1752164E-03  1.4092830E-06  4.0591827E-06  1.8424558E-03  5.2774472E-05  7.671E-07  0.3999  3.616283   -3.499  2.623446  8.291164  0.0000000E+00  0.9485660E+00  3.3084951E-02  4.0665582E-09  6.6505921E-06  3.4024856E-04  1.8122606E-08  1.1452495E-05  1.7517637E-03  1.2668080E-02  1.385E-06  2.697E-11  1.727E-04  1.000E+00  1.000E+00  3.35E+01  6.58-299  6.44E-02  0.002889  0.512992  0.0000000E+00  8.0632509889E-02
343  0.527934436918661E+07   28.274554  5.795858  3.616283  0.5098025E+00  0.4763637E+00  7.3124215E-04  5.7814086E-05  5.5471304E-03  2.1752164E-03  1.4092830E-06  4.0591827E-06  1.8424558E-03  5.2774472E-05  7.671E-07  0.3999  3.616283   -3.499  2.623446  8.291164  0.0000000E+00  0.9485660E+00  3.3084951E-02  4.0665582E-09  6.6505921E-06  3.4024856E-04  1.8122606E-08  1.1452495E-05  1.7517637E-03  1.2668080E-02  1.385E-06  2.697E-11  1.727E-04  1.000E+00  1.000E+00  3.35E+01  6.58-299  6.44E-02  0.002889  0.512992  0.0000000E+00  8.0632509889E-02
344  0.527934436918661E+07   28.274554  5.795858  3.616283  0.5098025E+00  0.4763637E+00  7.3124215E-04  5.7814086E-05  5.5471304E-03  2.1752164E-03  1.4092830E-06  4.0591827E-06  1.8424558E-03  5.2774472E-05  7.671E-07  0.3999  3.616283   -3.499  2.623446  8.291164  0.0000000E+00  0.9485660E+00  3.3084951E-02  4.0665582E-09  6.6505921E-06  3.4024856E-04  1.8122606E-08  1.1452495E-05  1.7517637E-03  1.2668080E-02  1.385E-06  2.697E-11  1.727E-04  1.000E+00  1.000E+00  3.35E+01  6.58-299  6.44E-02  0.002889  0.512992  0.0000000E+00  8.0632509889E-02
345  0.527934436918661E+07   28.274554  5.795858  3.616283  0.5098025E+00  0.4763637E+00  7.3124215E-04  5.7814086E-05  5.5471304E-03  2.1752164E-03  1.4092830E-06  4.0591827E-06  1.8424558E-03  5.2774472E-05  7.671E-07  0.3999  3.616283   -3.499  2.623446  8.291164  0.0000000E+00  0.9485660E+00  3.3084951E-02  4.0665582E-09  6.6505921E-06  3.4024856E-04  1.8122606E-08  1.1452495E-05  1.7517637E-03  1.2668080E-02  1.385E-06  2.697E-11  1.727E-04  1.000E+00  1.000E+00  3.35E+01  6.58-299  6.44E-02  0.002889  0.512992  0.0000000E+00  8.0632509889E-02
346  0.527934436918661E+07   28.274554  5.795858  3.616283  0.5098025E+00  0.4763637E+00  7.3124215E-04  5.7814086E-05  5.5471304E-03  2.1752164E-03  1.4092830E-06  4.0591827E-06  1.8424558E-03  5.2774472E-05  7.671E-07  0.3999  3.616283   -3.499  2.623446  8.291164  0.0000000E+00  0.9485660E+00  3.3084951E-02  4.0665582E-09  6.6505921E-06  3.4024856E-04  1.8122606E-08  1.1452495E-05  1.7517637E-03  1.2668080E-02  1.385E-06  2.697E-11  1.727E-04  1.000E+00  1.000E+00  3.35E+01  6.58-299  6.44E-02  0.002889  0.512992  0.0000000E+00  8.0632509889E-02
347  0.527934436918661E+07   28.274554  5.795858  3.616283  0.5098025E+00  0.4763637E+00  7.3124215E-04  5.7814086E-05  5.5471304E-03  2.1752164E-03  1.4092830E-06  4.0591827E-06  1.8424558E-03  5.2774472E-05  7.671E-07  0.3999  3.616283   -3.499  2.623446  8.291164  0.0000000E+00  0.9485660E+00  3.3084951E-02  4.0665582E-09  6.6505921E-06  3.4024856E-04  1.8122606E-08  1.1452495E-05  1.7517637E-03  1.2668080E-02  1.385E-06  2.697E-11  1.727E-04  1.000E+00  1.000E+00  3.35E+01  6.58-299  6.44E-02  0.002889  0.512992  0.0000000E+00  8.0632509889E-02
348  0.527934436918661E+07   28.274554  5.795858  3.616283  0.5098025E+00  0.4763637E+00  7.3124215E-04  5.7814086E-05  5.5471304E-03  2.1752164E-03  1.4092830E-06  4.0591827E-06  1.8424558E-03  5.2774472E-05  7.671E-07  0.3999  3.616283   -3.499  2.623446  8.291164  0.0000000E+00  0.9485660E+00  3.3084951E-02  4.0665582E-09  6.6505921E-06  3.4024856E-04  1.8122606E-08  1.1452495E-05  1.7517637E-03  1.2668080E-02  1.385E-06  2.697E-11  1.727E-04  1.000E+00  1.000E+00  3.35E+01  6.58-299  6.44E-02  0.002889  0.512992  0.0000000E+00  8.0632509889E-02
349  0.527934436918661E+07   28.274554  5.795858  3.616283  0.5098025E+00  0.4763637E+00  7.3124215E-04  5.7814086E-05  5.5471304E-03  2.1752164E-03  1.4092830E-06  4.0591827E-06  1.8424558E-03  5.2774472E-05  7.671E-07  0.3999  3.616283   -3.499  2.623446  8.291164  0.0000000E+00  0.9485660E+00  3.3084951E-02  4.0665582E-09  6.6505921E-06  3.4024856E-04  1.8122606E-08  1.1452495E-05  1.7517637E-03  1.2668080E-02  1.385E-06  2.697E-11  1.727E-04  1.000E+00  1.000E+00  3.35E+01  6.58-299  6.44E-02  0.002889  0.512992  0.0000000E+00  8.0632509889E-02
350  0.527934436918661E+07   28.274554  5.795858  3.616283  0.5098025E+00  0.4763637E+00  7.3124215E-04  5.7814086E-05  5.5471304E-03  2.1752164E-03  1.4092830E-06  4.0591827E-06  1.8424558E-03  5.2774472E-05  7.671E-07  0.3999  3.616283   -3.499  2.623446  8.291164  0.0000000E+00  0.9485660E+00  3.3084951E-02  4.0665582E-09  6.6505921E-06  3.4024856E-04  1.8122606E-08  1.1452495E-05  1.7517637E-03  1.2668080E-02  1.385E-06  2.697E-11  1.727E-04  1.000E+00  1.000E+00  3.35E+01  6.58-299  6.44E-02  0.002889  0.512992  0.0000000E+00  8.0632509889E-02
351  0.527934436918661E+07   28.274554  5.795858  3.616283  0.5098025E+00  0.4763637E+00  7.3124215E-04  5.7814086E-05  5.5471304E-03  2.1752164E-03  1.4092830E-06  4.0591827E-06  1.8424558E-03  5.2774472E-05  7.671E-07  0.3999  3.616283   -3.499  2.623446  8.291164  0.0000000E+00  0.9485660E+00  3.3084951E-02  4.0665582E-09  6.6505921E-06  3.4024856E-04  1.8122606E-08  1.1452495E-05  1.7517637E-03  1.2668080E-02  1.385E-06  2.697E-11  1.727E-04  1.000E+00  1.000E+00  3.35E+01  6.58-299  6.44E-02  0.002889  0.512992  0.0000000E+00  8.0632509889E-02
352  0.527934436918661E+07   28.274554  5.795858  3.616283  0.5098025E+00  0.4763637E+00  7.3124215E-04  5.7814086E-05  5.5471304E-03  2.1752164E-03  1.4092830E-06  4.0591827E-06  1.8424558E-03  5.2774472E-05  7.671E-07  0.3999  3.616283   -3.499  2.623446  8.291164  0.0000000E+00  0.9485660E+00  3.3084951E-02  4.0665582E-09  6.6505921E-06  3.4024856E-04  1.8122606E-08  1.1452495E-05  1.7517637E-03  1.2668080E-02  1.385E-06  2.697E-11  1.727E-04  1.000E+00  1.000E+00  3.35E+01  6.58-299  6.44E-02  0.002889  0.512992  0.0000000E+00  8.0632509889E-02
353  0.527934436918661E+07   28.274554  5.795858  3.616283  0.5098025E+00  0.4763637E+00  7.3124215E-04  5.7814086E-05  5.5471304E-03  2.1752164E-03  1.4092830E-06  4.0591827E-06  1.8424558E-03  5.2774472E-05  7.671E-07  0.3999  3.616283   -3.499  2.623446  8.291164  0.0000000E+00  0.9485660E+00  3.3084951E-02  4.0665582E-09  6.6505921E-06  3.4024856E-04  1.8122606E-08  1.1452495E-05  1.7517637E-03  1.2668080E-02  1.385E-06  2.697E-11  1.727E-04  1.000E+00  1.000E+00  3.35E+01  6.58-299  6.44E-02  0.002889  0.512992  0.0000000E+00  8.0632509889E-02
354  0.527934436918661E+07   28.274554  5.795858  3.616283  0.5098025E+00  0.4763637E+00  7.3124215E-04  5.7814086E-05  5.5471304E-03  2.1752164E-03  1.4092830E-06  4.0591827E-06  1.8424558E-03  5.2774472E-05  7.671E-07  0.3999  3.616283   -3.499  2.623446  8.291164  0.0000000E+00  0.9485660E+00  3.3084951E-02  4.0665582E-09  6.6505921E-06  3.4024856E-04  1.8122606E-08  1.1452495E-05  1.7517637E-03  1.2668080E-02  1.385E-06  2.697E-11  1.727E-04  1.000E+00  1.000E+00  3.35E+01  6.58-299  6.44E-02  0.002889  0.512992  0.0000000E+00  8.0632509889E-02
355  0.527934436918661E+07   28.274554  5.795858  3.616283  0.5098025E+00  0.4763637E+00  7.3124215E-04  5.7814086E-05  5.5471304E-03  2.1752164E-03  1.4092830E-06  4.0591827E-06  1.8424558E-03  5.2774472E-05  7.671E-07  0.3999  3.616283   -3.499  2.623446  8.291164  0.0000000E+00  0.9485660E+00  3.3084951E-02  4.0665582E-09  6.6505921E-06  3.4024856E-04  1.8122606E-08  1.1452495E-05  1.7517637E-03  1.2668080E-02  1.385E-06  2.697E-11  1.727E-04  1.000E+00  1.000E+00  3.35E+01  6.58-299  6.44E-02  0.002889  0.512992  0.0000000E+00  8.0632509889E-02
356  0.527934436918661E+07   28.274554  5.795858  3.616283  0.5098025E+00  0.4763637E+00  7.3124215E-04  5.7814086E-05  5.5471304E-03  2.1752164E-03  1.4092830E-06  4.0591827E-06  1.8424558E-03  5.2774472E-05  7.671E-07  0.3999  3.616283   -3.499  2.623446  8.291164  0.0000000E+00  0.9485660E+00  3.3084951E-02  4.0665582E-09  6.6505921E-06  3.4024856E-04  1.8122606E-08  1.1452495E-05  1.7517637E-03  1.2668080E-02  1.385E-06  2.697E-11  1.727E-04  1.000E+00  1.000E+00  3.35E+01  6.58-299  6.44E-02  0.002889  0.512992  0.0000000E+00  8.0632509889E-02
357  0.527934436918661E+07   28.274554  5.795858  3.616283  0.5098025E+00  0.4763637E+00  7.3124215E-04  5.7814086E-05  5.5471304E-03  2.1752164E-03  1.4092830E-06  4.0591827E-06  1.8424558E-03  5.2774472E-05  7.671E-07  0.3999  3.616283   -3.499  2.623446  8.291164  0.0000000E+00  0.9485660E+00  3.3084951E-02  4.0665582E-09  6.6505921E-06  3.4024856E-04  1.8122606E-08  1.1452495E-05  1.7517637E-03  1.2668080E-02  1.385E-06  2.697E-11  1.727E-04  1.000E+00  1.000E+00  3.35E+01  6.58-299  6.44E-02  0.002889  0.512992  0.0000000E+00  8.0632509889E-02
358  0.527934436918661E+07   28.274554  5.795858  3.616283  0.5098025E+00  0.4763637E+00  7.3124215E-04  5.7814086E-05  5.5471304E-03  2.1752164E-03  1.4092830E-06  4.0591827E-06  1.8424558E-03  5.2774472E-05  7.671E-07  0.3999  3.616283   -3.499  2.623446  8.291164  0.0000000E+00  0.9485660E+00  3.3084951E-02  4.0665582E-09  6.6505921E-06  3.4024856E-04  1.8122606E-08  1.1452495E-05  1.7517637E-03  1.2668080E-02  1.385E-06  2.697E-11  1.727E-04  1.000E+00  1.000E+00  3.35E+01  6.58-299  6.44E-02  0.002889  0.512992  0.0000000E+00  8.0632509889E-02
359  0.527934436918661E+07   28.274554  5.795858  3.616283  0.5098025E+00  0.4763637E+00  7.3124215E-04  5.7814086E-05  5.5471304E-03  2.1752164E-03  1.4092830E-06  4.0591827E-06  1.8424558E-03  5.2774472E-05  7.671E-07  0.3999  3.616283   -3.499  2.623446  8.291164  0.0000000E+00  0.9485660E+00  3.3084951E-02  4.0665582E-09  6.6505921E-06  3.4024856E-04  1.8122606E-08  1.1452495E-05  1.7517637E-03  1.2668080E-02  1.385E-06  2.697E-11  1.727E-04  1.000E+00  1.000E+00  3.35E+01  6.58-299  6.44E-02  0.002889  0.512992  0.0000000E+00  8.0632509889E-02
360  0.527934436918661E+07   28.274554  5.795858  3.616283  0.5098025E+00  0.4763637E+00  7.3124215E-04  5.7814086E-05  5.5471304E-03  2.1752164E-03  1.4092830E-06  4.0591827E-06  1.8424558E-03  5.2774472E-05  7.671E-07  0.3999  3.616283   -3.499  2.623446  8.291164  0.0000000E+00  0.9485660E+00  3.3084951E-02  4.0665582E-09  6.6505921E-06  3.4024856E-04  1.8122606E-08  1.1452495E-05  1.7517637E-03  1.2668080E-02  1.385E-06  2.697E-11  1.727E-04  1.000E+00  1.000E+00  3.35E+01  6.58-299  6.44E-02  0.002889  0.512992  0.0000000E+00  8.0632509889E-02
361  0.527934436918661E+07   28.274554  5.795858  3.616283  0.5098025E+00  0.4763637E+00  7.3124215E-04  5.7814086E-05  5.5471304E-03  2.1752164E-03  1.4092830E-06  4.0591827E-06  1.8424558E-03  5.2774472E-05  7.671E-07  0.3999  3.616283   -3.499  2.623446  8.291164  0.0000000E+00  0.9485660E+00  3.3084951E-02  4.0665582E-09  6.6505921E-06  3.4024856E-04  1.8122606E-08  1.1452495E-05  1.7517637E-03  1.2668080E-02  1.385E-06  2.697E-11  1.727E-04  1.000E+00  1.000E+00  3.35E+01  6.58-299  6.44E-02  0.002889  0.512992  0.0000000E+00  8.0632509889E-02
362  0.527934436918661E+07   28.274554  5.795858  3.616283  0.5098025E+00  0.4763637E+00  7.3124215E-04  5.7814086E-05  5.5471304E-03  2.1752164E-03  1.4092830E-06  4.0591827E-06  1.8424558E-03  5.2774472E-05  7.671E-07  0.3999  3.616283   -3.499  2.623446  8.291164  0.0000000E+00  0.9485660E+00  3.3084951E-02  4.0665582E-09  6.6505921E-06  3.4024856E-04  1.8122606E-08  1.1452495E-05  1.7517637E-03  1.2668080E-02  1.385E-06  2.697E-11  1.727E-04  1.000E+00  1.000E+00  3.35E+01  6.58-299  6.44E-02  0.002889  0.512992  0.0000000E+00  8.0632509889E-02
363  0.527934436918661E+07   28.274554  5.795858  3.616283  0.5098025E+00  0.4763637E+00  7.3124215E-04  5.7814086E-05  5.5471304E-03  2.1752164E-03  1.4092830E-06  4.0591827E-06  1.8424558E-03  5.2774472E-05  7.671E-07  0.3999  3.616283   -3.499  2.623446  8.291164  0.0000000E+00  0.9485660E+00  3.3084951E-02  4.0665582E-09  6.6505921E-06  3.4024856E-04  1.8122606E-08  1.1452495E-05  1.7517637E-03  1.2668080E-02  1.385E-06  2.697E-11  1.727E-04  1.000E+00  1.000E+00  3.35E+01  6.58-299  6.44E-02  0.002889  0.512992  0.0000000E+00  8.0632509889E-02
364  0.527934436918661E+07   28.274554  5.795858  3.616283  0.5098025E+00  0.4763637E+00  7.3124215E-04  5.7814086E-05  5.5471304E-03  2.1752164E-03  1.4092830E-06  4.0591827E-06  1.8424558E-03  5.2774472E-05  7.671E-07  0.3999  3.616283   -3.499  2.623446  8.291164  0.0000000E+00  0.9485660E+00  3.3084951E-02  4.0665582E-09  6.6505921E-06  3.4024856E-04  1.8122606E-08  1.1452495E-05  1.7517637E-03  1.2668080E-02  1.385E-06  2.697E-11  1.727E-04  1.000E+00  1.000E+00  3.35E+01  6.58-299  6.44E-02  0.002889  0.512992  0.0000000E+00  8.0632509889E-02
365  0.527934436918661E+07   28.274554  5.795858  3.616283  0.5098025E+00  0.4763637E+00  7.3124215E-04  5.7814086E-05  5.5471304E-03  2.1752164E-03  1.4092830E-06  4.0591827E-06  1.8424558E-03  5.2774472E-05  7.671E-07  0.3999  3.616283   -3.499  2.623446  8.291164  0.0000000E+00  0.9485660E+00  3.3084951E-02  4.0665582E-09  6.6505921E-06  3.4024856E-04  1.8122606E-08  1.1452495E-05  1.7517637E-03  1.2668080E-02  1.385E-06  2.697E-11  1.727E-04  1.000E+00  1.000E+00  3.35E+01  6.58-299  6.44E-02  0.002889  0.512992  0.0000000E+00  8.0632509889E-02
366  0.527934436918661E+07   28.274554  5.795858  3.616283  0.5098025E+00  0.4763637E+00  7.3124215E-04  5.7814086E-05  5.5471304E-03  2.1752164E-03  1.4092830E-06  4.0591827E-06  1.8424558E-03  5.2774472E-05  7.671E-07  0.3999  3.616283   -3.499  2.623446  8.291164  0.0000000E+00  0.9485660E+00  3.3084951E-02  4.0665582E-09  6.6505921E-06  3.4024856E-04  1.8122606E-08  1.1452495E-05  1.7517637E-03  1.2668080E-02  1.385E-06  2.697E-11  1.727E-04  1.000E+00  1.000E+00  3.35E+01  6.58-299  6.44E-02  0.002889  0.512992  0.0000000E+00  8.0632509889E-02
367  0.527934436918661E+07   28.274554  5.795858  3.616283  0.5098025E+00  0.4763637E+00  7.3124215E-04  5.7814086E-05  5.5471304E-03  2.1752164E-03  1.4092830E-06  4.0591827E-06  1.8424558E-03  5.2774472E-05  7.671E-07  0.3999  3.616283   -3.499  2.623446  8.291164  0.0000000E+00  0.9485660E+00  3.3084951E-02  4.0665582E-09  6.6505921E-06  3.4024856E-04  1.8122606E-08  1.1452495E-05  1.7517637E-03  1.2668080E-02  1.385E-06  2.697E-11  1.727E-04  1.000E+00  1.000E+00  3.35E+01  6.58-299  6.44E-02  0.002889  0.512992  0.0000000E+00  8.0632509889E-02
368  0.527934436918661E+07   28.274554  5.795858  3.616283  0.5098025E+00  0.4763637E+00  7.3124215E-04  5.7814086E-05  5.5471304E-03  2.1752164E-03  1.4092830E-06  4.0591827E-06  1.8424558E-03  5.2774472E-05  7.671E-07  0.3999  3.616283   -3.499  2.623446  8.291164  0.0000000E+00  0.9485660E+00  3.3084951E-02  4.0665582E-09  6.6505921E-06  3.4024856E-04  1.8122606E-08  1.1452495E-05  1.7517637E-03  1.2668080E-02  1.385E-06  2.697E-11  1.727E-04  1.000E+00  1.000E+00  3.35E+01  6.58-299  6.44E-02  0.002889  0.512992  0.0000000E+00  8.0632509889E-02
369  0.527934436918661E+07   28.274554  5.795858  3.616283  0.5098025E+00  0.4763637E+00  7.3124215E-04  5.7814086E-05  5.5471304E-03  2.1752164E-03  1.4092830E-06  4.0591827E-06  1.8424558E-03  5.2774472E-05  7.671E-07  0.3999  3.616283   -3.499  2.623446  8.291164  0.0000000E+00  0.9485660E+00  3.3084951E-02  4.0665582E-09  6.6505921E-06  3.4024856E-04  1.8122606E-08  1.1452495E-05  1.7517637E-03  1.2668080E-02  1.385E-06  2.697E-11  1.727E-04  1.000E+00  1.000E+00  3.35E+01  6.58-299  6.44E-02  0.002889  0.512992  0.0000000E+00  8.0632509889E-02
370  0.527934436918661E+07   28.274554  5.795858  3.616283  0.5098025E+00  0.4763637E+00  7.3124215E-04  5.7814086E-05  5.5471304E-03  2.1752164E-03  1.4092830E-06  4.0591827E-06  1.8424558E-03  5.2774472E-05  7.671E-07  0.3999  3.616283   -3.499  2.623446  8.291164  0.0000000E+00  0.9485660E+00  3.3084951E-02  4.0665582E-09  6.6505921E-06  3.4024856E-04  1.8122606E-08  1.1452495E-05  1.7517637E-03  1.2668080E-02  1.385E-06  2.697E-11  1.727E-04  1.000E+00  1.000E+00  3.35E+01  6.58-299  6.44E-02  0.002889  0.512992  0.0000000E+00  8.0632509889E-02
371  0.527934436918661E+07   28.274554  5.795858  3.616283  0.5098025E+00  0.4763637E+00  7.3124215E-04  5.7814086E-05  5.5471304E-03  2.1752164E-03  1.4092830E-06  4.0591827E-06  1.8424558E-03  5.2774472E-05  7.671E-07  0.3999  3.616283   -3.499  2.623446  8.291164  0.0000000E+00  0.9485660E+00  3.3084951E-02  4.0665582E-09  6.6505921E-06  3.4024856E-04  1.8122606E-08  1.1452495E-05  1.7517637E-03  1.2668080E-02  1.385E-06  2.697E-11  1.727E-04  1.000E+00  1.000E+00  3.35E+01  6.58-299  6.44E-02  0.002889  0.512992  0.0000000E+00  8.0632509889E-02
372  0.527934436918661E+07   28.274554  5.795858  3.616283  0.5098025E+00  0.4763637E+00  7.3124215E-04  5.7814086E-05  5.5471304E-03  2.1752164E-03  1.4092830E-06  4.0591827E-06  1.8424558E-03  5.2774472E-05  7.671E-07  0.3999  3.616283   -3.499  2.623446  8.291164  0.0000000E+00  0.9485660E+00  3.3084951E-02  4.0665582E-09  6.6505921E-06  3.4024856E-04  1.8122606E-08  1.1452495E-05  1.7517637E-03  1.2668080E-02  1.385E-06  2.697E-11  1.727E-04  1.000E+00  1.000E+00  3.35E+01  6.58-299  6.44E-02  0.002889  0.512992  0.0000000E+00  8.0632509889E-02
373  0.527934436918661E+07   28.274554  5.795858  3.616283  0.5098025E+00  0.4763637E+00  7.3124215E-04  5.7814086E-05  5.5471304E-03  2.1752164E-03  1.4092830E-06  4.0591827E-06  1.8424558E-03  5.2774472E-05  7.671E-07  0.3999  3.616283   -3.499  2.623446  8.291164  0.0000000E+00  0.9485660E+00  3.3084951E-02  4.0665582E-09  6.6505921E-06  3.4024856E-04  1.8122606E-08  1.1452495E-05  1.7517637E-03  1.2668080E-02  1.385E-06  2.697E-11  1.727E-04  1.000E+00  1.000E+00  3.35E+01  6.58-299  6.44E-02  0.002889  0.512992  0.0000000E+00  8.0632509889E-02
374  0.527934436918661E+07   28.274554  5.795858  3.616283  0.5098025E+00  0.4763637E+00  7.3124215E-04  5.7814086E-05  5.5471304E-03  2.1752164E-03  1.4092830E-06  4.0591827E-06  1.8424558E-03  5.2774472E-05  7.671E-07  0.3999  3.616283   -3.499  2.623446  8.291164  0.0000000E+00  0.9485660E+00  3.3084951E-02  4.0665582E-09  6.6505921E-06  3.4024856E-04  1.8122606E-08  1.1452495E-05  1.7517637E-03  1.2668080E-02  1.385E-06  2.697E-11  1.727E-04  1.000E+00  1.000E+00  3.35E+01  6.58-299  6.44E-02  0.002889  0.512992  0.0000000E+00  8.0632509889E-02
375  0.527934436918661E+07   28.274554  5.795858  3.616283  0.5098025E+00  0.4763637E+00  7.3124215E-04  5.7814086E-05  5.5471304E-03  2.1752164E-03  1.4092830E-06  4.0591827E-06  1.8424558E-03  5.2774472E-05  7.671E-07  0.3999  3.616283   -3.499  2.623446  8.291164  0.0000000E+00  0.9485660E+00  3.3084951E-02  4.0665582E-09  6.6505921E-06  3.4024856E-04  1.8122606E-08  1.1452495E-05  1.7517637E-03  1.2668080E-02  1.385E-06  2.697E-11  1.727E-04  1.000E+00  1.000E+00  3.35E+01  6.58-299  6.44E-02  0.002889  0.512992  0.0000000E+00  8.0632509889E-02
376  0.527934436918661E+07   28.274554  5.795858  3.616283  0.5098025E+00  0.4763637E+00  7.3124215E-04  5.7814086E-05  5.5471304E-03  2.1752164E-03  1.4092830E-06  4.0591827E-06  1.8424558E-03  5.2774472E-05  7.671E-07  0.3999  3.616283   -3.499  2.623446  8.291164  0.0000000E+00  0.9485660E+00  3.3084951E-02  4.0665582E-09  6.6505921E-06  3.4024856E-04  1.8122606E-08  1.1452495E-05  1.7517637E-03  1.2668080E-02  1.385E-06  2.697E-11  1.727E-04  1.000E+00  1.000E+00  3.35E+01  6.58-299  6.44E-02  0.002889  0.512992  0.0000000E+00  8.0632509889E-02
377  0.527934436918661E+07   28.274554  5.795858  3.616283  0.5098025E+00  0.4763637E+00  7.3124215E-04  5.7814086E-05  5.5471304E-03  2.1752164E-03  1.4092830E-06  4.0591827E-06  1.8424558E-03  5.2774472E-05  7.671E-07  0.3999  3.616283   -3.499  2.623446  8.291164  0.0000000E+00  0.9485660E+00  3.3084951E-02  4.0665582E-09  6.6505921E-06  3.4024856E-04  1.8122606E-08  1.1452495E-05  1.7517637E-03  1.2668080E-02  1.385E-06  2.697E-11  1.727E-04  1.000E+00  1.000E+00  3.35E+01  6.58-299  6.44E-02  0.002889  0.512992  0.0000000E+00  8.0632509889E-02
378  0.527934436918661E+07   28.274554  5.795858  3.616283  0.5098025E+00  0.4763637E+00  7.3124215E-04  5.7814086E-05  5.5471304E-03  2.1752164E-03  1.4092830E-06  4.0591827E-06  1.8424558E-03  5.2774472E-05  7.671E-07  0.3999  3.616283   -3.499  2.623446  8.291164  0.0000000E+00  0.9485660E+00  3.3084951E-02  4.0665582E-09  6.6505921E-06  3.4024856E-04  1.8122606E-08  1.1452495E-05  1.7517637E-03  1.2668080E-02  1.385E-06  2.697E-11  1.727E-04  1.000E+00  1.000E+00  3.35E+01  6.58-299  6.44E-02  0.002889  0.512992  0.0000000E+00  8.0632509889E-02
379  0.527934436918661E+07   28.274554  5.795858  3.616283  0.5098025E+00  0.4763637E+00  7.3124215E-04  5.7814086E-05  5.5471304E-03  2.1752164E-03  1.4092830E-06  4.0591827E-06  1.8424558E-03  5.2774472E-05  7.671E-07  0.3999  3.616283   -3.499  2.623446  8.291164  0.0000000E+00  0.9485660E+00  3.3084951E-02  4.0665582E-09  6.6505921E-06  3.4024856E-04  1.8122606E-08  1.1452495E-05  1.7517637E-03  1.2668080E-02  1.385E-06  2.697E-11  1.727E-04  1.000E+00  1.000E+00  3.35E+01  6.58-299  6.44E-02  0.002889  0.512992  0.0000000E+00  8.0632509889E-02
380  0.527934436918661E+07   28.274554  5.795858  3.616283  0.5098025E+00  0.4763637E+00  7.3124215E-04  5.7814086E-05  5.5471304E-03  2.1752164E-03  1.4092830E-06  4.0591827E-06  1.8424558E-03  5.2774472E-05  7.671E-07  0.3999  3.616283   -3.499  2.623446  8.291164  0.0000000E+00  0.9485660E+00  3.3084951E-02  4.0665582E-09  6.6505921E-06  3.4024856E-04  1.8122606E-08  1.1452495E-05  1.7517637E-03  1.2668080E-02  1.385E-06  2.697E-11  1.727E-04  1.000E+00  1.000E+00  3.35E+01  6.58-299  6.44E-02  0.002889  0.512992  0.0000000E+00  8.0632509889E-02
381  0.527934436918661E+07   28.274554  5.795858  3.616283  0.5098025E+00  0.4763637E+00  7.3124215E-04  5.7814086E-05  5.5471304E-03  2.1752164E-03  1.4092830E-06  4.0591827E-06  1.8424558E-03  5.2774472E-05  7.671E-07  0.3999  3.616283   -3.499  2.623446  8.291164  0.0000000E+00  0.9485660E+00  3.3084951E-02  4.0665582E-09  6.6505921E-06  3.4024856E-04  1.8122606E-08  1.1452495E-05  1.7517637E-03  1.2668080E-02  1.385E-06  2.697E-11  1.727E-04  1.000E+00  1.000E+00  3.35E+01  6.58-299  6.44E-02  0.002889  0.512992  0.0000000E+00  8.0632509889E-02
382  0.527934436918661E+07   28.274554  5.795858  3.616283  0.5098025E+00  0.4763637E+00  7.3124215E-04  5.7814086E-05  5.5471304E-03  2.1752164E-03  1.4092830E-06  4.0591827E-06  1.8424558E-03  5.2774472E-05  7.671E-07  0.3999  3.616283   -3.499  2.623446  8.291164  0.0000000E+00  0.9485660E+00  3.3084951E-02  4.0665582E-09  6.6505921E-06  3.4024856E-04  1.8122606E-08  1.1452495E-05  1.7517637E-03  1.2668080E-02  1.385E-06  2.697E-11  1.727E-04  1.000E+00  1.000E+00  3.35E+01  6.58-299  6.44E-02  0.002889  0.512992  0.0000000E+00  8.0632509889E-02
383  0.527934436918661E+07   28.274554  5.795858  3.616283  0.5098025E+00  0.4763637E+00  7.3124215E-04  5.7814086E-05  5.5471304E-03  2.1752164E-03  1.4092830E-06  4.0591827E-06  1.8424558E-03  5.2774472E-05  7.671E-07  0.3999  3.616283   -3.499  2.623446  8.291164  0.0000000E+00  0.9485660E+00  3.3084951E-02  4.0665582E-09  6.6505921E-06  3.4024856E-04  1.8122606E-08  1.1452495E-05  1.7517637E-03  1.2668080E-02  1.385E-06  2.697E-11  1.727E-04  1.000E+00  1.000E+00  3.35E+01  6.58-299  6.44E-02  0.002889  0.512992  0.0000000E+00  8.0632509889E-02
384  0.527934436918661E+07   28.274554  5.795858  3.616283  0.5098025E+00  0.4763637E+00  7.3124215E-04  5.7814086E-05  5.5471304E-03  2.1752164E-03  1.4092830E-06  4.0591827E-06  1.8424558E-03  5.2774472E-05  7.671E-07  0.3999  3.616283   -3.499  2.623446  8.291164  0.0000000E+00  0.9485660E+00  3.3084951E-02  4.0665582E-09  6.6505921E-06  3.4024856E-04  1.8122606E-08  1.1452495E-05  1.7517637E-03  1.2668080E-02  1.385E-06  2.697E-11  1.727E-04  1.000E+00  1.000E+00  3.35E+01  6.58-299  6.44E-02  0.002889  0.512992  0.0000000E+00  8.0632509889E-02
385  0.527934436918661E+07   28.274554  5.795858  3.616283  0.5098025E+00  0.4763637E+00  7.3124215E-04  5.7814086E-05  5.5471304E-03  2.1752164E-03  1.4092830E-06  4.0591827E-06  1.8424558E-03  5.2774472E-05  7.671E-07  0.3999  3.616283   -3.499  2.623446  8.291164  0.0000000E+00  0.9485660E+00  3.3084951E-02  4.0665582E-09  6.6505921E-06  3.4024856E-04  1.8122606E-08  1.1452495E-05  1.7517637E-03  1.2668080E-02  1.385E-06  2.697E-11  1.727E-04  1.000E+00  1.000E+00  3.35E+01  6.58-299  6.44E-02  0.002889  0.512992  0.0000000E+00  8.0632509889E-02
386  0.527934436918661E+07   28.274554  5.795858  3.616283  0.5098025E+00  0.4763637E+00  7.3124215E-04  5.7814086E-05  5.5471304E-03  2.1752164E-03  1.4092830E-06  4.0591827E-06  1.8424558E-03  5.2774472E-05  7.671E-07  0.3999  3.616283   -3.499  2.623446  8.291164  0.0000000E+00  0.9485660E+00  3.3084951E-02  4.0665582E-09  6.6505921E-06  3.4024856E-04  1.8122606E-08  1.1452495E-05  1.7517637E-03  1.2668080E-02  1.385E-06  2.697E-11  1.727E-04  1.000E+00  1.000E+00  3.35E+01  6.58-299  6.44E-02  0.002889  0.512992  0.0000000E+00  8.0632509889E-02
387  0.527934436918661E+07   28.274554  5.795858  3.616283  0.5098025E+00  0.4763637E+00  7.3124215E-04  5.7814086E-05  5.5471304E-03  2.1752164E-03  1.4092830E-06  4.0591827E-06  1.8424558E-03  5.2774472E-05  7.671E-07  0.3999  3.616283   -3.499  2.623446  8.291164  0.0000000E+00  0.9485660E+00  3.3084951E-02  4.0665582E-09  6.6505921E-06  3.4024856E-04  1.8122606E-08  1.1452495E-05  1.7517637E-03  1.2668080E-02  1.385E-06  2.697E-11  1.727E-04  1.000E+00  1.000E+00  3.35E+01  6.58-299  6.44E-02  0.002889  0.512992  0.0000000E+00  8.0632509889E-02
388  0.527934436918661E+07   28.274554  5.795858  3.616283  0.5098025E+00  0.4763637E+00  7.3124215E-04  5.7814086E-05  5.5471304E-03  2.1752164E-03  1.4092830E-06  4.0591827E-06  1.8424558E-03  5.2774472E-05  7.671E-07  0.3999  3.616283   -3.499  2.623446  8.291164  0.0000000E+00  0.9485660E+00  3.3084951E-02  4.0665582E-09  6.6505921E-06  3.4024856E-04  1.8122606E-08  1.1452495E-05  1.7517637E-03  1.2668080E-02  1.385E-06  2.697E-11  1.727E-04  1.000E+00  1.000E+00  3.35E+01  6.58-299  6.44E-02  0.002889  0.512992  0.0000000E+00  8.0632509889E-02
389  0.527934436918661E+07   28.274554  5.795858  3.616283  0.5098025E+00  0.4763637E+00  7.3124215E-04  5.7814086E-05  5.5471304E-03  2.1752164E-03  1.4092830E-06  4.0591827E-06  1.8424558E-03  5.2774472E-05  7.671E-07  0.3999  3.616283   -3.499  2.623446  8.291164  0.0000000E+00  0.9485660E+00  3.3084951E-02  4.0665582E-09  6.6505921E-06  3.4024856E-04  1.8122606E-08  1.1452495E-05  1.7517637E-03  1.2668080E-02  1.385E-06  2.697E-11  1.727E-04  1.000E+00  1.000E+00  3.35E+01  6.58-299  6.44E-02  0.002889  0.512992  0.0000000E+00  8.0632509889E-02
390  0.527934436918661E+07   28.274554  5.795858  3.616283  0.5098025E+00  0.4763637E+00  7.3124215E-04  5.7814086E-05  5.5471304E-03  2.1752164E-03  1.4092830E-06  4.0591827E-06  1.8424558E-03  5.2774472E-05  7.671E-07  0.3999  3.616283   -3.499  2.623446  8.291164  0.0000000E+00  0.9485660E+00  3.3084951E-02  4.0665582E-09  6.6505921E-06  3.4024856E-04  1.8122606E-08  1.1452495E-05  1.7517637E-03  1.2668080E-02  1.385E-06  2.697E-11  1.727E-04  1.000E+00  1.000E+00  3.35E+01  6.58-299  6.44E-02  0.002889  0.512992  0.0000000E+00  8.0632509889E-02
391  0.527934436918661E+07   28.274554  5.795858  3.616283  0.5098025E+00  0.4763637E+00  7.3124215E-04  5.7814086E-05  5.5471304E-03  2.1752164E-03  1.4092830E-06  4.0591827E-06  1.8424558E-03  5.2774472E-05  7.671E-07  0.3999  3.616283   -3.499  2.623446  8.291164  0.0000000E+00  0.9485660E+00  3.3084951E-02  4.0665582E-09  6.6505921E-06  3.4024856E-04  1.8122606E-08  1.1452495E-05  1.7517637E-03  1.2668080E-02  1.385E-06  2.697E-11  1.727E-04  1.000E+00  1.000E+00  3.35E+01  6.58-299  6.44E-02  0.002889  0.512992  0.0000000E+00  8.0632509889E-02
392  0.527934436918661E+07   28.274554  5.795858  3.616283  0.5098025E+00  0.4763637E+00  7.3124215E-04  5.7814086E-05  5.5471304E-03  2.1752164E-03  1.4092830E-06  4.0591827E-06  1.8424558E-03  5.2774472E-05  7.671E-07  0.3999  3.616283   -3.499  2.623446  8.291164  0.0000000E+00  0.9485660E+00  3.3084951E-02  4.0665582E-09  6.6505921E-06  3.4024856E-04  1.8122606E-08  1.1452495E-05  1.7517637E-03  1.2668080E-02  1.385E-06  2.697E-11  1.727E-04  1.000E+00  1.000E+00  3.35E+01  6.58-299  6.44E-02  0.002889  0.512992  0.0000000E+00  8.0632509889E-02
393  0.527934436918661E+07   28.274554  5.795858  3.616283  0.5098025E+00  0.4763637E+00  7.3124215E-04  5.7814086E-05  5.5471304E-03  2.1752164E-03  1.4092830E-06  4.0591827E-06  1.8424558E-03  5.2774472E-05  7.671E-07  0.3999  3.616283   -3.499  2.623446  8.291164  0.0000000E+00  0.9485660E+00  3.3084951E-02  4.0665582E-09  6.6505921E-06  3.4024856E-04  1.8122606E-08  1.1452495E-05  1.7517637E-03  1.2668080E-02  1.385E-06  2.697E-11  1.727E-04  1.000E+00  1.000E+00  3.35E+01  6.58-299  6.44E-02  0.002889  0.512992  0.0000000E+00  8.0632509889E-02
394  0.527934436918661E+07   28.274554  5.795858  3.616283  0.5098025E+00  0.4763637E+00  7.3124215E-04  5.7814086E-05  5.5471304E-03  2.1752164E-03  1.4092830E-06  4.0591827E-06  1.8424558E-03  5.2774472E-05  7.671E-07  0.3999  3.616283   -3.499  2.623446  8.291164  0.0000000E+00  0.9485660E+00  3.3084951E-02  4.0665582E-09  6.6505921E-06  3.4024856E-04  1.8122606E-08  1.1452495E-05  1.7517637E-03  1.2668080E-02  1.385E-06  2.697E-11  1.727E-04  1.000E+00  1.000E+00  3.35E+01  6.58-299  6.44E-02  0.002889  0.512992  0.0000000E+00  8.0632509889E-02
395  0.527934436918661E+07   28.274554  5.795858  3.616283  0.5098025E+00  0.4763637E+00  7.3124215E-04  5.7814086E-05  5.5471304E-03  2.1752164E-03  1.4092830E-06  4.0591827E-06  1.8424558E-03  5.2774472E-05  7.671E-07  0.3999  3.616283   -3.499  2.623446  8.291164  0.0000000E+00  0.9485660E+00  3.3084951E-02  4.0665582E-09  6.6505921E-06  3.4024856E-04  1.8122606E-08  1.1452495E-05  1.7517637E-03  1.2668080E-02  1.385E-06  2.697E-11  1.727E-04  1.000E+00  1.000E+00  3.35E+01  6.58-299  6.44E-02  0.002889  0.512992  0.0000000E+00  8.0632509889E-02
396  0.527934436918661E+07   28.274554  5.795858  3.616283  0.5098025E+00  0.4763637E+00  7.3124215E-04  5.7814086E-05  5.5471304E-03  2.1752164E-03  1.4092830E-06  4.0591827E-06  1.8424558E-03  5.2774472E-05  7.671E-07  0.3999  3.616283   -3.499  2.623446  8.291164  0.0000000E+00  0.9485660E+00  3.3084951E-02  4.0665582E-09  6.6505921E-06  3.4024856E-04  1.8122606E-08  1.1452495E-05  1.7517637E-03  1.2668080E-02  1.385E-06  2.697E-11  1.727E-04  1.000E+00  1.000E+00  3.35E+01  6.58-299  6.44E-02  0.002889  0.512992  0.0000000E+00  8.0632509889E-02
397  0.527934436918661E+07   28.274554  5.795858  3.616283  0.5098025E+00  0.4763637E+00  7.3124215E-04  5.7814086E-05  5.5471304E-03  2.1752164E-03  1.4092830E-06  4.0591827E-06  1.8424558E-03  5.2774472E-05  7.671E-07  0.3999  3.616283   -3.499  2.623446  8.291164  0.0000000E+00  0.9485660E+00  3.3084951E-02  4.0665582E-09  6.6505921E-06  3.4024856E-04  1.8122606E-08  1.1452495E-05  1.7517637E-03  1.2668080E-02  1.385E-06  2.697E-11  1.727E-04  1.000E+00  1.000E+00  3.35E+01  6.58-299  6.44E-02  0.002889  0.512992  0.0000000E+00  8.0632509889E-02
398  0.527934436918661E+07   28.274554  5.795858  3.616283  0.5098025E+00  0.4763637E+00  7.3124215E-04  5.7814086E-05  5.5471304E-03  2.1752164E-03  1.4092830E-06  4.0591827E-06  1.8424558E-03  5.2774472E-05  7.671E-07  0.3999  3.616283   -3.499  2.623446  8.291164  0.0000000E+00  0.9485660E+00  3.3084951E-02  4.0665582E-09  6.6505921E-06  3.4024856E-04  1.8122606E-08  1.1452495E-05  1.7517637E-03  1.2668080E-02  1.385E-06  2.697E-11  1.727E-04  1.000E+00  1.000E+00  3.35E+01  6.58-299  6.44E-02  0.002889  0.512992  0.0000000E+00  8.0632509889E-02
399  0.527934436918661E+07   28.274554  5.795858  3.616283  0.5098025E+00  0.4763637E+00  7.3124215E-04  5.7814086E-05  5.5471304E-03  2.1752164E-03  1.4092830E-06  4.0591827E-06  1.8424558E-03  5.2774472E-05  7.671E-07  0.3999  3.616283   -3.499  2.623446  8.291164  0.0000000E+00  0.9485660E+00  3.3084951E-02  4.0665582E-09  6.6505921E-06  3.4024856E-04  1.8122606E-08  1.1452495E-05  1.7517637E-03  1.2668080E-02  1.385E-06  2.697E-11  1.727E-04  1.000E+00  1.000E+00  3.35E+01  6.58-299  6.44E-02  0.002889  0.512992  0.0000000E+00  8.0632509889E-02
400  0.527934436918661E+07   28.274554  5.795858  3.616283  0.5098025E+00  0.4763637E+00  7.3124215E-04  5.7814086E-05  5.5471304E-03  2.1752164E-03  1.4092830E-06  4.0591827E-06  1.8424558E-03  5.2774472E-05  7.671E-07  0.3999  3.616283   -3.499  2.623446  8.291164  0.0000000E+00  0.9485660E+00  3.3084951E-02  4.0665582E-09  6.6505921E-06  3.4024856E-04  1.8122606E-08  1.1452495E-05  1.7517637E-03  1.2668080E-02  1.385E-06  2.697E-11  1.727E-04  1.000E+00  1.000E+00  3.35E+01  6.58-299  6.44E-02  0.002889  0.512992  0.0000000E+00  8.0632509889E-02
