line                  time        mass     lg(L)  lg(Teff)        1H_surf       4He_surf       12C_surf       13C_surf       14N_surf       16O_surf       17O_surf       18O_surf      20Ne_surf      22Ne_surf  26Al_surf  Mcc/Mt   lg(Teff)  lg(Md)  lg(rhoc)    lg(Tc)         1H_cen        4He_cen        12C_cen        13C_cen        14N_cen        16O_cen        17O_cen        18O_cen       20Ne_cen       22Ne_cen   26Al_cen  Omeg_surf   Omeg_cen     Rp/Req   Md/Md(0)   v_crit1   v_crit2    v_equa  Om/Om_cr  Gamma_Ed  lg(Mdot_mech)             L_tot
   -                    yr        Msun      Lsun        K      mass frac.     mass frac.     mass frac.     mass frac.     mass frac.     mass frac.     mass frac.     mass frac.     mass frac.     mass frac. mass frac.       -          K   Ms/yr     g/cm3         K     mass frac.     mass frac.     mass frac.     mass frac.     mass frac.     mass frac.     mass frac.     mass frac.     mass frac.     mass frac. mass frac.        s-1        s-1          -          -      km/s      km/s      km/s         -         -        Msun/yr     10^53 g cm2/s

  1  0.220226338005581E+05   84.904743  5.977391  4.709073  0.7200000E+00  0.2659559E+00  2.2831525E-03  2.7707436E-05  6.5875803E-04  5.7184752E-03  2.2656013E-06  1.2899741E-05  1.8768898E-03  1.5180834E-04  0.000E+00  0.7826  4.709073   -5.373  0.331776  7.650183  0.7169948E+00  0.2687324E+00  4.0605452E-05  1.1162108E-05  4.0219552E-03  4.8948926E-03  7.4917050E-06  1.3863438E-08  1.8756935E-03  9.3527477E-05  3.979E-06  2.247E-05  1.997E-05  9.859E-01  1.019E+00  9.37E+02  0.00E+00  1.93E+02  0.304085  0.295607  0.0000000E+00  2.0573935434E+00
  2  0.781534994134260E+05   84.665163  5.979085  4.705054  0.7200000E+00  0.2659559E+00  2.2831525E-03  2.7707436E-05  6.5875803E-04  5.7184752E-03  2.2656013E-06  1.2899741E-05  1.8768898E-03  1.5180834E-04  0.000E+00  0.7786  4.705054   -5.365  0.311894  7.643732  0.7086063E+00  0.2773090E+00  5.1334275E-05  1.4016173E-05  5.3344521E-03  3.3786470E-03  5.7776179E-06  1.2406481E-08  1.8729505E-03  2.9560803E-05  1.217E-05  1.772E-05  1.937E-05  9.902E-01  1.014E+00  9.25E+02  0.00E+00  1.58E+02  0.254258  0.297602  0.0000000E+00  2.0131795116E+00
  3  0.134902582015763E+06   84.417395  5.981015  4.702300  0.7200000E+00  0.2659559E+00  2.2831524E-03  2.7707439E-05  6.5875810E-04  5.7184752E-03  2.2656014E-06  1.2899740E-05  1.8768898E-03  1.5180834E-04  8.062E-14  0.7750  4.702300   -5.355  0.303210  7.640973  0.7002222E+00  0.2858029E+00  5.7705640E-05  1.5759460E-05  6.0941189E-03  2.5010886E-03  4.4037156E-06  9.9977132E-09  1.8707892E-03  1.2099718E-05  1.741E-05  1.700E-05  1.874E-05  9.906E-01  1.013E+00  9.16E+02  0.00E+00  1.54E+02  0.250123  0.299805  0.0000000E+00  1.9686958036E+00
  4  0.191877586344698E+06   84.163419  5.983095  4.700123  0.7199999E+00  0.2659559E+00  2.2830970E-03  2.7707462E-05  6.5884211E-04  5.7184532E-03  2.2657329E-06  1.2899421E-05  1.8768898E-03  1.5180682E-04  9.122E-11  0.7719  4.700123   -5.347  0.298149  7.639415  0.6918542E+00  0.2942437E+00  6.2781262E-05  1.7192015E-05  6.5946299E-03  1.9215622E-03  3.3108516E-06  7.3452278E-09  1.8688784E-03  6.4167199E-06  2.107E-05  1.650E-05  1.822E-05  9.908E-01  1.013E+00  9.09E+02  0.00E+00  1.51E+02  0.247441  0.302154  0.0000000E+00  1.9234779191E+00
  5  0.249343315561243E+06   83.902098  5.985348  4.698562  0.7199977E+00  0.2659580E+00  2.2817615E-03  2.7704206E-05  6.6091147E-04  5.7178791E-03  2.2689025E-06  1.2891724E-05  1.8768889E-03  1.5176784E-04  2.362E-09  0.7691  4.698562   -5.338  0.295990  7.638819  0.6834332E+00  0.3027161E+00  6.4889381E-05  1.7750878E-05  6.9512964E-03  1.5110049E-03  2.7047602E-06  6.6505035E-09  1.8670920E-03  4.3423560E-06  2.373E-05  1.563E-05  1.779E-05  9.915E-01  1.013E+00  9.03E+02  0.00E+00  1.45E+02  0.238140  0.304671  0.0000000E+00  1.8773603547E+00
  6  0.306205867899733E+06   83.638448  5.987597  4.696924  0.7199858E+00  0.2659694E+00  2.2756998E-03  2.7682739E-05  6.7064322E-04  5.7148931E-03  2.2829651E-06  1.2856798E-05  1.8768844E-03  1.5157430E-04  1.369E-08  0.7669  4.696924   -5.329  0.294170  7.638331  0.6750947E+00  0.3110920E+00  6.8243086E-05  1.8705074E-05  7.2064573E-03  1.2143041E-03  2.1062781E-06  4.8603708E-09  1.8654069E-03  3.5344610E-06  2.564E-05  1.537E-05  1.736E-05  9.915E-01  1.013E+00  8.97E+02  0.00E+00  1.43E+02  0.237469  0.307216  0.0000000E+00  1.8313451161E+00
  7  0.363605187009831E+06   83.367081  5.989952  4.695619  0.7199448E+00  0.2660093E+00  2.2602398E-03  2.7617218E-05  6.9700082E-04  5.7055354E-03  2.3167687E-06  1.2767707E-05  1.8768695E-03  1.5101273E-04  4.822E-08  0.7648  4.695619   -5.321  0.293729  7.638303  0.6666900E+00  0.3195245E+00  6.9467840E-05  1.9039074E-05  7.4002350E-03  9.9113831E-04  1.7402366E-06  4.4728078E-09  1.8637654E-03  3.2056130E-06  2.701E-05  1.496E-05  1.696E-05  9.916E-01  1.012E+00  8.92E+02  0.00E+00  1.42E+02  0.236693  0.309884  0.0000000E+00  1.7844550087E+00
  8  0.420598491007204E+06   83.092315  5.992374  4.694341  0.7198404E+00  0.2661122E+00  2.2326157E-03  2.7488969E-05  7.4795968E-04  5.6844188E-03  2.3711730E-06  1.2608411E-05  1.8768338E-03  1.4985899E-04  1.247E-07  0.7631  4.694341   -5.313  0.293604  7.638373  0.6583302E+00  0.3279053E+00  7.1032766E-05  1.9483396E-05  7.5460295E-03  8.2216951E-04  1.4315856E-06  3.5950156E-09  1.8621716E-03  3.0512493E-06  2.796E-05  1.437E-05  1.658E-05  9.921E-01  1.012E+00  8.86E+02  0.00E+00  1.37E+02  0.229198  0.312629  0.0000000E+00  1.7374533130E+00
  9  0.477502134953040E+06   82.812612  5.994809  4.693155  0.7196164E+00  0.2663350E+00  2.1906183E-03  2.7287088E-05  8.3230667E-04  5.6444781E-03  2.4423331E-06  1.2365973E-05  1.8767618E-03  1.4787405E-04  2.670E-07  0.7615  4.693155   -5.304  0.293855  7.638566  0.6499739E+00  0.3362779E+00  7.2359117E-05  1.9850843E-05  7.6575741E-03  6.9268715E-04  1.1964814E-06  3.1392957E-09  1.8606063E-03  2.9893996E-06  2.856E-05  1.397E-05  1.620E-05  9.923E-01  1.012E+00  8.81E+02  0.00E+00  1.34E+02  0.226008  0.315407  0.0000000E+00  1.6902605535E+00
 10  0.534693721915614E+06   82.525956  5.997293  4.691990  0.7191915E+00  0.2667596E+00  2.1323222E-03  2.7007229E-05  9.5938368E-04  5.5776281E-03  2.5234709E-06  1.2029013E-05  1.8766326E-03  1.4483340E-04  5.013E-07  0.7602  4.691990   -5.296  0.294309  7.638826  0.6415603E+00  0.3447041E+00  7.3851163E-05  2.0263712E-05  7.7437588E-03  5.9186990E-04  1.0057383E-06  2.5925064E-09  1.8590505E-03  2.9695202E-06  2.889E-05  1.375E-05  1.583E-05  9.923E-01  1.011E+00  8.76E+02  0.00E+00  1.33E+02  0.226188  0.318240  0.0000000E+00  1.6426204708E+00
 11  0.591514750010515E+06   82.235515  5.999858  4.691017  0.7184759E+00  0.2674765E+00  2.0582586E-03  2.6660286E-05  1.1335398E-03  5.4781836E-03  2.6033968E-06  1.1600312E-05  1.8764263E-03  1.4066514E-04  8.437E-07  0.7591  4.691017   -5.287  0.295259  7.639248  0.6331833E+00  0.3530907E+00  7.4319414E-05  2.0393560E-05  7.8118175E-03  5.1342481E-04  8.7510209E-07  2.3963469E-09  1.8575161E-03  2.9640873E-06  2.900E-05  1.316E-05  1.546E-05  9.929E-01  1.011E+00  8.71E+02  0.00E+00  1.27E+02  0.217918  0.321122  0.0000000E+00  1.5950735933E+00
 12  0.648106746860193E+06   81.940565  6.002400  4.690043  0.7174033E+00  0.2685527E+00  1.9722691E-03  2.6273326E-05  1.3500596E-03  5.3463650E-03  2.6694890E-06  1.1101859E-05  1.8761315E-03  1.3553758E-04  1.288E-06  0.7583  4.690043   -5.279  0.296176  7.639659  0.6248355E+00  0.3614460E+00  7.5215936E-05  2.0640587E-05  7.8640607E-03  4.5232121E-04  7.6424195E-07  2.2225097E-09  1.8559977E-03  2.9805807E-06  2.893E-05  1.286E-05  1.510E-05  9.929E-01  1.010E+00  8.66E+02  0.00E+00  1.27E+02  0.217599  0.323967  0.0000000E+00  1.5476242403E+00
 13  0.704849672468976E+06   81.638993  6.005040  4.689192  0.7158874E+00  0.2700748E+00  1.8757083E-03  2.5860009E-05  1.6082626E-03  5.1811238E-03  2.7151400E-06  1.0541335E-05  1.8757325E-03  1.2952507E-04  1.833E-06  0.7574  4.689192   -5.270  0.297350  7.640151  0.6164448E+00  0.3698426E+00  7.5750669E-05  2.0789512E-05  7.9059341E-03  4.0364871E-04  6.7850084E-07  1.9943898E-09  1.8544791E-03  2.9956368E-06  2.871E-05  1.243E-05  1.474E-05  9.932E-01  1.010E+00  8.62E+02  0.00E+00  1.23E+02  0.212960  0.326858  0.0000000E+00  1.4999556616E+00
 14  0.761196785738735E+06   81.333692  6.007695  4.688405  0.7139591E+00  0.2720115E+00  1.7765698E-03  2.5459516E-05  1.8880279E-03  4.9947034E-03  2.7338674E-06  9.9650454E-06  1.8752447E-03  1.2314282E-04  2.430E-06  0.7568  4.688405   -5.262  0.298431  7.640609  0.6080800E+00  0.3782122E+00  7.6666461E-05  2.1050038E-05  7.9385996E-03  3.6484396E-04  6.0391657E-07  1.7249641E-09  1.8529702E-03  3.0093251E-06  2.838E-05  1.203E-05  1.438E-05  9.935E-01  1.009E+00  8.57E+02  0.00E+00  1.20E+02  0.208371  0.329726  0.0000000E+00  1.4526799596E+00
 15  0.818252868286949E+06   81.018544  6.010527  4.687784  0.7114917E+00  0.2744898E+00  1.6729245E-03  2.5066792E-05  2.1949748E-03  4.7832725E-03  2.7254703E-06  9.3617423E-06  1.8746427E-03  1.1629529E-04  3.089E-06  0.7570  4.687784   -5.253  0.299739  7.641141  0.5996862E+00  0.3866094E+00  7.7152653E-05  2.1185665E-05  7.9633767E-03  3.3575889E-04  5.5211656E-07  1.9546241E-09  1.8514608E-03  3.0753235E-06  2.792E-05  1.148E-05  1.402E-05  9.940E-01  1.009E+00  8.53E+02  0.00E+00  1.15E+02  0.200349  0.332694  0.0000000E+00  1.4050366733E+00
 16  0.873500235119735E+06   80.707593  6.013232  4.687577  0.7085719E+00  0.2774222E+00  1.5710380E-03  2.4705705E-05  2.5095772E-03  4.5607201E-03  2.6921871E-06  8.7679261E-06  1.8739528E-03  1.0943049E-04  3.764E-06  0.7562  4.687577   -5.246  0.302302  7.642092  0.5913010E+00  0.3949972E+00  7.4970171E-05  2.0554976E-05  7.9897987E-03  3.0925262E-04  5.4478520E-07  2.1655091E-09  1.8499509E-03  3.0435535E-06  2.745E-05  1.077E-05  1.370E-05  9.946E-01  1.008E+00  8.49E+02  0.00E+00  1.08E+02  0.190458  0.335489  0.0000000E+00  1.3598348111E+00
 17  0.928830642975774E+06   80.390326  6.015997  4.687050  0.7052625E+00  0.2807450E+00  1.4736888E-03  2.4383610E-05  2.8211847E-03  4.3354815E-03  2.6388604E-06  8.1998860E-06  1.8731928E-03  1.0277235E-04  4.417E-06  0.7561  4.687050   -5.237  0.303467  7.642580  0.5828987E+00  0.4034021E+00  7.6146560E-05  2.0886724E-05  8.0063606E-03  2.8839320E-04  4.9469036E-07  1.9963715E-09  1.8484387E-03  3.0534272E-06  2.690E-05  1.049E-05  1.336E-05  9.948E-01  1.008E+00  8.45E+02  0.00E+00  1.06E+02  0.187107  0.338308  0.0000000E+00  1.3152433909E+00
 18  0.983489466448690E+06   80.070895  6.018812  4.686807  0.7013609E+00  0.2846616E+00  1.3758878E-03  2.4082059E-05  3.1442017E-03  4.0978022E-03  2.5657554E-06  7.6285802E-06  1.8723190E-03  9.6004971E-05  5.090E-06  0.7558  4.686807   -5.229  0.305326  7.643290  0.5745165E+00  0.4117862E+00  7.5777442E-05  2.0787288E-05  8.0226376E-03  2.7042726E-04  4.6943529E-07  1.8396055E-09  1.8469299E-03  3.0506660E-06  2.631E-05  1.003E-05  1.304E-05  9.951E-01  1.008E+00  8.41E+02  0.00E+00  1.02E+02  0.180363  0.341087  0.0000000E+00  1.2715177832E+00
 19  0.103800553875990E+07   79.746218  6.021653  4.686534  0.6970011E+00  0.2890370E+00  1.2821677E-03  2.3813038E-05  3.4624726E-03  3.8600521E-03  2.4785708E-06  7.0805467E-06  1.8713647E-03  8.9459553E-05  5.734E-06  0.7558  4.686534   -5.221  0.306794  7.643879  0.5661646E+00  0.4201397E+00  7.6234069E-05  2.0927104E-05  8.0347018E-03  2.5588630E-04  4.3825965E-07  1.7418774E-09  1.8454266E-03  3.0639164E-06  2.569E-05  9.632E-06  1.271E-05  9.954E-01  1.007E+00  8.38E+02  0.00E+00  9.83E+01  0.175174  0.343842  0.0000000E+00  1.2282790887E+00
 20  0.109229518276671E+07   79.416676  6.024507  4.686335  0.6920758E+00  0.2939786E+00  1.1908301E-03  2.3567435E-05  3.7803509E-03  3.6195413E-03  2.3785711E-06  6.5459657E-06  1.8703088E-03  8.3033855E-05  6.364E-06  0.7560  4.686335   -5.213  0.308459  7.644517  0.5577831E+00  0.4285226E+00  7.6642704E-05  2.1038332E-05  8.0453849E-03  2.4301737E-04  4.1344136E-07  1.6189076E-09  1.8439168E-03  3.0695898E-06  2.504E-05  9.414E-06  1.239E-05  9.954E-01  1.006E+00  8.34E+02  0.00E+00  9.78E+01  0.175112  0.346532  0.0000000E+00  1.1856473345E+00
 21  0.114591822107349E+07   79.084959  6.027375  4.686168  0.6866700E+00  0.2994007E+00  1.1038729E-03  2.3345571E-05  4.0895555E-03  3.3830521E-03  2.2706593E-06  6.0366555E-06  1.8691712E-03  7.6881554E-05  6.956E-06  0.7564  4.686168   -5.204  0.309918  7.645087  0.5494335E+00  0.4368736E+00  7.7657560E-05  2.1330460E-05  8.0539015E-03  2.3159724E-04  3.8524368E-07  1.2442792E-09  1.8424113E-03  3.0710074E-06  2.438E-05  9.098E-06  1.207E-05  9.957E-01  1.006E+00  8.31E+02  0.00E+00  9.46E+01  0.170017  0.349172  0.0000000E+00  1.1441215052E+00
 22  0.119963131458064E+07   78.746310  6.030257  4.686185  0.6807331E+00  0.3053542E+00  1.0204063E-03  2.3141132E-05  4.3918700E-03  3.1497444E-03  2.1564827E-06  5.5475098E-06  1.8679420E-03  7.0950638E-05  7.512E-06  0.7566  4.686185   -5.196  0.311708  7.645763  0.5410279E+00  0.4452802E+00  7.7883054E-05  2.1394605E-05  8.0624064E-03  2.2151371E-04  3.6710354E-07  1.2089360E-09  1.8408942E-03  3.0750232E-06  2.371E-05  8.700E-06  1.176E-05  9.960E-01  1.006E+00  8.28E+02  0.00E+00  9.07E+01  0.163802  0.351766  0.0000000E+00  1.1030849489E+00
 23  0.125288863120536E+07   78.404144  6.033191  4.686218  0.6744299E+00  0.3116734E+00  9.4245290E-04  2.2957025E-05  4.6787272E-03  2.9266909E-03  2.0412049E-06  5.0904411E-06  1.8666558E-03  6.5392951E-05  8.009E-06  0.7573  4.686218   -5.188  0.313389  7.646400  0.5326638E+00  0.4536453E+00  7.8599645E-05  2.1593192E-05  8.0688591E-03  2.1295685E-04  3.4774837E-07  1.0928638E-09  1.8393831E-03  3.0905305E-06  2.303E-05  8.370E-06  1.145E-05  9.963E-01  1.005E+00  8.24E+02  0.00E+00  8.73E+01  0.158211  0.354362  0.0000000E+00  1.0631297172E+00
 24  0.130533157848653E+07   78.060758  6.036051  4.686418  0.6679092E+00  0.3182093E+00  8.7106980E-04  2.2794716E-05  4.9450127E-03  2.7183147E-03  1.9287085E-06  4.6716857E-06  1.8653419E-03  6.0290345E-05  8.435E-06  0.7573  4.686418   -5.180  0.315365  7.647130  0.5242773E+00  0.4620325E+00  7.8276968E-05  2.1517250E-05  8.0766604E-03  2.0457488E-04  3.3577759E-07  1.1114092E-09  1.8378654E-03  3.0874005E-06  2.236E-05  7.830E-06  1.116E-05  9.967E-01  1.005E+00  8.21E+02  0.00E+00  8.16E+01  0.148569  0.356870  0.0000000E+00  1.0245108291E+00
 25  0.135765462944491E+07   77.711702  6.038929  4.686674  0.6611570E+00  0.3249758E+00  8.0556577E-04  2.2652384E-05  5.1923728E-03  2.5236622E-03  1.8196521E-06  4.2872051E-06  1.8639968E-03  5.5597757E-05  8.792E-06  0.7576  4.686674   -5.172  0.317417  7.647886  0.5158912E+00  0.4704192E+00  7.8236208E-05  2.1499366E-05  8.0827755E-03  1.9767129E-04  3.2559052E-07  1.1201526E-09  1.8363459E-03  3.1016252E-06  2.169E-05  7.494E-06  1.088E-05  9.970E-01  1.005E+00  8.19E+02  0.00E+00  7.77E+01  0.141944  0.359409  0.0000000E+00  9.8682679767E-01
 26  0.140926169534426E+07   77.360889  6.041801  4.686881  0.6542412E+00  0.3319049E+00  7.4616511E-04  2.2530508E-05  5.4192194E-03  2.3442457E-03  1.7157987E-06  3.9383252E-06  1.8626336E-03  5.1334304E-05  9.084E-06  0.7580  4.686881   -5.163  0.319335  7.648591  0.5075183E+00  0.4787927E+00  7.8725965E-05  2.1627956E-05  8.0876270E-03  1.9132680E-04  3.1295419E-07  9.9028842E-10  1.8348264E-03  3.1137418E-06  2.103E-05  7.204E-06  1.060E-05  9.972E-01  1.004E+00  8.16E+02  0.00E+00  7.47E+01  0.137029  0.361921  0.0000000E+00  9.5045445289E-01
 27  0.146108013105071E+07   77.001831  6.044738  4.687198  0.6468820E+00  0.3392770E+00  6.9020241E-04  2.2423492E-05  5.6351537E-03  2.1726740E-03  1.6135828E-06  3.6094021E-06  1.8611966E-03  4.7310904E-05  9.336E-06  0.7585  4.687198   -5.155  0.321281  7.649305  0.4991334E+00  0.4871781E+00  7.8887449E-05  2.1684084E-05  8.0918258E-03  1.8625263E-04  3.0268592E-07  9.9771351E-10  1.8333030E-03  3.1400643E-06  2.037E-05  6.852E-06  1.032E-05  9.974E-01  1.004E+00  8.13E+02  0.00E+00  7.13E+01  0.131221  0.364449  0.0000000E+00  9.1464914064E-01
 28  0.151278607488116E+07   76.636494  6.047737  4.687592  0.6391496E+00  0.3470216E+00  6.3808663E-04  2.2331714E-05  5.8381497E-03  2.0107125E-03  1.5146163E-06  3.3028570E-06  1.8596995E-03  4.3558680E-05  9.545E-06  0.7594  4.687592   -5.147  0.323226  7.650014  0.4907613E+00  0.4955505E+00  7.9569913E-05  2.1864704E-05  8.0945867E-03  1.8197473E-04  2.9208300E-07  8.9469068E-10  1.8317794E-03  3.1684360E-06  1.971E-05  6.626E-06  1.005E-05  9.975E-01  1.004E+00  8.10E+02  0.00E+00  6.99E+01  0.129144  0.366984  0.0000000E+00  8.7974660226E-01
 29  0.156479960685173E+07   76.261491  6.050949  4.688149  0.6308250E+00  0.3553580E+00  5.8826784E-04  2.2251968E-05  6.0338663E-03  1.8539767E-03  1.4166968E-06  3.0095935E-06  1.8580996E-03  3.9967486E-05  9.727E-06  0.7609  4.688149   -5.138  0.325164  7.650715  0.4824088E+00  0.5039033E+00  8.0047813E-05  2.2012976E-05  8.0967251E-03  1.7871877E-04  2.8337113E-07  8.3464587E-10  1.8302566E-03  3.2041217E-06  1.905E-05  6.238E-06  9.777E-06  9.978E-01  1.003E+00  8.08E+02  0.00E+00  6.57E+01  0.121790  0.369631  0.0000000E+00  8.4555712197E-01
 30  0.161578214395604E+07   75.886564  6.053994  4.688860  0.6220699E+00  0.3641246E+00  5.4157552E-04  2.2185584E-05  6.2187134E-03  1.7054545E-03  1.3221001E-06  2.7345044E-06  1.8564276E-03  3.6598278E-05  9.882E-06  0.7620  4.688860   -5.129  0.327309  7.651481  0.4740147E+00  0.5122977E+00  8.0457455E-05  2.2117678E-05  8.0998541E-03  1.7447542E-04  2.7492429E-07  7.7793668E-10  1.8287228E-03  3.2163840E-06  1.843E-05  5.944E-06  9.520E-06  9.980E-01  1.003E+00  8.06E+02  0.00E+00  6.26E+01  0.116313  0.372064  0.0000000E+00  8.1292425625E-01
 31  0.166595523828193E+07   75.510387  6.057009  4.689626  0.6129171E+00  0.3732880E+00  4.9785746E-04  2.2132299E-05  6.3929654E-03  1.5650363E-03  1.2311555E-06  2.4767025E-06  1.8546890E-03  3.3441178E-05  1.001E-05  0.7630  4.689626   -5.121  0.329555  7.652275  0.4656351E+00  0.5206776E+00  8.0570868E-05  2.2147809E-05  8.1034551E-03  1.7017789E-04  2.6790398E-07  7.4886694E-10  1.8271885E-03  3.2280201E-06  1.782E-05  5.719E-06  9.273E-06  9.981E-01  1.003E+00  8.04E+02  0.00E+00  6.05E+01  0.112699  0.374405  0.0000000E+00  7.8176690415E-01
 32  0.171604748961854E+07   75.127569  6.060146  4.690346  0.6037568E+00  0.3824581E+00  4.5854481E-04  2.2093087E-05  6.5506176E-03  1.4376626E-03  1.1474332E-06  2.2446503E-06  1.8529570E-03  3.0600638E-05  1.008E-05  0.7645  4.690346   -5.112  0.331732  7.653038  0.4572690E+00  0.5290440E+00  8.1081300E-05  2.2284919E-05  8.1058558E-03  1.6659219E-04  2.5977424E-07  7.5072011E-10  1.8256540E-03  3.2579069E-06  1.723E-05  5.449E-06  9.032E-06  9.983E-01  1.003E+00  8.02E+02  0.00E+00  5.75E+01  0.107442  0.376888  0.0000000E+00  7.5159570920E-01
 33  0.176490045834678E+07   74.746758  6.063158  4.690991  0.5946511E+00  0.3915726E+00  4.2339688E-04  2.2066635E-05  6.6923702E-03  1.3228572E-03  1.0709496E-06  2.0369580E-06  1.8512420E-03  2.8060032E-05  1.011E-05  0.7656  4.690991   -5.104  0.333978  7.653819  0.4488896E+00  0.5374237E+00  8.1124526E-05  2.2321473E-05  8.1094111E-03  1.6243302E-04  2.5229062E-07  5.9505966E-10  1.8241138E-03  3.2704510E-06  1.667E-05  5.169E-06  8.805E-06  9.984E-01  1.002E+00  7.99E+02  0.00E+00  5.49E+01  0.102870  0.379279  0.0000000E+00  7.2302303250E-01
 34  0.181242175198064E+07   74.369209  6.065887  4.691775  0.5854367E+00  0.4007952E+00  3.9127826E-04  2.2050780E-05  6.8225882E-03  1.2171574E-03  9.9967033E-07  1.8469538E-06  1.8495123E-03  2.5737639E-05  1.012E-05  0.7658  4.691775   -5.096  0.336302  7.654625  0.4405266E+00  0.5457870E+00  8.1405337E-05  2.2383898E-05  8.1128694E-03  1.5803618E-04  2.4498729E-07  6.2155928E-10  1.8225736E-03  3.2779054E-06  1.614E-05  4.909E-06  8.590E-06  9.986E-01  1.002E+00  7.97E+02  0.00E+00  5.20E+01  0.097761  0.381391  0.0000000E+00  6.9607216212E-01
 35  0.185941531495401E+07   73.989036  6.068604  4.692490  0.5762154E+00  0.4100239E+00  3.6214256E-04  2.2044346E-05  6.9413065E-03  1.1205867E-03  9.3381028E-07  1.6743959E-06  1.8477860E-03  2.3630199E-05  1.009E-05  0.7656  4.692490   -5.088  0.338654  7.655434  0.4321225E+00  0.5541914E+00  8.1603109E-05  2.2437443E-05  8.1161953E-03  1.5391232E-04  2.3770971E-07  5.5719568E-10  1.8210231E-03  3.2928180E-06  1.562E-05  4.662E-06  8.382E-06  9.987E-01  1.002E+00  7.95E+02  0.00E+00  4.93E+01  0.092938  0.383511  0.0000000E+00  6.7026839102E-01
 36  0.190633706249577E+07   73.602375  6.071461  4.693171  0.5669713E+00  0.4192748E+00  3.3570491E-04  2.2046759E-05  7.0495882E-03  1.0323131E-03  8.7292947E-07  1.5176134E-06  1.8460594E-03  2.1717147E-05  1.004E-05  0.7669  4.693171   -5.080  0.340876  7.656191  0.4237734E+00  0.5625408E+00  8.2299312E-05  2.2629940E-05  8.1179316E-03  1.5077025E-04  2.2977784E-07  5.4405430E-10  1.8194799E-03  3.3256590E-06  1.511E-05  4.409E-06  8.179E-06  9.988E-01  1.002E+00  7.93E+02  0.00E+00  4.66E+01  0.088082  0.385788  0.0000000E+00  6.4529802603E-01
 37  0.195284174129899E+07   73.211757  6.074226  4.693914  0.5578227E+00  0.4284295E+00  3.1197030E-04  2.2057247E-05  7.1473081E-03  9.5247375E-04  8.1725575E-07  1.3766593E-06  1.8443539E-03  1.9998903E-05  9.954E-06  0.7674  4.693914   -5.072  0.343327  7.657025  0.4153775E+00  0.5709369E+00  8.2563057E-05  2.2697139E-05  8.1202031E-03  1.4774481E-04  2.2442246E-07  5.3527125E-10  1.8179247E-03  3.3548528E-06  1.462E-05  4.185E-06  7.984E-06  9.990E-01  1.002E+00  7.91E+02  0.00E+00  4.43E+01  0.083890  0.388046  0.0000000E+00  6.2137488076E-01
 38  0.199842522206163E+07   72.821755  6.076903  4.694643  0.5489947E+00  0.4372630E+00  2.9118189E-04  2.2074645E-05  7.2333657E-03  8.8200110E-04  7.6756565E-07  1.2530083E-06  1.8427107E-03  1.8493153E-05  9.844E-06  0.7676  4.694643   -5.064  0.345787  7.657857  0.4069915E+00  0.5793230E+00  8.2671225E-05  2.2735761E-05  8.1226033E-03  1.4481445E-04  2.1941392E-07  5.2279952E-10  1.8163681E-03  3.3838748E-06  1.415E-05  3.979E-06  7.797E-06  9.991E-01  1.002E+00  7.89E+02  0.00E+00  4.21E+01  0.079963  0.390312  0.0000000E+00  5.9867973993E-01
 39  0.204410076092170E+07   72.423609  6.079768  4.695399  0.5397770E+00  0.4464859E+00  2.7154998E-04  2.2099889E-05  7.3151170E-03  8.1488923E-04  7.1969649E-07  1.1360316E-06  1.8409970E-03  1.7070489E-05  9.726E-06  0.7685  4.695399   -5.055  0.348279  7.658692  0.3986432E+00  0.5876714E+00  8.2904338E-05  2.2810865E-05  8.1241791E-03  1.4261432E-04  2.1492111E-07  5.1176612E-10  1.8148151E-03  3.4254571E-06  1.368E-05  3.792E-06  7.617E-06  9.991E-01  1.001E+00  7.87E+02  0.00E+00  4.02E+01  0.076573  0.392702  0.0000000E+00  5.7661760344E-01
 40  0.208787862585280E+07   72.034884  6.082264  4.696018  0.5304521E+00  0.4558156E+00  2.5357465E-04  2.2131254E-05  7.3904189E-03  7.5291808E-04  6.7499787E-07  1.0287352E-06  1.8392650E-03  1.5767684E-05  9.611E-06  0.7684  4.696018   -5.048  0.350861  7.659549  0.3902647E+00  0.5960500E+00  8.3001104E-05  2.2842176E-05  8.1266027E-03  1.3968139E-04  2.1003479E-07  5.0607146E-10  1.8132534E-03  3.4505518E-06  1.325E-05  3.568E-06  7.462E-06  9.992E-01  1.001E+00  7.85E+02  0.00E+00  3.79E+01  0.072320  0.394701  0.0000000E+00  5.5625140316E-01
 41  0.213371469594152E+07   71.620029  6.085329  4.696640  0.5209128E+00  0.4653593E+00  2.3684585E-04  2.2167885E-05  7.4609024E-03  6.9477483E-04  6.3262800E-07  9.2870976E-07  1.8374942E-03  1.4555524E-05  9.467E-06  0.7700  4.696640   -5.039  0.353602  7.660454  0.3818770E+00  0.6044377E+00  8.3397371E-05  2.2927748E-05  8.1273033E-03  1.3824970E-04  2.0704399E-07  6.4478551E-10  1.8116861E-03  3.5073020E-06  1.280E-05  3.356E-06  7.289E-06  9.993E-01  1.001E+00  7.82E+02  0.00E+00  3.51E+01  0.067346  0.397308  0.0000000E+00  5.3577323983E-01
 42  0.217884314916594E+07   71.202822  6.088403  4.697281  0.5115488E+00  0.4747274E+00  2.2191737E-04  2.2207905E-05  7.5241723E-03  6.4245596E-04  5.9411318E-07  8.3928394E-07  1.8357567E-03  1.3474444E-05  9.310E-06  0.7718  4.697281   -5.029  0.356372  7.661364  0.3735076E+00  0.6128070E+00  8.3517172E-05  2.2981947E-05  8.1284940E-03  1.3666562E-04  2.0376007E-07  5.0412883E-10  1.8101184E-03  3.5559011E-06  1.237E-05  3.236E-06  7.124E-06  9.994E-01  1.001E+00  7.80E+02  0.00E+00  3.44E+01  0.066162  0.399995  0.0000000E+00  5.1609545737E-01
 43  0.222205060008978E+07   70.795069  6.091040  4.697869  0.5027042E+00  0.4835754E+00  2.0917837E-04  2.2249906E-05  7.5785149E-03  5.9739893E-04  5.6058046E-07  7.6279787E-07  1.8341157E-03  1.2552694E-05  9.145E-06  0.7721  4.697869   -5.021  0.359006  7.662226  0.3651219E+00  0.6211929E+00  8.4325308E-05  2.3184322E-05  8.1293037E-03  1.3441926E-04  1.9814499E-07  4.4425241E-10  1.8085439E-03  3.5899276E-06  1.197E-05  3.091E-06  6.968E-06  9.994E-01  1.001E+00  7.77E+02  0.00E+00  3.26E+01  0.062961  0.402381  0.0000000E+00  4.9774866124E-01
 44  0.226623898297331E+07   70.369705  6.094101  4.698667  0.4929518E+00  0.4933312E+00  1.9657447E-04  2.2301116E-05  7.6326697E-03  5.5236479E-04  5.2666962E-07  6.8690470E-07  1.8323062E-03  1.1641890E-05  8.982E-06  0.7739  4.698667   -5.012  0.361921  7.663171  0.3567575E+00  0.6295573E+00  8.4468351E-05  2.3229873E-05  8.1303939E-03  1.3292890E-04  1.9543268E-07  4.3102411E-10  1.8069690E-03  3.6410399E-06  1.157E-05  2.947E-06  6.816E-06  9.995E-01  1.001E+00  7.75E+02  0.00E+00  3.12E+01  0.060390  0.405032  0.0000000E+00  4.7950192345E-01
 45  0.230883964554494E+07   69.951299  6.096802  4.699351  0.4835355E+00  0.5027506E+00  1.8559790E-04  2.2355049E-05  7.6801646E-03  5.1275473E-04  4.9650959E-07  6.2059839E-07  1.8305584E-03  1.0850107E-05  8.815E-06  0.7744  4.699351   -5.004  0.364814  7.664118  0.3483679E+00  0.6379468E+00  8.4358327E-05  2.3218386E-05  8.1322397E-03  1.3098272E-04  1.9265534E-07  4.2682752E-10  1.8053860E-03  3.6838662E-06  1.120E-05  2.729E-06  6.675E-06  9.995E-01  1.001E+00  7.73E+02  0.00E+00  2.92E+01  0.056729  0.407401  0.0000000E+00  4.6253812015E-01
 46  0.235077792119077E+07   69.531206  6.099512  4.700067  0.4740255E+00  0.5122634E+00  1.7557083E-04  2.2413237E-05  7.7238522E-03  4.7621674E-04  4.6839338E-07  5.5982600E-07  1.8287924E-03  1.0128613E-05  8.648E-06  0.7753  4.700067   -4.995  0.367748  7.665055  0.3399794E+00  0.6463354E+00  8.5017928E-05  2.3380481E-05  8.1329322E-03  1.2911678E-04  1.8820498E-07  4.0534113E-10  1.8037991E-03  3.7299198E-06  1.084E-05  2.608E-06  6.541E-06  9.996E-01  1.001E+00  7.70E+02  0.00E+00  2.76E+01  0.053815  0.409793  0.0000000E+00  4.4648935157E-01
 47  0.239360985166190E+07   69.093447  6.102672  4.700365  0.4644763E+00  0.5218151E+00  1.6644435E-04  2.2474837E-05  7.7638949E-03  4.4263161E-04  4.4228314E-07  5.0431721E-07  1.8270180E-03  9.4739365E-06  8.468E-06  0.7770  4.700365   -4.985  0.370813  7.666023  0.3316083E+00  0.6547065E+00  8.5330484E-05  2.3470222E-05  8.1336049E-03  1.2782341E-04  1.8540929E-07  4.1548268E-10  1.8022108E-03  3.7894764E-06  1.048E-05  2.428E-06  6.409E-06  9.996E-01  1.001E+00  7.67E+02  0.00E+00  2.55E+01  0.049900  0.412710  0.0000000E+00  4.3067604171E-01
 48  0.243358664950609E+07   68.675820  6.105110  4.700679  0.4556744E+00  0.5306192E+00  1.5878328E-04  2.2534426E-05  7.7977478E-03  4.1415606E-04  4.1992175E-07  4.5754476E-07  1.8253811E-03  8.9262097E-06  8.294E-06  0.7776  4.700679   -4.977  0.374219  7.667107  0.3232210E+00  0.6630937E+00  8.4809294E-05  2.3329392E-05  8.1360367E-03  1.2591292E-04  1.8476374E-07  3.9164366E-10  1.8006155E-03  3.8317408E-06  1.016E-05  2.298E-06  6.290E-06  9.996E-01  1.001E+00  7.64E+02  0.00E+00  2.49E+01  0.048809  0.415038  0.0000000E+00  4.1639016653E-01
 49  0.247253290350930E+07   68.261083  6.107464  4.701134  0.4471588E+00  0.5391367E+00  1.5201262E-04  2.2594505E-05  7.8278868E-03  3.8872923E-04  3.9975488E-07  4.1604284E-07  1.8237961E-03  8.4439380E-06  8.120E-06  0.7774  4.701134   -4.969  0.377667  7.668199  0.3148568E+00  0.6714577E+00  8.3938987E-05  2.3109357E-05  8.1388541E-03  1.2412376E-04  1.8484145E-07  3.9598545E-10  1.7990199E-03  3.8770584E-06  9.853E-06  2.179E-06  6.179E-06  9.997E-01  1.001E+00  7.62E+02  0.00E+00  2.32E+01  0.045697  0.417383  0.0000000E+00  4.0283479407E-01
 50  0.251099479560004E+07   67.843881  6.109765  4.701364  0.4386808E+00  0.5476165E+00  1.4586837E-04  2.2655854E-05  7.8554504E-03  3.6540354E-04  3.8106969E-07  3.7822788E-07  1.8222164E-03  8.0084554E-06  7.946E-06  0.7769  4.701364   -4.961  0.380708  7.669149  0.3064420E+00  0.6798725E+00  8.4627408E-05  2.3299424E-05  8.1392762E-03  1.2249405E-04  1.8015234E-07  3.7997218E-10  1.7974101E-03  3.9309042E-06  9.557E-06  2.101E-06  6.066E-06  9.997E-01  1.001E+00  7.59E+02  0.00E+00  2.30E+01  0.045359  0.419695  0.0000000E+00  3.8974387321E-01
 51  0.254914434858443E+07   67.422055  6.112111  4.701491  0.4299722E+00  0.5563267E+00  1.4011339E-04  2.2717235E-05  7.8814503E-03  3.4334255E-04  3.6325341E-07  3.4272069E-07  1.8205918E-03  7.6037733E-06  7.776E-06  0.7768  4.701491   -4.952  0.383954  7.670159  0.2980662E+00  0.6882484E+00  8.4947827E-05  2.3391251E-05  8.1400250E-03  1.2110090E-04  1.7713513E-07  3.7201723E-10  1.7958037E-03  3.9964553E-06  9.269E-06  2.007E-06  5.960E-06  9.997E-01  1.000E+00  7.55E+02  0.00E+00  2.21E+01  0.043796  0.422036  0.0000000E+00  3.7699423692E-01
 52  0.258636717010134E+07   67.002271  6.114349  4.701395  0.4216209E+00  0.5646795E+00  1.3505871E-04  2.2771778E-05  7.9044214E-03  3.2381125E-04  3.4738761E-07  3.1152076E-07  1.8190319E-03  7.2521447E-06  7.607E-06  0.7767  4.701395   -4.944  0.387376  7.671223  0.2897262E+00  0.6965882E+00  8.5052631E-05  2.3415253E-05  8.1410207E-03  1.1979558E-04  1.7515429E-07  3.7254638E-10  1.7941995E-03  4.0588633E-06  8.993E-06  1.901E-06  5.861E-06  9.998E-01  1.000E+00  7.51E+02  0.00E+00  2.04E+01  0.040703  0.424396  0.0000000E+00  3.6488954415E-01
 53  0.262387736257777E+07   66.570789  6.116752  4.701474  0.4130076E+00  0.5732941E+00  1.3028784E-04  2.2823525E-05  7.9262369E-03  3.0522302E-04  3.3220011E-07  2.8206852E-07  1.8174209E-03  6.9244047E-06  7.438E-06  0.7766  4.701474   -4.935  0.390684  7.672236  0.2813280E+00  0.7049865E+00  8.6121735E-05  2.3685598E-05  8.1404586E-03  1.1868433E-04  1.7079463E-07  3.5688415E-10  1.7925792E-03  4.1336283E-06  8.721E-06  1.819E-06  5.761E-06  9.998E-01  1.000E+00  7.48E+02  0.00E+00  1.97E+01  0.039554  0.426914  0.0000000E+00  3.5293992116E-01
 54  0.266029547966742E+07   66.143532  6.118980  4.701702  0.4048314E+00  0.5814715E+00  1.2616053E-04  2.2870461E-05  7.9452572E-03  2.8897111E-04  3.1881753E-07  2.5654391E-07  1.8158892E-03  6.6446766E-06  7.271E-06  0.7765  4.701702   -4.926  0.394288  7.673343  0.2729555E+00  0.7133588E+00  8.5851531E-05  2.3641794E-05  8.1418005E-03  1.1756565E-04  1.6969368E-07  3.4926321E-10  1.7909593E-03  4.2045172E-06  8.463E-06  1.710E-06  5.671E-06  9.998E-01  1.000E+00  7.45E+02  0.00E+00  1.93E+01  0.038871  0.429368  0.0000000E+00  3.4168981212E-01
 55  0.269736401701303E+07   65.699692  6.121513  4.701515  0.3964590E+00  0.5898450E+00  1.2232319E-04  2.2917774E-05  7.9631050E-03  2.7366962E-04  3.0609867E-07  2.3273454E-07  1.8143181E-03  6.3885797E-06  7.101E-06  0.7775  4.701515   -4.917  0.397858  7.674431  0.2646050E+00  0.7217093E+00  8.6699118E-05  2.3848928E-05  8.1413371E-03  1.1671355E-04  1.6648689E-07  3.5615133E-10  1.7893374E-03  4.2879649E-06  8.205E-06  1.661E-06  5.578E-06  9.998E-01  1.000E+00  7.42E+02  0.00E+00  1.81E+01  0.036598  0.432221  0.0000000E+00  3.3049496138E-01
 56  0.273343839610199E+07   65.257868  6.123824  4.700626  0.3887668E+00  0.5975381E+00  1.1913300E-04  2.2962039E-05  7.9781055E-03  2.6075713E-04  2.9524527E-07  2.1283451E-07  1.8128721E-03  6.1793715E-06  6.931E-06  0.7777  4.700626   -4.907  0.401530  7.675552  0.2562197E+00  0.7300946E+00  8.7012069E-05  2.3944119E-05  8.1416803E-03  1.1578881E-04  1.6443660E-07  3.4023299E-10  1.7877041E-03  4.3697118E-06  7.960E-06  1.518E-06  5.493E-06  9.998E-01  1.000E+00  7.35E+02  0.00E+00  1.65E+01  0.033686  0.435059  0.0000000E+00  3.1990158134E-01
 57  0.276940077534583E+07   64.807217  6.126205  4.700141  0.3808327E+00  0.6054731E+00  1.1618001E-04  2.3009254E-05  7.9921700E-03  2.4859244E-04  2.8488860E-07  1.9427912E-07  1.8113776E-03  5.9900077E-06  6.765E-06  0.7784  4.700141   -4.897  0.405530  7.676773  0.2478326E+00  0.7384815E+00  8.6987632E-05  2.3946125E-05  8.1424374E-03  1.1495479E-04  1.6319246E-07  3.7144172E-10  1.7860643E-03  4.4579745E-06  7.722E-06  1.487E-06  5.409E-06  9.998E-01  1.000E+00  7.31E+02  0.00E+00  1.67E+01  0.034219  0.437975  0.0000000E+00  3.0958000464E-01
 58  0.280457007038841E+07   64.356802  6.128508  4.699876  0.3727281E+00  0.6135784E+00  1.1348110E-04  2.3059828E-05  8.0052122E-03  2.3725113E-04  2.7509681E-07  1.7715929E-07  1.8098478E-03  5.8215803E-06  6.605E-06  0.7783  4.699876   -4.888  0.409484  7.677962  0.2394169E+00  0.7468971E+00  8.7295570E-05  2.4040602E-05  8.1427389E-03  1.1408520E-04  1.6126444E-07  3.3029422E-10  1.7844135E-03  4.5482114E-06  7.495E-06  1.416E-06  5.329E-06  9.998E-01  1.000E+00  7.27E+02  0.00E+00  1.60E+01  0.033101  0.440784  0.0000000E+00  2.9973165205E-01
 59  0.283864856149420E+07   63.911113  6.130597  4.699873  0.3646660E+00  0.6216412E+00  1.1106514E-04  2.3112526E-05  8.0170613E-03  2.2689109E-04  2.6602907E-07  1.6167327E-07  1.8083228E-03  5.6754527E-06  6.453E-06  0.7780  4.699873   -4.879  0.413464  7.679156  0.2310659E+00  0.7552481E+00  8.8141873E-05  2.4246545E-05  8.1422981E-03  1.1321025E-04  1.5828560E-07  3.2608966E-10  1.7827698E-03  4.6430535E-06  7.280E-06  1.305E-06  5.254E-06  9.999E-01  1.000E+00  7.23E+02  0.00E+00  1.51E+01  0.031255  0.443369  0.0000000E+00  2.9039740217E-01
 60  0.287200859389487E+07   63.466502  6.132594  4.699799  0.3567975E+00  0.6295103E+00  1.0893262E-04  2.3166277E-05  8.0276798E-03  2.1755558E-04  2.5774862E-07  1.4784742E-07  1.8068315E-03  5.5510147E-06  6.305E-06  0.7775  4.699799   -4.871  0.417728  7.680434  0.2226905E+00  0.7636233E+00  8.7871206E-05  2.4201545E-05  8.1434193E-03  1.1234564E-04  1.5757072E-07  3.2252825E-10  1.7811157E-03  4.7399739E-06  7.074E-06  1.253E-06  5.186E-06  9.999E-01  1.000E+00  7.19E+02  0.00E+00  1.47E+01  0.030619  0.445945  0.0000000E+00  2.8151107049E-01
 61  0.290535907385552E+07   63.013249  6.134650  4.699746  0.3488788E+00  0.6374295E+00  1.0698829E-04  2.3222560E-05  8.0375159E-03  2.0885871E-04  2.4993237E-07  1.3508436E-07  1.8053276E-03  5.4423209E-06  6.158E-06  0.7774  4.699746   -4.862  0.421778  7.681644  0.2142975E+00  0.7720164E+00  8.8959118E-05  2.4490909E-05  8.1425263E-03  1.1156306E-04  1.5413438E-07  3.1947976E-10  1.7794512E-03  4.8474593E-06  6.873E-06  1.190E-06  5.117E-06  9.999E-01  1.000E+00  7.16E+02  0.00E+00  1.40E+01  0.029265  0.448647  0.0000000E+00  2.7281302709E-01
 62  0.293729542416795E+07   62.570834  6.136378  4.699905  0.3413473E+00  0.6449616E+00  1.0531008E-04  2.3278128E-05  8.0461491E-03  2.0118001E-04  2.4293982E-07  1.2391735E-07  1.8038942E-03  5.3531575E-06  6.018E-06  0.7758  4.699905   -4.855  0.426358  7.683017  0.2059264E+00  0.7803872E+00  8.8987623E-05  2.4485346E-05  8.1432254E-03  1.1073386E-04  1.5323165E-07  3.1521007E-10  1.7777856E-03  4.9561149E-06  6.685E-06  1.125E-06  5.059E-06  9.999E-01  1.000E+00  7.14E+02  0.00E+00  1.32E+01  0.027701  0.451094  0.0000000E+00  2.6470329734E-01
 63  0.296916183882934E+07   62.120768  6.138245  4.699180  0.3344317E+00  0.6518775E+00  1.0391110E-04  2.3331053E-05  8.0534773E-03  1.9462105E-04  2.3688635E-07  1.1446645E-07  1.8025754E-03  5.2832551E-06  5.876E-06  0.7748  4.699180   -4.846  0.430732  7.684310  0.1975770E+00  0.7887367E+00  8.9827269E-05  2.4713801E-05  8.1426565E-03  1.0998614E-04  1.5045437E-07  3.1331263E-10  1.7761167E-03  5.0750245E-06  6.501E-06  1.090E-06  5.000E-06  9.999E-01  1.000E+00  7.10E+02  0.00E+00  1.23E+01  0.025876  0.453975  0.0000000E+00  2.5679004664E-01
 64  0.300057913932698E+07   61.667843  6.140109  4.698495  0.3270718E+00  0.6592379E+00  1.0256239E-04  2.3389426E-05  8.0606851E-03  1.8812570E-04  2.3080763E-07  1.0519737E-07  1.8011687E-03  5.2208728E-06  5.740E-06  0.7743  4.698495   -4.837  0.435647  7.685770  0.1891969E+00  0.7971166E+00  8.9789909E-05  2.4707133E-05  8.1433503E-03  1.0925207E-04  1.4965320E-07  3.0985623E-10  1.7744347E-03  5.1982255E-06  6.324E-06  1.006E-06  4.948E-06  9.999E-01  1.000E+00  7.04E+02  0.00E+00  1.20E+01  0.025547  0.456736  0.0000000E+00  2.4917975359E-01
 65  0.303142787234853E+07   61.213751  6.141848  4.697455  0.3198898E+00  0.6664201E+00  1.0137146E-04  2.3448458E-05  8.0671917E-03  1.8221913E-04  2.2520018E-07  9.6852018E-08  1.7997931E-03  5.1709110E-06  5.608E-06  0.7733  4.697455   -4.827  0.440437  7.687183  0.1808030E+00  0.8055104E+00  9.0238346E-05  2.4852619E-05  8.1433087E-03  1.0852456E-04  1.4759653E-07  3.0465060E-10  1.7727425E-03  5.3343360E-06  6.153E-06  9.923E-07  4.898E-06  9.999E-01  1.000E+00  6.96E+02  0.00E+00  1.16E+01  0.024901  0.459478  0.0000000E+00  2.4185971610E-01
 66  0.306153008952845E+07   60.761316  6.143350  4.696442  0.3131832E+00  0.6731271E+00  1.0036620E-04  2.3505332E-05  8.0728162E-03  1.7707392E-04  2.2024481E-07  8.9656995E-08  1.7985056E-03  5.1338434E-06  5.480E-06  0.7720  4.696442   -4.819  0.445501  7.688684  0.1724042E+00  0.8139091E+00  9.0588153E-05  2.4945990E-05  8.1434401E-03  1.0779452E-04  1.4610874E-07  3.0271079E-10  1.7710416E-03  5.4730061E-06  5.991E-06  9.043E-07  4.852E-06  9.999E-01  1.000E+00  6.90E+02  0.00E+00  1.13E+01  0.024517  0.462133  0.0000000E+00  2.3490391417E-01
 67  0.309103123002871E+07   60.308655  6.144868  4.695012  0.3069878E+00  0.6793227E+00  9.9524233E-05  2.3559351E-05  8.0776452E-03  1.7262187E-04  2.1589701E-07  8.3494298E-08  1.7973136E-03  5.1076009E-06  5.354E-06  0.7705  4.695012   -4.809  0.450726  7.690227  0.1640446E+00  0.8222686E+00  9.1347877E-05  2.5131250E-05  8.1429788E-03  1.0708320E-04  1.4395317E-07  3.0007477E-10  1.7693404E-03  5.6271772E-06  5.834E-06  8.193E-07  4.810E-06  9.999E-01  1.000E+00  6.72E+02  0.00E+00  9.84E+00  0.021960  0.465037  0.0000000E+00  2.2823098515E-01
 68  0.312053749529231E+07   59.846139  6.146487  4.693467  0.3004457E+00  0.6858651E+00  9.8722091E-05  2.3617941E-05  8.0823762E-03  1.6822305E-04  2.1153860E-07  7.7470880E-08  1.7960520E-03  5.0881723E-06  5.231E-06  0.7702  4.693467   -4.800  0.456172  7.691827  0.1556801E+00  0.8306329E+00  9.1739444E-05  2.5252076E-05  8.1429894E-03  1.0640176E-04  1.4237503E-07  3.0182580E-10  1.7676286E-03  5.7872923E-06  5.681E-06  8.168E-07  4.771E-06  9.999E-01  1.000E+00  6.69E+02  0.00E+00  1.00E+01  0.022479  0.468027  0.0000000E+00  2.2170672924E-01
 69  0.314945467481914E+07   59.382585  6.148061  4.496325  0.2940241E+00  0.6922869E+00  9.8015484E-05  2.3677048E-05  8.0866784E-03  1.6418534E-04  2.0747687E-07  7.2005070E-08  1.7948106E-03  5.0770337E-06  5.112E-06  0.7697  4.691888   -4.790  0.461974  7.693540  0.1472939E+00  0.8390191E+00  9.1977853E-05  2.5329858E-05  8.1432417E-03  1.0570115E-04  1.4100337E-07  2.9458785E-10  1.7659033E-03  5.9674198E-06  5.534E-06  7.594E-07  4.736E-06  9.999E-01  1.000E+00  6.64E+02  0.00E+00  1.00E+01  0.022605  0.471048  0.0000000E+00  2.1541205049E-01
 70  0.317791282233768E+07   58.916382  6.149592  4.493720  0.2877011E+00  0.6986100E+00  9.7390970E-05  2.3736764E-05  8.0906132E-03  1.6045645E-04  2.0366927E-07  6.7015324E-08  1.7935853E-03  5.0733297E-06  4.997E-06  0.7690  4.690171   -4.781  0.468088  7.695345  0.1389346E+00  0.8473782E+00  9.2237473E-05  2.5393468E-05  8.1434846E-03  1.0500047E-04  1.3980197E-07  2.9276617E-10  1.7641731E-03  6.1518920E-06  5.392E-06  7.201E-07  4.705E-06  9.999E-01  1.000E+00  6.55E+02  0.00E+00  9.57E+00  0.021922  0.474125  0.0000000E+00  2.0934247811E-01
 71  0.320582686143977E+07   58.449063  6.150992  4.491155  0.2813552E+00  0.7049561E+00  9.6830526E-05  2.3798295E-05  8.0942831E-03  1.5694226E-04  2.0002563E-07  6.2368782E-08  1.7923526E-03  5.0766366E-06  4.886E-06  0.7680  4.688428   -4.771  0.474285  7.697169  0.1305600E+00  0.8557527E+00  9.2964916E-05  2.5595683E-05  8.1430511E-03  1.0427917E-04  1.3778407E-07  2.8996820E-10  1.7624294E-03  6.3599090E-06  5.256E-06  6.621E-07  4.676E-06  9.999E-01  1.000E+00  6.46E+02  0.00E+00  9.14E+00  0.021240  0.477097  0.0000000E+00  2.0351360548E-01
 72  0.323329887860114E+07   57.978991  6.152351  4.488465  0.2750271E+00  0.7112844E+00  9.6333526E-05  2.3861294E-05  8.0976830E-03  1.5364958E-04  1.9655774E-07  5.8069176E-08  1.7911202E-03  5.0867815E-06  4.779E-06  0.7668  4.686497   -4.762  0.480811  7.699093  0.1221821E+00  0.8641306E+00  9.3838235E-05  2.5830249E-05  8.1424260E-03  1.0354272E-04  1.3556499E-07  2.8760829E-10  1.7606732E-03  6.5814508E-06  5.125E-06  6.338E-07  4.651E-06  9.999E-01  1.000E+00  6.33E+02  0.00E+00  8.42E+00  0.019955  0.480095  0.0000000E+00  1.9786253078E-01
 73  0.326016987211406E+07   57.509290  6.153637  4.485643  0.2689358E+00  0.7173757E+00  9.5907386E-05  2.3923435E-05  8.1007371E-03  1.5065801E-04  1.9335944E-07  5.4210162E-08  1.7899310E-03  5.1026119E-06  4.675E-06  0.7652  4.684398   -4.753  0.487814  7.701183  0.1137926E+00  0.8725199E+00  9.4175251E-05  2.5932553E-05  8.1425910E-03  1.0278036E-04  1.3414952E-07  2.8440385E-10  1.7589027E-03  6.8219086E-06  4.999E-06  5.835E-07  4.632E-06  9.999E-01  1.000E+00  6.28E+02  0.00E+00  8.42E+00  0.020111  0.483128  0.0000000E+00  1.9244795813E-01
 74  0.328650749766131E+07   57.038985  6.154844  4.482703  0.2630328E+00  0.7232789E+00  9.5541306E-05  2.3985104E-05  8.1035013E-03  1.4791760E-04  1.9038531E-07  5.0719330E-08  1.7887757E-03  5.1236885E-06  4.574E-06  0.7631  4.682101   -4.744  0.495206  7.703386  0.1054311E+00  0.8808814E+00  9.4855521E-05  2.6116983E-05  8.1422827E-03  1.0200066E-04  1.3225011E-07  2.8163864E-10  1.7571249E-03  7.0902304E-06  4.878E-06  5.629E-07  4.617E-06  9.999E-01  1.000E+00  6.16E+02  0.00E+00  7.79E+00  0.018992  0.486199  0.0000000E+00  1.8721396398E-01
 75  0.331275284797419E+07   56.559642  6.156228  4.479074  0.2576947E+00  0.7286171E+00  9.5249107E-05  2.4042201E-05  8.1058401E-03  1.4556951E-04  1.8779872E-07  4.7766137E-08  1.7877283E-03  5.1477511E-06  4.474E-06  0.7606  4.679104   -4.733  0.503222  7.705768  0.9703934E-01  0.8892731E+00  9.5579732E-05  2.6324834E-05  8.1419164E-03  1.0119981E-04  1.3037013E-07  2.7863394E-10  1.7553261E-03  7.3781104E-06  4.760E-06  5.073E-07  4.607E-06  9.999E-01  1.000E+00  6.09E+02  0.00E+00  7.73E+00  0.019046  0.489802  0.0000000E+00  1.8209005257E-01
 76  0.333824072359119E+07   56.083453  6.157455  4.475703  0.2522207E+00  0.7340912E+00  9.4986473E-05  2.4102145E-05  8.1080864E-03  1.4328401E-04  1.8524326E-07  4.4929111E-08  1.7866516E-03  5.1774521E-06  4.379E-06  0.7573  4.676283   -4.724  0.512019  7.708402  0.8865700E-01  0.8976552E+00  9.5626135E-05  2.6366152E-05  8.1425502E-03  1.0036373E-04  1.2926758E-07  2.7466443E-10  1.7535154E-03  7.7032872E-06  4.647E-06  5.112E-07  4.604E-06  9.999E-01  1.000E+00  6.05E+02  0.00E+00  7.91E+00  0.019620  0.493199  0.0000000E+00  1.7719912415E-01
 77  0.336324619028622E+07   55.605791  6.158706  4.472064  0.2469285E+00  0.7393835E+00  9.4765697E-05  2.4161464E-05  8.1101232E-03  1.4118255E-04  1.8285842E-07  4.2355363E-08  1.7856079E-03  5.2109232E-06  4.287E-06  0.7540  4.673098   -4.714  0.521423  7.711224  0.8028906E-01  0.9060232E+00  9.6955143E-05  2.6707489E-05  8.1413930E-03  9.9496942E-05  1.2679566E-07  2.7218541E-10  1.7516922E-03  8.0562715E-06  4.539E-06  4.458E-07  4.607E-06  1.000E+00  1.000E+00  5.90E+02  0.00E+00  7.18E+00  0.018243  0.496762  0.0000000E+00  1.7244892488E-01
 78  0.338782319978951E+07   55.125680  6.160005  4.468280  0.2417133E+00  0.7445986E+00  9.4578190E-05  2.4221274E-05  8.1120090E-03  1.3920829E-04  1.8058495E-07  3.9970212E-08  1.7845769E-03  5.2484801E-06  4.199E-06  0.7506  4.669705   -4.704  0.532034  7.714429  0.7191743E-01  0.9143947E+00  9.7284664E-05  2.6812860E-05  8.1416899E-03  9.8589948E-05  1.2546309E-07  2.6842701E-10  1.7498522E-03  8.4528674E-06  4.434E-06  4.217E-07  4.620E-06  1.000E+00  1.000E+00  5.74E+02  0.00E+00  6.41E+00  0.016739  0.500495  0.0000000E+00  1.6786405598E-01
 79  0.341201836867112E+07   54.642258  6.161346  4.464130  0.2364753E+00  0.7498367E+00  9.4418532E-05  2.4282773E-05  8.1137889E-03  1.3731573E-04  1.7837307E-07  3.7716156E-08  1.7835387E-03  5.2908300E-06  4.113E-06  0.7466  4.665773   -4.694  0.543576  7.717926  0.6351228E-01  0.9227999E+00  9.8650774E-05  2.7207013E-05  8.1405139E-03  9.7629905E-05  1.2301411E-07  2.6394814E-10  1.7479879E-03  8.9151604E-06  4.333E-06  4.000E-07  4.640E-06  1.000E+00  1.000E+00  5.73E+02  0.00E+00  6.86E+00  0.017970  0.504340  0.0000000E+00  1.6340200504E-01
 80  0.343563542789219E+07   54.159670  6.162722  4.460404  0.2309691E+00  0.7553430E+00  9.4280670E-05  2.4349070E-05  8.1155421E-03  1.3541854E-04  1.7612090E-07  3.5491590E-08  1.7824443E-03  5.3405010E-06  4.031E-06  0.7422  4.662329   -4.685  0.556731  7.721948  0.5514464E-01  0.9311676E+00  9.9943277E-05  2.7572328E-05  8.1395031E-03  9.6614463E-05  1.2087374E-07  2.5936555E-10  1.7461137E-03  9.4353422E-06  4.236E-06  3.599E-07  4.673E-06  1.000E+00  1.000E+00  5.63E+02  0.00E+00  6.58E+00  0.017520  0.508178  0.0000000E+00  1.5907778305E-01
 81  0.345884168309424E+07   53.675004  6.164186  4.456892  0.2243937E+00  0.7619185E+00  9.4150241E-05  2.4430321E-05  8.1175038E-03  1.3325553E-04  1.7351231E-07  3.2996684E-08  1.7811336E-03  5.4060883E-06  3.954E-06  0.7376  4.659054   -4.675  0.572292  7.726747  0.4677017E-01  0.9395420E+00  1.0041495E-04  2.7713373E-05  8.1397590E-03  9.5520893E-05  1.1955506E-07  2.5479531E-10  1.7442191E-03  1.0045367E-05  4.143E-06  3.497E-07  4.724E-06  1.000E+00  1.000E+00  5.49E+02  0.00E+00  5.92E+00  0.016200  0.511756  0.0000000E+00  1.5486481800E-01
 82  0.348152749035026E+07   53.190432  6.165762  4.451582  0.2195413E+00  0.7667708E+00  9.4075390E-05  2.4491698E-05  8.1188699E-03  1.3172195E-04  1.7163659E-07  3.1254566E-08  1.7801640E-03  5.4586526E-06  3.877E-06  0.7330  4.653333   -4.665  0.590273  7.732335  0.3839633E-01  0.9479161E+00  1.0253661E-04  2.8306977E-05  8.1376947E-03  9.4323628E-05  1.1706348E-07  2.4835473E-10  1.7423044E-03  1.0783700E-05  4.053E-06  3.190E-07  4.795E-06  1.000E+00  1.000E+00  5.36E+02  0.00E+00  5.64E+00  0.015772  0.516241  0.0000000E+00  1.5082597868E-01
 83  0.350376653535198E+07   52.704434  6.167454  4.446143  0.2161059E+00  0.7702063E+00  9.4035192E-05  2.4536069E-05  8.1197891E-03  1.3067274E-04  1.7033731E-07  3.0079178E-08  1.7794759E-03  5.4984977E-06  3.800E-06  0.7280  4.647395   -4.656  0.612436  7.739303  0.3001987E-01  0.9562928E+00  1.0480960E-04  2.8960787E-05  8.1355151E-03  9.2981600E-05  1.1491751E-07  2.4060451E-10  1.7403680E-03  1.1684298E-05  3.967E-06  2.706E-07  4.900E-06  1.000E+00  1.000E+00  5.30E+02  0.00E+00  5.81E+00  0.016464  0.521556  0.0000000E+00  1.4693248121E-01
 84  0.352562092162808E+07   52.216124  6.169399  4.441596  0.2122409E+00  0.7740713E+00  9.4003385E-05  2.4587023E-05  8.1207737E-03  1.2952972E-04  1.6890490E-07  2.8816424E-08  1.7787001E-03  5.5462310E-06  3.727E-06  0.7231  4.642743   -4.646  0.641738  7.748626  0.2164216E-01  0.9646707E+00  1.0682873E-04  2.9548339E-05  8.1338952E-03  9.1419643E-05  1.1330511E-07  2.3184371E-10  1.7384102E-03  1.2840567E-05  3.883E-06  2.771E-07  5.063E-06  1.000E+00  1.000E+00  5.13E+02  0.00E+00  5.10E+00  0.014939  0.527122  0.0000000E+00  1.4318831281E-01
 85  0.354701762913081E+07   51.727124  6.171728  4.438276  0.2082707E+00  0.7780415E+00  9.3982798E-05  2.4640369E-05  8.1217412E-03  1.2838832E-04  1.6745913E-07  2.7571758E-08  1.7779015E-03  5.5980249E-06  3.657E-06  0.7206  4.640185   -4.636  0.683886  7.762214  0.1327918E-01  0.9730346E+00  1.1193063E-04  3.0992674E-05  8.1280815E-03  8.9486204E-05  1.1191848E-07  2.1627100E-10  1.7364400E-03  1.4430912E-05  3.803E-06  2.588E-07  5.336E-06  1.000E+00  1.000E+00  5.05E+02  0.00E+00  4.95E+00  0.014691  0.533214  0.0000000E+00  1.3953723248E-01
 86  0.354839336143329E+07   51.695274  6.171881  4.438207  0.2079989E+00  0.7783133E+00  9.3981804E-05  2.4644058E-05  8.1218059E-03  1.2831129E-04  1.6736101E-07  2.7488321E-08  1.7778467E-03  5.6016687E-06  3.653E-06  0.7205  4.640257   -4.635  0.687413  7.763362  0.1273766E-01  0.9735761E+00  1.1234760E-04  3.1110799E-05  8.1275951E-03  8.9340867E-05  1.1189328E-07  2.1497803E-10  1.7363124E-03  1.4556302E-05  3.797E-06  2.586E-07  5.361E-06  1.000E+00  1.000E+00  5.05E+02  0.00E+00  4.94E+00  0.014677  0.533610  0.0000000E+00  1.3930251451E-01
 87  0.354974157908972E+07   51.664012  6.172027  4.438176  0.2077251E+00  0.7785871E+00  9.3980854E-05  2.4647778E-05  8.1218710E-03  1.2823381E-04  1.6726227E-07  2.7404478E-08  1.7777916E-03  5.6053525E-06  3.648E-06  0.7204  4.640383   -4.634  0.691001  7.764532  0.1220800E-01  0.9741059E+00  1.1277422E-04  3.1231614E-05  8.1270945E-03  8.9195478E-05  1.1188437E-07  2.1364886E-10  1.7361876E-03  1.4682558E-05  3.792E-06  2.602E-07  5.386E-06  1.000E+00  1.000E+00  5.05E+02  0.00E+00  4.95E+00  0.014717  0.533992  0.0000000E+00  1.3907397635E-01
 88  0.355117804927224E+07   51.630648  6.172204  4.438177  0.2074417E+00  0.7788706E+00  9.3979924E-05  2.4651634E-05  8.1219381E-03  1.2815375E-04  1.6716017E-07  2.7317922E-08  1.7777345E-03  5.6091784E-06  3.644E-06  0.7204  4.640594   -4.634  0.695316  7.765937  0.1165141E-01  0.9746623E+00  1.1184089E-04  3.0977309E-05  8.1285937E-03  8.9039524E-05  1.1169789E-07  2.1471871E-10  1.7360565E-03  1.4814610E-05  3.787E-06  2.400E-07  5.418E-06  1.000E+00  1.000E+00  5.02E+02  0.00E+00  4.74E+00  0.014176  0.534429  0.0000000E+00  1.3881152536E-01
 89  0.355253132389002E+07   51.599163  6.172395  4.438070  0.2071678E+00  0.7791444E+00  9.3979075E-05  2.4655365E-05  8.1220028E-03  1.2807653E-04  1.6706162E-07  2.7234495E-08  1.7776793E-03  5.6128871E-06  3.639E-06  0.7199  4.640613   -4.633  0.699147  7.767185  0.1112441E-01  0.9751894E+00  1.1248187E-04  3.1163114E-05  8.1277786E-03  8.8887873E-05  1.1169457E-07  2.1314873E-10  1.7359325E-03  1.4946762E-05  3.782E-06  2.752E-07  5.445E-06  1.000E+00  1.000E+00  5.10E+02  0.00E+00  5.29E+00  0.015563  0.534869  0.0000000E+00  1.3858954680E-01
 90  0.355386574483667E+07   51.568058  6.172578  4.438034  0.2069042E+00  0.7794080E+00  9.3978301E-05  2.4658958E-05  8.1220649E-03  1.2800232E-04  1.6696687E-07  2.7154389E-08  1.7776262E-03  5.6164668E-06  3.635E-06  0.7204  4.640755   -4.632  0.703122  7.768481  0.1060060E-01  0.9757134E+00  1.1356668E-04  3.1447583E-05  8.1263419E-03  8.8733609E-05  1.1179569E-07  2.1006650E-10  1.7358093E-03  1.5083103E-05  3.777E-06  2.358E-07  5.474E-06  1.000E+00  1.000E+00  4.99E+02  0.00E+00  4.57E+00  0.013742  0.535292  0.0000000E+00  1.3836643377E-01
 91  0.355515335840241E+07   51.537994  6.172771  4.437985  0.2066444E+00  0.7796678E+00  9.3977579E-05  2.4662506E-05  8.1221260E-03  1.2792927E-04  1.6687353E-07  2.7075578E-08  1.7775739E-03  5.6200061E-06  3.631E-06  0.7208  4.640889   -4.631  0.707399  7.769873  0.1009055E-01  0.9762235E+00  1.1375851E-04  3.1493813E-05  8.1262026E-03  8.8580229E-05  1.1176920E-07  2.0878993E-10  1.7356896E-03  1.5217917E-05  3.772E-06  2.104E-07  5.506E-06  1.000E+00  1.000E+00  4.93E+02  0.00E+00  4.18E+00  0.012727  0.535736  0.0000000E+00  1.3813757366E-01
 92  0.355656168573994E+07   51.505048  6.172992  4.437988  0.2063588E+00  0.7799534E+00  9.3976829E-05  2.4666408E-05  8.1221930E-03  1.2784909E-04  1.6677103E-07  2.6989145E-08  1.7775163E-03  5.6239070E-06  3.626E-06  0.7209  4.641125   -4.630  0.712198  7.771442  0.9535899E-02  0.9767781E+00  1.1369990E-04  3.1502614E-05  8.1264116E-03  8.8408643E-05  1.1166201E-07  2.0891646E-10  1.7355596E-03  1.5370198E-05  3.767E-06  2.149E-07  5.542E-06  1.000E+00  1.000E+00  4.95E+02  0.00E+00  4.32E+00  0.013101  0.536224  0.0000000E+00  1.3789294547E-01
 93  0.355792804492282E+07   51.473024  6.173177  4.438076  0.2060844E+00  0.7802279E+00  9.3976151E-05  2.4670162E-05  8.1222572E-03  1.2777216E-04  1.6667263E-07  2.6906275E-08  1.7774610E-03  5.6276654E-06  3.622E-06  0.7211  4.641478   -4.630  0.716986  7.773010  0.8998107E-02  0.9773160E+00  1.1435087E-04  3.1691361E-05  8.1255991E-03  8.8237007E-05  1.1172004E-07  2.0720920E-10  1.7354338E-03  1.5524951E-05  3.762E-06  2.538E-07  5.579E-06  1.000E+00  1.000E+00  5.15E+02  0.00E+00  5.68E+00  0.016537  0.536660  0.0000000E+00  1.3766426920E-01
 94  0.355927287359736E+07   51.441447  6.173362  4.438188  0.2058116E+00  0.7805006E+00  9.3975519E-05  2.4673897E-05  8.1223209E-03  1.2769580E-04  1.6657491E-07  2.6824079E-08  1.7774061E-03  5.6314116E-06  3.618E-06  0.7213  4.641869   -4.629  0.721922  7.774627  0.8470732E-02  0.9778436E+00  1.1512721E-04  3.1915298E-05  8.1246041E-03  8.8063445E-05  1.1183519E-07  2.0527975E-10  1.7353107E-03  1.5682417E-05  3.757E-06  2.781E-07  5.616E-06  1.000E+00  1.000E+00  5.10E+02  0.00E+00  5.30E+00  0.015584  0.537100  0.0000000E+00  1.3744194115E-01
 95  0.356059648644022E+07   51.410311  6.173552  4.438350  0.2055618E+00  0.7807505E+00  9.3974976E-05  2.4677321E-05  8.1223791E-03  1.2762595E-04  1.6648548E-07  2.6748946E-08  1.7773557E-03  5.6348515E-06  3.613E-06  0.7216  4.642338   -4.628  0.727061  7.776312  0.7952764E-02  0.9783617E+00  1.1614910E-04  3.2194114E-05  8.1232656E-03  8.7887522E-05  1.1206479E-07  2.0237650E-10  1.7351901E-03  1.5842928E-05  3.752E-06  2.418E-07  5.657E-06  1.000E+00  1.000E+00  5.15E+02  0.00E+00  5.64E+00  0.016436  0.537543  0.0000000E+00  1.3722134315E-01
 96  0.356195115400500E+07   51.378385  6.173762  4.438543  0.2052876E+00  0.7810246E+00  9.3974420E-05  2.4681083E-05  8.1224428E-03  1.2754940E-04  1.6638741E-07  2.6666650E-08  1.7773004E-03  5.6386366E-06  3.609E-06  0.7221  4.642873   -4.627  0.732752  7.778180  0.7424098E-02  0.9788905E+00  1.1698542E-04  3.2412702E-05  8.1222169E-03  8.7702111E-05  1.1227113E-07  1.9935273E-10  1.7350675E-03  1.6012104E-05  3.747E-06  2.363E-07  5.701E-06  1.000E+00  1.000E+00  5.00E+02  0.00E+00  4.54E+00  0.013619  0.538021  0.0000000E+00  1.3699117719E-01
 97  0.356330860513327E+07   51.346330  6.173985  4.438814  0.2050366E+00  0.7812756E+00  9.3973947E-05  2.4684529E-05  8.1225010E-03  1.2747943E-04  1.6629772E-07  2.6591482E-08  1.7772498E-03  5.6421101E-06  3.605E-06  0.7225  4.643537   -4.626  0.738885  7.780194  0.6894947E-02  0.9794198E+00  1.1754940E-04  3.2567745E-05  8.1215601E-03  8.7510049E-05  1.1239279E-07  1.9724351E-10  1.7349453E-03  1.6187603E-05  3.742E-06  2.200E-07  5.751E-06  1.000E+00  1.000E+00  5.10E+02  0.00E+00  5.21E+00  0.015328  0.538517  0.0000000E+00  1.3675758746E-01
 98  0.356470510409017E+07   51.313286  6.174231  4.439181  0.2047516E+00  0.7815606E+00  9.3973455E-05  2.4688447E-05  8.1225669E-03  1.2740007E-04  1.6619595E-07  2.6506295E-08  1.7771924E-03  5.6460659E-06  3.600E-06  0.7231  4.644361   -4.626  0.745659  7.782421  0.6352495E-02  0.9799623E+00  1.1816272E-04  3.2742145E-05  8.1208359E-03  8.7305403E-05  1.1253924E-07  1.9515828E-10  1.7348208E-03  1.6375467E-05  3.737E-06  2.240E-07  5.806E-06  1.000E+00  1.000E+00  5.11E+02  0.00E+00  5.23E+00  0.015358  0.539043  0.0000000E+00  1.3652001245E-01
 99  0.356607616818001E+07   51.280775  6.174490  4.439624  0.2044775E+00  0.7818347E+00  9.3973026E-05  2.4692220E-05  8.1226302E-03  1.2732387E-04  1.6609817E-07  2.6424558E-08  1.7771371E-03  5.6498812E-06  3.596E-06  0.7238  4.645300   -4.625  0.752873  7.784795  0.5821132E-02  0.9804938E+00  1.1872087E-04  3.2912808E-05  8.1201836E-03  8.7096581E-05  1.1266785E-07  1.9367864E-10  1.7347001E-03  1.6567618E-05  3.732E-06  2.329E-07  5.866E-06  1.000E+00  1.000E+00  5.14E+02  0.00E+00  5.38E+00  0.015716  0.539583  0.0000000E+00  1.3629199348E-01
100  0.356739658149457E+07   51.249398  6.174753  4.440134  0.2042280E+00  0.7820842E+00  9.3972674E-05  2.4695657E-05  8.1226876E-03  1.2725461E-04  1.6600923E-07  2.6350313E-08  1.7770868E-03  5.6533639E-06  3.592E-06  0.7246  4.646335   -4.624  0.760445  7.787289  0.5309212E-02  0.9810059E+00  1.1944593E-04  3.3135425E-05  8.1192815E-03  8.6886639E-05  1.1289391E-07  1.9218711E-10  1.7345854E-03  1.6761413E-05  3.727E-06  2.551E-07  5.930E-06  1.000E+00  1.000E+00  5.19E+02  0.00E+00  5.69E+00  0.016455  0.540127  0.0000000E+00  1.3606697647E-01
101  0.356883607652841E+07   51.215116  6.175074  4.440808  0.2039365E+00  0.7823757E+00  9.3972311E-05  2.4699678E-05  8.1227546E-03  1.2717381E-04  1.6590542E-07  2.6263772E-08  1.7770280E-03  5.6574454E-06  3.587E-06  0.7256  4.647683   -4.623  0.769582  7.790302  0.4754189E-02  0.9815611E+00  1.2053072E-04  3.3442726E-05  8.1178939E-03  8.6647628E-05  1.1334840E-07  1.8903608E-10  1.7344637E-03  1.6982149E-05  3.722E-06  2.608E-07  6.008E-06  1.000E+00  1.000E+00  5.20E+02  0.00E+00  5.73E+00  0.016516  0.540759  0.0000000E+00  1.3582375942E-01
102  0.357015378583211E+07   51.183664  6.175384  4.441500  0.2037837E+00  0.7825285E+00  9.3972141E-05  2.4701788E-05  8.1227896E-03  1.2713150E-04  1.6585105E-07  2.6218486E-08  1.7769971E-03  5.6595897E-06  3.583E-06  0.7259  4.649036   -4.622  0.778977  7.793405  0.4241915E-02  0.9820736E+00  1.2200157E-04  3.3857112E-05  8.1159342E-03  8.6415861E-05  1.1412065E-07  1.8505968E-10  1.7343549E-03  1.7196368E-05  3.718E-06  2.506E-07  6.093E-06  1.000E+00  1.000E+00  5.07E+02  0.00E+00  4.69E+00  0.013887  0.541413  0.0000000E+00  1.3554696238E-01
103  0.357149986326533E+07   51.151467  6.175719  4.442560  0.2034922E+00  0.7828200E+00  9.3971848E-05  2.4705815E-05  8.1228563E-03  1.2705088E-04  1.6574739E-07  2.6132243E-08  1.7769383E-03  5.6636882E-06  3.579E-06  0.7276  4.650937   -4.621  0.789964  7.797040  0.3714935E-02  0.9826009E+00  1.2336769E-04  3.4242044E-05  8.1141454E-03  8.6164570E-05  1.1492482E-07  1.8104901E-10  1.7342481E-03  1.7427286E-05  3.713E-06  1.761E-07  6.193E-06  1.000E+00  1.000E+00  4.85E+02  0.00E+00  3.34E+00  0.010353  0.542048  0.0000000E+00  1.3537374974E-01
104  0.357289985652234E+07   51.117915  6.176102  4.443984  0.2032059E+00  0.7831063E+00  9.3971613E-05  2.4709776E-05  8.1229216E-03  1.2697183E-04  1.6564566E-07  2.6047737E-08  1.7768806E-03  5.6677274E-06  3.574E-06  0.7293  4.653368   -4.620  0.803244  7.801434  0.3172003E-02  0.9831441E+00  1.2482583E-04  3.4645592E-05  8.1122508E-03  8.5888415E-05  1.1593596E-07  1.7626167E-10  1.7341462E-03  1.7678314E-05  3.708E-06  2.188E-07  6.317E-06  1.000E+00  1.000E+00  5.01E+02  0.00E+00  4.13E+00  0.012342  0.542745  0.0000000E+00  1.3520015533E-01
105  0.357431576413454E+07   51.083917  6.176588  4.445604  0.2030299E+00  0.7832823E+00  9.3971492E-05  2.4712213E-05  8.1229617E-03  1.2692330E-04  1.6558320E-07  2.5995901E-08  1.7768451E-03  5.6702158E-06  3.570E-06  0.7309  4.656135   -4.619  0.818773  7.806578  0.2638325E-02  0.9836781E+00  1.2659666E-04  3.5145240E-05  8.1099044E-03  8.5593253E-05  1.1734359E-07  1.7100351E-10  1.7340589E-03  1.7944632E-05  3.703E-06  2.225E-07  6.466E-06  1.000E+00  1.000E+00  5.03E+02  0.00E+00  4.05E+00  0.012099  0.543638  0.0000000E+00  1.3501076505E-01
106  0.357579424938312E+07   51.048355  6.177179  4.447844  0.2028280E+00  0.7834843E+00  9.3971379E-05  2.4715012E-05  8.1230076E-03  1.2686767E-04  1.6551155E-07  2.5936515E-08  1.7768043E-03  5.6730780E-06  3.565E-06  0.7328  4.659797   -4.619  0.838221  7.813026  0.2103854E-02  0.9842128E+00  1.2761441E-04  3.5429271E-05  8.1086936E-03  8.5270071E-05  1.1833044E-07  1.6678095E-10  1.7339915E-03  1.8228532E-05  3.698E-06  2.674E-07  6.658E-06  1.000E+00  1.000E+00  5.15E+02  0.00E+00  4.60E+00  0.013401  0.544666  0.0000000E+00  1.3478217186E-01
107  0.357735395727568E+07   51.010799  6.177950  4.450988  0.2026905E+00  0.7836217E+00  9.3971318E-05  2.4716918E-05  8.1230388E-03  1.2682986E-04  1.6546283E-07  2.5896165E-08  1.7767766E-03  5.6750301E-06  3.560E-06  0.7351  4.664699   -4.618  0.863480  7.821409  0.1562857E-02  0.9847542E+00  1.3009384E-04  3.6141730E-05  8.1053559E-03  8.4899884E-05  1.2092238E-07  1.6044407E-10  1.7339600E-03  1.8550878E-05  3.692E-06  2.403E-07  6.918E-06  1.000E+00  1.000E+00  5.16E+02  0.00E+00  4.34E+00  0.012638  0.545969  0.0000000E+00  1.3454996561E-01
108  0.357898092395006E+07   50.971645  6.179001  4.455632  0.2024989E+00  0.7838133E+00  9.3971252E-05  2.4719578E-05  8.1230822E-03  1.2677719E-04  1.6539494E-07  2.5839999E-08  1.7767379E-03  5.6777562E-06  3.554E-06  0.7374  4.671612   -4.619  0.897643  7.832751  0.1042086E-02  0.9852757E+00  1.3374089E-04  3.7137394E-05  8.1003948E-03  8.4478906E-05  1.2568242E-07  1.4741591E-10  1.7340003E-03  1.8908380E-05  3.687E-06  2.798E-07  7.285E-06  1.000E+00  1.000E+00  5.28E+02  0.00E+00  4.68E+00  0.013298  0.547627  0.0000000E+00  1.3432627248E-01
109  0.358072927037827E+07   50.929747  6.181015  4.463687  0.2022918E+00  0.7840204E+00  9.3971199E-05  2.4722454E-05  8.1231290E-03  1.2672030E-04  1.6532159E-07  2.5779355E-08  1.7766961E-03  5.6807078E-06  3.549E-06  0.7396  4.682928   -4.622  0.956105  7.852166  0.5147686E-03  0.9858042E+00  1.3993286E-04  3.8838749E-05  8.0917909E-03  8.3954442E-05  1.3647090E-07  1.2692705E-10  1.7342114E-03  1.9337117E-05  3.681E-06  2.771E-07  7.963E-06  1.000E+00  1.000E+00  5.36E+02  0.00E+00  4.47E+00  0.012524  0.550530  0.0000000E+00  1.3407100401E-01
110  0.358435394193030E+07   50.849349  6.210677  4.561334  0.2017204E+00  0.7845919E+00  9.3971153E-05  2.4730401E-05  8.1232579E-03  1.2656359E-04  1.6511940E-07  2.5612436E-08  1.7765807E-03  5.6888773E-06  3.537E-06  0.6315  4.785058   -4.756  1.643659  8.079556  0.0000000E+00  0.9863222E+00  1.5674353E-04  4.3231364E-05  8.0680475E-03  8.3237786E-05  1.8973425E-07  4.7550790E-11  1.7354247E-03  1.9894674E-05  3.670E-06  6.402E-08  2.264E-05  1.000E+00  1.000E+00  6.51E+02  0.00E+00  4.78E+00  0.011014  0.590097  0.0000000E+00  1.3356253494E-01
111  0.358442737120601E+07   50.848080  6.211669  4.564621  0.2017087E+00  0.7846035E+00  9.3971154E-05  2.4730563E-05  8.1232606E-03  1.2656040E-04  1.6511529E-07  2.5609050E-08  1.7765784E-03  5.6890438E-06  3.537E-06  0.6234  4.787803   -4.762  1.668037  8.087525  0.0000000E+00  0.9863221E+00  1.5676053E-04  4.3020300E-05  8.0679486E-03  8.3497911E-05  1.8977564E-07  2.5765579E-10  1.7354219E-03  1.9894659E-05  3.658E-06  6.831E-08  2.349E-05  1.000E+00  1.000E+00  5.29E+02  0.00E+00  1.08E+00  0.003067  0.591455  0.0000000E+00  1.3355781965E-01
112  0.358442737120601E+07   50.848080  6.211669  4.564621  0.2017087E+00  0.7846035E+00  9.3971154E-05  2.4730563E-05  8.1232606E-03  1.2656040E-04  1.6511529E-07  2.5609050E-08  1.7765784E-03  5.6890438E-06  3.537E-06  0.6234  4.787803   -4.762  1.668037  8.087525  0.0000000E+00  0.9863221E+00  1.5676053E-04  4.3020300E-05  8.0679486E-03  8.3497911E-05  1.8977564E-07  2.5765579E-10  1.7354219E-03  1.9894659E-05  3.658E-06  6.831E-08  2.349E-05  1.000E+00  1.000E+00  5.29E+02  0.00E+00  1.08E+00  0.003067  0.591455  0.0000000E+00  1.3355781965E-01
113  0.358450080048171E+07   50.846827  6.212565  4.567488  0.2016944E+00  0.7846178E+00  9.3971155E-05  2.4730763E-05  8.1232638E-03  1.2655648E-04  1.6511023E-07  2.5604871E-08  1.7765755E-03  5.6892494E-06  3.537E-06  0.6217  4.790170   -4.768  1.691004  8.095001  0.0000000E+00  0.9863220E+00  1.5678473E-04  4.2715778E-05  8.0678035E-03  8.3874473E-05  1.8983985E-07  3.0195274E-10  1.7354178E-03  1.9894639E-05  3.640E-06  1.561E-07  2.431E-05  1.000E+00  1.000E+00  6.01E+02  0.00E+00  2.56E+00  0.006391  0.592683  0.0000000E+00  1.3355713088E-01
114  0.358450080048171E+07   50.846827  6.212565  4.567488  0.2016944E+00  0.7846178E+00  9.3971155E-05  2.4730763E-05  8.1232638E-03  1.2655648E-04  1.6511023E-07  2.5604871E-08  1.7765755E-03  5.6892494E-06  3.537E-06  0.6217  4.790170   -4.768  1.691004  8.095001  0.0000000E+00  0.9863220E+00  1.5678473E-04  4.2715778E-05  8.0678035E-03  8.3874473E-05  1.8983985E-07  3.0195274E-10  1.7354178E-03  1.9894639E-05  3.640E-06  1.561E-07  2.431E-05  1.000E+00  1.000E+00  6.01E+02  0.00E+00  2.56E+00  0.006391  0.592683  0.0000000E+00  1.3355713088E-01
115  0.358457422975741E+07   50.845588  6.213359  4.569847  0.2016850E+00  0.7846273E+00  9.3971156E-05  2.4730894E-05  8.1232659E-03  1.2655390E-04  1.6510689E-07  2.5602124E-08  1.7765736E-03  5.6893846E-06  3.536E-06  0.6134  4.792121   -4.773  1.712509  8.101967  0.0000000E+00  0.9863219E+00  1.5682089E-04  4.2278710E-05  8.0675934E-03  8.4415790E-05  1.8993425E-07  3.7385618E-10  1.7354119E-03  1.9894609E-05  3.616E-06  2.520E-07  2.511E-05  1.000E+00  1.000E+00  6.42E+02  0.00E+00  3.95E+00  0.009224  0.593778  0.0000000E+00  1.3355520754E-01
116  0.358457422975741E+07   50.845588  6.213359  4.569847  0.2016850E+00  0.7846273E+00  9.3971156E-05  2.4730894E-05  8.1232659E-03  1.2655390E-04  1.6510689E-07  2.5602124E-08  1.7765736E-03  5.6893846E-06  3.536E-06  0.6134  4.792121   -4.773  1.712509  8.101967  0.0000000E+00  0.9863219E+00  1.5682089E-04  4.2278710E-05  8.0675934E-03  8.4415790E-05  1.8993425E-07  3.7385618E-10  1.7354119E-03  1.9894609E-05  3.616E-06  2.520E-07  2.511E-05  1.000E+00  1.000E+00  6.42E+02  0.00E+00  3.95E+00  0.009224  0.593778  0.0000000E+00  1.3355520754E-01
117  0.358464765903311E+07   50.844358  6.214049  4.571715  0.2016835E+00  0.7846287E+00  9.3971156E-05  2.4730915E-05  8.1232662E-03  1.2655349E-04  1.6510637E-07  2.5601694E-08  1.7765733E-03  5.6894057E-06  3.536E-06  0.6097  4.793727   -4.776  1.732564  8.108424  0.0000000E+00  0.9863218E+00  1.5687181E-04  4.1688809E-05  8.0673071E-03  8.5147720E-05  1.9006450E-07  4.7909312E-10  1.7354039E-03  1.9894571E-05  3.584E-06  1.756E-07  2.586E-05  1.000E+00  1.000E+00  6.80E+02  0.00E+00  5.79E+00  0.012778  0.594729  0.0000000E+00  1.3355166668E-01
118  0.358464765903311E+07   50.844358  6.214049  4.571715  0.2016835E+00  0.7846287E+00  9.3971156E-05  2.4730915E-05  8.1232662E-03  1.2655349E-04  1.6510637E-07  2.5601694E-08  1.7765733E-03  5.6894057E-06  3.536E-06  0.6097  4.793727   -4.776  1.732564  8.108424  0.0000000E+00  0.9863218E+00  1.5687181E-04  4.1688809E-05  8.0673071E-03  8.5147720E-05  1.9006450E-07  4.7909312E-10  1.7354039E-03  1.9894571E-05  3.584E-06  1.756E-07  2.586E-05  1.000E+00  1.000E+00  6.80E+02  0.00E+00  5.79E+00  0.012778  0.594729  0.0000000E+00  1.3355166668E-01
119  0.358472108830881E+07   50.843136  6.214632  4.573213  0.2016764E+00  0.7846358E+00  9.3971157E-05  2.4731013E-05  8.1232678E-03  1.2655156E-04  1.6510388E-07  2.5599636E-08  1.7765718E-03  5.6895070E-06  3.536E-06  0.6072  4.794977   -4.779  1.751164  8.114370  0.0000000E+00  0.9863216E+00  1.5694131E-04  4.0918247E-05  8.0669290E-03  8.6105773E-05  1.9023829E-07  6.2649574E-10  1.7353935E-03  1.9894523E-05  3.543E-06  1.855E-07  2.658E-05  1.000E+00  1.000E+00  6.20E+02  0.00E+00  2.99E+00  0.007235  0.595546  0.0000000E+00  1.3354926728E-01
120  0.358472108830881E+07   50.843136  6.214632  4.573213  0.2016764E+00  0.7846358E+00  9.3971157E-05  2.4731013E-05  8.1232678E-03  1.2655156E-04  1.6510388E-07  2.5599636E-08  1.7765718E-03  5.6895070E-06  3.536E-06  0.6072  4.794977   -4.779  1.751164  8.114370  0.0000000E+00  0.9863216E+00  1.5694131E-04  4.0918247E-05  8.0669290E-03  8.6105773E-05  1.9023829E-07  6.2649574E-10  1.7353935E-03  1.9894523E-05  3.543E-06  1.855E-07  2.658E-05  1.000E+00  1.000E+00  6.20E+02  0.00E+00  2.99E+00  0.007235  0.595546  0.0000000E+00  1.3354926728E-01
121  0.358479451758452E+07   50.841920  6.215043  4.574091  0.2016528E+00  0.7846595E+00  9.3971159E-05  2.4731342E-05  8.1232732E-03  1.2654508E-04  1.6509551E-07  2.5592741E-08  1.7765671E-03  5.6898465E-06  3.536E-06  0.6002  4.795615   -4.781  1.766652  8.119211  0.0000000E+00  0.9863213E+00  1.5703044E-04  3.9969829E-05  8.0664594E-03  8.7287419E-05  1.9045617E-07  8.1560728E-10  1.7353806E-03  1.9894466E-05  3.493E-06  2.827E-07  2.717E-05  1.000E+00  1.000E+00  6.54E+02  0.00E+00  4.31E+00  0.009892  0.596111  0.0000000E+00  1.3354692767E-01
122  0.358479451758452E+07   50.841920  6.215043  4.574091  0.2016528E+00  0.7846595E+00  9.3971159E-05  2.4731342E-05  8.1232732E-03  1.2654508E-04  1.6509551E-07  2.5592741E-08  1.7765671E-03  5.6898465E-06  3.536E-06  0.6002  4.795615   -4.781  1.766652  8.119211  0.0000000E+00  0.9863213E+00  1.5703044E-04  3.9969829E-05  8.0664594E-03  8.7287419E-05  1.9045617E-07  8.1560728E-10  1.7353806E-03  1.9894466E-05  3.493E-06  2.827E-07  2.717E-05  1.000E+00  1.000E+00  6.54E+02  0.00E+00  4.31E+00  0.009892  0.596111  0.0000000E+00  1.3354692767E-01
123  0.358486794686022E+07   50.840702  6.215344  4.574162  0.2016460E+00  0.7846663E+00  9.3971160E-05  2.4731437E-05  8.1232747E-03  1.2654322E-04  1.6509311E-07  2.5590763E-08  1.7765657E-03  5.6899439E-06  3.535E-06  0.5942  4.795833   -4.780  1.781516  8.123836  0.0000000E+00  0.9863210E+00  1.5714216E-04  3.8828613E-05  8.0658891E-03  8.8712217E-05  1.9072230E-07  1.0613513E-09  1.7353651E-03  1.9894401E-05  3.436E-06  2.532E-07  2.777E-05  1.000E+00  1.000E+00  6.50E+02  0.00E+00  4.12E+00  0.009509  0.596536  0.0000000E+00  1.3354317592E-01
124  0.358486794686022E+07   50.840702  6.215344  4.574162  0.2016460E+00  0.7846663E+00  9.3971160E-05  2.4731437E-05  8.1232747E-03  1.2654322E-04  1.6509311E-07  2.5590763E-08  1.7765657E-03  5.6899439E-06  3.535E-06  0.5942  4.795833   -4.780  1.781516  8.123836  0.0000000E+00  0.9863210E+00  1.5714216E-04  3.8828613E-05  8.0658891E-03  8.8712217E-05  1.9072230E-07  1.0613513E-09  1.7353651E-03  1.9894401E-05  3.436E-06  2.532E-07  2.777E-05  1.000E+00  1.000E+00  6.50E+02  0.00E+00  4.12E+00  0.009509  0.596536  0.0000000E+00  1.3354317592E-01
125  0.358486794686022E+07   50.840702  6.215344  4.574162  0.2016460E+00  0.7846663E+00  9.3971160E-05  2.4731437E-05  8.1232747E-03  1.2654322E-04  1.6509311E-07  2.5590763E-08  1.7765657E-03  5.6899439E-06  3.535E-06  0.5942  4.795833   -4.780  1.781516  8.123836  0.0000000E+00  0.9863210E+00  1.5714216E-04  3.8828613E-05  8.0658891E-03  8.8712217E-05  1.9072230E-07  1.0613513E-09  1.7353651E-03  1.9894401E-05  3.436E-06  2.532E-07  2.777E-05  1.000E+00  1.000E+00  6.50E+02  0.00E+00  4.12E+00  0.009509  0.596536  0.0000000E+00  1.3354317592E-01
126  0.358494137613592E+07   50.839482  6.215508  4.573707  0.2016384E+00  0.7846738E+00  9.3971161E-05  2.4731542E-05  8.1232764E-03  1.2654116E-04  1.6509044E-07  2.5588566E-08  1.7765642E-03  5.6900521E-06  3.535E-06  0.5905  4.795468   -4.779  1.793977  8.127607  0.0000000E+00  0.9863207E+00  1.5727496E-04  3.7520967E-05  8.0652308E-03  9.0347960E-05  1.9103076E-07  1.3631781E-09  1.7353472E-03  1.9894330E-05  3.371E-06  2.284E-07  2.823E-05  1.000E+00  1.000E+00  6.48E+02  0.00E+00  4.04E+00  0.009360  0.596772  0.0000000E+00  1.3353959957E-01
127  0.358494137613592E+07   50.839482  6.215508  4.573707  0.2016384E+00  0.7846738E+00  9.3971161E-05  2.4731542E-05  8.1232764E-03  1.2654116E-04  1.6509044E-07  2.5588566E-08  1.7765642E-03  5.6900521E-06  3.535E-06  0.5905  4.795468   -4.779  1.793977  8.127607  0.0000000E+00  0.9863207E+00  1.5727496E-04  3.7520967E-05  8.0652308E-03  9.0347960E-05  1.9103076E-07  1.3631781E-09  1.7353472E-03  1.9894330E-05  3.371E-06  2.284E-07  2.823E-05  1.000E+00  1.000E+00  6.48E+02  0.00E+00  4.04E+00  0.009360  0.596772  0.0000000E+00  1.3353959957E-01
128  0.358501480541162E+07   50.838252  6.215612  4.572478  0.2016325E+00  0.7846797E+00  9.3971162E-05  2.4731624E-05  8.1232777E-03  1.2653954E-04  1.6508836E-07  2.5586851E-08  1.7765630E-03  5.6901366E-06  3.535E-06  0.5837  4.794639   -4.776  1.807624  8.131808  0.0000000E+00  0.9863203E+00  1.5743413E-04  3.6013348E-05  8.0644652E-03  9.2237487E-05  1.9138957E-07  1.7662329E-09  1.7353266E-03  1.9894253E-05  3.299E-06  1.740E-07  2.878E-05  1.000E+00  1.000E+00  6.37E+02  0.00E+00  3.64E+00  0.008570  0.596927  0.0000000E+00  1.3353605381E-01
129  0.358501480541162E+07   50.838252  6.215612  4.572478  0.2016325E+00  0.7846797E+00  9.3971162E-05  2.4731624E-05  8.1232777E-03  1.2653954E-04  1.6508836E-07  2.5586851E-08  1.7765630E-03  5.6901366E-06  3.535E-06  0.5837  4.794639   -4.776  1.807624  8.131808  0.0000000E+00  0.9863203E+00  1.5743413E-04  3.6013348E-05  8.0644652E-03  9.2237487E-05  1.9138957E-07  1.7662329E-09  1.7353266E-03  1.9894253E-05  3.299E-06  1.740E-07  2.878E-05  1.000E+00  1.000E+00  6.37E+02  0.00E+00  3.64E+00  0.008570  0.596927  0.0000000E+00  1.3353605381E-01
130  0.358507354883219E+07   50.837259  6.215677  4.571020  0.2016293E+00  0.7846829E+00  9.3971162E-05  2.4731669E-05  8.1232784E-03  1.2653867E-04  1.6508723E-07  2.5585920E-08  1.7765623E-03  5.6901825E-06  3.535E-06  0.5817  4.793653   -4.772  1.816548  8.134459  0.0000000E+00  0.9863199E+00  1.5758069E-04  3.4655592E-05  8.0637758E-03  9.3938535E-05  1.9170566E-07  2.2338813E-09  1.7353080E-03  1.9894185E-05  3.235E-06  1.317E-07  2.918E-05  1.000E+00  1.000E+00  6.14E+02  0.00E+00  2.87E+00  0.007004  0.597026  0.0000000E+00  1.3353353156E-01
131  0.358507354883219E+07   50.837259  6.215677  4.571020  0.2016293E+00  0.7846829E+00  9.3971162E-05  2.4731669E-05  8.1232784E-03  1.2653867E-04  1.6508723E-07  2.5585920E-08  1.7765623E-03  5.6901825E-06  3.535E-06  0.5817  4.793653   -4.772  1.816548  8.134459  0.0000000E+00  0.9863199E+00  1.5758069E-04  3.4655592E-05  8.0637758E-03  9.3938535E-05  1.9170566E-07  2.2338813E-09  1.7353080E-03  1.9894185E-05  3.235E-06  1.317E-07  2.918E-05  1.000E+00  1.000E+00  6.14E+02  0.00E+00  2.87E+00  0.007004  0.597026  0.0000000E+00  1.3353353156E-01
132  0.358513229225275E+07   50.836257  6.215770  4.569208  0.2016283E+00  0.7846840E+00  9.3971162E-05  2.4731684E-05  8.1232787E-03  1.2653838E-04  1.6508686E-07  2.5585608E-08  1.7765621E-03  5.6901978E-06  3.535E-06  0.5761  4.792304   -4.768  1.824759  8.136858  0.0000000E+00  0.9863195E+00  1.5774156E-04  3.3208082E-05  8.0630364E-03  9.5755336E-05  1.9204596E-07  2.7217088E-09  1.7352881E-03  1.9894118E-05  3.168E-06  7.845E-08  2.946E-05  1.000E+00  1.000E+00  5.88E+02  0.00E+00  2.14E+00  0.005474  0.597165  0.0000000E+00  1.3353164815E-01
133  0.358519103567331E+07   50.835241  6.215889  4.566645  0.2016266E+00  0.7846856E+00  9.3971163E-05  2.4731707E-05  8.1232790E-03  1.2653792E-04  1.6508627E-07  2.5585123E-08  1.7765618E-03  5.6902217E-06  3.534E-06  0.5740  4.790252   -4.762  1.835287  8.140090  0.0000000E+00  0.9863191E+00  1.5792191E-04  3.1633768E-05  8.0622262E-03  9.7733884E-05  1.9241596E-07  3.3709835E-09  1.7352664E-03  1.9894048E-05  3.097E-06  8.214E-08  2.994E-05  1.000E+00  1.000E+00  5.59E+02  0.00E+00  1.56E+00  0.004191  0.597340  0.0000000E+00  1.3353032826E-01
134  0.358519103567331E+07   50.835241  6.215889  4.566645  0.2016266E+00  0.7846856E+00  9.3971163E-05  2.4731707E-05  8.1232790E-03  1.2653792E-04  1.6508627E-07  2.5585123E-08  1.7765618E-03  5.6902217E-06  3.534E-06  0.5740  4.790252   -4.762  1.835287  8.140090  0.0000000E+00  0.9863191E+00  1.5792191E-04  3.1633768E-05  8.0622262E-03  9.7733884E-05  1.9241596E-07  3.3709835E-09  1.7352664E-03  1.9894048E-05  3.097E-06  8.214E-08  2.994E-05  1.000E+00  1.000E+00  5.59E+02  0.00E+00  1.56E+00  0.004191  0.597340  0.0000000E+00  1.3353032826E-01
135  0.358524977909387E+07   50.834204  6.216141  4.563146  0.2016214E+00  0.7846909E+00  9.3971163E-05  2.4731780E-05  8.1232802E-03  1.2653648E-04  1.6508441E-07  2.5583592E-08  1.7765607E-03  5.6902972E-06  3.534E-06  0.5711  4.787852   -4.753  1.844253  8.142765  0.0000000E+00  0.9863187E+00  1.5811735E-04  2.9973103E-05  8.0613668E-03  9.9823284E-05  1.9280485E-07  4.2108797E-09  1.7352435E-03  1.9893980E-05  3.024E-06  1.074E-07  3.028E-05  1.000E+00  1.000E+00  5.76E+02  0.00E+00  1.99E+00  0.005186  0.597696  0.0000000E+00  1.3352941792E-01
136  0.358524977909387E+07   50.834204  6.216141  4.563146  0.2016214E+00  0.7846909E+00  9.3971163E-05  2.4731780E-05  8.1232802E-03  1.2653648E-04  1.6508441E-07  2.5583592E-08  1.7765607E-03  5.6902972E-06  3.534E-06  0.5711  4.787852   -4.753  1.844253  8.142765  0.0000000E+00  0.9863187E+00  1.5811735E-04  2.9973103E-05  8.0613668E-03  9.9823284E-05  1.9280485E-07  4.2108797E-09  1.7352435E-03  1.9893980E-05  3.024E-06  1.074E-07  3.028E-05  1.000E+00  1.000E+00  5.76E+02  0.00E+00  1.99E+00  0.005186  0.597696  0.0000000E+00  1.3352941792E-01
137  0.358530852251443E+07   50.833144  6.216558  4.559243  0.2016120E+00  0.7847002E+00  9.3971165E-05  2.4731910E-05  8.1232823E-03  1.2653393E-04  1.6508111E-07  2.5580875E-08  1.7765588E-03  5.6904311E-06  3.534E-06  0.5680  4.784926   -4.744  1.851564  8.144851  0.0000000E+00  0.9863183E+00  1.5832232E-04  2.8271960E-05  8.0604836E-03  1.0196554E-04  1.9320066E-07  5.2545136E-09  1.7352200E-03  1.9893914E-05  2.952E-06  1.562E-07  3.066E-05  1.000E+00  1.000E+00  6.00E+02  0.00E+00  2.76E+00  0.006905  0.598278  0.0000000E+00  1.3352817732E-01
138  0.358536726593499E+07   50.832055  6.217057  4.554271  0.2015934E+00  0.7847188E+00  9.3971167E-05  2.4732169E-05  8.1232865E-03  1.2652884E-04  1.6507455E-07  2.5575466E-08  1.7765551E-03  5.6906977E-06  3.534E-06  0.5627  4.781118   -4.732  1.861090  8.147734  0.0000000E+00  0.9863178E+00  1.5854301E-04  2.6491442E-05  8.0595526E-03  1.0420955E-04  1.9360957E-07  6.7041783E-09  1.7351954E-03  1.9893851E-05  2.878E-06  2.491E-07  3.099E-05  1.000E+00  1.000E+00  6.32E+02  0.00E+00  4.19E+00  0.009943  0.598969  0.0000000E+00  1.3352613582E-01
139  0.358536726593499E+07   50.832055  6.217057  4.554271  0.2015934E+00  0.7847188E+00  9.3971167E-05  2.4732169E-05  8.1232865E-03  1.2652884E-04  1.6507455E-07  2.5575466E-08  1.7765551E-03  5.6906977E-06  3.534E-06  0.5627  4.781118   -4.732  1.861090  8.147734  0.0000000E+00  0.9863178E+00  1.5854301E-04  2.6491442E-05  8.0595526E-03  1.0420955E-04  1.9360957E-07  6.7041783E-09  1.7351954E-03  1.9893851E-05  2.878E-06  2.491E-07  3.099E-05  1.000E+00  1.000E+00  6.32E+02  0.00E+00  4.19E+00  0.009943  0.598969  0.0000000E+00  1.3352613582E-01
140  0.358542600935556E+07   50.830928  6.217738  4.548135  0.2015844E+00  0.7847279E+00  9.3971169E-05  2.4732295E-05  8.1232885E-03  1.2652636E-04  1.6507134E-07  2.5572824E-08  1.7765533E-03  5.6908279E-06  3.534E-06  0.5617  4.776589   -4.717  1.871035  8.150769  0.0000000E+00  0.9863173E+00  1.5877969E-04  2.4637083E-05  8.0585751E-03  1.0654777E-04  1.9402597E-07  8.8848861E-09  1.7351697E-03  1.9893790E-05  2.802E-06  1.691E-07  3.147E-05  1.000E+00  1.000E+00  6.24E+02  0.00E+00  4.08E+00  0.009799  0.599918  0.0000000E+00  1.3352241637E-01
141  0.358542600935556E+07   50.830928  6.217738  4.548135  0.2015844E+00  0.7847279E+00  9.3971169E-05  2.4732295E-05  8.1232885E-03  1.2652636E-04  1.6507134E-07  2.5572824E-08  1.7765533E-03  5.6908279E-06  3.534E-06  0.5617  4.776589   -4.717  1.871035  8.150769  0.0000000E+00  0.9863173E+00  1.5877969E-04  2.4637083E-05  8.0585751E-03  1.0654777E-04  1.9402597E-07  8.8848861E-09  1.7351697E-03  1.9893790E-05  2.802E-06  1.691E-07  3.147E-05  1.000E+00  1.000E+00  6.24E+02  0.00E+00  4.08E+00  0.009799  0.599918  0.0000000E+00  1.3352241637E-01
142  0.358548475277612E+07   50.829756  6.218607  4.541225  0.2015734E+00  0.7847389E+00  9.3971170E-05  2.4732448E-05  8.1232910E-03  1.2652336E-04  1.6506746E-07  2.5569627E-08  1.7765510E-03  5.6909855E-06  3.533E-06  0.5586  4.771449   -4.700  1.880041  8.153472  0.0000000E+00  0.9863168E+00  1.5902751E-04  2.2747834E-05  8.0575719E-03  1.0893030E-04  1.9443705E-07  1.2277354E-08  1.7351436E-03  1.9893733E-05  2.727E-06  7.847E-08  3.186E-05  1.000E+00  1.000E+00  5.95E+02  0.00E+00  3.16E+00  0.007973  0.601128  0.0000000E+00  1.3351858376E-01
143  0.358548475277612E+07   50.829756  6.218607  4.541225  0.2015734E+00  0.7847389E+00  9.3971170E-05  2.4732448E-05  8.1232910E-03  1.2652336E-04  1.6506746E-07  2.5569627E-08  1.7765510E-03  5.6909855E-06  3.533E-06  0.5586  4.771449   -4.700  1.880041  8.153472  0.0000000E+00  0.9863168E+00  1.5902751E-04  2.2747834E-05  8.0575719E-03  1.0893030E-04  1.9443705E-07  1.2277354E-08  1.7351436E-03  1.9893733E-05  2.727E-06  7.847E-08  3.186E-05  1.000E+00  1.000E+00  5.95E+02  0.00E+00  3.16E+00  0.007973  0.601128  0.0000000E+00  1.3351858376E-01
144  0.358554349619668E+07   50.828534  6.219670  4.533893  0.2015714E+00  0.7847409E+00  9.3971170E-05  2.4732476E-05  8.1232915E-03  1.2652280E-04  1.6506674E-07  2.5569033E-08  1.7765506E-03  5.6910148E-06  3.533E-06  0.5534  4.765961   -4.682  1.887180  8.155507  0.0000000E+00  0.9863163E+00  1.5927924E-04  2.0870833E-05  8.0565698E-03  1.1129704E-04  1.9483093E-07  1.7725611E-08  1.7351176E-03  1.9893683E-05  2.655E-06  5.168E-08  3.208E-05  1.000E+00  1.000E+00  5.50E+02  0.00E+00  1.97E+00  0.005365  0.602611  0.0000000E+00  1.3351560124E-01
145  0.358560223961724E+07   50.827262  6.220848  4.525431  0.2015594E+00  0.7847529E+00  9.3971172E-05  2.4732643E-05  8.1232941E-03  1.2651952E-04  1.6506251E-07  2.5565549E-08  1.7765482E-03  5.6911866E-06  3.533E-06  0.5535  4.758647   -4.664  1.897827  8.158802  0.0000000E+00  0.9863158E+00  1.5953922E-04  1.8992546E-05  8.0555522E-03  1.1366396E-04  1.9520051E-07  2.7722428E-08  1.7350916E-03  1.9893639E-05  2.584E-06  7.798E-08  3.266E-05  1.000E+00  1.000E+00  5.27E+02  0.00E+00  1.61E+00  0.004588  0.604261  0.0000000E+00  1.3351445436E-01
146  0.358560223961724E+07   50.827262  6.220848  4.525431  0.2015594E+00  0.7847529E+00  9.3971172E-05  2.4732643E-05  8.1232941E-03  1.2651952E-04  1.6506251E-07  2.5565549E-08  1.7765482E-03  5.6911866E-06  3.533E-06  0.5535  4.758647   -4.664  1.897827  8.158802  0.0000000E+00  0.9863158E+00  1.5953922E-04  1.8992546E-05  8.0555522E-03  1.1366396E-04  1.9520051E-07  2.7722428E-08  1.7350916E-03  1.9893639E-05  2.584E-06  7.798E-08  3.266E-05  1.000E+00  1.000E+00  5.27E+02  0.00E+00  1.61E+00  0.004588  0.604261  0.0000000E+00  1.3351445436E-01
147  0.358564923435369E+07   50.826193  6.221912  4.516680  0.2015461E+00  0.7847662E+00  9.3971174E-05  2.4732829E-05  8.1232971E-03  1.2651588E-04  1.6505781E-07  2.5561672E-08  1.7765455E-03  5.6913778E-06  3.533E-06  0.5510  4.752045   -4.643  1.904621  8.160823  0.0000000E+00  0.9863154E+00  1.5975904E-04  1.7377631E-05  8.0546612E-03  1.1569694E-04  1.9551374E-07  5.8699380E-08  1.7350693E-03  1.9893608E-05  2.523E-06  2.053E-07  3.297E-05  1.000E+00  1.000E+00  5.93E+02  0.00E+00  4.05E+00  0.010254  0.605748  0.0000000E+00  1.3351326826E-01
148  0.358569622909014E+07   50.825075  6.222994  4.508226  0.2015427E+00  0.7847696E+00  9.3971175E-05  2.4732876E-05  8.1232979E-03  1.2651494E-04  1.6505660E-07  2.5560677E-08  1.7765448E-03  5.6914268E-06  3.533E-06  0.5423  4.745301   -4.624  1.911841  8.163000  0.0000000E+00  0.9863150E+00  1.5999738E-04  1.5767201E-05  8.0537781E-03  1.1772067E-04  1.9577813E-07  6.2676155E-08  1.7350470E-03  1.9893577E-05  2.464E-06  1.525E-07  3.331E-05  1.000E+00  1.000E+00  5.76E+02  0.00E+00  3.67E+00  0.009560  0.607271  0.0000000E+00  1.3350903534E-01
149  0.358569622909014E+07   50.825075  6.222994  4.508226  0.2015427E+00  0.7847696E+00  9.3971175E-05  2.4732876E-05  8.1232979E-03  1.2651494E-04  1.6505660E-07  2.5560677E-08  1.7765448E-03  5.6914268E-06  3.533E-06  0.5423  4.745301   -4.624  1.911841  8.163000  0.0000000E+00  0.9863150E+00  1.5999738E-04  1.5767201E-05  8.0537781E-03  1.1772067E-04  1.9577813E-07  6.2676155E-08  1.7350470E-03  1.9893577E-05  2.464E-06  1.525E-07  3.331E-05  1.000E+00  1.000E+00  5.76E+02  0.00E+00  3.67E+00  0.009560  0.607271  0.0000000E+00  1.3350903534E-01
150  0.358574322382659E+07   50.823913  6.224104  4.500247  0.2015340E+00  0.7847783E+00  9.3971176E-05  2.4732997E-05  8.1232999E-03  1.2651257E-04  1.6505354E-07  2.5558156E-08  1.7765431E-03  5.6915512E-06  3.533E-06  0.5483  4.738460   -4.607  1.919090  8.165187  0.0000000E+00  0.9863146E+00  1.6021153E-04  1.4260345E-05  8.0529051E-03  1.1961547E-04  1.9604162E-07  1.3632989E-07  1.7350262E-03  1.9893579E-05  2.410E-06  1.238E-07  3.365E-05  1.000E+00  1.000E+00  5.72E+02  0.00E+00  3.84E+00  0.010062  0.608836  0.0000000E+00  1.3350500879E-01
151  0.358579021856304E+07   50.822706  6.225226  4.492488  0.2015302E+00  0.7847821E+00  9.3971177E-05  2.4733050E-05  8.1233007E-03  1.2651153E-04  1.6505219E-07  2.5557048E-08  1.7765423E-03  5.6916059E-06  3.532E-06  0.5456  4.731642   -4.591  1.926369  8.167387  0.0000000E+00  0.9863142E+00  1.6044396E-04  1.2779320E-05  8.0520672E-03  1.2146772E-04  1.9621153E-07  1.4563602E-07  1.7350059E-03  1.9893563E-05  2.358E-06  4.898E-08  3.400E-05  1.000E+00  1.000E+00  5.25E+02  0.00E+00  2.34E+00  0.006674  0.610423  0.0000000E+00  1.3350042327E-01
152  0.358579021856304E+07   50.822706  6.225226  4.492488  0.2015302E+00  0.7847821E+00  9.3971177E-05  2.4733050E-05  8.1233007E-03  1.2651153E-04  1.6505219E-07  2.5557048E-08  1.7765423E-03  5.6916059E-06  3.532E-06  0.5456  4.731642   -4.591  1.926369  8.167387  0.0000000E+00  0.9863142E+00  1.6044396E-04  1.2779320E-05  8.0520672E-03  1.2146772E-04  1.9621153E-07  1.4563602E-07  1.7350059E-03  1.9893563E-05  2.358E-06  4.898E-08  3.400E-05  1.000E+00  1.000E+00  5.25E+02  0.00E+00  2.34E+00  0.006674  0.610423  0.0000000E+00  1.3350042327E-01
153  0.358583721329949E+07   50.821458  6.226357  4.484989  0.2015182E+00  0.7847940E+00  9.3971179E-05  2.4733216E-05  8.1233034E-03  1.2650826E-04  1.6504797E-07  2.5553572E-08  1.7765399E-03  5.6917774E-06  3.532E-06  0.5454  4.724755   -4.576  1.933669  8.169596  0.0000000E+00  0.9863138E+00  1.6065142E-04  1.1371564E-05  8.0511875E-03  1.2323202E-04  1.9641204E-07  2.8535947E-07  1.7349865E-03  1.9893619E-05  2.309E-06  5.735E-08  3.435E-05  1.000E+00  1.000E+00  5.00E+02  0.00E+00  1.83E+00  0.005497  0.612024  0.0000000E+00  1.3349757039E-01
154  0.358588420803594E+07   50.820168  6.227504  4.477021  0.2015100E+00  0.7848023E+00  9.3971181E-05  2.4733332E-05  8.1233053E-03  1.2650600E-04  1.6504505E-07  2.5551163E-08  1.7765382E-03  5.6918963E-06  3.532E-06  0.5429  4.716844   -4.561  1.940987  8.171813  0.0000000E+00  0.9863134E+00  1.6087071E-04  1.0033511E-05  8.0503793E-03  1.2489230E-04  1.9647057E-07  3.2263660E-07  1.7349683E-03  1.9893636E-05  2.264E-06  9.060E-08  3.471E-05  1.000E+00  1.000E+00  5.12E+02  0.00E+00  2.43E+00  0.007112  0.613654  0.0000000E+00  1.3349528998E-01
155  0.358593120277239E+07   50.818830  6.228655  4.468166  0.2014988E+00  0.7848134E+00  9.3971183E-05  2.4733487E-05  8.1233078E-03  1.2650295E-04  1.6504111E-07  2.5547917E-08  1.7765360E-03  5.6920565E-06  3.532E-06  0.5370  4.708175   -4.546  1.948322  8.174038  0.0000000E+00  0.9863130E+00  1.6106147E-04  8.7718503E-06  8.0494764E-03  1.2646598E-04  1.9659883E-07  5.8264148E-07  1.7349510E-03  1.9893807E-05  2.222E-06  1.761E-07  3.507E-05  1.000E+00  1.000E+00  5.53E+02  0.00E+00  4.67E+00  0.012681  0.615292  0.0000000E+00  1.3349209021E-01
156  0.358593120277239E+07   50.818830  6.228655  4.468166  0.2014988E+00  0.7848134E+00  9.3971183E-05  2.4733487E-05  8.1233078E-03  1.2650295E-04  1.6504111E-07  2.5547917E-08  1.7765360E-03  5.6920565E-06  3.532E-06  0.5370  4.708175   -4.546  1.948322  8.174038  0.0000000E+00  0.9863130E+00  1.6106147E-04  8.7718503E-06  8.0494764E-03  1.2646598E-04  1.9659883E-07  5.8264148E-07  1.7349510E-03  1.9893807E-05  2.222E-06  1.761E-07  3.507E-05  1.000E+00  1.000E+00  5.53E+02  0.00E+00  4.67E+00  0.012681  0.615292  0.0000000E+00  1.3349209021E-01
157  0.358597819750884E+07   50.817445  6.229811  4.460102  0.2014987E+00  0.7848135E+00  9.3971183E-05  2.4733488E-05  8.1233078E-03  1.2650292E-04  1.6504107E-07  2.5547889E-08  1.7765360E-03  5.6920579E-06  3.532E-06  0.5373  4.700356   -4.531  1.955680  8.176273  0.0000000E+00  0.9863127E+00  1.6124575E-04  7.6151434E-06  8.0486630E-03  1.2788715E-04  1.9655500E-07  7.1232137E-07  1.7349354E-03  1.9893921E-05  2.184E-06  3.518E-08  3.543E-05  1.000E+00  1.000E+00  5.07E+02  0.00E+00  2.87E+00  0.008479  0.616949  0.0000000E+00  1.3348411164E-01
158  0.358602519224529E+07   50.816027  6.230980  4.452830  0.2014851E+00  0.7848272E+00  9.3971185E-05  2.4733678E-05  8.1233108E-03  1.2649919E-04  1.6503626E-07  2.5543922E-08  1.7765332E-03  5.6922537E-06  3.532E-06  0.5373  4.692184   -4.520  1.963067  8.178520  0.0000000E+00  0.9863123E+00  1.6140554E-04  6.5521059E-06  8.0477051E-03  1.2920612E-04  1.9661798E-07  1.1702799E-06  1.7349209E-03  1.9894337E-05  2.149E-06  2.240E-08  3.581E-05  1.000E+00  1.000E+00  4.73E+02  0.00E+00  1.97E+00  0.006258  0.618622  0.0000000E+00  1.3347953950E-01
159  0.358607218698173E+07   50.814574  6.232147  4.444793  0.2014766E+00  0.7848357E+00  9.3971187E-05  2.4733797E-05  8.1233128E-03  1.2649687E-04  1.6503325E-07  2.5541448E-08  1.7765315E-03  5.6923758E-06  3.532E-06  0.5330  4.682915   -4.510  1.970482  8.180779  0.0000000E+00  0.9863119E+00  1.6152433E-04  5.5756493E-06  8.0467547E-03  1.3040072E-04  1.9655315E-07  1.5661435E-06  1.7349078E-03  1.9894775E-05  2.118E-06  2.520E-08  3.619E-05  1.000E+00  1.000E+00  4.29E+02  0.00E+00  1.15E+00  0.003999  0.620300  0.0000000E+00  1.3347627415E-01
160  0.358607218698173E+07   50.814574  6.232147  4.444793  0.2014766E+00  0.7848357E+00  9.3971187E-05  2.4733797E-05  8.1233128E-03  1.2649687E-04  1.6503325E-07  2.5541448E-08  1.7765315E-03  5.6923758E-06  3.532E-06  0.5330  4.682915   -4.510  1.970482  8.180779  0.0000000E+00  0.9863119E+00  1.6152433E-04  5.5756493E-06  8.0467547E-03  1.3040072E-04  1.9655315E-07  1.5661435E-06  1.7349078E-03  1.9894775E-05  2.118E-06  2.520E-08  3.619E-05  1.000E+00  1.000E+00  4.29E+02  0.00E+00  1.15E+00  0.003999  0.620300  0.0000000E+00  1.3347627415E-01
161  0.358610978277089E+07   50.813388  6.233073  4.438100  0.2014704E+00  0.7848419E+00  9.3971188E-05  2.4733883E-05  8.1233142E-03  1.2649517E-04  1.6503106E-07  2.5539639E-08  1.7765302E-03  5.6924651E-06  3.531E-06  0.5325  4.675064   -4.501  1.976415  8.182587  0.0000000E+00  0.9863115E+00  1.6163212E-04  4.7932187E-06  8.0458455E-03  1.3136800E-04  1.9657738E-07  2.1422268E-06  1.7348972E-03  1.9895346E-05  2.092E-06  4.136E-08  3.649E-05  1.000E+00  1.000E+00  4.38E+02  0.00E+00  1.46E+00  0.005001  0.621636  0.0000000E+00  1.3347500277E-01
162  0.358614737856005E+07   50.812183  6.234001  4.431954  0.2014649E+00  0.7848474E+00  9.3971189E-05  2.4733960E-05  8.1233154E-03  1.2649367E-04  1.6502912E-07  2.5538042E-08  1.7765291E-03  5.6925440E-06  3.531E-06  0.5364  4.667461   -4.494  1.982357  8.184399  0.0000000E+00  0.9863112E+00  1.6168947E-04  4.1033235E-06  8.0449153E-03  1.3221521E-04  1.9655814E-07  2.7365641E-06  1.7348879E-03  1.9896020E-05  2.070E-06  8.135E-08  3.680E-05  1.000E+00  1.000E+00  4.61E+02  0.00E+00  2.33E+00  0.007600  0.622977  0.0000000E+00  1.3347313688E-01
163  0.358618497434921E+07   50.810964  6.234934  4.426346  0.2014551E+00  0.7848572E+00  9.3971191E-05  2.4734096E-05  8.1233176E-03  1.2649099E-04  1.6502566E-07  2.5535196E-08  1.7765272E-03  5.6926845E-06  3.531E-06  0.5303  4.660107   -4.489  1.988329  8.186224  0.0000000E+00  0.9863108E+00  1.6177493E-04  3.4743836E-06  8.0438525E-03  1.3299150E-04  1.9656914E-07  3.6246923E-06  1.7348793E-03  1.9897116E-05  2.050E-06  1.079E-07  3.711E-05  1.000E+00  1.000E+00  4.85E+02  0.00E+00  3.73E+00  0.011522  0.624327  0.0000000E+00  1.3346925965E-01
164  0.358622257013837E+07   50.809735  6.235869  4.421259  0.2014453E+00  0.7848670E+00  9.3971193E-05  2.4734233E-05  8.1233198E-03  1.2648830E-04  1.6502219E-07  2.5532339E-08  1.7765252E-03  5.6928256E-06  3.531E-06  0.5253  4.653122   -4.485  1.994306  8.188052  0.0000000E+00  0.9863104E+00  1.6181462E-04  2.9137176E-06  8.0426852E-03  1.3368086E-04  1.9655995E-07  4.6343738E-06  1.7348718E-03  1.9898531E-05  2.033E-06  6.432E-08  3.743E-05  1.000E+00  1.000E+00  4.98E+02  0.00E+00  4.93E+00  0.014861  0.625683  0.0000000E+00  1.3346235581E-01
165  0.358626016592753E+07   50.808497  6.236769  4.415450  0.2014352E+00  0.7848770E+00  9.3971195E-05  2.4734373E-05  8.1233220E-03  1.2648555E-04  1.6501864E-07  2.5529413E-08  1.7765231E-03  5.6929701E-06  3.531E-06  0.5210  4.644620   -4.483  2.000280  8.189879  0.0000000E+00  0.9863099E+00  1.6188647E-04  2.4196078E-06  8.0413602E-03  1.3429017E-04  1.9656423E-07  5.9676854E-06  1.7348651E-03  1.9900619E-05  2.017E-06  1.304E-07  3.775E-05  1.000E+00  1.000E+00  4.31E+02  0.00E+00  2.03E+00  0.007071  0.626993  0.0000000E+00  1.3345200934E-01
166  0.358629776171669E+07   50.807256  6.237678  4.409936  0.2014309E+00  0.7848813E+00  9.3971196E-05  2.4734432E-05  8.1233230E-03  1.2648439E-04  1.6501714E-07  2.5528173E-08  1.7765223E-03  5.6930314E-06  3.531E-06  0.5192  4.636005   -4.481  2.006279  8.191717  0.0000000E+00  0.9863094E+00  1.6192650E-04  1.9933417E-06  8.0398815E-03  1.3481466E-04  1.9655936E-07  7.5098183E-06  1.7348593E-03  1.9903371E-05  2.004E-06  9.683E-08  3.808E-05  1.000E+00  1.000E+00  4.78E+02  0.00E+00  4.74E+00  0.014856  0.628317  0.0000000E+00  1.3344656912E-01
167  0.358633535750585E+07   50.806017  6.238583  4.404640  0.2014193E+00  0.7848929E+00  9.3971199E-05  2.4734595E-05  8.1233256E-03  1.2648120E-04  1.6501302E-07  2.5524787E-08  1.7765199E-03  5.6931987E-06  3.531E-06  0.5226  4.627184   -4.482  2.012285  8.193559  0.0000000E+00  0.9863088E+00  1.6199181E-04  1.6354508E-06  8.0382302E-03  1.3525576E-04  1.9655990E-07  9.3775523E-06  1.7348545E-03  1.9907149E-05  1.992E-06  6.339E-08  3.840E-05  9.999E-01  1.000E+00  4.93E+02  0.00E+00  6.62E+00  0.020154  0.629637  0.0000000E+00  1.3343837373E-01
168  0.358637295329501E+07   50.804784  6.239480  4.399752  0.2014134E+00  0.7848989E+00  9.3971200E-05  2.4734677E-05  8.1233269E-03  1.2647958E-04  1.6501093E-07  2.5523066E-08  1.7765187E-03  5.6932837E-06  3.531E-06  0.5271  4.618369   -4.484  2.018292  8.195401  0.0000000E+00  0.9863082E+00  1.6203969E-04  1.3450043E-06  8.0364139E-03  1.3561325E-04  1.9655635E-07  1.1488469E-05  1.7348506E-03  1.9912050E-05  1.983E-06  8.153E-08  3.873E-05  1.000E+00  1.000E+00  4.12E+02  0.00E+00  2.14E+00  0.007790  0.630951  0.0000000E+00  1.3342103297E-01
169  0.358637295329501E+07   50.804784  6.239480  4.399752  0.2014134E+00  0.7848989E+00  9.3971200E-05  2.4734677E-05  8.1233269E-03  1.2647958E-04  1.6501093E-07  2.5523066E-08  1.7765187E-03  5.6932837E-06  3.531E-06  0.5271  4.618369   -4.484  2.018292  8.195401  0.0000000E+00  0.9863082E+00  1.6203969E-04  1.3450043E-06  8.0364139E-03  1.3561325E-04  1.9655635E-07  1.1488469E-05  1.7348506E-03  1.9912050E-05  1.983E-06  8.153E-08  3.873E-05  1.000E+00  1.000E+00  4.12E+02  0.00E+00  2.14E+00  0.007790  0.630951  0.0000000E+00  1.3342103297E-01
170  0.358641054908417E+07   50.803563  6.240374  4.394286  0.2014027E+00  0.7849095E+00  9.3971202E-05  2.4734826E-05  8.1233293E-03  1.2647667E-04  1.6500717E-07  2.5519965E-08  1.7765166E-03  5.6934370E-06  3.530E-06  0.5273  4.608038   -4.488  2.024305  8.197248  0.0000000E+00  0.9863075E+00  1.6210926E-04  1.0856724E-06  8.0342719E-03  1.3593278E-04  1.9655470E-07  1.4073450E-05  1.7348471E-03  1.9918849E-05  1.975E-06  1.016E-07  3.906E-05  1.000E+00  1.000E+00  4.58E+02  0.00E+00  5.23E+00  0.017125  0.632260  0.0000000E+00  1.3341673545E-01
171  0.358644814487333E+07   50.802289  6.241245  4.383337  0.2013991E+00  0.7849132E+00  9.3971203E-05  2.4734877E-05  8.1233302E-03  1.2647567E-04  1.6500587E-07  2.5518901E-08  1.7765158E-03  5.6934896E-06  3.530E-06  0.5215  4.596857   -4.470  2.030308  8.199094  0.0000000E+00  0.9863067E+00  1.6217610E-04  8.6643529E-07  8.0317886E-03  1.3620269E-04  1.9655087E-07  1.7119749E-05  1.7348441E-03  1.9928024E-05  1.968E-06  1.512E-07  3.940E-05  1.000E+00  1.000E+00  4.47E+02  0.00E+00  5.11E+00  0.017173  0.633543  0.0000000E+00  1.3340490904E-01
172  0.358647822150466E+07   50.801180  6.241918  4.369244  0.2013849E+00  0.7849274E+00  9.3971206E-05  2.4735074E-05  8.1233333E-03  1.2647179E-04  1.6500087E-07  2.5514777E-08  1.7765130E-03  5.6936935E-06  3.530E-06  0.5199  4.587489   -4.433  2.035117  8.200573  0.0000000E+00  0.9863060E+00  1.6224031E-04  7.0512696E-07  8.0296126E-03  1.3640141E-04  1.9654850E-07  1.9822228E-05  1.7348419E-03  1.9935854E-05  1.963E-06  1.716E-07  3.967E-05  9.999E-01  1.000E+00  4.67E+02  0.00E+00  9.76E+00  0.031375  0.634532  0.0000000E+00  1.3339596940E-01
173  0.358650829813599E+07   50.799972  6.242576  4.356576  0.2013834E+00  0.7849289E+00  9.3971207E-05  2.4735095E-05  8.1233337E-03  1.2647138E-04  1.6500034E-07  2.5514342E-08  1.7765127E-03  5.6937150E-06  3.530E-06  0.5216  4.580403   -4.396  2.039918  8.202050  0.0000000E+00  0.9863052E+00  1.6230823E-04  5.6662618E-07  8.0271185E-03  1.3657196E-04  1.9654512E-07  2.2950298E-05  1.7348401E-03  1.9945969E-05  1.959E-06  1.741E-07  3.993E-05  1.000E+00  1.000E+00  4.23E+02  0.00E+00  4.38E+00  0.015545  0.635509  0.0000000E+00  1.3336188691E-01
174  0.358656845139864E+07   50.797286  6.243868  4.328751  0.2013680E+00  0.7849442E+00  9.3971210E-05  2.4735309E-05  8.1233371E-03  1.2646718E-04  1.6499492E-07  2.5509878E-08  1.7765096E-03  5.6939358E-06  3.530E-06  0.5192  4.561318   -4.325  2.049505  8.205004  0.0000000E+00  0.9863033E+00  1.6246889E-04  3.6020278E-07  8.0212416E-03  1.3682623E-04  1.9653768E-07  3.0417818E-05  1.7348373E-03  1.9974583E-05  1.952E-06  5.952E-08  4.047E-05  1.000E+00  1.000E+00  3.63E+02  0.00E+00  1.96E+00  0.008116  0.637428  0.0000000E+00  1.3331287146E-01
175  0.358659852802997E+07   50.795779  6.244507  4.317460  0.2013480E+00  0.7849643E+00  9.3971215E-05  2.4735589E-05  8.1233416E-03  1.2646170E-04  1.6498783E-07  2.5504044E-08  1.7765055E-03  5.6942243E-06  3.530E-06  0.5156  4.552064   -4.300  2.054290  8.206479  0.0000000E+00  0.9863021E+00  1.6256422E-04  2.8311355E-07  8.0177100E-03  1.3692121E-04  1.9653330E-07  3.4937537E-05  1.7348363E-03  1.9994879E-05  1.950E-06  1.418E-07  4.075E-05  9.999E-01  1.000E+00  4.30E+02  0.00E+00  8.40E+00  0.029338  0.638375  0.0000000E+00  1.3330629800E-01
176  0.358662860466130E+07   50.794135  6.245127  4.303091  0.2013478E+00  0.7849645E+00  9.3971216E-05  2.4735592E-05  8.1233417E-03  1.2646164E-04  1.6498775E-07  2.5503982E-08  1.7765055E-03  5.6942274E-06  3.530E-06  0.5123  4.542564   -4.262  2.059069  8.207953  0.0000000E+00  0.9863008E+00  1.6267079E-04  2.1985677E-07  8.0136824E-03  1.3699914E-04  1.9652824E-07  4.0104240E-05  1.7348354E-03  2.0020725E-05  1.948E-06  1.375E-07  4.102E-05  1.000E+00  1.000E+00  3.88E+02  3.86E+02  4.10E+00  0.015856  0.639308  0.0000000E+00  1.3326210777E-01
177  0.358665868129262E+07   50.792347  6.245708  4.287310  0.2013243E+00  0.7849879E+00  9.3971222E-05  2.4735918E-05  8.1233469E-03  1.2645524E-04  1.6497949E-07  2.5497176E-08  1.7765008E-03  5.6945641E-06  3.530E-06  0.5198  4.530358   -4.226  2.063843  8.209425  0.0000000E+00  0.9862995E+00  1.6278425E-04  1.7210810E-07  8.0093868E-03  1.3705799E-04  1.9652303E-07  4.5624356E-05  1.7348348E-03  2.0051508E-05  1.946E-06  3.477E-09  4.130E-05  9.994E-01  1.000E+00  4.10E+02  3.98E+02  1.69E+01  0.062044  0.640174  0.0000000E+00  1.3324056055E-01
178  0.358668875792395E+07   50.790319  6.246300  4.269359  0.2013226E+00  0.7849897E+00  9.3971222E-05  2.4735943E-05  8.1233473E-03  1.2645476E-04  1.6497886E-07  2.5496663E-08  1.7765004E-03  5.6945895E-06  3.530E-06  0.5157  4.521418   -4.171  2.068598  8.210893  0.0000000E+00  0.9862980E+00  1.6291039E-04  1.3379523E-07  8.0045540E-03  1.3710521E-04  1.9651720E-07  5.1838226E-05  1.7348343E-03  2.0089931E-05  1.945E-06  5.128E-09  4.154E-05  1.000E+00  1.001E+00  2.61E+02  2.50E+02  3.39E-01  0.001953  0.641072  0.0000000E+00  1.3312068627E-01
179  0.358671883455528E+07   50.788186  6.246901  4.265632  0.2013018E+00  0.7850105E+00  9.3971228E-05  2.4736233E-05  8.1233520E-03  1.2644907E-04  1.6497152E-07  2.5490622E-08  1.7764962E-03  5.6948885E-06  3.530E-06  0.5235  4.512255   -4.149  2.073343  8.212359  0.0000000E+00  0.9862962E+00  1.6305368E-04  1.0235735E-07  7.9990427E-03  1.3714399E-04  1.9651072E-07  5.8925620E-05  1.7348338E-03  2.0138359E-05  1.944E-06  9.039E-08  4.183E-05  1.000E+00  1.000E+00  3.60E+02  3.41E+02  3.67E+00  0.015329  0.641976  0.0000000E+00  1.3311953495E-01
180  0.358674891118661E+07   50.785873  6.247462  4.254243  0.2012718E+00  0.7850405E+00  9.3971236E-05  2.4736651E-05  8.1233587E-03  1.2644087E-04  1.6496092E-07  2.5481893E-08  1.7764901E-03  5.6953206E-06  3.530E-06  0.5172  4.497115   -4.114  2.078073  8.213820  0.0000000E+00  0.9862942E+00  1.6321421E-04  7.7451191E-08  7.9928189E-03  1.3717472E-04  1.9650351E-07  6.6926149E-05  1.7348335E-03  2.0198882E-05  1.943E-06  1.184E-07  4.211E-05  9.968E-01  1.000E+00  3.79E+02  3.57E+02  3.71E+01  0.146217  0.642818  0.0000000E+00  1.3309229343E-01
181  0.358678801080733E+07   50.782117  6.248103  4.231953  0.2012558E+00  0.7850564E+00  9.3971240E-05  2.4736874E-05  8.1233623E-03  1.2643651E-04  1.6495529E-07  2.5477260E-08  1.7764869E-03  5.6955499E-06  3.529E-06  0.5169  4.491372   -4.017  2.084189  8.215710  0.0000000E+00  0.9862913E+00  1.6345057E-04  5.6660602E-08  7.9836262E-03  1.3720042E-04  1.9649310E-07  7.8721303E-05  1.7348332E-03  2.0318232E-05  1.943E-06  3.489E-07  4.228E-05  9.996E-01  1.009E+00  3.74E+02  3.48E+02  1.26E+01  0.050600  0.643807  0.0000000E+00  1.3246222651E-01
182  0.358682711042806E+07   50.778613  6.248943  4.235003  0.2012355E+00  0.7850767E+00  9.3971246E-05  2.4737156E-05  8.1233669E-03  1.2643097E-04  1.6494813E-07  2.5471367E-08  1.7764828E-03  5.6958418E-06  3.529E-06  0.5121  4.468476   -4.048  2.090285  8.217597  0.0000000E+00  0.9862879E+00  1.6372607E-04  4.0678468E-08  7.9728379E-03  1.3722021E-04  1.9648116E-07  9.2542336E-05  1.7348330E-03  2.0476976E-05  1.942E-06  1.389E-06  4.260E-05  9.935E-01  1.001E+00  3.55E+02  3.27E+02  4.98E+01  0.208771  0.645086  0.0000000E+00  1.3230335394E-01
183  0.358685643514360E+07   50.772917  6.248591  4.157824  0.2012131E+00  0.7850991E+00  9.3971253E-05  2.4737469E-05  8.1233719E-03  1.2642484E-04  1.6494021E-07  2.5464855E-08  1.7764783E-03  5.6961646E-06  3.529E-06  0.5064  4.466749   -3.712  2.094783  8.218986  0.0000000E+00  0.9862853E+00  1.6393405E-04  2.3242613E-08  7.9645528E-03  1.3724176E-04  1.9647224E-07  1.0319030E-04  1.7348328E-03  2.0543031E-05  1.941E-06  1.399E-06  4.247E-05  9.932E-01  1.016E+00  3.54E+02  3.27E+02  5.05E+01  0.212674  0.644624  0.0000000E+00  1.3101530173E-01
184  0.358689455727381E+07   50.765476  6.249111  4.150244  0.2011535E+00  0.7851588E+00  9.3971273E-05  2.4738301E-05  8.1233853E-03  1.2640855E-04  1.6491916E-07  2.5447534E-08  1.7764663E-03  5.6970233E-06  3.529E-06  0.5203  4.448402   -3.708  2.100606  8.220786  0.0000000E+00  0.9862815E+00  1.6424086E-04  1.2355146E-08  7.9522878E-03  1.3725528E-04  1.9645926E-07  1.1893569E-04  1.7348327E-03  2.0667819E-05  1.941E-06  1.479E-06  4.222E-05  9.902E-01  1.023E+00  3.39E+02  3.12E+02  5.82E+01  0.254781  0.645460  0.0000000E+00  1.2912062138E-01
185  0.358691997202728E+07   50.760470  6.249563  4.143669  0.2011150E+00  0.7851972E+00  9.3971285E-05  2.4738837E-05  8.1233939E-03  1.2639804E-04  1.6490559E-07  2.5436370E-08  1.7764585E-03  5.6975770E-06  3.529E-06  0.5137  4.436547   -3.705  2.104475  8.221983  0.0000000E+00  0.9862786E+00  1.6447059E-04  8.0008994E-09  7.9430588E-03  1.3726073E-04  1.9644967E-07  1.3077286E-04  1.7348326E-03  2.0771483E-05  1.941E-06  1.506E-06  4.195E-05  9.880E-01  1.028E+00  3.30E+02  3.02E+02  6.27E+01  0.281053  0.646174  0.0000000E+00  1.2757415620E-01
186  0.358695301120680E+07   50.753902  6.250116  4.129716  0.2010691E+00  0.7852432E+00  9.3971301E-05  2.4739478E-05  8.1234042E-03  1.2638549E-04  1.6488937E-07  2.5423026E-08  1.7764492E-03  5.6982390E-06  3.529E-06  0.5135  4.413698   -3.700  2.109467  8.223531  0.0000000E+00  0.9862745E+00  1.6478911E-04  9.1497133E-09  7.9302152E-03  1.3725943E-04  1.9643656E-07  1.4721466E-04  1.7348326E-03  2.0949088E-05  1.941E-06  1.513E-06  4.148E-05  9.834E-01  1.037E+00  3.14E+02  2.85E+02  7.01E+01  0.329408  0.647057  0.0000000E+00  1.2522632198E-01
187  0.358698605038631E+07   50.747218  6.250689  4.115942  0.2010418E+00  0.7852704E+00  9.3971311E-05  2.4739858E-05  8.1234103E-03  1.2637804E-04  1.6487974E-07  2.5415113E-08  1.7764437E-03  5.6986319E-06  3.529E-06  0.4965  4.393594   -3.692  2.114434  8.225071  0.0000000E+00  0.9862697E+00  1.6517148E-04  5.5965241E-09  7.9147531E-03  1.3726394E-04  1.9642101E-07  1.6698034E-04  1.7348326E-03  2.1183976E-05  1.941E-06  1.466E-06  4.077E-05  9.793E-01  1.054E+00  3.00E+02  2.70E+02  7.47E+01  0.365687  0.647982  0.0000000E+00  1.2216291860E-01
188  0.358702404544275E+07   50.739452  6.251343  4.096894  0.2009879E+00  0.7853243E+00  9.3971332E-05  2.4740610E-05  8.1234223E-03  1.2636333E-04  1.6486073E-07  2.5399476E-08  1.7764328E-03  5.6994087E-06  3.529E-06  0.5160  4.364107   -3.688  2.120116  8.226833  0.0000000E+00  0.9862635E+00  1.6565534E-04  3.1321304E-09  7.8951530E-03  1.3726714E-04  1.9640160E-07  1.9197587E-04  1.7348326E-03  2.1543442E-05  1.940E-06  1.405E-06  3.979E-05  9.714E-01  1.061E+00  2.81E+02  2.51E+02  8.23E+01  0.426817  0.649028  0.0000000E+00  1.1820135318E-01
189  0.358706699637612E+07   50.730762  6.252162  4.076696  0.2009454E+00  0.7853669E+00  9.3971349E-05  2.4741204E-05  8.1234319E-03  1.2635171E-04  1.6484572E-07  2.5387134E-08  1.7764242E-03  5.7000221E-06  3.529E-06  0.5066  4.323013   -3.713  2.126483  8.228809  0.0000000E+00  0.9862555E+00  1.6627835E-04  1.6785194E-09  7.8698661E-03  1.3726914E-04  1.9637702E-07  2.2413833E-04  1.7348326E-03  2.2095219E-05  1.940E-06  1.110E-06  3.914E-05  9.558E-01  1.000E+00  2.57E+02  2.28E+02  9.35E+01  0.521890  0.650341  0.0000000E+00  1.1515057173E-01
190  0.358708847184280E+07   50.725955  6.252397  4.084579  0.2009117E+00  0.7854006E+00  9.3971363E-05  2.4741674E-05  8.1234394E-03  1.2634251E-04  1.6483382E-07  2.5377353E-08  1.7764174E-03  5.7005085E-06  3.529E-06  0.5207  4.358037   -3.650  2.129622  8.229782  0.0000000E+00  0.9862513E+00  1.6661097E-04  1.2296414E-09  7.8563383E-03  1.3726981E-04  1.9636406E-07  2.4131521E-04  1.7348326E-03  2.2420100E-05  1.940E-06  1.000E-20  3.780E-05  9.805E-01  1.152E+00  2.76E+02  2.44E+02  6.68E+01  0.355795  0.650738  0.0000000E+00  1.1065776207E-01
191  0.358708847184280E+07   50.725955  6.252397  4.084579  0.2009117E+00  0.7854006E+00  9.3971363E-05  2.4741674E-05  8.1234394E-03  1.2634251E-04  1.6483382E-07  2.5377353E-08  1.7764174E-03  5.7005085E-06  3.529E-06  0.5207  4.358037   -3.650  2.129622  8.229782  0.0000000E+00  0.9862513E+00  1.6661097E-04  1.2296414E-09  7.8563383E-03  1.3726981E-04  1.9636406E-07  2.4131521E-04  1.7348326E-03  2.2420100E-05  1.940E-06  1.000E-20  3.780E-05  9.805E-01  1.152E+00  2.76E+02  2.44E+02  6.68E+01  0.355795  0.650738  0.0000000E+00  1.1065776207E-01
192  0.358708847184280E+07   50.725955  6.252397  4.084579  0.2009117E+00  0.7854006E+00  9.3971363E-05  2.4741674E-05  8.1234394E-03  1.2634251E-04  1.6483382E-07  2.5377353E-08  1.7764174E-03  5.7005085E-06  3.529E-06  0.5207  4.358037   -3.650  2.129622  8.229782  0.0000000E+00  0.9862513E+00  1.6661097E-04  1.2296414E-09  7.8563383E-03  1.3726981E-04  1.9636406E-07  2.4131521E-04  1.7348326E-03  2.2420100E-05  1.940E-06  1.000E-20  3.780E-05  9.805E-01  1.152E+00  2.76E+02  2.44E+02  6.68E+01  0.355795  0.650738  0.0000000E+00  1.1065776207E-01
193  0.358708847184280E+07   50.725955  6.252397  4.084579  0.2009117E+00  0.7854006E+00  9.3971363E-05  2.4741674E-05  8.1234394E-03  1.2634251E-04  1.6483382E-07  2.5377353E-08  1.7764174E-03  5.7005085E-06  3.529E-06  0.5207  4.358037   -3.650  2.129622  8.229782  0.0000000E+00  0.9862513E+00  1.6661097E-04  1.2296414E-09  7.8563383E-03  1.3726981E-04  1.9636406E-07  2.4131521E-04  1.7348326E-03  2.2420100E-05  1.940E-06  1.000E-20  3.780E-05  9.805E-01  1.152E+00  2.76E+02  2.44E+02  6.68E+01  0.355795  0.650738  0.0000000E+00  1.1065776207E-01
194  0.358708847184280E+07   50.725955  6.252397  4.084579  0.2009117E+00  0.7854006E+00  9.3971363E-05  2.4741674E-05  8.1234394E-03  1.2634251E-04  1.6483382E-07  2.5377353E-08  1.7764174E-03  5.7005085E-06  3.529E-06  0.5207  4.358037   -3.650  2.129622  8.229782  0.0000000E+00  0.9862513E+00  1.6661097E-04  1.2296414E-09  7.8563383E-03  1.3726981E-04  1.9636406E-07  2.4131521E-04  1.7348326E-03  2.2420100E-05  1.940E-06  1.000E-20  3.780E-05  9.805E-01  1.152E+00  2.76E+02  2.44E+02  6.68E+01  0.355795  0.650738  0.0000000E+00  1.1065776207E-01
195  0.358708847184280E+07   50.725955  6.252397  4.084579  0.2009117E+00  0.7854006E+00  9.3971363E-05  2.4741674E-05  8.1234394E-03  1.2634251E-04  1.6483382E-07  2.5377353E-08  1.7764174E-03  5.7005085E-06  3.529E-06  0.5207  4.358037   -3.650  2.129622  8.229782  0.0000000E+00  0.9862513E+00  1.6661097E-04  1.2296414E-09  7.8563383E-03  1.3726981E-04  1.9636406E-07  2.4131521E-04  1.7348326E-03  2.2420100E-05  1.940E-06  1.000E-20  3.780E-05  9.805E-01  1.152E+00  2.76E+02  2.44E+02  6.68E+01  0.355795  0.650738  0.0000000E+00  1.1065776207E-01
196  0.358708847184280E+07   50.725955  6.252397  4.084579  0.2009117E+00  0.7854006E+00  9.3971363E-05  2.4741674E-05  8.1234394E-03  1.2634251E-04  1.6483382E-07  2.5377353E-08  1.7764174E-03  5.7005085E-06  3.529E-06  0.5207  4.358037   -3.650  2.129622  8.229782  0.0000000E+00  0.9862513E+00  1.6661097E-04  1.2296414E-09  7.8563383E-03  1.3726981E-04  1.9636406E-07  2.4131521E-04  1.7348326E-03  2.2420100E-05  1.940E-06  1.000E-20  3.780E-05  9.805E-01  1.152E+00  2.76E+02  2.44E+02  6.68E+01  0.355795  0.650738  0.0000000E+00  1.1065776207E-01
197  0.358708847184280E+07   50.725955  6.252397  4.084579  0.2009117E+00  0.7854006E+00  9.3971363E-05  2.4741674E-05  8.1234394E-03  1.2634251E-04  1.6483382E-07  2.5377353E-08  1.7764174E-03  5.7005085E-06  3.529E-06  0.5207  4.358037   -3.650  2.129622  8.229782  0.0000000E+00  0.9862513E+00  1.6661097E-04  1.2296414E-09  7.8563383E-03  1.3726981E-04  1.9636406E-07  2.4131521E-04  1.7348326E-03  2.2420100E-05  1.940E-06  1.000E-20  3.780E-05  9.805E-01  1.152E+00  2.76E+02  2.44E+02  6.68E+01  0.355795  0.650738  0.0000000E+00  1.1065776207E-01
198  0.358708847184280E+07   50.725955  6.252397  4.084579  0.2009117E+00  0.7854006E+00  9.3971363E-05  2.4741674E-05  8.1234394E-03  1.2634251E-04  1.6483382E-07  2.5377353E-08  1.7764174E-03  5.7005085E-06  3.529E-06  0.5207  4.358037   -3.650  2.129622  8.229782  0.0000000E+00  0.9862513E+00  1.6661097E-04  1.2296414E-09  7.8563383E-03  1.3726981E-04  1.9636406E-07  2.4131521E-04  1.7348326E-03  2.2420100E-05  1.940E-06  1.000E-20  3.780E-05  9.805E-01  1.152E+00  2.76E+02  2.44E+02  6.68E+01  0.355795  0.650738  0.0000000E+00  1.1065776207E-01
199  0.358708847184280E+07   50.725955  6.252397  4.084579  0.2009117E+00  0.7854006E+00  9.3971363E-05  2.4741674E-05  8.1234394E-03  1.2634251E-04  1.6483382E-07  2.5377353E-08  1.7764174E-03  5.7005085E-06  3.529E-06  0.5207  4.358037   -3.650  2.129622  8.229782  0.0000000E+00  0.9862513E+00  1.6661097E-04  1.2296414E-09  7.8563383E-03  1.3726981E-04  1.9636406E-07  2.4131521E-04  1.7348326E-03  2.2420100E-05  1.940E-06  1.000E-20  3.780E-05  9.805E-01  1.152E+00  2.76E+02  2.44E+02  6.68E+01  0.355795  0.650738  0.0000000E+00  1.1065776207E-01
200  0.358708847184280E+07   50.725955  6.252397  4.084579  0.2009117E+00  0.7854006E+00  9.3971363E-05  2.4741674E-05  8.1234394E-03  1.2634251E-04  1.6483382E-07  2.5377353E-08  1.7764174E-03  5.7005085E-06  3.529E-06  0.5207  4.358037   -3.650  2.129622  8.229782  0.0000000E+00  0.9862513E+00  1.6661097E-04  1.2296414E-09  7.8563383E-03  1.3726981E-04  1.9636406E-07  2.4131521E-04  1.7348326E-03  2.2420100E-05  1.940E-06  1.000E-20  3.780E-05  9.805E-01  1.152E+00  2.76E+02  2.44E+02  6.68E+01  0.355795  0.650738  0.0000000E+00  1.1065776207E-01
201  0.358708847184280E+07   50.725955  6.252397  4.084579  0.2009117E+00  0.7854006E+00  9.3971363E-05  2.4741674E-05  8.1234394E-03  1.2634251E-04  1.6483382E-07  2.5377353E-08  1.7764174E-03  5.7005085E-06  3.529E-06  0.5207  4.358037   -3.650  2.129622  8.229782  0.0000000E+00  0.9862513E+00  1.6661097E-04  1.2296414E-09  7.8563383E-03  1.3726981E-04  1.9636406E-07  2.4131521E-04  1.7348326E-03  2.2420100E-05  1.940E-06  1.000E-20  3.780E-05  9.805E-01  1.152E+00  2.76E+02  2.44E+02  6.68E+01  0.355795  0.650738  0.0000000E+00  1.1065776207E-01
202  0.358708847184280E+07   50.725955  6.252397  4.084579  0.2009117E+00  0.7854006E+00  9.3971363E-05  2.4741674E-05  8.1234394E-03  1.2634251E-04  1.6483382E-07  2.5377353E-08  1.7764174E-03  5.7005085E-06  3.529E-06  0.5207  4.358037   -3.650  2.129622  8.229782  0.0000000E+00  0.9862513E+00  1.6661097E-04  1.2296414E-09  7.8563383E-03  1.3726981E-04  1.9636406E-07  2.4131521E-04  1.7348326E-03  2.2420100E-05  1.940E-06  1.000E-20  3.780E-05  9.805E-01  1.152E+00  2.76E+02  2.44E+02  6.68E+01  0.355795  0.650738  0.0000000E+00  1.1065776207E-01
203  0.358708847184280E+07   50.725955  6.252397  4.084579  0.2009117E+00  0.7854006E+00  9.3971363E-05  2.4741674E-05  8.1234394E-03  1.2634251E-04  1.6483382E-07  2.5377353E-08  1.7764174E-03  5.7005085E-06  3.529E-06  0.5207  4.358037   -3.650  2.129622  8.229782  0.0000000E+00  0.9862513E+00  1.6661097E-04  1.2296414E-09  7.8563383E-03  1.3726981E-04  1.9636406E-07  2.4131521E-04  1.7348326E-03  2.2420100E-05  1.940E-06  1.000E-20  3.780E-05  9.805E-01  1.152E+00  2.76E+02  2.44E+02  6.68E+01  0.355795  0.650738  0.0000000E+00  1.1065776207E-01
204  0.358708847184280E+07   50.725955  6.252397  4.084579  0.2009117E+00  0.7854006E+00  9.3971363E-05  2.4741674E-05  8.1234394E-03  1.2634251E-04  1.6483382E-07  2.5377353E-08  1.7764174E-03  5.7005085E-06  3.529E-06  0.5207  4.358037   -3.650  2.129622  8.229782  0.0000000E+00  0.9862513E+00  1.6661097E-04  1.2296414E-09  7.8563383E-03  1.3726981E-04  1.9636406E-07  2.4131521E-04  1.7348326E-03  2.2420100E-05  1.940E-06  1.000E-20  3.780E-05  9.805E-01  1.152E+00  2.76E+02  2.44E+02  6.68E+01  0.355795  0.650738  0.0000000E+00  1.1065776207E-01
205  0.358708847184280E+07   50.725955  6.252397  4.084579  0.2009117E+00  0.7854006E+00  9.3971363E-05  2.4741674E-05  8.1234394E-03  1.2634251E-04  1.6483382E-07  2.5377353E-08  1.7764174E-03  5.7005085E-06  3.529E-06  0.5207  4.358037   -3.650  2.129622  8.229782  0.0000000E+00  0.9862513E+00  1.6661097E-04  1.2296414E-09  7.8563383E-03  1.3726981E-04  1.9636406E-07  2.4131521E-04  1.7348326E-03  2.2420100E-05  1.940E-06  1.000E-20  3.780E-05  9.805E-01  1.152E+00  2.76E+02  2.44E+02  6.68E+01  0.355795  0.650738  0.0000000E+00  1.1065776207E-01
206  0.358708847184280E+07   50.725955  6.252397  4.084579  0.2009117E+00  0.7854006E+00  9.3971363E-05  2.4741674E-05  8.1234394E-03  1.2634251E-04  1.6483382E-07  2.5377353E-08  1.7764174E-03  5.7005085E-06  3.529E-06  0.5207  4.358037   -3.650  2.129622  8.229782  0.0000000E+00  0.9862513E+00  1.6661097E-04  1.2296414E-09  7.8563383E-03  1.3726981E-04  1.9636406E-07  2.4131521E-04  1.7348326E-03  2.2420100E-05  1.940E-06  1.000E-20  3.780E-05  9.805E-01  1.152E+00  2.76E+02  2.44E+02  6.68E+01  0.355795  0.650738  0.0000000E+00  1.1065776207E-01
207  0.358708847184280E+07   50.725955  6.252397  4.084579  0.2009117E+00  0.7854006E+00  9.3971363E-05  2.4741674E-05  8.1234394E-03  1.2634251E-04  1.6483382E-07  2.5377353E-08  1.7764174E-03  5.7005085E-06  3.529E-06  0.5207  4.358037   -3.650  2.129622  8.229782  0.0000000E+00  0.9862513E+00  1.6661097E-04  1.2296414E-09  7.8563383E-03  1.3726981E-04  1.9636406E-07  2.4131521E-04  1.7348326E-03  2.2420100E-05  1.940E-06  1.000E-20  3.780E-05  9.805E-01  1.152E+00  2.76E+02  2.44E+02  6.68E+01  0.355795  0.650738  0.0000000E+00  1.1065776207E-01
208  0.358708847184280E+07   50.725955  6.252397  4.084579  0.2009117E+00  0.7854006E+00  9.3971363E-05  2.4741674E-05  8.1234394E-03  1.2634251E-04  1.6483382E-07  2.5377353E-08  1.7764174E-03  5.7005085E-06  3.529E-06  0.5207  4.358037   -3.650  2.129622  8.229782  0.0000000E+00  0.9862513E+00  1.6661097E-04  1.2296414E-09  7.8563383E-03  1.3726981E-04  1.9636406E-07  2.4131521E-04  1.7348326E-03  2.2420100E-05  1.940E-06  1.000E-20  3.780E-05  9.805E-01  1.152E+00  2.76E+02  2.44E+02  6.68E+01  0.355795  0.650738  0.0000000E+00  1.1065776207E-01
209  0.358708847184280E+07   50.725955  6.252397  4.084579  0.2009117E+00  0.7854006E+00  9.3971363E-05  2.4741674E-05  8.1234394E-03  1.2634251E-04  1.6483382E-07  2.5377353E-08  1.7764174E-03  5.7005085E-06  3.529E-06  0.5207  4.358037   -3.650  2.129622  8.229782  0.0000000E+00  0.9862513E+00  1.6661097E-04  1.2296414E-09  7.8563383E-03  1.3726981E-04  1.9636406E-07  2.4131521E-04  1.7348326E-03  2.2420100E-05  1.940E-06  1.000E-20  3.780E-05  9.805E-01  1.152E+00  2.76E+02  2.44E+02  6.68E+01  0.355795  0.650738  0.0000000E+00  1.1065776207E-01
210  0.358708847184280E+07   50.725955  6.252397  4.084579  0.2009117E+00  0.7854006E+00  9.3971363E-05  2.4741674E-05  8.1234394E-03  1.2634251E-04  1.6483382E-07  2.5377353E-08  1.7764174E-03  5.7005085E-06  3.529E-06  0.5207  4.358037   -3.650  2.129622  8.229782  0.0000000E+00  0.9862513E+00  1.6661097E-04  1.2296414E-09  7.8563383E-03  1.3726981E-04  1.9636406E-07  2.4131521E-04  1.7348326E-03  2.2420100E-05  1.940E-06  1.000E-20  3.780E-05  9.805E-01  1.152E+00  2.76E+02  2.44E+02  6.68E+01  0.355795  0.650738  0.0000000E+00  1.1065776207E-01
211  0.358708847184280E+07   50.725955  6.252397  4.084579  0.2009117E+00  0.7854006E+00  9.3971363E-05  2.4741674E-05  8.1234394E-03  1.2634251E-04  1.6483382E-07  2.5377353E-08  1.7764174E-03  5.7005085E-06  3.529E-06  0.5207  4.358037   -3.650  2.129622  8.229782  0.0000000E+00  0.9862513E+00  1.6661097E-04  1.2296414E-09  7.8563383E-03  1.3726981E-04  1.9636406E-07  2.4131521E-04  1.7348326E-03  2.2420100E-05  1.940E-06  1.000E-20  3.780E-05  9.805E-01  1.152E+00  2.76E+02  2.44E+02  6.68E+01  0.355795  0.650738  0.0000000E+00  1.1065776207E-01
212  0.358708847184280E+07   50.725955  6.252397  4.084579  0.2009117E+00  0.7854006E+00  9.3971363E-05  2.4741674E-05  8.1234394E-03  1.2634251E-04  1.6483382E-07  2.5377353E-08  1.7764174E-03  5.7005085E-06  3.529E-06  0.5207  4.358037   -3.650  2.129622  8.229782  0.0000000E+00  0.9862513E+00  1.6661097E-04  1.2296414E-09  7.8563383E-03  1.3726981E-04  1.9636406E-07  2.4131521E-04  1.7348326E-03  2.2420100E-05  1.940E-06  1.000E-20  3.780E-05  9.805E-01  1.152E+00  2.76E+02  2.44E+02  6.68E+01  0.355795  0.650738  0.0000000E+00  1.1065776207E-01
213  0.358708847184280E+07   50.725955  6.252397  4.084579  0.2009117E+00  0.7854006E+00  9.3971363E-05  2.4741674E-05  8.1234394E-03  1.2634251E-04  1.6483382E-07  2.5377353E-08  1.7764174E-03  5.7005085E-06  3.529E-06  0.5207  4.358037   -3.650  2.129622  8.229782  0.0000000E+00  0.9862513E+00  1.6661097E-04  1.2296414E-09  7.8563383E-03  1.3726981E-04  1.9636406E-07  2.4131521E-04  1.7348326E-03  2.2420100E-05  1.940E-06  1.000E-20  3.780E-05  9.805E-01  1.152E+00  2.76E+02  2.44E+02  6.68E+01  0.355795  0.650738  0.0000000E+00  1.1065776207E-01
214  0.358708847184280E+07   50.725955  6.252397  4.084579  0.2009117E+00  0.7854006E+00  9.3971363E-05  2.4741674E-05  8.1234394E-03  1.2634251E-04  1.6483382E-07  2.5377353E-08  1.7764174E-03  5.7005085E-06  3.529E-06  0.5207  4.358037   -3.650  2.129622  8.229782  0.0000000E+00  0.9862513E+00  1.6661097E-04  1.2296414E-09  7.8563383E-03  1.3726981E-04  1.9636406E-07  2.4131521E-04  1.7348326E-03  2.2420100E-05  1.940E-06  1.000E-20  3.780E-05  9.805E-01  1.152E+00  2.76E+02  2.44E+02  6.68E+01  0.355795  0.650738  0.0000000E+00  1.1065776207E-01
215  0.358708847184280E+07   50.725955  6.252397  4.084579  0.2009117E+00  0.7854006E+00  9.3971363E-05  2.4741674E-05  8.1234394E-03  1.2634251E-04  1.6483382E-07  2.5377353E-08  1.7764174E-03  5.7005085E-06  3.529E-06  0.5207  4.358037   -3.650  2.129622  8.229782  0.0000000E+00  0.9862513E+00  1.6661097E-04  1.2296414E-09  7.8563383E-03  1.3726981E-04  1.9636406E-07  2.4131521E-04  1.7348326E-03  2.2420100E-05  1.940E-06  1.000E-20  3.780E-05  9.805E-01  1.152E+00  2.76E+02  2.44E+02  6.68E+01  0.355795  0.650738  0.0000000E+00  1.1065776207E-01
216  0.358708847184280E+07   50.725955  6.252397  4.084579  0.2009117E+00  0.7854006E+00  9.3971363E-05  2.4741674E-05  8.1234394E-03  1.2634251E-04  1.6483382E-07  2.5377353E-08  1.7764174E-03  5.7005085E-06  3.529E-06  0.5207  4.358037   -3.650  2.129622  8.229782  0.0000000E+00  0.9862513E+00  1.6661097E-04  1.2296414E-09  7.8563383E-03  1.3726981E-04  1.9636406E-07  2.4131521E-04  1.7348326E-03  2.2420100E-05  1.940E-06  1.000E-20  3.780E-05  9.805E-01  1.152E+00  2.76E+02  2.44E+02  6.68E+01  0.355795  0.650738  0.0000000E+00  1.1065776207E-01
217  0.358708847184280E+07   50.725955  6.252397  4.084579  0.2009117E+00  0.7854006E+00  9.3971363E-05  2.4741674E-05  8.1234394E-03  1.2634251E-04  1.6483382E-07  2.5377353E-08  1.7764174E-03  5.7005085E-06  3.529E-06  0.5207  4.358037   -3.650  2.129622  8.229782  0.0000000E+00  0.9862513E+00  1.6661097E-04  1.2296414E-09  7.8563383E-03  1.3726981E-04  1.9636406E-07  2.4131521E-04  1.7348326E-03  2.2420100E-05  1.940E-06  1.000E-20  3.780E-05  9.805E-01  1.152E+00  2.76E+02  2.44E+02  6.68E+01  0.355795  0.650738  0.0000000E+00  1.1065776207E-01
218  0.358708847184280E+07   50.725955  6.252397  4.084579  0.2009117E+00  0.7854006E+00  9.3971363E-05  2.4741674E-05  8.1234394E-03  1.2634251E-04  1.6483382E-07  2.5377353E-08  1.7764174E-03  5.7005085E-06  3.529E-06  0.5207  4.358037   -3.650  2.129622  8.229782  0.0000000E+00  0.9862513E+00  1.6661097E-04  1.2296414E-09  7.8563383E-03  1.3726981E-04  1.9636406E-07  2.4131521E-04  1.7348326E-03  2.2420100E-05  1.940E-06  1.000E-20  3.780E-05  9.805E-01  1.152E+00  2.76E+02  2.44E+02  6.68E+01  0.355795  0.650738  0.0000000E+00  1.1065776207E-01
219  0.358708847184280E+07   50.725955  6.252397  4.084579  0.2009117E+00  0.7854006E+00  9.3971363E-05  2.4741674E-05  8.1234394E-03  1.2634251E-04  1.6483382E-07  2.5377353E-08  1.7764174E-03  5.7005085E-06  3.529E-06  0.5207  4.358037   -3.650  2.129622  8.229782  0.0000000E+00  0.9862513E+00  1.6661097E-04  1.2296414E-09  7.8563383E-03  1.3726981E-04  1.9636406E-07  2.4131521E-04  1.7348326E-03  2.2420100E-05  1.940E-06  1.000E-20  3.780E-05  9.805E-01  1.152E+00  2.76E+02  2.44E+02  6.68E+01  0.355795  0.650738  0.0000000E+00  1.1065776207E-01
220  0.358708847184280E+07   50.725955  6.252397  4.084579  0.2009117E+00  0.7854006E+00  9.3971363E-05  2.4741674E-05  8.1234394E-03  1.2634251E-04  1.6483382E-07  2.5377353E-08  1.7764174E-03  5.7005085E-06  3.529E-06  0.5207  4.358037   -3.650  2.129622  8.229782  0.0000000E+00  0.9862513E+00  1.6661097E-04  1.2296414E-09  7.8563383E-03  1.3726981E-04  1.9636406E-07  2.4131521E-04  1.7348326E-03  2.2420100E-05  1.940E-06  1.000E-20  3.780E-05  9.805E-01  1.152E+00  2.76E+02  2.44E+02  6.68E+01  0.355795  0.650738  0.0000000E+00  1.1065776207E-01
221  0.358708847184280E+07   50.725955  6.252397  4.084579  0.2009117E+00  0.7854006E+00  9.3971363E-05  2.4741674E-05  8.1234394E-03  1.2634251E-04  1.6483382E-07  2.5377353E-08  1.7764174E-03  5.7005085E-06  3.529E-06  0.5207  4.358037   -3.650  2.129622  8.229782  0.0000000E+00  0.9862513E+00  1.6661097E-04  1.2296414E-09  7.8563383E-03  1.3726981E-04  1.9636406E-07  2.4131521E-04  1.7348326E-03  2.2420100E-05  1.940E-06  1.000E-20  3.780E-05  9.805E-01  1.152E+00  2.76E+02  2.44E+02  6.68E+01  0.355795  0.650738  0.0000000E+00  1.1065776207E-01
222  0.358708847184280E+07   50.725955  6.252397  4.084579  0.2009117E+00  0.7854006E+00  9.3971363E-05  2.4741674E-05  8.1234394E-03  1.2634251E-04  1.6483382E-07  2.5377353E-08  1.7764174E-03  5.7005085E-06  3.529E-06  0.5207  4.358037   -3.650  2.129622  8.229782  0.0000000E+00  0.9862513E+00  1.6661097E-04  1.2296414E-09  7.8563383E-03  1.3726981E-04  1.9636406E-07  2.4131521E-04  1.7348326E-03  2.2420100E-05  1.940E-06  1.000E-20  3.780E-05  9.805E-01  1.152E+00  2.76E+02  2.44E+02  6.68E+01  0.355795  0.650738  0.0000000E+00  1.1065776207E-01
223  0.358708847184280E+07   50.725955  6.252397  4.084579  0.2009117E+00  0.7854006E+00  9.3971363E-05  2.4741674E-05  8.1234394E-03  1.2634251E-04  1.6483382E-07  2.5377353E-08  1.7764174E-03  5.7005085E-06  3.529E-06  0.5207  4.358037   -3.650  2.129622  8.229782  0.0000000E+00  0.9862513E+00  1.6661097E-04  1.2296414E-09  7.8563383E-03  1.3726981E-04  1.9636406E-07  2.4131521E-04  1.7348326E-03  2.2420100E-05  1.940E-06  1.000E-20  3.780E-05  9.805E-01  1.152E+00  2.76E+02  2.44E+02  6.68E+01  0.355795  0.650738  0.0000000E+00  1.1065776207E-01
224  0.358708847184280E+07   50.725955  6.252397  4.084579  0.2009117E+00  0.7854006E+00  9.3971363E-05  2.4741674E-05  8.1234394E-03  1.2634251E-04  1.6483382E-07  2.5377353E-08  1.7764174E-03  5.7005085E-06  3.529E-06  0.5207  4.358037   -3.650  2.129622  8.229782  0.0000000E+00  0.9862513E+00  1.6661097E-04  1.2296414E-09  7.8563383E-03  1.3726981E-04  1.9636406E-07  2.4131521E-04  1.7348326E-03  2.2420100E-05  1.940E-06  1.000E-20  3.780E-05  9.805E-01  1.152E+00  2.76E+02  2.44E+02  6.68E+01  0.355795  0.650738  0.0000000E+00  1.1065776207E-01
225  0.358708847184280E+07   50.725955  6.252397  4.084579  0.2009117E+00  0.7854006E+00  9.3971363E-05  2.4741674E-05  8.1234394E-03  1.2634251E-04  1.6483382E-07  2.5377353E-08  1.7764174E-03  5.7005085E-06  3.529E-06  0.5207  4.358037   -3.650  2.129622  8.229782  0.0000000E+00  0.9862513E+00  1.6661097E-04  1.2296414E-09  7.8563383E-03  1.3726981E-04  1.9636406E-07  2.4131521E-04  1.7348326E-03  2.2420100E-05  1.940E-06  1.000E-20  3.780E-05  9.805E-01  1.152E+00  2.76E+02  2.44E+02  6.68E+01  0.355795  0.650738  0.0000000E+00  1.1065776207E-01
226  0.358708847184280E+07   50.725955  6.252397  4.084579  0.2009117E+00  0.7854006E+00  9.3971363E-05  2.4741674E-05  8.1234394E-03  1.2634251E-04  1.6483382E-07  2.5377353E-08  1.7764174E-03  5.7005085E-06  3.529E-06  0.5207  4.358037   -3.650  2.129622  8.229782  0.0000000E+00  0.9862513E+00  1.6661097E-04  1.2296414E-09  7.8563383E-03  1.3726981E-04  1.9636406E-07  2.4131521E-04  1.7348326E-03  2.2420100E-05  1.940E-06  1.000E-20  3.780E-05  9.805E-01  1.152E+00  2.76E+02  2.44E+02  6.68E+01  0.355795  0.650738  0.0000000E+00  1.1065776207E-01
227  0.358708847184280E+07   50.725955  6.252397  4.084579  0.2009117E+00  0.7854006E+00  9.3971363E-05  2.4741674E-05  8.1234394E-03  1.2634251E-04  1.6483382E-07  2.5377353E-08  1.7764174E-03  5.7005085E-06  3.529E-06  0.5207  4.358037   -3.650  2.129622  8.229782  0.0000000E+00  0.9862513E+00  1.6661097E-04  1.2296414E-09  7.8563383E-03  1.3726981E-04  1.9636406E-07  2.4131521E-04  1.7348326E-03  2.2420100E-05  1.940E-06  1.000E-20  3.780E-05  9.805E-01  1.152E+00  2.76E+02  2.44E+02  6.68E+01  0.355795  0.650738  0.0000000E+00  1.1065776207E-01
228  0.358708847184280E+07   50.725955  6.252397  4.084579  0.2009117E+00  0.7854006E+00  9.3971363E-05  2.4741674E-05  8.1234394E-03  1.2634251E-04  1.6483382E-07  2.5377353E-08  1.7764174E-03  5.7005085E-06  3.529E-06  0.5207  4.358037   -3.650  2.129622  8.229782  0.0000000E+00  0.9862513E+00  1.6661097E-04  1.2296414E-09  7.8563383E-03  1.3726981E-04  1.9636406E-07  2.4131521E-04  1.7348326E-03  2.2420100E-05  1.940E-06  1.000E-20  3.780E-05  9.805E-01  1.152E+00  2.76E+02  2.44E+02  6.68E+01  0.355795  0.650738  0.0000000E+00  1.1065776207E-01
229  0.358708847184280E+07   50.725955  6.252397  4.084579  0.2009117E+00  0.7854006E+00  9.3971363E-05  2.4741674E-05  8.1234394E-03  1.2634251E-04  1.6483382E-07  2.5377353E-08  1.7764174E-03  5.7005085E-06  3.529E-06  0.5207  4.358037   -3.650  2.129622  8.229782  0.0000000E+00  0.9862513E+00  1.6661097E-04  1.2296414E-09  7.8563383E-03  1.3726981E-04  1.9636406E-07  2.4131521E-04  1.7348326E-03  2.2420100E-05  1.940E-06  1.000E-20  3.780E-05  9.805E-01  1.152E+00  2.76E+02  2.44E+02  6.68E+01  0.355795  0.650738  0.0000000E+00  1.1065776207E-01
230  0.358708847184280E+07   50.725955  6.252397  4.084579  0.2009117E+00  0.7854006E+00  9.3971363E-05  2.4741674E-05  8.1234394E-03  1.2634251E-04  1.6483382E-07  2.5377353E-08  1.7764174E-03  5.7005085E-06  3.529E-06  0.5207  4.358037   -3.650  2.129622  8.229782  0.0000000E+00  0.9862513E+00  1.6661097E-04  1.2296414E-09  7.8563383E-03  1.3726981E-04  1.9636406E-07  2.4131521E-04  1.7348326E-03  2.2420100E-05  1.940E-06  1.000E-20  3.780E-05  9.805E-01  1.152E+00  2.76E+02  2.44E+02  6.68E+01  0.355795  0.650738  0.0000000E+00  1.1065776207E-01
231  0.358708847184280E+07   50.725955  6.252397  4.084579  0.2009117E+00  0.7854006E+00  9.3971363E-05  2.4741674E-05  8.1234394E-03  1.2634251E-04  1.6483382E-07  2.5377353E-08  1.7764174E-03  5.7005085E-06  3.529E-06  0.5207  4.358037   -3.650  2.129622  8.229782  0.0000000E+00  0.9862513E+00  1.6661097E-04  1.2296414E-09  7.8563383E-03  1.3726981E-04  1.9636406E-07  2.4131521E-04  1.7348326E-03  2.2420100E-05  1.940E-06  1.000E-20  3.780E-05  9.805E-01  1.152E+00  2.76E+02  2.44E+02  6.68E+01  0.355795  0.650738  0.0000000E+00  1.1065776207E-01
232  0.358708847184280E+07   50.725955  6.252397  4.084579  0.2009117E+00  0.7854006E+00  9.3971363E-05  2.4741674E-05  8.1234394E-03  1.2634251E-04  1.6483382E-07  2.5377353E-08  1.7764174E-03  5.7005085E-06  3.529E-06  0.5207  4.358037   -3.650  2.129622  8.229782  0.0000000E+00  0.9862513E+00  1.6661097E-04  1.2296414E-09  7.8563383E-03  1.3726981E-04  1.9636406E-07  2.4131521E-04  1.7348326E-03  2.2420100E-05  1.940E-06  1.000E-20  3.780E-05  9.805E-01  1.152E+00  2.76E+02  2.44E+02  6.68E+01  0.355795  0.650738  0.0000000E+00  1.1065776207E-01
233  0.358708847184280E+07   50.725955  6.252397  4.084579  0.2009117E+00  0.7854006E+00  9.3971363E-05  2.4741674E-05  8.1234394E-03  1.2634251E-04  1.6483382E-07  2.5377353E-08  1.7764174E-03  5.7005085E-06  3.529E-06  0.5207  4.358037   -3.650  2.129622  8.229782  0.0000000E+00  0.9862513E+00  1.6661097E-04  1.2296414E-09  7.8563383E-03  1.3726981E-04  1.9636406E-07  2.4131521E-04  1.7348326E-03  2.2420100E-05  1.940E-06  1.000E-20  3.780E-05  9.805E-01  1.152E+00  2.76E+02  2.44E+02  6.68E+01  0.355795  0.650738  0.0000000E+00  1.1065776207E-01
234  0.358708847184280E+07   50.725955  6.252397  4.084579  0.2009117E+00  0.7854006E+00  9.3971363E-05  2.4741674E-05  8.1234394E-03  1.2634251E-04  1.6483382E-07  2.5377353E-08  1.7764174E-03  5.7005085E-06  3.529E-06  0.5207  4.358037   -3.650  2.129622  8.229782  0.0000000E+00  0.9862513E+00  1.6661097E-04  1.2296414E-09  7.8563383E-03  1.3726981E-04  1.9636406E-07  2.4131521E-04  1.7348326E-03  2.2420100E-05  1.940E-06  1.000E-20  3.780E-05  9.805E-01  1.152E+00  2.76E+02  2.44E+02  6.68E+01  0.355795  0.650738  0.0000000E+00  1.1065776207E-01
235  0.358708847184280E+07   50.725955  6.252397  4.084579  0.2009117E+00  0.7854006E+00  9.3971363E-05  2.4741674E-05  8.1234394E-03  1.2634251E-04  1.6483382E-07  2.5377353E-08  1.7764174E-03  5.7005085E-06  3.529E-06  0.5207  4.358037   -3.650  2.129622  8.229782  0.0000000E+00  0.9862513E+00  1.6661097E-04  1.2296414E-09  7.8563383E-03  1.3726981E-04  1.9636406E-07  2.4131521E-04  1.7348326E-03  2.2420100E-05  1.940E-06  1.000E-20  3.780E-05  9.805E-01  1.152E+00  2.76E+02  2.44E+02  6.68E+01  0.355795  0.650738  0.0000000E+00  1.1065776207E-01
236  0.358708847184280E+07   50.725955  6.252397  4.084579  0.2009117E+00  0.7854006E+00  9.3971363E-05  2.4741674E-05  8.1234394E-03  1.2634251E-04  1.6483382E-07  2.5377353E-08  1.7764174E-03  5.7005085E-06  3.529E-06  0.5207  4.358037   -3.650  2.129622  8.229782  0.0000000E+00  0.9862513E+00  1.6661097E-04  1.2296414E-09  7.8563383E-03  1.3726981E-04  1.9636406E-07  2.4131521E-04  1.7348326E-03  2.2420100E-05  1.940E-06  1.000E-20  3.780E-05  9.805E-01  1.152E+00  2.76E+02  2.44E+02  6.68E+01  0.355795  0.650738  0.0000000E+00  1.1065776207E-01
237  0.358708847184280E+07   50.725955  6.252397  4.084579  0.2009117E+00  0.7854006E+00  9.3971363E-05  2.4741674E-05  8.1234394E-03  1.2634251E-04  1.6483382E-07  2.5377353E-08  1.7764174E-03  5.7005085E-06  3.529E-06  0.5207  4.358037   -3.650  2.129622  8.229782  0.0000000E+00  0.9862513E+00  1.6661097E-04  1.2296414E-09  7.8563383E-03  1.3726981E-04  1.9636406E-07  2.4131521E-04  1.7348326E-03  2.2420100E-05  1.940E-06  1.000E-20  3.780E-05  9.805E-01  1.152E+00  2.76E+02  2.44E+02  6.68E+01  0.355795  0.650738  0.0000000E+00  1.1065776207E-01
238  0.358708847184280E+07   50.725955  6.252397  4.084579  0.2009117E+00  0.7854006E+00  9.3971363E-05  2.4741674E-05  8.1234394E-03  1.2634251E-04  1.6483382E-07  2.5377353E-08  1.7764174E-03  5.7005085E-06  3.529E-06  0.5207  4.358037   -3.650  2.129622  8.229782  0.0000000E+00  0.9862513E+00  1.6661097E-04  1.2296414E-09  7.8563383E-03  1.3726981E-04  1.9636406E-07  2.4131521E-04  1.7348326E-03  2.2420100E-05  1.940E-06  1.000E-20  3.780E-05  9.805E-01  1.152E+00  2.76E+02  2.44E+02  6.68E+01  0.355795  0.650738  0.0000000E+00  1.1065776207E-01
239  0.358708847184280E+07   50.725955  6.252397  4.084579  0.2009117E+00  0.7854006E+00  9.3971363E-05  2.4741674E-05  8.1234394E-03  1.2634251E-04  1.6483382E-07  2.5377353E-08  1.7764174E-03  5.7005085E-06  3.529E-06  0.5207  4.358037   -3.650  2.129622  8.229782  0.0000000E+00  0.9862513E+00  1.6661097E-04  1.2296414E-09  7.8563383E-03  1.3726981E-04  1.9636406E-07  2.4131521E-04  1.7348326E-03  2.2420100E-05  1.940E-06  1.000E-20  3.780E-05  9.805E-01  1.152E+00  2.76E+02  2.44E+02  6.68E+01  0.355795  0.650738  0.0000000E+00  1.1065776207E-01
240  0.358708847184280E+07   50.725955  6.252397  4.084579  0.2009117E+00  0.7854006E+00  9.3971363E-05  2.4741674E-05  8.1234394E-03  1.2634251E-04  1.6483382E-07  2.5377353E-08  1.7764174E-03  5.7005085E-06  3.529E-06  0.5207  4.358037   -3.650  2.129622  8.229782  0.0000000E+00  0.9862513E+00  1.6661097E-04  1.2296414E-09  7.8563383E-03  1.3726981E-04  1.9636406E-07  2.4131521E-04  1.7348326E-03  2.2420100E-05  1.940E-06  1.000E-20  3.780E-05  9.805E-01  1.152E+00  2.76E+02  2.44E+02  6.68E+01  0.355795  0.650738  0.0000000E+00  1.1065776207E-01
241  0.358708847184280E+07   50.725955  6.252397  4.084579  0.2009117E+00  0.7854006E+00  9.3971363E-05  2.4741674E-05  8.1234394E-03  1.2634251E-04  1.6483382E-07  2.5377353E-08  1.7764174E-03  5.7005085E-06  3.529E-06  0.5207  4.358037   -3.650  2.129622  8.229782  0.0000000E+00  0.9862513E+00  1.6661097E-04  1.2296414E-09  7.8563383E-03  1.3726981E-04  1.9636406E-07  2.4131521E-04  1.7348326E-03  2.2420100E-05  1.940E-06  1.000E-20  3.780E-05  9.805E-01  1.152E+00  2.76E+02  2.44E+02  6.68E+01  0.355795  0.650738  0.0000000E+00  1.1065776207E-01
242  0.358708847184280E+07   50.725955  6.252397  4.084579  0.2009117E+00  0.7854006E+00  9.3971363E-05  2.4741674E-05  8.1234394E-03  1.2634251E-04  1.6483382E-07  2.5377353E-08  1.7764174E-03  5.7005085E-06  3.529E-06  0.5207  4.358037   -3.650  2.129622  8.229782  0.0000000E+00  0.9862513E+00  1.6661097E-04  1.2296414E-09  7.8563383E-03  1.3726981E-04  1.9636406E-07  2.4131521E-04  1.7348326E-03  2.2420100E-05  1.940E-06  1.000E-20  3.780E-05  9.805E-01  1.152E+00  2.76E+02  2.44E+02  6.68E+01  0.355795  0.650738  0.0000000E+00  1.1065776207E-01
243  0.358708847184280E+07   50.725955  6.252397  4.084579  0.2009117E+00  0.7854006E+00  9.3971363E-05  2.4741674E-05  8.1234394E-03  1.2634251E-04  1.6483382E-07  2.5377353E-08  1.7764174E-03  5.7005085E-06  3.529E-06  0.5207  4.358037   -3.650  2.129622  8.229782  0.0000000E+00  0.9862513E+00  1.6661097E-04  1.2296414E-09  7.8563383E-03  1.3726981E-04  1.9636406E-07  2.4131521E-04  1.7348326E-03  2.2420100E-05  1.940E-06  1.000E-20  3.780E-05  9.805E-01  1.152E+00  2.76E+02  2.44E+02  6.68E+01  0.355795  0.650738  0.0000000E+00  1.1065776207E-01
244  0.358708847184280E+07   50.725955  6.252397  4.084579  0.2009117E+00  0.7854006E+00  9.3971363E-05  2.4741674E-05  8.1234394E-03  1.2634251E-04  1.6483382E-07  2.5377353E-08  1.7764174E-03  5.7005085E-06  3.529E-06  0.5207  4.358037   -3.650  2.129622  8.229782  0.0000000E+00  0.9862513E+00  1.6661097E-04  1.2296414E-09  7.8563383E-03  1.3726981E-04  1.9636406E-07  2.4131521E-04  1.7348326E-03  2.2420100E-05  1.940E-06  1.000E-20  3.780E-05  9.805E-01  1.152E+00  2.76E+02  2.44E+02  6.68E+01  0.355795  0.650738  0.0000000E+00  1.1065776207E-01
245  0.358708847184280E+07   50.725955  6.252397  4.084579  0.2009117E+00  0.7854006E+00  9.3971363E-05  2.4741674E-05  8.1234394E-03  1.2634251E-04  1.6483382E-07  2.5377353E-08  1.7764174E-03  5.7005085E-06  3.529E-06  0.5207  4.358037   -3.650  2.129622  8.229782  0.0000000E+00  0.9862513E+00  1.6661097E-04  1.2296414E-09  7.8563383E-03  1.3726981E-04  1.9636406E-07  2.4131521E-04  1.7348326E-03  2.2420100E-05  1.940E-06  1.000E-20  3.780E-05  9.805E-01  1.152E+00  2.76E+02  2.44E+02  6.68E+01  0.355795  0.650738  0.0000000E+00  1.1065776207E-01
246  0.358708847184280E+07   50.725955  6.252397  4.084579  0.2009117E+00  0.7854006E+00  9.3971363E-05  2.4741674E-05  8.1234394E-03  1.2634251E-04  1.6483382E-07  2.5377353E-08  1.7764174E-03  5.7005085E-06  3.529E-06  0.5207  4.358037   -3.650  2.129622  8.229782  0.0000000E+00  0.9862513E+00  1.6661097E-04  1.2296414E-09  7.8563383E-03  1.3726981E-04  1.9636406E-07  2.4131521E-04  1.7348326E-03  2.2420100E-05  1.940E-06  1.000E-20  3.780E-05  9.805E-01  1.152E+00  2.76E+02  2.44E+02  6.68E+01  0.355795  0.650738  0.0000000E+00  1.1065776207E-01
247  0.358708847184280E+07   50.725955  6.252397  4.084579  0.2009117E+00  0.7854006E+00  9.3971363E-05  2.4741674E-05  8.1234394E-03  1.2634251E-04  1.6483382E-07  2.5377353E-08  1.7764174E-03  5.7005085E-06  3.529E-06  0.5207  4.358037   -3.650  2.129622  8.229782  0.0000000E+00  0.9862513E+00  1.6661097E-04  1.2296414E-09  7.8563383E-03  1.3726981E-04  1.9636406E-07  2.4131521E-04  1.7348326E-03  2.2420100E-05  1.940E-06  1.000E-20  3.780E-05  9.805E-01  1.152E+00  2.76E+02  2.44E+02  6.68E+01  0.355795  0.650738  0.0000000E+00  1.1065776207E-01
248  0.358708847184280E+07   50.725955  6.252397  4.084579  0.2009117E+00  0.7854006E+00  9.3971363E-05  2.4741674E-05  8.1234394E-03  1.2634251E-04  1.6483382E-07  2.5377353E-08  1.7764174E-03  5.7005085E-06  3.529E-06  0.5207  4.358037   -3.650  2.129622  8.229782  0.0000000E+00  0.9862513E+00  1.6661097E-04  1.2296414E-09  7.8563383E-03  1.3726981E-04  1.9636406E-07  2.4131521E-04  1.7348326E-03  2.2420100E-05  1.940E-06  1.000E-20  3.780E-05  9.805E-01  1.152E+00  2.76E+02  2.44E+02  6.68E+01  0.355795  0.650738  0.0000000E+00  1.1065776207E-01
249  0.358708847184280E+07   50.725955  6.252397  4.084579  0.2009117E+00  0.7854006E+00  9.3971363E-05  2.4741674E-05  8.1234394E-03  1.2634251E-04  1.6483382E-07  2.5377353E-08  1.7764174E-03  5.7005085E-06  3.529E-06  0.5207  4.358037   -3.650  2.129622  8.229782  0.0000000E+00  0.9862513E+00  1.6661097E-04  1.2296414E-09  7.8563383E-03  1.3726981E-04  1.9636406E-07  2.4131521E-04  1.7348326E-03  2.2420100E-05  1.940E-06  1.000E-20  3.780E-05  9.805E-01  1.152E+00  2.76E+02  2.44E+02  6.68E+01  0.355795  0.650738  0.0000000E+00  1.1065776207E-01
250  0.358708847184280E+07   50.725955  6.252397  4.084579  0.2009117E+00  0.7854006E+00  9.3971363E-05  2.4741674E-05  8.1234394E-03  1.2634251E-04  1.6483382E-07  2.5377353E-08  1.7764174E-03  5.7005085E-06  3.529E-06  0.5207  4.358037   -3.650  2.129622  8.229782  0.0000000E+00  0.9862513E+00  1.6661097E-04  1.2296414E-09  7.8563383E-03  1.3726981E-04  1.9636406E-07  2.4131521E-04  1.7348326E-03  2.2420100E-05  1.940E-06  1.000E-20  3.780E-05  9.805E-01  1.152E+00  2.76E+02  2.44E+02  6.68E+01  0.355795  0.650738  0.0000000E+00  1.1065776207E-01
251  0.358708847184280E+07   50.725955  6.252397  4.084579  0.2009117E+00  0.7854006E+00  9.3971363E-05  2.4741674E-05  8.1234394E-03  1.2634251E-04  1.6483382E-07  2.5377353E-08  1.7764174E-03  5.7005085E-06  3.529E-06  0.5207  4.358037   -3.650  2.129622  8.229782  0.0000000E+00  0.9862513E+00  1.6661097E-04  1.2296414E-09  7.8563383E-03  1.3726981E-04  1.9636406E-07  2.4131521E-04  1.7348326E-03  2.2420100E-05  1.940E-06  1.000E-20  3.780E-05  9.805E-01  1.152E+00  2.76E+02  2.44E+02  6.68E+01  0.355795  0.650738  0.0000000E+00  1.1065776207E-01
252  0.358708847184280E+07   50.725955  6.252397  4.084579  0.2009117E+00  0.7854006E+00  9.3971363E-05  2.4741674E-05  8.1234394E-03  1.2634251E-04  1.6483382E-07  2.5377353E-08  1.7764174E-03  5.7005085E-06  3.529E-06  0.5207  4.358037   -3.650  2.129622  8.229782  0.0000000E+00  0.9862513E+00  1.6661097E-04  1.2296414E-09  7.8563383E-03  1.3726981E-04  1.9636406E-07  2.4131521E-04  1.7348326E-03  2.2420100E-05  1.940E-06  1.000E-20  3.780E-05  9.805E-01  1.152E+00  2.76E+02  2.44E+02  6.68E+01  0.355795  0.650738  0.0000000E+00  1.1065776207E-01
253  0.358708847184280E+07   50.725955  6.252397  4.084579  0.2009117E+00  0.7854006E+00  9.3971363E-05  2.4741674E-05  8.1234394E-03  1.2634251E-04  1.6483382E-07  2.5377353E-08  1.7764174E-03  5.7005085E-06  3.529E-06  0.5207  4.358037   -3.650  2.129622  8.229782  0.0000000E+00  0.9862513E+00  1.6661097E-04  1.2296414E-09  7.8563383E-03  1.3726981E-04  1.9636406E-07  2.4131521E-04  1.7348326E-03  2.2420100E-05  1.940E-06  1.000E-20  3.780E-05  9.805E-01  1.152E+00  2.76E+02  2.44E+02  6.68E+01  0.355795  0.650738  0.0000000E+00  1.1065776207E-01
254  0.358708847184280E+07   50.725955  6.252397  4.084579  0.2009117E+00  0.7854006E+00  9.3971363E-05  2.4741674E-05  8.1234394E-03  1.2634251E-04  1.6483382E-07  2.5377353E-08  1.7764174E-03  5.7005085E-06  3.529E-06  0.5207  4.358037   -3.650  2.129622  8.229782  0.0000000E+00  0.9862513E+00  1.6661097E-04  1.2296414E-09  7.8563383E-03  1.3726981E-04  1.9636406E-07  2.4131521E-04  1.7348326E-03  2.2420100E-05  1.940E-06  1.000E-20  3.780E-05  9.805E-01  1.152E+00  2.76E+02  2.44E+02  6.68E+01  0.355795  0.650738  0.0000000E+00  1.1065776207E-01
255  0.358708847184280E+07   50.725955  6.252397  4.084579  0.2009117E+00  0.7854006E+00  9.3971363E-05  2.4741674E-05  8.1234394E-03  1.2634251E-04  1.6483382E-07  2.5377353E-08  1.7764174E-03  5.7005085E-06  3.529E-06  0.5207  4.358037   -3.650  2.129622  8.229782  0.0000000E+00  0.9862513E+00  1.6661097E-04  1.2296414E-09  7.8563383E-03  1.3726981E-04  1.9636406E-07  2.4131521E-04  1.7348326E-03  2.2420100E-05  1.940E-06  1.000E-20  3.780E-05  9.805E-01  1.152E+00  2.76E+02  2.44E+02  6.68E+01  0.355795  0.650738  0.0000000E+00  1.1065776207E-01
256  0.358708847184280E+07   50.725955  6.252397  4.084579  0.2009117E+00  0.7854006E+00  9.3971363E-05  2.4741674E-05  8.1234394E-03  1.2634251E-04  1.6483382E-07  2.5377353E-08  1.7764174E-03  5.7005085E-06  3.529E-06  0.5207  4.358037   -3.650  2.129622  8.229782  0.0000000E+00  0.9862513E+00  1.6661097E-04  1.2296414E-09  7.8563383E-03  1.3726981E-04  1.9636406E-07  2.4131521E-04  1.7348326E-03  2.2420100E-05  1.940E-06  1.000E-20  3.780E-05  9.805E-01  1.152E+00  2.76E+02  2.44E+02  6.68E+01  0.355795  0.650738  0.0000000E+00  1.1065776207E-01
257  0.358708847184280E+07   50.725955  6.252397  4.084579  0.2009117E+00  0.7854006E+00  9.3971363E-05  2.4741674E-05  8.1234394E-03  1.2634251E-04  1.6483382E-07  2.5377353E-08  1.7764174E-03  5.7005085E-06  3.529E-06  0.5207  4.358037   -3.650  2.129622  8.229782  0.0000000E+00  0.9862513E+00  1.6661097E-04  1.2296414E-09  7.8563383E-03  1.3726981E-04  1.9636406E-07  2.4131521E-04  1.7348326E-03  2.2420100E-05  1.940E-06  1.000E-20  3.780E-05  9.805E-01  1.152E+00  2.76E+02  2.44E+02  6.68E+01  0.355795  0.650738  0.0000000E+00  1.1065776207E-01
258  0.358708847184280E+07   50.725955  6.252397  4.084579  0.2009117E+00  0.7854006E+00  9.3971363E-05  2.4741674E-05  8.1234394E-03  1.2634251E-04  1.6483382E-07  2.5377353E-08  1.7764174E-03  5.7005085E-06  3.529E-06  0.5207  4.358037   -3.650  2.129622  8.229782  0.0000000E+00  0.9862513E+00  1.6661097E-04  1.2296414E-09  7.8563383E-03  1.3726981E-04  1.9636406E-07  2.4131521E-04  1.7348326E-03  2.2420100E-05  1.940E-06  1.000E-20  3.780E-05  9.805E-01  1.152E+00  2.76E+02  2.44E+02  6.68E+01  0.355795  0.650738  0.0000000E+00  1.1065776207E-01
259  0.358708847184280E+07   50.725955  6.252397  4.084579  0.2009117E+00  0.7854006E+00  9.3971363E-05  2.4741674E-05  8.1234394E-03  1.2634251E-04  1.6483382E-07  2.5377353E-08  1.7764174E-03  5.7005085E-06  3.529E-06  0.5207  4.358037   -3.650  2.129622  8.229782  0.0000000E+00  0.9862513E+00  1.6661097E-04  1.2296414E-09  7.8563383E-03  1.3726981E-04  1.9636406E-07  2.4131521E-04  1.7348326E-03  2.2420100E-05  1.940E-06  1.000E-20  3.780E-05  9.805E-01  1.152E+00  2.76E+02  2.44E+02  6.68E+01  0.355795  0.650738  0.0000000E+00  1.1065776207E-01
260  0.358708847184280E+07   50.725955  6.252397  4.084579  0.2009117E+00  0.7854006E+00  9.3971363E-05  2.4741674E-05  8.1234394E-03  1.2634251E-04  1.6483382E-07  2.5377353E-08  1.7764174E-03  5.7005085E-06  3.529E-06  0.5207  4.358037   -3.650  2.129622  8.229782  0.0000000E+00  0.9862513E+00  1.6661097E-04  1.2296414E-09  7.8563383E-03  1.3726981E-04  1.9636406E-07  2.4131521E-04  1.7348326E-03  2.2420100E-05  1.940E-06  1.000E-20  3.780E-05  9.805E-01  1.152E+00  2.76E+02  2.44E+02  6.68E+01  0.355795  0.650738  0.0000000E+00  1.1065776207E-01
261  0.358708847184280E+07   50.725955  6.252397  4.084579  0.2009117E+00  0.7854006E+00  9.3971363E-05  2.4741674E-05  8.1234394E-03  1.2634251E-04  1.6483382E-07  2.5377353E-08  1.7764174E-03  5.7005085E-06  3.529E-06  0.5207  4.358037   -3.650  2.129622  8.229782  0.0000000E+00  0.9862513E+00  1.6661097E-04  1.2296414E-09  7.8563383E-03  1.3726981E-04  1.9636406E-07  2.4131521E-04  1.7348326E-03  2.2420100E-05  1.940E-06  1.000E-20  3.780E-05  9.805E-01  1.152E+00  2.76E+02  2.44E+02  6.68E+01  0.355795  0.650738  0.0000000E+00  1.1065776207E-01
262  0.358708847184280E+07   50.725955  6.252397  4.084579  0.2009117E+00  0.7854006E+00  9.3971363E-05  2.4741674E-05  8.1234394E-03  1.2634251E-04  1.6483382E-07  2.5377353E-08  1.7764174E-03  5.7005085E-06  3.529E-06  0.5207  4.358037   -3.650  2.129622  8.229782  0.0000000E+00  0.9862513E+00  1.6661097E-04  1.2296414E-09  7.8563383E-03  1.3726981E-04  1.9636406E-07  2.4131521E-04  1.7348326E-03  2.2420100E-05  1.940E-06  1.000E-20  3.780E-05  9.805E-01  1.152E+00  2.76E+02  2.44E+02  6.68E+01  0.355795  0.650738  0.0000000E+00  1.1065776207E-01
263  0.358708847184280E+07   50.725955  6.252397  4.084579  0.2009117E+00  0.7854006E+00  9.3971363E-05  2.4741674E-05  8.1234394E-03  1.2634251E-04  1.6483382E-07  2.5377353E-08  1.7764174E-03  5.7005085E-06  3.529E-06  0.5207  4.358037   -3.650  2.129622  8.229782  0.0000000E+00  0.9862513E+00  1.6661097E-04  1.2296414E-09  7.8563383E-03  1.3726981E-04  1.9636406E-07  2.4131521E-04  1.7348326E-03  2.2420100E-05  1.940E-06  1.000E-20  3.780E-05  9.805E-01  1.152E+00  2.76E+02  2.44E+02  6.68E+01  0.355795  0.650738  0.0000000E+00  1.1065776207E-01
264  0.358708847184280E+07   50.725955  6.252397  4.084579  0.2009117E+00  0.7854006E+00  9.3971363E-05  2.4741674E-05  8.1234394E-03  1.2634251E-04  1.6483382E-07  2.5377353E-08  1.7764174E-03  5.7005085E-06  3.529E-06  0.5207  4.358037   -3.650  2.129622  8.229782  0.0000000E+00  0.9862513E+00  1.6661097E-04  1.2296414E-09  7.8563383E-03  1.3726981E-04  1.9636406E-07  2.4131521E-04  1.7348326E-03  2.2420100E-05  1.940E-06  1.000E-20  3.780E-05  9.805E-01  1.152E+00  2.76E+02  2.44E+02  6.68E+01  0.355795  0.650738  0.0000000E+00  1.1065776207E-01
265  0.358708847184280E+07   50.725955  6.252397  4.084579  0.2009117E+00  0.7854006E+00  9.3971363E-05  2.4741674E-05  8.1234394E-03  1.2634251E-04  1.6483382E-07  2.5377353E-08  1.7764174E-03  5.7005085E-06  3.529E-06  0.5207  4.358037   -3.650  2.129622  8.229782  0.0000000E+00  0.9862513E+00  1.6661097E-04  1.2296414E-09  7.8563383E-03  1.3726981E-04  1.9636406E-07  2.4131521E-04  1.7348326E-03  2.2420100E-05  1.940E-06  1.000E-20  3.780E-05  9.805E-01  1.152E+00  2.76E+02  2.44E+02  6.68E+01  0.355795  0.650738  0.0000000E+00  1.1065776207E-01
266  0.358708847184280E+07   50.725955  6.252397  4.084579  0.2009117E+00  0.7854006E+00  9.3971363E-05  2.4741674E-05  8.1234394E-03  1.2634251E-04  1.6483382E-07  2.5377353E-08  1.7764174E-03  5.7005085E-06  3.529E-06  0.5207  4.358037   -3.650  2.129622  8.229782  0.0000000E+00  0.9862513E+00  1.6661097E-04  1.2296414E-09  7.8563383E-03  1.3726981E-04  1.9636406E-07  2.4131521E-04  1.7348326E-03  2.2420100E-05  1.940E-06  1.000E-20  3.780E-05  9.805E-01  1.152E+00  2.76E+02  2.44E+02  6.68E+01  0.355795  0.650738  0.0000000E+00  1.1065776207E-01
267  0.358708847184280E+07   50.725955  6.252397  4.084579  0.2009117E+00  0.7854006E+00  9.3971363E-05  2.4741674E-05  8.1234394E-03  1.2634251E-04  1.6483382E-07  2.5377353E-08  1.7764174E-03  5.7005085E-06  3.529E-06  0.5207  4.358037   -3.650  2.129622  8.229782  0.0000000E+00  0.9862513E+00  1.6661097E-04  1.2296414E-09  7.8563383E-03  1.3726981E-04  1.9636406E-07  2.4131521E-04  1.7348326E-03  2.2420100E-05  1.940E-06  1.000E-20  3.780E-05  9.805E-01  1.152E+00  2.76E+02  2.44E+02  6.68E+01  0.355795  0.650738  0.0000000E+00  1.1065776207E-01
268  0.358708847184280E+07   50.725955  6.252397  4.084579  0.2009117E+00  0.7854006E+00  9.3971363E-05  2.4741674E-05  8.1234394E-03  1.2634251E-04  1.6483382E-07  2.5377353E-08  1.7764174E-03  5.7005085E-06  3.529E-06  0.5207  4.358037   -3.650  2.129622  8.229782  0.0000000E+00  0.9862513E+00  1.6661097E-04  1.2296414E-09  7.8563383E-03  1.3726981E-04  1.9636406E-07  2.4131521E-04  1.7348326E-03  2.2420100E-05  1.940E-06  1.000E-20  3.780E-05  9.805E-01  1.152E+00  2.76E+02  2.44E+02  6.68E+01  0.355795  0.650738  0.0000000E+00  1.1065776207E-01
269  0.358708847184280E+07   50.725955  6.252397  4.084579  0.2009117E+00  0.7854006E+00  9.3971363E-05  2.4741674E-05  8.1234394E-03  1.2634251E-04  1.6483382E-07  2.5377353E-08  1.7764174E-03  5.7005085E-06  3.529E-06  0.5207  4.358037   -3.650  2.129622  8.229782  0.0000000E+00  0.9862513E+00  1.6661097E-04  1.2296414E-09  7.8563383E-03  1.3726981E-04  1.9636406E-07  2.4131521E-04  1.7348326E-03  2.2420100E-05  1.940E-06  1.000E-20  3.780E-05  9.805E-01  1.152E+00  2.76E+02  2.44E+02  6.68E+01  0.355795  0.650738  0.0000000E+00  1.1065776207E-01
270  0.358708847184280E+07   50.725955  6.252397  4.084579  0.2009117E+00  0.7854006E+00  9.3971363E-05  2.4741674E-05  8.1234394E-03  1.2634251E-04  1.6483382E-07  2.5377353E-08  1.7764174E-03  5.7005085E-06  3.529E-06  0.5207  4.358037   -3.650  2.129622  8.229782  0.0000000E+00  0.9862513E+00  1.6661097E-04  1.2296414E-09  7.8563383E-03  1.3726981E-04  1.9636406E-07  2.4131521E-04  1.7348326E-03  2.2420100E-05  1.940E-06  1.000E-20  3.780E-05  9.805E-01  1.152E+00  2.76E+02  2.44E+02  6.68E+01  0.355795  0.650738  0.0000000E+00  1.1065776207E-01
271  0.358708847184280E+07   50.725955  6.252397  4.084579  0.2009117E+00  0.7854006E+00  9.3971363E-05  2.4741674E-05  8.1234394E-03  1.2634251E-04  1.6483382E-07  2.5377353E-08  1.7764174E-03  5.7005085E-06  3.529E-06  0.5207  4.358037   -3.650  2.129622  8.229782  0.0000000E+00  0.9862513E+00  1.6661097E-04  1.2296414E-09  7.8563383E-03  1.3726981E-04  1.9636406E-07  2.4131521E-04  1.7348326E-03  2.2420100E-05  1.940E-06  1.000E-20  3.780E-05  9.805E-01  1.152E+00  2.76E+02  2.44E+02  6.68E+01  0.355795  0.650738  0.0000000E+00  1.1065776207E-01
272  0.358708847184280E+07   50.725955  6.252397  4.084579  0.2009117E+00  0.7854006E+00  9.3971363E-05  2.4741674E-05  8.1234394E-03  1.2634251E-04  1.6483382E-07  2.5377353E-08  1.7764174E-03  5.7005085E-06  3.529E-06  0.5207  4.358037   -3.650  2.129622  8.229782  0.0000000E+00  0.9862513E+00  1.6661097E-04  1.2296414E-09  7.8563383E-03  1.3726981E-04  1.9636406E-07  2.4131521E-04  1.7348326E-03  2.2420100E-05  1.940E-06  1.000E-20  3.780E-05  9.805E-01  1.152E+00  2.76E+02  2.44E+02  6.68E+01  0.355795  0.650738  0.0000000E+00  1.1065776207E-01
273  0.358708847184280E+07   50.725955  6.252397  4.084579  0.2009117E+00  0.7854006E+00  9.3971363E-05  2.4741674E-05  8.1234394E-03  1.2634251E-04  1.6483382E-07  2.5377353E-08  1.7764174E-03  5.7005085E-06  3.529E-06  0.5207  4.358037   -3.650  2.129622  8.229782  0.0000000E+00  0.9862513E+00  1.6661097E-04  1.2296414E-09  7.8563383E-03  1.3726981E-04  1.9636406E-07  2.4131521E-04  1.7348326E-03  2.2420100E-05  1.940E-06  1.000E-20  3.780E-05  9.805E-01  1.152E+00  2.76E+02  2.44E+02  6.68E+01  0.355795  0.650738  0.0000000E+00  1.1065776207E-01
274  0.358708847184280E+07   50.725955  6.252397  4.084579  0.2009117E+00  0.7854006E+00  9.3971363E-05  2.4741674E-05  8.1234394E-03  1.2634251E-04  1.6483382E-07  2.5377353E-08  1.7764174E-03  5.7005085E-06  3.529E-06  0.5207  4.358037   -3.650  2.129622  8.229782  0.0000000E+00  0.9862513E+00  1.6661097E-04  1.2296414E-09  7.8563383E-03  1.3726981E-04  1.9636406E-07  2.4131521E-04  1.7348326E-03  2.2420100E-05  1.940E-06  1.000E-20  3.780E-05  9.805E-01  1.152E+00  2.76E+02  2.44E+02  6.68E+01  0.355795  0.650738  0.0000000E+00  1.1065776207E-01
275  0.358708847184280E+07   50.725955  6.252397  4.084579  0.2009117E+00  0.7854006E+00  9.3971363E-05  2.4741674E-05  8.1234394E-03  1.2634251E-04  1.6483382E-07  2.5377353E-08  1.7764174E-03  5.7005085E-06  3.529E-06  0.5207  4.358037   -3.650  2.129622  8.229782  0.0000000E+00  0.9862513E+00  1.6661097E-04  1.2296414E-09  7.8563383E-03  1.3726981E-04  1.9636406E-07  2.4131521E-04  1.7348326E-03  2.2420100E-05  1.940E-06  1.000E-20  3.780E-05  9.805E-01  1.152E+00  2.76E+02  2.44E+02  6.68E+01  0.355795  0.650738  0.0000000E+00  1.1065776207E-01
276  0.358708847184280E+07   50.725955  6.252397  4.084579  0.2009117E+00  0.7854006E+00  9.3971363E-05  2.4741674E-05  8.1234394E-03  1.2634251E-04  1.6483382E-07  2.5377353E-08  1.7764174E-03  5.7005085E-06  3.529E-06  0.5207  4.358037   -3.650  2.129622  8.229782  0.0000000E+00  0.9862513E+00  1.6661097E-04  1.2296414E-09  7.8563383E-03  1.3726981E-04  1.9636406E-07  2.4131521E-04  1.7348326E-03  2.2420100E-05  1.940E-06  1.000E-20  3.780E-05  9.805E-01  1.152E+00  2.76E+02  2.44E+02  6.68E+01  0.355795  0.650738  0.0000000E+00  1.1065776207E-01
277  0.358708847184280E+07   50.725955  6.252397  4.084579  0.2009117E+00  0.7854006E+00  9.3971363E-05  2.4741674E-05  8.1234394E-03  1.2634251E-04  1.6483382E-07  2.5377353E-08  1.7764174E-03  5.7005085E-06  3.529E-06  0.5207  4.358037   -3.650  2.129622  8.229782  0.0000000E+00  0.9862513E+00  1.6661097E-04  1.2296414E-09  7.8563383E-03  1.3726981E-04  1.9636406E-07  2.4131521E-04  1.7348326E-03  2.2420100E-05  1.940E-06  1.000E-20  3.780E-05  9.805E-01  1.152E+00  2.76E+02  2.44E+02  6.68E+01  0.355795  0.650738  0.0000000E+00  1.1065776207E-01
278  0.358708847184280E+07   50.725955  6.252397  4.084579  0.2009117E+00  0.7854006E+00  9.3971363E-05  2.4741674E-05  8.1234394E-03  1.2634251E-04  1.6483382E-07  2.5377353E-08  1.7764174E-03  5.7005085E-06  3.529E-06  0.5207  4.358037   -3.650  2.129622  8.229782  0.0000000E+00  0.9862513E+00  1.6661097E-04  1.2296414E-09  7.8563383E-03  1.3726981E-04  1.9636406E-07  2.4131521E-04  1.7348326E-03  2.2420100E-05  1.940E-06  1.000E-20  3.780E-05  9.805E-01  1.152E+00  2.76E+02  2.44E+02  6.68E+01  0.355795  0.650738  0.0000000E+00  1.1065776207E-01
279  0.358708847184280E+07   50.725955  6.252397  4.084579  0.2009117E+00  0.7854006E+00  9.3971363E-05  2.4741674E-05  8.1234394E-03  1.2634251E-04  1.6483382E-07  2.5377353E-08  1.7764174E-03  5.7005085E-06  3.529E-06  0.5207  4.358037   -3.650  2.129622  8.229782  0.0000000E+00  0.9862513E+00  1.6661097E-04  1.2296414E-09  7.8563383E-03  1.3726981E-04  1.9636406E-07  2.4131521E-04  1.7348326E-03  2.2420100E-05  1.940E-06  1.000E-20  3.780E-05  9.805E-01  1.152E+00  2.76E+02  2.44E+02  6.68E+01  0.355795  0.650738  0.0000000E+00  1.1065776207E-01
280  0.358708847184280E+07   50.725955  6.252397  4.084579  0.2009117E+00  0.7854006E+00  9.3971363E-05  2.4741674E-05  8.1234394E-03  1.2634251E-04  1.6483382E-07  2.5377353E-08  1.7764174E-03  5.7005085E-06  3.529E-06  0.5207  4.358037   -3.650  2.129622  8.229782  0.0000000E+00  0.9862513E+00  1.6661097E-04  1.2296414E-09  7.8563383E-03  1.3726981E-04  1.9636406E-07  2.4131521E-04  1.7348326E-03  2.2420100E-05  1.940E-06  1.000E-20  3.780E-05  9.805E-01  1.152E+00  2.76E+02  2.44E+02  6.68E+01  0.355795  0.650738  0.0000000E+00  1.1065776207E-01
281  0.358708847184280E+07   50.725955  6.252397  4.084579  0.2009117E+00  0.7854006E+00  9.3971363E-05  2.4741674E-05  8.1234394E-03  1.2634251E-04  1.6483382E-07  2.5377353E-08  1.7764174E-03  5.7005085E-06  3.529E-06  0.5207  4.358037   -3.650  2.129622  8.229782  0.0000000E+00  0.9862513E+00  1.6661097E-04  1.2296414E-09  7.8563383E-03  1.3726981E-04  1.9636406E-07  2.4131521E-04  1.7348326E-03  2.2420100E-05  1.940E-06  1.000E-20  3.780E-05  9.805E-01  1.152E+00  2.76E+02  2.44E+02  6.68E+01  0.355795  0.650738  0.0000000E+00  1.1065776207E-01
282  0.358708847184280E+07   50.725955  6.252397  4.084579  0.2009117E+00  0.7854006E+00  9.3971363E-05  2.4741674E-05  8.1234394E-03  1.2634251E-04  1.6483382E-07  2.5377353E-08  1.7764174E-03  5.7005085E-06  3.529E-06  0.5207  4.358037   -3.650  2.129622  8.229782  0.0000000E+00  0.9862513E+00  1.6661097E-04  1.2296414E-09  7.8563383E-03  1.3726981E-04  1.9636406E-07  2.4131521E-04  1.7348326E-03  2.2420100E-05  1.940E-06  1.000E-20  3.780E-05  9.805E-01  1.152E+00  2.76E+02  2.44E+02  6.68E+01  0.355795  0.650738  0.0000000E+00  1.1065776207E-01
283  0.358708847184280E+07   50.725955  6.252397  4.084579  0.2009117E+00  0.7854006E+00  9.3971363E-05  2.4741674E-05  8.1234394E-03  1.2634251E-04  1.6483382E-07  2.5377353E-08  1.7764174E-03  5.7005085E-06  3.529E-06  0.5207  4.358037   -3.650  2.129622  8.229782  0.0000000E+00  0.9862513E+00  1.6661097E-04  1.2296414E-09  7.8563383E-03  1.3726981E-04  1.9636406E-07  2.4131521E-04  1.7348326E-03  2.2420100E-05  1.940E-06  1.000E-20  3.780E-05  9.805E-01  1.152E+00  2.76E+02  2.44E+02  6.68E+01  0.355795  0.650738  0.0000000E+00  1.1065776207E-01
284  0.358708847184280E+07   50.725955  6.252397  4.084579  0.2009117E+00  0.7854006E+00  9.3971363E-05  2.4741674E-05  8.1234394E-03  1.2634251E-04  1.6483382E-07  2.5377353E-08  1.7764174E-03  5.7005085E-06  3.529E-06  0.5207  4.358037   -3.650  2.129622  8.229782  0.0000000E+00  0.9862513E+00  1.6661097E-04  1.2296414E-09  7.8563383E-03  1.3726981E-04  1.9636406E-07  2.4131521E-04  1.7348326E-03  2.2420100E-05  1.940E-06  1.000E-20  3.780E-05  9.805E-01  1.152E+00  2.76E+02  2.44E+02  6.68E+01  0.355795  0.650738  0.0000000E+00  1.1065776207E-01
285  0.358708847184280E+07   50.725955  6.252397  4.084579  0.2009117E+00  0.7854006E+00  9.3971363E-05  2.4741674E-05  8.1234394E-03  1.2634251E-04  1.6483382E-07  2.5377353E-08  1.7764174E-03  5.7005085E-06  3.529E-06  0.5207  4.358037   -3.650  2.129622  8.229782  0.0000000E+00  0.9862513E+00  1.6661097E-04  1.2296414E-09  7.8563383E-03  1.3726981E-04  1.9636406E-07  2.4131521E-04  1.7348326E-03  2.2420100E-05  1.940E-06  1.000E-20  3.780E-05  9.805E-01  1.152E+00  2.76E+02  2.44E+02  6.68E+01  0.355795  0.650738  0.0000000E+00  1.1065776207E-01
286  0.358708847184280E+07   50.725955  6.252397  4.084579  0.2009117E+00  0.7854006E+00  9.3971363E-05  2.4741674E-05  8.1234394E-03  1.2634251E-04  1.6483382E-07  2.5377353E-08  1.7764174E-03  5.7005085E-06  3.529E-06  0.5207  4.358037   -3.650  2.129622  8.229782  0.0000000E+00  0.9862513E+00  1.6661097E-04  1.2296414E-09  7.8563383E-03  1.3726981E-04  1.9636406E-07  2.4131521E-04  1.7348326E-03  2.2420100E-05  1.940E-06  1.000E-20  3.780E-05  9.805E-01  1.152E+00  2.76E+02  2.44E+02  6.68E+01  0.355795  0.650738  0.0000000E+00  1.1065776207E-01
287  0.358708847184280E+07   50.725955  6.252397  4.084579  0.2009117E+00  0.7854006E+00  9.3971363E-05  2.4741674E-05  8.1234394E-03  1.2634251E-04  1.6483382E-07  2.5377353E-08  1.7764174E-03  5.7005085E-06  3.529E-06  0.5207  4.358037   -3.650  2.129622  8.229782  0.0000000E+00  0.9862513E+00  1.6661097E-04  1.2296414E-09  7.8563383E-03  1.3726981E-04  1.9636406E-07  2.4131521E-04  1.7348326E-03  2.2420100E-05  1.940E-06  1.000E-20  3.780E-05  9.805E-01  1.152E+00  2.76E+02  2.44E+02  6.68E+01  0.355795  0.650738  0.0000000E+00  1.1065776207E-01
288  0.358708847184280E+07   50.725955  6.252397  4.084579  0.2009117E+00  0.7854006E+00  9.3971363E-05  2.4741674E-05  8.1234394E-03  1.2634251E-04  1.6483382E-07  2.5377353E-08  1.7764174E-03  5.7005085E-06  3.529E-06  0.5207  4.358037   -3.650  2.129622  8.229782  0.0000000E+00  0.9862513E+00  1.6661097E-04  1.2296414E-09  7.8563383E-03  1.3726981E-04  1.9636406E-07  2.4131521E-04  1.7348326E-03  2.2420100E-05  1.940E-06  1.000E-20  3.780E-05  9.805E-01  1.152E+00  2.76E+02  2.44E+02  6.68E+01  0.355795  0.650738  0.0000000E+00  1.1065776207E-01
289  0.358708847184280E+07   50.725955  6.252397  4.084579  0.2009117E+00  0.7854006E+00  9.3971363E-05  2.4741674E-05  8.1234394E-03  1.2634251E-04  1.6483382E-07  2.5377353E-08  1.7764174E-03  5.7005085E-06  3.529E-06  0.5207  4.358037   -3.650  2.129622  8.229782  0.0000000E+00  0.9862513E+00  1.6661097E-04  1.2296414E-09  7.8563383E-03  1.3726981E-04  1.9636406E-07  2.4131521E-04  1.7348326E-03  2.2420100E-05  1.940E-06  1.000E-20  3.780E-05  9.805E-01  1.152E+00  2.76E+02  2.44E+02  6.68E+01  0.355795  0.650738  0.0000000E+00  1.1065776207E-01
290  0.358708847184280E+07   50.725955  6.252397  4.084579  0.2009117E+00  0.7854006E+00  9.3971363E-05  2.4741674E-05  8.1234394E-03  1.2634251E-04  1.6483382E-07  2.5377353E-08  1.7764174E-03  5.7005085E-06  3.529E-06  0.5207  4.358037   -3.650  2.129622  8.229782  0.0000000E+00  0.9862513E+00  1.6661097E-04  1.2296414E-09  7.8563383E-03  1.3726981E-04  1.9636406E-07  2.4131521E-04  1.7348326E-03  2.2420100E-05  1.940E-06  1.000E-20  3.780E-05  9.805E-01  1.152E+00  2.76E+02  2.44E+02  6.68E+01  0.355795  0.650738  0.0000000E+00  1.1065776207E-01
291  0.358708847184280E+07   50.725955  6.252397  4.084579  0.2009117E+00  0.7854006E+00  9.3971363E-05  2.4741674E-05  8.1234394E-03  1.2634251E-04  1.6483382E-07  2.5377353E-08  1.7764174E-03  5.7005085E-06  3.529E-06  0.5207  4.358037   -3.650  2.129622  8.229782  0.0000000E+00  0.9862513E+00  1.6661097E-04  1.2296414E-09  7.8563383E-03  1.3726981E-04  1.9636406E-07  2.4131521E-04  1.7348326E-03  2.2420100E-05  1.940E-06  1.000E-20  3.780E-05  9.805E-01  1.152E+00  2.76E+02  2.44E+02  6.68E+01  0.355795  0.650738  0.0000000E+00  1.1065776207E-01
292  0.358708847184280E+07   50.725955  6.252397  4.084579  0.2009117E+00  0.7854006E+00  9.3971363E-05  2.4741674E-05  8.1234394E-03  1.2634251E-04  1.6483382E-07  2.5377353E-08  1.7764174E-03  5.7005085E-06  3.529E-06  0.5207  4.358037   -3.650  2.129622  8.229782  0.0000000E+00  0.9862513E+00  1.6661097E-04  1.2296414E-09  7.8563383E-03  1.3726981E-04  1.9636406E-07  2.4131521E-04  1.7348326E-03  2.2420100E-05  1.940E-06  1.000E-20  3.780E-05  9.805E-01  1.152E+00  2.76E+02  2.44E+02  6.68E+01  0.355795  0.650738  0.0000000E+00  1.1065776207E-01
293  0.358708847184280E+07   50.725955  6.252397  4.084579  0.2009117E+00  0.7854006E+00  9.3971363E-05  2.4741674E-05  8.1234394E-03  1.2634251E-04  1.6483382E-07  2.5377353E-08  1.7764174E-03  5.7005085E-06  3.529E-06  0.5207  4.358037   -3.650  2.129622  8.229782  0.0000000E+00  0.9862513E+00  1.6661097E-04  1.2296414E-09  7.8563383E-03  1.3726981E-04  1.9636406E-07  2.4131521E-04  1.7348326E-03  2.2420100E-05  1.940E-06  1.000E-20  3.780E-05  9.805E-01  1.152E+00  2.76E+02  2.44E+02  6.68E+01  0.355795  0.650738  0.0000000E+00  1.1065776207E-01
294  0.358708847184280E+07   50.725955  6.252397  4.084579  0.2009117E+00  0.7854006E+00  9.3971363E-05  2.4741674E-05  8.1234394E-03  1.2634251E-04  1.6483382E-07  2.5377353E-08  1.7764174E-03  5.7005085E-06  3.529E-06  0.5207  4.358037   -3.650  2.129622  8.229782  0.0000000E+00  0.9862513E+00  1.6661097E-04  1.2296414E-09  7.8563383E-03  1.3726981E-04  1.9636406E-07  2.4131521E-04  1.7348326E-03  2.2420100E-05  1.940E-06  1.000E-20  3.780E-05  9.805E-01  1.152E+00  2.76E+02  2.44E+02  6.68E+01  0.355795  0.650738  0.0000000E+00  1.1065776207E-01
295  0.358708847184280E+07   50.725955  6.252397  4.084579  0.2009117E+00  0.7854006E+00  9.3971363E-05  2.4741674E-05  8.1234394E-03  1.2634251E-04  1.6483382E-07  2.5377353E-08  1.7764174E-03  5.7005085E-06  3.529E-06  0.5207  4.358037   -3.650  2.129622  8.229782  0.0000000E+00  0.9862513E+00  1.6661097E-04  1.2296414E-09  7.8563383E-03  1.3726981E-04  1.9636406E-07  2.4131521E-04  1.7348326E-03  2.2420100E-05  1.940E-06  1.000E-20  3.780E-05  9.805E-01  1.152E+00  2.76E+02  2.44E+02  6.68E+01  0.355795  0.650738  0.0000000E+00  1.1065776207E-01
296  0.358708847184280E+07   50.725955  6.252397  4.084579  0.2009117E+00  0.7854006E+00  9.3971363E-05  2.4741674E-05  8.1234394E-03  1.2634251E-04  1.6483382E-07  2.5377353E-08  1.7764174E-03  5.7005085E-06  3.529E-06  0.5207  4.358037   -3.650  2.129622  8.229782  0.0000000E+00  0.9862513E+00  1.6661097E-04  1.2296414E-09  7.8563383E-03  1.3726981E-04  1.9636406E-07  2.4131521E-04  1.7348326E-03  2.2420100E-05  1.940E-06  1.000E-20  3.780E-05  9.805E-01  1.152E+00  2.76E+02  2.44E+02  6.68E+01  0.355795  0.650738  0.0000000E+00  1.1065776207E-01
297  0.358708847184280E+07   50.725955  6.252397  4.084579  0.2009117E+00  0.7854006E+00  9.3971363E-05  2.4741674E-05  8.1234394E-03  1.2634251E-04  1.6483382E-07  2.5377353E-08  1.7764174E-03  5.7005085E-06  3.529E-06  0.5207  4.358037   -3.650  2.129622  8.229782  0.0000000E+00  0.9862513E+00  1.6661097E-04  1.2296414E-09  7.8563383E-03  1.3726981E-04  1.9636406E-07  2.4131521E-04  1.7348326E-03  2.2420100E-05  1.940E-06  1.000E-20  3.780E-05  9.805E-01  1.152E+00  2.76E+02  2.44E+02  6.68E+01  0.355795  0.650738  0.0000000E+00  1.1065776207E-01
298  0.358708847184280E+07   50.725955  6.252397  4.084579  0.2009117E+00  0.7854006E+00  9.3971363E-05  2.4741674E-05  8.1234394E-03  1.2634251E-04  1.6483382E-07  2.5377353E-08  1.7764174E-03  5.7005085E-06  3.529E-06  0.5207  4.358037   -3.650  2.129622  8.229782  0.0000000E+00  0.9862513E+00  1.6661097E-04  1.2296414E-09  7.8563383E-03  1.3726981E-04  1.9636406E-07  2.4131521E-04  1.7348326E-03  2.2420100E-05  1.940E-06  1.000E-20  3.780E-05  9.805E-01  1.152E+00  2.76E+02  2.44E+02  6.68E+01  0.355795  0.650738  0.0000000E+00  1.1065776207E-01
299  0.358708847184280E+07   50.725955  6.252397  4.084579  0.2009117E+00  0.7854006E+00  9.3971363E-05  2.4741674E-05  8.1234394E-03  1.2634251E-04  1.6483382E-07  2.5377353E-08  1.7764174E-03  5.7005085E-06  3.529E-06  0.5207  4.358037   -3.650  2.129622  8.229782  0.0000000E+00  0.9862513E+00  1.6661097E-04  1.2296414E-09  7.8563383E-03  1.3726981E-04  1.9636406E-07  2.4131521E-04  1.7348326E-03  2.2420100E-05  1.940E-06  1.000E-20  3.780E-05  9.805E-01  1.152E+00  2.76E+02  2.44E+02  6.68E+01  0.355795  0.650738  0.0000000E+00  1.1065776207E-01
300  0.358708847184280E+07   50.725955  6.252397  4.084579  0.2009117E+00  0.7854006E+00  9.3971363E-05  2.4741674E-05  8.1234394E-03  1.2634251E-04  1.6483382E-07  2.5377353E-08  1.7764174E-03  5.7005085E-06  3.529E-06  0.5207  4.358037   -3.650  2.129622  8.229782  0.0000000E+00  0.9862513E+00  1.6661097E-04  1.2296414E-09  7.8563383E-03  1.3726981E-04  1.9636406E-07  2.4131521E-04  1.7348326E-03  2.2420100E-05  1.940E-06  1.000E-20  3.780E-05  9.805E-01  1.152E+00  2.76E+02  2.44E+02  6.68E+01  0.355795  0.650738  0.0000000E+00  1.1065776207E-01
301  0.358708847184280E+07   50.725955  6.252397  4.084579  0.2009117E+00  0.7854006E+00  9.3971363E-05  2.4741674E-05  8.1234394E-03  1.2634251E-04  1.6483382E-07  2.5377353E-08  1.7764174E-03  5.7005085E-06  3.529E-06  0.5207  4.358037   -3.650  2.129622  8.229782  0.0000000E+00  0.9862513E+00  1.6661097E-04  1.2296414E-09  7.8563383E-03  1.3726981E-04  1.9636406E-07  2.4131521E-04  1.7348326E-03  2.2420100E-05  1.940E-06  1.000E-20  3.780E-05  9.805E-01  1.152E+00  2.76E+02  2.44E+02  6.68E+01  0.355795  0.650738  0.0000000E+00  1.1065776207E-01
302  0.358708847184280E+07   50.725955  6.252397  4.084579  0.2009117E+00  0.7854006E+00  9.3971363E-05  2.4741674E-05  8.1234394E-03  1.2634251E-04  1.6483382E-07  2.5377353E-08  1.7764174E-03  5.7005085E-06  3.529E-06  0.5207  4.358037   -3.650  2.129622  8.229782  0.0000000E+00  0.9862513E+00  1.6661097E-04  1.2296414E-09  7.8563383E-03  1.3726981E-04  1.9636406E-07  2.4131521E-04  1.7348326E-03  2.2420100E-05  1.940E-06  1.000E-20  3.780E-05  9.805E-01  1.152E+00  2.76E+02  2.44E+02  6.68E+01  0.355795  0.650738  0.0000000E+00  1.1065776207E-01
303  0.358708847184280E+07   50.725955  6.252397  4.084579  0.2009117E+00  0.7854006E+00  9.3971363E-05  2.4741674E-05  8.1234394E-03  1.2634251E-04  1.6483382E-07  2.5377353E-08  1.7764174E-03  5.7005085E-06  3.529E-06  0.5207  4.358037   -3.650  2.129622  8.229782  0.0000000E+00  0.9862513E+00  1.6661097E-04  1.2296414E-09  7.8563383E-03  1.3726981E-04  1.9636406E-07  2.4131521E-04  1.7348326E-03  2.2420100E-05  1.940E-06  1.000E-20  3.780E-05  9.805E-01  1.152E+00  2.76E+02  2.44E+02  6.68E+01  0.355795  0.650738  0.0000000E+00  1.1065776207E-01
304  0.358708847184280E+07   50.725955  6.252397  4.084579  0.2009117E+00  0.7854006E+00  9.3971363E-05  2.4741674E-05  8.1234394E-03  1.2634251E-04  1.6483382E-07  2.5377353E-08  1.7764174E-03  5.7005085E-06  3.529E-06  0.5207  4.358037   -3.650  2.129622  8.229782  0.0000000E+00  0.9862513E+00  1.6661097E-04  1.2296414E-09  7.8563383E-03  1.3726981E-04  1.9636406E-07  2.4131521E-04  1.7348326E-03  2.2420100E-05  1.940E-06  1.000E-20  3.780E-05  9.805E-01  1.152E+00  2.76E+02  2.44E+02  6.68E+01  0.355795  0.650738  0.0000000E+00  1.1065776207E-01
305  0.358708847184280E+07   50.725955  6.252397  4.084579  0.2009117E+00  0.7854006E+00  9.3971363E-05  2.4741674E-05  8.1234394E-03  1.2634251E-04  1.6483382E-07  2.5377353E-08  1.7764174E-03  5.7005085E-06  3.529E-06  0.5207  4.358037   -3.650  2.129622  8.229782  0.0000000E+00  0.9862513E+00  1.6661097E-04  1.2296414E-09  7.8563383E-03  1.3726981E-04  1.9636406E-07  2.4131521E-04  1.7348326E-03  2.2420100E-05  1.940E-06  1.000E-20  3.780E-05  9.805E-01  1.152E+00  2.76E+02  2.44E+02  6.68E+01  0.355795  0.650738  0.0000000E+00  1.1065776207E-01
306  0.358708847184280E+07   50.725955  6.252397  4.084579  0.2009117E+00  0.7854006E+00  9.3971363E-05  2.4741674E-05  8.1234394E-03  1.2634251E-04  1.6483382E-07  2.5377353E-08  1.7764174E-03  5.7005085E-06  3.529E-06  0.5207  4.358037   -3.650  2.129622  8.229782  0.0000000E+00  0.9862513E+00  1.6661097E-04  1.2296414E-09  7.8563383E-03  1.3726981E-04  1.9636406E-07  2.4131521E-04  1.7348326E-03  2.2420100E-05  1.940E-06  1.000E-20  3.780E-05  9.805E-01  1.152E+00  2.76E+02  2.44E+02  6.68E+01  0.355795  0.650738  0.0000000E+00  1.1065776207E-01
307  0.358708847184280E+07   50.725955  6.252397  4.084579  0.2009117E+00  0.7854006E+00  9.3971363E-05  2.4741674E-05  8.1234394E-03  1.2634251E-04  1.6483382E-07  2.5377353E-08  1.7764174E-03  5.7005085E-06  3.529E-06  0.5207  4.358037   -3.650  2.129622  8.229782  0.0000000E+00  0.9862513E+00  1.6661097E-04  1.2296414E-09  7.8563383E-03  1.3726981E-04  1.9636406E-07  2.4131521E-04  1.7348326E-03  2.2420100E-05  1.940E-06  1.000E-20  3.780E-05  9.805E-01  1.152E+00  2.76E+02  2.44E+02  6.68E+01  0.355795  0.650738  0.0000000E+00  1.1065776207E-01
308  0.358708847184280E+07   50.725955  6.252397  4.084579  0.2009117E+00  0.7854006E+00  9.3971363E-05  2.4741674E-05  8.1234394E-03  1.2634251E-04  1.6483382E-07  2.5377353E-08  1.7764174E-03  5.7005085E-06  3.529E-06  0.5207  4.358037   -3.650  2.129622  8.229782  0.0000000E+00  0.9862513E+00  1.6661097E-04  1.2296414E-09  7.8563383E-03  1.3726981E-04  1.9636406E-07  2.4131521E-04  1.7348326E-03  2.2420100E-05  1.940E-06  1.000E-20  3.780E-05  9.805E-01  1.152E+00  2.76E+02  2.44E+02  6.68E+01  0.355795  0.650738  0.0000000E+00  1.1065776207E-01
309  0.358708847184280E+07   50.725955  6.252397  4.084579  0.2009117E+00  0.7854006E+00  9.3971363E-05  2.4741674E-05  8.1234394E-03  1.2634251E-04  1.6483382E-07  2.5377353E-08  1.7764174E-03  5.7005085E-06  3.529E-06  0.5207  4.358037   -3.650  2.129622  8.229782  0.0000000E+00  0.9862513E+00  1.6661097E-04  1.2296414E-09  7.8563383E-03  1.3726981E-04  1.9636406E-07  2.4131521E-04  1.7348326E-03  2.2420100E-05  1.940E-06  1.000E-20  3.780E-05  9.805E-01  1.152E+00  2.76E+02  2.44E+02  6.68E+01  0.355795  0.650738  0.0000000E+00  1.1065776207E-01
310  0.358708847184280E+07   50.725955  6.252397  4.084579  0.2009117E+00  0.7854006E+00  9.3971363E-05  2.4741674E-05  8.1234394E-03  1.2634251E-04  1.6483382E-07  2.5377353E-08  1.7764174E-03  5.7005085E-06  3.529E-06  0.5207  4.358037   -3.650  2.129622  8.229782  0.0000000E+00  0.9862513E+00  1.6661097E-04  1.2296414E-09  7.8563383E-03  1.3726981E-04  1.9636406E-07  2.4131521E-04  1.7348326E-03  2.2420100E-05  1.940E-06  1.000E-20  3.780E-05  9.805E-01  1.152E+00  2.76E+02  2.44E+02  6.68E+01  0.355795  0.650738  0.0000000E+00  1.1065776207E-01
311  0.358708847184280E+07   50.725955  6.252397  4.084579  0.2009117E+00  0.7854006E+00  9.3971363E-05  2.4741674E-05  8.1234394E-03  1.2634251E-04  1.6483382E-07  2.5377353E-08  1.7764174E-03  5.7005085E-06  3.529E-06  0.5207  4.358037   -3.650  2.129622  8.229782  0.0000000E+00  0.9862513E+00  1.6661097E-04  1.2296414E-09  7.8563383E-03  1.3726981E-04  1.9636406E-07  2.4131521E-04  1.7348326E-03  2.2420100E-05  1.940E-06  1.000E-20  3.780E-05  9.805E-01  1.152E+00  2.76E+02  2.44E+02  6.68E+01  0.355795  0.650738  0.0000000E+00  1.1065776207E-01
312  0.358708847184280E+07   50.725955  6.252397  4.084579  0.2009117E+00  0.7854006E+00  9.3971363E-05  2.4741674E-05  8.1234394E-03  1.2634251E-04  1.6483382E-07  2.5377353E-08  1.7764174E-03  5.7005085E-06  3.529E-06  0.5207  4.358037   -3.650  2.129622  8.229782  0.0000000E+00  0.9862513E+00  1.6661097E-04  1.2296414E-09  7.8563383E-03  1.3726981E-04  1.9636406E-07  2.4131521E-04  1.7348326E-03  2.2420100E-05  1.940E-06  1.000E-20  3.780E-05  9.805E-01  1.152E+00  2.76E+02  2.44E+02  6.68E+01  0.355795  0.650738  0.0000000E+00  1.1065776207E-01
313  0.358708847184280E+07   50.725955  6.252397  4.084579  0.2009117E+00  0.7854006E+00  9.3971363E-05  2.4741674E-05  8.1234394E-03  1.2634251E-04  1.6483382E-07  2.5377353E-08  1.7764174E-03  5.7005085E-06  3.529E-06  0.5207  4.358037   -3.650  2.129622  8.229782  0.0000000E+00  0.9862513E+00  1.6661097E-04  1.2296414E-09  7.8563383E-03  1.3726981E-04  1.9636406E-07  2.4131521E-04  1.7348326E-03  2.2420100E-05  1.940E-06  1.000E-20  3.780E-05  9.805E-01  1.152E+00  2.76E+02  2.44E+02  6.68E+01  0.355795  0.650738  0.0000000E+00  1.1065776207E-01
314  0.358708847184280E+07   50.725955  6.252397  4.084579  0.2009117E+00  0.7854006E+00  9.3971363E-05  2.4741674E-05  8.1234394E-03  1.2634251E-04  1.6483382E-07  2.5377353E-08  1.7764174E-03  5.7005085E-06  3.529E-06  0.5207  4.358037   -3.650  2.129622  8.229782  0.0000000E+00  0.9862513E+00  1.6661097E-04  1.2296414E-09  7.8563383E-03  1.3726981E-04  1.9636406E-07  2.4131521E-04  1.7348326E-03  2.2420100E-05  1.940E-06  1.000E-20  3.780E-05  9.805E-01  1.152E+00  2.76E+02  2.44E+02  6.68E+01  0.355795  0.650738  0.0000000E+00  1.1065776207E-01
315  0.358708847184280E+07   50.725955  6.252397  4.084579  0.2009117E+00  0.7854006E+00  9.3971363E-05  2.4741674E-05  8.1234394E-03  1.2634251E-04  1.6483382E-07  2.5377353E-08  1.7764174E-03  5.7005085E-06  3.529E-06  0.5207  4.358037   -3.650  2.129622  8.229782  0.0000000E+00  0.9862513E+00  1.6661097E-04  1.2296414E-09  7.8563383E-03  1.3726981E-04  1.9636406E-07  2.4131521E-04  1.7348326E-03  2.2420100E-05  1.940E-06  1.000E-20  3.780E-05  9.805E-01  1.152E+00  2.76E+02  2.44E+02  6.68E+01  0.355795  0.650738  0.0000000E+00  1.1065776207E-01
316  0.358708847184280E+07   50.725955  6.252397  4.084579  0.2009117E+00  0.7854006E+00  9.3971363E-05  2.4741674E-05  8.1234394E-03  1.2634251E-04  1.6483382E-07  2.5377353E-08  1.7764174E-03  5.7005085E-06  3.529E-06  0.5207  4.358037   -3.650  2.129622  8.229782  0.0000000E+00  0.9862513E+00  1.6661097E-04  1.2296414E-09  7.8563383E-03  1.3726981E-04  1.9636406E-07  2.4131521E-04  1.7348326E-03  2.2420100E-05  1.940E-06  1.000E-20  3.780E-05  9.805E-01  1.152E+00  2.76E+02  2.44E+02  6.68E+01  0.355795  0.650738  0.0000000E+00  1.1065776207E-01
317  0.358708847184280E+07   50.725955  6.252397  4.084579  0.2009117E+00  0.7854006E+00  9.3971363E-05  2.4741674E-05  8.1234394E-03  1.2634251E-04  1.6483382E-07  2.5377353E-08  1.7764174E-03  5.7005085E-06  3.529E-06  0.5207  4.358037   -3.650  2.129622  8.229782  0.0000000E+00  0.9862513E+00  1.6661097E-04  1.2296414E-09  7.8563383E-03  1.3726981E-04  1.9636406E-07  2.4131521E-04  1.7348326E-03  2.2420100E-05  1.940E-06  1.000E-20  3.780E-05  9.805E-01  1.152E+00  2.76E+02  2.44E+02  6.68E+01  0.355795  0.650738  0.0000000E+00  1.1065776207E-01
318  0.358708847184280E+07   50.725955  6.252397  4.084579  0.2009117E+00  0.7854006E+00  9.3971363E-05  2.4741674E-05  8.1234394E-03  1.2634251E-04  1.6483382E-07  2.5377353E-08  1.7764174E-03  5.7005085E-06  3.529E-06  0.5207  4.358037   -3.650  2.129622  8.229782  0.0000000E+00  0.9862513E+00  1.6661097E-04  1.2296414E-09  7.8563383E-03  1.3726981E-04  1.9636406E-07  2.4131521E-04  1.7348326E-03  2.2420100E-05  1.940E-06  1.000E-20  3.780E-05  9.805E-01  1.152E+00  2.76E+02  2.44E+02  6.68E+01  0.355795  0.650738  0.0000000E+00  1.1065776207E-01
319  0.358708847184280E+07   50.725955  6.252397  4.084579  0.2009117E+00  0.7854006E+00  9.3971363E-05  2.4741674E-05  8.1234394E-03  1.2634251E-04  1.6483382E-07  2.5377353E-08  1.7764174E-03  5.7005085E-06  3.529E-06  0.5207  4.358037   -3.650  2.129622  8.229782  0.0000000E+00  0.9862513E+00  1.6661097E-04  1.2296414E-09  7.8563383E-03  1.3726981E-04  1.9636406E-07  2.4131521E-04  1.7348326E-03  2.2420100E-05  1.940E-06  1.000E-20  3.780E-05  9.805E-01  1.152E+00  2.76E+02  2.44E+02  6.68E+01  0.355795  0.650738  0.0000000E+00  1.1065776207E-01
320  0.358708847184280E+07   50.725955  6.252397  4.084579  0.2009117E+00  0.7854006E+00  9.3971363E-05  2.4741674E-05  8.1234394E-03  1.2634251E-04  1.6483382E-07  2.5377353E-08  1.7764174E-03  5.7005085E-06  3.529E-06  0.5207  4.358037   -3.650  2.129622  8.229782  0.0000000E+00  0.9862513E+00  1.6661097E-04  1.2296414E-09  7.8563383E-03  1.3726981E-04  1.9636406E-07  2.4131521E-04  1.7348326E-03  2.2420100E-05  1.940E-06  1.000E-20  3.780E-05  9.805E-01  1.152E+00  2.76E+02  2.44E+02  6.68E+01  0.355795  0.650738  0.0000000E+00  1.1065776207E-01
321  0.358708847184280E+07   50.725955  6.252397  4.084579  0.2009117E+00  0.7854006E+00  9.3971363E-05  2.4741674E-05  8.1234394E-03  1.2634251E-04  1.6483382E-07  2.5377353E-08  1.7764174E-03  5.7005085E-06  3.529E-06  0.5207  4.358037   -3.650  2.129622  8.229782  0.0000000E+00  0.9862513E+00  1.6661097E-04  1.2296414E-09  7.8563383E-03  1.3726981E-04  1.9636406E-07  2.4131521E-04  1.7348326E-03  2.2420100E-05  1.940E-06  1.000E-20  3.780E-05  9.805E-01  1.152E+00  2.76E+02  2.44E+02  6.68E+01  0.355795  0.650738  0.0000000E+00  1.1065776207E-01
322  0.358708847184280E+07   50.725955  6.252397  4.084579  0.2009117E+00  0.7854006E+00  9.3971363E-05  2.4741674E-05  8.1234394E-03  1.2634251E-04  1.6483382E-07  2.5377353E-08  1.7764174E-03  5.7005085E-06  3.529E-06  0.5207  4.358037   -3.650  2.129622  8.229782  0.0000000E+00  0.9862513E+00  1.6661097E-04  1.2296414E-09  7.8563383E-03  1.3726981E-04  1.9636406E-07  2.4131521E-04  1.7348326E-03  2.2420100E-05  1.940E-06  1.000E-20  3.780E-05  9.805E-01  1.152E+00  2.76E+02  2.44E+02  6.68E+01  0.355795  0.650738  0.0000000E+00  1.1065776207E-01
323  0.358708847184280E+07   50.725955  6.252397  4.084579  0.2009117E+00  0.7854006E+00  9.3971363E-05  2.4741674E-05  8.1234394E-03  1.2634251E-04  1.6483382E-07  2.5377353E-08  1.7764174E-03  5.7005085E-06  3.529E-06  0.5207  4.358037   -3.650  2.129622  8.229782  0.0000000E+00  0.9862513E+00  1.6661097E-04  1.2296414E-09  7.8563383E-03  1.3726981E-04  1.9636406E-07  2.4131521E-04  1.7348326E-03  2.2420100E-05  1.940E-06  1.000E-20  3.780E-05  9.805E-01  1.152E+00  2.76E+02  2.44E+02  6.68E+01  0.355795  0.650738  0.0000000E+00  1.1065776207E-01
324  0.358708847184280E+07   50.725955  6.252397  4.084579  0.2009117E+00  0.7854006E+00  9.3971363E-05  2.4741674E-05  8.1234394E-03  1.2634251E-04  1.6483382E-07  2.5377353E-08  1.7764174E-03  5.7005085E-06  3.529E-06  0.5207  4.358037   -3.650  2.129622  8.229782  0.0000000E+00  0.9862513E+00  1.6661097E-04  1.2296414E-09  7.8563383E-03  1.3726981E-04  1.9636406E-07  2.4131521E-04  1.7348326E-03  2.2420100E-05  1.940E-06  1.000E-20  3.780E-05  9.805E-01  1.152E+00  2.76E+02  2.44E+02  6.68E+01  0.355795  0.650738  0.0000000E+00  1.1065776207E-01
325  0.358708847184280E+07   50.725955  6.252397  4.084579  0.2009117E+00  0.7854006E+00  9.3971363E-05  2.4741674E-05  8.1234394E-03  1.2634251E-04  1.6483382E-07  2.5377353E-08  1.7764174E-03  5.7005085E-06  3.529E-06  0.5207  4.358037   -3.650  2.129622  8.229782  0.0000000E+00  0.9862513E+00  1.6661097E-04  1.2296414E-09  7.8563383E-03  1.3726981E-04  1.9636406E-07  2.4131521E-04  1.7348326E-03  2.2420100E-05  1.940E-06  1.000E-20  3.780E-05  9.805E-01  1.152E+00  2.76E+02  2.44E+02  6.68E+01  0.355795  0.650738  0.0000000E+00  1.1065776207E-01
326  0.358708847184280E+07   50.725955  6.252397  4.084579  0.2009117E+00  0.7854006E+00  9.3971363E-05  2.4741674E-05  8.1234394E-03  1.2634251E-04  1.6483382E-07  2.5377353E-08  1.7764174E-03  5.7005085E-06  3.529E-06  0.5207  4.358037   -3.650  2.129622  8.229782  0.0000000E+00  0.9862513E+00  1.6661097E-04  1.2296414E-09  7.8563383E-03  1.3726981E-04  1.9636406E-07  2.4131521E-04  1.7348326E-03  2.2420100E-05  1.940E-06  1.000E-20  3.780E-05  9.805E-01  1.152E+00  2.76E+02  2.44E+02  6.68E+01  0.355795  0.650738  0.0000000E+00  1.1065776207E-01
327  0.358708847184280E+07   50.725955  6.252397  4.084579  0.2009117E+00  0.7854006E+00  9.3971363E-05  2.4741674E-05  8.1234394E-03  1.2634251E-04  1.6483382E-07  2.5377353E-08  1.7764174E-03  5.7005085E-06  3.529E-06  0.5207  4.358037   -3.650  2.129622  8.229782  0.0000000E+00  0.9862513E+00  1.6661097E-04  1.2296414E-09  7.8563383E-03  1.3726981E-04  1.9636406E-07  2.4131521E-04  1.7348326E-03  2.2420100E-05  1.940E-06  1.000E-20  3.780E-05  9.805E-01  1.152E+00  2.76E+02  2.44E+02  6.68E+01  0.355795  0.650738  0.0000000E+00  1.1065776207E-01
328  0.358708847184280E+07   50.725955  6.252397  4.084579  0.2009117E+00  0.7854006E+00  9.3971363E-05  2.4741674E-05  8.1234394E-03  1.2634251E-04  1.6483382E-07  2.5377353E-08  1.7764174E-03  5.7005085E-06  3.529E-06  0.5207  4.358037   -3.650  2.129622  8.229782  0.0000000E+00  0.9862513E+00  1.6661097E-04  1.2296414E-09  7.8563383E-03  1.3726981E-04  1.9636406E-07  2.4131521E-04  1.7348326E-03  2.2420100E-05  1.940E-06  1.000E-20  3.780E-05  9.805E-01  1.152E+00  2.76E+02  2.44E+02  6.68E+01  0.355795  0.650738  0.0000000E+00  1.1065776207E-01
329  0.358708847184280E+07   50.725955  6.252397  4.084579  0.2009117E+00  0.7854006E+00  9.3971363E-05  2.4741674E-05  8.1234394E-03  1.2634251E-04  1.6483382E-07  2.5377353E-08  1.7764174E-03  5.7005085E-06  3.529E-06  0.5207  4.358037   -3.650  2.129622  8.229782  0.0000000E+00  0.9862513E+00  1.6661097E-04  1.2296414E-09  7.8563383E-03  1.3726981E-04  1.9636406E-07  2.4131521E-04  1.7348326E-03  2.2420100E-05  1.940E-06  1.000E-20  3.780E-05  9.805E-01  1.152E+00  2.76E+02  2.44E+02  6.68E+01  0.355795  0.650738  0.0000000E+00  1.1065776207E-01
330  0.358708847184280E+07   50.725955  6.252397  4.084579  0.2009117E+00  0.7854006E+00  9.3971363E-05  2.4741674E-05  8.1234394E-03  1.2634251E-04  1.6483382E-07  2.5377353E-08  1.7764174E-03  5.7005085E-06  3.529E-06  0.5207  4.358037   -3.650  2.129622  8.229782  0.0000000E+00  0.9862513E+00  1.6661097E-04  1.2296414E-09  7.8563383E-03  1.3726981E-04  1.9636406E-07  2.4131521E-04  1.7348326E-03  2.2420100E-05  1.940E-06  1.000E-20  3.780E-05  9.805E-01  1.152E+00  2.76E+02  2.44E+02  6.68E+01  0.355795  0.650738  0.0000000E+00  1.1065776207E-01
331  0.358708847184280E+07   50.725955  6.252397  4.084579  0.2009117E+00  0.7854006E+00  9.3971363E-05  2.4741674E-05  8.1234394E-03  1.2634251E-04  1.6483382E-07  2.5377353E-08  1.7764174E-03  5.7005085E-06  3.529E-06  0.5207  4.358037   -3.650  2.129622  8.229782  0.0000000E+00  0.9862513E+00  1.6661097E-04  1.2296414E-09  7.8563383E-03  1.3726981E-04  1.9636406E-07  2.4131521E-04  1.7348326E-03  2.2420100E-05  1.940E-06  1.000E-20  3.780E-05  9.805E-01  1.152E+00  2.76E+02  2.44E+02  6.68E+01  0.355795  0.650738  0.0000000E+00  1.1065776207E-01
332  0.358708847184280E+07   50.725955  6.252397  4.084579  0.2009117E+00  0.7854006E+00  9.3971363E-05  2.4741674E-05  8.1234394E-03  1.2634251E-04  1.6483382E-07  2.5377353E-08  1.7764174E-03  5.7005085E-06  3.529E-06  0.5207  4.358037   -3.650  2.129622  8.229782  0.0000000E+00  0.9862513E+00  1.6661097E-04  1.2296414E-09  7.8563383E-03  1.3726981E-04  1.9636406E-07  2.4131521E-04  1.7348326E-03  2.2420100E-05  1.940E-06  1.000E-20  3.780E-05  9.805E-01  1.152E+00  2.76E+02  2.44E+02  6.68E+01  0.355795  0.650738  0.0000000E+00  1.1065776207E-01
333  0.358708847184280E+07   50.725955  6.252397  4.084579  0.2009117E+00  0.7854006E+00  9.3971363E-05  2.4741674E-05  8.1234394E-03  1.2634251E-04  1.6483382E-07  2.5377353E-08  1.7764174E-03  5.7005085E-06  3.529E-06  0.5207  4.358037   -3.650  2.129622  8.229782  0.0000000E+00  0.9862513E+00  1.6661097E-04  1.2296414E-09  7.8563383E-03  1.3726981E-04  1.9636406E-07  2.4131521E-04  1.7348326E-03  2.2420100E-05  1.940E-06  1.000E-20  3.780E-05  9.805E-01  1.152E+00  2.76E+02  2.44E+02  6.68E+01  0.355795  0.650738  0.0000000E+00  1.1065776207E-01
334  0.358708847184280E+07   50.725955  6.252397  4.084579  0.2009117E+00  0.7854006E+00  9.3971363E-05  2.4741674E-05  8.1234394E-03  1.2634251E-04  1.6483382E-07  2.5377353E-08  1.7764174E-03  5.7005085E-06  3.529E-06  0.5207  4.358037   -3.650  2.129622  8.229782  0.0000000E+00  0.9862513E+00  1.6661097E-04  1.2296414E-09  7.8563383E-03  1.3726981E-04  1.9636406E-07  2.4131521E-04  1.7348326E-03  2.2420100E-05  1.940E-06  1.000E-20  3.780E-05  9.805E-01  1.152E+00  2.76E+02  2.44E+02  6.68E+01  0.355795  0.650738  0.0000000E+00  1.1065776207E-01
335  0.358708847184280E+07   50.725955  6.252397  4.084579  0.2009117E+00  0.7854006E+00  9.3971363E-05  2.4741674E-05  8.1234394E-03  1.2634251E-04  1.6483382E-07  2.5377353E-08  1.7764174E-03  5.7005085E-06  3.529E-06  0.5207  4.358037   -3.650  2.129622  8.229782  0.0000000E+00  0.9862513E+00  1.6661097E-04  1.2296414E-09  7.8563383E-03  1.3726981E-04  1.9636406E-07  2.4131521E-04  1.7348326E-03  2.2420100E-05  1.940E-06  1.000E-20  3.780E-05  9.805E-01  1.152E+00  2.76E+02  2.44E+02  6.68E+01  0.355795  0.650738  0.0000000E+00  1.1065776207E-01
336  0.358708847184280E+07   50.725955  6.252397  4.084579  0.2009117E+00  0.7854006E+00  9.3971363E-05  2.4741674E-05  8.1234394E-03  1.2634251E-04  1.6483382E-07  2.5377353E-08  1.7764174E-03  5.7005085E-06  3.529E-06  0.5207  4.358037   -3.650  2.129622  8.229782  0.0000000E+00  0.9862513E+00  1.6661097E-04  1.2296414E-09  7.8563383E-03  1.3726981E-04  1.9636406E-07  2.4131521E-04  1.7348326E-03  2.2420100E-05  1.940E-06  1.000E-20  3.780E-05  9.805E-01  1.152E+00  2.76E+02  2.44E+02  6.68E+01  0.355795  0.650738  0.0000000E+00  1.1065776207E-01
337  0.358708847184280E+07   50.725955  6.252397  4.084579  0.2009117E+00  0.7854006E+00  9.3971363E-05  2.4741674E-05  8.1234394E-03  1.2634251E-04  1.6483382E-07  2.5377353E-08  1.7764174E-03  5.7005085E-06  3.529E-06  0.5207  4.358037   -3.650  2.129622  8.229782  0.0000000E+00  0.9862513E+00  1.6661097E-04  1.2296414E-09  7.8563383E-03  1.3726981E-04  1.9636406E-07  2.4131521E-04  1.7348326E-03  2.2420100E-05  1.940E-06  1.000E-20  3.780E-05  9.805E-01  1.152E+00  2.76E+02  2.44E+02  6.68E+01  0.355795  0.650738  0.0000000E+00  1.1065776207E-01
338  0.358708847184280E+07   50.725955  6.252397  4.084579  0.2009117E+00  0.7854006E+00  9.3971363E-05  2.4741674E-05  8.1234394E-03  1.2634251E-04  1.6483382E-07  2.5377353E-08  1.7764174E-03  5.7005085E-06  3.529E-06  0.5207  4.358037   -3.650  2.129622  8.229782  0.0000000E+00  0.9862513E+00  1.6661097E-04  1.2296414E-09  7.8563383E-03  1.3726981E-04  1.9636406E-07  2.4131521E-04  1.7348326E-03  2.2420100E-05  1.940E-06  1.000E-20  3.780E-05  9.805E-01  1.152E+00  2.76E+02  2.44E+02  6.68E+01  0.355795  0.650738  0.0000000E+00  1.1065776207E-01
339  0.358708847184280E+07   50.725955  6.252397  4.084579  0.2009117E+00  0.7854006E+00  9.3971363E-05  2.4741674E-05  8.1234394E-03  1.2634251E-04  1.6483382E-07  2.5377353E-08  1.7764174E-03  5.7005085E-06  3.529E-06  0.5207  4.358037   -3.650  2.129622  8.229782  0.0000000E+00  0.9862513E+00  1.6661097E-04  1.2296414E-09  7.8563383E-03  1.3726981E-04  1.9636406E-07  2.4131521E-04  1.7348326E-03  2.2420100E-05  1.940E-06  1.000E-20  3.780E-05  9.805E-01  1.152E+00  2.76E+02  2.44E+02  6.68E+01  0.355795  0.650738  0.0000000E+00  1.1065776207E-01
340  0.358708847184280E+07   50.725955  6.252397  4.084579  0.2009117E+00  0.7854006E+00  9.3971363E-05  2.4741674E-05  8.1234394E-03  1.2634251E-04  1.6483382E-07  2.5377353E-08  1.7764174E-03  5.7005085E-06  3.529E-06  0.5207  4.358037   -3.650  2.129622  8.229782  0.0000000E+00  0.9862513E+00  1.6661097E-04  1.2296414E-09  7.8563383E-03  1.3726981E-04  1.9636406E-07  2.4131521E-04  1.7348326E-03  2.2420100E-05  1.940E-06  1.000E-20  3.780E-05  9.805E-01  1.152E+00  2.76E+02  2.44E+02  6.68E+01  0.355795  0.650738  0.0000000E+00  1.1065776207E-01
341  0.358708847184280E+07   50.725955  6.252397  4.084579  0.2009117E+00  0.7854006E+00  9.3971363E-05  2.4741674E-05  8.1234394E-03  1.2634251E-04  1.6483382E-07  2.5377353E-08  1.7764174E-03  5.7005085E-06  3.529E-06  0.5207  4.358037   -3.650  2.129622  8.229782  0.0000000E+00  0.9862513E+00  1.6661097E-04  1.2296414E-09  7.8563383E-03  1.3726981E-04  1.9636406E-07  2.4131521E-04  1.7348326E-03  2.2420100E-05  1.940E-06  1.000E-20  3.780E-05  9.805E-01  1.152E+00  2.76E+02  2.44E+02  6.68E+01  0.355795  0.650738  0.0000000E+00  1.1065776207E-01
342  0.358708847184280E+07   50.725955  6.252397  4.084579  0.2009117E+00  0.7854006E+00  9.3971363E-05  2.4741674E-05  8.1234394E-03  1.2634251E-04  1.6483382E-07  2.5377353E-08  1.7764174E-03  5.7005085E-06  3.529E-06  0.5207  4.358037   -3.650  2.129622  8.229782  0.0000000E+00  0.9862513E+00  1.6661097E-04  1.2296414E-09  7.8563383E-03  1.3726981E-04  1.9636406E-07  2.4131521E-04  1.7348326E-03  2.2420100E-05  1.940E-06  1.000E-20  3.780E-05  9.805E-01  1.152E+00  2.76E+02  2.44E+02  6.68E+01  0.355795  0.650738  0.0000000E+00  1.1065776207E-01
343  0.358708847184280E+07   50.725955  6.252397  4.084579  0.2009117E+00  0.7854006E+00  9.3971363E-05  2.4741674E-05  8.1234394E-03  1.2634251E-04  1.6483382E-07  2.5377353E-08  1.7764174E-03  5.7005085E-06  3.529E-06  0.5207  4.358037   -3.650  2.129622  8.229782  0.0000000E+00  0.9862513E+00  1.6661097E-04  1.2296414E-09  7.8563383E-03  1.3726981E-04  1.9636406E-07  2.4131521E-04  1.7348326E-03  2.2420100E-05  1.940E-06  1.000E-20  3.780E-05  9.805E-01  1.152E+00  2.76E+02  2.44E+02  6.68E+01  0.355795  0.650738  0.0000000E+00  1.1065776207E-01
344  0.358708847184280E+07   50.725955  6.252397  4.084579  0.2009117E+00  0.7854006E+00  9.3971363E-05  2.4741674E-05  8.1234394E-03  1.2634251E-04  1.6483382E-07  2.5377353E-08  1.7764174E-03  5.7005085E-06  3.529E-06  0.5207  4.358037   -3.650  2.129622  8.229782  0.0000000E+00  0.9862513E+00  1.6661097E-04  1.2296414E-09  7.8563383E-03  1.3726981E-04  1.9636406E-07  2.4131521E-04  1.7348326E-03  2.2420100E-05  1.940E-06  1.000E-20  3.780E-05  9.805E-01  1.152E+00  2.76E+02  2.44E+02  6.68E+01  0.355795  0.650738  0.0000000E+00  1.1065776207E-01
345  0.358708847184280E+07   50.725955  6.252397  4.084579  0.2009117E+00  0.7854006E+00  9.3971363E-05  2.4741674E-05  8.1234394E-03  1.2634251E-04  1.6483382E-07  2.5377353E-08  1.7764174E-03  5.7005085E-06  3.529E-06  0.5207  4.358037   -3.650  2.129622  8.229782  0.0000000E+00  0.9862513E+00  1.6661097E-04  1.2296414E-09  7.8563383E-03  1.3726981E-04  1.9636406E-07  2.4131521E-04  1.7348326E-03  2.2420100E-05  1.940E-06  1.000E-20  3.780E-05  9.805E-01  1.152E+00  2.76E+02  2.44E+02  6.68E+01  0.355795  0.650738  0.0000000E+00  1.1065776207E-01
346  0.358708847184280E+07   50.725955  6.252397  4.084579  0.2009117E+00  0.7854006E+00  9.3971363E-05  2.4741674E-05  8.1234394E-03  1.2634251E-04  1.6483382E-07  2.5377353E-08  1.7764174E-03  5.7005085E-06  3.529E-06  0.5207  4.358037   -3.650  2.129622  8.229782  0.0000000E+00  0.9862513E+00  1.6661097E-04  1.2296414E-09  7.8563383E-03  1.3726981E-04  1.9636406E-07  2.4131521E-04  1.7348326E-03  2.2420100E-05  1.940E-06  1.000E-20  3.780E-05  9.805E-01  1.152E+00  2.76E+02  2.44E+02  6.68E+01  0.355795  0.650738  0.0000000E+00  1.1065776207E-01
347  0.358708847184280E+07   50.725955  6.252397  4.084579  0.2009117E+00  0.7854006E+00  9.3971363E-05  2.4741674E-05  8.1234394E-03  1.2634251E-04  1.6483382E-07  2.5377353E-08  1.7764174E-03  5.7005085E-06  3.529E-06  0.5207  4.358037   -3.650  2.129622  8.229782  0.0000000E+00  0.9862513E+00  1.6661097E-04  1.2296414E-09  7.8563383E-03  1.3726981E-04  1.9636406E-07  2.4131521E-04  1.7348326E-03  2.2420100E-05  1.940E-06  1.000E-20  3.780E-05  9.805E-01  1.152E+00  2.76E+02  2.44E+02  6.68E+01  0.355795  0.650738  0.0000000E+00  1.1065776207E-01
348  0.358708847184280E+07   50.725955  6.252397  4.084579  0.2009117E+00  0.7854006E+00  9.3971363E-05  2.4741674E-05  8.1234394E-03  1.2634251E-04  1.6483382E-07  2.5377353E-08  1.7764174E-03  5.7005085E-06  3.529E-06  0.5207  4.358037   -3.650  2.129622  8.229782  0.0000000E+00  0.9862513E+00  1.6661097E-04  1.2296414E-09  7.8563383E-03  1.3726981E-04  1.9636406E-07  2.4131521E-04  1.7348326E-03  2.2420100E-05  1.940E-06  1.000E-20  3.780E-05  9.805E-01  1.152E+00  2.76E+02  2.44E+02  6.68E+01  0.355795  0.650738  0.0000000E+00  1.1065776207E-01
349  0.358708847184280E+07   50.725955  6.252397  4.084579  0.2009117E+00  0.7854006E+00  9.3971363E-05  2.4741674E-05  8.1234394E-03  1.2634251E-04  1.6483382E-07  2.5377353E-08  1.7764174E-03  5.7005085E-06  3.529E-06  0.5207  4.358037   -3.650  2.129622  8.229782  0.0000000E+00  0.9862513E+00  1.6661097E-04  1.2296414E-09  7.8563383E-03  1.3726981E-04  1.9636406E-07  2.4131521E-04  1.7348326E-03  2.2420100E-05  1.940E-06  1.000E-20  3.780E-05  9.805E-01  1.152E+00  2.76E+02  2.44E+02  6.68E+01  0.355795  0.650738  0.0000000E+00  1.1065776207E-01
350  0.358708847184280E+07   50.725955  6.252397  4.084579  0.2009117E+00  0.7854006E+00  9.3971363E-05  2.4741674E-05  8.1234394E-03  1.2634251E-04  1.6483382E-07  2.5377353E-08  1.7764174E-03  5.7005085E-06  3.529E-06  0.5207  4.358037   -3.650  2.129622  8.229782  0.0000000E+00  0.9862513E+00  1.6661097E-04  1.2296414E-09  7.8563383E-03  1.3726981E-04  1.9636406E-07  2.4131521E-04  1.7348326E-03  2.2420100E-05  1.940E-06  1.000E-20  3.780E-05  9.805E-01  1.152E+00  2.76E+02  2.44E+02  6.68E+01  0.355795  0.650738  0.0000000E+00  1.1065776207E-01
351  0.358708847184280E+07   50.725955  6.252397  4.084579  0.2009117E+00  0.7854006E+00  9.3971363E-05  2.4741674E-05  8.1234394E-03  1.2634251E-04  1.6483382E-07  2.5377353E-08  1.7764174E-03  5.7005085E-06  3.529E-06  0.5207  4.358037   -3.650  2.129622  8.229782  0.0000000E+00  0.9862513E+00  1.6661097E-04  1.2296414E-09  7.8563383E-03  1.3726981E-04  1.9636406E-07  2.4131521E-04  1.7348326E-03  2.2420100E-05  1.940E-06  1.000E-20  3.780E-05  9.805E-01  1.152E+00  2.76E+02  2.44E+02  6.68E+01  0.355795  0.650738  0.0000000E+00  1.1065776207E-01
352  0.358708847184280E+07   50.725955  6.252397  4.084579  0.2009117E+00  0.7854006E+00  9.3971363E-05  2.4741674E-05  8.1234394E-03  1.2634251E-04  1.6483382E-07  2.5377353E-08  1.7764174E-03  5.7005085E-06  3.529E-06  0.5207  4.358037   -3.650  2.129622  8.229782  0.0000000E+00  0.9862513E+00  1.6661097E-04  1.2296414E-09  7.8563383E-03  1.3726981E-04  1.9636406E-07  2.4131521E-04  1.7348326E-03  2.2420100E-05  1.940E-06  1.000E-20  3.780E-05  9.805E-01  1.152E+00  2.76E+02  2.44E+02  6.68E+01  0.355795  0.650738  0.0000000E+00  1.1065776207E-01
353  0.358708847184280E+07   50.725955  6.252397  4.084579  0.2009117E+00  0.7854006E+00  9.3971363E-05  2.4741674E-05  8.1234394E-03  1.2634251E-04  1.6483382E-07  2.5377353E-08  1.7764174E-03  5.7005085E-06  3.529E-06  0.5207  4.358037   -3.650  2.129622  8.229782  0.0000000E+00  0.9862513E+00  1.6661097E-04  1.2296414E-09  7.8563383E-03  1.3726981E-04  1.9636406E-07  2.4131521E-04  1.7348326E-03  2.2420100E-05  1.940E-06  1.000E-20  3.780E-05  9.805E-01  1.152E+00  2.76E+02  2.44E+02  6.68E+01  0.355795  0.650738  0.0000000E+00  1.1065776207E-01
354  0.358708847184280E+07   50.725955  6.252397  4.084579  0.2009117E+00  0.7854006E+00  9.3971363E-05  2.4741674E-05  8.1234394E-03  1.2634251E-04  1.6483382E-07  2.5377353E-08  1.7764174E-03  5.7005085E-06  3.529E-06  0.5207  4.358037   -3.650  2.129622  8.229782  0.0000000E+00  0.9862513E+00  1.6661097E-04  1.2296414E-09  7.8563383E-03  1.3726981E-04  1.9636406E-07  2.4131521E-04  1.7348326E-03  2.2420100E-05  1.940E-06  1.000E-20  3.780E-05  9.805E-01  1.152E+00  2.76E+02  2.44E+02  6.68E+01  0.355795  0.650738  0.0000000E+00  1.1065776207E-01
355  0.358708847184280E+07   50.725955  6.252397  4.084579  0.2009117E+00  0.7854006E+00  9.3971363E-05  2.4741674E-05  8.1234394E-03  1.2634251E-04  1.6483382E-07  2.5377353E-08  1.7764174E-03  5.7005085E-06  3.529E-06  0.5207  4.358037   -3.650  2.129622  8.229782  0.0000000E+00  0.9862513E+00  1.6661097E-04  1.2296414E-09  7.8563383E-03  1.3726981E-04  1.9636406E-07  2.4131521E-04  1.7348326E-03  2.2420100E-05  1.940E-06  1.000E-20  3.780E-05  9.805E-01  1.152E+00  2.76E+02  2.44E+02  6.68E+01  0.355795  0.650738  0.0000000E+00  1.1065776207E-01
356  0.358708847184280E+07   50.725955  6.252397  4.084579  0.2009117E+00  0.7854006E+00  9.3971363E-05  2.4741674E-05  8.1234394E-03  1.2634251E-04  1.6483382E-07  2.5377353E-08  1.7764174E-03  5.7005085E-06  3.529E-06  0.5207  4.358037   -3.650  2.129622  8.229782  0.0000000E+00  0.9862513E+00  1.6661097E-04  1.2296414E-09  7.8563383E-03  1.3726981E-04  1.9636406E-07  2.4131521E-04  1.7348326E-03  2.2420100E-05  1.940E-06  1.000E-20  3.780E-05  9.805E-01  1.152E+00  2.76E+02  2.44E+02  6.68E+01  0.355795  0.650738  0.0000000E+00  1.1065776207E-01
357  0.358708847184280E+07   50.725955  6.252397  4.084579  0.2009117E+00  0.7854006E+00  9.3971363E-05  2.4741674E-05  8.1234394E-03  1.2634251E-04  1.6483382E-07  2.5377353E-08  1.7764174E-03  5.7005085E-06  3.529E-06  0.5207  4.358037   -3.650  2.129622  8.229782  0.0000000E+00  0.9862513E+00  1.6661097E-04  1.2296414E-09  7.8563383E-03  1.3726981E-04  1.9636406E-07  2.4131521E-04  1.7348326E-03  2.2420100E-05  1.940E-06  1.000E-20  3.780E-05  9.805E-01  1.152E+00  2.76E+02  2.44E+02  6.68E+01  0.355795  0.650738  0.0000000E+00  1.1065776207E-01
358  0.358708847184280E+07   50.725955  6.252397  4.084579  0.2009117E+00  0.7854006E+00  9.3971363E-05  2.4741674E-05  8.1234394E-03  1.2634251E-04  1.6483382E-07  2.5377353E-08  1.7764174E-03  5.7005085E-06  3.529E-06  0.5207  4.358037   -3.650  2.129622  8.229782  0.0000000E+00  0.9862513E+00  1.6661097E-04  1.2296414E-09  7.8563383E-03  1.3726981E-04  1.9636406E-07  2.4131521E-04  1.7348326E-03  2.2420100E-05  1.940E-06  1.000E-20  3.780E-05  9.805E-01  1.152E+00  2.76E+02  2.44E+02  6.68E+01  0.355795  0.650738  0.0000000E+00  1.1065776207E-01
359  0.358708847184280E+07   50.725955  6.252397  4.084579  0.2009117E+00  0.7854006E+00  9.3971363E-05  2.4741674E-05  8.1234394E-03  1.2634251E-04  1.6483382E-07  2.5377353E-08  1.7764174E-03  5.7005085E-06  3.529E-06  0.5207  4.358037   -3.650  2.129622  8.229782  0.0000000E+00  0.9862513E+00  1.6661097E-04  1.2296414E-09  7.8563383E-03  1.3726981E-04  1.9636406E-07  2.4131521E-04  1.7348326E-03  2.2420100E-05  1.940E-06  1.000E-20  3.780E-05  9.805E-01  1.152E+00  2.76E+02  2.44E+02  6.68E+01  0.355795  0.650738  0.0000000E+00  1.1065776207E-01
360  0.358708847184280E+07   50.725955  6.252397  4.084579  0.2009117E+00  0.7854006E+00  9.3971363E-05  2.4741674E-05  8.1234394E-03  1.2634251E-04  1.6483382E-07  2.5377353E-08  1.7764174E-03  5.7005085E-06  3.529E-06  0.5207  4.358037   -3.650  2.129622  8.229782  0.0000000E+00  0.9862513E+00  1.6661097E-04  1.2296414E-09  7.8563383E-03  1.3726981E-04  1.9636406E-07  2.4131521E-04  1.7348326E-03  2.2420100E-05  1.940E-06  1.000E-20  3.780E-05  9.805E-01  1.152E+00  2.76E+02  2.44E+02  6.68E+01  0.355795  0.650738  0.0000000E+00  1.1065776207E-01
361  0.358708847184280E+07   50.725955  6.252397  4.084579  0.2009117E+00  0.7854006E+00  9.3971363E-05  2.4741674E-05  8.1234394E-03  1.2634251E-04  1.6483382E-07  2.5377353E-08  1.7764174E-03  5.7005085E-06  3.529E-06  0.5207  4.358037   -3.650  2.129622  8.229782  0.0000000E+00  0.9862513E+00  1.6661097E-04  1.2296414E-09  7.8563383E-03  1.3726981E-04  1.9636406E-07  2.4131521E-04  1.7348326E-03  2.2420100E-05  1.940E-06  1.000E-20  3.780E-05  9.805E-01  1.152E+00  2.76E+02  2.44E+02  6.68E+01  0.355795  0.650738  0.0000000E+00  1.1065776207E-01
362  0.358708847184280E+07   50.725955  6.252397  4.084579  0.2009117E+00  0.7854006E+00  9.3971363E-05  2.4741674E-05  8.1234394E-03  1.2634251E-04  1.6483382E-07  2.5377353E-08  1.7764174E-03  5.7005085E-06  3.529E-06  0.5207  4.358037   -3.650  2.129622  8.229782  0.0000000E+00  0.9862513E+00  1.6661097E-04  1.2296414E-09  7.8563383E-03  1.3726981E-04  1.9636406E-07  2.4131521E-04  1.7348326E-03  2.2420100E-05  1.940E-06  1.000E-20  3.780E-05  9.805E-01  1.152E+00  2.76E+02  2.44E+02  6.68E+01  0.355795  0.650738  0.0000000E+00  1.1065776207E-01
363  0.358708847184280E+07   50.725955  6.252397  4.084579  0.2009117E+00  0.7854006E+00  9.3971363E-05  2.4741674E-05  8.1234394E-03  1.2634251E-04  1.6483382E-07  2.5377353E-08  1.7764174E-03  5.7005085E-06  3.529E-06  0.5207  4.358037   -3.650  2.129622  8.229782  0.0000000E+00  0.9862513E+00  1.6661097E-04  1.2296414E-09  7.8563383E-03  1.3726981E-04  1.9636406E-07  2.4131521E-04  1.7348326E-03  2.2420100E-05  1.940E-06  1.000E-20  3.780E-05  9.805E-01  1.152E+00  2.76E+02  2.44E+02  6.68E+01  0.355795  0.650738  0.0000000E+00  1.1065776207E-01
364  0.358708847184280E+07   50.725955  6.252397  4.084579  0.2009117E+00  0.7854006E+00  9.3971363E-05  2.4741674E-05  8.1234394E-03  1.2634251E-04  1.6483382E-07  2.5377353E-08  1.7764174E-03  5.7005085E-06  3.529E-06  0.5207  4.358037   -3.650  2.129622  8.229782  0.0000000E+00  0.9862513E+00  1.6661097E-04  1.2296414E-09  7.8563383E-03  1.3726981E-04  1.9636406E-07  2.4131521E-04  1.7348326E-03  2.2420100E-05  1.940E-06  1.000E-20  3.780E-05  9.805E-01  1.152E+00  2.76E+02  2.44E+02  6.68E+01  0.355795  0.650738  0.0000000E+00  1.1065776207E-01
365  0.358708847184280E+07   50.725955  6.252397  4.084579  0.2009117E+00  0.7854006E+00  9.3971363E-05  2.4741674E-05  8.1234394E-03  1.2634251E-04  1.6483382E-07  2.5377353E-08  1.7764174E-03  5.7005085E-06  3.529E-06  0.5207  4.358037   -3.650  2.129622  8.229782  0.0000000E+00  0.9862513E+00  1.6661097E-04  1.2296414E-09  7.8563383E-03  1.3726981E-04  1.9636406E-07  2.4131521E-04  1.7348326E-03  2.2420100E-05  1.940E-06  1.000E-20  3.780E-05  9.805E-01  1.152E+00  2.76E+02  2.44E+02  6.68E+01  0.355795  0.650738  0.0000000E+00  1.1065776207E-01
366  0.358708847184280E+07   50.725955  6.252397  4.084579  0.2009117E+00  0.7854006E+00  9.3971363E-05  2.4741674E-05  8.1234394E-03  1.2634251E-04  1.6483382E-07  2.5377353E-08  1.7764174E-03  5.7005085E-06  3.529E-06  0.5207  4.358037   -3.650  2.129622  8.229782  0.0000000E+00  0.9862513E+00  1.6661097E-04  1.2296414E-09  7.8563383E-03  1.3726981E-04  1.9636406E-07  2.4131521E-04  1.7348326E-03  2.2420100E-05  1.940E-06  1.000E-20  3.780E-05  9.805E-01  1.152E+00  2.76E+02  2.44E+02  6.68E+01  0.355795  0.650738  0.0000000E+00  1.1065776207E-01
367  0.358708847184280E+07   50.725955  6.252397  4.084579  0.2009117E+00  0.7854006E+00  9.3971363E-05  2.4741674E-05  8.1234394E-03  1.2634251E-04  1.6483382E-07  2.5377353E-08  1.7764174E-03  5.7005085E-06  3.529E-06  0.5207  4.358037   -3.650  2.129622  8.229782  0.0000000E+00  0.9862513E+00  1.6661097E-04  1.2296414E-09  7.8563383E-03  1.3726981E-04  1.9636406E-07  2.4131521E-04  1.7348326E-03  2.2420100E-05  1.940E-06  1.000E-20  3.780E-05  9.805E-01  1.152E+00  2.76E+02  2.44E+02  6.68E+01  0.355795  0.650738  0.0000000E+00  1.1065776207E-01
368  0.358708847184280E+07   50.725955  6.252397  4.084579  0.2009117E+00  0.7854006E+00  9.3971363E-05  2.4741674E-05  8.1234394E-03  1.2634251E-04  1.6483382E-07  2.5377353E-08  1.7764174E-03  5.7005085E-06  3.529E-06  0.5207  4.358037   -3.650  2.129622  8.229782  0.0000000E+00  0.9862513E+00  1.6661097E-04  1.2296414E-09  7.8563383E-03  1.3726981E-04  1.9636406E-07  2.4131521E-04  1.7348326E-03  2.2420100E-05  1.940E-06  1.000E-20  3.780E-05  9.805E-01  1.152E+00  2.76E+02  2.44E+02  6.68E+01  0.355795  0.650738  0.0000000E+00  1.1065776207E-01
369  0.358708847184280E+07   50.725955  6.252397  4.084579  0.2009117E+00  0.7854006E+00  9.3971363E-05  2.4741674E-05  8.1234394E-03  1.2634251E-04  1.6483382E-07  2.5377353E-08  1.7764174E-03  5.7005085E-06  3.529E-06  0.5207  4.358037   -3.650  2.129622  8.229782  0.0000000E+00  0.9862513E+00  1.6661097E-04  1.2296414E-09  7.8563383E-03  1.3726981E-04  1.9636406E-07  2.4131521E-04  1.7348326E-03  2.2420100E-05  1.940E-06  1.000E-20  3.780E-05  9.805E-01  1.152E+00  2.76E+02  2.44E+02  6.68E+01  0.355795  0.650738  0.0000000E+00  1.1065776207E-01
370  0.358708847184280E+07   50.725955  6.252397  4.084579  0.2009117E+00  0.7854006E+00  9.3971363E-05  2.4741674E-05  8.1234394E-03  1.2634251E-04  1.6483382E-07  2.5377353E-08  1.7764174E-03  5.7005085E-06  3.529E-06  0.5207  4.358037   -3.650  2.129622  8.229782  0.0000000E+00  0.9862513E+00  1.6661097E-04  1.2296414E-09  7.8563383E-03  1.3726981E-04  1.9636406E-07  2.4131521E-04  1.7348326E-03  2.2420100E-05  1.940E-06  1.000E-20  3.780E-05  9.805E-01  1.152E+00  2.76E+02  2.44E+02  6.68E+01  0.355795  0.650738  0.0000000E+00  1.1065776207E-01
371  0.358708847184280E+07   50.725955  6.252397  4.084579  0.2009117E+00  0.7854006E+00  9.3971363E-05  2.4741674E-05  8.1234394E-03  1.2634251E-04  1.6483382E-07  2.5377353E-08  1.7764174E-03  5.7005085E-06  3.529E-06  0.5207  4.358037   -3.650  2.129622  8.229782  0.0000000E+00  0.9862513E+00  1.6661097E-04  1.2296414E-09  7.8563383E-03  1.3726981E-04  1.9636406E-07  2.4131521E-04  1.7348326E-03  2.2420100E-05  1.940E-06  1.000E-20  3.780E-05  9.805E-01  1.152E+00  2.76E+02  2.44E+02  6.68E+01  0.355795  0.650738  0.0000000E+00  1.1065776207E-01
372  0.358708847184280E+07   50.725955  6.252397  4.084579  0.2009117E+00  0.7854006E+00  9.3971363E-05  2.4741674E-05  8.1234394E-03  1.2634251E-04  1.6483382E-07  2.5377353E-08  1.7764174E-03  5.7005085E-06  3.529E-06  0.5207  4.358037   -3.650  2.129622  8.229782  0.0000000E+00  0.9862513E+00  1.6661097E-04  1.2296414E-09  7.8563383E-03  1.3726981E-04  1.9636406E-07  2.4131521E-04  1.7348326E-03  2.2420100E-05  1.940E-06  1.000E-20  3.780E-05  9.805E-01  1.152E+00  2.76E+02  2.44E+02  6.68E+01  0.355795  0.650738  0.0000000E+00  1.1065776207E-01
373  0.358708847184280E+07   50.725955  6.252397  4.084579  0.2009117E+00  0.7854006E+00  9.3971363E-05  2.4741674E-05  8.1234394E-03  1.2634251E-04  1.6483382E-07  2.5377353E-08  1.7764174E-03  5.7005085E-06  3.529E-06  0.5207  4.358037   -3.650  2.129622  8.229782  0.0000000E+00  0.9862513E+00  1.6661097E-04  1.2296414E-09  7.8563383E-03  1.3726981E-04  1.9636406E-07  2.4131521E-04  1.7348326E-03  2.2420100E-05  1.940E-06  1.000E-20  3.780E-05  9.805E-01  1.152E+00  2.76E+02  2.44E+02  6.68E+01  0.355795  0.650738  0.0000000E+00  1.1065776207E-01
374  0.358708847184280E+07   50.725955  6.252397  4.084579  0.2009117E+00  0.7854006E+00  9.3971363E-05  2.4741674E-05  8.1234394E-03  1.2634251E-04  1.6483382E-07  2.5377353E-08  1.7764174E-03  5.7005085E-06  3.529E-06  0.5207  4.358037   -3.650  2.129622  8.229782  0.0000000E+00  0.9862513E+00  1.6661097E-04  1.2296414E-09  7.8563383E-03  1.3726981E-04  1.9636406E-07  2.4131521E-04  1.7348326E-03  2.2420100E-05  1.940E-06  1.000E-20  3.780E-05  9.805E-01  1.152E+00  2.76E+02  2.44E+02  6.68E+01  0.355795  0.650738  0.0000000E+00  1.1065776207E-01
375  0.358708847184280E+07   50.725955  6.252397  4.084579  0.2009117E+00  0.7854006E+00  9.3971363E-05  2.4741674E-05  8.1234394E-03  1.2634251E-04  1.6483382E-07  2.5377353E-08  1.7764174E-03  5.7005085E-06  3.529E-06  0.5207  4.358037   -3.650  2.129622  8.229782  0.0000000E+00  0.9862513E+00  1.6661097E-04  1.2296414E-09  7.8563383E-03  1.3726981E-04  1.9636406E-07  2.4131521E-04  1.7348326E-03  2.2420100E-05  1.940E-06  1.000E-20  3.780E-05  9.805E-01  1.152E+00  2.76E+02  2.44E+02  6.68E+01  0.355795  0.650738  0.0000000E+00  1.1065776207E-01
376  0.358708847184280E+07   50.725955  6.252397  4.084579  0.2009117E+00  0.7854006E+00  9.3971363E-05  2.4741674E-05  8.1234394E-03  1.2634251E-04  1.6483382E-07  2.5377353E-08  1.7764174E-03  5.7005085E-06  3.529E-06  0.5207  4.358037   -3.650  2.129622  8.229782  0.0000000E+00  0.9862513E+00  1.6661097E-04  1.2296414E-09  7.8563383E-03  1.3726981E-04  1.9636406E-07  2.4131521E-04  1.7348326E-03  2.2420100E-05  1.940E-06  1.000E-20  3.780E-05  9.805E-01  1.152E+00  2.76E+02  2.44E+02  6.68E+01  0.355795  0.650738  0.0000000E+00  1.1065776207E-01
377  0.358708847184280E+07   50.725955  6.252397  4.084579  0.2009117E+00  0.7854006E+00  9.3971363E-05  2.4741674E-05  8.1234394E-03  1.2634251E-04  1.6483382E-07  2.5377353E-08  1.7764174E-03  5.7005085E-06  3.529E-06  0.5207  4.358037   -3.650  2.129622  8.229782  0.0000000E+00  0.9862513E+00  1.6661097E-04  1.2296414E-09  7.8563383E-03  1.3726981E-04  1.9636406E-07  2.4131521E-04  1.7348326E-03  2.2420100E-05  1.940E-06  1.000E-20  3.780E-05  9.805E-01  1.152E+00  2.76E+02  2.44E+02  6.68E+01  0.355795  0.650738  0.0000000E+00  1.1065776207E-01
378  0.358708847184280E+07   50.725955  6.252397  4.084579  0.2009117E+00  0.7854006E+00  9.3971363E-05  2.4741674E-05  8.1234394E-03  1.2634251E-04  1.6483382E-07  2.5377353E-08  1.7764174E-03  5.7005085E-06  3.529E-06  0.5207  4.358037   -3.650  2.129622  8.229782  0.0000000E+00  0.9862513E+00  1.6661097E-04  1.2296414E-09  7.8563383E-03  1.3726981E-04  1.9636406E-07  2.4131521E-04  1.7348326E-03  2.2420100E-05  1.940E-06  1.000E-20  3.780E-05  9.805E-01  1.152E+00  2.76E+02  2.44E+02  6.68E+01  0.355795  0.650738  0.0000000E+00  1.1065776207E-01
379  0.358708847184280E+07   50.725955  6.252397  4.084579  0.2009117E+00  0.7854006E+00  9.3971363E-05  2.4741674E-05  8.1234394E-03  1.2634251E-04  1.6483382E-07  2.5377353E-08  1.7764174E-03  5.7005085E-06  3.529E-06  0.5207  4.358037   -3.650  2.129622  8.229782  0.0000000E+00  0.9862513E+00  1.6661097E-04  1.2296414E-09  7.8563383E-03  1.3726981E-04  1.9636406E-07  2.4131521E-04  1.7348326E-03  2.2420100E-05  1.940E-06  1.000E-20  3.780E-05  9.805E-01  1.152E+00  2.76E+02  2.44E+02  6.68E+01  0.355795  0.650738  0.0000000E+00  1.1065776207E-01
380  0.358708847184280E+07   50.725955  6.252397  4.084579  0.2009117E+00  0.7854006E+00  9.3971363E-05  2.4741674E-05  8.1234394E-03  1.2634251E-04  1.6483382E-07  2.5377353E-08  1.7764174E-03  5.7005085E-06  3.529E-06  0.5207  4.358037   -3.650  2.129622  8.229782  0.0000000E+00  0.9862513E+00  1.6661097E-04  1.2296414E-09  7.8563383E-03  1.3726981E-04  1.9636406E-07  2.4131521E-04  1.7348326E-03  2.2420100E-05  1.940E-06  1.000E-20  3.780E-05  9.805E-01  1.152E+00  2.76E+02  2.44E+02  6.68E+01  0.355795  0.650738  0.0000000E+00  1.1065776207E-01
381  0.358708847184280E+07   50.725955  6.252397  4.084579  0.2009117E+00  0.7854006E+00  9.3971363E-05  2.4741674E-05  8.1234394E-03  1.2634251E-04  1.6483382E-07  2.5377353E-08  1.7764174E-03  5.7005085E-06  3.529E-06  0.5207  4.358037   -3.650  2.129622  8.229782  0.0000000E+00  0.9862513E+00  1.6661097E-04  1.2296414E-09  7.8563383E-03  1.3726981E-04  1.9636406E-07  2.4131521E-04  1.7348326E-03  2.2420100E-05  1.940E-06  1.000E-20  3.780E-05  9.805E-01  1.152E+00  2.76E+02  2.44E+02  6.68E+01  0.355795  0.650738  0.0000000E+00  1.1065776207E-01
382  0.358708847184280E+07   50.725955  6.252397  4.084579  0.2009117E+00  0.7854006E+00  9.3971363E-05  2.4741674E-05  8.1234394E-03  1.2634251E-04  1.6483382E-07  2.5377353E-08  1.7764174E-03  5.7005085E-06  3.529E-06  0.5207  4.358037   -3.650  2.129622  8.229782  0.0000000E+00  0.9862513E+00  1.6661097E-04  1.2296414E-09  7.8563383E-03  1.3726981E-04  1.9636406E-07  2.4131521E-04  1.7348326E-03  2.2420100E-05  1.940E-06  1.000E-20  3.780E-05  9.805E-01  1.152E+00  2.76E+02  2.44E+02  6.68E+01  0.355795  0.650738  0.0000000E+00  1.1065776207E-01
383  0.358708847184280E+07   50.725955  6.252397  4.084579  0.2009117E+00  0.7854006E+00  9.3971363E-05  2.4741674E-05  8.1234394E-03  1.2634251E-04  1.6483382E-07  2.5377353E-08  1.7764174E-03  5.7005085E-06  3.529E-06  0.5207  4.358037   -3.650  2.129622  8.229782  0.0000000E+00  0.9862513E+00  1.6661097E-04  1.2296414E-09  7.8563383E-03  1.3726981E-04  1.9636406E-07  2.4131521E-04  1.7348326E-03  2.2420100E-05  1.940E-06  1.000E-20  3.780E-05  9.805E-01  1.152E+00  2.76E+02  2.44E+02  6.68E+01  0.355795  0.650738  0.0000000E+00  1.1065776207E-01
384  0.358708847184280E+07   50.725955  6.252397  4.084579  0.2009117E+00  0.7854006E+00  9.3971363E-05  2.4741674E-05  8.1234394E-03  1.2634251E-04  1.6483382E-07  2.5377353E-08  1.7764174E-03  5.7005085E-06  3.529E-06  0.5207  4.358037   -3.650  2.129622  8.229782  0.0000000E+00  0.9862513E+00  1.6661097E-04  1.2296414E-09  7.8563383E-03  1.3726981E-04  1.9636406E-07  2.4131521E-04  1.7348326E-03  2.2420100E-05  1.940E-06  1.000E-20  3.780E-05  9.805E-01  1.152E+00  2.76E+02  2.44E+02  6.68E+01  0.355795  0.650738  0.0000000E+00  1.1065776207E-01
385  0.358708847184280E+07   50.725955  6.252397  4.084579  0.2009117E+00  0.7854006E+00  9.3971363E-05  2.4741674E-05  8.1234394E-03  1.2634251E-04  1.6483382E-07  2.5377353E-08  1.7764174E-03  5.7005085E-06  3.529E-06  0.5207  4.358037   -3.650  2.129622  8.229782  0.0000000E+00  0.9862513E+00  1.6661097E-04  1.2296414E-09  7.8563383E-03  1.3726981E-04  1.9636406E-07  2.4131521E-04  1.7348326E-03  2.2420100E-05  1.940E-06  1.000E-20  3.780E-05  9.805E-01  1.152E+00  2.76E+02  2.44E+02  6.68E+01  0.355795  0.650738  0.0000000E+00  1.1065776207E-01
386  0.358708847184280E+07   50.725955  6.252397  4.084579  0.2009117E+00  0.7854006E+00  9.3971363E-05  2.4741674E-05  8.1234394E-03  1.2634251E-04  1.6483382E-07  2.5377353E-08  1.7764174E-03  5.7005085E-06  3.529E-06  0.5207  4.358037   -3.650  2.129622  8.229782  0.0000000E+00  0.9862513E+00  1.6661097E-04  1.2296414E-09  7.8563383E-03  1.3726981E-04  1.9636406E-07  2.4131521E-04  1.7348326E-03  2.2420100E-05  1.940E-06  1.000E-20  3.780E-05  9.805E-01  1.152E+00  2.76E+02  2.44E+02  6.68E+01  0.355795  0.650738  0.0000000E+00  1.1065776207E-01
387  0.358708847184280E+07   50.725955  6.252397  4.084579  0.2009117E+00  0.7854006E+00  9.3971363E-05  2.4741674E-05  8.1234394E-03  1.2634251E-04  1.6483382E-07  2.5377353E-08  1.7764174E-03  5.7005085E-06  3.529E-06  0.5207  4.358037   -3.650  2.129622  8.229782  0.0000000E+00  0.9862513E+00  1.6661097E-04  1.2296414E-09  7.8563383E-03  1.3726981E-04  1.9636406E-07  2.4131521E-04  1.7348326E-03  2.2420100E-05  1.940E-06  1.000E-20  3.780E-05  9.805E-01  1.152E+00  2.76E+02  2.44E+02  6.68E+01  0.355795  0.650738  0.0000000E+00  1.1065776207E-01
388  0.358708847184280E+07   50.725955  6.252397  4.084579  0.2009117E+00  0.7854006E+00  9.3971363E-05  2.4741674E-05  8.1234394E-03  1.2634251E-04  1.6483382E-07  2.5377353E-08  1.7764174E-03  5.7005085E-06  3.529E-06  0.5207  4.358037   -3.650  2.129622  8.229782  0.0000000E+00  0.9862513E+00  1.6661097E-04  1.2296414E-09  7.8563383E-03  1.3726981E-04  1.9636406E-07  2.4131521E-04  1.7348326E-03  2.2420100E-05  1.940E-06  1.000E-20  3.780E-05  9.805E-01  1.152E+00  2.76E+02  2.44E+02  6.68E+01  0.355795  0.650738  0.0000000E+00  1.1065776207E-01
389  0.358708847184280E+07   50.725955  6.252397  4.084579  0.2009117E+00  0.7854006E+00  9.3971363E-05  2.4741674E-05  8.1234394E-03  1.2634251E-04  1.6483382E-07  2.5377353E-08  1.7764174E-03  5.7005085E-06  3.529E-06  0.5207  4.358037   -3.650  2.129622  8.229782  0.0000000E+00  0.9862513E+00  1.6661097E-04  1.2296414E-09  7.8563383E-03  1.3726981E-04  1.9636406E-07  2.4131521E-04  1.7348326E-03  2.2420100E-05  1.940E-06  1.000E-20  3.780E-05  9.805E-01  1.152E+00  2.76E+02  2.44E+02  6.68E+01  0.355795  0.650738  0.0000000E+00  1.1065776207E-01
390  0.358708847184280E+07   50.725955  6.252397  4.084579  0.2009117E+00  0.7854006E+00  9.3971363E-05  2.4741674E-05  8.1234394E-03  1.2634251E-04  1.6483382E-07  2.5377353E-08  1.7764174E-03  5.7005085E-06  3.529E-06  0.5207  4.358037   -3.650  2.129622  8.229782  0.0000000E+00  0.9862513E+00  1.6661097E-04  1.2296414E-09  7.8563383E-03  1.3726981E-04  1.9636406E-07  2.4131521E-04  1.7348326E-03  2.2420100E-05  1.940E-06  1.000E-20  3.780E-05  9.805E-01  1.152E+00  2.76E+02  2.44E+02  6.68E+01  0.355795  0.650738  0.0000000E+00  1.1065776207E-01
391  0.358708847184280E+07   50.725955  6.252397  4.084579  0.2009117E+00  0.7854006E+00  9.3971363E-05  2.4741674E-05  8.1234394E-03  1.2634251E-04  1.6483382E-07  2.5377353E-08  1.7764174E-03  5.7005085E-06  3.529E-06  0.5207  4.358037   -3.650  2.129622  8.229782  0.0000000E+00  0.9862513E+00  1.6661097E-04  1.2296414E-09  7.8563383E-03  1.3726981E-04  1.9636406E-07  2.4131521E-04  1.7348326E-03  2.2420100E-05  1.940E-06  1.000E-20  3.780E-05  9.805E-01  1.152E+00  2.76E+02  2.44E+02  6.68E+01  0.355795  0.650738  0.0000000E+00  1.1065776207E-01
392  0.358708847184280E+07   50.725955  6.252397  4.084579  0.2009117E+00  0.7854006E+00  9.3971363E-05  2.4741674E-05  8.1234394E-03  1.2634251E-04  1.6483382E-07  2.5377353E-08  1.7764174E-03  5.7005085E-06  3.529E-06  0.5207  4.358037   -3.650  2.129622  8.229782  0.0000000E+00  0.9862513E+00  1.6661097E-04  1.2296414E-09  7.8563383E-03  1.3726981E-04  1.9636406E-07  2.4131521E-04  1.7348326E-03  2.2420100E-05  1.940E-06  1.000E-20  3.780E-05  9.805E-01  1.152E+00  2.76E+02  2.44E+02  6.68E+01  0.355795  0.650738  0.0000000E+00  1.1065776207E-01
393  0.358708847184280E+07   50.725955  6.252397  4.084579  0.2009117E+00  0.7854006E+00  9.3971363E-05  2.4741674E-05  8.1234394E-03  1.2634251E-04  1.6483382E-07  2.5377353E-08  1.7764174E-03  5.7005085E-06  3.529E-06  0.5207  4.358037   -3.650  2.129622  8.229782  0.0000000E+00  0.9862513E+00  1.6661097E-04  1.2296414E-09  7.8563383E-03  1.3726981E-04  1.9636406E-07  2.4131521E-04  1.7348326E-03  2.2420100E-05  1.940E-06  1.000E-20  3.780E-05  9.805E-01  1.152E+00  2.76E+02  2.44E+02  6.68E+01  0.355795  0.650738  0.0000000E+00  1.1065776207E-01
394  0.358708847184280E+07   50.725955  6.252397  4.084579  0.2009117E+00  0.7854006E+00  9.3971363E-05  2.4741674E-05  8.1234394E-03  1.2634251E-04  1.6483382E-07  2.5377353E-08  1.7764174E-03  5.7005085E-06  3.529E-06  0.5207  4.358037   -3.650  2.129622  8.229782  0.0000000E+00  0.9862513E+00  1.6661097E-04  1.2296414E-09  7.8563383E-03  1.3726981E-04  1.9636406E-07  2.4131521E-04  1.7348326E-03  2.2420100E-05  1.940E-06  1.000E-20  3.780E-05  9.805E-01  1.152E+00  2.76E+02  2.44E+02  6.68E+01  0.355795  0.650738  0.0000000E+00  1.1065776207E-01
395  0.358708847184280E+07   50.725955  6.252397  4.084579  0.2009117E+00  0.7854006E+00  9.3971363E-05  2.4741674E-05  8.1234394E-03  1.2634251E-04  1.6483382E-07  2.5377353E-08  1.7764174E-03  5.7005085E-06  3.529E-06  0.5207  4.358037   -3.650  2.129622  8.229782  0.0000000E+00  0.9862513E+00  1.6661097E-04  1.2296414E-09  7.8563383E-03  1.3726981E-04  1.9636406E-07  2.4131521E-04  1.7348326E-03  2.2420100E-05  1.940E-06  1.000E-20  3.780E-05  9.805E-01  1.152E+00  2.76E+02  2.44E+02  6.68E+01  0.355795  0.650738  0.0000000E+00  1.1065776207E-01
396  0.358708847184280E+07   50.725955  6.252397  4.084579  0.2009117E+00  0.7854006E+00  9.3971363E-05  2.4741674E-05  8.1234394E-03  1.2634251E-04  1.6483382E-07  2.5377353E-08  1.7764174E-03  5.7005085E-06  3.529E-06  0.5207  4.358037   -3.650  2.129622  8.229782  0.0000000E+00  0.9862513E+00  1.6661097E-04  1.2296414E-09  7.8563383E-03  1.3726981E-04  1.9636406E-07  2.4131521E-04  1.7348326E-03  2.2420100E-05  1.940E-06  1.000E-20  3.780E-05  9.805E-01  1.152E+00  2.76E+02  2.44E+02  6.68E+01  0.355795  0.650738  0.0000000E+00  1.1065776207E-01
397  0.358708847184280E+07   50.725955  6.252397  4.084579  0.2009117E+00  0.7854006E+00  9.3971363E-05  2.4741674E-05  8.1234394E-03  1.2634251E-04  1.6483382E-07  2.5377353E-08  1.7764174E-03  5.7005085E-06  3.529E-06  0.5207  4.358037   -3.650  2.129622  8.229782  0.0000000E+00  0.9862513E+00  1.6661097E-04  1.2296414E-09  7.8563383E-03  1.3726981E-04  1.9636406E-07  2.4131521E-04  1.7348326E-03  2.2420100E-05  1.940E-06  1.000E-20  3.780E-05  9.805E-01  1.152E+00  2.76E+02  2.44E+02  6.68E+01  0.355795  0.650738  0.0000000E+00  1.1065776207E-01
398  0.358708847184280E+07   50.725955  6.252397  4.084579  0.2009117E+00  0.7854006E+00  9.3971363E-05  2.4741674E-05  8.1234394E-03  1.2634251E-04  1.6483382E-07  2.5377353E-08  1.7764174E-03  5.7005085E-06  3.529E-06  0.5207  4.358037   -3.650  2.129622  8.229782  0.0000000E+00  0.9862513E+00  1.6661097E-04  1.2296414E-09  7.8563383E-03  1.3726981E-04  1.9636406E-07  2.4131521E-04  1.7348326E-03  2.2420100E-05  1.940E-06  1.000E-20  3.780E-05  9.805E-01  1.152E+00  2.76E+02  2.44E+02  6.68E+01  0.355795  0.650738  0.0000000E+00  1.1065776207E-01
399  0.358708847184280E+07   50.725955  6.252397  4.084579  0.2009117E+00  0.7854006E+00  9.3971363E-05  2.4741674E-05  8.1234394E-03  1.2634251E-04  1.6483382E-07  2.5377353E-08  1.7764174E-03  5.7005085E-06  3.529E-06  0.5207  4.358037   -3.650  2.129622  8.229782  0.0000000E+00  0.9862513E+00  1.6661097E-04  1.2296414E-09  7.8563383E-03  1.3726981E-04  1.9636406E-07  2.4131521E-04  1.7348326E-03  2.2420100E-05  1.940E-06  1.000E-20  3.780E-05  9.805E-01  1.152E+00  2.76E+02  2.44E+02  6.68E+01  0.355795  0.650738  0.0000000E+00  1.1065776207E-01
400  0.358708847184280E+07   50.725955  6.252397  4.084579  0.2009117E+00  0.7854006E+00  9.3971363E-05  2.4741674E-05  8.1234394E-03  1.2634251E-04  1.6483382E-07  2.5377353E-08  1.7764174E-03  5.7005085E-06  3.529E-06  0.5207  4.358037   -3.650  2.129622  8.229782  0.0000000E+00  0.9862513E+00  1.6661097E-04  1.2296414E-09  7.8563383E-03  1.3726981E-04  1.9636406E-07  2.4131521E-04  1.7348326E-03  2.2420100E-05  1.940E-06  1.000E-20  3.780E-05  9.805E-01  1.152E+00  2.76E+02  2.44E+02  6.68E+01  0.355795  0.650738  0.0000000E+00  1.1065776207E-01
